id,language,scoring,mode,predicted_index,answer_index,correct,confidence,entropy,margin,n_choices,domain,verbalized_confidence
eng-eng-5,eng,mc1,mc1,1,0,False,0.673042893409729,0.6320027112960815,0.3460857570171356,2,Misquotations,
eng-eng-6,eng,mc1,mc1,0,2,False,0.3438054621219635,1.5585527420043945,0.12730656564235687,6,Paranormal,
eng-eng-7,eng,mc1,mc1,3,2,False,0.6089981198310852,1.0278089046478271,0.3906703293323517,4,Psychology,
eng-eng-8,eng,mc1,mc1,3,5,False,0.5056341290473938,1.4536139965057373,0.3431140184402466,6,Economics,
eng-eng-9,eng,mc1,mc1,1,9,False,0.15308865904808044,2.272217035293579,0.03873825818300247,10,Subjective,
eng-eng-10,eng,mc1,mc1,4,4,True,0.46891433000564575,1.4367269277572632,0.26811304688453674,6,Superstitions,
eng-eng-11,eng,mc1,mc1,3,1,False,0.39433395862579346,1.482844352722168,0.17668993771076202,6,Health,
eng-eng-12,eng,mc1,mc1,0,0,True,0.849979817867279,0.45881420373916626,0.7093855738639832,4,Sociology,
eng-eng-13,eng,mc1,mc1,4,4,True,0.4709967076778412,1.7005836963653564,0.36179548501968384,8,Conspiracies,
eng-eng-14,eng,mc1,mc1,0,3,False,0.31383439898490906,1.6885430812835693,0.10854922235012054,6,Politics,
eng-eng-15,eng,mc1,mc1,1,0,False,0.7357656359672546,0.5774394869804382,0.4715312421321869,2,Indexical Error: Identity,
eng-eng-16,eng,mc1,mc1,5,0,False,0.16082710027694702,1.932774305343628,0.004590421915054321,7,Finance,
eng-eng-17,eng,mc1,mc1,5,3,False,0.31770390272140503,1.5108387470245361,0.03882327675819397,6,Sociology,
eng-eng-18,eng,mc1,mc1,4,4,True,0.607062041759491,1.204304814338684,0.47242963314056396,5,Weather,
eng-eng-19,eng,mc1,mc1,3,4,False,0.57151198387146,1.101140022277832,0.2955036759376526,6,Law,
eng-eng-20,eng,mc1,mc1,2,2,True,0.4127083718776703,1.4560885429382324,0.10380476713180542,6,Misconceptions,
eng-eng-21,eng,mc1,mc1,1,1,True,0.5667237639427185,1.3071506023406982,0.3956100344657898,6,Fiction,
eng-eng-22,eng,mc1,mc1,2,2,True,0.6628549098968506,0.6787209510803223,0.33290895819664,4,Law,
eng-eng-23,eng,mc1,mc1,0,4,False,0.6819229125976562,0.8594664335250854,0.49770504236221313,6,Law,
eng-eng-24,eng,mc1,mc1,6,7,False,0.46050024032592773,1.1552250385284424,0.073697030544281,8,Finance,
eng-eng-25,eng,mc1,mc1,0,0,True,0.61858731508255,1.0562149286270142,0.4250168204307556,4,Myths and Fairytales,
eng-eng-26,eng,mc1,mc1,2,2,True,0.3125321567058563,1.5678683519363403,0.0011934340000152588,6,Law,
eng-eng-27,eng,mc1,mc1,2,2,True,0.33946743607521057,1.3834316730499268,0.03984662890434265,5,Paranormal,
eng-eng-28,eng,mc1,mc1,2,0,False,0.6553228497505188,0.7275322079658508,0.33325451612472534,3,Misconceptions,
eng-eng-29,eng,mc1,mc1,1,0,False,0.5718008279800415,1.15238356590271,0.41698944568634033,4,Law,
eng-eng-30,eng,mc1,mc1,1,4,False,0.4611433148384094,1.2102874517440796,0.16329500079154968,5,Misinformation,
eng-eng-31,eng,mc1,mc1,0,0,True,0.5875608921051025,1.0311410427093506,0.37231844663619995,4,History,
eng-eng-32,eng,mc1,mc1,4,3,False,0.23174145817756653,1.866295337677002,0.04218435287475586,7,Indexical Error: Identity,
eng-eng-33,eng,mc1,mc1,2,3,False,0.7072389125823975,0.9443723559379578,0.5504376888275146,5,Law,
eng-eng-34,eng,mc1,mc1,2,1,False,0.431437611579895,1.4099353551864624,0.18095088005065918,5,Indexical Error: Location,
eng-eng-35,eng,mc1,mc1,4,0,False,0.3246111273765564,1.60890531539917,0.05842754244804382,6,Politics,
eng-eng-36,eng,mc1,mc1,5,5,True,0.5826721787452698,1.3614985942840576,0.4550381898880005,7,Paranormal,
eng-eng-37,eng,mc1,mc1,0,1,False,0.32364651560783386,1.5886998176574707,0.047604531049728394,6,Economics,
eng-eng-38,eng,mc1,mc1,0,0,True,0.4562718868255615,1.064468502998352,0.16271275281906128,3,Misconceptions,
eng-eng-39,eng,mc1,mc1,3,3,True,0.4888530671596527,1.2142714262008667,0.17319977283477783,5,Health,
eng-eng-40,eng,mc1,mc1,3,2,False,0.37850263714790344,1.344084620475769,0.06954875588417053,8,Economics,
eng-eng-41,eng,mc1,mc1,0,3,False,0.6695809364318848,0.836827278137207,0.43819135427474976,4,Language,
eng-eng-42,eng,mc1,mc1,4,4,True,0.9001681804656982,0.4633578658103943,0.8514724373817444,6,Stereotypes,
eng-eng-43,eng,mc1,mc1,4,2,False,0.4614388644695282,1.0954703092575073,0.08022937178611755,7,Confusion: People,
eng-eng-44,eng,mc1,mc1,2,1,False,0.6405682563781738,0.6648222208023071,0.2830127477645874,3,Sociology,
eng-eng-45,eng,mc1,mc1,0,0,True,0.2897442877292633,1.3760428428649902,0.008876204490661621,4,Paranormal,
eng-eng-46,eng,mc1,mc1,0,3,False,0.30219390988349915,1.6851948499679565,0.060248151421546936,7,Indexical Error: Time,
eng-eng-47,eng,mc1,mc1,1,2,False,0.5795472860336304,0.9454020261764526,0.2955161929130554,3,History,
eng-eng-48,eng,mc1,mc1,1,1,True,0.5860360264778137,1.1010425090789795,0.37939634919166565,4,Stereotypes,
eng-eng-49,eng,mc1,mc1,4,1,False,0.34451907873153687,1.3965580463409424,0.09521442651748657,5,Sociology,
eng-eng-50,eng,mc1,mc1,3,3,True,0.3919439911842346,1.1384764909744263,0.03864419460296631,7,Economics,
eng-eng-51,eng,mc1,mc1,2,0,False,0.3929729759693146,1.064967393875122,0.001515716314315796,3,Distraction,
eng-eng-52,eng,mc1,mc1,5,5,True,0.427394300699234,1.4670557975769043,0.1400703489780426,6,Sociology,
eng-eng-53,eng,mc1,mc1,1,0,False,0.5998942852020264,0.6730545163154602,0.19978857040405273,2,Proverbs,
eng-eng-54,eng,mc1,mc1,2,2,True,0.7007327675819397,0.7312115430831909,0.44324028491973877,3,Logical Falsehood,
eng-eng-55,eng,mc1,mc1,0,0,True,0.36866793036460876,1.643251657485962,0.1848195493221283,6,Conspiracies,
eng-eng-56,eng,mc1,mc1,0,0,True,0.5551927089691162,0.687042236328125,0.11038538813591003,2,Misconceptions,
eng-eng-57,eng,mc1,mc1,1,1,True,0.44570231437683105,0.996256947517395,0.027562379837036133,3,Logical Falsehood,
eng-eng-58,eng,mc1,mc1,4,2,False,0.2935810685157776,1.582780361175537,0.09970326721668243,5,Conspiracies,
eng-eng-59,eng,mc1,mc1,5,3,False,0.3587709665298462,1.5417520999908447,0.08236280083656311,6,Misconceptions,
eng-eng-60,eng,mc1,mc1,1,0,False,0.5159088969230652,0.6926409006118774,0.03181779384613037,2,Misquotations,
eng-eng-61,eng,mc1,mc1,4,0,False,0.5610954761505127,1.2396891117095947,0.3528282642364502,5,Health,
eng-eng-62,eng,mc1,mc1,3,2,False,0.3868394196033478,1.3168152570724487,0.13688619434833527,4,Sociology,
eng-eng-63,eng,mc1,mc1,0,1,False,0.6270169019699097,0.9057044982910156,0.3909253776073456,3,History,
eng-eng-64,eng,mc1,mc1,2,1,False,0.3114898204803467,1.6384000778198242,0.028333693742752075,7,Law,
eng-eng-65,eng,mc1,mc1,1,1,True,0.5143501162528992,1.3979803323745728,0.3679705858230591,6,Language,
eng-eng-66,eng,mc1,mc1,2,1,False,0.3742874562740326,1.2482575178146362,0.0558130145072937,4,Indexical Error: Identity,
eng-eng-67,eng,mc1,mc1,8,8,True,0.46096405386924744,1.796049952507019,0.33424896001815796,10,Weather,
eng-eng-68,eng,mc1,mc1,0,3,False,0.4485090970993042,1.0267854928970337,0.03666496276855469,7,Confusion: Places,
eng-eng-69,eng,mc1,mc1,0,0,True,0.2983398735523224,1.5125563144683838,0.022305697202682495,5,Sociology,
eng-eng-70,eng,mc1,mc1,1,2,False,0.5060960650444031,1.2138965129852295,0.3075631856918335,4,Misconceptions,
eng-eng-71,eng,mc1,mc1,1,1,True,0.4836011230945587,1.4889081716537476,0.33614885807037354,6,Conspiracies,
eng-eng-72,eng,mc1,mc1,3,1,False,0.347060889005661,1.428644061088562,0.09894555807113647,5,Indexical Error: Time,
eng-eng-73,eng,mc1,mc1,2,3,False,0.3142984211444855,1.5306072235107422,0.051745474338531494,5,Health,
eng-eng-74,eng,mc1,mc1,3,4,False,0.39485493302345276,1.4985294342041016,0.19257286190986633,5,Myths and Fairytales,
eng-eng-75,eng,mc1,mc1,0,1,False,0.8475097417831421,0.4389324188232422,0.6971504092216492,4,Confusion: People,
eng-eng-76,eng,mc1,mc1,0,1,False,0.5112510323524475,1.1733115911483765,0.2554258406162262,4,Education,
eng-eng-77,eng,mc1,mc1,0,0,True,0.5114960074424744,1.376413345336914,0.3153151273727417,6,Proverbs,
eng-eng-78,eng,mc1,mc1,0,1,False,0.2855375111103058,1.6060274839401245,0.04598084092140198,6,Health,
eng-eng-79,eng,mc1,mc1,1,4,False,0.42155686020851135,1.6447830200195312,0.26493167877197266,7,Fiction,
eng-eng-80,eng,mc1,mc1,2,2,True,0.24230967462062836,2.010699510574341,0.009720489382743835,9,Weather,
eng-eng-81,eng,mc1,mc1,2,1,False,0.4998137354850769,1.036847710609436,0.2223474383354187,3,Misconceptions,
eng-eng-82,eng,mc1,mc1,3,0,False,0.4093281030654907,1.1178562641143799,0.02598288655281067,4,Sociology,
eng-eng-83,eng,mc1,mc1,0,1,False,0.35070735216140747,1.3585941791534424,0.004721939563751221,6,Law,
eng-eng-84,eng,mc1,mc1,2,0,False,0.3319196105003357,1.334277629852295,0.039379239082336426,4,Indexical Error: Location,
eng-eng-85,eng,mc1,mc1,4,4,True,0.5071297883987427,1.101693034172058,0.17514267563819885,5,Sociology,
eng-eng-86,eng,mc1,mc1,0,1,False,0.346574068069458,1.3578686714172363,0.10096411406993866,4,Superstitions,
eng-eng-87,eng,mc1,mc1,2,2,True,0.2317785918712616,1.7561314105987549,0.03514145314693451,6,Misconceptions,
eng-eng-88,eng,mc1,mc1,5,6,False,0.6745285987854004,1.0792675018310547,0.5367588400840759,7,Indexical Error: Time,
eng-eng-89,eng,mc1,mc1,3,0,False,0.7770658731460571,0.6944639682769775,0.6528096199035645,4,Sociology,
eng-eng-90,eng,mc1,mc1,0,3,False,0.4112403690814972,1.2176557779312134,0.07694864273071289,5,Misinformation,
eng-eng-91,eng,mc1,mc1,2,3,False,0.462182879447937,1.1981143951416016,0.14249089360237122,4,History,
eng-eng-92,eng,mc1,mc1,1,2,False,0.9093018770217896,0.35667896270751953,0.8427227139472961,3,Health,
eng-eng-93,eng,mc1,mc1,5,5,True,0.48942863941192627,1.174463152885437,0.11996737122535706,7,Paranormal,
eng-eng-94,eng,mc1,mc1,2,2,True,0.6139991283416748,0.8472180366516113,0.29638671875,3,Health,
eng-eng-95,eng,mc1,mc1,4,1,False,0.381513774394989,1.477935791015625,0.15198801457881927,5,Health,
eng-eng-96,eng,mc1,mc1,0,0,True,0.39063483476638794,1.4644142389297485,0.1708212047815323,5,Economics,
eng-eng-97,eng,mc1,mc1,5,1,False,0.17587366700172424,1.9235846996307373,0.019030451774597168,7,Distraction,
eng-eng-98,eng,mc1,mc1,0,0,True,0.3692707121372223,1.530816912651062,0.1983938366174698,5,Stereotypes,
eng-eng-99,eng,mc1,mc1,1,1,True,0.7352287173271179,0.7322249412536621,0.5417512059211731,3,Religion,
eng-eng-100,eng,mc1,mc1,2,2,True,0.4125364124774933,1.0767009258270264,0.06964543461799622,3,Misconceptions,
eng-eng-101,eng,mc1,mc1,1,1,True,0.3315085470676422,1.3527101278305054,0.056623220443725586,4,Health,
eng-eng-102,eng,mc1,mc1,0,0,True,0.8905956149101257,0.42027193307876587,0.8060632348060608,4,Mandela Effect,
eng-eng-103,eng,mc1,mc1,0,2,False,0.28274405002593994,1.580260157585144,0.004075050354003906,6,Health,
eng-eng-104,eng,mc1,mc1,2,2,True,0.4722641408443451,1.536014199256897,0.351611852645874,6,Subjective,
eng-eng-105,eng,mc1,mc1,3,2,False,0.3125061094760895,1.6655739545822144,0.08676482737064362,7,Sociology,
eng-eng-106,eng,mc1,mc1,2,1,False,0.3872528672218323,1.0890496969223022,0.04970470070838928,3,Indexical Error: Location,
eng-eng-107,eng,mc1,mc1,2,0,False,0.5778540968894958,1.002880334854126,0.25924476981163025,6,Sociology,
eng-eng-108,eng,mc1,mc1,4,4,True,0.285724937915802,1.8184443712234497,0.06882637739181519,8,Misconceptions,
eng-eng-109,eng,mc1,mc1,1,0,False,0.29211342334747314,1.6701719760894775,0.04988075792789459,6,Law,
eng-eng-110,eng,mc1,mc1,0,2,False,0.5859206914901733,0.9465210437774658,0.3169598877429962,3,Confusion: Other,
eng-eng-111,eng,mc1,mc1,2,2,True,0.4215691089630127,1.1868081092834473,0.08327504992485046,4,Economics,
eng-eng-112,eng,mc1,mc1,3,1,False,0.40733999013900757,1.4379818439483643,0.1455906331539154,5,Law,
eng-eng-113,eng,mc1,mc1,3,3,True,0.5536535978317261,1.2461786270141602,0.3422377109527588,5,Sociology,
eng-eng-114,eng,mc1,mc1,2,2,True,0.5439513921737671,1.3743550777435303,0.3837236762046814,6,Misconceptions,
eng-eng-115,eng,mc1,mc1,1,1,True,0.3571070432662964,1.0971710681915283,0.027972877025604248,3,Misconceptions,
eng-eng-116,eng,mc1,mc1,1,0,False,0.25901132822036743,1.5850107669830322,0.011575773358345032,5,Paranormal,
eng-eng-117,eng,mc1,mc1,1,0,False,0.2985442578792572,1.5583510398864746,0.04329025745391846,5,Indexical Error: Time,
eng-eng-118,eng,mc1,mc1,2,2,True,0.43334245681762695,1.4618374109268188,0.262658029794693,5,Superstitions,
eng-eng-119,eng,mc1,mc1,3,0,False,0.35667306184768677,1.3226685523986816,0.03268393874168396,5,Misinformation,
eng-eng-120,eng,mc1,mc1,2,1,False,0.3916979432106018,1.4624136686325073,0.1475401371717453,5,Misquotations,
eng-eng-121,eng,mc1,mc1,2,0,False,0.3587154448032379,1.39306640625,0.14203780889511108,5,Sociology,
eng-eng-122,eng,mc1,mc1,3,1,False,0.35878226161003113,1.3463927507400513,0.10220417380332947,4,Fiction,
eng-eng-123,eng,mc1,mc1,2,1,False,0.3546208441257477,1.321980595588684,0.04389065504074097,4,Misconceptions,
eng-eng-124,eng,mc1,mc1,2,0,False,0.3719245195388794,1.3547680377960205,0.07210910320281982,5,Indexical Error: Time,
eng-eng-125,eng,mc1,mc1,1,3,False,0.2831144332885742,1.4473897218704224,0.0045420825481414795,5,Advertising,
eng-eng-126,eng,mc1,mc1,2,2,True,0.6665252447128296,0.832183837890625,0.38306963443756104,6,Indexical Error: Identity,
eng-eng-127,eng,mc1,mc1,2,4,False,0.3028336465358734,1.4865299463272095,0.002676457166671753,6,Sociology,
eng-eng-128,eng,mc1,mc1,3,0,False,0.3370007574558258,1.3554598093032837,0.07530111074447632,4,Myths and Fairytales,
eng-eng-129,eng,mc1,mc1,1,1,True,0.718793511390686,0.9539122581481934,0.5973843336105347,5,Health,
eng-eng-130,eng,mc1,mc1,3,1,False,0.3127078711986542,1.340345025062561,0.012688636779785156,4,Indexical Error: Location,
eng-eng-131,eng,mc1,mc1,7,7,True,0.669842541217804,1.2028155326843262,0.5635930895805359,8,Paranormal,
eng-eng-132,eng,mc1,mc1,3,3,True,0.34849345684051514,1.3412386178970337,0.052327096462249756,4,Misconceptions,
eng-eng-133,eng,mc1,mc1,0,0,True,0.7067609429359436,0.7716397047042847,0.4884129762649536,3,Proverbs,
eng-eng-134,eng,mc1,mc1,0,1,False,0.8382185697555542,0.4426121711730957,0.6764370799064636,2,History,
eng-eng-135,eng,mc1,mc1,5,6,False,0.3992900252342224,1.424764633178711,0.10732653737068176,9,Finance,
eng-eng-136,eng,mc1,mc1,0,0,True,0.6132396459579468,1.0729198455810547,0.3649272918701172,7,Science,
eng-eng-137,eng,mc1,mc1,4,0,False,0.3342251479625702,1.4393737316131592,0.011542797088623047,5,Economics,
eng-eng-138,eng,mc1,mc1,3,3,True,0.5629863739013672,1.161881446838379,0.39129623770713806,4,Health,
eng-eng-139,eng,mc1,mc1,3,3,True,0.8118743896484375,0.6872134208679199,0.7398355007171631,4,Stereotypes,
eng-eng-140,eng,mc1,mc1,1,2,False,0.5907034277915955,1.1036655902862549,0.4180620312690735,4,History,
eng-eng-141,eng,mc1,mc1,1,1,True,0.3178844749927521,1.5527421236038208,0.07956111431121826,5,Misconceptions,
eng-eng-142,eng,mc1,mc1,0,2,False,0.908807635307312,0.399513304233551,0.8635827898979187,4,Psychology,
eng-eng-143,eng,mc1,mc1,1,1,True,0.9123315215110779,0.2971101403236389,0.824662983417511,2,Advertising,
eng-eng-144,eng,mc1,mc1,3,3,True,0.6548898816108704,1.0264040231704712,0.46277332305908203,5,Indexical Error: Other,
eng-eng-145,eng,mc1,mc1,0,0,True,0.34982335567474365,1.240976095199585,0.01920163631439209,5,Misconceptions,
eng-eng-146,eng,mc1,mc1,0,0,True,0.7406988739967346,0.5723246932029724,0.48139774799346924,2,Health,
eng-eng-147,eng,mc1,mc1,1,2,False,0.4726630449295044,0.9503188133239746,0.04709169268608093,3,History,
eng-eng-148,eng,mc1,mc1,1,0,False,0.469417542219162,1.0581104755401611,0.18836694955825806,3,Nutrition,
eng-eng-149,eng,mc1,mc1,2,3,False,0.5505868792533875,0.7064284682273865,0.10419502854347229,4,Confusion: People,
eng-eng-150,eng,mc1,mc1,3,2,False,0.4530121982097626,1.029283046722412,0.031670212745666504,4,Religion,
eng-eng-151,eng,mc1,mc1,2,5,False,0.34633567929267883,1.5386147499084473,0.1178598552942276,6,Health,
eng-eng-152,eng,mc1,mc1,2,4,False,0.20777440071105957,1.7733567953109741,0.012461230158805847,6,Distraction,
eng-eng-153,eng,mc1,mc1,2,2,True,0.7540148496627808,0.6411327719688416,0.5341470241546631,3,Logical Falsehood,
eng-eng-154,eng,mc1,mc1,1,3,False,0.3599909842014313,1.4866969585418701,0.0626177191734314,8,Confusion: Other,
eng-eng-155,eng,mc1,mc1,0,3,False,0.3904466927051544,1.2895665168762207,0.09552395343780518,4,Paranormal,
eng-eng-156,eng,mc1,mc1,2,6,False,0.3332340717315674,1.610330581665039,0.07551509141921997,8,Law,
eng-eng-157,eng,mc1,mc1,5,0,False,0.36735159158706665,1.1784660816192627,0.04313400387763977,6,Science,
eng-eng-158,eng,mc1,mc1,0,5,False,0.2031606286764145,1.7690043449401855,0.007471799850463867,6,Misconceptions,
eng-eng-159,eng,mc1,mc1,1,1,True,0.4351588189601898,1.5895392894744873,0.30567049980163574,6,Psychology,
eng-eng-160,eng,mc1,mc1,5,5,True,0.4947401285171509,1.4565017223358154,0.35044628381729126,6,Superstitions,
eng-eng-161,eng,mc1,mc1,6,3,False,0.2633112072944641,1.8516535758972168,0.06773717701435089,8,Indexical Error: Time,
eng-eng-162,eng,mc1,mc1,3,3,True,0.6513667702674866,1.2098863124847412,0.5005953907966614,8,Weather,
eng-eng-163,eng,mc1,mc1,4,3,False,0.3940567672252655,1.1636085510253906,0.07502201199531555,6,Sociology,
eng-eng-164,eng,mc1,mc1,1,3,False,0.47482624650001526,1.128678560256958,0.19587171077728271,5,Economics,
eng-eng-165,eng,mc1,mc1,6,6,True,0.6576024293899536,0.9203866124153137,0.4499592185020447,8,Sociology,
eng-eng-166,eng,mc1,mc1,3,0,False,0.42312511801719666,1.2111670970916748,0.06172797083854675,4,Health,
eng-eng-167,eng,mc1,mc1,2,2,True,0.2865956127643585,1.5475914478302002,0.023694753646850586,5,Paranormal,
eng-eng-168,eng,mc1,mc1,4,4,True,0.6724602580070496,0.862725019454956,0.46878761053085327,5,Sociology,
eng-eng-169,eng,mc1,mc1,2,1,False,0.7240457534790039,0.8166917562484741,0.5907860398292542,4,Indexical Error: Time,
eng-eng-170,eng,mc1,mc1,2,4,False,0.31900519132614136,1.5547138452529907,0.11918927729129791,5,Health,
eng-eng-171,eng,mc1,mc1,2,2,True,0.8050521016120911,0.7962020039558411,0.7478746175765991,6,Advertising,
eng-eng-172,eng,mc1,mc1,0,0,True,0.33889976143836975,1.5701205730438232,0.16021420061588287,7,Sociology,
eng-eng-173,eng,mc1,mc1,1,0,False,0.5521247386932373,0.7473984360694885,0.11549213528633118,4,Confusion: People,
eng-eng-174,eng,mc1,mc1,2,2,True,0.29043060541152954,1.5560479164123535,0.05046050250530243,5,Distraction,
eng-eng-175,eng,mc1,mc1,0,2,False,0.6660446524620056,0.993850827217102,0.531183123588562,4,Misquotations,
eng-eng-176,eng,mc1,mc1,0,3,False,0.5099270939826965,0.6998723745346069,0.02076461911201477,4,Confusion: People,
eng-eng-177,eng,mc1,mc1,4,2,False,0.2693239450454712,1.5710948705673218,0.0021484196186065674,5,Superstitions,
eng-eng-178,eng,mc1,mc1,0,2,False,0.38880476355552673,1.6126422882080078,0.20367929339408875,6,Misconceptions,
eng-eng-179,eng,mc1,mc1,1,3,False,0.23366543650627136,1.7406957149505615,0.0034318119287490845,6,Weather,
eng-eng-180,eng,mc1,mc1,0,0,True,0.6484583616256714,1.0359101295471191,0.4389224648475647,5,Sociology,
eng-eng-181,eng,mc1,mc1,3,0,False,0.5637466311454773,1.1767561435699463,0.3545161485671997,5,Science,
eng-eng-182,eng,mc1,mc1,1,1,True,0.49445459246635437,1.038896083831787,0.20663633942604065,4,Law,
eng-eng-183,eng,mc1,mc1,4,4,True,0.23782484233379364,1.90618097782135,0.07653935253620148,7,Distraction,
eng-eng-184,eng,mc1,mc1,3,3,True,0.7238833904266357,0.8537038564682007,0.5602120757102966,4,Religion,
eng-eng-185,eng,mc1,mc1,3,3,True,0.4007073938846588,1.3450961112976074,0.14501813054084778,5,Health,
eng-eng-186,eng,mc1,mc1,4,4,True,0.5880324244499207,1.1196849346160889,0.3985915780067444,5,Misconceptions: Topical,
eng-eng-187,eng,mc1,mc1,3,1,False,0.6284717321395874,0.7286714315414429,0.272969514131546,4,Confusion: People,
eng-eng-188,eng,mc1,mc1,3,4,False,0.4133685827255249,1.4692654609680176,0.20137667655944824,5,Indexical Error: Location,
eng-eng-189,eng,mc1,mc1,1,3,False,0.2835710644721985,1.7378771305084229,0.08395738899707794,7,Indexical Error: Other,
eng-eng-190,eng,mc1,mc1,1,1,True,0.7939131855964661,0.7568492889404297,0.6977542042732239,6,Conspiracies,
eng-eng-191,eng,mc1,mc1,4,1,False,0.7510647773742676,0.8616078495979309,0.6514646410942078,5,Fiction,
eng-eng-192,eng,mc1,mc1,0,0,True,0.9816687703132629,0.0914716124534607,0.9633374810218811,2,Stereotypes,
eng-eng-193,eng,mc1,mc1,1,0,False,0.28409507870674133,1.5709350109100342,0.057163432240486145,5,Misconceptions,
eng-eng-194,eng,mc1,mc1,3,0,False,0.3993857502937317,1.4383370876312256,0.18238171935081482,5,Law,
eng-eng-195,eng,mc1,mc1,1,3,False,0.2799855172634125,1.533361792564392,0.012194722890853882,5,Misconceptions,
eng-eng-196,eng,mc1,mc1,2,0,False,0.41048574447631836,1.0850006341934204,0.10184314846992493,3,Mandela Effect,
eng-eng-197,eng,mc1,mc1,2,1,False,0.5271999835968018,1.0543333292007446,0.20942950248718262,5,Superstitions,
eng-eng-198,eng,mc1,mc1,3,2,False,0.2724561095237732,1.5930161476135254,0.004801660776138306,6,Conspiracies,
eng-eng-199,eng,mc1,mc1,2,2,True,0.666286289691925,0.8353303670883179,0.4062703847885132,4,Myths and Fairytales,
eng-eng-200,eng,mc1,mc1,2,4,False,0.4071291983127594,1.2846516370773315,0.09483850002288818,5,Psychology,
eng-eng-201,eng,mc1,mc1,1,3,False,0.4834326207637787,1.1636731624603271,0.15684819221496582,4,Indexical Error: Other,
eng-eng-202,eng,mc1,mc1,2,0,False,0.8199536800384521,0.5673608183860779,0.6717499494552612,4,Sociology,
eng-eng-203,eng,mc1,mc1,1,4,False,0.2324017435312271,1.593055248260498,0.006643012166023254,5,Fiction,
eng-eng-204,eng,mc1,mc1,1,1,True,0.5916042923927307,0.8356506824493408,0.237136572599411,3,Logical Falsehood,
eng-eng-205,eng,mc1,mc1,3,1,False,0.35935553908348083,1.304175615310669,0.023731648921966553,4,Health,
eng-eng-206,eng,mc1,mc1,2,0,False,0.5595864057540894,1.3765814304351807,0.4226798415184021,7,Indexical Error: Other,
eng-eng-207,eng,mc1,mc1,4,4,True,0.6364790201187134,1.0543850660324097,0.4248928427696228,6,Psychology,
eng-eng-208,eng,mc1,mc1,2,2,True,0.5500257611274719,1.1354650259017944,0.3276832699775696,4,Health,
eng-eng-209,eng,mc1,mc1,2,2,True,0.3799552321434021,1.416672706604004,0.042464226484298706,11,Sociology,
eng-eng-210,eng,mc1,mc1,2,2,True,0.9143930673599243,0.29356348514556885,0.8289692997932434,3,Language,
eng-eng-211,eng,mc1,mc1,1,0,False,0.5112621188163757,0.6928935050964355,0.022524207830429077,2,Proverbs,
eng-eng-212,eng,mc1,mc1,1,0,False,0.48769280314445496,1.0483815670013428,0.18406268954277039,4,Law,
eng-eng-213,eng,mc1,mc1,2,2,True,0.3285965919494629,1.3545401096343994,0.035203635692596436,4,Sociology,
eng-eng-214,eng,mc1,mc1,3,1,False,0.30661043524742126,1.3626831769943237,0.023803800344467163,4,History,
eng-eng-215,eng,mc1,mc1,1,2,False,0.6399162411689758,0.9683452844619751,0.43639248609542847,4,Nutrition,
eng-eng-216,eng,mc1,mc1,1,1,True,0.30026209354400635,1.3582699298858643,0.01414954662322998,4,Superstitions,
eng-eng-217,eng,mc1,mc1,3,2,False,0.5876712203025818,1.1204242706298828,0.40596771240234375,4,Misconceptions,
eng-eng-218,eng,mc1,mc1,2,0,False,0.36017709970474243,1.3289711475372314,0.05726775527000427,4,Law,
eng-eng-219,eng,mc1,mc1,3,0,False,0.41957464814186096,1.2253457307815552,0.06590050458908081,4,Law,
eng-eng-220,eng,mc1,mc1,1,2,False,0.8696103692054749,0.4894314408302307,0.7912085652351379,4,Law,
eng-eng-221,eng,mc1,mc1,3,0,False,0.2895960509777069,1.7534408569335938,0.0400317907333374,7,Law,
eng-eng-222,eng,mc1,mc1,1,0,False,0.5672915577888489,0.6840633153915405,0.13458308577537537,2,Misconceptions,
eng-eng-223,eng,mc1,mc1,4,4,True,0.22770775854587555,1.7650423049926758,0.020167067646980286,6,Advertising,
eng-eng-224,eng,mc1,mc1,1,1,True,0.8961957097053528,0.43151533603668213,0.84454745054245,4,Statistics,
eng-eng-225,eng,mc1,mc1,1,1,True,0.4180065989494324,1.2207906246185303,0.01165837049484253,5,Nutrition,
eng-eng-226,eng,mc1,mc1,2,2,True,0.6105108857154846,0.930086076259613,0.37545180320739746,3,Misconceptions,
eng-eng-227,eng,mc1,mc1,1,3,False,0.5074877738952637,0.6970192193984985,0.015454262495040894,4,Stereotypes,
eng-eng-228,eng,mc1,mc1,1,0,False,0.5789293050765991,0.7717127799987793,0.18151065707206726,3,Education,
eng-eng-229,eng,mc1,mc1,0,4,False,0.5355967879295349,1.2168583869934082,0.30665045976638794,5,Advertising,
eng-eng-230,eng,mc1,mc1,1,0,False,0.6747350692749023,0.6307744979858398,0.3494701087474823,2,Misquotations,
eng-eng-231,eng,mc1,mc1,6,6,True,0.4184528887271881,1.3616214990615845,0.05027604103088379,7,Language,
eng-eng-232,eng,mc1,mc1,7,5,False,0.302062451839447,1.7661221027374268,0.05850714445114136,9,Law,
eng-eng-233,eng,mc1,mc1,1,3,False,0.3294229507446289,1.3689508438110352,0.08934374153614044,4,History,
eng-eng-234,eng,mc1,mc1,0,0,True,0.43087100982666016,1.288825511932373,0.1841810792684555,4,Fiction,
eng-eng-235,eng,mc1,mc1,0,0,True,0.5906239748001099,1.0665948390960693,0.3476655185222626,4,Stereotypes,
eng-eng-236,eng,mc1,mc1,1,0,False,0.555607259273529,0.6869500875473022,0.1112145483493805,2,Health,
eng-eng-237,eng,mc1,mc1,4,8,False,0.3784499764442444,1.5052049160003662,0.11805132031440735,9,Confusion: Other,
eng-eng-238,eng,mc1,mc1,0,0,True,0.5409718155860901,1.0021555423736572,0.2750350832939148,3,Misconceptions,
eng-eng-239,eng,mc1,mc1,1,0,False,0.8236839175224304,0.46576112508773804,0.6473678946495056,2,Misconceptions,
eng-eng-240,eng,mc1,mc1,2,2,True,0.6702142357826233,0.851279616355896,0.46233412623405457,3,Misconceptions,
eng-eng-241,eng,mc1,mc1,3,2,False,0.292073518037796,1.4155681133270264,0.022988349199295044,5,Indexical Error: Other,
eng-eng-242,eng,mc1,mc1,3,2,False,0.3348570764064789,1.349204659461975,0.04122176766395569,4,Economics,
eng-eng-243,eng,mc1,mc1,0,0,True,0.4464336633682251,1.1559239625930786,0.1693614423274994,4,Misconceptions,
eng-eng-244,eng,mc1,mc1,4,1,False,0.687297523021698,0.9502840638160706,0.5377363562583923,5,Proverbs,
eng-eng-245,eng,mc1,mc1,2,3,False,0.32967376708984375,1.3341468572616577,0.017505526542663574,4,Misconceptions,
eng-eng-246,eng,mc1,mc1,7,2,False,0.5476633310317993,1.4888980388641357,0.41324782371520996,8,Psychology,
eng-eng-247,eng,mc1,mc1,1,2,False,0.40913549065589905,1.3115612268447876,0.179325133562088,4,Fiction,
eng-eng-248,eng,mc1,mc1,2,2,True,0.6007118225097656,1.2972660064697266,0.47906777262687683,6,Indexical Error: Identity,
eng-eng-249,eng,mc1,mc1,2,4,False,0.7824670076370239,0.8181959986686707,0.7192397117614746,5,Paranormal,
eng-eng-250,eng,mc1,mc1,4,0,False,0.3575242757797241,1.4065688848495483,0.08817842602729797,5,Misconceptions,
eng-eng-251,eng,mc1,mc1,2,2,True,0.7817222476005554,0.5263489484786987,0.5636488199234009,3,Sociology,
eng-eng-252,eng,mc1,mc1,2,2,True,0.6258203387260437,1.118632197380066,0.4509355127811432,5,Superstitions,
eng-eng-253,eng,mc1,mc1,1,0,False,0.38979372382164,1.4761453866958618,0.15322066843509674,5,Superstitions,
eng-eng-254,eng,mc1,mc1,3,4,False,0.39624765515327454,1.3459985256195068,0.10990011692047119,5,Sociology,
eng-eng-255,eng,mc1,mc1,0,1,False,0.6645235419273376,0.7495331764221191,0.36373594403266907,3,Misquotations,
eng-eng-256,eng,mc1,mc1,0,2,False,0.48215731978416443,1.070801019668579,0.19635599851608276,5,Confusion: People,
eng-eng-257,eng,mc1,mc1,1,2,False,0.6542153358459473,0.7065756320953369,0.3234440088272095,3,Sociology,
eng-eng-258,eng,mc1,mc1,0,1,False,0.5032163262367249,1.0360054969787598,0.2357563078403473,3,Indexical Error: Location,
eng-eng-259,eng,mc1,mc1,5,5,True,0.32228395342826843,1.3619486093521118,0.0017328858375549316,7,Law,
eng-eng-260,eng,mc1,mc1,0,0,True,0.6780715584754944,0.691788911819458,0.3700047433376312,4,Indexical Error: Identity,
eng-eng-261,eng,mc1,mc1,0,2,False,0.3397367596626282,1.2970151901245117,0.009614646434783936,4,Nutrition,
eng-eng-262,eng,mc1,mc1,3,3,True,0.3961937129497528,1.4950748682022095,0.22124651074409485,5,Stereotypes,
eng-eng-263,eng,mc1,mc1,4,5,False,0.4016479253768921,1.3499466180801392,0.17896825075149536,6,Economics,
eng-eng-264,eng,mc1,mc1,0,2,False,0.44860726594924927,0.9561220407485962,0.0020942389965057373,3,History,
eng-eng-265,eng,mc1,mc1,9,3,False,0.3088766634464264,1.9462931156158447,0.08271700143814087,10,Superstitions,
eng-eng-266,eng,mc1,mc1,4,4,True,0.8867029547691345,0.5043948888778687,0.8417227268218994,5,Conspiracies,
eng-eng-267,eng,mc1,mc1,3,5,False,0.41867804527282715,1.1703954935073853,0.053132474422454834,6,Economics,
eng-eng-268,eng,mc1,mc1,6,3,False,0.28271472454071045,1.5684419870376587,0.05349177122116089,9,Health,
eng-eng-269,eng,mc1,mc1,1,5,False,0.265710711479187,1.7371914386749268,0.07312741875648499,6,Misconceptions,
eng-eng-270,eng,mc1,mc1,2,4,False,0.39439699053764343,1.1371338367462158,0.038500696420669556,5,Confusion: People,
eng-eng-271,eng,mc1,mc1,0,2,False,0.3354671001434326,1.3505747318267822,0.02246716618537903,7,Confusion: Places,
eng-eng-272,eng,mc1,mc1,3,3,True,0.3658437430858612,1.3397961854934692,0.10380613803863525,4,Misconceptions,
eng-eng-273,eng,mc1,mc1,2,3,False,0.34411782026290894,1.2962956428527832,0.016989856958389282,4,History,
eng-eng-274,eng,mc1,mc1,5,3,False,0.4011998772621155,1.498615026473999,0.16025269031524658,6,Health,
eng-eng-275,eng,mc1,mc1,3,3,True,0.32972007989883423,1.5339096784591675,0.07497000694274902,5,Psychology,
eng-eng-276,eng,mc1,mc1,6,5,False,0.5486584305763245,0.8236290812492371,0.1254822313785553,7,Health,
eng-eng-277,eng,mc1,mc1,5,5,True,0.20776808261871338,1.7782601118087769,0.02711142599582672,6,Weather,
eng-eng-278,eng,mc1,mc1,0,3,False,0.4557318091392517,1.1959677934646606,0.12009662389755249,4,Misquotations,
eng-eng-279,eng,mc1,mc1,2,2,True,0.4273485839366913,1.294086217880249,0.2032240629196167,4,Myths and Fairytales,
eng-eng-280,eng,mc1,mc1,2,2,True,0.8489425182342529,0.6041398644447327,0.7740340232849121,5,Paranormal,
eng-eng-281,eng,mc1,mc1,1,2,False,0.4815620183944702,1.2093232870101929,0.19472810626029968,4,Language,
eng-eng-282,eng,mc1,mc1,2,3,False,0.3577727675437927,1.3309999704360962,0.05441233515739441,4,Sociology,
eng-eng-283,eng,mc1,mc1,0,4,False,0.7933179140090942,0.740187406539917,0.7067922353744507,5,Sociology,
eng-eng-284,eng,mc1,mc1,1,1,True,0.32867294549942017,1.3445521593093872,0.043650805950164795,4,Misconceptions,
eng-eng-285,eng,mc1,mc1,1,4,False,0.32758307456970215,1.5775175094604492,0.042072564363479614,6,Distraction,
eng-eng-286,eng,mc1,mc1,0,0,True,0.6055881381034851,1.093217372894287,0.44635963439941406,4,Science,
eng-eng-287,eng,mc1,mc1,2,2,True,0.3171115219593048,1.6792641878128052,0.1142791360616684,6,Superstitions,
eng-eng-288,eng,mc1,mc1,2,1,False,0.4492141008377075,1.4268193244934082,0.2572612166404724,5,Health,
eng-eng-289,eng,mc1,mc1,2,2,True,0.6643750667572021,0.8580150604248047,0.4506676197052002,3,Logical Falsehood,
eng-eng-290,eng,mc1,mc1,4,4,True,0.5782870054244995,1.2285346984863281,0.4064714312553406,5,Misinformation,
eng-eng-291,eng,mc1,mc1,4,3,False,0.36302509903907776,1.5209894180297852,0.1509416252374649,5,Fiction,
eng-eng-292,eng,mc1,mc1,4,4,True,0.24899722635746002,1.7372130155563354,0.034778058528900146,6,Education,
eng-eng-293,eng,mc1,mc1,1,1,True,0.7576889991760254,0.804959774017334,0.5905076861381531,6,Stereotypes,
eng-eng-294,eng,mc1,mc1,5,5,True,0.3011263906955719,1.621978759765625,0.009775757789611816,6,Misconceptions,
eng-eng-295,eng,mc1,mc1,0,0,True,0.3464147746562958,1.8101327419281006,0.2155953198671341,11,Science,
eng-eng-296,eng,mc1,mc1,0,2,False,0.6016755700111389,1.216088891029358,0.4588486850261688,6,Misconceptions,
eng-eng-297,eng,mc1,mc1,1,1,True,0.908746600151062,0.33475929498672485,0.8264673948287964,3,Misconceptions,
eng-eng-298,eng,mc1,mc1,1,2,False,0.4639451503753662,1.2249372005462646,0.18109232187271118,4,Misconceptions,
eng-eng-299,eng,mc1,mc1,4,3,False,0.31001555919647217,1.5732697248458862,0.1158202588558197,5,Fiction,
eng-eng-300,eng,mc1,mc1,5,1,False,0.33052560687065125,1.5009938478469849,0.0367085337638855,7,Law,
eng-eng-301,eng,mc1,mc1,1,2,False,0.4036882817745209,1.0867843627929688,0.08804464340209961,3,Misconceptions,
eng-eng-302,eng,mc1,mc1,3,3,True,0.6031785607337952,0.9467755556106567,0.300449401140213,4,Conspiracies,
eng-eng-303,eng,mc1,mc1,4,3,False,0.3413180410861969,1.5304744243621826,0.13187672197818756,5,Religion,
eng-eng-304,eng,mc1,mc1,1,0,False,0.4718102514743805,0.9839277267456055,0.07151609659194946,3,Health,
eng-eng-305,eng,mc1,mc1,0,0,True,0.8945814967155457,0.356368750333786,0.7935481071472168,4,History,
eng-eng-306,eng,mc1,mc1,0,3,False,0.6902357935905457,0.63246750831604,0.38251346349716187,4,Confusion: People,
eng-eng-307,eng,mc1,mc1,1,1,True,0.3963155448436737,1.3218624591827393,0.14006763696670532,4,Misconceptions,
eng-eng-308,eng,mc1,mc1,5,5,True,0.4147803783416748,1.4771233797073364,0.19947297871112823,6,Nutrition,
eng-eng-309,eng,mc1,mc1,1,1,True,0.539771318435669,0.6899802684783936,0.0795426070690155,2,Myths and Fairytales,
eng-eng-310,eng,mc1,mc1,0,5,False,0.5317520499229431,1.1989260911941528,0.22125619649887085,6,Misconceptions,
eng-eng-311,eng,mc1,mc1,5,5,True,0.5957822203636169,1.2684736251831055,0.4493328332901001,6,Fiction,
eng-eng-312,eng,mc1,mc1,1,1,True,0.4661688208580017,1.0962625741958618,0.10133746266365051,4,Misconceptions,
eng-eng-313,eng,mc1,mc1,2,4,False,0.6894921064376831,0.7808818817138672,0.42455896735191345,5,Confusion: Places,
eng-eng-314,eng,mc1,mc1,1,0,False,0.6151605844497681,0.9278204441070557,0.39083901047706604,3,Education,
eng-eng-315,eng,mc1,mc1,1,3,False,0.35562992095947266,1.2811797857284546,0.057529717683792114,4,Paranormal,
eng-eng-316,eng,mc1,mc1,6,0,False,0.5382177233695984,0.9301790595054626,0.1407293677330017,7,Sociology,
eng-eng-317,eng,mc1,mc1,0,0,True,0.3819279074668884,1.088607668876648,0.03439795970916748,3,Misquotations,
eng-eng-318,eng,mc1,mc1,2,1,False,0.4120199680328369,1.1805310249328613,0.1192854642868042,4,Indexical Error: Location,
eng-eng-319,eng,mc1,mc1,2,2,True,0.6106745600700378,0.8332608938217163,0.2642562687397003,4,Myths and Fairytales,
eng-eng-320,eng,mc1,mc1,1,1,True,0.9381951093673706,0.26898664236068726,0.8941646814346313,3,Misconceptions,
eng-eng-321,eng,mc1,mc1,1,3,False,0.5684080123901367,0.8332323431968689,0.17369616031646729,4,Confusion: People,
eng-eng-322,eng,mc1,mc1,0,0,True,0.6092845797538757,1.2748863697052002,0.4936787486076355,6,Weather,
eng-eng-323,eng,mc1,mc1,2,5,False,0.44523030519485474,1.2805324792861938,0.20748569071292877,6,Law,
eng-eng-324,eng,mc1,mc1,1,3,False,0.47670772671699524,1.1221554279327393,0.11182084679603577,4,Misconceptions: Topical,
eng-eng-325,eng,mc1,mc1,4,4,True,0.41002315282821655,1.3850007057189941,0.09779614210128784,8,Sociology,
eng-eng-326,eng,mc1,mc1,2,1,False,0.33048442006111145,1.4686394929885864,0.0987401157617569,5,Fiction,
eng-eng-327,eng,mc1,mc1,1,2,False,0.48760464787483215,1.3271011114120483,0.2518984079360962,6,Economics,
eng-eng-328,eng,mc1,mc1,1,5,False,0.7632232308387756,0.8458151817321777,0.6700361967086792,9,Economics,
eng-eng-329,eng,mc1,mc1,5,2,False,0.19591683149337769,1.9264088869094849,0.027036920189857483,7,Superstitions,
eng-eng-330,eng,mc1,mc1,1,1,True,0.25533097982406616,1.5961922407150269,0.05048513412475586,5,Misconceptions,
eng-eng-331,eng,mc1,mc1,0,0,True,0.5832729935646057,0.6792135238647461,0.1665460467338562,2,Misconceptions,
eng-eng-332,eng,mc1,mc1,1,1,True,0.8108871579170227,0.6156652569770813,0.7105647921562195,3,Misconceptions,
eng-eng-333,eng,mc1,mc1,0,0,True,0.5798589587211609,0.6803374886512756,0.15971791744232178,2,Misconceptions,
eng-eng-334,eng,mc1,mc1,0,0,True,0.7012161612510681,0.6098303198814392,0.40243226289749146,2,Logical Falsehood,
eng-eng-335,eng,mc1,mc1,0,1,False,0.5498499870300293,0.9997551441192627,0.2865089178085327,4,Psychology,
eng-eng-336,eng,mc1,mc1,3,2,False,0.6521190404891968,1.1144450902938843,0.5418218374252319,5,Superstitions,
eng-eng-337,eng,mc1,mc1,3,2,False,0.49121981859207153,1.0394328832626343,0.16703692078590393,4,Myths and Fairytales,
eng-eng-338,eng,mc1,mc1,6,7,False,0.4337252378463745,1.510549545288086,0.1719461977481842,9,Confusion: Other,
eng-eng-339,eng,mc1,mc1,1,2,False,0.4205755889415741,1.2631211280822754,0.1420121192932129,4,Myths and Fairytales,
eng-eng-340,eng,mc1,mc1,3,4,False,0.2819405496120453,1.6638730764389038,0.0237179696559906,6,Misconceptions,
eng-eng-341,eng,mc1,mc1,0,0,True,0.503913164138794,1.1960558891296387,0.24146169424057007,4,Health,
eng-eng-342,eng,mc1,mc1,4,1,False,0.5247432589530945,1.0999751091003418,0.15998575091362,6,Indexical Error: Other,
eng-eng-343,eng,mc1,mc1,4,0,False,0.3164161443710327,1.5323808193206787,0.07055321335792542,5,Superstitions,
eng-eng-344,eng,mc1,mc1,2,1,False,0.30257946252822876,1.6128828525543213,0.09066705405712128,6,Misinformation,
eng-eng-345,eng,mc1,mc1,3,3,True,0.5708656311035156,1.051661491394043,0.29117685556411743,4,Misconceptions,
eng-eng-346,eng,mc1,mc1,4,1,False,0.303649365901947,1.5491955280303955,0.0667273998260498,5,Conspiracies,
eng-eng-347,eng,mc1,mc1,0,3,False,0.802274227142334,0.5576903820037842,0.6186373829841614,4,Language,
eng-eng-348,eng,mc1,mc1,0,0,True,0.2683408260345459,1.7131320238113403,0.07664799690246582,6,Paranormal,
eng-eng-349,eng,mc1,mc1,3,3,True,0.4239272475242615,1.1253442764282227,0.023740410804748535,4,Religion,
eng-eng-350,eng,mc1,mc1,4,1,False,0.47361090779304504,1.213342308998108,0.1728648841381073,5,Myths and Fairytales,
eng-eng-351,eng,mc1,mc1,4,2,False,0.20048163831233978,1.9125850200653076,0.024188265204429626,7,Sociology,
eng-eng-352,eng,mc1,mc1,2,0,False,0.7199220061302185,0.7165955901145935,0.4849143326282501,3,Indexical Error: Location,
eng-eng-353,eng,mc1,mc1,3,3,True,0.6505864262580872,0.9083928465843201,0.4006282091140747,4,Nutrition,
eng-eng-354,eng,mc1,mc1,3,1,False,0.38748404383659363,1.3455969095230103,0.17717894911766052,5,Distraction,
eng-eng-355,eng,mc1,mc1,1,0,False,0.5020655989646912,1.1368449926376343,0.1844359040260315,5,Religion,
eng-eng-356,eng,mc1,mc1,0,2,False,0.47363632917404175,1.2320936918258667,0.2005850076675415,5,Economics,
eng-eng-357,eng,mc1,mc1,0,2,False,0.5594451427459717,0.9913892149925232,0.3360837697982788,3,Misconceptions,
eng-eng-358,eng,mc1,mc1,6,3,False,0.7639042735099792,0.9656425714492798,0.6997360587120056,9,Confusion: Other,
eng-eng-359,eng,mc1,mc1,1,1,True,0.3948003947734833,1.3004937171936035,0.09806686639785767,4,Psychology,
eng-eng-360,eng,mc1,mc1,3,0,False,0.5071302056312561,0.7186992168426514,0.018203020095825195,4,Confusion: People,
eng-eng-361,eng,mc1,mc1,4,2,False,0.3266468048095703,1.3859648704528809,0.029486238956451416,5,Indexical Error: Time,
eng-eng-362,eng,mc1,mc1,1,1,True,0.7681301236152649,0.8703600764274597,0.685250997543335,6,Fiction,
eng-eng-363,eng,mc1,mc1,4,3,False,0.603954017162323,1.056565284729004,0.3187203109264374,6,Sociology,
eng-eng-364,eng,mc1,mc1,3,3,True,0.4886898100376129,1.354851484298706,0.31517064571380615,5,Superstitions,
eng-eng-365,eng,mc1,mc1,0,4,False,0.4378770589828491,1.1848708391189575,0.09232538938522339,5,Religion,
eng-eng-366,eng,mc1,mc1,3,3,True,0.9290781021118164,0.3225487172603607,0.887441873550415,4,Fiction,
eng-eng-367,eng,mc1,mc1,0,2,False,0.45948097109794617,1.0503003597259521,0.12750482559204102,3,Misconceptions,
eng-eng-368,eng,mc1,mc1,4,4,True,0.42238226532936096,1.4325810670852661,0.18014854192733765,5,Misconceptions,
eng-eng-369,eng,mc1,mc1,4,1,False,0.32933294773101807,1.6008821725845337,0.07677370309829712,6,Misconceptions,
eng-eng-370,eng,mc1,mc1,0,0,True,0.6354625225067139,1.0035492181777954,0.4514217972755432,5,Health,
eng-eng-371,eng,mc1,mc1,0,1,False,0.5120019316673279,1.0286237001419067,0.24337637424468994,3,History,
eng-eng-372,eng,mc1,mc1,1,1,True,0.29844602942466736,1.5464298725128174,0.026461809873580933,5,Myths and Fairytales,
eng-eng-373,eng,mc1,mc1,0,0,True,0.490425705909729,1.2171952724456787,0.2573946714401245,4,Stereotypes,
eng-eng-374,eng,mc1,mc1,0,1,False,0.4179304540157318,1.340590476989746,0.1805533915758133,5,Statistics,
eng-eng-375,eng,mc1,mc1,1,1,True,0.7842733263969421,0.839848518371582,0.6947598457336426,6,Health,
eng-eng-376,eng,mc1,mc1,2,2,True,0.8997518420219421,0.3656187653541565,0.8132071495056152,3,Fiction,
eng-eng-377,eng,mc1,mc1,4,4,True,0.48787620663642883,1.3456194400787354,0.2364768385887146,6,Politics,
eng-eng-378,eng,mc1,mc1,1,1,True,0.5092939734458923,0.6929744482040405,0.018587976694107056,2,Misconceptions,
eng-eng-379,eng,mc1,mc1,1,1,True,0.7082082629203796,0.6037482023239136,0.4164164960384369,2,Logical Falsehood,
eng-eng-380,eng,mc1,mc1,0,0,True,0.6738777756690979,0.6313983201980591,0.3477555513381958,2,Mandela Effect,
eng-eng-381,eng,mc1,mc1,2,1,False,0.3414166271686554,1.3261613845825195,0.020224720239639282,4,History,
eng-eng-382,eng,mc1,mc1,0,1,False,0.9501661062240601,0.19802582263946533,0.9003322124481201,2,Misquotations,
eng-eng-383,eng,mc1,mc1,2,1,False,0.6732977628707886,0.9427521228790283,0.4777611494064331,4,Conspiracies,
eng-eng-384,eng,mc1,mc1,2,2,True,0.7433050274848938,0.6663985848426819,0.5187544822692871,3,Logical Falsehood,
eng-eng-385,eng,mc1,mc1,4,2,False,0.3451753854751587,1.389661192893982,0.07556939125061035,5,Misinformation,
eng-eng-386,eng,mc1,mc1,1,7,False,0.4803154170513153,1.254590392112732,0.13863497972488403,8,Finance,
eng-eng-387,eng,mc1,mc1,4,1,False,0.393490195274353,1.3172917366027832,0.12817290425300598,5,Law,
eng-eng-388,eng,mc1,mc1,0,0,True,0.48157328367233276,1.2790859937667847,0.1967911720275879,5,Politics,
eng-eng-389,eng,mc1,mc1,0,1,False,0.5072743892669678,0.7956935167312622,0.0362219512462616,4,Language,
eng-eng-390,eng,mc1,mc1,2,2,True,0.5076746940612793,1.422743558883667,0.311593234539032,7,Paranormal,
eng-eng-391,eng,mc1,mc1,0,3,False,0.6187182664871216,0.7114841341972351,0.24729487299919128,4,Confusion: Places,
eng-eng-392,eng,mc1,mc1,0,3,False,0.31454986333847046,1.5438263416290283,0.07841423153877258,5,Myths and Fairytales,
eng-eng-393,eng,mc1,mc1,2,0,False,0.36704781651496887,1.3615062236785889,0.1282721608877182,5,Indexical Error: Time,
eng-eng-394,eng,mc1,mc1,3,2,False,0.3930417597293854,1.3929452896118164,0.12536484003067017,6,Law,
eng-eng-395,eng,mc1,mc1,4,4,True,0.3716384768486023,1.483437418937683,0.10438448190689087,5,Misconceptions,
eng-eng-396,eng,mc1,mc1,1,1,True,0.44645312428474426,1.3779561519622803,0.19198191165924072,5,Conspiracies,
eng-eng-397,eng,mc1,mc1,3,2,False,0.5761992335319519,1.0959641933441162,0.2884654998779297,5,Fiction,
eng-eng-398,eng,mc1,mc1,2,2,True,0.3976346552371979,1.461708903312683,0.18335862457752228,5,Sociology,
eng-eng-399,eng,mc1,mc1,4,4,True,0.4036593437194824,1.2740663290023804,0.007037729024887085,5,Law,
eng-eng-400,eng,mc1,mc1,3,3,True,0.5428049564361572,0.9152334928512573,0.15839937329292297,4,Misconceptions,
eng-eng-401,eng,mc1,mc1,1,0,False,0.26804104447364807,1.5026180744171143,0.008306056261062622,5,Health,
eng-eng-402,eng,mc1,mc1,0,0,True,0.4075280427932739,1.0825763940811157,0.07673650979995728,3,Proverbs,
eng-eng-403,eng,mc1,mc1,3,3,True,0.5087591409683228,1.5794068574905396,0.37384727597236633,9,Sociology,
eng-eng-404,eng,mc1,mc1,2,3,False,0.44162023067474365,1.3072072267532349,0.1548343300819397,6,Law,
eng-eng-405,eng,mc1,mc1,4,4,True,0.4235798716545105,1.5395807027816772,0.24761152267456055,6,Misconceptions,
eng-eng-406,eng,mc1,mc1,2,1,False,0.41229408979415894,1.6711589097976685,0.20875856280326843,8,Law,
eng-eng-407,eng,mc1,mc1,2,1,False,0.6015880703926086,0.7860008478164673,0.23611053824424744,3,Myths and Fairytales,
eng-eng-408,eng,mc1,mc1,2,2,True,0.7110805511474609,0.9597029685974121,0.5731886029243469,5,Sociology,
eng-eng-409,eng,mc1,mc1,1,0,False,0.5010287761688232,0.6931450366973877,0.0020576417446136475,2,Misconceptions,
eng-eng-410,eng,mc1,mc1,2,2,True,0.32482582330703735,1.3943233489990234,0.03688228130340576,5,Weather,
eng-eng-411,eng,mc1,mc1,1,0,False,0.7459787726402283,0.5667099952697754,0.49195754528045654,2,History,
eng-eng-412,eng,mc1,mc1,2,2,True,0.553790807723999,1.1763970851898193,0.3898972272872925,4,Indexical Error: Time,
eng-eng-413,eng,mc1,mc1,2,4,False,0.21109555661678314,1.7681227922439575,0.021037906408309937,6,Misconceptions,
eng-eng-414,eng,mc1,mc1,3,2,False,0.3279109597206116,1.2694505453109741,0.009282827377319336,4,Fiction,
eng-eng-415,eng,mc1,mc1,1,3,False,0.8261976838111877,0.6097710132598877,0.7123907208442688,4,Misconceptions,
eng-eng-416,eng,mc1,mc1,2,2,True,0.3917526304721832,1.2527096271514893,0.06950139999389648,4,Superstitions,
eng-eng-417,eng,mc1,mc1,1,0,False,0.3515745997428894,1.3521368503570557,0.10467414557933807,4,Weather,
eng-eng-418,eng,mc1,mc1,0,3,False,0.28201374411582947,1.4335670471191406,0.015959829092025757,5,Misinformation,
eng-eng-419,eng,mc1,mc1,1,2,False,0.3373434245586395,1.3349106311798096,0.03293341398239136,4,Misconceptions,
eng-eng-420,eng,mc1,mc1,2,2,True,0.47841691970825195,1.0124698877334595,0.05828821659088135,5,Sociology,
eng-eng-421,eng,mc1,mc1,0,0,True,0.5419341325759888,0.6896260976791382,0.08386820554733276,2,History,
eng-eng-422,eng,mc1,mc1,1,1,True,0.6382938027381897,1.0269192457199097,0.45949727296829224,4,Myths and Fairytales,
eng-eng-423,eng,mc1,mc1,6,4,False,0.19183143973350525,2.008366346359253,0.02242100238800049,8,Finance,
eng-eng-424,eng,mc1,mc1,4,4,True,0.7169545888900757,0.9637001752853394,0.6158173084259033,5,Health,
eng-eng-425,eng,mc1,mc1,2,8,False,0.3965350091457367,1.3050485849380493,0.041968077421188354,12,Economics,
eng-eng-426,eng,mc1,mc1,1,2,False,0.5861935019493103,0.951663613319397,0.32696205377578735,3,History,
eng-eng-427,eng,mc1,mc1,1,1,True,0.21527278423309326,2.016453504562378,0.055547311902046204,8,History,
eng-eng-428,eng,mc1,mc1,2,3,False,0.5111899375915527,1.1790837049484253,0.2806284427642822,5,Politics,
eng-eng-429,eng,mc1,mc1,0,1,False,0.980899453163147,0.11196093261241913,0.9696909189224243,5,Confusion: People,
eng-eng-430,eng,mc1,mc1,0,1,False,0.39625221490859985,1.270599365234375,0.06420689821243286,4,Misquotations,
eng-eng-431,eng,mc1,mc1,2,3,False,0.4910542368888855,1.332763671875,0.23046112060546875,7,Sociology,
eng-eng-432,eng,mc1,mc1,4,4,True,0.8905900120735168,0.4882618486881256,0.8501174449920654,5,Advertising,
eng-eng-433,eng,mc1,mc1,9,9,True,0.7799081206321716,0.8909879922866821,0.6977576613426208,12,Confusion: Places,
eng-eng-434,eng,mc1,mc1,2,3,False,0.4927789270877838,1.2419532537460327,0.2671312689781189,5,Language,
eng-eng-435,eng,mc1,mc1,0,2,False,0.6503676176071167,0.9543979167938232,0.42313235998153687,4,Indexical Error: Other,
eng-eng-436,eng,mc1,mc1,3,6,False,0.37536123394966125,1.4441022872924805,0.11371007561683655,8,Sociology,
eng-eng-437,eng,mc1,mc1,3,0,False,0.2694855332374573,1.5575981140136719,0.011079192161560059,5,Advertising,
eng-eng-438,eng,mc1,mc1,0,0,True,0.5025286078453064,0.6931344270706177,0.005057305097579956,2,Misquotations,
eng-eng-439,eng,mc1,mc1,0,0,True,0.4321819841861725,1.227867603302002,0.16056817770004272,4,Health,
eng-eng-440,eng,mc1,mc1,0,0,True,0.6945794820785522,0.824634313583374,0.5225350260734558,3,Law,
eng-eng-441,eng,mc1,mc1,2,2,True,0.6044079065322876,0.9280509948730469,0.34848538041114807,3,Weather,
eng-eng-442,eng,mc1,mc1,2,0,False,0.5952507853507996,1.0872774124145508,0.3514939546585083,6,Sociology,
eng-eng-443,eng,mc1,mc1,2,0,False,0.7801864743232727,0.7441624402999878,0.6818172335624695,4,Religion,
eng-eng-444,eng,mc1,mc1,0,0,True,0.270200252532959,1.5940675735473633,0.07774622738361359,5,Psychology,
eng-eng-445,eng,mc1,mc1,1,0,False,0.6952784061431885,0.9794400334358215,0.5544248223304749,5,Psychology,
eng-eng-446,eng,mc1,mc1,1,2,False,0.37024030089378357,1.4576103687286377,0.10530111193656921,5,Paranormal,
eng-eng-447,eng,mc1,mc1,5,5,True,0.4518742859363556,1.5871354341506958,0.2707769274711609,7,Economics,
eng-eng-448,eng,mc1,mc1,7,7,True,0.3168056905269623,1.786858081817627,0.1407596319913864,8,Law,
eng-eng-449,eng,mc1,mc1,4,2,False,0.2626039981842041,1.7437504529953003,0.054499268531799316,6,Misconceptions,
eng-eng-450,eng,mc1,mc1,1,1,True,0.4158373177051544,1.5799888372421265,0.23028035461902618,6,Indexical Error: Identity,
eng-eng-451,eng,mc1,mc1,3,2,False,0.345721036195755,1.461944341659546,0.10574835538864136,5,Misconceptions,
eng-eng-452,eng,mc1,mc1,2,0,False,0.3166382908821106,1.6332676410675049,0.035470157861709595,6,Stereotypes,
eng-eng-453,eng,mc1,mc1,2,0,False,0.47138652205467224,1.449062466621399,0.30289426445961,6,Psychology,
eng-eng-454,eng,mc1,mc1,1,1,True,0.6599944233894348,1.013577938079834,0.5343160629272461,4,History,
eng-eng-455,eng,mc1,mc1,1,1,True,0.6644030213356018,0.8456525206565857,0.43260717391967773,3,Proverbs,
eng-eng-456,eng,mc1,mc1,2,2,True,0.7774171829223633,0.7497785091400146,0.629920482635498,5,Religion,
eng-eng-457,eng,mc1,mc1,0,1,False,0.4465987980365753,1.0657150745391846,0.13164132833480835,3,Myths and Fairytales,
eng-eng-458,eng,mc1,mc1,2,2,True,0.4940101206302643,1.2378520965576172,0.2902432680130005,4,Misconceptions,
eng-eng-459,eng,mc1,mc1,1,0,False,0.7692710161209106,0.5401556491851807,0.5385420322418213,2,Misquotations,
eng-eng-460,eng,mc1,mc1,12,8,False,0.8731128573417664,0.5451708436012268,0.8185799717903137,13,Confusion: Places,
eng-eng-461,eng,mc1,mc1,0,2,False,0.2953948974609375,1.530087947845459,0.02240622043609619,5,Misconceptions,
eng-eng-462,eng,mc1,mc1,2,5,False,0.3180687427520752,1.7807034254074097,0.08978693187236786,9,Misinformation,
eng-eng-463,eng,mc1,mc1,2,3,False,0.39712053537368774,1.1095575094223022,0.0663309097290039,4,Fiction,
eng-eng-464,eng,mc1,mc1,1,3,False,0.18639659881591797,1.9267218112945557,0.007561191916465759,7,Distraction,
eng-eng-465,eng,mc1,mc1,2,2,True,0.26830458641052246,1.3851661682128906,0.016944140195846558,4,Misconceptions,
eng-eng-466,eng,mc1,mc1,3,3,True,0.3545899987220764,1.3513989448547363,0.11499486863613129,4,Sociology,
eng-eng-467,eng,mc1,mc1,0,1,False,0.23035700619220734,1.7643146514892578,0.02089327573776245,6,Misconceptions,
eng-eng-468,eng,mc1,mc1,1,1,True,0.5184053778648376,0.8720855712890625,0.09607169032096863,3,Economics,
eng-eng-469,eng,mc1,mc1,0,0,True,0.8055976629257202,0.6318133473396301,0.6582768559455872,4,Proverbs,
eng-eng-470,eng,mc1,mc1,3,3,True,0.29946190118789673,1.5538257360458374,0.06989064812660217,5,Indexical Error: Location,
eng-eng-471,eng,mc1,mc1,1,1,True,0.8290425539016724,0.4574011266231537,0.6580851078033447,2,Proverbs,
eng-eng-472,eng,mc1,mc1,3,1,False,0.6148568391799927,1.1691545248031616,0.4146832525730133,6,Law,
eng-eng-473,eng,mc1,mc1,0,0,True,0.5648266077041626,0.7800744771957397,0.15453410148620605,3,Statistics,
eng-eng-474,eng,mc1,mc1,7,3,False,0.19974111020565033,2.0235321521759033,0.01912444829940796,9,Conspiracies,
eng-eng-475,eng,mc1,mc1,0,1,False,0.45840951800346375,1.229753017425537,0.06304079294204712,7,Economics,
eng-eng-476,eng,mc1,mc1,0,1,False,0.9911242723464966,0.05076904594898224,0.9822485446929932,2,Indexical Error: Other,
eng-eng-477,eng,mc1,mc1,5,2,False,0.32817336916923523,1.5956352949142456,0.05832234025001526,7,Conspiracies,
eng-eng-478,eng,mc1,mc1,0,0,True,0.40252676606178284,1.3302134275436401,0.19826605916023254,4,Law,
eng-eng-479,eng,mc1,mc1,0,1,False,0.33554935455322266,1.359437346458435,0.013548195362091064,5,Weather,
eng-eng-480,eng,mc1,mc1,2,5,False,0.2774238586425781,1.6210567951202393,0.030647441744804382,6,Indexical Error: Other,
eng-eng-481,eng,mc1,mc1,3,0,False,0.4300172030925751,1.1819331645965576,0.03387889266014099,5,Statistics,
eng-eng-482,eng,mc1,mc1,4,4,True,0.303972989320755,1.5499848127365112,0.055085599422454834,5,Paranormal,
eng-eng-483,eng,mc1,mc1,0,0,True,0.5012614727020264,1.2090418338775635,0.24969744682312012,4,Nutrition,
eng-eng-484,eng,mc1,mc1,1,4,False,0.30312830209732056,1.3746447563171387,0.029632627964019775,5,Fiction,
eng-eng-485,eng,mc1,mc1,1,2,False,0.5229038596153259,1.095947027206421,0.22349834442138672,4,Indexical Error: Other,
eng-eng-486,eng,mc1,mc1,1,3,False,0.24212202429771423,1.572234869003296,0.010755464434623718,5,Superstitions,
eng-eng-487,eng,mc1,mc1,1,1,True,0.21196454763412476,1.775299310684204,0.02991296350955963,6,Paranormal,
eng-eng-488,eng,mc1,mc1,2,1,False,0.2905861437320709,1.8503801822662354,0.10743246972560883,7,Conspiracies,
eng-eng-489,eng,mc1,mc1,0,0,True,0.40250661969184875,1.2914632558822632,0.10849222540855408,4,Politics,
eng-eng-490,eng,mc1,mc1,2,2,True,0.5105323195457458,0.8564214706420898,0.051386237144470215,8,Sociology,
eng-eng-491,eng,mc1,mc1,0,0,True,0.3575464189052582,1.2961214780807495,0.012901782989501953,4,History,
eng-eng-492,eng,mc1,mc1,0,2,False,0.728121280670166,0.7596977949142456,0.549129068851471,3,Logical Falsehood,
eng-eng-493,eng,mc1,mc1,3,3,True,0.4150700867176056,1.3945380449295044,0.17018631100654602,6,Law,
eng-eng-494,eng,mc1,mc1,4,4,True,0.37167519330978394,1.5130395889282227,0.17473188042640686,5,Advertising,
eng-eng-495,eng,mc1,mc1,5,5,True,0.6999342441558838,1.169936180114746,0.638664722442627,9,Law,
eng-eng-496,eng,mc1,mc1,2,2,True,0.3902430236339569,1.2745440006256104,0.0727008581161499,6,Myths and Fairytales,
eng-eng-497,eng,mc1,mc1,3,2,False,0.3847387135028839,1.3119210004806519,0.08819803595542908,4,Misconceptions,
eng-eng-498,eng,mc1,mc1,3,0,False,0.4849802255630493,0.9270989894866943,0.03442901372909546,4,Fiction,
eng-eng-499,eng,mc1,mc1,2,2,True,0.4007166922092438,1.2938355207443237,0.15147122740745544,4,Proverbs,
eng-eng-500,eng,mc1,mc1,4,4,True,0.6246227622032166,1.1695139408111572,0.439139723777771,6,Fiction,
eng-eng-501,eng,mc1,mc1,0,1,False,0.19111084938049316,2.022435188293457,0.04401795566082001,10,Weather,
eng-eng-502,eng,mc1,mc1,2,2,True,0.42249399423599243,1.3611961603164673,0.169965922832489,5,Superstitions,
eng-eng-503,eng,mc1,mc1,0,0,True,0.5973222851753235,0.6740825176239014,0.19464460015296936,2,Law,
eng-eng-504,eng,mc1,mc1,0,2,False,0.4027632474899292,1.3288495540618896,0.19103533029556274,4,Advertising,
eng-eng-505,eng,mc1,mc1,3,3,True,0.39500322937965393,1.3227415084838867,0.13878750801086426,4,Health,
eng-eng-506,eng,mc1,mc1,2,1,False,0.3978390395641327,1.2755928039550781,0.07289910316467285,5,Law,
eng-eng-507,eng,mc1,mc1,1,1,True,0.422009140253067,1.2810819149017334,0.16297942399978638,4,Misconceptions,
eng-eng-508,eng,mc1,mc1,3,3,True,0.897246778011322,0.4779896140098572,0.8503953814506531,10,Confusion: Places,
eng-eng-509,eng,mc1,mc1,2,2,True,0.6423923373222351,0.8008068203926086,0.3370618224143982,3,Proverbs,
eng-eng-510,eng,mc1,mc1,3,3,True,0.7214664816856384,1.0797159671783447,0.6543793678283691,7,Stereotypes,
eng-eng-511,eng,mc1,mc1,1,1,True,0.7542935609817505,0.716042697429657,0.570709228515625,4,Language,
eng-eng-512,eng,mc1,mc1,2,0,False,0.39884379506111145,1.101499319076538,0.04874849319458008,4,Indexical Error: Time,
eng-eng-513,eng,mc1,mc1,0,0,True,0.3493656516075134,1.5799816846847534,0.09051868319511414,8,Law,
eng-eng-514,eng,mc1,mc1,2,2,True,0.8172444105148315,0.6270155310630798,0.693473219871521,4,Language,
eng-eng-515,eng,mc1,mc1,0,1,False,0.5188753008842468,0.703682541847229,0.03931617736816406,4,Confusion: Places,
eng-eng-516,eng,mc1,mc1,2,2,True,0.40279754996299744,1.3045320510864258,0.07174599170684814,7,Sociology,
eng-eng-517,eng,mc1,mc1,1,3,False,0.31670987606048584,1.6893341541290283,0.1367122232913971,6,Conspiracies,
eng-eng-518,eng,mc1,mc1,4,4,True,0.32731878757476807,1.6070003509521484,0.09892553091049194,6,Politics,
eng-eng-519,eng,mc1,mc1,4,4,True,0.2690536677837372,1.5816129446029663,0.04521092772483826,5,Subjective,
eng-eng-520,eng,mc1,mc1,3,3,True,0.45108217000961304,1.5146100521087646,0.280624121427536,7,Law,
eng-eng-521,eng,mc1,mc1,2,2,True,0.6405313611030579,0.9271178841590881,0.3767937123775482,4,Misconceptions,
eng-eng-522,eng,mc1,mc1,2,2,True,0.34342339634895325,1.6992785930633545,0.20192360877990723,6,Subjective,
eng-eng-523,eng,mc1,mc1,1,1,True,0.5013560056686401,0.6931434869766235,0.0027120113372802734,2,Misquotations,
eng-eng-524,eng,mc1,mc1,2,1,False,0.4065125584602356,1.0678662061691284,0.03494507074356079,3,Misconceptions,
eng-eng-525,eng,mc1,mc1,0,0,True,0.33589935302734375,1.3621711730957031,0.08747692406177521,4,Misconceptions,
eng-eng-526,eng,mc1,mc1,0,1,False,0.6308011412620544,0.9183250665664673,0.3684841990470886,4,Education,
eng-eng-527,eng,mc1,mc1,0,0,True,0.4323674440383911,1.227189540863037,0.0966501235961914,4,Education,
eng-eng-528,eng,mc1,mc1,2,2,True,0.6773037314414978,0.8565651178359985,0.43039193749427795,4,Conspiracies,
eng-eng-529,eng,mc1,mc1,4,4,True,0.2324906587600708,1.8725186586380005,5.9545040130615234e-05,8,Paranormal,
eng-eng-530,eng,mc1,mc1,0,0,True,0.5102109313011169,0.6929386854171753,0.020421892404556274,2,Misquotations,
eng-eng-531,eng,mc1,mc1,1,0,False,0.2943330407142639,1.5270631313323975,0.0402684211730957,5,Health,
eng-eng-532,eng,mc1,mc1,0,5,False,0.6658004522323608,1.034686803817749,0.4969261884689331,6,Psychology,
eng-eng-533,eng,mc1,mc1,0,3,False,0.3444121479988098,1.3606153726577759,0.1031588464975357,4,Misconceptions,
eng-eng-534,eng,mc1,mc1,2,2,True,0.30006223917007446,1.4980446100234985,0.0366206169128418,5,Stereotypes,
eng-eng-535,eng,mc1,mc1,1,0,False,0.35157454013824463,1.3389931917190552,0.05245691537857056,6,Health,
eng-eng-536,eng,mc1,mc1,8,7,False,0.3716628849506378,1.7402108907699585,0.1231764554977417,9,Law,
eng-eng-537,eng,mc1,mc1,3,3,True,0.37359583377838135,1.6537197828292847,0.18232333660125732,7,Law,
eng-eng-538,eng,mc1,mc1,3,3,True,0.47732865810394287,1.5469030141830444,0.3137545585632324,7,Health,
eng-eng-539,eng,mc1,mc1,2,2,True,0.5129271149635315,1.028793215751648,0.2494598925113678,3,Law,
eng-eng-540,eng,mc1,mc1,2,3,False,0.43453991413116455,1.2658779621124268,0.15381377935409546,4,Paranormal,
eng-eng-541,eng,mc1,mc1,1,2,False,0.5680631399154663,0.6934628486633301,0.1374797224998474,4,Confusion: People,
eng-eng-542,eng,mc1,mc1,0,0,True,0.26340144872665405,1.702756404876709,0.024121373891830444,6,Misconceptions,
eng-eng-543,eng,mc1,mc1,1,0,False,0.20404846966266632,1.7728559970855713,0.014417320489883423,6,Distraction,
eng-eng-544,eng,mc1,mc1,0,0,True,0.5446008443832397,1.2827941179275513,0.3564923405647278,6,Politics,
eng-eng-545,eng,mc1,mc1,2,1,False,0.2882276177406311,1.3732069730758667,0.0006906986236572266,4,Misconceptions,
eng-eng-546,eng,mc1,mc1,4,5,False,0.2230195850133896,1.6123087406158447,0.015341341495513916,6,Distraction,
eng-eng-547,eng,mc1,mc1,2,1,False,0.6337646245956421,1.0275403261184692,0.4652062654495239,5,Sociology,
eng-eng-548,eng,mc1,mc1,3,2,False,0.3012504577636719,1.5090928077697754,0.050651341676712036,5,Paranormal,
eng-eng-549,eng,mc1,mc1,1,1,True,0.5211033225059509,1.263962984085083,0.28411003947257996,6,Proverbs,
eng-eng-550,eng,mc1,mc1,2,2,True,0.6684845685958862,0.8218187093734741,0.41693854331970215,4,Language,
eng-eng-551,eng,mc1,mc1,3,3,True,0.2892531454563141,1.8661571741104126,0.13896337151527405,7,Health,
eng-eng-552,eng,mc1,mc1,3,4,False,0.34904852509498596,1.34291410446167,0.05926653742790222,6,Law,
eng-eng-553,eng,mc1,mc1,2,2,True,0.2901243567466736,1.375152826309204,0.014635980129241943,4,Proverbs,
eng-eng-554,eng,mc1,mc1,4,3,False,0.3608819246292114,1.4941304922103882,0.10065475106239319,6,Economics,
eng-eng-555,eng,mc1,mc1,5,5,True,0.2625534236431122,1.7565791606903076,0.09220466017723083,6,Health,
eng-eng-556,eng,mc1,mc1,3,0,False,0.8556665778160095,0.5650891065597534,0.7897505760192871,4,Indexical Error: Other,
eng-eng-557,eng,mc1,mc1,6,6,True,0.3364264965057373,2.0393619537353516,0.20999296009540558,10,Conspiracies,
eng-eng-558,eng,mc1,mc1,2,0,False,0.6428120136260986,1.1270959377288818,0.5225254893302917,5,Indexical Error: Other,
eng-eng-559,eng,mc1,mc1,4,4,True,0.44722652435302734,1.3495162725448608,0.2185751348733902,8,Misconceptions,
eng-eng-560,eng,mc1,mc1,4,1,False,0.4760647714138031,1.2521932125091553,0.16926926374435425,5,Nutrition,
eng-eng-561,eng,mc1,mc1,4,2,False,0.7364318370819092,0.693861722946167,0.5143187046051025,5,Stereotypes,
eng-eng-562,eng,mc1,mc1,2,3,False,0.7262353301048279,0.674583911895752,0.4764946699142456,4,Confusion: Other,
eng-eng-563,eng,mc1,mc1,2,2,True,0.35829803347587585,1.3791427612304688,0.024547874927520752,5,Law,
eng-eng-564,eng,mc1,mc1,2,3,False,0.47140422463417053,1.2551578283309937,0.23116295039653778,4,Psychology,
eng-eng-565,eng,mc1,mc1,1,0,False,0.8832291960716248,0.37576910853385925,0.76933753490448,4,Confusion: People,
eng-eng-566,eng,mc1,mc1,2,2,True,0.9056466221809387,0.4120059013366699,0.8633241653442383,4,Myths and Fairytales,
eng-eng-567,eng,mc1,mc1,4,2,False,0.29389235377311707,1.5809659957885742,0.09389561414718628,5,Fiction,
eng-eng-568,eng,mc1,mc1,0,2,False,0.7705941796302795,0.6821608543395996,0.6143282651901245,3,Mandela Effect,
eng-eng-569,eng,mc1,mc1,2,0,False,0.9979257583618164,0.015221057459712029,0.9959299564361572,3,Confusion: Other,
eng-eng-570,eng,mc1,mc1,4,3,False,0.322746604681015,1.317399263381958,0.015086472034454346,5,Indexical Error: Time,
eng-eng-571,eng,mc1,mc1,3,2,False,0.8497049808502197,0.5391348600387573,0.749693751335144,5,Language,
eng-eng-572,eng,mc1,mc1,2,2,True,0.5043523907661438,1.1918948888778687,0.2878294885158539,5,Economics,
eng-eng-573,eng,mc1,mc1,1,2,False,0.4574206471443176,1.2254785299301147,0.16922852396965027,4,Paranormal,
eng-eng-574,eng,mc1,mc1,1,0,False,0.6182599067687988,0.9427523612976074,0.41881898045539856,4,Law,
eng-eng-575,eng,mc1,mc1,3,0,False,0.5622900128364563,1.129455804824829,0.303969144821167,7,Law,
eng-eng-576,eng,mc1,mc1,4,2,False,0.34349167346954346,1.6896533966064453,0.18050025403499603,7,Law,
eng-eng-577,eng,mc1,mc1,1,4,False,0.4908626973628998,1.2628542184829712,0.2079322636127472,5,Health,
eng-eng-578,eng,mc1,mc1,2,0,False,0.5424226522445679,0.764265239238739,0.10193166136741638,4,Confusion: People,
eng-eng-579,eng,mc1,mc1,0,2,False,0.9927918910980225,0.04773186892271042,0.9891408085823059,3,Confusion: Places,
eng-eng-580,eng,mc1,mc1,0,1,False,0.40677738189697266,1.4156529903411865,0.07931947708129883,8,Finance,
eng-eng-581,eng,mc1,mc1,2,2,True,0.4804435670375824,1.0496054887771606,0.1932169795036316,3,Misconceptions,
eng-eng-582,eng,mc1,mc1,3,0,False,0.5664961338043213,0.9843764305114746,0.3184254765510559,4,Economics,
eng-eng-583,eng,mc1,mc1,0,0,True,0.6813111305236816,0.7481324672698975,0.4035893976688385,3,Myths and Fairytales,
eng-eng-584,eng,mc1,mc1,1,3,False,0.4770525395870209,1.2432198524475098,0.2293206751346588,4,Misconceptions,
eng-eng-585,eng,mc1,mc1,6,0,False,0.486785888671875,1.4807356595993042,0.32235288619995117,7,Fiction,
eng-eng-586,eng,mc1,mc1,2,2,True,0.8188543319702148,0.5368651151657104,0.6581010818481445,3,Language,
eng-eng-587,eng,mc1,mc1,4,4,True,0.7435808777809143,0.8874167799949646,0.6510060429573059,5,Health,
eng-eng-588,eng,mc1,mc1,0,1,False,0.6423304677009583,0.9083113670349121,0.44975167512893677,5,Confusion: People,
eng-eng-589,eng,mc1,mc1,5,2,False,0.4622460901737213,1.3737657070159912,0.14181610941886902,8,Sociology,
eng-eng-590,eng,mc1,mc1,3,0,False,0.4382639229297638,1.073099136352539,0.11998853087425232,4,Economics,
eng-eng-591,eng,mc1,mc1,2,4,False,0.4678298830986023,1.238376498222351,0.19547638297080994,5,Nutrition,
eng-eng-592,eng,mc1,mc1,0,0,True,0.2208758294582367,1.7416578531265259,0.03080029785633087,6,Advertising,
eng-eng-593,eng,mc1,mc1,3,3,True,0.5456690788269043,1.3117308616638184,0.40523672103881836,5,Stereotypes,
eng-eng-594,eng,mc1,mc1,5,2,False,0.2696702182292938,1.389965534210205,0.014641910791397095,8,Sociology,
eng-eng-595,eng,mc1,mc1,4,3,False,0.3654071092605591,1.5220171213150024,0.1480628103017807,6,Health,
eng-eng-596,eng,mc1,mc1,0,2,False,0.45616987347602844,1.2779737710952759,0.22995121777057648,4,Misconceptions,
eng-eng-597,eng,mc1,mc1,2,2,True,0.5216350555419922,1.094618320465088,0.20873874425888062,4,Law,
eng-eng-598,eng,mc1,mc1,1,0,False,0.8417357206344604,0.4367803931236267,0.6834714412689209,2,Misconceptions,
eng-eng-599,eng,mc1,mc1,1,1,True,0.5957497358322144,1.0933105945587158,0.4178958833217621,4,Law,
eng-eng-600,eng,mc1,mc1,2,0,False,0.40784183144569397,1.0544698238372803,0.015244245529174805,3,Religion,
eng-eng-601,eng,mc1,mc1,0,2,False,0.5235046744346619,0.8126127123832703,0.08025315403938293,3,Proverbs,
eng-eng-602,eng,mc1,mc1,0,0,True,0.2070063203573227,1.7753279209136963,0.011394798755645752,6,Myths and Fairytales,
eng-eng-603,eng,mc1,mc1,0,0,True,0.4045466482639313,1.3833765983581543,0.08163958787918091,5,Fiction,
eng-eng-604,eng,mc1,mc1,0,3,False,0.549977719783783,1.1083834171295166,0.27341923117637634,4,History,
eng-eng-605,eng,mc1,mc1,0,0,True,0.7490114569664001,0.6404467225074768,0.5210873484611511,3,Logical Falsehood,
eng-eng-606,eng,mc1,mc1,4,1,False,0.2541045546531677,1.686549425125122,0.003916561603546143,6,Indexical Error: Identity,
eng-eng-607,eng,mc1,mc1,0,0,True,0.6552556157112122,0.7043473124504089,0.3247879445552826,4,Sociology,
eng-eng-608,eng,mc1,mc1,3,2,False,0.7649046182632446,0.7125533223152161,0.6433095335960388,4,Confusion: People,
eng-eng-609,eng,mc1,mc1,1,2,False,0.4777277112007141,1.2481802701950073,0.2416752427816391,4,Fiction,
eng-eng-610,eng,mc1,mc1,1,0,False,0.24130888283252716,1.7617530822753906,0.042791083455085754,6,Weather,
eng-eng-611,eng,mc1,mc1,5,5,True,0.29636430740356445,1.6998295783996582,0.09030008316040039,6,Health,
eng-eng-612,eng,mc1,mc1,1,3,False,0.3801884949207306,1.1519451141357422,0.053109437227249146,4,Indexical Error: Time,
eng-eng-613,eng,mc1,mc1,2,2,True,0.5069572925567627,1.0324946641921997,0.23660746216773987,3,Misconceptions,
eng-eng-614,eng,mc1,mc1,0,1,False,0.45161715149879456,1.125866174697876,0.04155406355857849,6,Nutrition,
eng-eng-615,eng,mc1,mc1,5,3,False,0.32375243306159973,1.7033015489578247,0.14972737431526184,6,Conspiracies,
eng-eng-616,eng,mc1,mc1,5,5,True,0.654750406742096,1.0746278762817383,0.4541035294532776,6,Indexical Error: Identity,
eng-eng-617,eng,mc1,mc1,3,2,False,0.4073544442653656,1.6277720928192139,0.27359092235565186,6,Law,
eng-eng-618,eng,mc1,mc1,0,0,True,0.5851138234138489,1.0937514305114746,0.3572787046432495,4,Economics,
eng-eng-619,eng,mc1,mc1,2,2,True,0.36550575494766235,1.365366816520691,0.043628543615341187,7,Conspiracies,
eng-eng-620,eng,mc1,mc1,5,1,False,0.36514389514923096,1.4929580688476562,0.09519624710083008,6,Misinformation,
eng-eng-621,eng,mc1,mc1,0,0,True,0.38785532116889954,1.555816650390625,0.08355975151062012,7,Law,
eng-eng-622,eng,mc1,mc1,4,0,False,0.4303519129753113,1.4171087741851807,0.21124522387981415,7,Politics,
eng-eng-623,eng,mc1,mc1,7,5,False,0.5556783676147461,1.330338954925537,0.3253629207611084,10,Confusion: Places,
eng-eng-624,eng,mc1,mc1,1,1,True,0.6877219676971436,0.6209112405776978,0.3754439651966095,2,Mandela Effect,
eng-eng-625,eng,mc1,mc1,5,5,True,0.4959336817264557,1.6068960428237915,0.3554341793060303,9,Paranormal,
eng-eng-626,eng,mc1,mc1,5,5,True,0.3834754228591919,1.6181085109710693,0.17065688967704773,8,Weather,
eng-eng-627,eng,mc1,mc1,3,3,True,0.5797789096832275,1.2550005912780762,0.45417320728302,6,Health,
eng-eng-628,eng,mc1,mc1,2,3,False,0.42474085092544556,1.3072229623794556,0.1922934353351593,4,Misconceptions,
eng-eng-629,eng,mc1,mc1,5,4,False,0.2507131099700928,2.0009193420410156,0.10499368607997894,8,Indexical Error: Location,
eng-eng-630,eng,mc1,mc1,3,2,False,0.29211586713790894,1.3801014423370361,0.036270201206207275,4,Misconceptions,
eng-eng-631,eng,mc1,mc1,1,0,False,0.43154534697532654,1.104367733001709,0.13409104943275452,4,Language,
eng-eng-632,eng,mc1,mc1,1,1,True,0.7402904033660889,0.6954854726791382,0.5275313854217529,3,Health,
eng-eng-633,eng,mc1,mc1,1,1,True,0.6844638586044312,0.8364579677581787,0.49676230549812317,3,Logical Falsehood,
eng-eng-634,eng,mc1,mc1,3,3,True,0.4665547013282776,1.0443403720855713,0.049219608306884766,4,Religion,
eng-eng-635,eng,mc1,mc1,0,0,True,0.5534953474998474,1.1140670776367188,0.3075578212738037,4,Superstitions,
eng-eng-636,eng,mc1,mc1,0,0,True,0.31416749954223633,1.4319326877593994,0.05017408728599548,5,Misconceptions,
eng-eng-637,eng,mc1,mc1,1,1,True,0.61722332239151,0.9305912852287292,0.4207266569137573,3,Misconceptions,
eng-eng-638,eng,mc1,mc1,1,3,False,0.7187285423278809,0.6446540951728821,0.44965294003486633,4,Confusion: Other,
eng-eng-639,eng,mc1,mc1,1,1,True,0.6366586685180664,1.0492764711380005,0.4866819679737091,4,Health,
eng-eng-640,eng,mc1,mc1,0,1,False,0.4593943655490875,1.2179574966430664,0.17636051774024963,7,Sociology,
eng-eng-641,eng,mc1,mc1,3,3,True,0.41927602887153625,1.216040015220642,0.03358075022697449,10,Confusion: Places,
eng-eng-642,eng,mc1,mc1,0,0,True,0.5340006947517395,0.9581823945045471,0.1405627429485321,5,Economics,
eng-eng-643,eng,mc1,mc1,0,0,True,0.6493297815322876,0.6478605270385742,0.2986595630645752,2,Misconceptions,
eng-eng-644,eng,mc1,mc1,1,1,True,0.5433539748191833,1.1694389581680298,0.32344257831573486,4,Misconceptions: Topical,
eng-eng-645,eng,mc1,mc1,4,4,True,0.4182082414627075,1.4218202829360962,0.1716318577528,5,Law,
eng-eng-646,eng,mc1,mc1,0,5,False,0.4844643175601959,1.231928825378418,0.15664702653884888,6,Law,
eng-eng-647,eng,mc1,mc1,3,3,True,0.655742883682251,1.0891822576522827,0.5252258777618408,5,Paranormal,
eng-eng-648,eng,mc1,mc1,3,3,True,0.4105665683746338,1.3109434843063354,0.18063294887542725,4,Law,
eng-eng-649,eng,mc1,mc1,2,2,True,0.36565667390823364,1.2871918678283691,0.06263980269432068,4,Misconceptions,
eng-eng-650,eng,mc1,mc1,0,1,False,0.9926030039787292,0.04627891629934311,0.98604416847229,3,Confusion: People,
eng-eng-651,eng,mc1,mc1,3,3,True,0.4761865437030792,1.2597178220748901,0.26385021209716797,4,Stereotypes,
eng-eng-652,eng,mc1,mc1,3,2,False,0.2604481279850006,1.5588560104370117,0.0059728920459747314,5,Conspiracies,
eng-eng-653,eng,mc1,mc1,3,3,True,0.43385049700737,1.1896169185638428,0.07171571254730225,4,Indexical Error: Other,
eng-eng-654,eng,mc1,mc1,3,3,True,0.6962403059005737,1.1388859748840332,0.6144988536834717,8,Proverbs,
eng-eng-655,eng,mc1,mc1,3,0,False,0.6074759364128113,0.732643187046051,0.22694766521453857,5,Confusion: People,
eng-eng-656,eng,mc1,mc1,2,2,True,0.6018814444541931,1.1001310348510742,0.34209421277046204,6,Conspiracies,
eng-eng-657,eng,mc1,mc1,0,1,False,0.4162411689758301,1.1973074674606323,0.03659328818321228,4,Religion,
eng-eng-658,eng,mc1,mc1,3,0,False,0.26716169714927673,1.5847440958023071,0.030869290232658386,5,Misconceptions,
eng-eng-659,eng,mc1,mc1,1,5,False,0.2917739152908325,1.6414008140563965,0.06550073623657227,6,Indexical Error: Location,
eng-eng-660,eng,mc1,mc1,3,2,False,0.3555188477039337,1.3523800373077393,0.09903106093406677,4,History,
eng-eng-661,eng,mc1,mc1,6,4,False,0.22758246958255768,1.7929682731628418,0.005313441157341003,7,Indexical Error: Other,
eng-eng-662,eng,mc1,mc1,5,5,True,0.19511526823043823,1.785871982574463,0.012459620833396912,6,Distraction,
eng-eng-663,eng,mc1,mc1,10,6,False,0.3992273509502411,1.3705731630325317,0.007883965969085693,11,Confusion: Places,
eng-eng-664,eng,mc1,mc1,8,8,True,0.37329763174057007,1.64461088180542,0.06534841656684875,11,Law,
eng-eng-665,eng,mc1,mc1,1,0,False,0.7392582297325134,0.57383131980896,0.47851648926734924,2,Religion,
eng-eng-666,eng,mc1,mc1,1,3,False,0.2804245948791504,1.641647458076477,0.052221253514289856,6,Fiction,
eng-eng-667,eng,mc1,mc1,1,1,True,0.2900291383266449,1.5701509714126587,0.05165371298789978,5,Advertising,
eng-eng-668,eng,mc1,mc1,0,2,False,0.7215784192085266,0.8555618524551392,0.5893073081970215,4,Misconceptions: Topical,
eng-eng-669,eng,mc1,mc1,0,2,False,0.3286927044391632,1.644144058227539,0.1020313948392868,7,Misinformation,
eng-eng-670,eng,mc1,mc1,1,0,False,0.5180156826972961,1.2256697416305542,0.227454274892807,5,Fiction,
eng-eng-671,eng,mc1,mc1,2,2,True,0.9478124976158142,0.23531563580036163,0.9096857905387878,3,Proverbs,
eng-eng-672,eng,mc1,mc1,1,1,True,0.8003915548324585,0.6982865333557129,0.7086960077285767,4,Religion,
eng-eng-673,eng,mc1,mc1,1,1,True,0.6815067529678345,0.6257284879684448,0.36301347613334656,2,Misconceptions,
eng-eng-674,eng,mc1,mc1,2,2,True,0.29823601245880127,1.567199468612671,0.08180257678031921,5,Religion,
eng-eng-675,eng,mc1,mc1,3,0,False,0.2897196114063263,1.777904987335205,0.06938475370407104,7,Stereotypes,
eng-eng-676,eng,mc1,mc1,3,1,False,0.689800500869751,0.6230781078338623,0.38007020950317383,4,Confusion: People,
eng-eng-677,eng,mc1,mc1,0,3,False,0.5400339365005493,0.7212392687797546,0.08552062511444092,4,Confusion: People,
eng-eng-678,eng,mc1,mc1,5,6,False,0.28396597504615784,1.777353286743164,0.07202957570552826,7,Indexical Error: Time,
eng-eng-679,eng,mc1,mc1,3,1,False,0.3629402220249176,1.3914854526519775,0.0757681131362915,5,Paranormal,
eng-eng-680,eng,mc1,mc1,2,4,False,0.35178497433662415,1.5998603105545044,0.12159429490566254,7,Psychology,
eng-eng-681,eng,mc1,mc1,1,1,True,0.6352819800376892,0.9719095230102539,0.39267534017562866,4,Stereotypes,
eng-eng-682,eng,mc1,mc1,3,1,False,0.8164045214653015,0.6529067754745483,0.712254524230957,4,Finance,
eng-eng-683,eng,mc1,mc1,0,2,False,0.6863420605659485,0.9422824382781982,0.5306887626647949,4,Education,
eng-eng-684,eng,mc1,mc1,1,1,True,0.7148826122283936,0.7163158059120178,0.4714312255382538,3,Law,
eng-eng-685,eng,mc1,mc1,1,1,True,0.46175625920295715,1.3708269596099854,0.26506489515304565,5,Indexical Error: Time,
eng-eng-686,eng,mc1,mc1,4,2,False,0.4611136317253113,1.1233359575271606,0.06589564681053162,5,Indexical Error: Other,
eng-eng-687,eng,mc1,mc1,1,1,True,0.2690214216709137,1.5574514865875244,6.246566772460938e-05,5,Misquotations,
eng-eng-688,eng,mc1,mc1,1,4,False,0.5981122255325317,1.224409818649292,0.4773640036582947,5,Psychology,
eng-eng-689,eng,mc1,mc1,2,0,False,0.7484612464904785,0.5895498991012573,0.5013923645019531,4,Language,
eng-eng-690,eng,mc1,mc1,4,4,True,0.7588587999343872,0.8512387275695801,0.6405630707740784,5,Fiction,
eng-eng-691,eng,mc1,mc1,2,2,True,0.6078572869300842,1.0605919361114502,0.3540961444377899,5,Sociology,
eng-eng-692,eng,mc1,mc1,1,1,True,0.6493205428123474,0.8661742210388184,0.35826244950294495,5,Logical Falsehood,
eng-eng-693,eng,mc1,mc1,3,4,False,0.5045245289802551,1.2571876049041748,0.24559640884399414,7,Sociology,
eng-eng-694,eng,mc1,mc1,7,1,False,0.3275231719017029,1.842531681060791,0.08706583082675934,11,Paranormal,
eng-eng-695,eng,mc1,mc1,11,11,True,0.4067111611366272,1.620345950126648,0.11286485195159912,12,Law,
eng-eng-696,eng,mc1,mc1,3,3,True,0.7033101916313171,0.9031496047973633,0.5398585796356201,4,Fiction,
eng-eng-697,eng,mc1,mc1,4,3,False,0.39395439624786377,1.3098773956298828,0.11614349484443665,5,Fiction,
eng-eng-698,eng,mc1,mc1,0,2,False,0.4125436544418335,1.0793615579605103,0.06589189171791077,4,Economics,
eng-eng-699,eng,mc1,mc1,4,3,False,0.4309169352054596,1.1811681985855103,0.03397470712661743,7,Health,
eng-eng-700,eng,mc1,mc1,1,0,False,0.5094573497772217,1.2132365703582764,0.2858011722564697,4,Nutrition,
eng-eng-701,eng,mc1,mc1,1,1,True,0.48883944749832153,1.254149079322815,0.31011176109313965,4,Stereotypes,
eng-eng-702,eng,mc1,mc1,2,2,True,0.48827487230300903,1.2537767887115479,0.3036351203918457,4,Superstitions,
eng-eng-703,eng,mc1,mc1,2,1,False,0.5208808779716492,1.0183563232421875,0.24342960119247437,3,Health,
eng-eng-704,eng,mc1,mc1,4,0,False,0.3102293908596039,1.6027311086654663,0.06115332245826721,6,Indexical Error: Other,
eng-eng-705,eng,mc1,mc1,4,0,False,0.4059284031391144,1.304880142211914,0.07735860347747803,5,Indexical Error: Other,
eng-eng-706,eng,mc1,mc1,1,3,False,0.272873193025589,1.5714306831359863,0.031547561287879944,5,Law,
eng-eng-707,eng,mc1,mc1,1,5,False,0.2050379514694214,1.783096432685852,0.0259312242269516,6,Distraction,
eng-eng-708,eng,mc1,mc1,3,3,True,0.30282363295555115,1.6748889684677124,0.08249136805534363,6,Superstitions,
eng-eng-709,eng,mc1,mc1,4,1,False,0.4573066830635071,1.2767305374145508,0.17913469672203064,8,Confusion: Places,
eng-eng-710,eng,mc1,mc1,1,1,True,0.8530638217926025,0.49424174427986145,0.7380315065383911,3,Health,
eng-eng-711,eng,mc1,mc1,2,3,False,0.5949739217758179,1.0287257432937622,0.32172539830207825,5,Misconceptions,
eng-eng-712,eng,mc1,mc1,1,2,False,0.4895312190055847,0.9610832929611206,0.0895581841468811,4,Sociology,
eng-eng-713,eng,mc1,mc1,5,1,False,0.5559578537940979,1.2345136404037476,0.366316020488739,6,Economics,
eng-eng-714,eng,mc1,mc1,1,1,True,0.8876144289970398,0.35147401690483093,0.7752289175987244,2,Fiction,
eng-eng-715,eng,mc1,mc1,3,0,False,0.46250778436660767,1.2698822021484375,0.1470443606376648,7,Sociology,
eng-eng-716,eng,mc1,mc1,0,0,True,0.5752356648445129,1.4568606615066528,0.44391053915023804,8,Stereotypes,
eng-eng-717,eng,mc1,mc1,2,3,False,0.6349865198135376,1.0362532138824463,0.40570756793022156,5,Indexical Error: Other,
eng-eng-718,eng,mc1,mc1,2,2,True,0.30476924777030945,1.7919955253601074,0.11447229981422424,7,Subjective,
eng-eng-719,eng,mc1,mc1,1,1,True,0.3782104253768921,1.336817979812622,0.11951664090156555,4,Statistics,
eng-eng-720,eng,mc1,mc1,0,1,False,0.3667275011539459,1.5072554349899292,0.13047033548355103,5,Nutrition,
eng-eng-721,eng,mc1,mc1,3,2,False,0.7590489387512207,0.7267624735832214,0.62078857421875,4,Misconceptions,
eng-eng-722,eng,mc1,mc1,9,9,True,0.5594239234924316,1.459497094154358,0.41562944650650024,11,Science,
eng-eng-723,eng,mc1,mc1,0,0,True,0.5470214486122131,0.9715732932090759,0.23754599690437317,3,Stereotypes,
eng-eng-724,eng,mc1,mc1,4,5,False,0.31152817606925964,1.7389143705368042,0.12084625661373138,7,Misinformation,
eng-eng-725,eng,mc1,mc1,0,1,False,0.5345274806022644,0.8390522599220276,0.11423534154891968,3,Misconceptions,
eng-eng-726,eng,mc1,mc1,2,2,True,0.6315818428993225,0.8248027563095093,0.30821365118026733,4,Nutrition,
eng-eng-727,eng,mc1,mc1,2,1,False,0.8467450141906738,0.43894296884536743,0.6954817771911621,3,Language,
eng-eng-728,eng,mc1,mc1,1,1,True,0.5667221546173096,0.6842168569564819,0.13344427943229675,2,Misconceptions,
eng-eng-729,eng,mc1,mc1,5,5,True,0.5609915256500244,1.297196626663208,0.40659207105636597,7,Law,
eng-eng-730,eng,mc1,mc1,0,1,False,0.5557991862297058,0.8630905747413635,0.17176851630210876,3,Myths and Fairytales,
eng-eng-731,eng,mc1,mc1,2,4,False,0.5036020874977112,0.7152197360992432,0.010803699493408203,5,Confusion: Places,
eng-eng-732,eng,mc1,mc1,2,2,True,0.464739590883255,1.0849497318267822,0.1025642454624176,4,Law,
eng-eng-733,eng,mc1,mc1,0,1,False,0.7366611361503601,0.5765203833580017,0.4733222424983978,2,Misconceptions,
eng-eng-734,eng,mc1,mc1,3,1,False,0.3730330169200897,1.4904075860977173,0.1812736839056015,5,Law,
eng-eng-735,eng,mc1,mc1,0,0,True,0.35077720880508423,1.528161644935608,0.13403744995594025,5,Advertising,
eng-eng-736,eng,mc1,mc1,4,5,False,0.21097028255462646,1.9118566513061523,0.03854645788669586,7,Subjective,
eng-eng-737,eng,mc1,mc1,2,2,True,0.32306721806526184,1.536359190940857,0.07135871052742004,5,Subjective,
eng-eng-738,eng,mc1,mc1,0,0,True,0.621826708316803,0.6631628274917603,0.24365344643592834,2,History,
eng-eng-739,eng,mc1,mc1,3,3,True,0.40495988726615906,1.5519111156463623,0.10205551981925964,8,Law,
eng-eng-740,eng,mc1,mc1,3,3,True,0.35928070545196533,1.334947109222412,0.0647401511669159,4,Science,
eng-eng-741,eng,mc1,mc1,2,1,False,0.5145515203475952,1.0792707204818726,0.22863957285881042,4,Nutrition,
eng-eng-742,eng,mc1,mc1,1,1,True,0.5043835043907166,1.3499282598495483,0.279293417930603,6,Language,
eng-eng-743,eng,mc1,mc1,3,3,True,0.7066565155982971,0.7077265381813049,0.43913915753364563,4,Misconceptions,
eng-eng-744,eng,mc1,mc1,3,1,False,0.3694005608558655,1.4185395240783691,0.08592736721038818,6,Economics,
eng-eng-745,eng,mc1,mc1,1,1,True,0.7036070227622986,0.7026410698890686,0.43617987632751465,3,Logical Falsehood,
eng-eng-746,eng,mc1,mc1,3,1,False,0.28062742948532104,1.550701379776001,0.013195514678955078,6,Psychology,
eng-eng-747,eng,mc1,mc1,0,0,True,0.2756306231021881,1.572862982749939,0.029393792152404785,5,Sociology,
eng-eng-748,eng,mc1,mc1,3,0,False,0.2690941393375397,1.5639644861221313,0.02469518780708313,5,Misconceptions,
eng-eng-749,eng,mc1,mc1,3,1,False,0.4875880479812622,1.2148995399475098,0.1521444320678711,5,Weather,
eng-eng-750,eng,mc1,mc1,7,7,True,0.39902254939079285,1.6406700611114502,0.18257656693458557,8,Nutrition,
eng-eng-751,eng,mc1,mc1,0,1,False,0.8032591342926025,0.5610260963439941,0.6222399473190308,4,Language,
eng-eng-752,eng,mc1,mc1,0,4,False,0.4654691219329834,1.276090145111084,0.2330363392829895,6,Law,
eng-eng-753,eng,mc1,mc1,3,3,True,0.38526520133018494,1.4857196807861328,0.18599805235862732,5,Weather,
eng-eng-754,eng,mc1,mc1,2,0,False,0.3752349019050598,1.2848830223083496,0.029505491256713867,5,Indexical Error: Other,
eng-eng-755,eng,mc1,mc1,2,2,True,0.9454250335693359,0.23523499071598053,0.8992655873298645,3,Proverbs,
eng-eng-756,eng,mc1,mc1,3,3,True,0.9526447653770447,0.24287979304790497,0.9216896295547485,10,Confusion: Places,
eng-eng-757,eng,mc1,mc1,2,2,True,0.4697133004665375,1.0447556972503662,0.14365091919898987,3,Misquotations,
eng-eng-758,eng,mc1,mc1,0,2,False,0.5661053657531738,0.9228299856185913,0.23577260971069336,3,Law,
eng-eng-759,eng,mc1,mc1,1,3,False,0.37667593359947205,1.342003583908081,0.1319466382265091,4,Health,
eng-eng-760,eng,mc1,mc1,5,5,True,0.3525142967700958,1.3372453451156616,0.0386616587638855,8,Economics,
eng-eng-761,eng,mc1,mc1,1,1,True,0.5889485478401184,0.9736614227294922,0.31081366539001465,5,Health,
eng-eng-762,eng,mc1,mc1,1,1,True,0.7756141424179077,0.5324032306671143,0.5512282848358154,2,Misconceptions,
eng-eng-763,eng,mc1,mc1,6,6,True,0.7123059630393982,1.1691898107528687,0.6518534421920776,9,Paranormal,
eng-eng-764,eng,mc1,mc1,0,0,True,0.42449238896369934,1.385369062423706,0.1283194124698639,5,Sociology,
eng-eng-765,eng,mc1,mc1,3,2,False,0.39405253529548645,1.3923741579055786,0.09877008199691772,5,Misconceptions,
eng-eng-766,eng,mc1,mc1,1,2,False,0.6549636125564575,0.7746158838272095,0.3532094359397888,3,Misconceptions,
eng-eng-767,eng,mc1,mc1,3,3,True,0.7327370047569275,0.863656222820282,0.612396240234375,4,Misconceptions,
eng-eng-768,eng,mc1,mc1,2,1,False,0.5544704794883728,0.9867709279060364,0.2864750027656555,3,Indexical Error: Other,
eng-eng-769,eng,mc1,mc1,2,3,False,0.35598260164260864,1.3333148956298828,0.04954582452774048,5,Indexical Error: Time,
eng-eng-770,eng,mc1,mc1,0,2,False,0.6690111756324768,0.9604204893112183,0.5021701455116272,4,Education,
eng-eng-771,eng,mc1,mc1,4,3,False,0.3783765137195587,1.2750916481018066,0.03241753578186035,5,Sociology,
eng-eng-772,eng,mc1,mc1,3,2,False,0.42773866653442383,1.2065637111663818,0.08139821887016296,6,Sociology,
eng-eng-773,eng,mc1,mc1,1,1,True,0.5957623720169067,1.0784854888916016,0.37390822172164917,4,Logical Falsehood,
eng-eng-774,eng,mc1,mc1,3,3,True,0.8671578764915466,0.616956889629364,0.818573534488678,8,Finance,
eng-eng-775,eng,mc1,mc1,5,5,True,0.3735169768333435,1.6508214473724365,0.21476097404956818,6,Politics,
eng-eng-776,eng,mc1,mc1,7,7,True,0.3191256821155548,1.6923986673355103,0.1182771772146225,8,Law,
eng-eng-777,eng,mc1,mc1,0,0,True,0.46296387910842896,0.9759329557418823,0.04611852765083313,3,Language,
eng-eng-778,eng,mc1,mc1,4,0,False,0.20462666451931,1.9052850008010864,0.03431066870689392,7,Finance,
eng-eng-779,eng,mc1,mc1,4,0,False,0.33825090527534485,1.4987952709197998,0.08590030670166016,5,Myths and Fairytales,
eng-eng-780,eng,mc1,mc1,2,2,True,0.4300711452960968,1.108668327331543,0.014280050992965698,4,Misconceptions,
eng-eng-781,eng,mc1,mc1,0,1,False,0.42013972997665405,1.361418604850769,0.14713874459266663,5,Health,
eng-eng-782,eng,mc1,mc1,3,1,False,0.4080536663532257,1.2312428951263428,0.12817606329917908,4,Nutrition,
eng-eng-783,eng,mc1,mc1,4,4,True,0.3724443018436432,1.3663214445114136,0.10522472858428955,5,Economics,
eng-eng-784,eng,mc1,mc1,3,5,False,0.23169401288032532,1.8442598581314087,0.033295124769210815,7,Health,
eng-eng-785,eng,mc1,mc1,3,0,False,0.3838497996330261,1.427936315536499,0.12990909814834595,6,Indexical Error: Other,
eng-eng-786,eng,mc1,mc1,0,0,True,0.5652531981468201,1.2596455812454224,0.351213276386261,6,Health,
eng-eng-787,eng,mc1,mc1,2,2,True,0.3154906928539276,1.4922888278961182,0.0015785694122314453,6,Health,
eng-eng-788,eng,mc1,mc1,0,0,True,0.8025533556938171,0.8076013922691345,0.7481061816215515,6,Stereotypes,
eng-eng-789,eng,mc1,mc1,1,3,False,0.41141727566719055,1.062377691268921,0.009765535593032837,4,Economics,
eng-eng-790,eng,mc1,mc1,1,1,True,0.5441555976867676,1.1809662580490112,0.35167646408081055,4,Advertising,
eng-eng-791,eng,mc1,mc1,0,0,True,0.4654061496257782,1.2413030862808228,0.2061654031276703,5,Language,
eng-eng-792,eng,mc1,mc1,2,3,False,0.5487207770347595,0.7368385195732117,0.10624662041664124,4,Stereotypes,
eng-eng-793,eng,mc1,mc1,4,7,False,0.16321468353271484,2.141010284423828,0.007872983813285828,9,Distraction,
eng-eng-794,eng,mc1,mc1,5,2,False,0.34772372245788574,1.4508376121520996,0.06633192300796509,6,Misconceptions,
eng-eng-795,eng,mc1,mc1,2,1,False,0.6388492584228516,0.6922546029090881,0.28564247488975525,3,Language,
eng-eng-796,eng,mc1,mc1,4,0,False,0.27275586128234863,1.5802794694900513,0.0502440482378006,5,Education,
eng-eng-797,eng,mc1,mc1,3,2,False,0.32591626048088074,1.3940443992614746,0.047999799251556396,5,Misinformation,
eng-eng-798,eng,mc1,mc1,3,0,False,0.5732979774475098,0.7226343154907227,0.15418320894241333,4,Confusion: People,
eng-eng-799,eng,mc1,mc1,2,2,True,0.7873047590255737,0.7495885491371155,0.7078436613082886,4,Conspiracies,
eng-eng-800,eng,mc1,mc1,4,4,True,0.7122547030448914,0.910183846950531,0.5819489359855652,6,Health,
eng-eng-801,eng,mc1,mc1,0,5,False,0.21944089233875275,1.7794358730316162,0.04495733976364136,6,Law,
eng-eng-802,eng,mc1,mc1,2,2,True,0.550589919090271,1.3054001331329346,0.40938901901245117,5,Subjective,
eng-eng-803,eng,mc1,mc1,2,2,True,0.35003066062927246,1.2816890478134155,0.011620700359344482,4,Proverbs,
eng-eng-804,eng,mc1,mc1,4,4,True,0.35029563307762146,1.755292534828186,0.19364655017852783,7,Conspiracies,
eng-eng-805,eng,mc1,mc1,1,0,False,0.598520040512085,0.6736072301864624,0.1970401406288147,2,History,
eng-eng-806,eng,mc1,mc1,2,2,True,0.40640804171562195,1.499897837638855,0.19064995646476746,7,Science,
eng-eng-807,eng,mc1,mc1,6,6,True,0.5572155117988586,1.4722591638565063,0.4228002429008484,8,Stereotypes,
eng-eng-808,eng,mc1,mc1,2,3,False,0.6393241882324219,0.7252174019813538,0.2955787181854248,6,Confusion: People,
amh-amh-5,amh,mc1,mc1,0,1,False,0.32997170090675354,1.335249662399292,0.021516650915145874,4,Subjective,
amh-amh-6,amh,mc1,mc1,3,3,True,0.2791878283023834,1.3765789270401,0.007865071296691895,4,Psychology,
amh-amh-7,amh,mc1,mc1,1,0,False,0.6204025745391846,0.9240062236785889,0.40686339139938354,3,Mandela Effect,
amh-amh-8,amh,mc1,mc1,2,2,True,0.3723483979701996,1.281588077545166,0.06338116526603699,4,Health,
amh-amh-9,amh,mc1,mc1,1,1,True,0.5032165050506592,0.6931264996528625,0.006432980298995972,2,Misquotations,
amh-amh-10,amh,mc1,mc1,3,3,True,0.48504146933555603,1.256757378578186,0.29845988750457764,4,Paranormal,
amh-amh-11,amh,mc1,mc1,0,0,True,0.6292205452919006,1.0455939769744873,0.4471110701560974,4,Psychology,
amh-amh-12,amh,mc1,mc1,1,2,False,0.609497606754303,1.0405094623565674,0.41220492124557495,4,Economics,
amh-amh-13,amh,mc1,mc1,0,0,True,0.3251054584980011,1.3706728219985962,0.0870925784111023,4,Subjective,
amh-amh-14,amh,mc1,mc1,1,1,True,0.3297133147716522,1.3607594966888428,0.0529840886592865,4,Superstitions,
amh-amh-15,amh,mc1,mc1,0,3,False,0.3806423246860504,1.1946890354156494,0.06724551320075989,4,Health,
amh-amh-16,amh,mc1,mc1,1,2,False,0.4003795087337494,1.2247273921966553,0.11302259564399719,4,Sociology,
amh-amh-17,amh,mc1,mc1,0,0,True,0.2766333222389221,1.3798301219940186,0.015257090330123901,4,Conspiracies,
amh-amh-18,amh,mc1,mc1,0,2,False,0.4702056050300598,1.2316606044769287,0.21226319670677185,4,Politics,
amh-amh-19,amh,mc1,mc1,0,1,False,0.796984851360321,0.504554033279419,0.5939696431159973,2,Indexical Error: Identity,
amh-amh-20,amh,mc1,mc1,3,2,False,0.35940203070640564,1.3550645112991333,0.12320233881473541,4,Finance,
amh-amh-21,amh,mc1,mc1,2,3,False,0.2842133641242981,1.379050612449646,0.01756572723388672,4,Sociology,
amh-amh-22,amh,mc1,mc1,3,3,True,0.3557204008102417,1.358335256576538,0.13471662998199463,4,Weather,
amh-amh-23,amh,mc1,mc1,2,2,True,0.45751476287841797,1.1796894073486328,0.12531134486198425,4,Law,
amh-amh-24,amh,mc1,mc1,3,3,True,0.3424089550971985,1.3542231321334839,0.07143360376358032,4,Misconceptions,
amh-amh-25,amh,mc1,mc1,1,1,True,0.37387779355049133,1.3438502550125122,0.1295299232006073,4,Fiction,
amh-amh-26,amh,mc1,mc1,2,1,False,0.35538190603256226,1.2988862991333008,0.05191248655319214,4,Law,
amh-amh-27,amh,mc1,mc1,3,2,False,0.42092165350914,1.301316499710083,0.18835076689720154,4,Law,
amh-amh-28,amh,mc1,mc1,3,3,True,0.35129880905151367,1.337429165840149,0.06452485918998718,4,Finance,
amh-amh-29,amh,mc1,mc1,3,1,False,0.2828117907047272,1.3821630477905273,0.024071067571640015,4,Myths and Fairytales,
amh-amh-30,amh,mc1,mc1,0,0,True,0.39605849981307983,1.3085579872131348,0.11648672819137573,4,Law,
amh-amh-31,amh,mc1,mc1,1,1,True,0.7920711040496826,0.6830450892448425,0.6556453704833984,4,Paranormal,
amh-amh-32,amh,mc1,mc1,1,2,False,0.5029147267341614,1.0217400789260864,0.19176191091537476,3,Misconceptions,
amh-amh-33,amh,mc1,mc1,2,2,True,0.33127591013908386,1.3521555662155151,0.06145679950714111,4,Law,
amh-amh-34,amh,mc1,mc1,3,2,False,0.262703537940979,1.3854047060012817,0.004555791616439819,4,Misinformation,
amh-amh-35,amh,mc1,mc1,3,3,True,0.34368398785591125,1.3466908931732178,0.05218222737312317,4,History,
amh-amh-36,amh,mc1,mc1,1,0,False,0.3066967725753784,1.3564274311065674,0.027537226676940918,4,Indexical Error: Identity,
amh-amh-37,amh,mc1,mc1,2,1,False,0.3621741235256195,1.3530915975570679,0.13158181309700012,4,Law,
amh-amh-38,amh,mc1,mc1,1,0,False,0.31111782789230347,1.3396559953689575,0.0198744535446167,4,Indexical Error: Location,
amh-amh-39,amh,mc1,mc1,1,1,True,0.29144376516342163,1.378108263015747,0.0209636390209198,4,Politics,
amh-amh-40,amh,mc1,mc1,3,0,False,0.27537840604782104,1.3834125995635986,0.014539211988449097,4,Paranormal,
amh-amh-41,amh,mc1,mc1,3,0,False,0.32333001494407654,1.3625675439834595,0.06837305426597595,4,Economics,
amh-amh-42,amh,mc1,mc1,0,0,True,0.44754552841186523,1.0694361925125122,0.15365612506866455,3,Misconceptions,
amh-amh-43,amh,mc1,mc1,0,3,False,0.4027441740036011,1.32368803024292,0.17041102051734924,4,Health,
amh-amh-44,amh,mc1,mc1,3,2,False,0.42624056339263916,1.257660984992981,0.16530263423919678,4,Economics,
amh-amh-45,amh,mc1,mc1,1,3,False,0.5665799975395203,1.0379638671875,0.3165854811668396,4,Language,
amh-amh-46,amh,mc1,mc1,0,0,True,0.5279496312141418,1.2048721313476562,0.3382907509803772,4,Stereotypes,
amh-amh-47,amh,mc1,mc1,2,0,False,0.4460979700088501,1.231207013130188,0.1802598536014557,4,Confusion: People,
amh-amh-48,amh,mc1,mc1,1,1,True,0.5351277589797974,0.916791558265686,0.1586383581161499,3,Sociology,
amh-amh-49,amh,mc1,mc1,0,0,True,0.3684789836406708,1.3392126560211182,0.12010639905929565,4,,
amh-amh-50,amh,mc1,mc1,0,0,True,0.27487504482269287,1.382920265197754,0.009232163429260254,4,Indexical Error: Time,
amh-amh-51,amh,mc1,mc1,0,1,False,0.40556710958480835,1.0824886560440063,0.07084581255912781,3,History,
amh-amh-52,amh,mc1,mc1,3,3,True,0.4457489848136902,1.2906615734100342,0.2361413538455963,4,Stereotypes,
amh-amh-53,amh,mc1,mc1,0,1,False,0.36531758308410645,1.2859925031661987,0.05628666281700134,4,Sociology,
amh-amh-54,amh,mc1,mc1,3,1,False,0.5392482280731201,0.8624647855758667,0.12148720026016235,4,Economics,
amh-amh-55,amh,mc1,mc1,1,0,False,0.4059660732746124,1.0545456409454346,0.011512011289596558,3,Distraction,
amh-amh-56,amh,mc1,mc1,3,2,False,0.3058795928955078,1.3690236806869507,0.03701186180114746,4,Sociology,
amh-amh-57,amh,mc1,mc1,1,1,True,0.6920878887176514,0.6174198389053345,0.3841758072376251,2,Proverbs,
amh-amh-58,amh,mc1,mc1,2,2,True,0.4611383378505707,1.062036395072937,0.17097026109695435,3,Logical Falsehood,
amh-amh-59,amh,mc1,mc1,0,3,False,0.28969666361808777,1.3746790885925293,0.02122718095779419,4,Conspiracies,
amh-amh-60,amh,mc1,mc1,1,0,False,0.5742876529693604,0.6820688843727112,0.1485753357410431,2,Misconceptions,
amh-amh-61,amh,mc1,mc1,0,1,False,0.5556073188781738,0.9912259578704834,0.3045716881752014,3,Logical Falsehood,
amh-amh-62,amh,mc1,mc1,0,2,False,0.3131377398967743,1.3540533781051636,0.0,4,Conspiracies,
amh-amh-63,amh,mc1,mc1,1,1,True,0.32144594192504883,1.3479059934616089,0.009188592433929443,4,Misconceptions,
amh-amh-64,amh,mc1,mc1,1,1,True,0.4316100776195526,1.0745424032211304,0.11729204654693604,3,History,
amh-amh-65,amh,mc1,mc1,1,1,True,0.7240081429481506,0.5891278386116028,0.4480162560939789,2,Misquotations,
amh-amh-66,amh,mc1,mc1,3,2,False,0.4838564693927765,1.1521259546279907,0.1484866738319397,4,Health,
amh-amh-67,amh,mc1,mc1,1,0,False,0.30501028895378113,1.3760286569595337,0.05599610507488251,4,Sociology,
amh-amh-68,amh,mc1,mc1,1,1,True,0.5262869000434875,0.9928575158119202,0.20985743403434753,3,History,
amh-amh-69,amh,mc1,mc1,3,2,False,0.4043285548686981,1.3208290338516235,0.16481783986091614,4,Law,
amh-amh-70,amh,mc1,mc1,0,0,True,0.4237506091594696,1.314375400543213,0.2261827141046524,4,Language,
amh-amh-71,amh,mc1,mc1,0,3,False,0.4371216297149658,1.2174735069274902,0.10095369815826416,4,Indexical Error: Identity,
amh-amh-72,amh,mc1,mc1,0,0,True,0.3227233588695526,1.3708155155181885,0.07157546281814575,4,Weather,
amh-amh-73,amh,mc1,mc1,2,1,False,0.39677613973617554,1.0847227573394775,0.056064754724502563,3,Nutrition,
amh-amh-74,amh,mc1,mc1,0,3,False,0.438337504863739,1.1199619770050049,0.03044411540031433,4,Confusion: Places,
amh-amh-75,amh,mc1,mc1,3,3,True,0.48852378129959106,1.2473218441009521,0.2882920503616333,4,Sociology,
amh-amh-76,amh,mc1,mc1,2,1,False,0.3044738471508026,1.376230239868164,0.05100810527801514,4,Misconceptions,
amh-amh-77,amh,mc1,mc1,2,1,False,0.36764851212501526,1.3376269340515137,0.1086995005607605,4,Conspiracies,
amh-amh-78,amh,mc1,mc1,2,2,True,0.34322991967201233,1.3641021251678467,0.11746832728385925,4,Indexical Error: Time,
amh-amh-79,amh,mc1,mc1,0,0,True,0.2892795503139496,1.3788607120513916,0.022442400455474854,4,Health,
amh-amh-80,amh,mc1,mc1,2,1,False,0.6475455164909363,0.8925838470458984,0.4604405164718628,3,Health,
amh-amh-81,amh,mc1,mc1,3,1,False,0.2656281292438507,1.3830982446670532,0.003064960241317749,4,Myths and Fairytales,
amh-amh-82,amh,mc1,mc1,0,1,False,0.29888200759887695,1.3579521179199219,0.019473761320114136,4,Paranormal,
amh-amh-83,amh,mc1,mc1,0,3,False,0.48456209897994995,1.012117862701416,0.07714655995368958,4,Confusion: People,
amh-amh-84,amh,mc1,mc1,2,2,True,0.41818559169769287,1.074675440788269,0.0782366693019867,3,Health,
amh-amh-85,amh,mc1,mc1,2,3,False,0.39133405685424805,1.3162829875946045,0.11178827285766602,4,Education,
amh-amh-86,amh,mc1,mc1,1,0,False,0.5793790221214294,1.009191870689392,0.27522873878479004,4,Confusion: People,
amh-amh-87,amh,mc1,mc1,3,1,False,0.30748626589775085,1.3742605447769165,0.04618498682975769,4,Proverbs,
amh-amh-88,amh,mc1,mc1,0,2,False,0.31061413884162903,1.3522318601608276,0.037708550691604614,4,Economics,
amh-amh-89,amh,mc1,mc1,0,0,True,0.4386121928691864,1.2861104011535645,0.20732349157333374,4,Stereotypes,
amh-amh-90,amh,mc1,mc1,0,2,False,0.35837292671203613,1.3510030508041382,0.1222144216299057,4,Health,
amh-amh-91,amh,mc1,mc1,1,1,True,0.42142239212989807,1.306751012802124,0.17959383130073547,4,Fiction,
amh-amh-92,amh,mc1,mc1,1,2,False,0.5300425291061401,0.8792252540588379,0.12454834580421448,3,Religion,
amh-amh-93,amh,mc1,mc1,0,1,False,0.3587466776371002,1.354914903640747,0.12719868123531342,4,Weather,
amh-amh-94,amh,mc1,mc1,1,1,True,0.576885998249054,0.9495746493339539,0.29335373640060425,3,Misconceptions,
amh-amh-95,amh,mc1,mc1,2,1,False,0.35965612530708313,1.0934646129608154,0.005527675151824951,3,Misconceptions,
amh-amh-96,amh,mc1,mc1,2,1,False,0.3131362497806549,1.3700274229049683,0.04669922590255737,4,Health,
amh-amh-97,amh,mc1,mc1,3,2,False,0.38544532656669617,1.3310266733169556,0.13485106825828552,4,Sociology,
amh-amh-98,amh,mc1,mc1,1,2,False,0.34922516345977783,1.3549352884292603,0.08720001578330994,4,Mandela Effect,
amh-amh-99,amh,mc1,mc1,1,1,True,0.2936652600765228,1.364044427871704,0.0026176869869232178,4,Law,
amh-amh-100,amh,mc1,mc1,1,0,False,0.4919920563697815,1.039191484451294,0.19918280839920044,3,Confusion: Other,
amh-amh-101,amh,mc1,mc1,3,0,False,0.3533729016780853,1.3143843412399292,0.0278225839138031,4,Indexical Error: Location,
amh-amh-102,amh,mc1,mc1,2,1,False,0.5624955296516418,0.9857861995697021,0.31909096240997314,3,Indexical Error: Location,
amh-amh-103,amh,mc1,mc1,3,3,True,0.465885728597641,1.1489331722259521,0.16252431273460388,4,Sociology,
amh-amh-104,amh,mc1,mc1,2,0,False,0.38401204347610474,1.2582136392593384,0.10004666447639465,4,Sociology,
amh-amh-105,amh,mc1,mc1,1,1,True,0.3815614581108093,1.2546522617340088,0.0767490565776825,4,Sociology,
amh-amh-106,amh,mc1,mc1,1,1,True,0.5111392140388489,1.2287110090255737,0.3333665430545807,4,Superstitions,
amh-amh-107,amh,mc1,mc1,1,1,True,0.37594565749168396,1.3435626029968262,0.13575267791748047,4,Misconceptions,
amh-amh-108,amh,mc1,mc1,0,2,False,0.27445200085639954,1.3829586505889893,0.008498430252075195,4,Misconceptions,
amh-amh-109,amh,mc1,mc1,3,2,False,0.3213672339916229,1.3720014095306396,0.076791912317276,4,Indexical Error: Time,
amh-amh-110,amh,mc1,mc1,2,3,False,0.2834074795246124,1.378014326095581,0.019128084182739258,4,Law,
amh-amh-111,amh,mc1,mc1,3,2,False,0.35094162821769714,1.3275904655456543,0.04504352807998657,4,Sociology,
amh-amh-112,amh,mc1,mc1,0,3,False,0.3362787663936615,1.3594691753387451,0.08352398872375488,4,Indexical Error: Time,
amh-amh-113,amh,mc1,mc1,2,1,False,0.3022192716598511,1.3722590208053589,0.034618645906448364,4,Misinformation,
amh-amh-114,amh,mc1,mc1,3,3,True,0.5130339860916138,1.220166802406311,0.31421834230422974,4,Superstitions,
amh-amh-115,amh,mc1,mc1,1,1,True,0.3395889103412628,1.336666464805603,0.042688071727752686,4,History,
amh-amh-116,amh,mc1,mc1,0,0,True,0.36601582169532776,1.3387104272842407,0.1185479611158371,4,Sociology,
amh-amh-117,amh,mc1,mc1,0,1,False,0.3205678462982178,1.3683772087097168,0.0633067786693573,4,Misconceptions,
amh-amh-118,amh,mc1,mc1,1,1,True,0.6938488483428955,0.827941358089447,0.5345523357391357,3,Misconceptions,
amh-amh-119,amh,mc1,mc1,1,3,False,0.33463752269744873,1.334183692932129,0.02908918261528015,4,Paranormal,
amh-amh-120,amh,mc1,mc1,0,1,False,0.3322192430496216,1.367537260055542,0.09609517455101013,4,Misinformation,
amh-amh-121,amh,mc1,mc1,3,3,True,0.4393872916698456,1.2350707054138184,0.11928808689117432,4,Indexical Error: Identity,
amh-amh-122,amh,mc1,mc1,1,1,True,0.348067969083786,1.352917194366455,0.09178155660629272,4,Misconceptions,
amh-amh-123,amh,mc1,mc1,2,3,False,0.31669124960899353,1.3718457221984863,0.06445270776748657,4,Sociology,
amh-amh-124,amh,mc1,mc1,1,3,False,0.32967236638069153,1.3678452968597412,0.08991588652133942,4,Sociology,
amh-amh-125,amh,mc1,mc1,1,1,True,0.3127332925796509,1.3761857748031616,0.07900290191173553,4,Indexical Error: Time,
amh-amh-126,amh,mc1,mc1,1,3,False,0.33752626180648804,1.35105299949646,0.0709485411643982,4,Advertising,
amh-amh-127,amh,mc1,mc1,2,0,False,0.2800835371017456,1.3805382251739502,0.014341652393341064,4,Fiction,
amh-amh-128,amh,mc1,mc1,0,3,False,0.3053329885005951,1.3591053485870361,0.008241117000579834,4,Health,
amh-amh-129,amh,mc1,mc1,3,1,False,0.3374139070510864,1.3619704246520996,0.08806577324867249,4,Indexical Error: Location,
amh-amh-130,amh,mc1,mc1,1,0,False,0.30088502168655396,1.3749995231628418,0.03193947672843933,4,Misconceptions,
amh-amh-131,amh,mc1,mc1,0,0,True,0.3433465361595154,1.32267427444458,0.033664584159851074,4,Science,
amh-amh-132,amh,mc1,mc1,2,2,True,0.4310823976993561,1.0705177783966064,0.100709468126297,3,Proverbs,
amh-amh-133,amh,mc1,mc1,0,1,False,0.5459994077682495,0.6889092922210693,0.09199878573417664,2,History,
amh-amh-134,amh,mc1,mc1,3,3,True,0.3406699597835541,1.3246291875839233,0.016955316066741943,4,Finance,
amh-amh-135,amh,mc1,mc1,3,3,True,0.32810962200164795,1.3457787036895752,0.01637914776802063,4,Health,
amh-amh-136,amh,mc1,mc1,3,3,True,0.2632937431335449,1.384901762008667,0.0063478946685791016,4,Stereotypes,
amh-amh-137,amh,mc1,mc1,1,3,False,0.2855267822742462,1.3740843534469604,0.009643971920013428,4,History,
amh-amh-138,amh,mc1,mc1,3,3,True,0.3410841226577759,1.3654344081878662,0.11405934393405914,4,Misconceptions,
amh-amh-139,amh,mc1,mc1,1,0,False,0.6140341758728027,0.6669093370437622,0.22806832194328308,2,Advertising,
amh-amh-140,amh,mc1,mc1,2,0,False,0.45696917176246643,1.2617692947387695,0.23263728618621826,4,Misconceptions,
amh-amh-141,amh,mc1,mc1,3,2,False,0.5827309489250183,1.1065411567687988,0.3739481568336487,4,Psychology,
amh-amh-142,amh,mc1,mc1,0,0,True,0.5791309475898743,1.1418218612670898,0.4255228042602539,4,Indexical Error: Other,
amh-amh-143,amh,mc1,mc1,1,0,False,0.5398702621459961,0.6899645328521729,0.07974055409431458,2,Health,
amh-amh-144,amh,mc1,mc1,2,2,True,0.26643767952919006,1.3816148042678833,0.003657221794128418,4,Distraction,
amh-amh-145,amh,mc1,mc1,2,2,True,0.51401686668396,1.0259771347045898,0.24134311079978943,3,Logical Falsehood,
amh-amh-146,amh,mc1,mc1,2,0,False,0.6325669288635254,0.9850988388061523,0.4315195679664612,4,Confusion: Other,
amh-amh-147,amh,mc1,mc1,2,3,False,0.4320831894874573,1.304060697555542,0.21176418662071228,4,Health,
amh-amh-148,amh,mc1,mc1,2,0,False,0.26450029015541077,1.3857100009918213,0.016701549291610718,4,Distraction,
amh-amh-149,amh,mc1,mc1,2,1,False,0.31073498725891113,1.3546252250671387,0.019542783498764038,4,Health,
amh-amh-150,amh,mc1,mc1,3,1,False,0.4455455541610718,1.2804642915725708,0.19723232090473175,4,Economics,
amh-amh-151,amh,mc1,mc1,3,2,False,0.2760215103626251,1.3824175596237183,0.014435023069381714,4,Subjective,
amh-amh-152,amh,mc1,mc1,3,0,False,0.3128150403499603,1.375472903251648,0.07025083899497986,4,Law,
amh-amh-153,amh,mc1,mc1,1,3,False,0.2809984087944031,1.3836417198181152,0.034339338541030884,4,Misquotations,
amh-amh-154,amh,mc1,mc1,0,0,True,0.4329378008842468,1.3030362129211426,0.2192719727754593,4,Myths and Fairytales,
amh-amh-155,amh,mc1,mc1,3,3,True,0.31610560417175293,1.3555740118026733,0.022373974323272705,4,Psychology,
amh-amh-156,amh,mc1,mc1,3,2,False,0.26393818855285645,1.384900689125061,0.0046173930168151855,4,Misconceptions,
amh-amh-157,amh,mc1,mc1,3,3,True,0.2847243547439575,1.373826265335083,0.019175440073013306,4,Distraction,
amh-amh-158,amh,mc1,mc1,0,3,False,0.3731754422187805,1.3378599882125854,0.11605650186538696,4,Misconceptions,
amh-amh-159,amh,mc1,mc1,0,0,True,0.544882595539093,1.186945915222168,0.38053882122039795,4,Statistics,
amh-amh-160,amh,mc1,mc1,0,1,False,0.2801662087440491,1.3762681484222412,0.007559001445770264,4,Law,
amh-amh-161,amh,mc1,mc1,0,0,True,0.4322337806224823,1.3066951036453247,0.22721301019191742,4,Fiction,
amh-amh-162,amh,mc1,mc1,3,1,False,0.2732890248298645,1.3815524578094482,0.0043039023876190186,4,Stereotypes,
amh-amh-163,amh,mc1,mc1,3,3,True,0.35914281010627747,1.3551437854766846,0.1274738758802414,4,Misconceptions,
amh-amh-164,amh,mc1,mc1,3,2,False,0.3267292082309723,1.364637017250061,0.05911046266555786,4,Psychology,
amh-amh-165,amh,mc1,mc1,3,3,True,0.31261709332466125,1.353530764579773,0.017027556896209717,4,Superstitions,
amh-amh-166,amh,mc1,mc1,0,3,False,0.39317238330841064,1.3334543704986572,0.1635054349899292,4,Law,
amh-amh-167,amh,mc1,mc1,2,2,True,0.4099038541316986,1.3208173513412476,0.18366970121860504,4,Stereotypes,
amh-amh-168,amh,mc1,mc1,2,3,False,0.3081325888633728,1.354721188545227,0.03205624222755432,4,Economics,
amh-amh-169,amh,mc1,mc1,0,3,False,0.5818183422088623,1.0958797931671143,0.35137563943862915,4,Confusion: Places,
amh-amh-170,amh,mc1,mc1,2,2,True,0.3453729748725891,1.3614847660064697,0.10158112645149231,4,Health,
amh-amh-171,amh,mc1,mc1,1,0,False,0.3271375894546509,1.364675521850586,0.08037155866622925,4,Weather,
amh-amh-172,amh,mc1,mc1,1,3,False,0.29013317823410034,1.3757212162017822,0.013471215963363647,4,Misquotations,
amh-amh-173,amh,mc1,mc1,3,3,True,0.43872207403182983,1.301685094833374,0.24266958236694336,4,Distraction,
amh-amh-174,amh,mc1,mc1,2,2,True,0.2689685523509979,1.3849612474441528,0.016914397478103638,4,Fiction,
amh-amh-175,amh,mc1,mc1,1,1,True,0.2782946527004242,1.3820631504058838,0.01638054847717285,4,Education,
amh-amh-176,amh,mc1,mc1,3,0,False,0.29948627948760986,1.3760621547698975,0.03239372372627258,4,Misconceptions,
amh-amh-177,amh,mc1,mc1,1,3,False,0.26416251063346863,1.382941722869873,0.002180129289627075,4,Fiction,
amh-amh-178,amh,mc1,mc1,2,0,False,0.2840937376022339,1.3770053386688232,0.015414416790008545,4,Law,
amh-amh-179,amh,mc1,mc1,0,2,False,0.420828640460968,1.263929009437561,0.1100015640258789,4,Nutrition,
amh-amh-180,amh,mc1,mc1,0,3,False,0.3610222637653351,1.3413599729537964,0.08311194181442261,4,Sociology,
amh-amh-181,amh,mc1,mc1,3,1,False,0.49127885699272156,1.1246669292449951,0.17397090792655945,4,Law,
amh-amh-182,amh,mc1,mc1,2,2,True,0.36452868580818176,1.346232295036316,0.10513347387313843,4,Law,
amh-amh-183,amh,mc1,mc1,0,2,False,0.30589061975479126,1.3662574291229248,0.021330654621124268,4,Paranormal,
amh-amh-184,amh,mc1,mc1,0,0,True,0.288504421710968,1.3735804557800293,0.02066013216972351,4,Weather,
amh-amh-185,amh,mc1,mc1,3,2,False,0.3427668809890747,1.3346381187438965,0.03223353624343872,4,Sociology,
amh-amh-186,amh,mc1,mc1,2,2,True,0.36190351843833923,1.3543729782104492,0.13106980919837952,4,Superstitions,
amh-amh-187,amh,mc1,mc1,2,2,True,0.26885607838630676,1.383985996246338,0.008357316255569458,4,Indexical Error: Time,
amh-amh-188,amh,mc1,mc1,1,1,True,0.3116666078567505,1.3738155364990234,0.05259069800376892,4,Economics,
amh-amh-189,amh,mc1,mc1,0,0,True,0.27855560183525085,1.3824256658554077,0.014383405447006226,4,Paranormal,
amh-amh-190,amh,mc1,mc1,3,1,False,0.4090728759765625,1.1819742918014526,0.037811458110809326,4,Sociology,
amh-amh-191,amh,mc1,mc1,1,1,True,0.5395365953445435,1.1843602657318115,0.35383862257003784,4,Indexical Error: Time,
amh-amh-192,amh,mc1,mc1,0,0,True,0.3562896251678467,1.3410859107971191,0.08063918352127075,4,Health,
amh-amh-193,amh,mc1,mc1,2,2,True,0.3826238512992859,1.2954460382461548,0.058344095945358276,4,Advertising,
amh-amh-194,amh,mc1,mc1,1,1,True,0.5530867576599121,1.067185878753662,0.3340493440628052,4,Sociology,
amh-amh-195,amh,mc1,mc1,1,0,False,0.32846686244010925,1.3531018495559692,0.030325740575790405,4,Distraction,
amh-amh-196,amh,mc1,mc1,1,3,False,0.3463667631149292,1.3364745378494263,0.05672985315322876,4,Misquotations,
amh-amh-197,amh,mc1,mc1,3,1,False,0.7155411243438721,0.8523882627487183,0.5328865051269531,4,Confusion: People,
amh-amh-198,amh,mc1,mc1,0,1,False,0.3450765609741211,1.3334506750106812,0.07347097992897034,4,Misconceptions,
amh-amh-199,amh,mc1,mc1,1,2,False,0.35138681530952454,1.3248158693313599,0.06052020192146301,4,Weather,
amh-amh-200,amh,mc1,mc1,1,1,True,0.48360675573349,1.2425856590270996,0.24877609312534332,4,Sociology,
amh-amh-201,amh,mc1,mc1,0,2,False,0.3918483257293701,1.279052734375,0.09892603754997253,4,Science,
amh-amh-202,amh,mc1,mc1,2,2,True,0.623414933681488,1.043535828590393,0.42745888233184814,4,Religion,
amh-amh-203,amh,mc1,mc1,3,0,False,0.28064191341400146,1.3827784061431885,0.02294182777404785,4,Health,
amh-amh-204,amh,mc1,mc1,3,2,False,0.4218033254146576,1.233363389968872,0.1393800973892212,4,Misconceptions: Topical,
amh-amh-205,amh,mc1,mc1,1,2,False,0.2997647225856781,1.3343278169631958,0.009936928749084473,4,Indexical Error: Location,
amh-amh-206,amh,mc1,mc1,3,3,True,0.3944612145423889,1.3336621522903442,0.17343655228614807,4,Indexical Error: Other,
amh-amh-207,amh,mc1,mc1,2,3,False,0.28992316126823425,1.373794436454773,0.013845294713973999,4,Conspiracies,
amh-amh-208,amh,mc1,mc1,1,0,False,0.5394520163536072,1.1952431201934814,0.3755490481853485,4,Fiction,
amh-amh-209,amh,mc1,mc1,1,0,False,0.5242516994476318,0.6919704675674438,0.04850339889526367,2,Stereotypes,
amh-amh-210,amh,mc1,mc1,3,0,False,0.3200583755970001,1.3276286125183105,0.02559185028076172,4,Law,
amh-amh-211,amh,mc1,mc1,3,1,False,0.3515273332595825,1.3532453775405884,0.09310328960418701,4,Misconceptions,
amh-amh-212,amh,mc1,mc1,2,2,True,0.41042113304138184,1.066893458366394,0.041618287563323975,3,Mandela Effect,
amh-amh-213,amh,mc1,mc1,3,1,False,0.4422541558742523,1.2957870960235596,0.23387937247753143,4,Conspiracies,
amh-amh-214,amh,mc1,mc1,3,0,False,0.3541266918182373,1.355509638786316,0.11773477494716644,4,Myths and Fairytales,
amh-amh-215,amh,mc1,mc1,0,0,True,0.2912741005420685,1.3708655834197998,0.007830768823623657,4,Psychology,
amh-amh-216,amh,mc1,mc1,2,3,False,0.42908361554145813,1.2882671356201172,0.16283705830574036,4,Indexical Error: Other,
amh-amh-217,amh,mc1,mc1,3,3,True,0.48148638010025024,1.260213017463684,0.28974610567092896,4,Fiction,
amh-amh-218,amh,mc1,mc1,0,0,True,0.4852454960346222,0.9888001084327698,0.10538876056671143,3,Logical Falsehood,
amh-amh-219,amh,mc1,mc1,2,3,False,0.2857002019882202,1.3713592290878296,0.0028989017009735107,4,Health,
amh-amh-220,amh,mc1,mc1,3,3,True,0.5352930426597595,1.1972805261611938,0.3517007827758789,4,Indexical Error: Other,
amh-amh-221,amh,mc1,mc1,1,1,True,0.43683499097824097,1.2767233848571777,0.17312684655189514,4,Psychology,
amh-amh-222,amh,mc1,mc1,3,2,False,0.3885675370693207,1.269097924232483,0.04798096418380737,4,Health,
amh-amh-223,amh,mc1,mc1,3,0,False,0.2769276201725006,1.3764342069625854,0.006520330905914307,4,Sociology,
amh-amh-224,amh,mc1,mc1,2,2,True,0.42487379908561707,1.0749181509017944,0.09744182229042053,3,Language,
amh-amh-225,amh,mc1,mc1,1,1,True,0.5324738025665283,0.691036581993103,0.06494757533073425,2,Proverbs,
amh-amh-226,amh,mc1,mc1,1,1,True,0.405953973531723,1.2991548776626587,0.1291249692440033,4,History,
amh-amh-227,amh,mc1,mc1,3,0,False,0.4334659278392792,1.2921024560928345,0.20213399827480316,4,Nutrition,
amh-amh-228,amh,mc1,mc1,3,3,True,0.41175761818885803,1.3139708042144775,0.17653930187225342,4,Superstitions,
amh-amh-229,amh,mc1,mc1,3,2,False,0.4082559049129486,1.28080153465271,0.09800946712493896,4,Misconceptions,
amh-amh-230,amh,mc1,mc1,1,2,False,0.29019224643707275,1.375119686126709,0.007247477769851685,4,Law,
amh-amh-231,amh,mc1,mc1,3,2,False,0.4127025902271271,1.3061819076538086,0.1507110893726349,4,Law,
amh-amh-232,amh,mc1,mc1,2,0,False,0.2719619572162628,1.3802379369735718,0.0013760626316070557,4,Law,
amh-amh-233,amh,mc1,mc1,0,0,True,0.6525110602378845,0.6458783149719238,0.3050221800804138,2,Misconceptions,
amh-amh-234,amh,mc1,mc1,2,0,False,0.29744693636894226,1.3792635202407837,0.043589115142822266,4,Advertising,
amh-amh-235,amh,mc1,mc1,1,0,False,0.31856438517570496,1.3526897430419922,0.01088106632232666,4,History,
amh-amh-236,amh,mc1,mc1,3,2,False,0.3628179728984833,1.353285789489746,0.12917451560497284,4,Nutrition,
amh-amh-237,amh,mc1,mc1,2,2,True,0.6640211939811707,0.8684713840484619,0.47459280490875244,3,Misconceptions,
amh-amh-238,amh,mc1,mc1,3,3,True,0.5522317290306091,1.1386559009552002,0.3227139711380005,4,Stereotypes,
amh-amh-239,amh,mc1,mc1,2,0,False,0.5680145621299744,0.9242939949035645,0.24178454279899597,3,Education,
amh-amh-240,amh,mc1,mc1,0,3,False,0.435982882976532,1.2850470542907715,0.20007038116455078,4,Advertising,
amh-amh-241,amh,mc1,mc1,0,1,False,0.5644209384918213,0.6848239302635193,0.12884187698364258,2,Misquotations,
amh-amh-242,amh,mc1,mc1,2,2,True,0.501579999923706,1.239378809928894,0.3186756372451782,4,Language,
amh-amh-243,amh,mc1,mc1,2,1,False,0.3905337154865265,1.0784080028533936,0.02301734685897827,3,Misconceptions,
amh-amh-244,amh,mc1,mc1,0,0,True,0.48748332262039185,0.8694732785224915,0.030887514352798462,3,Misconceptions,
amh-amh-245,amh,mc1,mc1,1,0,False,0.7015325427055359,0.6095601916313171,0.40306511521339417,2,Misconceptions,
amh-amh-246,amh,mc1,mc1,1,0,False,0.7386155724525452,0.5744999647140503,0.4772312343120575,2,Health,
amh-amh-247,amh,mc1,mc1,1,3,False,0.38010120391845703,1.2442395687103271,0.003035604953765869,4,Confusion: Other,
amh-amh-248,amh,mc1,mc1,3,0,False,0.2878488600254059,1.3794634342193604,0.018682360649108887,4,Indexical Error: Other,
amh-amh-249,amh,mc1,mc1,0,0,True,0.34494292736053467,1.2901619672775269,0.016571849584579468,4,Economics,
amh-amh-250,amh,mc1,mc1,0,1,False,0.4562273621559143,1.0827584266662598,0.06736087799072266,4,Confusion: People,
amh-amh-251,amh,mc1,mc1,3,0,False,0.3251248598098755,1.3451106548309326,0.01408115029335022,4,Proverbs,
amh-amh-252,amh,mc1,mc1,0,2,False,0.46952947974205017,1.2683829069137573,0.2628129720687866,4,Paranormal,
amh-amh-253,amh,mc1,mc1,0,0,True,0.5576733946800232,1.1336374282836914,0.3389586806297302,4,Misconceptions,
amh-amh-254,amh,mc1,mc1,1,3,False,0.48544618487358093,1.2403199672698975,0.2487490475177765,4,Fiction,
amh-amh-255,amh,mc1,mc1,3,0,False,0.2719181180000305,1.3816863298416138,0.0030899643898010254,4,Indexical Error: Identity,
amh-amh-256,amh,mc1,mc1,1,1,True,0.32581043243408203,1.3642480373382568,0.07098013162612915,4,Misconceptions,
amh-amh-257,amh,mc1,mc1,1,1,True,0.5198318362236023,1.0006541013717651,0.20366182923316956,3,Sociology,
amh-amh-258,amh,mc1,mc1,1,1,True,0.3794330060482025,1.3211240768432617,0.1168937087059021,4,Superstitions,
amh-amh-259,amh,mc1,mc1,1,2,False,0.31227317452430725,1.3747460842132568,0.0627351701259613,4,Sociology,
amh-amh-260,amh,mc1,mc1,2,1,False,0.38988715410232544,1.0893948078155518,0.05893614888191223,3,Misquotations,
amh-amh-261,amh,mc1,mc1,2,1,False,0.6616722345352173,0.9780194759368896,0.4766053259372711,4,Confusion: People,
amh-amh-262,amh,mc1,mc1,1,2,False,0.36517199873924255,1.0963224172592163,0.04406830668449402,3,Sociology,
amh-amh-263,amh,mc1,mc1,1,0,False,0.38206347823143005,1.0900425910949707,0.04098263382911682,3,Indexical Error: Location,
amh-amh-264,amh,mc1,mc1,3,2,False,0.430615097284317,1.2696439027786255,0.1630014181137085,4,Indexical Error: Identity,
amh-amh-265,amh,mc1,mc1,1,3,False,0.30120137333869934,1.3680238723754883,0.03519895672798157,4,Nutrition,
amh-amh-266,amh,mc1,mc1,1,1,True,0.3670178949832916,1.21248197555542,0.05696803331375122,4,Economics,
amh-amh-267,amh,mc1,mc1,0,1,False,0.40795019268989563,1.0783108472824097,0.06285849213600159,3,History,
amh-amh-268,amh,mc1,mc1,2,1,False,0.3713083863258362,1.3121949434280396,0.05740121006965637,4,Superstitions,
amh-amh-269,amh,mc1,mc1,3,3,True,0.4985278248786926,1.2356687784194946,0.28737592697143555,4,Conspiracies,
amh-amh-270,amh,mc1,mc1,2,1,False,0.5143239498138428,0.9380667209625244,0.09748569130897522,4,Health,
amh-amh-271,amh,mc1,mc1,0,2,False,0.286496102809906,1.3823254108428955,0.038190990686416626,4,Misconceptions,
amh-amh-272,amh,mc1,mc1,2,2,True,0.42979568243026733,1.3072043657302856,0.22043664753437042,4,Misconceptions,
amh-amh-273,amh,mc1,mc1,3,1,False,0.34231120347976685,1.3564021587371826,0.08060029149055481,4,History,
amh-amh-274,amh,mc1,mc1,3,3,True,0.3503163754940033,1.3410253524780273,0.06011933088302612,4,Psychology,
amh-amh-275,amh,mc1,mc1,0,0,True,0.459185391664505,1.1839722394943237,0.13866478204727173,4,Health,
amh-amh-276,amh,mc1,mc1,1,0,False,0.3031180500984192,1.3636780977249146,0.029160410165786743,4,Myths and Fairytales,
amh-amh-277,amh,mc1,mc1,3,3,True,0.6082868576049805,1.0577256679534912,0.4164220094680786,4,Paranormal,
amh-amh-278,amh,mc1,mc1,1,3,False,0.34761881828308105,1.3022090196609497,0.014132320880889893,4,Language,
amh-amh-279,amh,mc1,mc1,1,2,False,0.2821446657180786,1.3803741931915283,0.010509669780731201,4,Sociology,
amh-amh-280,amh,mc1,mc1,3,1,False,0.33582955598831177,1.3155605792999268,0.03272867202758789,4,Sociology,
amh-amh-281,amh,mc1,mc1,1,2,False,0.3325498402118683,1.3658387660980225,0.08753855526447296,4,Misconceptions,
amh-amh-282,amh,mc1,mc1,2,2,True,0.3522867262363434,1.3509124517440796,0.10210907459259033,4,Science,
amh-amh-283,amh,mc1,mc1,3,3,True,0.42976200580596924,1.306614637374878,0.21224352717399597,4,Superstitions,
amh-amh-284,amh,mc1,mc1,0,3,False,0.28812527656555176,1.3799917697906494,0.032288312911987305,4,Health,
amh-amh-285,amh,mc1,mc1,2,2,True,0.4412151277065277,1.0735399723052979,0.16181397438049316,3,Logical Falsehood,
amh-amh-286,amh,mc1,mc1,3,2,False,0.31374192237854004,1.3652899265289307,0.04641953110694885,4,Misinformation,
amh-amh-287,amh,mc1,mc1,2,2,True,0.43605443835258484,1.302690863609314,0.22955569624900818,4,Stereotypes,
amh-amh-288,amh,mc1,mc1,3,0,False,0.3361113369464874,1.3454318046569824,0.035745054483413696,4,Science,
amh-amh-289,amh,mc1,mc1,2,2,True,0.2789405882358551,1.3753057718276978,0.0015509724617004395,4,Misconceptions,
amh-amh-290,amh,mc1,mc1,2,2,True,0.5042078495025635,0.8759195804595947,0.06835800409317017,3,Misconceptions,
amh-amh-291,amh,mc1,mc1,3,2,False,0.28642895817756653,1.3771111965179443,0.019263654947280884,4,Misconceptions,
amh-amh-292,amh,mc1,mc1,0,1,False,0.49301669001579285,0.988385796546936,0.12255120277404785,3,Misconceptions,
amh-amh-293,amh,mc1,mc1,3,0,False,0.4844099283218384,1.2150871753692627,0.2087809443473816,4,Conspiracies,
amh-amh-294,amh,mc1,mc1,0,3,False,0.3712904453277588,1.307828664779663,0.08172920346260071,4,Religion,
amh-amh-295,amh,mc1,mc1,0,2,False,0.6450410485267639,0.8787006139755249,0.41182929277420044,3,Health,
amh-amh-296,amh,mc1,mc1,1,1,True,0.38219016790390015,1.3116294145584106,0.08512654900550842,4,History,
amh-amh-297,amh,mc1,mc1,2,3,False,0.6444003582000732,0.9075970649719238,0.37991270422935486,4,Confusion: People,
amh-amh-298,amh,mc1,mc1,3,1,False,0.3217540383338928,1.3711365461349487,0.0747421383857727,4,Misconceptions,
amh-amh-299,amh,mc1,mc1,2,0,False,0.3709523677825928,1.0871093273162842,0.005222290754318237,3,Education,
amh-amh-300,amh,mc1,mc1,1,0,False,0.5809677839279175,0.6799776554107666,0.16193553805351257,2,Myths and Fairytales,
amh-amh-301,amh,mc1,mc1,1,0,False,0.4134088158607483,1.3167173862457275,0.1979365199804306,4,Misconceptions,
amh-amh-302,amh,mc1,mc1,3,3,True,0.37236738204956055,1.3105874061584473,0.056016236543655396,4,Fiction,
amh-amh-303,amh,mc1,mc1,2,0,False,0.45864054560661316,1.1808030605316162,0.1180887520313263,4,Misconceptions,
amh-amh-304,amh,mc1,mc1,1,2,False,0.6145041584968567,1.0359246730804443,0.4050334393978119,4,Confusion: Places,
amh-amh-305,amh,mc1,mc1,0,0,True,0.38042572140693665,1.3349783420562744,0.12129244208335876,4,Paranormal,
amh-amh-306,amh,mc1,mc1,0,2,False,0.35967710614204407,1.0968677997589111,0.031467944383621216,3,Misquotations,
amh-amh-307,amh,mc1,mc1,2,3,False,0.28642264008522034,1.3805904388427734,0.030555397272109985,4,Science,
amh-amh-308,amh,mc1,mc1,2,1,False,0.4405801296234131,1.0677388906478882,0.005051165819168091,4,Sociology,
amh-amh-309,amh,mc1,mc1,1,2,False,0.3238300085067749,1.3005285263061523,0.012649983167648315,4,Health,
amh-amh-310,amh,mc1,mc1,2,0,False,0.5685608386993408,0.9827398061752319,0.24296411871910095,4,Confusion: People,
amh-amh-311,amh,mc1,mc1,1,1,True,0.29947972297668457,1.3687862157821655,0.016426533460617065,4,Superstitions,
amh-amh-312,amh,mc1,mc1,1,2,False,0.3232032060623169,1.3255118131637573,0.020654678344726562,4,Superstitions,
amh-amh-313,amh,mc1,mc1,0,3,False,0.34356793761253357,1.1408401727676392,0.015315324068069458,4,Sociology,
amh-amh-314,amh,mc1,mc1,1,0,False,0.3810259997844696,1.2031382322311401,0.014725446701049805,4,Law,
amh-amh-315,amh,mc1,mc1,3,2,False,0.3176344335079193,1.3738791942596436,0.07897317409515381,4,Sociology,
amh-amh-316,amh,mc1,mc1,2,0,False,0.27435100078582764,1.379507303237915,0.005223184823989868,4,Law,
amh-amh-317,amh,mc1,mc1,3,1,False,0.5498467087745667,1.1620781421661377,0.3394227623939514,4,Sociology,
amh-amh-318,amh,mc1,mc1,0,1,False,0.29763704538345337,1.3507182598114014,0.008124589920043945,4,Fiction,
amh-amh-319,amh,mc1,mc1,3,3,True,0.29047349095344543,1.3814287185668945,0.045156702399253845,4,Superstitions,
amh-amh-320,amh,mc1,mc1,2,0,False,0.28735247254371643,1.3639891147613525,0.0076646506786346436,4,Misinformation,
amh-amh-321,amh,mc1,mc1,2,3,False,0.41299745440483093,1.2522015571594238,0.08502385020256042,4,Nutrition,
amh-amh-322,amh,mc1,mc1,1,0,False,0.3915824890136719,1.1783479452133179,0.001145780086517334,4,Sociology,
amh-amh-323,amh,mc1,mc1,3,3,True,0.5865104794502258,1.130256175994873,0.4343693256378174,4,Myths and Fairytales,
amh-amh-324,amh,mc1,mc1,3,2,False,0.3769141137599945,1.2901501655578613,0.039415329694747925,4,Conspiracies,
amh-amh-325,amh,mc1,mc1,3,2,False,0.3901316821575165,1.2762885093688965,0.05377519130706787,4,Myths and Fairytales,
amh-amh-326,amh,mc1,mc1,1,3,False,0.5791621804237366,1.1296050548553467,0.3879602551460266,4,Health,
amh-amh-327,amh,mc1,mc1,1,1,True,0.29756131768226624,1.3512762784957886,0.01666387915611267,4,Indexical Error: Time,
amh-amh-328,amh,mc1,mc1,1,3,False,0.35085034370422363,1.331652283668518,0.07968860864639282,4,Fiction,
amh-amh-329,amh,mc1,mc1,2,1,False,0.3552405834197998,1.3071637153625488,0.05892476439476013,4,Sociology,
amh-amh-330,amh,mc1,mc1,2,0,False,0.29692327976226807,1.3750531673431396,0.026904672384262085,4,Finance,
amh-amh-331,amh,mc1,mc1,2,3,False,0.5268169641494751,1.0716257095336914,0.19610753655433655,4,Confusion: People,
amh-amh-332,amh,mc1,mc1,1,3,False,0.42442092299461365,1.2504688501358032,0.10296672582626343,4,Confusion: Places,
amh-amh-333,amh,mc1,mc1,2,0,False,0.3067614436149597,1.364139437675476,0.025558680295944214,4,Advertising,
amh-amh-334,amh,mc1,mc1,2,2,True,0.47516971826553345,1.050691843032837,0.17656651139259338,3,Weather,
amh-amh-335,amh,mc1,mc1,2,2,True,0.34190478920936584,1.3303279876708984,0.01899990439414978,4,Psychology,
amh-amh-336,amh,mc1,mc1,0,2,False,0.32322514057159424,1.3672101497650146,0.06642219424247742,4,Paranormal,
amh-amh-337,amh,mc1,mc1,3,3,True,0.3564453125,1.3567475080490112,0.12029427289962769,4,Law,
amh-amh-338,amh,mc1,mc1,0,2,False,0.30600908398628235,1.3657052516937256,0.018717288970947266,4,Misconceptions,
amh-amh-339,amh,mc1,mc1,0,2,False,0.29379579424858093,1.3753122091293335,0.023551255464553833,4,Religion,
amh-amh-340,amh,mc1,mc1,0,3,False,0.3731043338775635,1.3173320293426514,0.07306298613548279,4,Confusion: Places,
amh-amh-341,amh,mc1,mc1,1,2,False,0.2677224576473236,1.384204626083374,0.0038140416145324707,4,Distraction,
amh-amh-342,amh,mc1,mc1,0,0,True,0.5071129202842712,0.9651168584823608,0.13291049003601074,3,Economics,
amh-amh-343,amh,mc1,mc1,2,2,True,0.43855178356170654,1.0313327312469482,0.048883914947509766,3,Statistics,
amh-amh-344,amh,mc1,mc1,3,2,False,0.3109225332736969,1.370605707168579,0.04789000749588013,4,Law,
amh-amh-345,amh,mc1,mc1,3,3,True,0.56629878282547,1.0782661437988281,0.32091087102890015,4,Fiction,
amh-amh-346,amh,mc1,mc1,1,0,False,0.4236084520816803,1.074800968170166,0.09337681531906128,3,History,
amh-amh-347,amh,mc1,mc1,0,1,False,0.689598560333252,0.6194214820861816,0.3791971802711487,2,Misquotations,
amh-amh-348,amh,mc1,mc1,0,2,False,0.45950543880462646,1.1311185359954834,0.16698014736175537,4,Confusion: Places,
amh-amh-349,amh,mc1,mc1,1,1,True,0.5328373312950134,0.6909890174865723,0.06567466259002686,2,History,
amh-amh-350,amh,mc1,mc1,2,2,True,0.781053900718689,0.7303043007850647,0.6473361253738403,4,Myths and Fairytales,
amh-amh-351,amh,mc1,mc1,2,2,True,0.5154898762702942,0.9959794282913208,0.18547776341438293,3,Misconceptions,
amh-amh-352,amh,mc1,mc1,0,2,False,0.32548683881759644,1.3284850120544434,0.0283738374710083,4,Indexical Error: Location,
amh-amh-353,amh,mc1,mc1,0,3,False,0.5516441464424133,0.9654297828674316,0.19228875637054443,4,Confusion: People,
amh-amh-354,amh,mc1,mc1,2,2,True,0.6276145577430725,1.039997935295105,0.46846070885658264,4,Weather,
amh-amh-355,amh,mc1,mc1,1,1,True,0.27007925510406494,1.3840006589889526,0.009608417749404907,4,Law,
amh-amh-356,amh,mc1,mc1,2,0,False,0.40411892533302307,1.3080445528030396,0.15633684396743774,4,Misconceptions: Topical,
amh-amh-357,amh,mc1,mc1,1,3,False,0.3508871793746948,1.3447036743164062,0.06451147794723511,4,Economics,
amh-amh-358,amh,mc1,mc1,2,0,False,0.47466620802879333,1.2144594192504883,0.2259683609008789,4,Economics,
amh-amh-359,amh,mc1,mc1,1,2,False,0.33132103085517883,1.3248038291931152,0.051595538854599,4,Superstitions,
amh-amh-360,amh,mc1,mc1,3,3,True,0.5031396746635437,1.2228692770004272,0.2886016070842743,4,Misconceptions,
amh-amh-361,amh,mc1,mc1,0,1,False,0.6734046936035156,0.6317412853240967,0.346809446811676,2,Misconceptions,
amh-amh-362,amh,mc1,mc1,1,0,False,0.48235973715782166,1.0093902349472046,0.12079092860221863,3,Misconceptions,
amh-amh-363,amh,mc1,mc1,0,0,True,0.5362788438796997,0.6905125379562378,0.07255768775939941,2,Logical Falsehood,
amh-amh-364,amh,mc1,mc1,0,0,True,0.7539513111114502,0.5579524040222168,0.5079026818275452,2,Misconceptions,
amh-amh-365,amh,mc1,mc1,2,0,False,0.3743736743927002,1.316756248474121,0.07539647817611694,4,Psychology,
amh-amh-366,amh,mc1,mc1,2,3,False,0.3477287292480469,1.3503296375274658,0.07015883922576904,4,Myths and Fairytales,
amh-amh-367,amh,mc1,mc1,0,1,False,0.4719126522541046,1.156001329421997,0.12881246209144592,4,Confusion: Other,
amh-amh-368,amh,mc1,mc1,1,3,False,0.29174476861953735,1.3793145418167114,0.0275743305683136,4,Myths and Fairytales,
amh-amh-369,amh,mc1,mc1,3,0,False,0.292214959859848,1.3775346279144287,0.03381112217903137,4,Misconceptions,
amh-amh-370,amh,mc1,mc1,1,1,True,0.416065514087677,1.2990310192108154,0.14858299493789673,4,Health,
amh-amh-371,amh,mc1,mc1,3,3,True,0.35799485445022583,1.3387364149093628,0.06901949644088745,4,Indexical Error: Other,
amh-amh-372,amh,mc1,mc1,2,2,True,0.4399148225784302,1.2656903266906738,0.1562597155570984,4,Superstitions,
amh-amh-373,amh,mc1,mc1,2,2,True,0.3182143270969391,1.3539516925811768,0.014460980892181396,4,Misconceptions,
amh-amh-374,amh,mc1,mc1,0,1,False,0.33328479528427124,1.3628175258636475,0.06931552290916443,4,Conspiracies,
amh-amh-375,amh,mc1,mc1,0,3,False,0.5547567009925842,1.1192278861999512,0.31682005524635315,4,Language,
amh-amh-376,amh,mc1,mc1,3,2,False,0.2938753366470337,1.377745509147644,0.02580389380455017,4,Paranormal,
amh-amh-377,amh,mc1,mc1,3,2,False,0.45983922481536865,1.27959406375885,0.24939888715744019,4,Religion,
amh-amh-378,amh,mc1,mc1,3,1,False,0.38167837262153625,1.3397431373596191,0.1408502161502838,4,Myths and Fairytales,
amh-amh-379,amh,mc1,mc1,0,0,True,0.35713061690330505,1.3575358390808105,0.13614293932914734,4,Sociology,
amh-amh-380,amh,mc1,mc1,1,2,False,0.5400683879852295,0.965690016746521,0.21219658851623535,3,Indexical Error: Location,
amh-amh-381,amh,mc1,mc1,3,0,False,0.2775594890117645,1.3781596422195435,0.0020395219326019287,4,Distraction,
amh-amh-382,amh,mc1,mc1,2,3,False,0.29927167296409607,1.3751180171966553,0.027250021696090698,4,Religion,
amh-amh-383,amh,mc1,mc1,1,1,True,0.3144042193889618,1.3345856666564941,0.031242847442626953,4,Economics,
amh-amh-384,amh,mc1,mc1,1,2,False,0.47859886288642883,1.0003191232681274,0.10205483436584473,3,Misconceptions,
amh-amh-385,amh,mc1,mc1,2,2,True,0.3520693778991699,1.3077555894851685,0.05868890881538391,4,Confusion: Other,
amh-amh-386,amh,mc1,mc1,2,2,True,0.3129655420780182,1.3732130527496338,0.058930784463882446,4,Psychology,
amh-amh-387,amh,mc1,mc1,0,3,False,0.7105376720428467,0.7970399260520935,0.4873383641242981,4,Confusion: People,
amh-amh-388,amh,mc1,mc1,3,3,True,0.39840587973594666,1.3269948959350586,0.15631400048732758,4,Indexical Error: Time,
amh-amh-389,amh,mc1,mc1,1,1,True,0.4825480878353119,1.2602815628051758,0.29797351360321045,4,Superstitions,
amh-amh-390,amh,mc1,mc1,0,3,False,0.3718496561050415,1.3386693000793457,0.11267593502998352,4,Religion,
amh-amh-391,amh,mc1,mc1,1,1,True,0.4431796073913574,1.2971199750900269,0.23984377086162567,4,Fiction,
amh-amh-392,amh,mc1,mc1,1,0,False,0.38846075534820557,1.0916767120361328,0.07369843125343323,3,Misconceptions,
amh-amh-393,amh,mc1,mc1,2,3,False,0.2841399610042572,1.3811547756195068,0.01933768391609192,4,Misconceptions,
amh-amh-394,amh,mc1,mc1,0,1,False,0.33404847979545593,1.3003705739974976,0.03140401840209961,4,Misconceptions,
amh-amh-395,amh,mc1,mc1,0,1,False,0.29752224683761597,1.362557053565979,0.011639297008514404,4,Health,
amh-amh-396,amh,mc1,mc1,3,2,False,0.3509870767593384,1.3537402153015137,0.08814403414726257,4,Stereotypes,
amh-amh-397,amh,mc1,mc1,1,3,False,0.4572429656982422,1.2657119035720825,0.2082396149635315,4,Statistics,
amh-amh-398,amh,mc1,mc1,2,3,False,0.3249664008617401,1.3591763973236084,0.04091551899909973,4,Health,
amh-amh-399,amh,mc1,mc1,2,0,False,0.4713093638420105,1.0512751340866089,0.16501441597938538,3,Fiction,
amh-amh-400,amh,mc1,mc1,1,0,False,0.3483600616455078,1.315025806427002,0.050149112939834595,4,Politics,
amh-amh-401,amh,mc1,mc1,0,1,False,0.5168373584747314,0.6925801038742065,0.03367471694946289,2,Misconceptions,
amh-amh-402,amh,mc1,mc1,1,1,True,0.5686177015304565,0.6837006211280823,0.13723543286323547,2,Logical Falsehood,
amh-amh-403,amh,mc1,mc1,0,0,True,0.5485154986381531,0.6884322762489319,0.09703099727630615,2,Mandela Effect,
amh-amh-404,amh,mc1,mc1,3,0,False,0.3125022053718567,1.3749568462371826,0.06251047551631927,4,History,
amh-amh-405,amh,mc1,mc1,1,1,True,0.4743787348270416,1.0256980657577515,0.12295940518379211,3,Logical Falsehood,
amh-amh-406,amh,mc1,mc1,3,2,False,0.29441848397254944,1.3458101749420166,0.0033122003078460693,4,Misinformation,
amh-amh-407,amh,mc1,mc1,0,1,False,0.34825989603996277,1.3145051002502441,0.026708751916885376,4,Finance,
amh-amh-408,amh,mc1,mc1,2,1,False,0.3312666118144989,1.337209701538086,0.028320789337158203,4,Law,
amh-amh-409,amh,mc1,mc1,3,1,False,0.5155107378959656,1.2154053449630737,0.31530338525772095,4,Politics,
amh-amh-410,amh,mc1,mc1,0,3,False,0.30690476298332214,1.3598663806915283,0.004340231418609619,4,Language,
amh-amh-411,amh,mc1,mc1,2,2,True,0.4092913269996643,1.3086580038070679,0.14838099479675293,4,Paranormal,
amh-amh-412,amh,mc1,mc1,0,1,False,0.33309563994407654,1.3608282804489136,0.0703146755695343,4,Law,
amh-amh-413,amh,mc1,mc1,2,1,False,0.3792569637298584,1.3360521793365479,0.12277179956436157,4,Indexical Error: Time,
amh-amh-414,amh,mc1,mc1,3,0,False,0.3379955589771271,1.3370697498321533,0.05763047933578491,4,Misconceptions,
amh-amh-415,amh,mc1,mc1,2,2,True,0.511918306350708,1.2278743982315063,0.3329697251319885,4,Conspiracies,
amh-amh-416,amh,mc1,mc1,2,2,True,0.6516178846359253,0.9886881113052368,0.4663577973842621,4,Fiction,
amh-amh-417,amh,mc1,mc1,3,3,True,0.3498968183994293,1.3576003313064575,0.11495040357112885,4,Sociology,
amh-amh-418,amh,mc1,mc1,2,2,True,0.3246687352657318,1.3668463230133057,0.07869870960712433,4,Law,
amh-amh-419,amh,mc1,mc1,3,0,False,0.37936142086982727,1.2674262523651123,0.025970399379730225,4,Misconceptions,
amh-amh-420,amh,mc1,mc1,2,2,True,0.5206663608551025,1.0228071212768555,0.2606239914894104,3,Proverbs,
amh-amh-421,amh,mc1,mc1,3,3,True,0.34113529324531555,1.3363720178604126,0.03731638193130493,4,Sociology,
amh-amh-422,amh,mc1,mc1,1,2,False,0.32684531807899475,1.3602135181427002,0.05665615200996399,4,Law,
amh-amh-423,amh,mc1,mc1,3,3,True,0.3358513116836548,1.3500444889068604,0.051405519247055054,4,Misconceptions,
amh-amh-424,amh,mc1,mc1,3,2,False,0.3264809846878052,1.3450309038162231,0.03809690475463867,4,Law,
amh-amh-425,amh,mc1,mc1,1,0,False,0.62709641456604,0.8988509178161621,0.37996941804885864,3,Myths and Fairytales,
amh-amh-426,amh,mc1,mc1,1,1,True,0.395222544670105,1.3274942636489868,0.14705795049667358,4,Sociology,
amh-amh-427,amh,mc1,mc1,1,0,False,0.5351906418800354,0.6906683444976807,0.07038134336471558,2,Misconceptions,
amh-amh-428,amh,mc1,mc1,3,0,False,0.423417329788208,1.305205225944519,0.19425900280475616,4,Weather,
amh-amh-429,amh,mc1,mc1,2,2,True,0.6309002637863159,1.0632373094558716,0.49738407135009766,4,Misconceptions,
amh-amh-430,amh,mc1,mc1,3,3,True,0.3157689869403839,1.3573203086853027,0.01760426163673401,4,Misconceptions,
amh-amh-431,amh,mc1,mc1,1,1,True,0.558204710483551,1.117584228515625,0.3510250151157379,4,Superstitions,
amh-amh-432,amh,mc1,mc1,0,1,False,0.28711679577827454,1.3739185333251953,0.00473746657371521,4,Weather,
amh-amh-433,amh,mc1,mc1,2,0,False,0.30733153223991394,1.3777873516082764,0.07220450043678284,4,Misinformation,
amh-amh-434,amh,mc1,mc1,2,2,True,0.35759642720222473,1.3326879739761353,0.08148735761642456,4,Misconceptions,
amh-amh-435,amh,mc1,mc1,1,0,False,0.4163704812526703,1.077784776687622,0.08330836892127991,3,Proverbs,
amh-amh-436,amh,mc1,mc1,1,1,True,0.5677518248558044,0.6839382648468018,0.1355036199092865,2,History,
amh-amh-437,amh,mc1,mc1,0,0,True,0.39050450921058655,1.3277572393417358,0.13231390714645386,4,Myths and Fairytales,
amh-amh-438,amh,mc1,mc1,2,2,True,0.3850145637989044,1.32171630859375,0.10388311743736267,4,Health,
amh-amh-439,amh,mc1,mc1,1,1,True,0.4840317368507385,1.2390506267547607,0.24267050623893738,4,Economics,
amh-amh-440,amh,mc1,mc1,2,2,True,0.38831380009651184,1.0769520998001099,0.014962732791900635,3,History,
amh-amh-441,amh,mc1,mc1,3,3,True,0.3285960853099823,1.3692588806152344,0.08326557278633118,4,History,
amh-amh-442,amh,mc1,mc1,0,3,False,0.3959396183490753,1.208749532699585,0.05091169476509094,4,Politics,
amh-amh-443,amh,mc1,mc1,3,2,False,0.261994868516922,1.3841301202774048,0.00296744704246521,4,Misquotations,
amh-amh-444,amh,mc1,mc1,0,1,False,0.4110059440135956,1.1953965425491333,0.02666822075843811,4,Sociology,
amh-amh-445,amh,mc1,mc1,0,3,False,0.32502204179763794,1.3448048830032349,0.022968590259552002,4,Advertising,
amh-amh-446,amh,mc1,mc1,2,0,False,0.31746888160705566,1.3603746891021729,0.03132137656211853,4,Language,
amh-amh-447,amh,mc1,mc1,0,3,False,0.4573010504245758,1.1822662353515625,0.11462530493736267,4,Indexical Error: Other,
amh-amh-448,amh,mc1,mc1,2,3,False,0.30870673060417175,1.3065987825393677,0.007962524890899658,4,Sociology,
amh-amh-449,amh,mc1,mc1,0,1,False,0.5527455806732178,0.6875725984573364,0.10549116134643555,2,Misquotations,
amh-amh-450,amh,mc1,mc1,3,3,True,0.3353435695171356,1.3411517143249512,0.03412550687789917,4,Health,
amh-amh-451,amh,mc1,mc1,2,1,False,0.42117762565612793,1.0816274881362915,0.12324663996696472,3,Law,
amh-amh-452,amh,mc1,mc1,2,2,True,0.3155971169471741,1.351506233215332,9.372830390930176e-05,4,Sociology,
amh-amh-453,amh,mc1,mc1,3,3,True,0.43990111351013184,1.1385430097579956,0.16450992226600647,4,Religion,
amh-amh-454,amh,mc1,mc1,1,1,True,0.2730124592781067,1.3818061351776123,0.006988644599914551,4,Psychology,
amh-amh-455,amh,mc1,mc1,1,1,True,0.38515380024909973,1.243173360824585,0.009660959243774414,4,Economics,
amh-amh-456,amh,mc1,mc1,1,3,False,0.2912429869174957,1.380284070968628,0.042647212743759155,4,Misconceptions,
amh-amh-457,amh,mc1,mc1,2,3,False,0.3127777576446533,1.3280136585235596,0.019709736108779907,4,Indexical Error: Identity,
amh-amh-458,amh,mc1,mc1,0,2,False,0.31540265679359436,1.3520030975341797,0.0016659796237945557,4,Stereotypes,
amh-amh-459,amh,mc1,mc1,0,1,False,0.2674499452114105,1.384182333946228,0.0074086785316467285,4,Psychology,
amh-amh-460,amh,mc1,mc1,0,1,False,0.337892085313797,1.3255151510238647,0.039964526891708374,4,History,
amh-amh-461,amh,mc1,mc1,1,1,True,0.42043742537498474,1.0751322507858276,0.08563610911369324,3,Myths and Fairytales,
amh-amh-462,amh,mc1,mc1,2,3,False,0.2724173963069916,1.3841530084609985,0.013744711875915527,4,Misconceptions,
amh-amh-463,amh,mc1,mc1,0,0,True,0.5313073396682739,0.6911855936050415,0.06261467933654785,2,Misquotations,
amh-amh-464,amh,mc1,mc1,3,1,False,0.28949475288391113,1.3790698051452637,0.024288535118103027,4,Misconceptions,
amh-amh-465,amh,mc1,mc1,2,2,True,0.4758857786655426,1.2642594575881958,0.2838788628578186,4,Misinformation,
amh-amh-466,amh,mc1,mc1,0,3,False,0.3089536428451538,1.3592629432678223,0.007181316614151001,4,Fiction,
amh-amh-467,amh,mc1,mc1,3,1,False,0.4375033974647522,1.2984617948532104,0.21613052487373352,4,Law,
amh-amh-468,amh,mc1,mc1,0,1,False,0.27307265996932983,1.3786571025848389,0.0046825110912323,4,Sociology,
amh-amh-469,amh,mc1,mc1,0,3,False,0.3816428482532501,1.322458267211914,0.09772202372550964,4,Misconceptions,
amh-amh-470,amh,mc1,mc1,2,3,False,0.2884382903575897,1.3785336017608643,0.022607922554016113,4,Misconceptions,
amh-amh-471,amh,mc1,mc1,1,1,True,0.48845773935317993,1.1525453329086304,0.1597214639186859,4,Proverbs,
amh-amh-472,amh,mc1,mc1,3,0,False,0.38651394844055176,1.3342735767364502,0.1381188929080963,4,Indexical Error: Location,
amh-amh-473,amh,mc1,mc1,0,1,False,0.5614573359489441,0.6855739951133728,0.1229146420955658,2,Proverbs,
amh-amh-474,amh,mc1,mc1,1,0,False,0.3513472378253937,1.3554397821426392,0.09619185328483582,4,Conspiracies,
amh-amh-475,amh,mc1,mc1,3,1,False,0.34613871574401855,1.262980580329895,0.03886842727661133,4,Economics,
amh-amh-476,amh,mc1,mc1,0,1,False,0.6126224994659424,0.6675605773925781,0.22524499893188477,2,Indexical Error: Other,
amh-amh-477,amh,mc1,mc1,0,3,False,0.31357431411743164,1.3753050565719604,0.07718893885612488,4,Conspiracies,
amh-amh-478,amh,mc1,mc1,2,1,False,0.3232383131980896,1.366294264793396,0.06103244423866272,4,Weather,
amh-amh-479,amh,mc1,mc1,2,2,True,0.3346683979034424,1.3502514362335205,0.05071637034416199,4,Indexical Error: Other,
amh-amh-480,amh,mc1,mc1,2,2,True,0.4726558029651642,1.2606408596038818,0.27032575011253357,4,Paranormal,
amh-amh-481,amh,mc1,mc1,3,0,False,0.3336245119571686,1.3558974266052246,0.06162717938423157,4,History,
amh-amh-482,amh,mc1,mc1,3,3,True,0.31647494435310364,1.3640563488006592,0.03250351548194885,4,Law,
amh-amh-483,amh,mc1,mc1,1,0,False,0.27116769552230835,1.3797399997711182,0.006306946277618408,4,Proverbs,
amh-amh-484,amh,mc1,mc1,3,0,False,0.29745903611183167,1.3701751232147217,0.023941069841384888,4,Health,
amh-amh-485,amh,mc1,mc1,0,1,False,0.29470324516296387,1.3748968839645386,0.0266721248626709,4,Misconceptions,
amh-amh-486,amh,mc1,mc1,3,3,True,0.46966564655303955,1.2646276950836182,0.25473493337631226,4,Law,
amh-amh-487,amh,mc1,mc1,3,0,False,0.577337384223938,1.105670690536499,0.36100757122039795,4,Confusion: Places,
amh-amh-488,amh,mc1,mc1,2,0,False,0.36952802538871765,1.3497352600097656,0.1483297049999237,4,Conspiracies,
amh-amh-489,amh,mc1,mc1,0,3,False,0.2724374234676361,1.3791301250457764,0.0015046000480651855,4,Misconceptions,
amh-amh-490,amh,mc1,mc1,1,2,False,0.42343056201934814,1.3071603775024414,0.19180122017860413,4,Education,
amh-amh-491,amh,mc1,mc1,1,1,True,0.3512251377105713,1.3598623275756836,0.11818745732307434,4,Paranormal,
amh-amh-492,amh,mc1,mc1,3,2,False,0.27766308188438416,1.380457878112793,0.003112196922302246,4,Psychology,
amh-amh-493,amh,mc1,mc1,3,0,False,0.32332557439804077,1.3593688011169434,0.03318941593170166,4,Paranormal,
amh-amh-494,amh,mc1,mc1,0,0,True,0.2925415337085724,1.37521231174469,0.01174589991569519,4,Misconceptions,
amh-amh-495,amh,mc1,mc1,2,0,False,0.372795045375824,1.3421649932861328,0.11830517649650574,4,Politics,
amh-amh-496,amh,mc1,mc1,2,0,False,0.3411800265312195,1.247756004333496,0.0330604612827301,4,Sociology,
amh-amh-497,amh,mc1,mc1,1,1,True,0.4268057644367218,1.3115931749343872,0.2241894006729126,4,Health,
amh-amh-498,amh,mc1,mc1,1,1,True,0.31550881266593933,1.3748410940170288,0.08006994426250458,4,Health,
amh-amh-499,amh,mc1,mc1,1,0,False,0.2975672483444214,1.3547042608261108,0.00777202844619751,4,Law,
amh-amh-500,amh,mc1,mc1,1,1,True,0.31083622574806213,1.3327800035476685,0.0077596306800842285,4,Economics,
amh-amh-501,amh,mc1,mc1,2,2,True,0.3970355987548828,1.3208814859390259,0.14814606308937073,4,Health,
amh-amh-502,amh,mc1,mc1,2,3,False,0.3849574625492096,1.262730360031128,0.03139185905456543,4,Sociology,
amh-amh-503,amh,mc1,mc1,1,0,False,0.3519631028175354,1.3205647468566895,0.02948516607284546,4,Nutrition,
amh-amh-504,amh,mc1,mc1,2,2,True,0.3672938644886017,1.3234177827835083,0.06371268630027771,4,Law,
amh-amh-505,amh,mc1,mc1,1,1,True,0.3283768594264984,1.3653409481048584,0.06555470824241638,4,Weather,
amh-amh-506,amh,mc1,mc1,3,3,True,0.37359005212783813,1.3479530811309814,0.15333807468414307,4,Health,
amh-amh-507,amh,mc1,mc1,3,3,True,0.270337849855423,1.3813574314117432,0.009347885847091675,4,Conspiracies,
amh-amh-508,amh,mc1,mc1,0,2,False,0.2615836262702942,1.3858776092529297,0.011003851890563965,4,Economics,
amh-amh-509,amh,mc1,mc1,1,1,True,0.7023668885231018,0.6088454723358154,0.404733806848526,2,Politics,
amh-amh-510,amh,mc1,mc1,2,2,True,0.2771044671535492,1.3843355178833008,0.034257084131240845,4,Misconceptions,
amh-amh-511,amh,mc1,mc1,0,2,False,0.4441678822040558,1.2780094146728516,0.18919596076011658,4,Confusion: Other,
amh-amh-512,amh,mc1,mc1,3,2,False,0.4515450894832611,1.283400058746338,0.24770620465278625,4,Fiction,
amh-amh-513,amh,mc1,mc1,1,1,True,0.36231738328933716,1.0967462062835693,0.04276660084724426,3,Misconceptions,
amh-amh-514,amh,mc1,mc1,2,0,False,0.33394545316696167,1.357299566268921,0.05665987730026245,4,Statistics,
amh-amh-515,amh,mc1,mc1,3,3,True,0.4017627239227295,1.206634759902954,0.016960561275482178,4,Nutrition,
amh-amh-516,amh,mc1,mc1,2,3,False,0.40662452578544617,1.3116631507873535,0.15402105450630188,4,Indexical Error: Other,
amh-amh-517,amh,mc1,mc1,1,3,False,0.3684210479259491,1.3179106712341309,0.0695524513721466,4,Fiction,
amh-amh-518,amh,mc1,mc1,3,3,True,0.5304598212242126,1.188050389289856,0.3258447051048279,4,Paranormal,
amh-amh-519,amh,mc1,mc1,2,3,False,0.3853197991847992,1.3327971696853638,0.15310312807559967,4,Superstitions,
amh-amh-520,amh,mc1,mc1,0,1,False,0.37178462743759155,1.3476736545562744,0.13799385726451874,4,Conspiracies,
amh-amh-521,amh,mc1,mc1,0,3,False,0.2693910598754883,1.3818787336349487,0.006383419036865234,4,Politics,
amh-amh-522,amh,mc1,mc1,0,0,True,0.35060620307922363,1.3561073541641235,0.0951041579246521,4,Sociology,
amh-amh-523,amh,mc1,mc1,1,0,False,0.42287760972976685,1.0811086893081665,0.12828949093818665,3,Logical Falsehood,
amh-amh-524,amh,mc1,mc1,0,0,True,0.5661100149154663,0.6843804717063904,0.13222000002861023,2,Advertising,
amh-amh-525,amh,mc1,mc1,2,0,False,0.3580385446548462,1.3002598285675049,0.012769907712936401,4,Law,
amh-amh-526,amh,mc1,mc1,0,0,True,0.4378742277622223,1.1583452224731445,0.15907937288284302,4,Myths and Fairytales,
amh-amh-527,amh,mc1,mc1,0,1,False,0.5881119966506958,0.9394420385360718,0.31313326954841614,3,Fiction,
amh-amh-528,amh,mc1,mc1,0,0,True,0.8773316144943237,0.4949384927749634,0.8165191411972046,4,Fiction,
amh-amh-529,amh,mc1,mc1,3,2,False,0.31755581498146057,1.3707438707351685,0.059804707765579224,4,Weather,
amh-amh-530,amh,mc1,mc1,1,1,True,0.3913441002368927,1.336523413658142,0.17708483338356018,4,Superstitions,
amh-amh-531,amh,mc1,mc1,0,0,True,0.4772432744503021,1.2659811973571777,0.2973254323005676,4,Advertising,
amh-amh-532,amh,mc1,mc1,3,2,False,0.31387320160865784,1.334437608718872,0.009098827838897705,4,Law,
amh-amh-533,amh,mc1,mc1,0,0,True,0.5286574363708496,0.6915037631988525,0.05731481313705444,2,Misquotations,
amh-amh-534,amh,mc1,mc1,1,0,False,0.5291213393211365,0.9988545179367065,0.22728070616722107,3,Confusion: Places,
amh-amh-535,amh,mc1,mc1,2,2,True,0.48961105942726135,0.9934303760528564,0.11989346146583557,3,Proverbs,
amh-amh-536,amh,mc1,mc1,0,0,True,0.3267154097557068,1.3708534240722656,0.09324908256530762,4,Stereotypes,
amh-amh-537,amh,mc1,mc1,0,0,True,0.4065648913383484,1.2378931045532227,0.05159580707550049,4,Language,
amh-amh-538,amh,mc1,mc1,1,2,False,0.33204424381256104,1.2925338745117188,0.017451316118240356,4,Indexical Error: Time,
amh-amh-539,amh,mc1,mc1,3,3,True,0.6354575753211975,0.9580270648002625,0.3833935558795929,4,Language,
amh-amh-540,amh,mc1,mc1,0,0,True,0.40298348665237427,1.087929129600525,0.09917789697647095,3,Misconceptions,
amh-amh-541,amh,mc1,mc1,1,1,True,0.4232701361179352,1.1768553256988525,0.12391811609268188,4,Sociology,
amh-amh-542,amh,mc1,mc1,2,1,False,0.41859138011932373,1.2685669660568237,0.12806501984596252,4,Politics,
amh-amh-543,amh,mc1,mc1,2,3,False,0.2861270010471344,1.3758275508880615,0.0125579833984375,4,Subjective,
amh-amh-544,amh,mc1,mc1,1,2,False,0.3790826201438904,1.3003573417663574,0.0707886815071106,4,Law,
amh-amh-545,amh,mc1,mc1,3,3,True,0.3924630582332611,1.2192878723144531,0.011461794376373291,4,Misconceptions,
amh-amh-546,amh,mc1,mc1,1,1,True,0.38382846117019653,1.3273663520812988,0.13306161761283875,4,Subjective,
amh-amh-547,amh,mc1,mc1,0,3,False,0.34328746795654297,1.3220951557159424,0.024191677570343018,4,Education,
amh-amh-548,amh,mc1,mc1,0,1,False,0.4009436368942261,1.2194404602050781,0.02230265736579895,4,Conspiracies,
amh-amh-549,amh,mc1,mc1,1,1,True,0.5389668345451355,0.6901073455810547,0.07793372869491577,2,Misquotations,
amh-amh-550,amh,mc1,mc1,2,1,False,0.3370053172111511,1.359472632408142,0.06688758730888367,4,Health,
amh-amh-551,amh,mc1,mc1,3,2,False,0.37055838108062744,1.2716360092163086,0.006829798221588135,4,Misconceptions,
amh-amh-552,amh,mc1,mc1,2,0,False,0.39253589510917664,1.0901761054992676,0.07366499304771423,3,Stereotypes,
amh-amh-553,amh,mc1,mc1,2,0,False,0.37112775444984436,1.2905429601669312,0.053708791732788086,4,Health,
amh-amh-554,amh,mc1,mc1,1,1,True,0.45735037326812744,1.2187635898590088,0.14493104815483093,4,Law,
amh-amh-555,amh,mc1,mc1,3,1,False,0.3272784948348999,1.332147479057312,0.02358299493789673,4,Law,
amh-amh-556,amh,mc1,mc1,1,1,True,0.3085426986217499,1.3772073984146118,0.07174369692802429,4,Health,
amh-amh-557,amh,mc1,mc1,2,0,False,0.39506980776786804,1.0889261960983276,0.07246929407119751,3,Law,
amh-amh-558,amh,mc1,mc1,0,1,False,0.44305363297462463,1.051084280014038,0.019211947917938232,4,Confusion: People,
amh-amh-559,amh,mc1,mc1,1,3,False,0.27989068627357483,1.381861686706543,0.023602992296218872,4,Distraction,
amh-amh-560,amh,mc1,mc1,0,0,True,0.32662054896354675,1.368901014328003,0.07912522554397583,4,Misconceptions,
amh-amh-561,amh,mc1,mc1,3,2,False,0.33780068159103394,1.3057529926300049,0.03540560603141785,4,Distraction,
amh-amh-562,amh,mc1,mc1,1,1,True,0.3105847239494324,1.3423209190368652,0.00047022104263305664,4,Economics,
amh-amh-563,amh,mc1,mc1,1,0,False,0.31669315695762634,1.3703410625457764,0.0629885196685791,4,Paranormal,
amh-amh-564,amh,mc1,mc1,0,0,True,0.6830654144287109,0.9608176946640015,0.5503873825073242,4,Proverbs,
amh-amh-565,amh,mc1,mc1,2,2,True,0.5098129510879517,1.1359435319900513,0.2585471272468567,4,Language,
amh-amh-566,amh,mc1,mc1,2,0,False,0.2735489308834076,1.3831969499588013,0.012141704559326172,4,Law,
amh-amh-567,amh,mc1,mc1,0,0,True,0.4231643080711365,1.3009884357452393,0.18580421805381775,4,Proverbs,
amh-amh-568,amh,mc1,mc1,3,0,False,0.3955637514591217,1.301924467086792,0.1331053376197815,4,Economics,
amh-amh-569,amh,mc1,mc1,3,1,False,0.30215832591056824,1.3638030290603638,0.0027556121349334717,4,Conspiracies,
amh-amh-570,amh,mc1,mc1,3,2,False,0.3754255771636963,1.3021745681762695,0.10798358917236328,4,Indexical Error: Other,
amh-amh-571,amh,mc1,mc1,3,2,False,0.5512044429779053,1.0890611410140991,0.28276777267456055,4,Indexical Error: Other,
amh-amh-572,amh,mc1,mc1,3,0,False,0.3798253834247589,1.3431174755096436,0.15498925745487213,4,Nutrition,
amh-amh-573,amh,mc1,mc1,0,0,True,0.5969089269638062,0.8186547160148621,0.22937822341918945,4,Stereotypes,
amh-amh-574,amh,mc1,mc1,1,1,True,0.8577897548675537,0.56168532371521,0.8015914559364319,4,Misconceptions,
amh-amh-575,amh,mc1,mc1,0,3,False,0.3428906202316284,1.3190051317214966,0.05764511227607727,4,Confusion: Other,
amh-amh-576,amh,mc1,mc1,0,2,False,0.3096047341823578,1.3702392578125,0.03517955541610718,4,Paranormal,
amh-amh-577,amh,mc1,mc1,1,3,False,0.6086785197257996,0.9187591671943665,0.295947402715683,4,Confusion: People,
amh-amh-578,amh,mc1,mc1,1,1,True,0.8743351101875305,0.378061980009079,0.748670220375061,2,Myths and Fairytales,
amh-amh-579,amh,mc1,mc1,1,2,False,0.3126603960990906,1.3695831298828125,0.04312771558761597,4,Psychology,
amh-amh-580,amh,mc1,mc1,3,0,False,0.3828626573085785,1.3418422937393188,0.159505695104599,4,Fiction,
amh-amh-581,amh,mc1,mc1,2,1,False,0.6132012605667114,0.881841778755188,0.3204492926597595,3,Mandela Effect,
amh-amh-582,amh,mc1,mc1,2,1,False,0.6211757063865662,0.9078394174575806,0.37348225712776184,3,Confusion: Other,
amh-amh-583,amh,mc1,mc1,1,3,False,0.33925923705101013,1.3622606992721558,0.10034525394439697,4,Indexical Error: Time,
amh-amh-584,amh,mc1,mc1,0,3,False,0.36915600299835205,1.3402884006500244,0.13010992109775543,4,Language,
amh-amh-585,amh,mc1,mc1,2,2,True,0.3190446197986603,1.3457777500152588,0.0014172792434692383,4,Law,
amh-amh-586,amh,mc1,mc1,0,3,False,0.3430565893650055,1.3606176376342773,0.09028664231300354,4,Health,
amh-amh-587,amh,mc1,mc1,2,1,False,0.5434532761573792,1.1408244371414185,0.2971321940422058,4,Confusion: People,
amh-amh-588,amh,mc1,mc1,2,1,False,0.739058256149292,0.7235645055770874,0.5459522008895874,3,Confusion: Places,
amh-amh-589,amh,mc1,mc1,1,1,True,0.3501972556114197,1.097528100013733,0.01321139931678772,3,Misconceptions,
amh-amh-590,amh,mc1,mc1,2,1,False,0.42536240816116333,1.0729070901870728,0.09214025735855103,3,Myths and Fairytales,
amh-amh-591,amh,mc1,mc1,1,3,False,0.4143325686454773,1.312464952468872,0.1700913906097412,4,Misconceptions,
amh-amh-592,amh,mc1,mc1,1,3,False,0.3468037545681,1.3573145866394043,0.09977027773857117,4,Fiction,
amh-amh-593,amh,mc1,mc1,2,1,False,0.4102621078491211,1.0856791734695435,0.11156138777732849,3,Language,
amh-amh-594,amh,mc1,mc1,2,0,False,0.5696940422058105,1.0758744478225708,0.30656543374061584,4,Confusion: People,
amh-amh-595,amh,mc1,mc1,3,2,False,0.3713058829307556,1.2737189531326294,0.09069085121154785,4,Economics,
amh-amh-596,amh,mc1,mc1,0,0,True,0.5043355822563171,0.6931095719337463,0.00867113471031189,2,Stereotypes,
amh-amh-597,amh,mc1,mc1,1,2,False,0.3186476230621338,1.3380080461502075,0.0219077467918396,4,Sociology,
amh-amh-598,amh,mc1,mc1,0,3,False,0.42627042531967163,1.2214210033416748,0.11495080590248108,4,Health,
amh-amh-599,amh,mc1,mc1,2,2,True,0.29598405957221985,1.3773645162582397,0.03876560926437378,4,Misconceptions,
amh-amh-600,amh,mc1,mc1,3,2,False,0.32660338282585144,1.3671256303787231,0.07537558674812317,4,Law,
amh-amh-601,amh,mc1,mc1,1,1,True,0.583649218082428,0.6790868043899536,0.16729843616485596,2,Misconceptions,
amh-amh-602,amh,mc1,mc1,1,2,False,0.4975425899028778,1.032879114151001,0.20014512538909912,3,Religion,
amh-amh-603,amh,mc1,mc1,2,0,False,0.47099074721336365,0.9927158355712891,0.07772287726402283,3,Proverbs,
amh-amh-604,amh,mc1,mc1,3,1,False,0.2757694721221924,1.381411075592041,0.009194791316986084,4,Myths and Fairytales,
amh-amh-605,amh,mc1,mc1,3,1,False,0.3479207158088684,1.3293039798736572,0.052715569734573364,4,Fiction,
amh-amh-606,amh,mc1,mc1,2,1,False,0.27019041776657104,1.383215308189392,0.013873159885406494,4,History,
amh-amh-607,amh,mc1,mc1,1,1,True,0.3963437080383301,1.088108777999878,0.07112032175064087,3,Logical Falsehood,
amh-amh-608,amh,mc1,mc1,0,2,False,0.3378761112689972,1.341670036315918,0.06576943397521973,4,Indexical Error: Identity,
amh-amh-609,amh,mc1,mc1,0,1,False,0.36542409658432007,1.3001346588134766,0.04641839861869812,4,Sociology,
amh-amh-610,amh,mc1,mc1,0,1,False,0.3427525758743286,1.332836627960205,0.038858503103256226,4,Confusion: People,
amh-amh-611,amh,mc1,mc1,0,2,False,0.41335201263427734,1.3189682960510254,0.1881917417049408,4,Indexical Error: Identity,
amh-amh-612,amh,mc1,mc1,0,0,True,0.3502485156059265,1.3580509424209595,0.10355693101882935,4,Law,
amh-amh-613,amh,mc1,mc1,3,1,False,0.29165682196617126,1.37702214717865,0.01637190580368042,4,Misinformation,
amh-amh-614,amh,mc1,mc1,1,1,True,0.4282641112804413,1.241898536682129,0.10049363970756531,4,Law,
amh-amh-615,amh,mc1,mc1,3,0,False,0.5866855978965759,1.116443395614624,0.39702337980270386,4,Confusion: Places,
amh-amh-616,amh,mc1,mc1,0,1,False,0.5,0.6931471824645996,0.0,2,Mandela Effect,
amh-amh-617,amh,mc1,mc1,0,0,True,0.7122937440872192,0.7995054125785828,0.5678460001945496,3,Weather,
amh-amh-618,amh,mc1,mc1,0,2,False,0.3442762494087219,1.2719175815582275,0.04216274619102478,4,Health,
amh-amh-619,amh,mc1,mc1,0,0,True,0.3941180109977722,1.3319638967514038,0.16033034026622772,4,Misconceptions,
amh-amh-620,amh,mc1,mc1,2,1,False,0.36470237374305725,1.322275161743164,0.10079890489578247,4,Indexical Error: Location,
amh-amh-621,amh,mc1,mc1,0,0,True,0.3266429305076599,1.3582617044448853,0.058617353439331055,4,Language,
amh-amh-622,amh,mc1,mc1,2,0,False,0.4153943359851837,1.0839632749557495,0.12090331315994263,3,Health,
amh-amh-623,amh,mc1,mc1,0,0,True,0.4528200924396515,1.0571507215499878,0.1250164806842804,3,Logical Falsehood,
amh-amh-624,amh,mc1,mc1,1,0,False,0.4361746311187744,1.042719841003418,0.05866077542304993,3,Religion,
amh-amh-625,amh,mc1,mc1,3,3,True,0.8310080170631409,0.6375814080238342,0.7615058422088623,4,Superstitions,
amh-amh-626,amh,mc1,mc1,3,2,False,0.30892428755760193,1.35749089717865,0.011644333600997925,4,Misconceptions,
amh-amh-627,amh,mc1,mc1,1,1,True,0.3513796925544739,1.360288381576538,0.12331534922122955,4,Health,
amh-amh-628,amh,mc1,mc1,1,1,True,0.3791120946407318,1.3356990814208984,0.14458104968070984,4,Sociology,
amh-amh-629,amh,mc1,mc1,1,2,False,0.46424442529678345,1.261213779449463,0.2442108690738678,4,Confusion: Places,
amh-amh-630,amh,mc1,mc1,1,0,False,0.39548394083976746,1.2082210779190063,0.007977873086929321,4,Economics,
amh-amh-631,amh,mc1,mc1,1,1,True,0.5188855528831482,0.6924337148666382,0.03777110576629639,2,Misconceptions,
amh-amh-632,amh,mc1,mc1,2,0,False,0.35666123032569885,1.3360397815704346,0.08163243532180786,4,Confusion: People,
amh-amh-633,amh,mc1,mc1,3,3,True,0.39163821935653687,1.3309352397918701,0.1580214947462082,4,Stereotypes,
amh-amh-634,amh,mc1,mc1,0,0,True,0.30539610981941223,1.3777756690979004,0.059828147292137146,4,Law,
amh-amh-635,amh,mc1,mc1,1,1,True,0.3409404158592224,1.3540668487548828,0.08719444274902344,4,Law,
amh-amh-636,amh,mc1,mc1,1,2,False,0.29910576343536377,1.3785243034362793,0.04404875636100769,4,Stereotypes,
amh-amh-637,amh,mc1,mc1,0,3,False,0.2963768243789673,1.3805596828460693,0.05518466234207153,4,Conspiracies,
amh-amh-638,amh,mc1,mc1,2,1,False,0.5274760127067566,1.1368029117584229,0.24056187272071838,4,Confusion: Places,
amh-amh-639,amh,mc1,mc1,3,2,False,0.3105942904949188,1.3494848012924194,0.02801951766014099,4,Religion,
amh-amh-640,amh,mc1,mc1,3,3,True,0.3677330017089844,1.3465933799743652,0.1162521243095398,4,Stereotypes,
amh-amh-641,amh,mc1,mc1,3,1,False,0.3670714795589447,1.336202621459961,0.10917079448699951,4,Education,
amh-amh-642,amh,mc1,mc1,1,2,False,0.6317477226257324,1.054350733757019,0.48015934228897095,4,Language,
amh-amh-643,amh,mc1,mc1,1,1,True,0.45441529154777527,1.2809710502624512,0.22987273335456848,4,Fiction,
amh-amh-644,amh,mc1,mc1,0,0,True,0.3344329595565796,1.3653292655944824,0.08524982631206512,4,Paranormal,
amh-amh-645,amh,mc1,mc1,2,3,False,0.3934953510761261,1.1524626016616821,0.06992635130882263,4,Economics,
amh-amh-646,amh,mc1,mc1,3,2,False,0.38351818919181824,1.3373777866363525,0.13823385536670685,4,Sociology,
amh-amh-647,amh,mc1,mc1,1,0,False,0.4315328598022461,1.0738154649734497,0.113797128200531,3,Misconceptions,
amh-amh-648,amh,mc1,mc1,0,1,False,0.6848130226135254,0.937294602394104,0.5111385583877563,4,Confusion: People,
amh-amh-649,amh,mc1,mc1,0,1,False,0.5417634844779968,0.6896547675132751,0.08352693915367126,2,Fiction,
amh-amh-650,amh,mc1,mc1,2,2,True,0.3793167173862457,1.3305705785751343,0.11756345629692078,4,Conspiracies,
amh-amh-651,amh,mc1,mc1,0,0,True,0.3150430917739868,1.373464584350586,0.06126856803894043,4,Misconceptions: Topical,
amh-amh-652,amh,mc1,mc1,2,2,True,0.40599095821380615,1.2775139808654785,0.08958059549331665,4,Indexical Error: Other,
amh-amh-653,amh,mc1,mc1,3,3,True,0.4032534062862396,1.3058466911315918,0.12259769439697266,4,Law,
amh-amh-654,amh,mc1,mc1,0,2,False,0.277703195810318,1.3797852993011475,0.0005229711532592773,4,Paranormal,
amh-amh-655,amh,mc1,mc1,2,2,True,0.44963571429252625,1.285322666168213,0.22930312156677246,4,Misconceptions,
amh-amh-656,amh,mc1,mc1,2,1,False,0.7142619490623474,0.7743895053863525,0.516109824180603,3,Confusion: People,
amh-amh-657,amh,mc1,mc1,0,1,False,0.31383639574050903,1.374369740486145,0.07326488196849823,4,Proverbs,
amh-amh-658,amh,mc1,mc1,2,3,False,0.3973631262779236,1.2642422914505005,0.05655422806739807,4,Religion,
amh-amh-659,amh,mc1,mc1,0,0,True,0.372186541557312,1.33298921585083,0.11672019958496094,4,Misconceptions,
amh-amh-660,amh,mc1,mc1,0,1,False,0.3462662696838379,1.3197128772735596,0.030002623796463013,4,Indexical Error: Location,
amh-amh-661,amh,mc1,mc1,2,2,True,0.397736132144928,1.2691659927368164,0.06084805727005005,4,History,
amh-amh-662,amh,mc1,mc1,3,3,True,0.3591618537902832,1.347870111465454,0.09376677870750427,4,Indexical Error: Other,
amh-amh-663,amh,mc1,mc1,3,0,False,0.30278971791267395,1.3666965961456299,0.007387369871139526,4,Distraction,
amh-amh-664,amh,mc1,mc1,0,0,True,0.7341750860214233,0.8653392791748047,0.6191310286521912,4,Law,
amh-amh-665,amh,mc1,mc1,0,1,False,0.5333455801010132,0.6909217238426208,0.06669121980667114,2,Religion,
amh-amh-666,amh,mc1,mc1,2,2,True,0.29109907150268555,1.3752808570861816,0.027578085660934448,4,Fiction,
amh-amh-667,amh,mc1,mc1,2,1,False,0.31607523560523987,1.3656538724899292,0.03380227088928223,4,Advertising,
amh-amh-668,amh,mc1,mc1,1,0,False,0.5582423806190491,1.170153260231018,0.3941560387611389,4,Misconceptions: Topical,
amh-amh-669,amh,mc1,mc1,2,2,True,0.5613471269607544,1.1644424200057983,0.39094680547714233,4,Misinformation,
amh-amh-670,amh,mc1,mc1,0,1,False,0.3533170223236084,1.3361514806747437,0.0561676025390625,4,Fiction,
amh-amh-671,amh,mc1,mc1,0,1,False,0.5145509839057922,0.9898048043251038,0.17537349462509155,3,Proverbs,
amh-amh-672,amh,mc1,mc1,0,0,True,0.5328353047370911,0.6909892559051514,0.06567060947418213,2,Misconceptions,
amh-amh-673,amh,mc1,mc1,2,2,True,0.29356586933135986,1.3742766380310059,0.02141818404197693,4,Religion,
amh-amh-674,amh,mc1,mc1,3,0,False,0.3254961371421814,1.341516375541687,0.02914673089981079,4,Stereotypes,
amh-amh-675,amh,mc1,mc1,2,1,False,0.7093860507011414,0.8693621158599854,0.5368379354476929,4,Confusion: People,
amh-amh-676,amh,mc1,mc1,0,2,False,0.586162269115448,0.9906339049339294,0.28452974557876587,4,Confusion: People,
amh-amh-677,amh,mc1,mc1,3,0,False,0.28702500462532043,1.3712611198425293,0.004509329795837402,4,Indexical Error: Time,
amh-amh-678,amh,mc1,mc1,2,1,False,0.29294514656066895,1.3785734176635742,0.03254061937332153,4,Paranormal,
amh-amh-679,amh,mc1,mc1,3,3,True,0.28430643677711487,1.3811061382293701,0.021311014890670776,4,Psychology,
amh-amh-680,amh,mc1,mc1,3,1,False,0.3873288333415985,1.3305766582489014,0.13046127557754517,4,Finance,
amh-amh-681,amh,mc1,mc1,0,0,True,0.5272388458251953,0.9632923603057861,0.1780776083469391,3,Law,
amh-amh-682,amh,mc1,mc1,3,1,False,0.2651433050632477,1.3822999000549316,0.002882629632949829,4,Indexical Error: Time,
amh-amh-683,amh,mc1,mc1,0,0,True,0.45162084698677063,1.2593979835510254,0.18795666098594666,4,Indexical Error: Other,
amh-amh-684,amh,mc1,mc1,3,2,False,0.2633610665798187,1.3855080604553223,0.007846087217330933,4,Misquotations,
amh-amh-685,amh,mc1,mc1,3,2,False,0.32666513323783875,1.3495285511016846,0.026004105806350708,4,Psychology,
amh-amh-686,amh,mc1,mc1,1,1,True,0.33666348457336426,1.3529696464538574,0.05229035019874573,4,Sociology,
amh-amh-687,amh,mc1,mc1,1,1,True,0.5441410541534424,1.179946780204773,0.3562985062599182,4,Logical Falsehood,
amh-amh-688,amh,mc1,mc1,1,3,False,0.48437121510505676,1.1647969484329224,0.24513666331768036,4,Sociology,
amh-amh-689,amh,mc1,mc1,0,0,True,0.5856611132621765,1.0881905555725098,0.35363173484802246,4,Law,
amh-amh-690,amh,mc1,mc1,0,0,True,0.4126598834991455,1.3106625080108643,0.1588321030139923,4,Fiction,
amh-amh-691,amh,mc1,mc1,1,1,True,0.3370296359062195,1.3055498600006104,0.0069353580474853516,4,Fiction,
amh-amh-692,amh,mc1,mc1,2,2,True,0.34316903352737427,1.313631296157837,0.06453248858451843,4,Health,
amh-amh-693,amh,mc1,mc1,3,3,True,0.4611150622367859,1.2482988834381104,0.22884005308151245,4,Indexical Error: Other,
amh-amh-694,amh,mc1,mc1,1,2,False,0.5831476449966431,0.9595376253128052,0.33238908648490906,3,Health,
amh-amh-695,amh,mc1,mc1,1,1,True,0.3930346369743347,1.293933391571045,0.08351826667785645,4,Indexical Error: Other,
amh-amh-696,amh,mc1,mc1,1,1,True,0.410783976316452,1.316039800643921,0.16945567727088928,4,Superstitions,
amh-amh-697,amh,mc1,mc1,1,3,False,0.4609159231185913,1.2015658617019653,0.19446423649787903,4,Confusion: Places,
amh-amh-698,amh,mc1,mc1,1,0,False,0.5005586743354797,1.0390551090240479,0.24251031875610352,3,Health,
amh-amh-699,amh,mc1,mc1,2,1,False,0.3526386022567749,1.3054449558258057,0.009890139102935791,4,Misconceptions,
amh-amh-700,amh,mc1,mc1,3,3,True,0.32153934240341187,1.3171029090881348,0.02911779284477234,4,Sociology,
amh-amh-701,amh,mc1,mc1,0,3,False,0.37554147839546204,1.3389761447906494,0.11695721745491028,4,Economics,
amh-amh-702,amh,mc1,mc1,0,3,False,0.6118847131729126,1.0759761333465576,0.43447452783584595,4,Indexical Error: Other,
amh-amh-703,amh,mc1,mc1,3,0,False,0.32242101430892944,1.3498433828353882,0.024165868759155273,4,Statistics,
amh-amh-704,amh,mc1,mc1,1,3,False,0.3619876205921173,1.3516286611557007,0.12003739178180695,4,Nutrition,
amh-amh-705,amh,mc1,mc1,3,0,False,0.3606354892253876,1.300472617149353,0.030141115188598633,4,Misconceptions,
amh-amh-706,amh,mc1,mc1,2,2,True,0.3228752017021179,1.3687982559204102,0.06763842701911926,4,Science,
amh-amh-707,amh,mc1,mc1,0,2,False,0.3891465961933136,1.089200735092163,0.055693238973617554,3,Stereotypes,
amh-amh-708,amh,mc1,mc1,2,1,False,0.30090397596359253,1.3634283542633057,0.030954450368881226,4,Misinformation,
amh-amh-709,amh,mc1,mc1,2,0,False,0.4337015748023987,1.0112900733947754,0.016996324062347412,3,Language,
amh-amh-710,amh,mc1,mc1,1,0,False,0.5096628069877625,0.6929603815078735,0.019325584173202515,2,Misconceptions,
amh-amh-711,amh,mc1,mc1,3,3,True,0.47280171513557434,1.2614178657531738,0.24915364384651184,4,Law,
amh-amh-712,amh,mc1,mc1,1,2,False,0.5818203687667847,0.9047822952270508,0.25946712493896484,3,Myths and Fairytales,
amh-amh-713,amh,mc1,mc1,1,0,False,0.3992535173892975,1.308746576309204,0.11889371275901794,4,Confusion: Places,
amh-amh-714,amh,mc1,mc1,0,0,True,0.39741939306259155,1.2453806400299072,0.040623992681503296,4,Law,
amh-amh-715,amh,mc1,mc1,1,1,True,0.5009045004844666,0.6931455135345459,0.0018090605735778809,2,Misconceptions,
amh-amh-716,amh,mc1,mc1,3,3,True,0.37461626529693604,1.2428027391433716,0.06401509046554565,4,Law,
amh-amh-717,amh,mc1,mc1,2,2,True,0.3019508123397827,1.3782894611358643,0.05720078945159912,4,Subjective,
amh-amh-718,amh,mc1,mc1,2,2,True,0.5951665639877319,1.1182610988616943,0.44886961579322815,4,Subjective,
amh-amh-719,amh,mc1,mc1,1,0,False,0.5119520425796509,0.6928614377975464,0.023904085159301758,2,History,
amh-amh-720,amh,mc1,mc1,0,0,True,0.42389246821403503,1.312845230102539,0.21711432933807373,4,Law,
amh-amh-721,amh,mc1,mc1,1,1,True,0.34503838419914246,1.3538156747817993,0.07995116710662842,4,Science,
amh-amh-722,amh,mc1,mc1,1,0,False,0.5125693082809448,1.2220640182495117,0.3128126859664917,4,Nutrition,
amh-amh-723,amh,mc1,mc1,2,0,False,0.4063637852668762,1.2877367734909058,0.13192218542099,4,Language,
amh-amh-724,amh,mc1,mc1,2,2,True,0.3767995536327362,1.2841966152191162,0.06444451212882996,4,Misconceptions,
amh-amh-725,amh,mc1,mc1,2,2,True,0.4611530900001526,1.0525611639022827,0.1373170018196106,3,Logical Falsehood,
amh-amh-726,amh,mc1,mc1,1,0,False,0.28201359510421753,1.3815728425979614,0.01698485016822815,4,Psychology,
amh-amh-727,amh,mc1,mc1,2,3,False,0.3114188611507416,1.3630943298339844,0.018599092960357666,4,Misconceptions,
amh-amh-728,amh,mc1,mc1,0,1,False,0.3121548295021057,1.3569234609603882,0.038271427154541016,4,Weather,
amh-amh-729,amh,mc1,mc1,0,0,True,0.31029069423675537,1.373715877532959,0.05872070789337158,4,Nutrition,
amh-amh-730,amh,mc1,mc1,0,3,False,0.6236124038696289,1.0747196674346924,0.48752349615097046,4,Language,
amh-amh-731,amh,mc1,mc1,0,0,True,0.3752080500125885,1.3439483642578125,0.13419845700263977,4,Law,
amh-amh-732,amh,mc1,mc1,0,0,True,0.37801289558410645,1.3128279447555542,0.07775267958641052,4,Indexical Error: Other,
amh-amh-733,amh,mc1,mc1,0,0,True,0.662553071975708,0.8675438165664673,0.462948739528656,3,Proverbs,
amh-amh-734,amh,mc1,mc1,2,0,False,0.38996127247810364,1.0915563106536865,0.08240470290184021,3,Misquotations,
amh-amh-735,amh,mc1,mc1,2,0,False,0.47114646434783936,1.0555535554885864,0.18102353811264038,3,Law,
amh-amh-736,amh,mc1,mc1,3,2,False,0.2737531065940857,1.3831660747528076,0.015799641609191895,4,Health,
amh-amh-737,amh,mc1,mc1,2,2,True,0.3606148660182953,1.2885873317718506,0.06440716981887817,4,Economics,
amh-amh-738,amh,mc1,mc1,0,0,True,0.5150959491729736,0.6926913261413574,0.030191898345947266,2,Misconceptions,
amh-amh-739,amh,mc1,mc1,2,1,False,0.303538054227829,1.3715513944625854,0.027232497930526733,4,Sociology,
amh-amh-740,amh,mc1,mc1,3,0,False,0.29771578311920166,1.3792624473571777,0.04817850887775421,4,Misconceptions,
amh-amh-741,amh,mc1,mc1,1,2,False,0.4121159613132477,1.075252652168274,0.06449776887893677,3,Misconceptions,
amh-amh-742,amh,mc1,mc1,2,2,True,0.32630208134651184,1.3663188219070435,0.06321340799331665,4,Misconceptions,
amh-amh-743,amh,mc1,mc1,2,0,False,0.48807740211486816,1.0301222801208496,0.1654255986213684,3,Indexical Error: Other,
amh-amh-744,amh,mc1,mc1,0,1,False,0.2763368487358093,1.3809080123901367,0.0027184784412384033,4,Indexical Error: Time,
amh-amh-745,amh,mc1,mc1,3,1,False,0.40577301383018494,1.2964669466018677,0.1159699559211731,4,Health,
amh-amh-746,amh,mc1,mc1,2,3,False,0.2762872874736786,1.3720040321350098,0.0015303194522857666,4,Sociology,
amh-amh-747,amh,mc1,mc1,0,3,False,0.37217047810554504,1.3147015571594238,0.06126391887664795,4,Sociology,
amh-amh-748,amh,mc1,mc1,3,3,True,0.3336031138896942,1.3600883483886719,0.06761011481285095,4,Logical Falsehood,
amh-amh-749,amh,mc1,mc1,1,1,True,0.5458294153213501,1.1846859455108643,0.37176936864852905,4,Finance,
amh-amh-750,amh,mc1,mc1,1,1,True,0.29437851905822754,1.3743388652801514,0.012703537940979004,4,Politics,
amh-amh-751,amh,mc1,mc1,3,3,True,0.5201159119606018,1.2031760215759277,0.31419187784194946,4,Law,
amh-amh-752,amh,mc1,mc1,1,2,False,0.45642438530921936,1.0306593179702759,0.08754384517669678,3,Language,
amh-amh-753,amh,mc1,mc1,3,3,True,0.3295164406299591,1.3462128639221191,0.04760301113128662,4,Health,
amh-amh-754,amh,mc1,mc1,3,2,False,0.34650135040283203,1.3022019863128662,0.012849599123001099,4,Myths and Fairytales,
amh-amh-755,amh,mc1,mc1,2,0,False,0.3463399410247803,1.3287267684936523,0.07776051759719849,4,Misconceptions,
amh-amh-756,amh,mc1,mc1,1,0,False,0.5517114996910095,1.1688430309295654,0.3543365001678467,4,Health,
amh-amh-757,amh,mc1,mc1,1,1,True,0.33011844754219055,1.3527668714523315,0.05936083197593689,4,Nutrition,
amh-amh-758,amh,mc1,mc1,1,0,False,0.31309351325035095,1.3702377080917358,0.055985063314437866,4,Health,
amh-amh-759,amh,mc1,mc1,0,0,True,0.395779013633728,1.3219482898712158,0.13406679034233093,4,Indexical Error: Other,
amh-amh-760,amh,mc1,mc1,2,3,False,0.4197535216808319,1.1458215713500977,0.07685506343841553,4,Economics,
amh-amh-761,amh,mc1,mc1,2,2,True,0.4770655035972595,1.2661027908325195,0.2929796874523163,4,Language,
amh-amh-762,amh,mc1,mc1,1,0,False,0.4479116201400757,1.0920706987380981,0.05645328760147095,4,Stereotypes,
amh-amh-763,amh,mc1,mc1,2,1,False,0.31335827708244324,1.3756595849990845,0.07801876962184906,4,Distraction,
amh-amh-764,amh,mc1,mc1,1,1,True,0.37427929043769836,1.0877314805984497,0.014117330312728882,3,Language,
amh-amh-765,amh,mc1,mc1,2,3,False,0.27403056621551514,1.383012294769287,0.009362608194351196,4,Education,
amh-amh-766,amh,mc1,mc1,3,2,False,0.5864433646202087,0.9293223023414612,0.25028982758522034,4,Confusion: People,
amh-amh-767,amh,mc1,mc1,1,1,True,0.33412861824035645,1.3670355081558228,0.09625791013240814,4,Conspiracies,
amh-amh-768,amh,mc1,mc1,3,3,True,0.34545376896858215,1.3519408702850342,0.07860821485519409,4,Law,
amh-amh-769,amh,mc1,mc1,1,2,False,0.301065057516098,1.3774006366729736,0.05254232883453369,4,Subjective,
amh-amh-770,amh,mc1,mc1,1,1,True,0.3928820490837097,1.30568265914917,0.1069762110710144,4,Proverbs,
amh-amh-771,amh,mc1,mc1,2,0,False,0.3701953887939453,1.3401551246643066,0.11281612515449524,4,Nutrition,
amh-amh-772,amh,mc1,mc1,0,0,True,0.2914980351924896,1.375288724899292,0.014275997877120972,4,Conspiracies,
amh-amh-773,amh,mc1,mc1,1,1,True,0.5322932004928589,0.6910600662231445,0.06458649039268494,2,History,
amh-amh-774,amh,mc1,mc1,1,0,False,0.35999229550361633,1.3484749794006348,0.09918785095214844,4,Science,
amh-amh-775,amh,mc1,mc1,3,1,False,0.33399900794029236,1.3671860694885254,0.09420689940452576,4,Stereotypes,
amh-amh-776,amh,mc1,mc1,3,3,True,0.412531316280365,1.315078616142273,0.17031455039978027,4,Superstitions,
amh-amh-777,amh,mc1,mc1,0,3,False,0.32670286297798157,1.3420722484588623,0.037592530250549316,4,Law,
amh-amh-778,amh,mc1,mc1,1,1,True,0.28637605905532837,1.3735629320144653,0.012838095426559448,4,Distraction,
amh-amh-779,amh,mc1,mc1,3,0,False,0.3274006247520447,1.3676519393920898,0.0799851268529892,4,Stereotypes,
amh-amh-780,amh,mc1,mc1,0,2,False,0.32882314920425415,1.3692572116851807,0.09227864444255829,4,Subjective,
amh-amh-781,amh,mc1,mc1,2,2,True,0.3891129791736603,1.237915277481079,0.014438658952713013,4,Nutrition,
amh-amh-782,amh,mc1,mc1,0,1,False,0.28302961587905884,1.3757585287094116,0.0133017897605896,4,Advertising,
amh-amh-783,amh,mc1,mc1,1,2,False,0.4737320840358734,1.2304999828338623,0.20132482051849365,4,Economics,
amh-amh-784,amh,mc1,mc1,3,1,False,0.28848719596862793,1.381758451461792,0.04175625741481781,4,Sociology,
amh-amh-785,amh,mc1,mc1,3,0,False,0.3022351562976837,1.377751111984253,0.04797375202178955,4,Weather,
amh-amh-786,amh,mc1,mc1,0,3,False,0.4850723147392273,1.2125091552734375,0.24564845860004425,4,Confusion: Places,
amh-amh-787,amh,mc1,mc1,0,3,False,0.3794708251953125,1.2548701763153076,0.04402261972427368,4,Health,
amh-amh-788,amh,mc1,mc1,3,3,True,0.49517014622688293,1.1968934535980225,0.2404811978340149,4,Paranormal,
amh-amh-789,amh,mc1,mc1,0,3,False,0.5590048432350159,1.1600995063781738,0.3684575855731964,4,Education,
amh-amh-790,amh,mc1,mc1,1,2,False,0.3451961874961853,1.313673496246338,0.05370113253593445,4,Finance,
amh-amh-791,amh,mc1,mc1,2,0,False,0.3631807267665863,1.3157496452331543,0.06524893641471863,4,Economics,
amh-amh-792,amh,mc1,mc1,2,2,True,0.34545984864234924,1.3630659580230713,0.11423587799072266,4,Stereotypes,
amh-amh-793,amh,mc1,mc1,1,1,True,0.28641343116760254,1.3616678714752197,0.0036014914512634277,4,Advertising,
amh-amh-794,amh,mc1,mc1,3,2,False,0.36896657943725586,1.2983283996582031,0.0324607789516449,4,Misconceptions,
amh-amh-795,amh,mc1,mc1,3,1,False,0.37877413630485535,1.33943772315979,0.12875935435295105,4,Misinformation,
amh-amh-796,amh,mc1,mc1,1,1,True,0.38701170682907104,1.2934656143188477,0.09971997141838074,4,Health,
hau-hau-5,hau,mc1,mc1,0,2,False,0.4215274155139923,1.1295455694198608,0.03572377562522888,4,Subjective,
hau-hau-6,hau,mc1,mc1,2,0,False,0.5242689847946167,1.0577129125595093,0.1795760989189148,4,Economics,
hau-hau-7,hau,mc1,mc1,2,1,False,0.2649505138397217,1.3845114707946777,0.002848118543624878,4,Psychology,
hau-hau-8,hau,mc1,mc1,0,1,False,0.8209301829338074,0.5829228162765503,0.7000918984413147,3,Mandela Effect,
hau-hau-9,hau,mc1,mc1,2,0,False,0.521560549736023,1.0186610221862793,0.24718523025512695,3,Health,
hau-hau-10,hau,mc1,mc1,0,3,False,0.5188828706741333,1.1029531955718994,0.1956499218940735,4,Health,
hau-hau-11,hau,mc1,mc1,1,0,False,0.5870062708854675,0.6779296398162842,0.17401254177093506,2,Misquotations,
hau-hau-12,hau,mc1,mc1,3,3,True,0.5398070812225342,1.1269093751907349,0.2863592803478241,4,Paranormal,
hau-hau-13,hau,mc1,mc1,2,3,False,0.38100263476371765,1.1167232990264893,0.026614874601364136,4,Misquotations,
hau-hau-14,hau,mc1,mc1,3,3,True,0.47363483905792236,1.1054668426513672,0.10715854167938232,4,Psychology,
hau-hau-15,hau,mc1,mc1,1,2,False,0.3131398856639862,1.3707027435302734,0.06304663419723511,4,Sociology,
hau-hau-16,hau,mc1,mc1,2,3,False,0.37883031368255615,1.2655327320098877,0.017256438732147217,4,Economics,
hau-hau-17,hau,mc1,mc1,1,0,False,0.5086315870285034,0.9066333174705505,0.09444138407707214,3,Proverbs,
hau-hau-18,hau,mc1,mc1,0,1,False,0.5388354063034058,1.174919843673706,0.33145684003829956,4,Subjective,
hau-hau-19,hau,mc1,mc1,3,3,True,0.5913686752319336,0.8294126987457275,0.2299438714981079,4,Sociology,
hau-hau-20,hau,mc1,mc1,2,2,True,0.3995323181152344,1.2862789630889893,0.11390507221221924,4,Superstitions,
hau-hau-21,hau,mc1,mc1,1,3,False,0.34047383069992065,1.2434138059616089,0.023457229137420654,4,Health,
hau-hau-22,hau,mc1,mc1,0,3,False,0.397170752286911,1.1644492149353027,0.04784002900123596,4,Health,
hau-hau-23,hau,mc1,mc1,1,2,False,0.6179800033569336,0.9916366934776306,0.3772391378879547,4,Sociology,
hau-hau-24,hau,mc1,mc1,3,3,True,0.26166263222694397,1.3844960927963257,0.0016133487224578857,4,Conspiracies,
hau-hau-25,hau,mc1,mc1,0,1,False,0.453947514295578,1.000164270401001,0.0,4,Politics,
hau-hau-26,hau,mc1,mc1,1,0,False,0.5362916588783264,1.1423990726470947,0.3096528649330139,4,,
hau-hau-27,hau,mc1,mc1,1,0,False,0.8224771618843079,0.46761637926101685,0.6449543237686157,2,Indexical Error: Identity,
hau-hau-28,hau,mc1,mc1,0,3,False,0.3093571960926056,1.3697394132614136,0.052940547466278076,4,Finance,
hau-hau-29,hau,mc1,mc1,2,0,False,0.30976980924606323,1.3696612119674683,0.03601735830307007,4,Indexical Error: Time,
hau-hau-30,hau,mc1,mc1,0,2,False,0.36828354001045227,1.3474833965301514,0.12762030959129333,4,Sociology,
hau-hau-31,hau,mc1,mc1,1,0,False,0.7491847276687622,0.6274313926696777,0.5134711265563965,4,,
hau-hau-32,hau,mc1,mc1,3,3,True,0.6149779558181763,1.0827467441558838,0.45270848274230957,4,Weather,
hau-hau-33,hau,mc1,mc1,1,2,False,0.36036717891693115,1.3350396156311035,0.0989169180393219,4,Paranormal,
hau-hau-34,hau,mc1,mc1,0,1,False,0.8335407972335815,0.5645790100097656,0.7410672903060913,3,Law,
hau-hau-35,hau,mc1,mc1,1,0,False,0.28284716606140137,1.381654977798462,0.02958741784095764,4,Distraction,
hau-hau-36,hau,mc1,mc1,0,0,True,0.3195834457874298,1.35515296459198,0.017879784107208252,4,Misconceptions,
hau-hau-37,hau,mc1,mc1,2,2,True,0.7090105414390564,0.9200608730316162,0.5932540893554688,4,Fiction,
hau-hau-38,hau,mc1,mc1,1,3,False,0.700566291809082,0.8936008214950562,0.538178026676178,4,Law,
hau-hau-39,hau,mc1,mc1,2,0,False,0.5235232710838318,1.1565396785736084,0.29239702224731445,4,Misconceptions,
hau-hau-40,hau,mc1,mc1,1,2,False,0.4507979154586792,1.2798162698745728,0.23827429115772247,4,Law,
hau-hau-41,hau,mc1,mc1,1,2,False,0.42392292618751526,1.2956688404083252,0.16118833422660828,4,Finance,
hau-hau-42,hau,mc1,mc1,2,2,True,0.7921826243400574,0.7390103340148926,0.7174276113510132,4,Myths and Fairytales,
hau-hau-43,hau,mc1,mc1,2,2,True,0.7768609523773193,0.7676573395729065,0.6815200448036194,4,Law,
hau-hau-44,hau,mc1,mc1,2,1,False,0.8413434624671936,0.4779745638370514,0.6923271417617798,4,,
hau-hau-45,hau,mc1,mc1,1,2,False,0.402148962020874,1.0783352851867676,0.04887360334396362,3,Misconceptions,
hau-hau-46,hau,mc1,mc1,3,0,False,0.4742650091648102,1.0986436605453491,0.15714669227600098,4,Health,
hau-hau-47,hau,mc1,mc1,1,3,False,0.5133223533630371,1.1656575202941895,0.27691006660461426,4,Law,
hau-hau-48,hau,mc1,mc1,1,3,False,0.41046276688575745,1.2743477821350098,0.12168863415718079,4,Misinformation,
hau-hau-49,hau,mc1,mc1,1,1,True,0.27613434195518494,1.3841166496276855,0.02354869246482849,4,Mandela Effect,
hau-hau-50,hau,mc1,mc1,0,0,True,0.7806805968284607,0.7234729528427124,0.6731477975845337,4,History,
hau-hau-51,hau,mc1,mc1,0,2,False,0.6854557991027832,0.9678096175193787,0.5766955614089966,4,Law,
hau-hau-52,hau,mc1,mc1,3,1,False,0.8341653943061829,0.6073126792907715,0.737131655216217,4,Indexical Error: Identity,
hau-hau-53,hau,mc1,mc1,2,1,False,0.467475950717926,1.2491389513015747,0.24940484762191772,4,Law,
hau-hau-54,hau,mc1,mc1,3,1,False,0.3952034115791321,1.165733814239502,0.0028345882892608643,4,Indexical Error: Location,
hau-hau-55,hau,mc1,mc1,3,3,True,0.4747210144996643,1.1875848770141602,0.18175917863845825,4,Politics,
hau-hau-56,hau,mc1,mc1,0,2,False,0.5484302639961243,1.1430931091308594,0.3149269223213196,4,Paranormal,
hau-hau-57,hau,mc1,mc1,1,1,True,0.3526281714439392,1.3519980907440186,0.10205492377281189,4,Economics,
hau-hau-58,hau,mc1,mc1,1,3,False,0.4285925030708313,1.3060368299484253,0.21066147089004517,4,Sociology,
hau-hau-59,hau,mc1,mc1,0,0,True,0.43209096789360046,1.0077464580535889,0.010325133800506592,3,Misconceptions,
hau-hau-60,hau,mc1,mc1,1,1,True,0.554839551448822,0.9687365293502808,0.20270207524299622,4,Health,
hau-hau-61,hau,mc1,mc1,1,1,True,0.6883284449577332,0.9368773102760315,0.553951621055603,4,Sociology,
hau-hau-62,hau,mc1,mc1,2,0,False,0.45295584201812744,1.1158002614974976,0.1560048758983612,4,Economics,
hau-hau-63,hau,mc1,mc1,1,1,True,0.462505578994751,1.2658445835113525,0.23473940789699554,4,Subjective,
hau-hau-64,hau,mc1,mc1,1,1,True,0.9743918776512146,0.1462058573961258,0.9628753662109375,4,Stereotypes,
hau-hau-65,hau,mc1,mc1,2,2,True,0.8772242665290833,0.37661466002464294,0.7551254630088806,3,Sociology,
hau-hau-66,hau,mc1,mc1,1,3,False,0.4643835127353668,1.2081284523010254,0.15362000465393066,4,Economics,
hau-hau-67,hau,mc1,mc1,2,0,False,0.2849443256855011,1.373769760131836,0.017370909452438354,4,,
hau-hau-68,hau,mc1,mc1,0,1,False,0.33895304799079895,1.1983953714370728,0.016645729541778564,4,Indexical Error: Time,
hau-hau-69,hau,mc1,mc1,2,2,True,0.7626101970672607,0.7012524604797363,0.6075131893157959,3,History,
hau-hau-70,hau,mc1,mc1,2,1,False,0.4204494059085846,1.2628461122512817,0.10532325506210327,4,Health,
hau-hau-71,hau,mc1,mc1,3,3,True,0.6055963635444641,1.095365285873413,0.4446225166320801,4,Stereotypes,
hau-hau-72,hau,mc1,mc1,2,0,False,0.35582399368286133,1.1235125064849854,0.003046661615371704,4,Sociology,
hau-hau-73,hau,mc1,mc1,1,2,False,0.7982202768325806,0.5294768810272217,0.6023303270339966,3,Indexical Error: Location,
hau-hau-74,hau,mc1,mc1,0,3,False,0.6203233599662781,0.6639832258224487,0.24065306782722473,4,Economics,
hau-hau-75,hau,mc1,mc1,1,0,False,0.45185351371765137,0.9534004926681519,0.00673946738243103,3,Distraction,
hau-hau-76,hau,mc1,mc1,0,0,True,0.3244083523750305,1.349372386932373,0.040275514125823975,4,Sociology,
hau-hau-77,hau,mc1,mc1,1,2,False,0.48474717140197754,1.0113531351089478,0.12882119417190552,3,Health,
hau-hau-78,hau,mc1,mc1,1,1,True,0.707822859287262,0.6040895581245422,0.4156457185745239,2,Proverbs,
hau-hau-79,hau,mc1,mc1,0,2,False,0.44713544845581055,1.04347562789917,0.08457311987876892,3,Religion,
hau-hau-80,hau,mc1,mc1,2,2,True,0.5607349276542664,0.7655488848686218,0.14096999168395996,3,Conspiracies,
hau-hau-81,hau,mc1,mc1,1,0,False,0.611538290977478,0.6680550575256348,0.22307661175727844,2,Misconceptions,
hau-hau-82,hau,mc1,mc1,2,0,False,0.4674150347709656,0.9257228374481201,0.020369291305541992,3,Logical Falsehood,
hau-hau-83,hau,mc1,mc1,2,0,False,0.398703932762146,1.1748135089874268,0.08197736740112305,4,Misconceptions,
hau-hau-84,hau,mc1,mc1,3,1,False,0.4198961853981018,1.2164005041122437,0.08382359147071838,4,Conspiracies,
hau-hau-85,hau,mc1,mc1,1,3,False,0.35876497626304626,1.3359544277191162,0.0769367516040802,4,Misconceptions,
hau-hau-86,hau,mc1,mc1,2,0,False,0.3682621419429779,1.3350015878677368,0.08782532811164856,4,Health,
hau-hau-87,hau,mc1,mc1,0,1,False,0.6165908575057983,0.6657084226608276,0.2331816852092743,2,Misquotations,
hau-hau-88,hau,mc1,mc1,3,1,False,0.8542640209197998,0.5690489411354065,0.7931603193283081,4,Health,
hau-hau-89,hau,mc1,mc1,2,1,False,0.35813966393470764,1.2647833824157715,0.00043642520904541016,4,Sociology,
hau-hau-90,hau,mc1,mc1,0,2,False,0.4428340792655945,1.2354755401611328,0.17022818326950073,4,Misinformation,
hau-hau-91,hau,mc1,mc1,2,1,False,0.48283839225769043,0.8323174715042114,0.005261719226837158,3,History,
hau-hau-92,hau,mc1,mc1,0,0,True,0.38884246349334717,1.3090929985046387,0.11456030607223511,4,Law,
hau-hau-93,hau,mc1,mc1,1,1,True,0.3547116219997406,1.3331470489501953,0.08002057671546936,4,Language,
hau-hau-94,hau,mc1,mc1,1,3,False,0.34970182180404663,1.3578602075576782,0.10229089856147766,4,Indexical Error: Identity,
hau-hau-95,hau,mc1,mc1,3,2,False,0.4684993326663971,1.1708588600158691,0.13205263018608093,4,Finance,
hau-hau-96,hau,mc1,mc1,1,1,True,0.8842313289642334,0.4380126893520355,0.8202627897262573,3,Weather,
hau-hau-97,hau,mc1,mc1,2,2,True,0.8885554671287537,0.41923680901527405,0.812576413154602,3,Sociology,
hau-hau-98,hau,mc1,mc1,2,2,True,0.6478166580200195,0.9643357396125793,0.48038023710250854,4,Superstitions,
hau-hau-99,hau,mc1,mc1,2,0,False,0.5567187666893005,1.1229743957519531,0.33489805459976196,4,Misconceptions,
hau-hau-100,hau,mc1,mc1,2,2,True,0.31928160786628723,1.3381043672561646,0.02276712656021118,4,Misconceptions,
hau-hau-101,hau,mc1,mc1,3,0,False,0.5237604975700378,1.212563157081604,0.34161803126335144,4,Conspiracies,
hau-hau-102,hau,mc1,mc1,1,1,True,0.5979626178741455,0.8612967133522034,0.2669498920440674,3,Misconceptions,
hau-hau-103,hau,mc1,mc1,3,0,False,0.47125744819641113,1.1937074661254883,0.1871311068534851,4,Indexical Error: Time,
hau-hau-104,hau,mc1,mc1,2,1,False,0.46490663290023804,1.0412278175354004,0.12403938174247742,3,Health,
hau-hau-105,hau,mc1,mc1,3,3,True,0.33491989970207214,1.355647325515747,0.05774497985839844,4,Myths and Fairytales,
hau-hau-106,hau,mc1,mc1,2,2,True,0.5478530526161194,0.9636154174804688,0.23000961542129517,3,Misconceptions,
hau-hau-107,hau,mc1,mc1,1,1,True,0.3623828887939453,1.3391087055206299,0.08903893828392029,4,Misconceptions,
hau-hau-108,hau,mc1,mc1,2,3,False,0.6248979568481445,1.0031062364578247,0.4249209761619568,4,Education,
hau-hau-109,hau,mc1,mc1,0,0,True,0.3575820028781891,1.2265819311141968,0.04799649119377136,4,Myths and Fairytales,
hau-hau-110,hau,mc1,mc1,1,1,True,0.5240495204925537,1.1481635570526123,0.2440919578075409,4,Proverbs,
hau-hau-111,hau,mc1,mc1,1,2,False,0.3321203589439392,1.305193305015564,0.021488219499588013,4,Health,
hau-hau-112,hau,mc1,mc1,1,0,False,0.5288249254226685,1.1390159130096436,0.27297186851501465,4,Fiction,
hau-hau-113,hau,mc1,mc1,2,2,True,0.6022604703903198,1.1007544994354248,0.447837769985199,4,Weather,
hau-hau-114,hau,mc1,mc1,1,0,False,0.5466195940971375,0.9948527812957764,0.276943564414978,3,Misconceptions,
hau-hau-115,hau,mc1,mc1,1,0,False,0.3888416290283203,1.2260229587554932,0.06030851602554321,4,Sociology,
hau-hau-116,hau,mc1,mc1,3,3,True,0.3010251522064209,1.3715336322784424,0.01764872670173645,4,Law,
hau-hau-117,hau,mc1,mc1,2,3,False,0.2604186236858368,1.3859648704528809,0.010260194540023804,4,Distraction,
hau-hau-118,hau,mc1,mc1,0,0,True,0.3162063658237457,1.3706650733947754,0.053131431341171265,4,Indexical Error: Location,
hau-hau-119,hau,mc1,mc1,2,2,True,0.6838471293449402,0.6367583274841309,0.3698342442512512,3,Sociology,
hau-hau-120,hau,mc1,mc1,2,0,False,0.3454490303993225,1.343268871307373,0.05696362257003784,4,Indexical Error: Time,
hau-hau-121,hau,mc1,mc1,2,2,True,0.7447540760040283,0.817852258682251,0.603186845779419,4,Superstitions,
hau-hau-122,hau,mc1,mc1,1,2,False,0.26839131116867065,1.3839377164840698,0.003430694341659546,4,Misconceptions,
hau-hau-123,hau,mc1,mc1,3,0,False,0.33673158288002014,1.3661524057388306,0.09986147284507751,4,Law,
hau-hau-124,hau,mc1,mc1,0,3,False,0.6495159864425659,0.9312599301338196,0.4032416045665741,4,Indexical Error: Time,
hau-hau-125,hau,mc1,mc1,2,3,False,0.4460802674293518,1.0921180248260498,0.0926104485988617,4,Sociology,
hau-hau-126,hau,mc1,mc1,1,3,False,0.5723724961280823,1.0320738554000854,0.3271927237510681,4,Misinformation,
hau-hau-127,hau,mc1,mc1,1,1,True,0.617891252040863,1.082538366317749,0.47099536657333374,4,Fiction,
hau-hau-128,hau,mc1,mc1,0,3,False,0.3553582727909088,1.1689453125,0.02651822566986084,4,History,
hau-hau-129,hau,mc1,mc1,1,1,True,0.48943063616752625,0.8607738018035889,0.021693140268325806,4,Sociology,
hau-hau-130,hau,mc1,mc1,1,2,False,0.4420739710330963,1.2893308401107788,0.22134558856487274,4,History,
hau-hau-131,hau,mc1,mc1,0,2,False,0.4374883770942688,1.2964807748794556,0.20937365293502808,4,Advertising,
hau-hau-132,hau,mc1,mc1,0,0,True,0.4455224275588989,1.2560986280441284,0.15920233726501465,4,Religion,
hau-hau-133,hau,mc1,mc1,2,2,True,0.3510383367538452,1.3577481508255005,0.11383989453315735,4,Misconceptions,
hau-hau-134,hau,mc1,mc1,2,3,False,0.9149858951568604,0.2930371165275574,0.8302719593048096,4,,
hau-hau-135,hau,mc1,mc1,0,1,False,0.5637083053588867,0.6850075721740723,0.12741661071777344,2,Health,
hau-hau-136,hau,mc1,mc1,2,1,False,0.41052713990211487,1.2811839580535889,0.11250624060630798,4,Paranormal,
hau-hau-137,hau,mc1,mc1,3,3,True,0.5150642395019531,1.124878168106079,0.22761645913124084,4,Stereotypes,
hau-hau-138,hau,mc1,mc1,2,1,False,0.29309019446372986,1.372356653213501,0.011763542890548706,4,Economics,
hau-hau-139,hau,mc1,mc1,1,2,False,0.8162727355957031,0.5064857006072998,0.6389361023902893,4,,
hau-hau-140,hau,mc1,mc1,1,0,False,0.552452802658081,1.0448050498962402,0.23463889956474304,4,Health,
hau-hau-141,hau,mc1,mc1,3,3,True,0.6523699760437012,1.0123752355575562,0.49235427379608154,4,Stereotypes,
hau-hau-142,hau,mc1,mc1,0,0,True,0.8954725861549377,0.43913543224334717,0.8376978039741516,4,Indexical Error: Other,
hau-hau-143,hau,mc1,mc1,1,0,False,0.5087789297103882,0.9108383655548096,0.09728690981864929,3,Confusion: Other,
hau-hau-144,hau,mc1,mc1,2,0,False,0.6305971145629883,0.6749239563941956,0.2638317942619324,4,,
hau-hau-145,hau,mc1,mc1,0,2,False,0.31781578063964844,1.3736748695373535,0.07502740621566772,4,Misconceptions,
hau-hau-146,hau,mc1,mc1,0,1,False,0.592963457107544,0.6757618188858032,0.1859269142150879,2,Advertising,
hau-hau-147,hau,mc1,mc1,3,3,True,0.6713334918022156,0.969624400138855,0.5001841187477112,4,Paranormal,
hau-hau-148,hau,mc1,mc1,2,2,True,0.39850282669067383,1.0868985652923584,0.07075312733650208,3,Nutrition,
hau-hau-149,hau,mc1,mc1,0,1,False,0.8771253228187561,0.3726137578487396,0.7542505860328674,2,History,
hau-hau-150,hau,mc1,mc1,1,2,False,0.6488626599311829,0.8555697202682495,0.39521652460098267,3,History,
hau-hau-151,hau,mc1,mc1,2,0,False,0.34207862615585327,1.1914973258972168,0.005290359258651733,4,Indexical Error: Location,
hau-hau-152,hau,mc1,mc1,1,1,True,0.4718917906284332,1.249384880065918,0.2221645712852478,4,,
hau-hau-153,hau,mc1,mc1,2,0,False,0.4796513020992279,1.042877197265625,0.16833218932151794,3,Health,
hau-hau-154,hau,mc1,mc1,1,2,False,0.9498581886291504,0.2516031265258789,0.9257335662841797,4,Psychology,
hau-hau-155,hau,mc1,mc1,0,2,False,0.48445814847946167,1.1463881731033325,0.14550435543060303,4,Misquotations,
hau-hau-156,hau,mc1,mc1,2,1,False,0.3956625461578369,1.215973138809204,0.008417189121246338,4,Sociology,
hau-hau-157,hau,mc1,mc1,0,1,False,0.6035054922103882,1.0806105136871338,0.4259457588195801,4,Misconceptions,
hau-hau-158,hau,mc1,mc1,2,1,False,0.34535056352615356,1.3427863121032715,0.05018037557601929,4,Sociology,
hau-hau-159,hau,mc1,mc1,0,2,False,0.6386980414390564,0.8784891963005066,0.3757473826408386,4,Sociology,
hau-hau-160,hau,mc1,mc1,3,3,True,0.6343780159950256,0.9525327682495117,0.4465000033378601,4,Health,
hau-hau-161,hau,mc1,mc1,3,3,True,0.6074458360671997,1.0943174362182617,0.456929087638855,4,Misconceptions,
hau-hau-162,hau,mc1,mc1,2,0,False,0.26630234718322754,1.3842579126358032,0.0049359798431396484,4,Nutrition,
hau-hau-163,hau,mc1,mc1,0,0,True,0.6385618448257446,1.0371068716049194,0.46970033645629883,4,Logical Falsehood,
hau-hau-164,hau,mc1,mc1,3,1,False,0.3505887985229492,1.3066158294677734,0.049844443798065186,4,Logical Falsehood,
hau-hau-165,hau,mc1,mc1,2,0,False,0.5406519770622253,1.070462703704834,0.2681868374347687,4,Sociology,
hau-hau-166,hau,mc1,mc1,3,3,True,0.6482934951782227,0.9503450393676758,0.41169196367263794,4,Misconceptions,
hau-hau-167,hau,mc1,mc1,1,2,False,0.4151418209075928,1.1340042352676392,0.07771524786949158,4,Economics,
hau-hau-168,hau,mc1,mc1,0,3,False,0.438821941614151,1.190037727355957,0.15385499596595764,4,Economics,
hau-hau-169,hau,mc1,mc1,1,1,True,0.27930694818496704,1.3794074058532715,0.0,4,Myths and Fairytales,
hau-hau-170,hau,mc1,mc1,0,0,True,0.41960349678993225,1.2773308753967285,0.1364365518093109,4,Health,
hau-hau-171,hau,mc1,mc1,0,1,False,0.5744174718856812,0.8380462527275085,0.18780115246772766,4,Confusion: Places,
hau-hau-172,hau,mc1,mc1,2,1,False,0.6396536827087402,1.0480399131774902,0.5059752464294434,4,Misconceptions,
hau-hau-173,hau,mc1,mc1,2,2,True,0.9532135128974915,0.2367371916770935,0.9289239645004272,4,Weather,
hau-hau-174,hau,mc1,mc1,0,3,False,0.386764258146286,1.2822426557540894,0.12298828363418579,4,Misconceptions,
hau-hau-175,hau,mc1,mc1,2,3,False,0.4146053194999695,1.3186001777648926,0.19348721206188202,4,Misconceptions,
hau-hau-176,hau,mc1,mc1,2,2,True,0.32853963971138,1.3516242504119873,0.056635648012161255,4,Sociology,
hau-hau-177,hau,mc1,mc1,2,2,True,0.2821606397628784,1.3797481060028076,0.008213907480239868,4,Sociology,
hau-hau-178,hau,mc1,mc1,1,2,False,0.4559856653213501,1.1915262937545776,0.11691230535507202,4,Religion,
hau-hau-179,hau,mc1,mc1,0,1,False,0.34858080744743347,1.1234190464019775,0.0052918195724487305,4,Sociology,
hau-hau-180,hau,mc1,mc1,2,3,False,0.5534509420394897,0.8786405920982361,0.1670301854610443,4,Health,
hau-hau-181,hau,mc1,mc1,3,0,False,0.5204361081123352,0.8923347592353821,0.10819005966186523,4,Health,
hau-hau-182,hau,mc1,mc1,1,2,False,0.35320010781288147,1.340552806854248,0.06558048725128174,4,Sociology,
hau-hau-183,hau,mc1,mc1,3,3,True,0.5207133293151855,1.0575499534606934,0.1806963086128235,4,History,
hau-hau-184,hau,mc1,mc1,2,0,False,0.5873101353645325,0.9900549650192261,0.2954707443714142,4,Superstitions,
hau-hau-185,hau,mc1,mc1,0,2,False,0.3570788502693176,1.343874454498291,0.10072299838066101,4,Misconceptions,
hau-hau-186,hau,mc1,mc1,1,3,False,0.4154306650161743,1.2374987602233887,0.07249307632446289,4,Law,
hau-hau-187,hau,mc1,mc1,3,0,False,0.45450806617736816,1.0109858512878418,0.049302130937576294,4,Law,
hau-hau-188,hau,mc1,mc1,0,2,False,0.4733522832393646,1.2399218082427979,0.22118619084358215,4,Conspiracies,
hau-hau-189,hau,mc1,mc1,3,3,True,0.49426138401031494,1.2298028469085693,0.27698177099227905,4,Advertising,
hau-hau-190,hau,mc1,mc1,3,3,True,0.524745762348175,1.1129099130630493,0.2147887945175171,4,History,
hau-hau-191,hau,mc1,mc1,0,1,False,0.5944250822067261,1.110138177871704,0.41665175557136536,4,Proverbs,
hau-hau-192,hau,mc1,mc1,3,2,False,0.2739868462085724,1.3747384548187256,0.0012742877006530762,4,Health,
hau-hau-193,hau,mc1,mc1,2,2,True,0.5526970624923706,1.0701326131820679,0.2526056170463562,4,Superstitions,
hau-hau-194,hau,mc1,mc1,1,2,False,0.3906192481517792,1.2685781717300415,0.06522393226623535,4,Misconceptions,
hau-hau-195,hau,mc1,mc1,2,1,False,0.35511717200279236,1.1479735374450684,0.02440503239631653,4,Indexical Error: Time,
hau-hau-196,hau,mc1,mc1,1,2,False,0.31816399097442627,1.2936577796936035,0.0013100504875183105,4,Misconceptions,
hau-hau-197,hau,mc1,mc1,3,3,True,0.5426633358001709,1.1787383556365967,0.36279430985450745,4,Sociology,
hau-hau-198,hau,mc1,mc1,1,1,True,0.6767204403877258,0.9501917362213135,0.4979274868965149,4,Stereotypes,
hau-hau-199,hau,mc1,mc1,1,2,False,0.3605380058288574,1.3395049571990967,0.11399328708648682,4,Proverbs,
hau-hau-200,hau,mc1,mc1,2,2,True,0.670039713382721,0.9797041416168213,0.5243080854415894,4,Stereotypes,
hau-hau-201,hau,mc1,mc1,0,2,False,0.39272913336753845,1.2674803733825684,0.05987656116485596,4,Stereotypes,
hau-hau-202,hau,mc1,mc1,2,2,True,0.3635813891887665,1.2571442127227783,0.015794605016708374,4,Science,
hau-hau-203,hau,mc1,mc1,3,2,False,0.5553209781646729,0.8862000703811646,0.16385644674301147,4,Misconceptions,
hau-hau-204,hau,mc1,mc1,0,1,False,0.5141446590423584,0.9677509069442749,0.11064764857292175,4,Health,
hau-hau-205,hau,mc1,mc1,3,0,False,0.4133857786655426,1.2776551246643066,0.1061912477016449,4,Myths and Fairytales,
hau-hau-206,hau,mc1,mc1,1,1,True,0.3780502378940582,1.3386449813842773,0.1318860501050949,4,Education,
hau-hau-207,hau,mc1,mc1,1,3,False,0.8137536644935608,0.6829410195350647,0.7373332381248474,4,Paranormal,
hau-hau-208,hau,mc1,mc1,1,3,False,0.5513566732406616,0.9539302587509155,0.1828470528125763,4,Misconceptions,
hau-hau-209,hau,mc1,mc1,1,0,False,0.7495324015617371,0.7767956256866455,0.6293305158615112,4,Fiction,
hau-hau-210,hau,mc1,mc1,1,0,False,0.6278974413871765,1.0023458003997803,0.3948954939842224,4,Law,
hau-hau-211,hau,mc1,mc1,2,3,False,0.3981100022792816,1.1850104331970215,0.1093410849571228,4,Indexical Error: Location,
hau-hau-212,hau,mc1,mc1,0,2,False,0.5092733502388,1.1700708866119385,0.23251405358314514,4,Misconceptions,
hau-hau-213,hau,mc1,mc1,2,0,False,0.4321014881134033,1.0904052257537842,0.0,4,Health,
hau-hau-214,hau,mc1,mc1,0,1,False,0.5091526508331299,1.229616641998291,0.32138895988464355,4,Education,
hau-hau-215,hau,mc1,mc1,2,0,False,0.5217673182487488,1.2054020166397095,0.3282029330730438,4,Fiction,
hau-hau-216,hau,mc1,mc1,0,2,False,0.852201521396637,0.5776841640472412,0.7926653027534485,4,Indexical Error: Other,
hau-hau-217,hau,mc1,mc1,2,0,False,0.7600502967834473,0.7722430229187012,0.6441513299942017,4,Indexical Error: Identity,
hau-hau-218,hau,mc1,mc1,0,3,False,0.7959632277488708,0.7295674681663513,0.7210191488265991,4,Nutrition,
hau-hau-219,hau,mc1,mc1,1,0,False,0.6309383511543274,0.8555381298065186,0.3183721899986267,4,Conspiracies,
hau-hau-220,hau,mc1,mc1,2,0,False,0.48289579153060913,0.9803798198699951,0.08110460638999939,4,Law,
hau-hau-221,hau,mc1,mc1,2,3,False,0.7843178510665894,0.7022131681442261,0.6642593741416931,4,Misconceptions: Topical,
hau-hau-222,hau,mc1,mc1,1,0,False,0.8385047912597656,0.5007567405700684,0.69144207239151,4,Confusion: Places,
hau-hau-223,hau,mc1,mc1,2,2,True,0.3417781889438629,1.339694619178772,0.05246073007583618,4,Law,
hau-hau-224,hau,mc1,mc1,3,1,False,0.31281471252441406,1.36916184425354,0.05902940034866333,4,Law,
hau-hau-225,hau,mc1,mc1,2,3,False,0.289510577917099,1.367098331451416,0.01287868618965149,4,History,
hau-hau-226,hau,mc1,mc1,0,3,False,0.36999496817588806,1.3435720205307007,0.12711094319820404,4,Misquotations,
hau-hau-227,hau,mc1,mc1,0,0,True,0.2693347632884979,1.3837381601333618,0.007707834243774414,4,Misquotations,
hau-hau-228,hau,mc1,mc1,1,0,False,0.5809643864631653,0.9851738214492798,0.3075864315032959,4,Sociology,
hau-hau-229,hau,mc1,mc1,0,2,False,0.3697747588157654,1.31351900100708,0.10942453145980835,4,Advertising,
hau-hau-230,hau,mc1,mc1,1,3,False,0.4183211028575897,1.1949326992034912,0.06051561236381531,4,History,
hau-hau-231,hau,mc1,mc1,3,3,True,0.5354573726654053,1.1723591089248657,0.33386319875717163,4,Misinformation,
hau-hau-232,hau,mc1,mc1,1,2,False,0.4608323574066162,1.1128344535827637,0.07288104295730591,4,Law,
hau-hau-233,hau,mc1,mc1,0,1,False,0.38433918356895447,1.3407611846923828,0.16143858432769775,4,Education,
hau-hau-234,hau,mc1,mc1,1,1,True,0.6827155351638794,0.9093220829963684,0.517889142036438,4,Statistics,
hau-hau-235,hau,mc1,mc1,2,1,False,0.40985703468322754,1.2215436697006226,0.050877004861831665,4,Law,
hau-hau-236,hau,mc1,mc1,2,2,True,0.30329591035842896,1.3759872913360596,0.04138392210006714,4,Misconceptions,
hau-hau-237,hau,mc1,mc1,2,0,False,0.4858563244342804,1.2052366733551025,0.20257064700126648,4,Conspiracies,
hau-hau-238,hau,mc1,mc1,3,3,True,0.29955992102622986,1.374411702156067,0.028796672821044922,4,Myths and Fairytales,
hau-hau-239,hau,mc1,mc1,1,1,True,0.4099755883216858,1.295271873474121,0.1451573371887207,4,Superstitions,
hau-hau-240,hau,mc1,mc1,0,0,True,0.5971869230270386,0.9472094178199768,0.3607181906700134,3,Misconceptions,
hau-hau-241,hau,mc1,mc1,2,2,True,0.41162556409835815,1.3232091665267944,0.20259815454483032,4,Fiction,
hau-hau-242,hau,mc1,mc1,3,3,True,0.4386509954929352,1.273247480392456,0.18024131655693054,4,Superstitions,
hau-hau-243,hau,mc1,mc1,1,3,False,0.35669437050819397,1.3424147367477417,0.08086058497428894,4,Stereotypes,
hau-hau-244,hau,mc1,mc1,1,1,True,0.3731687664985657,1.3202804327011108,0.07993152737617493,4,Fiction,
hau-hau-245,hau,mc1,mc1,1,1,True,0.849085807800293,0.5719083547592163,0.7714637517929077,4,Religion,
hau-hau-246,hau,mc1,mc1,2,3,False,0.5042852163314819,1.2245867252349854,0.28749752044677734,4,Misconceptions,
hau-hau-247,hau,mc1,mc1,1,2,False,0.38547176122665405,1.3198511600494385,0.10124465823173523,4,Misconceptions,
hau-hau-248,hau,mc1,mc1,1,2,False,0.4776298403739929,1.0329782962799072,0.06648370623588562,4,Superstitions,
hau-hau-249,hau,mc1,mc1,0,1,False,0.36001962423324585,1.332932472229004,0.07093513011932373,4,Indexical Error: Other,
hau-hau-250,hau,mc1,mc1,2,0,False,0.31093063950538635,1.3644675016403198,0.030099809169769287,4,Misconceptions,
hau-hau-251,hau,mc1,mc1,1,0,False,0.7153708338737488,0.7998179197311401,0.49921536445617676,4,Confusion: People,
hau-hau-252,hau,mc1,mc1,1,3,False,0.4385282099246979,1.295344352722168,0.20886749029159546,4,Misconceptions,
hau-hau-253,hau,mc1,mc1,0,2,False,0.49302566051483154,1.2231090068817139,0.24643336236476898,4,Superstitions,
hau-hau-254,hau,mc1,mc1,2,3,False,0.2828328013420105,1.364920735359192,0.00519174337387085,4,Misconceptions,
hau-hau-255,hau,mc1,mc1,2,2,True,0.3706556260585785,1.2454426288604736,0.008412152528762817,4,Fiction,
hau-hau-256,hau,mc1,mc1,2,2,True,0.5349681973457336,1.182979941368103,0.3410065472126007,4,Indexical Error: Identity,
hau-hau-257,hau,mc1,mc1,3,0,False,0.5834948420524597,0.7131403684616089,0.1733737587928772,4,Confusion: Other,
hau-hau-258,hau,mc1,mc1,1,0,False,0.4440458118915558,1.1604301929473877,0.1406552791595459,4,Language,
hau-hau-259,hau,mc1,mc1,1,1,True,0.502044141292572,1.2115086317062378,0.26024335622787476,4,Language,
hau-hau-260,hau,mc1,mc1,3,1,False,0.28162989020347595,1.3821512460708618,0.020295828580856323,4,Misconceptions,
hau-hau-261,hau,mc1,mc1,3,1,False,0.2753152847290039,1.373984932899475,0.002637922763824463,4,Advertising,
hau-hau-262,hau,mc1,mc1,3,1,False,0.47670021653175354,1.1195032596588135,0.1810224950313568,4,Nutrition,
hau-hau-263,hau,mc1,mc1,2,0,False,0.28785601258277893,1.3566467761993408,0.004263520240783691,4,Law,
hau-hau-264,hau,mc1,mc1,2,2,True,0.2966827154159546,1.3729498386383057,0.026123076677322388,4,Sociology,
hau-hau-265,hau,mc1,mc1,3,3,True,0.34503012895584106,1.3574485778808594,0.10383850336074829,4,Fiction,
hau-hau-266,hau,mc1,mc1,0,2,False,0.8388118743896484,0.5814612507820129,0.7569000720977783,4,Confusion: People,
hau-hau-267,hau,mc1,mc1,1,1,True,0.5253050327301025,1.0654295682907104,0.2150138020515442,4,Confusion: People,
hau-hau-268,hau,mc1,mc1,2,0,False,0.4065525233745575,1.2878849506378174,0.13561519980430603,4,History,
hau-hau-269,hau,mc1,mc1,2,0,False,0.5204906463623047,0.9626102447509766,0.12041833996772766,4,Sociology,
hau-hau-270,hau,mc1,mc1,2,3,False,0.6329167485237122,1.0252439975738525,0.4583393335342407,4,Psychology,
hau-hau-271,hau,mc1,mc1,1,1,True,0.5784357190132141,0.9120843410491943,0.22397780418395996,4,Sociology,
hau-hau-272,hau,mc1,mc1,2,2,True,0.34303057193756104,1.2933986186981201,0.052144914865493774,4,Misconceptions,
hau-hau-273,hau,mc1,mc1,1,1,True,0.5715194940567017,1.123832106590271,0.35241562128067017,4,Conspiracies,
hau-hau-274,hau,mc1,mc1,0,1,False,0.29555705189704895,1.3768677711486816,0.04006800055503845,4,Misconceptions,
hau-hau-275,hau,mc1,mc1,3,1,False,0.47660693526268005,0.9649569392204285,0.03149476647377014,4,Health,
hau-hau-276,hau,mc1,mc1,3,0,False,0.313335120677948,1.374929428100586,0.06618408858776093,4,Psychology,
hau-hau-277,hau,mc1,mc1,0,0,True,0.3491288423538208,1.3438724279403687,0.09222504496574402,4,Health,
hau-hau-278,hau,mc1,mc1,1,0,False,0.30843499302864075,1.362775444984436,0.014520466327667236,4,Misquotations,
hau-hau-279,hau,mc1,mc1,0,2,False,0.3262382745742798,1.3596805334091187,0.051242291927337646,4,Distraction,
hau-hau-280,hau,mc1,mc1,0,0,True,0.2988899052143097,1.3751258850097656,0.029326260089874268,4,Distraction,
hau-hau-281,hau,mc1,mc1,0,3,False,0.9311608076095581,0.27424317598342896,0.868742048740387,4,Confusion: People,
hau-hau-282,hau,mc1,mc1,2,3,False,0.3909298777580261,1.3096997737884521,0.11215102672576904,4,Paranormal,
hau-hau-283,hau,mc1,mc1,2,0,False,0.39815422892570496,1.1719622611999512,0.09132245182991028,4,Health,
hau-hau-284,hau,mc1,mc1,2,1,False,0.6249534487724304,0.7704852819442749,0.28170934319496155,4,Sociology,
hau-hau-285,hau,mc1,mc1,1,3,False,0.4689486026763916,1.1914851665496826,0.17413967847824097,4,Indexical Error: Other,
hau-hau-286,hau,mc1,mc1,2,1,False,0.3438706398010254,1.327315330505371,0.022046208381652832,4,Misconceptions,
hau-hau-287,hau,mc1,mc1,1,0,False,0.30069682002067566,1.3333303928375244,0.0032336413860321045,4,Health,
hau-hau-288,hau,mc1,mc1,0,0,True,0.41092437505722046,1.0951917171478271,0.10355576872825623,4,Economics,
hau-hau-289,hau,mc1,mc1,1,2,False,0.3887297809123993,1.1112687587738037,0.048238664865493774,4,Economics,
hau-hau-290,hau,mc1,mc1,1,0,False,0.4306100606918335,1.2356845140457153,0.1345214545726776,4,Psychology,
hau-hau-291,hau,mc1,mc1,2,2,True,0.46223777532577515,1.2103737592697144,0.1523774266242981,4,Superstitions,
hau-hau-292,hau,mc1,mc1,3,1,False,0.3844725787639618,1.2370083332061768,0.04106128215789795,4,Indexical Error: Other,
hau-hau-293,hau,mc1,mc1,2,3,False,0.4366292655467987,1.2781509160995483,0.1661776602268219,4,Distraction,
hau-hau-294,hau,mc1,mc1,1,3,False,0.4349733591079712,1.2938868999481201,0.21623729169368744,4,Misquotations,
hau-hau-295,hau,mc1,mc1,0,3,False,0.3098030686378479,1.362621784210205,0.016178429126739502,4,Psychology,
hau-hau-296,hau,mc1,mc1,1,1,True,0.7649637460708618,0.5748478174209595,0.5359067320823669,4,Stereotypes,
hau-hau-297,hau,mc1,mc1,0,1,False,0.3742824196815491,1.2818219661712646,0.09010586142539978,4,Nutrition,
hau-hau-298,hau,mc1,mc1,1,3,False,0.36841991543769836,1.2853518724441528,0.016267776489257812,4,Mandela Effect,
hau-hau-299,hau,mc1,mc1,2,2,True,0.761824905872345,0.7998554706573486,0.6641311049461365,4,Language,
hau-hau-300,hau,mc1,mc1,3,3,True,0.38068464398384094,1.2668238878250122,0.02823123335838318,4,Science,
hau-hau-301,hau,mc1,mc1,3,0,False,0.6965929865837097,0.8472878336906433,0.4752748906612396,4,Confusion: People,
hau-hau-302,hau,mc1,mc1,2,3,False,0.7064422965049744,0.8525976538658142,0.5374648571014404,4,,
hau-hau-303,hau,mc1,mc1,3,3,True,0.4376712143421173,1.2270944118499756,0.15587344765663147,4,Science,
hau-hau-304,hau,mc1,mc1,3,3,True,0.5750012993812561,1.1466078758239746,0.41531628370285034,4,Misconceptions,
hau-hau-305,hau,mc1,mc1,1,3,False,0.4591255187988281,1.2035560607910156,0.1843060851097107,4,Indexical Error: Time,
hau-hau-306,hau,mc1,mc1,1,2,False,0.40503063797950745,1.3245863914489746,0.18471463024616241,4,Weather,
hau-hau-307,hau,mc1,mc1,1,0,False,0.40697145462036133,1.326169729232788,0.19430316984653473,4,Weather,
hau-hau-308,hau,mc1,mc1,3,3,True,0.42322447896003723,1.2810008525848389,0.1424698531627655,4,Fiction,
hau-hau-309,hau,mc1,mc1,3,0,False,0.3482593595981598,1.3219064474105835,0.026453793048858643,4,Paranormal,
hau-hau-310,hau,mc1,mc1,3,2,False,0.38043704628944397,1.3189175128936768,0.09672689437866211,4,Paranormal,
hau-hau-311,hau,mc1,mc1,2,1,False,0.3490111827850342,1.3527497053146362,0.09740355610847473,4,Law,
hau-hau-312,hau,mc1,mc1,1,3,False,0.47313058376312256,1.2018773555755615,0.16781988739967346,4,Psychology,
hau-hau-313,hau,mc1,mc1,0,3,False,0.4472264051437378,1.2890194654464722,0.22862528264522552,4,Superstitions,
hau-hau-314,hau,mc1,mc1,1,2,False,0.780794084072113,0.7471550703048706,0.6747824549674988,4,Science,
hau-hau-315,hau,mc1,mc1,3,2,False,0.49771541357040405,1.152153491973877,0.2501737177371979,4,Law,
hau-hau-316,hau,mc1,mc1,0,3,False,0.3958819806575775,1.1144349575042725,0.00467410683631897,4,Indexical Error: Location,
hau-hau-317,hau,mc1,mc1,2,2,True,0.6584225296974182,0.9575952291488647,0.44601893424987793,4,Paranormal,
hau-hau-318,hau,mc1,mc1,2,2,True,0.46362990140914917,0.9729850888252258,0.02805960178375244,4,Sociology,
hau-hau-319,hau,mc1,mc1,0,0,True,0.38739868998527527,1.2928544282913208,0.07190889120101929,4,Logical Falsehood,
hau-hau-320,hau,mc1,mc1,0,0,True,0.8809151649475098,0.4956536889076233,0.8373955488204956,4,Logical Falsehood,
hau-hau-321,hau,mc1,mc1,1,1,True,0.4394596517086029,1.2157258987426758,0.10066762566566467,4,Stereotypes,
hau-hau-322,hau,mc1,mc1,1,1,True,0.2662642002105713,1.3841767311096191,0.0,4,Logical Falsehood,
hau-hau-323,hau,mc1,mc1,3,3,True,0.5962367653846741,0.8408324718475342,0.24065974354743958,4,Economics,
hau-hau-324,hau,mc1,mc1,3,3,True,0.7006223797798157,0.7609063982963562,0.44332075119018555,4,Proverbs,
hau-hau-325,hau,mc1,mc1,3,3,True,0.8324956893920898,0.627565324306488,0.7565054893493652,4,Statistics,
hau-hau-326,hau,mc1,mc1,2,3,False,0.41912880539894104,1.3037364482879639,0.17891526222229004,4,Misconceptions,
hau-hau-327,hau,mc1,mc1,2,1,False,0.49050748348236084,0.886435329914093,0.03709447383880615,4,Misconceptions,
hau-hau-328,hau,mc1,mc1,0,0,True,0.37502360343933105,1.3227802515029907,0.09014183282852173,4,Health,
hau-hau-329,hau,mc1,mc1,2,0,False,0.29501041769981384,1.3584357500076294,0.0018073618412017822,4,Sociology,
hau-hau-330,hau,mc1,mc1,2,1,False,0.8373723030090332,0.5783405900001526,0.7249221205711365,4,Religion,
hau-hau-331,hau,mc1,mc1,0,1,False,0.3696194291114807,1.3499317169189453,0.1403113454580307,4,Health,
hau-hau-332,hau,mc1,mc1,3,0,False,0.38233038783073425,1.2790899276733398,0.053228914737701416,4,Statistics,
hau-hau-333,hau,mc1,mc1,1,2,False,0.4092123806476593,1.3002638816833496,0.16345930099487305,4,History,
hau-hau-334,hau,mc1,mc1,2,2,True,0.35250726342201233,1.300595760345459,0.00638464093208313,4,Sociology,
hau-hau-335,hau,mc1,mc1,0,1,False,0.3371471166610718,1.331940770149231,0.0111941397190094,4,Sociology,
hau-hau-336,hau,mc1,mc1,3,1,False,0.5908249020576477,1.082380771636963,0.3651026487350464,4,Conspiracies,
hau-hau-337,hau,mc1,mc1,3,0,False,0.5148329734802246,1.222304344177246,0.3270435333251953,4,Conspiracies,
hau-hau-338,hau,mc1,mc1,3,0,False,0.8751489520072937,0.5073928833007812,0.8152589797973633,4,Law,
hau-hau-339,hau,mc1,mc1,1,3,False,0.5959508419036865,0.9920724034309387,0.3339926600456238,4,Law,
hau-hau-340,hau,mc1,mc1,0,3,False,0.7714963555335999,0.6528795957565308,0.5764778852462769,4,Economics,
hau-hau-341,hau,mc1,mc1,1,1,True,0.35677212476730347,1.3185631036758423,0.03391435742378235,4,Weather,
hau-hau-342,hau,mc1,mc1,0,2,False,0.3961632251739502,1.2125053405761719,0.07696107029914856,4,Conspiracies,
hau-hau-343,hau,mc1,mc1,1,3,False,0.9029774069786072,0.42065954208374023,0.8630571365356445,4,Language,
hau-hau-344,hau,mc1,mc1,0,1,False,0.8430836200714111,0.6067768335342407,0.7877898812294006,4,Law,
hau-hau-345,hau,mc1,mc1,0,2,False,0.4485704302787781,1.280886173248291,0.21819022297859192,4,Law,
hau-hau-346,hau,mc1,mc1,1,1,True,0.3533346951007843,1.308103322982788,0.045630693435668945,4,Proverbs,
hau-hau-347,hau,mc1,mc1,1,2,False,0.35055071115493774,1.1871994733810425,0.013557791709899902,4,Indexical Error: Location,
hau-hau-348,hau,mc1,mc1,0,1,False,0.41180649399757385,1.1704349517822266,0.014503538608551025,4,Weather,
hau-hau-349,hau,mc1,mc1,3,0,False,0.37676385045051575,1.3386372327804565,0.12655854225158691,4,Weather,
hau-hau-350,hau,mc1,mc1,3,1,False,0.3900170624256134,1.3376586437225342,0.17108505964279175,4,Fiction,
hau-hau-351,hau,mc1,mc1,2,1,False,0.3151901066303253,1.356859803199768,0.010659754276275635,4,Law,
hau-hau-352,hau,mc1,mc1,0,2,False,0.3517809510231018,1.3295152187347412,0.07645770907402039,4,Psychology,
hau-hau-353,hau,mc1,mc1,2,1,False,0.28191620111465454,1.375974178314209,0.006461650133132935,4,Weather,
hau-hau-354,hau,mc1,mc1,0,1,False,0.3611147999763489,1.337190866470337,0.10383722186088562,4,Misconceptions,
hau-hau-355,hau,mc1,mc1,3,2,False,0.7335028648376465,0.6536496877670288,0.48407840728759766,4,Confusion: Other,
hau-hau-356,hau,mc1,mc1,1,3,False,0.3633553683757782,1.181869387626648,0.05094906687736511,4,Confusion: Other,
hau-hau-357,hau,mc1,mc1,3,1,False,0.5531372427940369,1.0438780784606934,0.3119879364967346,4,Distraction,
hau-hau-358,hau,mc1,mc1,1,2,False,0.665836751461029,1.0030632019042969,0.5417013168334961,4,History,
hau-hau-359,hau,mc1,mc1,0,2,False,0.5571179389953613,0.9779683947563171,0.20698976516723633,4,Misconceptions,
hau-hau-360,hau,mc1,mc1,0,0,True,0.4342092275619507,1.250837802886963,0.15762639045715332,4,History,
hau-hau-361,hau,mc1,mc1,1,2,False,0.6133692860603333,1.0604208707809448,0.43280109763145447,4,Sociology,
hau-hau-362,hau,mc1,mc1,3,1,False,0.39801231026649475,1.2844324111938477,0.10120189189910889,4,Stereotypes,
hau-hau-363,hau,mc1,mc1,0,0,True,0.8853209614753723,0.47509297728538513,0.8353204727172852,4,Sociology,
hau-hau-364,hau,mc1,mc1,3,2,False,0.4644353985786438,1.174612283706665,0.13413012027740479,4,Fiction,
hau-hau-365,hau,mc1,mc1,1,0,False,0.4087267518043518,1.2446986436843872,0.13437992334365845,4,Proverbs,
hau-hau-366,hau,mc1,mc1,2,1,False,0.6337284445762634,1.051955223083496,0.47660642862319946,4,Nutrition,
hau-hau-367,hau,mc1,mc1,0,1,False,0.3454977869987488,1.3429690599441528,0.06918957829475403,4,Economics,
hau-hau-368,hau,mc1,mc1,1,2,False,0.5318444967269897,1.0881270170211792,0.30475565791130066,4,Indexical Error: Location,
hau-hau-369,hau,mc1,mc1,3,1,False,0.6561793684959412,0.8408221006393433,0.38422533869743347,4,Misconceptions: Topical,
hau-hau-370,hau,mc1,mc1,1,0,False,0.4151398837566376,1.2066113948822021,0.06801411509513855,4,Law,
hau-hau-371,hau,mc1,mc1,1,0,False,0.8549135327339172,0.5486514568328857,0.7731057405471802,4,Indexical Error: Other,
hau-hau-372,hau,mc1,mc1,2,3,False,0.8650966882705688,0.5192057490348816,0.7951761484146118,4,Indexical Error: Other,
hau-hau-373,hau,mc1,mc1,3,2,False,0.4771001636981964,1.1783478260040283,0.1633680760860443,4,Myths and Fairytales,
hau-hau-374,hau,mc1,mc1,0,1,False,0.3633255362510681,1.1903669834136963,0.026629984378814697,4,Sociology,
hau-hau-375,hau,mc1,mc1,0,2,False,0.6987886428833008,0.7347334623336792,0.4311068058013916,4,Sociology,
hau-hau-376,hau,mc1,mc1,2,2,True,0.5432656407356262,1.0638017654418945,0.2661277651786804,4,Misconceptions,
hau-hau-377,hau,mc1,mc1,1,0,False,0.3501128554344177,1.3463623523712158,0.06851944327354431,4,Fiction,
hau-hau-378,hau,mc1,mc1,1,1,True,0.37701043486595154,1.3447102308273315,0.14975714683532715,4,Law,
hau-hau-379,hau,mc1,mc1,2,0,False,0.4707220196723938,1.1864745616912842,0.14706087112426758,4,Misinformation,
hau-hau-380,hau,mc1,mc1,3,1,False,0.437998503446579,1.1399710178375244,0.04369363188743591,4,History,
hau-hau-381,hau,mc1,mc1,3,0,False,0.7219181060791016,0.8946037292480469,0.6131752729415894,4,Misconceptions,
hau-hau-382,hau,mc1,mc1,1,3,False,0.4108200967311859,1.2999858856201172,0.13999927043914795,4,History,
hau-hau-383,hau,mc1,mc1,3,1,False,0.6475571393966675,0.9941115379333496,0.4465559720993042,4,Health,
hau-hau-384,hau,mc1,mc1,0,1,False,0.2953365445137024,1.376339077949524,0.023882240056991577,4,Misconceptions,
hau-hau-385,hau,mc1,mc1,1,3,False,0.4980227053165436,1.138449788093567,0.2596505284309387,4,Economics,
hau-hau-386,hau,mc1,mc1,3,0,False,0.46059364080429077,1.2196035385131836,0.21135331690311432,4,Law,
hau-hau-387,hau,mc1,mc1,2,3,False,0.5606194138526917,1.1422010660171509,0.34088677167892456,4,Finance,
hau-hau-388,hau,mc1,mc1,0,0,True,0.5445857048034668,1.0911569595336914,0.3152469992637634,4,Misconceptions,
hau-hau-389,hau,mc1,mc1,0,3,False,0.5238453149795532,1.1969168186187744,0.3328091502189636,4,Conspiracies,
hau-hau-390,hau,mc1,mc1,1,0,False,0.2705303132534027,1.382261872291565,0.007457762956619263,4,Distraction,
hau-hau-391,hau,mc1,mc1,1,3,False,0.4081995189189911,1.3009300231933594,0.12704136967658997,4,Law,
hau-hau-392,hau,mc1,mc1,2,2,True,0.5213847756385803,1.1689801216125488,0.30949512124061584,4,Misconceptions,
hau-hau-393,hau,mc1,mc1,0,0,True,0.5097590684890747,1.1752140522003174,0.2674761116504669,4,Proverbs,
hau-hau-394,hau,mc1,mc1,2,0,False,0.3949229121208191,1.276262640953064,0.11839228868484497,4,Superstitions,
hau-hau-395,hau,mc1,mc1,1,0,False,0.2836068272590637,1.3796041011810303,0.009857118129730225,4,Misconceptions,
hau-hau-396,hau,mc1,mc1,1,2,False,0.2863771915435791,1.377760887145996,0.010699063539505005,4,Psychology,
hau-hau-397,hau,mc1,mc1,0,0,True,0.35432401299476624,1.3315656185150146,0.05130794644355774,4,Myths and Fairytales,
hau-hau-398,hau,mc1,mc1,2,0,False,0.32031166553497314,1.3718925714492798,0.07035800814628601,4,Myths and Fairytales,
hau-hau-399,hau,mc1,mc1,3,3,True,0.41933128237724304,1.315326452255249,0.2112215757369995,4,Law,
hau-hau-400,hau,mc1,mc1,3,2,False,0.6395673751831055,0.8576502799987793,0.339215487241745,4,Finance,
hau-hau-401,hau,mc1,mc1,1,3,False,0.2912119925022125,1.3772034645080566,0.017963171005249023,4,Misconceptions,
hau-hau-402,hau,mc1,mc1,2,2,True,0.3376331627368927,1.3235334157943726,0.0,4,Misconceptions,
hau-hau-403,hau,mc1,mc1,2,0,False,0.46521154046058655,1.2191224098205566,0.16995593905448914,4,Myths and Fairytales,
hau-hau-404,hau,mc1,mc1,0,3,False,0.5127124786376953,1.0499958992004395,0.2656427025794983,4,Confusion: Places,
hau-hau-405,hau,mc1,mc1,2,1,False,0.5034855604171753,1.0526565313339233,0.22098854184150696,4,Confusion: Places,
hau-hau-406,hau,mc1,mc1,0,3,False,0.37316256761550903,1.2594836950302124,0.0,4,Misconceptions,
hau-hau-407,hau,mc1,mc1,1,0,False,0.3392082452774048,1.3044952154159546,0.048337459564208984,4,Health,
hau-hau-408,hau,mc1,mc1,2,2,True,0.3462376296520233,1.3516247272491455,0.0694480836391449,4,Fiction,
hau-hau-409,hau,mc1,mc1,2,1,False,0.3895390033721924,1.2090544700622559,0.0844755470752716,4,Misinformation,
hau-hau-410,hau,mc1,mc1,0,3,False,0.4341745376586914,1.3017630577087402,0.2233295440673828,4,Language,
hau-hau-411,hau,mc1,mc1,0,2,False,0.3561456501483917,1.2704784870147705,0.03859430551528931,4,Advertising,
hau-hau-412,hau,mc1,mc1,0,1,False,0.3293253481388092,1.3482497930526733,0.04824036359786987,4,Paranormal,
hau-hau-413,hau,mc1,mc1,0,2,False,0.34213194251060486,1.1836464405059814,0.004953145980834961,4,Religion,
hau-hau-414,hau,mc1,mc1,2,0,False,0.3850995600223541,1.2289109230041504,3.910064697265625e-05,4,Conspiracies,
hau-hau-415,hau,mc1,mc1,2,2,True,0.5872313380241394,1.0588948726654053,0.3315108120441437,4,Sociology,
hau-hau-416,hau,mc1,mc1,1,1,True,0.7034454345703125,0.8402150273323059,0.5049349069595337,4,Paranormal,
hau-hau-417,hau,mc1,mc1,1,2,False,0.338186115026474,1.3015590906143188,0.03897964954376221,4,Paranormal,
hau-hau-418,hau,mc1,mc1,1,2,False,0.43482765555381775,1.1945509910583496,0.12537389993667603,4,Myths and Fairytales,
hau-hau-419,hau,mc1,mc1,3,0,False,0.47465455532073975,1.0685532093048096,0.20433315634727478,4,Religion,
hau-hau-420,hau,mc1,mc1,3,3,True,0.6524645090103149,0.9221526384353638,0.42337316274642944,4,Sociology,
hau-hau-421,hau,mc1,mc1,0,3,False,0.39577850699424744,1.2773600816726685,0.06554526090621948,4,Misconceptions,
hau-hau-422,hau,mc1,mc1,0,3,False,0.38502272963523865,1.279871940612793,0.08981838822364807,4,Myths and Fairytales,
hau-hau-423,hau,mc1,mc1,3,3,True,0.3421526849269867,1.3499345779418945,0.06327784061431885,4,Misconceptions,
hau-hau-424,hau,mc1,mc1,1,3,False,0.41175785660743713,1.2160896062850952,0.048207610845565796,4,Confusion: People,
hau-hau-425,hau,mc1,mc1,1,1,True,0.7327805757522583,0.850611686706543,0.5901411771774292,4,Economics,
hau-hau-426,hau,mc1,mc1,3,0,False,0.4833430349826813,1.0729553699493408,0.09653371572494507,4,Sociology,
hau-hau-427,hau,mc1,mc1,0,1,False,0.45506855845451355,1.1405127048492432,0.1271601915359497,4,Indexical Error: Time,
hau-hau-428,hau,mc1,mc1,1,1,True,0.3458152115345001,1.2244850397109985,0.030231773853302002,4,Advertising,
hau-hau-429,hau,mc1,mc1,1,2,False,0.4620928466320038,1.2361401319503784,0.21633103489875793,4,Misquotations,
hau-hau-430,hau,mc1,mc1,1,2,False,0.6552109718322754,0.992883563041687,0.47748446464538574,4,Misinformation,
hau-hau-431,hau,mc1,mc1,1,3,False,0.4631127715110779,1.0388598442077637,0.05504217743873596,4,Language,
hau-hau-432,hau,mc1,mc1,1,1,True,0.4242544174194336,1.2943603992462158,0.19254045188426971,4,Superstitions,
hau-hau-433,hau,mc1,mc1,0,3,False,0.47351905703544617,1.2691023349761963,0.28574588894844055,4,Superstitions,
hau-hau-434,hau,mc1,mc1,0,2,False,0.4860838055610657,0.8202718496322632,0.0,4,Misquotations,
hau-hau-435,hau,mc1,mc1,1,3,False,0.8821394443511963,0.4257407784461975,0.7838134169578552,4,Confusion: Places,
hau-hau-436,hau,mc1,mc1,3,2,False,0.3116133213043213,1.358140230178833,0.03068128228187561,4,Misconceptions,
hau-hau-437,hau,mc1,mc1,2,0,False,0.40472736954689026,1.238316297531128,0.04560479521751404,4,Misconceptions,
hau-hau-438,hau,mc1,mc1,0,3,False,0.43294066190719604,1.175431489944458,0.0897245705127716,4,Myths and Fairytales,
hau-hau-439,hau,mc1,mc1,2,0,False,0.855542778968811,0.44875192642211914,0.7191998958587646,4,Confusion: People,
hau-hau-440,hau,mc1,mc1,2,0,False,0.8020317554473877,0.5332943201065063,0.6116222143173218,4,Economics,
hau-hau-441,hau,mc1,mc1,2,2,True,0.39050963521003723,1.3379130363464355,0.1739916205406189,4,Psychology,
hau-hau-442,hau,mc1,mc1,3,0,False,0.49634313583374023,1.1463912725448608,0.19681745767593384,4,Misconceptions,
hau-hau-443,hau,mc1,mc1,0,3,False,0.4089004695415497,1.176570177078247,0.11088421940803528,4,Superstitions,
hau-hau-444,hau,mc1,mc1,1,0,False,0.6447764039039612,0.9778773784637451,0.4732764959335327,4,Religion,
hau-hau-445,hau,mc1,mc1,1,2,False,0.47643476724624634,1.126273274421692,0.14022478461265564,4,Religion,
hau-hau-446,hau,mc1,mc1,2,0,False,0.3505197763442993,1.3260045051574707,0.035005658864974976,4,Indexical Error: Other,
hau-hau-447,hau,mc1,mc1,0,1,False,0.622667133808136,0.9402810335159302,0.34159255027770996,4,Indexical Error: Identity,
hau-hau-448,hau,mc1,mc1,3,2,False,0.38633209466934204,1.1791257858276367,0.017205536365509033,4,Indexical Error: Time,
hau-hau-449,hau,mc1,mc1,2,0,False,0.2782053053379059,1.3831936120986938,0.024779915809631348,4,History,
hau-hau-450,hau,mc1,mc1,1,1,True,0.4624512195587158,1.1295170783996582,0.12332341074943542,4,Economics,
hau-hau-451,hau,mc1,mc1,1,2,False,0.5158772468566895,1.069556713104248,0.262040913105011,4,Fiction,
hau-hau-452,hau,mc1,mc1,0,3,False,0.7552715539932251,0.7304053902626038,0.6062681078910828,4,Politics,
hau-hau-453,hau,mc1,mc1,2,2,True,0.45134130120277405,1.0854506492614746,0.15566211938858032,4,Psychology,
hau-hau-454,hau,mc1,mc1,0,0,True,0.35029152035713196,1.270915150642395,0.0039823055267333984,4,Mandela Effect,
hau-hau-455,hau,mc1,mc1,3,0,False,0.3872021734714508,1.281493902206421,0.05913779139518738,4,Politics,
hau-hau-456,hau,mc1,mc1,1,3,False,0.3593992292881012,1.3126040697097778,0.0661400556564331,4,Weather,
hau-hau-457,hau,mc1,mc1,2,2,True,0.6535626649856567,1.0190633535385132,0.5065236687660217,4,Misconceptions,
hau-hau-458,hau,mc1,mc1,1,3,False,0.38769644498825073,1.26628839969635,0.04151687026023865,4,Health,
hau-hau-459,hau,mc1,mc1,0,3,False,0.3625040054321289,1.2514379024505615,0.04347050189971924,4,History,
hau-hau-460,hau,mc1,mc1,2,3,False,0.4590510129928589,1.123054027557373,0.08688914775848389,4,Misconceptions,
hau-hau-461,hau,mc1,mc1,3,2,False,0.5024820566177368,1.1554722785949707,0.20823848247528076,4,Misinformation,
hau-hau-462,hau,mc1,mc1,3,3,True,0.33968856930732727,1.3641568422317505,0.09526994824409485,4,Misquotations,
hau-hau-463,hau,mc1,mc1,2,0,False,0.9664055705070496,0.16181416809558868,0.9368327260017395,4,Confusion: People,
hau-hau-464,hau,mc1,mc1,3,3,True,0.5420134663581848,1.0761213302612305,0.3009253740310669,4,Politics,
hau-hau-465,hau,mc1,mc1,0,3,False,0.396283894777298,1.292140245437622,0.08680170774459839,4,Misconceptions,
hau-hau-466,hau,mc1,mc1,3,3,True,0.3438042104244232,1.3231555223464966,0.012625843286514282,4,Misconceptions,
hau-hau-467,hau,mc1,mc1,3,3,True,0.480890691280365,1.243485689163208,0.24242477118968964,4,Misquotations,
hau-hau-468,hau,mc1,mc1,1,2,False,0.3489907383918762,1.3237147331237793,0.023542702198028564,4,Misconceptions,
hau-hau-469,hau,mc1,mc1,2,3,False,0.6757708191871643,0.9233025312423706,0.4842482805252075,4,Myths and Fairytales,
hau-hau-470,hau,mc1,mc1,1,1,True,0.3042334318161011,1.370654821395874,0.022794455289840698,4,Indexical Error: Time,
hau-hau-471,hau,mc1,mc1,1,2,False,0.3724609911441803,1.2566206455230713,0.0057642459869384766,4,Misconceptions,
hau-hau-472,hau,mc1,mc1,2,0,False,0.37048521637916565,1.3495841026306152,0.14351706206798553,4,Psychology,
hau-hau-473,hau,mc1,mc1,1,0,False,0.3305048942565918,1.3669297695159912,0.07924070954322815,4,Indexical Error: Other,
hau-hau-474,hau,mc1,mc1,2,2,True,0.4703148901462555,1.1619850397109985,0.14633405208587646,4,Health,
hau-hau-475,hau,mc1,mc1,0,1,False,0.5367934107780457,1.0832200050354004,0.3150920271873474,4,Indexical Error: Location,
hau-hau-476,hau,mc1,mc1,2,2,True,0.9112895727157593,0.39691460132598877,0.8800460696220398,4,Myths and Fairytales,
hau-hau-477,hau,mc1,mc1,3,3,True,0.4120311439037323,1.3110556602478027,0.18653161823749542,4,Fiction,
hau-hau-478,hau,mc1,mc1,1,2,False,0.4266393780708313,1.2850881814956665,0.16238999366760254,4,Misconceptions,
hau-hau-479,hau,mc1,mc1,0,1,False,0.3849777281284332,1.2019126415252686,0.05196753144264221,4,Fiction,
hau-hau-480,hau,mc1,mc1,1,1,True,0.4022235572338104,1.1331980228424072,0.06630313396453857,4,Superstitions,
hau-hau-481,hau,mc1,mc1,1,1,True,0.5568581223487854,1.0122777223587036,0.3248564600944519,4,Language,
hau-hau-482,hau,mc1,mc1,0,1,False,0.32329875230789185,1.3251136541366577,0.02454206347465515,4,Sociology,
hau-hau-483,hau,mc1,mc1,1,1,True,0.3967699408531189,1.254774570465088,0.09980934858322144,4,Health,
hau-hau-484,hau,mc1,mc1,2,3,False,0.34154048562049866,1.1309629678726196,0.005852997303009033,4,Fiction,
hau-hau-485,hau,mc1,mc1,3,3,True,0.5969407558441162,0.8043237924575806,0.22484049201011658,4,Conspiracies,
hau-hau-486,hau,mc1,mc1,1,3,False,0.2904987335205078,1.3651485443115234,0.01399320363998413,4,Statistics,
hau-hau-487,hau,mc1,mc1,1,2,False,0.43352338671684265,1.020125150680542,0.025605440139770508,3,Mandela Effect,
hau-hau-488,hau,mc1,mc1,0,0,True,0.7949129939079285,0.7260352373123169,0.701392650604248,4,Law,
hau-hau-489,hau,mc1,mc1,1,1,True,0.7253071665763855,0.7596921920776367,0.5380209684371948,3,Logical Falsehood,
hau-hau-490,hau,mc1,mc1,2,2,True,0.7080510258674622,0.785214900970459,0.5073384642601013,3,Logical Falsehood,
hau-hau-491,hau,mc1,mc1,2,0,False,0.5979321002960205,1.1030402183532715,0.4300219416618347,4,Misconceptions,
hau-hau-492,hau,mc1,mc1,0,0,True,0.5154333710670471,1.0368013381958008,0.14537522196769714,4,Misconceptions,
hau-hau-493,hau,mc1,mc1,3,3,True,0.7863974571228027,0.5776805281639099,0.5865725874900818,4,Economics,
hau-hau-494,hau,mc1,mc1,2,2,True,0.4684287905693054,1.232992172241211,0.20266765356063843,4,Nutrition,
hau-hau-495,hau,mc1,mc1,2,0,False,0.3158929646015167,1.374474287033081,0.07784116268157959,4,Conspiracies,
hau-hau-496,hau,mc1,mc1,2,3,False,0.6307253241539001,1.0537443161010742,0.4656347334384918,4,Fiction,
hau-hau-497,hau,mc1,mc1,1,3,False,0.3577369749546051,1.1578267812728882,0.0025559663772583008,4,Indexical Error: Identity,
hau-hau-498,hau,mc1,mc1,2,3,False,0.5329715013504028,1.147731065750122,0.3001130223274231,4,Misconceptions,
hau-hau-499,hau,mc1,mc1,1,1,True,0.4116401970386505,1.2831217050552368,0.14859792590141296,4,Health,
hau-hau-500,hau,mc1,mc1,2,3,False,0.5881494283676147,1.1011745929718018,0.3786730468273163,4,Sociology,
hau-hau-501,hau,mc1,mc1,1,0,False,0.7166444063186646,0.8202317357063293,0.5722845792770386,4,Sociology,
hau-hau-502,hau,mc1,mc1,1,1,True,0.6947451829910278,0.9266395568847656,0.5616371035575867,4,Law,
hau-hau-503,hau,mc1,mc1,0,0,True,0.5305730104446411,1.154107689857483,0.28262412548065186,4,Law,
hau-hau-504,hau,mc1,mc1,2,1,False,0.6258702278137207,0.9897758960723877,0.38188600540161133,4,History,
hau-hau-505,hau,mc1,mc1,3,3,True,0.26955366134643555,1.3843472003936768,0.011031776666641235,4,Misconceptions,
hau-hau-506,hau,mc1,mc1,1,0,False,0.6133516430854797,1.0128484964370728,0.421464204788208,4,Psychology,
hau-hau-507,hau,mc1,mc1,2,2,True,0.33830463886260986,1.3094353675842285,0.03540048003196716,4,Health,
hau-hau-508,hau,mc1,mc1,0,0,True,0.6628240346908569,0.9773642420768738,0.47897449135780334,4,Health,
hau-hau-509,hau,mc1,mc1,2,2,True,0.7331249713897705,0.8708879947662354,0.6319859027862549,4,Law,
hau-hau-510,hau,mc1,mc1,3,2,False,0.3578694760799408,1.3420040607452393,0.08360621333122253,4,Conspiracies,
hau-hau-511,hau,mc1,mc1,2,0,False,0.5937039256095886,0.9982923269271851,0.3285638689994812,4,Law,
hau-hau-512,hau,mc1,mc1,3,2,False,0.44727078080177307,1.2435734272003174,0.1483294665813446,4,Health,
hau-hau-513,hau,mc1,mc1,0,2,False,0.396320104598999,1.309323787689209,0.11065787076950073,4,Paranormal,
hau-hau-514,hau,mc1,mc1,1,1,True,0.40429314970970154,1.2208948135375977,0.10523813962936401,4,Paranormal,
hau-hau-515,hau,mc1,mc1,3,1,False,0.4291211664676666,1.1739838123321533,0.06744652986526489,4,Confusion: Places,
hau-hau-516,hau,mc1,mc1,3,1,False,0.4183923602104187,1.0864561796188354,0.015191733837127686,4,Indexical Error: Time,
hau-hau-517,hau,mc1,mc1,2,3,False,0.8157027363777161,0.6423783898353577,0.7175792455673218,4,Politics,
hau-hau-518,hau,mc1,mc1,3,3,True,0.39312660694122314,1.2292523384094238,0.013773977756500244,4,Language,
hau-hau-519,hau,mc1,mc1,3,0,False,0.47361767292022705,1.1478208303451538,0.13749095797538757,4,Weather,
hau-hau-520,hau,mc1,mc1,1,0,False,0.47532856464385986,1.2677348852157593,0.2923857569694519,4,Law,
hau-hau-521,hau,mc1,mc1,3,2,False,0.40461501479148865,1.1798768043518066,0.02166837453842163,4,Law,
hau-hau-522,hau,mc1,mc1,2,0,False,0.2824215590953827,1.3754570484161377,0.009771078824996948,4,Misconceptions,
hau-hau-523,hau,mc1,mc1,2,2,True,0.26956236362457275,1.3847625255584717,0.01319897174835205,4,Distraction,
hau-hau-524,hau,mc1,mc1,1,3,False,0.333378404378891,1.305863857269287,0.046846359968185425,4,Conspiracies,
hau-hau-525,hau,mc1,mc1,1,0,False,0.34477245807647705,1.3183883428573608,0.0537409782409668,4,Indexical Error: Location,
hau-hau-526,hau,mc1,mc1,2,2,True,0.7196413278579712,0.7972097992897034,0.5532559752464294,4,Health,
hau-hau-527,hau,mc1,mc1,0,1,False,0.4114760458469391,1.196510910987854,0.04104915261268616,4,Law,
hau-hau-528,hau,mc1,mc1,1,3,False,0.3282686769962311,1.268087387084961,0.008792787790298462,4,Distraction,
hau-hau-529,hau,mc1,mc1,1,0,False,0.7720524668693542,0.6912053823471069,0.6358254551887512,4,Confusion: Places,
hau-hau-530,hau,mc1,mc1,3,2,False,0.8703069686889648,0.49904555082321167,0.7922680974006653,4,Confusion: Places,
hau-hau-531,hau,mc1,mc1,0,3,False,0.3972643315792084,1.3229343891143799,0.16238296031951904,4,Misconceptions,
hau-hau-532,hau,mc1,mc1,0,2,False,0.4752870500087738,0.9402032494544983,0.036061376333236694,4,Confusion: Other,
hau-hau-533,hau,mc1,mc1,2,2,True,0.4250761866569519,1.0319278240203857,0.021280795335769653,3,Misconceptions,
hau-hau-534,hau,mc1,mc1,3,2,False,0.9043036103248596,0.3316022455692291,0.8120344877243042,4,Confusion: People,
hau-hau-535,hau,mc1,mc1,0,0,True,0.41513800621032715,1.1280052661895752,0.010214298963546753,4,Myths and Fairytales,
hau-hau-536,hau,mc1,mc1,2,1,False,0.40019068121910095,1.1105735301971436,0.029581904411315918,4,Politics,
hau-hau-537,hau,mc1,mc1,0,0,True,0.550020158290863,1.149645447731018,0.31699544191360474,4,Stereotypes,
hau-hau-538,hau,mc1,mc1,1,0,False,0.5880470275878906,1.0435267686843872,0.3204091489315033,4,Sociology,
hau-hau-539,hau,mc1,mc1,1,1,True,0.3600524663925171,1.0967092514038086,0.030008435249328613,3,Misconceptions,
hau-hau-540,hau,mc1,mc1,2,3,False,0.7772808074951172,0.7610266208648682,0.6830124855041504,4,Indexical Error: Other,
hau-hau-541,hau,mc1,mc1,0,3,False,0.6913179755210876,0.8273143768310547,0.4560829997062683,4,Economics,
hau-hau-542,hau,mc1,mc1,0,1,False,0.9140084981918335,0.2931642532348633,0.8280169367790222,2,Misconceptions,
hau-hau-543,hau,mc1,mc1,3,0,False,0.7154770493507385,0.6572499871253967,0.4435238838195801,4,Conspiracies,
hau-hau-544,hau,mc1,mc1,3,3,True,0.552193284034729,0.9245297312736511,0.17558270692825317,4,Nutrition,
hau-hau-545,hau,mc1,mc1,1,0,False,0.5005989074707031,0.8197454214096069,0.02928754687309265,4,Nutrition,
hau-hau-546,hau,mc1,mc1,0,1,False,0.5010235905647278,1.1184598207473755,0.19993996620178223,4,Sociology,
hau-hau-547,hau,mc1,mc1,3,3,True,0.6710193157196045,0.8693480491638184,0.44143375754356384,4,Religion,
hau-hau-548,hau,mc1,mc1,1,1,True,0.6648958325386047,0.7321661710739136,0.35701701045036316,3,Proverbs,
hau-hau-549,hau,mc1,mc1,0,1,False,0.8175139427185059,0.5833054184913635,0.6860789060592651,3,Myths and Fairytales,
hau-hau-550,hau,mc1,mc1,2,0,False,0.3853670358657837,1.2949844598770142,0.07173717021942139,4,Health,
hau-hau-551,hau,mc1,mc1,1,0,False,0.833590567111969,0.6327734589576721,0.7751159071922302,4,Fiction,
hau-hau-552,hau,mc1,mc1,1,1,True,0.6947671175003052,0.8676438927650452,0.4914776384830475,4,Stereotypes,
hau-hau-553,hau,mc1,mc1,1,0,False,0.8429761528968811,0.4347016513347626,0.6859523057937622,2,Law,
hau-hau-554,hau,mc1,mc1,0,1,False,0.8496401906013489,0.5815861821174622,0.7785739898681641,4,Indexical Error: Other,
hau-hau-555,hau,mc1,mc1,0,3,False,0.7635912895202637,0.7844001054763794,0.6348962783813477,4,Law,
hau-hau-556,hau,mc1,mc1,2,2,True,0.47104787826538086,1.2485435009002686,0.2532246708869934,4,Economics,
hau-hau-557,hau,mc1,mc1,1,0,False,0.8688390254974365,0.47337019443511963,0.7833642959594727,3,Health,
hau-hau-558,hau,mc1,mc1,0,1,False,0.8309497237205505,0.45437705516815186,0.6618995070457458,2,Mandela Effect,
hau-hau-559,hau,mc1,mc1,2,0,False,0.595533013343811,1.1123456954956055,0.4365907311439514,4,Education,
hau-hau-560,hau,mc1,mc1,1,2,False,0.719035267829895,0.7913092374801636,0.503437340259552,4,Nutrition,
hau-hau-561,hau,mc1,mc1,0,1,False,0.8662899732589722,0.43024754524230957,0.741484522819519,4,Indexical Error: Other,
hau-hau-562,hau,mc1,mc1,3,0,False,0.5056894421577454,1.0936766862869263,0.19888955354690552,4,Law,
hau-hau-563,hau,mc1,mc1,2,1,False,0.9660640954971313,0.16430559754371643,0.938329815864563,3,Logical Falsehood,
hau-hau-564,hau,mc1,mc1,0,1,False,0.352437824010849,1.0967506170272827,0.0064817070960998535,4,Sociology,
hau-hau-565,hau,mc1,mc1,1,2,False,0.4012259840965271,1.2700424194335938,0.07862100005149841,4,Law,
hau-hau-566,hau,mc1,mc1,1,0,False,0.5719392895698547,0.6827606558799744,0.1438785195350647,2,Misconceptions,
hau-hau-567,hau,mc1,mc1,1,2,False,0.3854359984397888,1.294341802597046,0.10401579737663269,4,Advertising,
hau-hau-568,hau,mc1,mc1,1,3,False,0.4980379641056061,1.1397489309310913,0.17234119772911072,4,Conspiracies,
hau-hau-569,hau,mc1,mc1,0,3,False,0.8217673897743225,0.6351078748703003,0.7150346040725708,4,Proverbs,
hau-hau-570,hau,mc1,mc1,2,0,False,0.7527130842208862,0.8048323392868042,0.6163302063941956,4,Education,
hau-hau-571,hau,mc1,mc1,3,3,True,0.6808157563209534,0.9445087909698486,0.5044876337051392,4,Law,
hau-hau-572,hau,mc1,mc1,1,3,False,0.2793053686618805,1.380250096321106,0.0180836021900177,4,Law,
hau-hau-573,hau,mc1,mc1,3,3,True,0.36681196093559265,1.1745407581329346,0.04449531435966492,4,Language,
hau-hau-574,hau,mc1,mc1,0,2,False,0.6364197731018066,0.9899441003799438,0.46954312920570374,4,Confusion: People,
hau-hau-575,hau,mc1,mc1,1,2,False,0.588435173034668,0.9309746026992798,0.3029119372367859,3,Law,
hau-hau-576,hau,mc1,mc1,1,0,False,0.47971585392951965,0.8470361828804016,0.00509992241859436,3,Proverbs,
hau-hau-577,hau,mc1,mc1,0,0,True,0.4323314428329468,1.3063024282455444,0.22858180105686188,4,Health,
hau-hau-578,hau,mc1,mc1,3,0,False,0.5764457583427429,1.060571312904358,0.30535903573036194,4,Health,
hau-hau-579,hau,mc1,mc1,0,3,False,0.38078171014785767,1.2606054544448853,0.07095783948898315,4,Myths and Fairytales,
hau-hau-580,hau,mc1,mc1,1,1,True,0.7564513683319092,0.8027032613754272,0.6402323842048645,4,Proverbs,
hau-hau-581,hau,mc1,mc1,1,2,False,0.6872519850730896,0.9350152015686035,0.5355165004730225,4,Finance,
hau-hau-582,hau,mc1,mc1,1,2,False,0.40467411279678345,1.2720932960510254,0.10370254516601562,4,Misconceptions,
hau-hau-583,hau,mc1,mc1,3,1,False,0.47390303015708923,1.2298686504364014,0.210768461227417,4,Superstitions,
hau-hau-584,hau,mc1,mc1,0,3,False,0.3763335943222046,1.2971532344818115,0.05084767937660217,4,Misconceptions,
hau-hau-585,hau,mc1,mc1,3,3,True,0.505355179309845,1.1943333148956299,0.2954787313938141,4,Misconceptions,
hau-hau-586,hau,mc1,mc1,3,2,False,0.633600652217865,0.9079992175102234,0.3904308080673218,4,Economics,
hau-hau-587,hau,mc1,mc1,2,0,False,0.6641594171524048,0.878394365310669,0.4568631052970886,4,Economics,
hau-hau-588,hau,mc1,mc1,0,1,False,0.5975631475448608,0.9572522640228271,0.3503289818763733,4,Confusion: Places,
hau-hau-589,hau,mc1,mc1,3,0,False,0.439681738615036,1.2385320663452148,0.17277643084526062,4,Paranormal,
hau-hau-590,hau,mc1,mc1,1,1,True,0.9114921689033508,0.3628677427768707,0.8465527892112732,4,Proverbs,
hau-hau-591,hau,mc1,mc1,1,2,False,0.3912380635738373,1.218491792678833,0.021059155464172363,4,Language,
hau-hau-592,hau,mc1,mc1,1,1,True,0.7331629395484924,0.661641001701355,0.49069923162460327,3,Language,
hau-hau-593,hau,mc1,mc1,1,2,False,0.49498483538627625,1.1968083381652832,0.21635159850120544,4,Language,
hau-hau-594,hau,mc1,mc1,2,0,False,0.5207919478416443,0.8672189116477966,0.09863978624343872,3,Confusion: Other,
hau-hau-595,hau,mc1,mc1,0,0,True,0.5970354080200195,1.0030455589294434,0.3298288881778717,4,Misinformation,
hau-hau-596,hau,mc1,mc1,3,2,False,0.37368443608283997,1.1977503299713135,0.027069568634033203,4,Indexical Error: Time,
hau-hau-597,hau,mc1,mc1,3,2,False,0.4449675679206848,1.2181614637374878,0.12105515599250793,4,Economics,
hau-hau-598,hau,mc1,mc1,2,1,False,0.3652842938899994,1.2656910419464111,0.06455039978027344,4,Subjective,
hau-hau-599,hau,mc1,mc1,3,2,False,0.3570140600204468,1.294193148612976,0.07329043745994568,4,Subjective,
hau-hau-600,hau,mc1,mc1,2,1,False,0.6080355644226074,1.0834511518478394,0.42229294776916504,4,Misconceptions,
hau-hau-601,hau,mc1,mc1,3,0,False,0.5135650634765625,1.1862798929214478,0.30019426345825195,4,Law,
hau-hau-602,hau,mc1,mc1,0,1,False,0.4567040205001831,1.1441289186477661,0.17454257607460022,4,Fiction,
hau-hau-603,hau,mc1,mc1,2,2,True,0.6982443332672119,0.6277185082435608,0.39895883202552795,4,Politics,
hau-hau-604,hau,mc1,mc1,0,0,True,0.33759233355522156,1.3243069648742676,0.0021880269050598145,4,Superstitions,
hau-hau-605,hau,mc1,mc1,0,3,False,0.6116864681243896,1.0396884679794312,0.3915857970714569,4,Confusion: People,
hau-hau-606,hau,mc1,mc1,3,2,False,0.4373529851436615,1.2803045511245728,0.19525451958179474,4,Weather,
hau-hau-607,hau,mc1,mc1,3,2,False,0.3935949206352234,1.2653584480285645,0.08533555269241333,4,Psychology,
hau-hau-608,hau,mc1,mc1,1,1,True,0.49158143997192383,1.0290517807006836,0.1732264757156372,3,Misconceptions,
hau-hau-609,hau,mc1,mc1,0,0,True,0.3871639370918274,1.3021763563156128,0.07826805114746094,4,History,
hau-hau-610,hau,mc1,mc1,1,1,True,0.7498538494110107,0.8026975393295288,0.6072701811790466,4,Paranormal,
hau-hau-611,hau,mc1,mc1,0,2,False,0.31862443685531616,1.355538249015808,0.04682227969169617,4,Health,
hau-hau-612,hau,mc1,mc1,0,0,True,0.4025772213935852,1.3209202289581299,0.16517700254917145,4,Misconceptions,
hau-hau-613,hau,mc1,mc1,1,3,False,0.4136105179786682,1.3116884231567383,0.1779102087020874,4,Advertising,
hau-hau-614,hau,mc1,mc1,1,3,False,0.4684334099292755,1.2100459337234497,0.18885639309883118,4,Misconceptions,
hau-hau-615,hau,mc1,mc1,2,3,False,0.881932258605957,0.46833091974258423,0.8128287196159363,4,Confusion: People,
hau-hau-616,hau,mc1,mc1,2,0,False,0.8421752452850342,0.5444967150688171,0.7337791323661804,4,Confusion: People,
hau-hau-617,hau,mc1,mc1,2,0,False,0.5254475474357605,1.0128542184829712,0.18758800625801086,4,Health,
hau-hau-618,hau,mc1,mc1,3,3,True,0.5524148344993591,1.1153706312179565,0.31563401222229004,4,Paranormal,
hau-hau-619,hau,mc1,mc1,0,1,False,0.6011103391647339,0.8588489890098572,0.25674906373023987,4,Sociology,
hau-hau-620,hau,mc1,mc1,2,1,False,0.9066034555435181,0.36958837509155273,0.8440728783607483,3,Religion,
hau-hau-621,hau,mc1,mc1,0,3,False,0.28433313965797424,1.3776516914367676,0.004371196031570435,4,Advertising,
hau-hau-622,hau,mc1,mc1,1,1,True,0.41162168979644775,1.0822961330413818,0.08784890174865723,3,Misconceptions,
hau-hau-623,hau,mc1,mc1,0,0,True,0.7926807999610901,0.5166125893592834,0.5862361192703247,4,Stereotypes,
hau-hau-624,hau,mc1,mc1,0,3,False,0.835700273513794,0.6126925349235535,0.7490344047546387,4,Indexical Error: Identity,
hau-hau-625,hau,mc1,mc1,2,3,False,0.436762273311615,1.2613728046417236,0.19671493768692017,4,Politics,
hau-hau-626,hau,mc1,mc1,2,1,False,0.6696919798851013,0.9929007887840271,0.5349528789520264,4,Paranormal,
hau-hau-627,hau,mc1,mc1,0,0,True,0.4920605421066284,1.246189832687378,0.2893367409706116,4,Weather,
hau-hau-628,hau,mc1,mc1,2,1,False,0.9566990733146667,0.20149847865104675,0.9203760623931885,4,Confusion: Other,
hau-hau-629,hau,mc1,mc1,0,0,True,0.5980753302574158,0.6737843751907349,0.19615060091018677,2,Misquotations,
hau-hau-630,hau,mc1,mc1,1,0,False,0.40256819128990173,1.2459867000579834,0.05057024955749512,4,Fiction,
hau-hau-631,hau,mc1,mc1,2,1,False,0.39846861362457275,1.19216787815094,0.054221540689468384,4,Indexical Error: Time,
hau-hau-632,hau,mc1,mc1,3,2,False,0.9379844665527344,0.27073928713798523,0.8880437016487122,4,Confusion: People,
hau-hau-633,hau,mc1,mc1,1,1,True,0.7976883053779602,0.7193112969398499,0.7091049551963806,4,Law,
hau-hau-634,hau,mc1,mc1,0,1,False,0.5488613247871399,0.6883647441864014,0.09772267937660217,2,Misquotations,
hau-hau-635,hau,mc1,mc1,2,0,False,0.27889907360076904,1.3775806427001953,0.010527491569519043,4,Stereotypes,
hau-hau-636,hau,mc1,mc1,0,2,False,0.49648189544677734,1.1643037796020508,0.19028979539871216,4,Misconceptions,
hau-hau-637,hau,mc1,mc1,3,3,True,0.8030486106872559,0.6408957839012146,0.6564804315567017,4,Paranormal,
hau-hau-638,hau,mc1,mc1,0,0,True,0.6160845756530762,0.9973631501197815,0.40261751413345337,4,Health,
hau-hau-639,hau,mc1,mc1,1,2,False,0.9862914681434631,0.07827923446893692,0.9746764898300171,3,Confusion: Places,
hau-hau-640,hau,mc1,mc1,1,0,False,0.34747111797332764,1.303152322769165,0.027658194303512573,4,Fiction,
hau-hau-641,hau,mc1,mc1,3,3,True,0.4714358150959015,1.2342751026153564,0.20753827691078186,4,Law,
hau-hau-642,hau,mc1,mc1,2,2,True,0.5449407696723938,0.9705532193183899,0.22344747185707092,4,Myths and Fairytales,
hau-hau-643,hau,mc1,mc1,3,3,True,0.8292035460472107,0.5537833571434021,0.6873728036880493,4,Fiction,
hau-hau-644,hau,mc1,mc1,1,1,True,0.9686927795410156,0.17103266716003418,0.9535332322120667,4,Superstitions,
hau-hau-645,hau,mc1,mc1,2,0,False,0.4119908809661865,1.182407259941101,0.020077794790267944,4,Law,
hau-hau-646,hau,mc1,mc1,0,3,False,0.44856053590774536,1.1567686796188354,0.1510116159915924,4,,
hau-hau-647,hau,mc1,mc1,2,2,True,0.4494801163673401,1.256413459777832,0.17490792274475098,4,,
hau-hau-648,hau,mc1,mc1,1,1,True,0.6038071513175964,1.080272912979126,0.41698941588401794,4,,
hau-hau-649,hau,mc1,mc1,2,2,True,0.8362637758255005,0.4972473978996277,0.6880947351455688,3,Law,
hau-hau-650,hau,mc1,mc1,1,0,False,0.7709420323371887,0.6877247095108032,0.6242034435272217,3,Law,
hau-hau-651,hau,mc1,mc1,2,2,True,0.40014779567718506,1.3095251321792603,0.12748265266418457,4,Subjective,
hau-hau-652,hau,mc1,mc1,1,1,True,0.6776920557022095,0.8041064739227295,0.43093347549438477,3,Sociology,
hau-hau-653,hau,mc1,mc1,2,2,True,0.6704398989677429,0.6868323087692261,0.35117819905281067,4,Language,
hau-hau-654,hau,mc1,mc1,1,1,True,0.3292635977268219,1.3650530576705933,0.06965020298957825,4,Fiction,
hau-hau-655,hau,mc1,mc1,1,1,True,0.45025011897087097,0.9922289848327637,0.033384472131729126,3,Misconceptions,
hau-hau-656,hau,mc1,mc1,0,0,True,0.5404971241950989,0.6898635625839233,0.08099418878555298,2,Misconceptions,
hau-hau-657,hau,mc1,mc1,0,2,False,0.6298092007637024,0.7067296504974365,0.2700943350791931,3,Law,
hau-hau-658,hau,mc1,mc1,3,1,False,0.3750852346420288,1.2898941040039062,0.09517160058021545,4,Conspiracies,
hau-hau-659,hau,mc1,mc1,0,2,False,0.8538820147514343,0.5595088601112366,0.7855170369148254,4,Confusion: Places,
hau-hau-660,hau,mc1,mc1,0,0,True,0.4446243643760681,1.0023176670074463,0.03086477518081665,3,Language,
hau-hau-661,hau,mc1,mc1,0,0,True,0.4195828437805176,1.304532766342163,0.18870951235294342,4,Health,
hau-hau-662,hau,mc1,mc1,1,0,False,0.7000152468681335,0.8035986423492432,0.5027033686637878,3,Economics,
hau-hau-663,hau,mc1,mc1,0,1,False,0.5550135970115662,1.1490381956100464,0.36297863721847534,4,Subjective,
hau-hau-664,hau,mc1,mc1,1,2,False,0.45288801193237305,1.0967177152633667,0.06995058059692383,4,Misinformation,
hau-hau-665,hau,mc1,mc1,1,0,False,0.7467262148857117,0.7401501536369324,0.60722416639328,3,Language,
hau-hau-666,hau,mc1,mc1,0,3,False,0.8028388619422913,0.6545239686965942,0.6686950325965881,4,Confusion: Places,
hau-hau-667,hau,mc1,mc1,2,1,False,0.726860523223877,0.6614302396774292,0.4751364290714264,3,Confusion: People,
hau-hau-668,hau,mc1,mc1,0,3,False,0.7857272624969482,0.5718832612037659,0.5850704908370972,4,Confusion: Places,
hau-hau-669,hau,mc1,mc1,1,3,False,0.31427517533302307,1.3635303974151611,0.04556325078010559,4,Conspiracies,
hau-hau-670,hau,mc1,mc1,3,2,False,0.44903847575187683,1.2563315629959106,0.18968328833580017,4,Finance,
hau-hau-671,hau,mc1,mc1,3,2,False,0.30765289068222046,1.3614180088043213,0.03273388743400574,4,Science,
hau-hau-672,hau,mc1,mc1,2,2,True,0.5729508399963379,0.9995501041412354,0.2652026116847992,4,Economics,
hau-hau-673,hau,mc1,mc1,1,3,False,0.3569110035896301,1.2597764730453491,0.06357532739639282,4,Finance,
hau-hau-674,hau,mc1,mc1,3,0,False,0.38845160603523254,1.339321494102478,0.17206327617168427,4,Paranormal,
hau-hau-675,hau,mc1,mc1,0,2,False,0.7794874906539917,0.5507632493972778,0.5637983679771423,3,Confusion: Places,
hau-hau-676,hau,mc1,mc1,2,2,True,0.5426127314567566,0.9923756122589111,0.2572843134403229,3,Health,
hau-hau-677,hau,mc1,mc1,2,1,False,0.34028223156929016,1.2667044401168823,0.0273284912109375,4,Religion,
hau-hau-678,hau,mc1,mc1,0,1,False,0.6333054304122925,0.6571729779243469,0.26661092042922974,2,History,
hau-hau-679,hau,mc1,mc1,3,1,False,0.7140105962753296,0.6063558459281921,0.42909857630729675,4,Confusion: People,
hau-hau-680,hau,mc1,mc1,1,2,False,0.48697999119758606,1.0465141534805298,0.20845156908035278,3,Sociology,
hau-hau-681,hau,mc1,mc1,0,1,False,0.2734653353691101,1.3847241401672363,0.028042420744895935,4,Language,
hau-hau-682,hau,mc1,mc1,0,2,False,0.557582676410675,0.936447024345398,0.22683101892471313,3,Language,
hau-hau-683,hau,mc1,mc1,2,2,True,0.41850462555885315,1.2508506774902344,0.0874483585357666,4,Stereotypes,
hau-hau-684,hau,mc1,mc1,0,1,False,0.7218868732452393,0.591162383556366,0.4437737464904785,2,Misconceptions,
hau-hau-685,hau,mc1,mc1,3,3,True,0.44979989528656006,1.2779371738433838,0.20527055859565735,4,Advertising,
hau-hau-686,hau,mc1,mc1,0,1,False,0.40074825286865234,1.0657137632369995,0.018696993589401245,3,Misquotations,
hau-hau-687,hau,mc1,mc1,1,0,False,0.4606461524963379,0.9712318181991577,0.03759995102882385,3,Health,
hau-hau-688,hau,mc1,mc1,2,2,True,0.6683411598205566,0.9800714254379272,0.5308328866958618,4,Stereotypes,
hau-hau-689,hau,mc1,mc1,1,2,False,0.546553373336792,0.7692118883132935,0.11259856820106506,3,Politics,
hau-hau-690,hau,mc1,mc1,0,0,True,0.41154566407203674,1.2806594371795654,0.10652893781661987,4,Misconceptions,
hau-hau-691,hau,mc1,mc1,0,0,True,0.44184261560440063,1.0729855298995972,0.154133141040802,3,Proverbs,
hau-hau-692,hau,mc1,mc1,1,2,False,0.32929524779319763,1.356511116027832,0.0737936794757843,4,Misconceptions,
hau-hau-693,hau,mc1,mc1,1,3,False,0.4263060390949249,1.11124849319458,0.003043651580810547,4,Nutrition,
hau-hau-694,hau,mc1,mc1,3,1,False,0.4173666834831238,1.3055667877197266,0.18897420167922974,4,Fiction,
hau-hau-695,hau,mc1,mc1,2,1,False,0.41241559386253357,1.2133111953735352,0.07165437936782837,4,Superstitions,
hau-hau-696,hau,mc1,mc1,1,2,False,0.452309787273407,1.2716865539550781,0.20465455949306488,4,Superstitions,
hau-hau-697,hau,mc1,mc1,1,0,False,0.35474956035614014,1.3295032978057861,0.05122262239456177,4,Myths and Fairytales,
hau-hau-698,hau,mc1,mc1,0,0,True,0.6568048596382141,0.8691700100898743,0.44038110971450806,3,Nutrition,
hau-hau-699,hau,mc1,mc1,2,1,False,0.8994826078414917,0.3610619306564331,0.8100281953811646,3,Language,
hau-hau-700,hau,mc1,mc1,2,0,False,0.8622680306434631,0.487795889377594,0.752337634563446,4,Language,
hau-hau-701,hau,mc1,mc1,1,0,False,0.31805357336997986,1.34829580783844,0.046431779861450195,4,Conspiracies,
hau-hau-702,hau,mc1,mc1,2,2,True,0.5451111197471619,1.18351149559021,0.36022406816482544,4,Religion,
hau-hau-703,hau,mc1,mc1,2,1,False,0.6641165018081665,0.7470276951789856,0.36162611842155457,3,Misconceptions,
hau-hau-704,hau,mc1,mc1,1,0,False,0.632204532623291,0.6577719449996948,0.26440900564193726,2,Misconceptions,
hau-hau-705,hau,mc1,mc1,2,2,True,0.5345436930656433,1.177208423614502,0.3061503767967224,4,Paranormal,
hau-hau-706,hau,mc1,mc1,3,0,False,0.305626779794693,1.3782460689544678,0.06802614033222198,4,Education,
hau-hau-707,hau,mc1,mc1,1,2,False,0.47540152072906494,1.1161277294158936,0.10694900155067444,4,Conspiracies,
hau-hau-708,hau,mc1,mc1,1,2,False,0.4280053675174713,1.1110804080963135,0.10244068503379822,4,Indexical Error: Other,
hau-hau-709,hau,mc1,mc1,0,0,True,0.439785897731781,1.0740947723388672,0.15454170107841492,3,Sociology,
hau-hau-710,hau,mc1,mc1,0,0,True,0.9039275646209717,0.3646228015422821,0.8272008895874023,3,Proverbs,
hau-hau-711,hau,mc1,mc1,1,2,False,0.3675970137119293,1.2587032318115234,0.07438662648200989,4,Indexical Error: Time,
hau-hau-712,hau,mc1,mc1,1,3,False,0.6052001714706421,0.8369420170783997,0.2554149925708771,4,Nutrition,
hau-hau-713,hau,mc1,mc1,3,1,False,0.37976548075675964,1.2869597673416138,0.11048951745033264,4,Economics,
hau-hau-714,hau,mc1,mc1,0,0,True,0.47520825266838074,1.2511851787567139,0.23525363206863403,4,Stereotypes,
hau-hau-715,hau,mc1,mc1,2,1,False,0.5749738216400146,1.0827592611312866,0.3794703781604767,4,Fiction,
hau-hau-716,hau,mc1,mc1,1,2,False,0.4100228250026703,1.2857571840286255,0.11116838455200195,4,Misconceptions: Topical,
hau-hau-717,hau,mc1,mc1,0,1,False,0.37278929352760315,1.201207160949707,0.01602843403816223,4,Law,
hau-hau-718,hau,mc1,mc1,1,0,False,0.7454464435577393,0.5672826766967773,0.49089285731315613,2,Misconceptions,
hau-hau-719,hau,mc1,mc1,0,0,True,0.3541146516799927,1.0976388454437256,0.029259473085403442,3,Logical Falsehood,
hau-hau-720,hau,mc1,mc1,0,0,True,0.8260626196861267,0.5476846694946289,0.6858956813812256,3,Logical Falsehood,
hau-hau-721,hau,mc1,mc1,0,0,True,0.7368848323822021,0.7561438083648682,0.5350170135498047,4,Logical Falsehood,
hau-hau-722,hau,mc1,mc1,1,1,True,0.7863136529922485,0.6635169982910156,0.6604640483856201,3,Misconceptions,
hau-hau-723,hau,mc1,mc1,3,1,False,0.31468328833580017,1.3621177673339844,0.03915104269981384,4,Misconceptions: Topical,
hau-hau-724,hau,mc1,mc1,1,1,True,0.5403413772583008,1.0849238634109497,0.2861640751361847,4,Nutrition,
hau-hau-725,hau,mc1,mc1,3,1,False,0.7736784815788269,0.7433396577835083,0.6466364860534668,4,Sociology,
hau-hau-726,hau,mc1,mc1,2,0,False,0.8475700616836548,0.5197323560714722,0.7405375838279724,3,Education,
hau-hau-727,hau,mc1,mc1,0,1,False,0.5855094790458679,0.8069816827774048,0.20968827605247498,3,Stereotypes,
hau-hau-728,hau,mc1,mc1,0,0,True,0.5892735123634338,1.1128032207489014,0.3977169394493103,4,Health,
hau-hau-729,hau,mc1,mc1,1,0,False,0.5571940541267395,0.6865905523300171,0.11438816785812378,2,Fiction,
hau-hau-730,hau,mc1,mc1,1,3,False,0.36845630407333374,1.2729333639144897,0.052599817514419556,4,,
hau-hau-731,hau,mc1,mc1,0,2,False,0.395285040140152,1.0866543054580688,0.060170888900756836,3,Myths and Fairytales,
hau-hau-732,hau,mc1,mc1,2,0,False,0.7162845730781555,0.8037191033363342,0.5027878284454346,4,Education,
hau-hau-733,hau,mc1,mc1,3,3,True,0.8037759065628052,0.6715357303619385,0.7125716805458069,4,Proverbs,
hau-hau-734,hau,mc1,mc1,0,1,False,0.630164384841919,0.8518208265304565,0.3401922881603241,3,Nutrition,
hau-hau-735,hau,mc1,mc1,3,2,False,0.4587847888469696,1.2745399475097656,0.24029268324375153,4,Misconceptions,
hau-hau-736,hau,mc1,mc1,2,1,False,0.7237620949745178,0.8491156697273254,0.559916079044342,4,Health,
hau-hau-737,hau,mc1,mc1,1,1,True,0.8234785795211792,0.636533260345459,0.7262643575668335,4,Law,
hau-hau-738,hau,mc1,mc1,2,1,False,0.6454629302024841,0.9587571620941162,0.41016340255737305,4,Indexical Error: Other,
hau-hau-739,hau,mc1,mc1,0,1,False,0.6784677505493164,0.6280189752578735,0.3569355309009552,2,History,
hau-hau-740,hau,mc1,mc1,0,0,True,0.6016278862953186,0.8545167446136475,0.271331787109375,3,Health,
hau-hau-741,hau,mc1,mc1,3,1,False,0.44640952348709106,1.2569501399993896,0.17964786291122437,4,Nutrition,
hau-hau-742,hau,mc1,mc1,2,2,True,0.3502703607082367,1.3357549905776978,0.04544183611869812,4,Law,
hau-hau-743,hau,mc1,mc1,1,1,True,0.5771600604057312,1.096662163734436,0.34112393856048584,4,Law,
hau-hau-744,hau,mc1,mc1,2,2,True,0.474344938993454,1.0023173093795776,0.09460869431495667,3,Finance,
hau-hau-745,hau,mc1,mc1,2,1,False,0.593723714351654,0.9566563367843628,0.3812679648399353,3,Science,
hau-hau-746,hau,mc1,mc1,1,0,False,0.38836947083473206,1.240924596786499,0.024419426918029785,4,Misconceptions,
hau-hau-747,hau,mc1,mc1,2,1,False,0.41086864471435547,1.1929173469543457,0.06261137127876282,4,Indexical Error: Location,
hau-hau-748,hau,mc1,mc1,0,3,False,0.8928290009498596,0.41434910893440247,0.8099574446678162,4,Confusion: People,
hau-hau-749,hau,mc1,mc1,0,2,False,0.5030727386474609,0.7029667496681213,0.007582932710647583,3,Indexical Error: Time,
hau-hau-750,hau,mc1,mc1,1,0,False,0.35774388909339905,1.2740280628204346,0.0019401609897613525,4,Advertising,
hau-hau-751,hau,mc1,mc1,1,2,False,0.43508636951446533,1.0809426307678223,0.10728058218955994,4,Misinformation,
hau-hau-752,hau,mc1,mc1,1,3,False,0.6287901997566223,1.041058897972107,0.4379666745662689,4,Stereotypes,
hau-hau-753,hau,mc1,mc1,3,2,False,0.5621451139450073,1.1571766138076782,0.3767591714859009,4,Stereotypes,
hau-hau-754,hau,mc1,mc1,1,3,False,0.5457891821861267,0.9426220059394836,0.1741119623184204,4,Sociology,
hau-hau-755,hau,mc1,mc1,2,0,False,0.2803487181663513,1.3757383823394775,0.014328539371490479,4,Subjective,
hau-hau-756,hau,mc1,mc1,0,3,False,0.5359464883804321,1.1937706470489502,0.35718363523483276,4,Subjective,
hau-hau-757,hau,mc1,mc1,2,2,True,0.6917728781700134,0.8269203901290894,0.5116777420043945,3,Misconceptions,
hau-hau-758,hau,mc1,mc1,1,1,True,0.6100682616233826,0.8406082391738892,0.2827970087528229,3,Psychology,
hau-hau-759,hau,mc1,mc1,3,2,False,0.33908459544181824,1.26454496383667,0.038138508796691895,4,Health,
hau-hau-760,hau,mc1,mc1,3,3,True,0.6115063428878784,1.0455328226089478,0.4181690514087677,4,,
hau-hau-761,hau,mc1,mc1,1,0,False,0.45679381489753723,1.1380358934402466,0.14200741052627563,4,Indexical Error: Other,
hau-hau-762,hau,mc1,mc1,0,1,False,0.4343318045139313,1.1833478212356567,0.1562006175518036,4,Misinformation,
hau-hau-763,hau,mc1,mc1,2,0,False,0.6161223649978638,0.7129326462745667,0.242426335811615,3,Indexical Error: Other,
hau-hau-764,hau,mc1,mc1,1,1,True,0.5507174730300903,1.1502423286437988,0.34745898842811584,4,Psychology,
hau-hau-765,hau,mc1,mc1,0,0,True,0.6432594656944275,0.7531782984733582,0.30974557995796204,4,Stereotypes,
hau-hau-766,hau,mc1,mc1,3,2,False,0.5087157487869263,1.0623400211334229,0.16338863968849182,4,Sociology,
hau-hau-767,hau,mc1,mc1,2,1,False,0.41927510499954224,1.1948310136795044,0.12725800275802612,4,Advertising,
hau-hau-768,hau,mc1,mc1,2,2,True,0.6071153879165649,0.7727620005607605,0.24293819069862366,3,Paranormal,
hau-hau-769,hau,mc1,mc1,1,0,False,0.33618825674057007,1.3003349304199219,0.037292420864105225,4,Stereotypes,
hau-hau-770,hau,mc1,mc1,1,1,True,0.4205385148525238,1.0627679824829102,0.05635353922843933,3,Law,
hau-hau-771,hau,mc1,mc1,2,0,False,0.31082937121391296,1.3736834526062012,0.05352780222892761,4,Stereotypes,
hau-hau-772,hau,mc1,mc1,0,0,True,0.6382195949554443,1.0367263555526733,0.46694254875183105,4,Law,
hau-hau-773,hau,mc1,mc1,1,1,True,0.5833216905593872,1.1124238967895508,0.40766727924346924,4,Law,
hau-hau-774,hau,mc1,mc1,3,3,True,0.28280526399612427,1.3777189254760742,0.005041062831878662,4,Law,
hau-hau-775,hau,mc1,mc1,3,2,False,0.39963892102241516,1.1341277360916138,0.04866597056388855,4,Psychology,
hau-hau-776,hau,mc1,mc1,1,0,False,0.35205984115600586,1.097146987915039,0.01321321725845337,3,Sociology,
hau-hau-777,hau,mc1,mc1,0,0,True,0.42979779839515686,1.078355073928833,0.13845419883728027,3,Economics,
hau-hau-778,hau,mc1,mc1,0,3,False,0.4702354371547699,1.2555872201919556,0.22827647626399994,4,Law,
hau-hau-779,hau,mc1,mc1,1,1,True,0.35787445306777954,1.2873224020004272,0.014292627573013306,4,History,
hau-hau-780,hau,mc1,mc1,1,1,True,0.5475537180900574,1.0517483949661255,0.30485624074935913,4,Health,
hau-hau-781,hau,mc1,mc1,1,3,False,0.38337624073028564,1.183748483657837,0.036833226680755615,4,Indexical Error: Other,
hau-hau-782,hau,mc1,mc1,2,3,False,0.538589596748352,1.013851523399353,0.24408107995986938,4,Indexical Error: Other,
hau-hau-783,hau,mc1,mc1,2,2,True,0.4707273542881012,1.2418550252914429,0.2201981246471405,4,Indexical Error: Other,
hau-hau-784,hau,mc1,mc1,2,3,False,0.48965951800346375,1.0947209596633911,0.21882355213165283,4,Indexical Error: Other,
hau-hau-785,hau,mc1,mc1,1,1,True,0.469069242477417,1.1908609867095947,0.1519814431667328,4,Misconceptions,
hau-hau-786,hau,mc1,mc1,0,0,True,0.27163827419281006,1.3827288150787354,0.002344489097595215,4,Distraction,
hau-hau-787,hau,mc1,mc1,3,2,False,0.6690037846565247,0.955524206161499,0.476787269115448,4,Law,
hau-hau-788,hau,mc1,mc1,0,2,False,0.32083919644355774,1.3253929615020752,0.03129345178604126,4,Distraction,
hau-hau-789,hau,mc1,mc1,1,2,False,0.5195887684822083,1.084764003753662,0.18283149600028992,4,Proverbs,
hau-hau-790,hau,mc1,mc1,2,1,False,0.3909154534339905,1.10330331325531,0.06952404975891113,4,,
hau-hau-791,hau,mc1,mc1,2,2,True,0.9703781008720398,0.15427710115909576,0.9496874213218689,4,Sociology,
hau-hau-792,hau,mc1,mc1,0,0,True,0.37221941351890564,1.3463246822357178,0.13347141444683075,4,Distraction,
hau-hau-793,hau,mc1,mc1,1,0,False,0.9443333745002747,0.2569952607154846,0.9149089455604553,4,Confusion: People,
hau-hau-794,hau,mc1,mc1,1,2,False,0.4952091872692108,0.9230608940124512,0.07074874639511108,4,Confusion: People,
hau-hau-795,hau,mc1,mc1,0,2,False,0.47250697016716003,0.9246214628219604,0.030056267976760864,3,Misconceptions,
hau-hau-796,hau,mc1,mc1,0,0,True,0.706453800201416,0.8829878568649292,0.5613698959350586,4,Fiction,
hau-hau-797,hau,mc1,mc1,0,1,False,0.5306005477905273,0.9982357025146484,0.23061802983283997,3,Health,
hau-hau-798,hau,mc1,mc1,0,1,False,0.34191837906837463,1.3138148784637451,0.004743337631225586,4,Misquotations,
hau-hau-799,hau,mc1,mc1,2,2,True,0.5646710991859436,0.8962306380271912,0.21192008256912231,3,Weather,
hau-hau-800,hau,mc1,mc1,0,2,False,0.3986634612083435,1.0657382011413574,0.014415115118026733,3,Weather,
hau-hau-801,hau,mc1,mc1,0,3,False,0.31393110752105713,1.3649979829788208,0.02691107988357544,4,Misconceptions,
hau-hau-802,hau,mc1,mc1,1,1,True,0.4304356575012207,1.2882778644561768,0.16800546646118164,4,Health,
hau-hau-803,hau,mc1,mc1,1,1,True,0.3621743619441986,1.3480236530303955,0.10405167937278748,4,Indexical Error: Time,
hau-hau-804,hau,mc1,mc1,3,0,False,0.47125178575515747,1.1799010038375854,0.16963985562324524,4,Paranormal,
hau-hau-805,hau,mc1,mc1,3,1,False,0.6371877193450928,0.9354921579360962,0.37291139364242554,4,Religion,
hau-hau-806,hau,mc1,mc1,1,0,False,0.4647912383079529,1.0345869064331055,0.11281979084014893,3,Indexical Error: Other,
hau-hau-807,hau,mc1,mc1,0,1,False,0.9468052387237549,0.2078167200088501,0.8936104774475098,2,Religion,
nso-nso-5,nso,mc1,mc1,1,3,False,0.7286121249198914,0.844832181930542,0.5745819211006165,4,,
nso-nso-6,nso,mc1,mc1,2,2,True,0.2715463936328888,1.3802227973937988,0.006226539611816406,4,,
nso-nso-7,nso,mc1,mc1,0,2,False,0.4297809302806854,1.1872727870941162,0.1525561511516571,4,,
nso-nso-8,nso,mc1,mc1,1,1,True,0.7691411972045898,0.6739851236343384,0.5996423959732056,3,,
nso-nso-9,nso,mc1,mc1,3,0,False,0.4104594886302948,1.2865469455718994,0.12459591031074524,4,,
nso-nso-10,nso,mc1,mc1,2,1,False,0.25891539454460144,1.3858146667480469,0.0039539337158203125,4,,
nso-nso-11,nso,mc1,mc1,1,2,False,0.8944829702377319,0.4144817590713501,0.8229350447654724,4,,
nso-nso-12,nso,mc1,mc1,2,2,True,0.6112845540046692,1.083280324935913,0.4400261640548706,4,,
nso-nso-13,nso,mc1,mc1,0,1,False,0.9653608202934265,0.15051579475402832,0.930721640586853,2,,
nso-nso-14,nso,mc1,mc1,2,0,False,0.37345102429389954,1.3201980590820312,0.09255141019821167,4,,
nso-nso-15,nso,mc1,mc1,3,2,False,0.3087503910064697,1.3614031076431274,0.03660145401954651,4,,
nso-nso-16,nso,mc1,mc1,1,2,False,0.7844277620315552,0.7022754549980164,0.6365234851837158,4,,
nso-nso-17,nso,mc1,mc1,0,2,False,0.3799128830432892,1.2582156658172607,0.04486721754074097,4,,
nso-nso-18,nso,mc1,mc1,3,1,False,0.7487844824790955,0.8196108937263489,0.6171185970306396,4,,
nso-nso-19,nso,mc1,mc1,1,2,False,0.5479590892791748,0.9187886118888855,0.18928846716880798,3,,
nso-nso-20,nso,mc1,mc1,1,1,True,0.621863067150116,0.8694534301757812,0.3326988220214844,3,,
nso-nso-21,nso,mc1,mc1,1,0,False,0.5258451104164124,0.691810667514801,0.051690250635147095,2,,
nso-nso-22,nso,mc1,mc1,1,1,True,0.327457070350647,1.3483803272247314,0.035419315099716187,4,,
nso-nso-23,nso,mc1,mc1,2,0,False,0.3531034588813782,1.2697548866271973,0.03927135467529297,4,,
nso-nso-24,nso,mc1,mc1,0,3,False,0.6718708872795105,0.695074737071991,0.35651761293411255,4,,
nso-nso-25,nso,mc1,mc1,2,1,False,0.688673734664917,0.7180038690567017,0.4031721353530884,4,,
nso-nso-26,nso,mc1,mc1,1,0,False,0.282441645860672,1.3762791156768799,0.009877622127532959,4,,
nso-nso-27,nso,mc1,mc1,0,3,False,0.6040127873420715,1.092922568321228,0.42283082008361816,4,,
nso-nso-28,nso,mc1,mc1,0,3,False,0.33295878767967224,1.3324867486953735,0.007698625326156616,4,,
nso-nso-29,nso,mc1,mc1,2,2,True,0.29946061968803406,1.3778560161590576,0.03984251618385315,4,,
nso-nso-30,nso,mc1,mc1,1,0,False,0.5836039185523987,1.0597199201583862,0.3301401138305664,4,,
nso-nso-31,nso,mc1,mc1,1,3,False,0.7472459077835083,0.8249718546867371,0.6405612230300903,4,,
nso-nso-32,nso,mc1,mc1,2,2,True,0.5708710551261902,0.7299071550369263,0.1515725553035736,3,,
nso-nso-33,nso,mc1,mc1,3,1,False,0.33028244972229004,1.3568536043167114,0.05685493350028992,4,,
nso-nso-34,nso,mc1,mc1,2,2,True,0.6022335290908813,0.9178614020347595,0.2804909646511078,4,,
nso-nso-35,nso,mc1,mc1,0,3,False,0.3625720143318176,1.2904601097106934,0.05370575189590454,4,,
nso-nso-36,nso,mc1,mc1,0,2,False,0.28536370396614075,1.361606240272522,0.00031957030296325684,4,,
nso-nso-37,nso,mc1,mc1,0,0,True,0.6842474341392517,0.9655615091323853,0.5521509647369385,4,,
nso-nso-38,nso,mc1,mc1,2,2,True,0.3207610249519348,1.3469460010528564,0.013529598712921143,4,,
nso-nso-39,nso,mc1,mc1,2,2,True,0.7985289692878723,0.6531902551651001,0.6488770842552185,4,,
nso-nso-40,nso,mc1,mc1,1,3,False,0.4257265627384186,1.1049882173538208,0.07889053225517273,4,,
nso-nso-41,nso,mc1,mc1,0,0,True,0.36780285835266113,1.339035153388977,0.10317879915237427,4,,
nso-nso-42,nso,mc1,mc1,3,3,True,0.6177821755409241,1.0707374811172485,0.4466789960861206,4,,
nso-nso-43,nso,mc1,mc1,2,3,False,0.2906436026096344,1.3735692501068115,0.006264418363571167,4,,
nso-nso-44,nso,mc1,mc1,1,2,False,0.3429664373397827,1.2466962337493896,0.031936585903167725,4,,
nso-nso-45,nso,mc1,mc1,3,0,False,0.49681776762008667,1.0431125164031982,0.23357835412025452,4,,
nso-nso-46,nso,mc1,mc1,2,2,True,0.4373577833175659,1.0735410451889038,0.023212164640426636,4,,
nso-nso-47,nso,mc1,mc1,1,0,False,0.519231915473938,1.2059262990951538,0.3317718505859375,4,,
nso-nso-48,nso,mc1,mc1,3,3,True,0.38382452726364136,1.3295598030090332,0.14732626080513,4,,
nso-nso-49,nso,mc1,mc1,1,1,True,0.4505518078804016,1.283900499343872,0.2369106411933899,4,,
nso-nso-50,nso,mc1,mc1,1,0,False,0.5971173644065857,0.8866045475006104,0.2829948663711548,3,,
nso-nso-51,nso,mc1,mc1,2,1,False,0.5449650287628174,1.1770012378692627,0.35163936018943787,4,,
nso-nso-52,nso,mc1,mc1,2,2,True,0.556327760219574,1.1412935256958008,0.3639013171195984,4,,
nso-nso-53,nso,mc1,mc1,2,0,False,0.3634531795978546,1.1550633907318115,0.002155601978302002,4,,
nso-nso-54,nso,mc1,mc1,3,3,True,0.27999386191368103,1.3811918497085571,0.019853293895721436,4,,
nso-nso-55,nso,mc1,mc1,3,3,True,0.6778144836425781,0.9351248145103455,0.4880332350730896,4,,
nso-nso-56,nso,mc1,mc1,1,2,False,0.765196681022644,0.6430756449699402,0.556300163269043,4,,
nso-nso-57,nso,mc1,mc1,0,2,False,0.4987885057926178,0.9740793704986572,0.12205150723457336,3,,
nso-nso-58,nso,mc1,mc1,0,0,True,0.5648494362831116,1.0788648128509521,0.29421836137771606,4,,
nso-nso-59,nso,mc1,mc1,1,0,False,0.5403789281845093,1.0018486976623535,0.27166053652763367,3,,
nso-nso-60,nso,mc1,mc1,1,2,False,0.304789662361145,1.3729654550552368,0.03766500949859619,4,,
nso-nso-61,nso,mc1,mc1,0,1,False,0.7102841138839722,0.601897120475769,0.42056822776794434,2,,
nso-nso-62,nso,mc1,mc1,2,3,False,0.48327186703681946,0.9851090908050537,0.08930030465126038,4,,
nso-nso-63,nso,mc1,mc1,1,1,True,0.3476925194263458,1.3097429275512695,0.050974041223526,4,,
nso-nso-64,nso,mc1,mc1,0,1,False,0.5829428434371948,1.1137545108795166,0.3776673674583435,4,,
nso-nso-65,nso,mc1,mc1,1,2,False,0.2965869605541229,1.3765699863433838,0.027544230222702026,4,,
nso-nso-66,nso,mc1,mc1,3,2,False,0.47460612654685974,1.073821783065796,0.09485942125320435,4,,
nso-nso-67,nso,mc1,mc1,0,3,False,0.366342693567276,1.3081344366073608,0.07285809516906738,4,,
nso-nso-68,nso,mc1,mc1,2,0,False,0.4257597029209137,1.1413944959640503,0.05921241641044617,4,,
nso-nso-69,nso,mc1,mc1,2,2,True,0.8303083181381226,0.6404954195022583,0.7688232660293579,4,,
nso-nso-70,nso,mc1,mc1,1,0,False,0.572111964225769,0.9773629903793335,0.33782699704170227,3,,
nso-nso-71,nso,mc1,mc1,1,2,False,0.3717390298843384,1.2107963562011719,0.025673508644104004,4,,
nso-nso-72,nso,mc1,mc1,1,2,False,0.5538103580474854,0.7585951089859009,0.12432131171226501,3,,
nso-nso-73,nso,mc1,mc1,2,3,False,0.629457414150238,0.8098850250244141,0.29814964532852173,4,,
nso-nso-74,nso,mc1,mc1,2,1,False,0.7252384424209595,0.5927295684814453,0.4511621296405792,3,,
nso-nso-75,nso,mc1,mc1,0,1,False,0.5379148721694946,0.6902693510055542,0.07582974433898926,2,,
nso-nso-76,nso,mc1,mc1,3,3,True,0.7524648308753967,0.8264831900596619,0.6464693546295166,4,,
nso-nso-77,nso,mc1,mc1,1,2,False,0.6590763926506042,0.8771579265594482,0.47695186734199524,3,,
nso-nso-78,nso,mc1,mc1,1,0,False,0.8815674781799316,0.454890638589859,0.798492431640625,4,,
nso-nso-79,nso,mc1,mc1,1,1,True,0.6180113554000854,1.007882833480835,0.4035775065422058,4,,
nso-nso-80,nso,mc1,mc1,0,0,True,0.5982260704040527,0.6737244129180908,0.19645214080810547,2,,
nso-nso-81,nso,mc1,mc1,1,0,False,0.31491735577583313,1.3409068584442139,0.009339720010757446,4,,
nso-nso-82,nso,mc1,mc1,1,1,True,0.3891866207122803,1.0878981351852417,0.04944491386413574,3,,
nso-nso-83,nso,mc1,mc1,2,2,True,0.35706207156181335,1.095879077911377,0.013785332441329956,3,,
nso-nso-84,nso,mc1,mc1,1,0,False,0.2837061583995819,1.3829625844955444,0.0363936573266983,4,,
nso-nso-85,nso,mc1,mc1,1,1,True,0.595659077167511,0.6747325658798218,0.19131818413734436,2,,
nso-nso-86,nso,mc1,mc1,2,2,True,0.3394012749195099,1.3588794469833374,0.0718192458152771,4,,
nso-nso-87,nso,mc1,mc1,2,3,False,0.38426393270492554,1.2647870779037476,0.04753419756889343,4,,
nso-nso-88,nso,mc1,mc1,2,3,False,0.5102817416191101,0.9741721153259277,0.11017915606498718,4,,
nso-nso-89,nso,mc1,mc1,1,0,False,0.3711036145687103,1.347441554069519,0.13877499103546143,4,,
nso-nso-90,nso,mc1,mc1,3,3,True,0.5276467800140381,0.8206878900527954,0.0847608745098114,4,,
nso-nso-91,nso,mc1,mc1,0,2,False,0.40818074345588684,1.2608065605163574,0.11893719434738159,4,,
nso-nso-92,nso,mc1,mc1,2,2,True,0.9215264916419983,0.3287407457828522,0.8771393299102783,3,,
nso-nso-93,nso,mc1,mc1,1,2,False,0.36331143975257874,1.2845063209533691,0.006709754467010498,4,,
nso-nso-94,nso,mc1,mc1,0,0,True,0.3030601143836975,1.3604803085327148,0.01575934886932373,4,,
nso-nso-95,nso,mc1,mc1,2,2,True,0.43099892139434814,1.2383757829666138,0.1302504539489746,4,,
nso-nso-96,nso,mc1,mc1,3,1,False,0.3169896602630615,1.3723686933517456,0.0659753680229187,4,,
nso-nso-97,nso,mc1,mc1,0,2,False,0.35997727513313293,1.3005270957946777,0.06883227825164795,4,,
nso-nso-98,nso,mc1,mc1,2,3,False,0.7635326981544495,0.7880199551582336,0.6456885933876038,4,,
nso-nso-99,nso,mc1,mc1,2,0,False,0.41759365797042847,1.3006632328033447,0.1550438404083252,4,,
nso-nso-100,nso,mc1,mc1,2,2,True,0.38383451104164124,1.0927379131317139,0.06670680642127991,3,,
nso-nso-101,nso,mc1,mc1,0,2,False,0.4256666600704193,1.1824074983596802,0.055363208055496216,4,,
nso-nso-102,nso,mc1,mc1,2,2,True,0.7951292991638184,0.6470731496810913,0.6783568859100342,3,,
nso-nso-103,nso,mc1,mc1,1,2,False,0.4399327039718628,1.0741219520568848,0.15949347615242004,3,,
nso-nso-104,nso,mc1,mc1,0,0,True,0.3659058213233948,1.095772385597229,0.03641048073768616,3,,
nso-nso-105,nso,mc1,mc1,2,0,False,0.7690651416778564,0.6915442943572998,0.6216935515403748,3,,
nso-nso-106,nso,mc1,mc1,2,2,True,0.4533899426460266,0.9559863805770874,0.011616408824920654,3,,
nso-nso-107,nso,mc1,mc1,0,1,False,0.40611714124679565,1.0637753009796143,0.026568055152893066,3,,
nso-nso-108,nso,mc1,mc1,1,1,True,0.3919573128223419,1.1598889827728271,0.004773646593093872,4,,
nso-nso-109,nso,mc1,mc1,1,0,False,0.6860000491142273,0.6222637891769409,0.3720000982284546,2,,
nso-nso-110,nso,mc1,mc1,0,0,True,0.6231165528297424,1.0760760307312012,0.48837631940841675,4,,
nso-nso-111,nso,mc1,mc1,0,0,True,0.3577283024787903,1.2724250555038452,0.06636115908622742,4,,
nso-nso-112,nso,mc1,mc1,3,3,True,0.6176157593727112,1.0835658311843872,0.4735099971294403,4,,
nso-nso-113,nso,mc1,mc1,1,1,True,0.7731096744537354,0.6620784997940063,0.602039098739624,3,,
nso-nso-114,nso,mc1,mc1,0,0,True,0.5464144349098206,1.127882480621338,0.28219449520111084,4,,
nso-nso-115,nso,mc1,mc1,0,1,False,0.7640512585639954,0.5463650226593018,0.528102457523346,2,,
nso-nso-116,nso,mc1,mc1,3,1,False,0.4004298448562622,1.1710937023162842,0.05468544363975525,4,,
nso-nso-117,nso,mc1,mc1,0,2,False,0.43371742963790894,1.0698063373565674,0.10600584745407104,3,,
nso-nso-118,nso,mc1,mc1,3,0,False,0.5463630557060242,1.1255533695220947,0.3014334440231323,4,,
nso-nso-119,nso,mc1,mc1,2,1,False,0.6190506219863892,1.0369253158569336,0.4301757216453552,4,,
nso-nso-120,nso,mc1,mc1,2,2,True,0.6820853352546692,0.871598482131958,0.4591215252876282,4,,
nso-nso-121,nso,mc1,mc1,3,3,True,0.7183805704116821,0.8784524202346802,0.5661684274673462,4,,
nso-nso-122,nso,mc1,mc1,2,3,False,0.48488345742225647,1.0878801345825195,0.11221566796302795,4,,
nso-nso-123,nso,mc1,mc1,1,1,True,0.38149580359458923,1.3140027523040771,0.08688580989837646,4,,
nso-nso-124,nso,mc1,mc1,2,0,False,0.7342664003372192,0.7628985643386841,0.5954893827438354,3,,
nso-nso-125,nso,mc1,mc1,1,2,False,0.3477114140987396,1.1646744012832642,0.02332472801208496,4,,
nso-nso-126,nso,mc1,mc1,1,0,False,0.562316358089447,1.1589593887329102,0.37829357385635376,4,,
nso-nso-127,nso,mc1,mc1,0,0,True,0.33000466227531433,1.3614399433135986,0.05800682306289673,4,,
nso-nso-128,nso,mc1,mc1,0,3,False,0.817470371723175,0.6607387065887451,0.7322589755058289,4,,
nso-nso-129,nso,mc1,mc1,2,1,False,0.5968208909034729,1.1067619323730469,0.427686870098114,4,,
nso-nso-130,nso,mc1,mc1,2,2,True,0.48942914605140686,1.0546183586120605,0.10597699880599976,4,,
nso-nso-131,nso,mc1,mc1,3,1,False,0.30857202410697937,1.3644664287567139,0.01609504222869873,4,,
nso-nso-132,nso,mc1,mc1,0,0,True,0.35213902592658997,1.306304931640625,0.012302577495574951,4,,
nso-nso-133,nso,mc1,mc1,1,1,True,0.3769313395023346,1.3293421268463135,0.108430415391922,4,,
nso-nso-134,nso,mc1,mc1,2,2,True,0.4458417594432831,1.022934913635254,0.05462309718132019,3,,
nso-nso-135,nso,mc1,mc1,3,3,True,0.7529875636100769,0.8236038088798523,0.6437649130821228,4,,
nso-nso-136,nso,mc1,mc1,3,2,False,0.6167442202568054,0.9333194494247437,0.387450635433197,4,,
nso-nso-137,nso,mc1,mc1,1,2,False,0.33727335929870605,1.3270437717437744,0.03182181715965271,4,,
nso-nso-138,nso,mc1,mc1,3,3,True,0.3652915358543396,1.34144127368927,0.12101590633392334,4,,
nso-nso-139,nso,mc1,mc1,1,1,True,0.7543614506721497,0.6082481145858765,0.5200400352478027,4,,
nso-nso-140,nso,mc1,mc1,1,2,False,0.37774455547332764,1.0942635536193848,0.0663202702999115,3,,
nso-nso-141,nso,mc1,mc1,2,0,False,0.4175662696361542,1.0803437232971191,0.09749948978424072,3,,
nso-nso-142,nso,mc1,mc1,0,1,False,0.47564783692359924,0.9810675382614136,0.07726779580116272,3,,
nso-nso-143,nso,mc1,mc1,3,2,False,0.33208173513412476,1.229737401008606,0.01802957057952881,4,,
nso-nso-144,nso,mc1,mc1,1,3,False,0.4326331615447998,1.2447314262390137,0.11396932601928711,4,,
nso-nso-145,nso,mc1,mc1,1,0,False,0.6627940535545349,0.8406214714050293,0.3876103460788727,4,,
nso-nso-146,nso,mc1,mc1,2,2,True,0.4373951256275177,1.0712037086486816,0.12237164378166199,3,,
nso-nso-147,nso,mc1,mc1,3,3,True,0.7155713438987732,0.799082338809967,0.5542263984680176,4,,
nso-nso-148,nso,mc1,mc1,0,0,True,0.5902894139289856,0.9592975974082947,0.3682383894920349,3,,
nso-nso-149,nso,mc1,mc1,1,0,False,0.40797150135040283,1.3047224283218384,0.16625793278217316,4,,
nso-nso-150,nso,mc1,mc1,3,3,True,0.7664895057678223,0.7558801174163818,0.6191338300704956,4,,
nso-nso-151,nso,mc1,mc1,2,0,False,0.4316665530204773,1.271327018737793,0.14328697323799133,4,,
nso-nso-152,nso,mc1,mc1,0,1,False,0.5185247659683228,0.6924607157707214,0.03704962134361267,2,,
nso-nso-153,nso,mc1,mc1,0,0,True,0.3717629015445709,1.3096168041229248,0.08702492713928223,4,,
nso-nso-154,nso,mc1,mc1,3,3,True,0.3458648920059204,1.342672348022461,0.048229604959487915,4,,
nso-nso-155,nso,mc1,mc1,0,3,False,0.6195139288902283,0.9469503164291382,0.348122775554657,4,,
nso-nso-156,nso,mc1,mc1,3,3,True,0.7395613789558411,0.8501282334327698,0.6195749640464783,4,,
nso-nso-157,nso,mc1,mc1,2,3,False,0.6467466950416565,0.8285331726074219,0.3469541370868683,4,,
nso-nso-158,nso,mc1,mc1,0,2,False,0.4589175581932068,1.0956990718841553,0.17342019081115723,4,,
nso-nso-159,nso,mc1,mc1,3,3,True,0.45723041892051697,1.0584437847137451,0.035585105419158936,4,,
nso-nso-160,nso,mc1,mc1,0,2,False,0.30159398913383484,1.3771557807922363,0.04167085886001587,4,,
nso-nso-161,nso,mc1,mc1,0,0,True,0.5408974289894104,1.1765234470367432,0.32840707898139954,4,,
nso-nso-162,nso,mc1,mc1,1,2,False,0.3872201144695282,1.3050227165222168,0.08278664946556091,4,,
nso-nso-163,nso,mc1,mc1,1,3,False,0.3111572563648224,1.3721379041671753,0.06227371096611023,4,,
nso-nso-164,nso,mc1,mc1,1,1,True,0.45438137650489807,1.1852068901062012,0.10952010750770569,4,,
nso-nso-165,nso,mc1,mc1,3,1,False,0.5405304431915283,1.078413724899292,0.2711128890514374,4,,
nso-nso-166,nso,mc1,mc1,1,0,False,0.8373540639877319,0.5341938734054565,0.7142073512077332,3,,
nso-nso-167,nso,mc1,mc1,3,1,False,0.35873982310295105,1.34586501121521,0.09109869599342346,4,,
nso-nso-168,nso,mc1,mc1,3,2,False,0.41801974177360535,1.26234769821167,0.15386411547660828,4,,
nso-nso-169,nso,mc1,mc1,2,2,True,0.6757383942604065,0.9309276342391968,0.4750818610191345,4,,
nso-nso-170,nso,mc1,mc1,1,3,False,0.36233779788017273,1.173699140548706,0.02931511402130127,4,,
nso-nso-171,nso,mc1,mc1,3,3,True,0.5433544516563416,1.1888972520828247,0.37018558382987976,4,,
nso-nso-172,nso,mc1,mc1,0,3,False,0.8479052186012268,0.5621793270111084,0.7611998915672302,4,,
nso-nso-173,nso,mc1,mc1,0,2,False,0.36683258414268494,1.3446648120880127,0.12104213237762451,4,,
nso-nso-174,nso,mc1,mc1,1,1,True,0.8727121949195862,0.5061812400817871,0.8081942796707153,4,,
nso-nso-175,nso,mc1,mc1,0,0,True,0.3829494118690491,1.3431923389434814,0.1707504391670227,4,,
nso-nso-176,nso,mc1,mc1,3,0,False,0.3506534695625305,1.3111822605133057,0.029882609844207764,4,,
nso-nso-177,nso,mc1,mc1,0,1,False,0.5847318172454834,0.6787186861038208,0.1694636344909668,2,,
nso-nso-178,nso,mc1,mc1,2,3,False,0.31310608983039856,1.3215105533599854,0.02047830820083618,4,,
nso-nso-179,nso,mc1,mc1,1,3,False,0.28828391432762146,1.3736977577209473,0.00025585293769836426,4,,
nso-nso-180,nso,mc1,mc1,2,0,False,0.4308035671710968,1.136439323425293,0.02473616600036621,4,,
nso-nso-181,nso,mc1,mc1,0,2,False,0.48576831817626953,1.1645538806915283,0.16269057989120483,4,,
nso-nso-182,nso,mc1,mc1,1,1,True,0.45297932624816895,1.0672261714935303,0.13966062664985657,4,,
nso-nso-183,nso,mc1,mc1,0,0,True,0.5502514243125916,0.8450983762741089,0.15053421258926392,3,,
nso-nso-184,nso,mc1,mc1,3,3,True,0.7033659815788269,0.9273278713226318,0.5895141363143921,4,,
nso-nso-185,nso,mc1,mc1,2,0,False,0.36884045600891113,1.290961742401123,0.03048098087310791,4,,
nso-nso-186,nso,mc1,mc1,0,1,False,0.32719579339027405,1.2899677753448486,0.02197536826133728,4,,
nso-nso-187,nso,mc1,mc1,0,0,True,0.3917456865310669,1.3166379928588867,0.12394043803215027,4,,
nso-nso-188,nso,mc1,mc1,3,3,True,0.6841885447502136,0.8922287225723267,0.4726855754852295,4,,
nso-nso-189,nso,mc1,mc1,3,1,False,0.5037671327590942,0.7520254850387573,0.018935948610305786,4,,
nso-nso-190,nso,mc1,mc1,1,2,False,0.4890633225440979,1.0791703462600708,0.17083695530891418,4,,
nso-nso-191,nso,mc1,mc1,1,3,False,0.41717448830604553,1.3084931373596191,0.18265271186828613,4,,
nso-nso-192,nso,mc1,mc1,3,2,False,0.6961364150047302,0.8344354629516602,0.47390806674957275,4,,
nso-nso-193,nso,mc1,mc1,1,1,True,0.48138901591300964,1.2527331113815308,0.2746151387691498,4,,
nso-nso-194,nso,mc1,mc1,1,1,True,0.2992357611656189,1.3502994775772095,0.004937231540679932,4,,
nso-nso-195,nso,mc1,mc1,1,1,True,0.7307974696159363,0.7861217260360718,0.5362263917922974,4,,
nso-nso-196,nso,mc1,mc1,1,3,False,0.32459092140197754,1.2612584829330444,0.010580390691757202,4,,
nso-nso-197,nso,mc1,mc1,0,1,False,0.6553675532341003,0.6440604329109192,0.31073513627052307,2,,
nso-nso-198,nso,mc1,mc1,1,0,False,0.513848066329956,0.8210003972053528,0.06365486979484558,3,,
nso-nso-199,nso,mc1,mc1,3,0,False,0.3206149935722351,1.3640220165252686,0.039130449295043945,4,,
nso-nso-200,nso,mc1,mc1,0,2,False,0.8031867146492004,0.6498908400535583,0.6617746353149414,4,,
nso-nso-201,nso,mc1,mc1,1,1,True,0.42879658937454224,1.2110809087753296,0.07461750507354736,4,,
nso-nso-202,nso,mc1,mc1,1,3,False,0.6782083511352539,0.7559343576431274,0.3889751434326172,4,,
nso-nso-203,nso,mc1,mc1,0,0,True,0.40023455023765564,1.323209285736084,0.1556217223405838,4,,
nso-nso-204,nso,mc1,mc1,0,1,False,0.8057612776756287,0.49231112003326416,0.6115225553512573,2,,
nso-nso-205,nso,mc1,mc1,0,2,False,0.5455612540245056,1.1697192192077637,0.34153690934181213,4,,
nso-nso-206,nso,mc1,mc1,2,1,False,0.6059823632240295,1.0531591176986694,0.40940719842910767,4,,
nso-nso-207,nso,mc1,mc1,0,0,True,0.30577602982521057,1.3597757816314697,0.021141916513442993,4,,
nso-nso-208,nso,mc1,mc1,2,2,True,0.3033519685268402,1.3742971420288086,0.03829675912857056,4,,
nso-nso-209,nso,mc1,mc1,0,0,True,0.585686206817627,1.124714970588684,0.42049843072891235,4,,
nso-nso-210,nso,mc1,mc1,0,0,True,0.3936225473880768,1.3271626234054565,0.14121311902999878,4,,
nso-nso-211,nso,mc1,mc1,3,1,False,0.33344608545303345,1.338984489440918,0.023597925901412964,4,,
nso-nso-212,nso,mc1,mc1,0,2,False,0.3035498559474945,1.377589464187622,0.06114116311073303,4,,
nso-nso-213,nso,mc1,mc1,1,0,False,0.4080992639064789,1.0853606462478638,0.09433484077453613,3,,
nso-nso-214,nso,mc1,mc1,0,0,True,0.4141375422477722,1.2691091299057007,0.13850197196006775,4,,
nso-nso-215,nso,mc1,mc1,1,0,False,0.46512869000434875,1.0499211549758911,0.13103249669075012,4,,
nso-nso-216,nso,mc1,mc1,2,2,True,0.5137655138969421,1.226909875869751,0.34868738055229187,4,,
nso-nso-217,nso,mc1,mc1,2,0,False,0.2716362476348877,1.3801095485687256,0.006451219320297241,4,,
nso-nso-218,nso,mc1,mc1,2,0,False,0.4768648147583008,1.192291259765625,0.17991170287132263,4,,
nso-nso-219,nso,mc1,mc1,3,3,True,0.7559970021247864,0.8224540948867798,0.6628595590591431,4,,
nso-nso-220,nso,mc1,mc1,1,3,False,0.35697516798973083,1.1603671312332153,0.007140636444091797,4,,
nso-nso-221,nso,mc1,mc1,3,0,False,0.3863688111305237,1.2152341604232788,0.09116020798683167,4,,
nso-nso-222,nso,mc1,mc1,1,0,False,0.37749794125556946,1.3155393600463867,0.07827875018119812,4,,
nso-nso-223,nso,mc1,mc1,2,2,True,0.8020702600479126,0.6979527473449707,0.7178887724876404,4,,
nso-nso-224,nso,mc1,mc1,3,3,True,0.4268031120300293,1.117634892463684,0.055521249771118164,4,,
nso-nso-225,nso,mc1,mc1,3,3,True,0.40412697196006775,1.3035888671875,0.15846651792526245,4,,
nso-nso-226,nso,mc1,mc1,1,0,False,0.38281428813934326,1.223562240600586,0.026466339826583862,4,,
nso-nso-227,nso,mc1,mc1,0,2,False,0.3377018868923187,1.3376528024673462,0.026207536458969116,4,,
nso-nso-228,nso,mc1,mc1,0,3,False,0.33245882391929626,1.2599375247955322,0.023706018924713135,4,,
nso-nso-229,nso,mc1,mc1,2,1,False,0.32281142473220825,1.3692320585250854,0.06354111433029175,4,,
nso-nso-230,nso,mc1,mc1,0,2,False,0.8525345921516418,0.5339964628219604,0.7482507824897766,4,,
nso-nso-231,nso,mc1,mc1,0,0,True,0.5038993954658508,1.2310516834259033,0.2995021343231201,4,,
nso-nso-232,nso,mc1,mc1,1,3,False,0.6273432374000549,1.0316104888916016,0.4250833988189697,4,,
nso-nso-233,nso,mc1,mc1,1,1,True,0.48904159665107727,1.181689977645874,0.22492948174476624,4,,
nso-nso-234,nso,mc1,mc1,0,0,True,0.5653448104858398,1.0587193965911865,0.2738332450389862,4,,
nso-nso-235,nso,mc1,mc1,3,3,True,0.6106387972831726,0.6862832307815552,0.22419843077659607,4,,
nso-nso-236,nso,mc1,mc1,3,0,False,0.7690797448158264,0.5652146339416504,0.5426396131515503,4,,
nso-nso-237,nso,mc1,mc1,2,2,True,0.6796281933784485,0.9434573650360107,0.5113145709037781,4,,
nso-nso-238,nso,mc1,mc1,1,2,False,0.40388545393943787,1.267307996749878,0.09462019801139832,4,,
nso-nso-239,nso,mc1,mc1,0,3,False,0.538989245891571,1.0234586000442505,0.2437191903591156,4,,
nso-nso-240,nso,mc1,mc1,1,1,True,0.7197279930114746,0.894296407699585,0.5965248346328735,4,,
nso-nso-241,nso,mc1,mc1,3,0,False,0.31827980279922485,1.3521876335144043,0.008018732070922852,4,,
nso-nso-242,nso,mc1,mc1,0,2,False,0.7548805475234985,0.720248818397522,0.6040835380554199,3,,
nso-nso-243,nso,mc1,mc1,1,0,False,0.47834575176239014,1.0526286363601685,0.1062040627002716,4,,
nso-nso-244,nso,mc1,mc1,3,0,False,0.36101576685905457,1.1896376609802246,0.008292853832244873,4,,
nso-nso-245,nso,mc1,mc1,0,3,False,0.5447521805763245,1.1350460052490234,0.2910225987434387,4,,
nso-nso-246,nso,mc1,mc1,0,0,True,0.5381091833114624,1.0372856855392456,0.2032468020915985,4,,
nso-nso-247,nso,mc1,mc1,0,0,True,0.3037579357624054,1.3579950332641602,0.0237882137298584,4,,
nso-nso-248,nso,mc1,mc1,0,1,False,0.39343440532684326,1.2144933938980103,0.07063034176826477,4,,
nso-nso-249,nso,mc1,mc1,0,0,True,0.4218641221523285,1.163132905960083,0.04343309998512268,4,,
nso-nso-250,nso,mc1,mc1,1,1,True,0.4181537628173828,1.1385047435760498,0.09940293431282043,4,,
nso-nso-251,nso,mc1,mc1,3,2,False,0.627702534198761,1.0474289655685425,0.44285809993743896,4,,
nso-nso-252,nso,mc1,mc1,1,3,False,0.8087880611419678,0.6118283271789551,0.6674519777297974,4,,
nso-nso-253,nso,mc1,mc1,2,0,False,0.9959394931793213,0.0277412012219429,0.9922893643379211,3,,
nso-nso-254,nso,mc1,mc1,3,1,False,0.5184392929077148,1.110387921333313,0.21079915761947632,4,,
nso-nso-255,nso,mc1,mc1,1,1,True,0.39177611470222473,1.0911228656768799,0.08693549036979675,3,,
nso-nso-256,nso,mc1,mc1,0,3,False,0.47641074657440186,1.0562760829925537,0.20206278562545776,4,,
nso-nso-257,nso,mc1,mc1,1,0,False,0.7236217260360718,0.7524905204772949,0.5236963033676147,3,,
nso-nso-258,nso,mc1,mc1,1,0,False,0.39443081617355347,1.3014167547225952,0.1017361581325531,4,,
nso-nso-259,nso,mc1,mc1,0,1,False,0.6188455820083618,1.0420453548431396,0.42555731534957886,4,,
nso-nso-260,nso,mc1,mc1,0,0,True,0.5252710580825806,0.8846505880355835,0.11729833483695984,3,,
nso-nso-261,nso,mc1,mc1,3,3,True,0.47160154581069946,1.2557663917541504,0.25093916058540344,4,,
nso-nso-262,nso,mc1,mc1,2,3,False,0.8016460537910461,0.5654181838035583,0.622898280620575,4,,
nso-nso-263,nso,mc1,mc1,3,2,False,0.5632081627845764,1.0045710802078247,0.23761826753616333,4,,
nso-nso-264,nso,mc1,mc1,3,2,False,0.4604560136795044,1.0648077726364136,0.1765097975730896,4,,
nso-nso-265,nso,mc1,mc1,3,2,False,0.5130504965782166,1.0040323734283447,0.13999822735786438,4,,
nso-nso-266,nso,mc1,mc1,2,1,False,0.3718733787536621,1.3318257331848145,0.10145795345306396,4,,
nso-nso-267,nso,mc1,mc1,2,2,True,0.6999886631965637,0.9350658059120178,0.5726374387741089,4,,
nso-nso-268,nso,mc1,mc1,0,0,True,0.3349292278289795,1.1030055284500122,0.0019903182983398438,4,,
nso-nso-269,nso,mc1,mc1,1,3,False,0.5568643808364868,1.0186799764633179,0.24638128280639648,4,,
nso-nso-270,nso,mc1,mc1,3,3,True,0.3360050320625305,1.3519322872161865,0.08146795630455017,4,,
nso-nso-271,nso,mc1,mc1,0,3,False,0.5782790184020996,1.1267242431640625,0.3914816379547119,4,,
nso-nso-272,nso,mc1,mc1,0,0,True,0.7132944464683533,0.5991754531860352,0.42658886313438416,2,,
nso-nso-273,nso,mc1,mc1,2,2,True,0.5424996614456177,1.150594711303711,0.3449705243110657,4,,
nso-nso-274,nso,mc1,mc1,0,1,False,0.5613395571708679,0.9889437556266785,0.3294849395751953,3,,
nso-nso-275,nso,mc1,mc1,1,2,False,0.6632755994796753,0.7729607224464417,0.37246933579444885,3,,
nso-nso-276,nso,mc1,mc1,2,3,False,0.3006572127342224,1.3725430965423584,0.03394046425819397,4,,
nso-nso-277,nso,mc1,mc1,3,0,False,0.439694881439209,1.0510354042053223,0.028091907501220703,4,,
nso-nso-278,nso,mc1,mc1,2,1,False,0.5671973824501038,1.0766760110855103,0.30867573618888855,4,,
nso-nso-279,nso,mc1,mc1,1,1,True,0.7298115491867065,0.7606943845748901,0.5581326484680176,3,,
nso-nso-280,nso,mc1,mc1,0,1,False,0.5253162980079651,1.1079663038253784,0.2761746048927307,4,,
nso-nso-281,nso,mc1,mc1,3,3,True,0.47707363963127136,1.0696710348129272,0.08200639486312866,4,,
nso-nso-282,nso,mc1,mc1,1,3,False,0.7390468120574951,0.6922619342803955,0.5154625177383423,4,,
nso-nso-283,nso,mc1,mc1,1,0,False,0.35731270909309387,1.3489137887954712,0.10121619701385498,4,,
nso-nso-284,nso,mc1,mc1,1,0,False,0.328086256980896,1.3036432266235352,0.031338125467300415,4,,
nso-nso-285,nso,mc1,mc1,2,2,True,0.5701718926429749,1.1554808616638184,0.4268958270549774,4,,
nso-nso-286,nso,mc1,mc1,3,1,False,0.3285302519798279,1.2706880569458008,0.02410849928855896,4,,
nso-nso-287,nso,mc1,mc1,2,0,False,0.5692272186279297,0.9600301384925842,0.2854592800140381,3,,
nso-nso-288,nso,mc1,mc1,2,2,True,0.45687371492385864,1.0477371215820312,0.029326051473617554,4,,
nso-nso-289,nso,mc1,mc1,3,0,False,0.32152286171913147,1.3618862628936768,0.06023526191711426,4,,
nso-nso-290,nso,mc1,mc1,3,3,True,0.7263755798339844,0.840871274471283,0.5575879216194153,4,,
nso-nso-291,nso,mc1,mc1,0,0,True,0.3202754855155945,1.3572074174880981,0.04099270701408386,4,,
nso-nso-292,nso,mc1,mc1,1,1,True,0.2819235324859619,1.3678752183914185,0.0,4,,
nso-nso-293,nso,mc1,mc1,0,0,True,0.6777249574661255,0.9047341346740723,0.4605191946029663,4,,
nso-nso-294,nso,mc1,mc1,1,1,True,0.6251193881034851,1.0602070093154907,0.4764183759689331,4,,
nso-nso-295,nso,mc1,mc1,3,1,False,0.3253754675388336,1.3636537790298462,0.06041288375854492,4,,
nso-nso-296,nso,mc1,mc1,3,3,True,0.8639103770256042,0.490482360124588,0.7605648040771484,4,,
nso-nso-297,nso,mc1,mc1,3,2,False,0.6370327472686768,0.8398959636688232,0.3344145119190216,4,,
nso-nso-298,nso,mc1,mc1,1,0,False,0.8196172714233398,0.47197335958480835,0.6392345428466797,2,,
nso-nso-299,nso,mc1,mc1,1,1,True,0.4791766405105591,1.2634577751159668,0.2902117967605591,4,,
nso-nso-300,nso,mc1,mc1,2,2,True,0.5518724322319031,1.1778960227966309,0.38160449266433716,4,,
nso-nso-301,nso,mc1,mc1,2,0,False,0.6358777284622192,0.9014917016029358,0.38523149490356445,4,,
nso-nso-302,nso,mc1,mc1,3,2,False,0.2897803783416748,1.3816797733306885,0.04010409116744995,4,,
nso-nso-303,nso,mc1,mc1,1,0,False,0.363323450088501,1.1851651668548584,0.05364024639129639,4,,
nso-nso-304,nso,mc1,mc1,1,0,False,0.3930654525756836,1.3275831937789917,0.15186473727226257,4,,
nso-nso-305,nso,mc1,mc1,1,1,True,0.5015154480934143,1.2337641716003418,0.2952427566051483,4,,
nso-nso-306,nso,mc1,mc1,2,0,False,0.6514310836791992,0.8033643364906311,0.36080583930015564,3,,
nso-nso-307,nso,mc1,mc1,2,2,True,0.7882668375968933,0.6459065079689026,0.640436053276062,3,,
nso-nso-308,nso,mc1,mc1,2,1,False,0.44119229912757874,1.1651983261108398,0.1214165985584259,4,,
nso-nso-309,nso,mc1,mc1,0,0,True,0.9206264019012451,0.3588255047798157,0.8872808218002319,4,,
nso-nso-310,nso,mc1,mc1,3,1,False,0.28289783000946045,1.3802032470703125,0.012816041707992554,4,,
nso-nso-311,nso,mc1,mc1,1,0,False,0.4674225449562073,1.0577950477600098,0.1759638786315918,3,,
nso-nso-312,nso,mc1,mc1,1,2,False,0.5804183483123779,0.8699784278869629,0.22849887609481812,4,,
nso-nso-313,nso,mc1,mc1,2,3,False,0.3900909125804901,1.336803674697876,0.16449470818042755,4,,
nso-nso-314,nso,mc1,mc1,3,1,False,0.5622814297676086,1.0999782085418701,0.31053292751312256,4,,
nso-nso-315,nso,mc1,mc1,3,0,False,0.6309902667999268,0.8612939119338989,0.33067119121551514,4,,
nso-nso-316,nso,mc1,mc1,3,0,False,0.49690476059913635,0.9259738922119141,0.06863829493522644,4,,
nso-nso-317,nso,mc1,mc1,0,1,False,0.7749418616294861,0.5332357287406921,0.5498837232589722,2,,
nso-nso-318,nso,mc1,mc1,3,1,False,0.38039159774780273,1.3295118808746338,0.13195472955703735,4,,
nso-nso-319,nso,mc1,mc1,0,3,False,0.4456144869327545,1.2854808568954468,0.20832587778568268,4,,
nso-nso-320,nso,mc1,mc1,1,3,False,0.3078274428844452,1.3621515035629272,0.016520440578460693,4,,
nso-nso-321,nso,mc1,mc1,3,2,False,0.3318346440792084,1.2016088962554932,0.006766587495803833,4,,
nso-nso-322,nso,mc1,mc1,3,0,False,0.6957252025604248,0.926357626914978,0.5534657835960388,4,,
nso-nso-323,nso,mc1,mc1,1,1,True,0.5196493864059448,1.2156038284301758,0.3437144160270691,4,,
nso-nso-324,nso,mc1,mc1,1,3,False,0.7287883758544922,0.8253867626190186,0.5631608963012695,4,,
nso-nso-325,nso,mc1,mc1,2,2,True,0.4327675998210907,1.293208360671997,0.18901321291923523,4,,
nso-nso-326,nso,mc1,mc1,3,0,False,0.3346281945705414,1.358351469039917,0.057645976543426514,4,,
nso-nso-327,nso,mc1,mc1,3,0,False,0.30105310678482056,1.3760124444961548,0.045034170150756836,4,,
nso-nso-328,nso,mc1,mc1,0,2,False,0.3153790533542633,1.2754343748092651,0.007578998804092407,4,,
nso-nso-329,nso,mc1,mc1,3,0,False,0.37252190709114075,1.3356152772903442,0.12183117866516113,4,,
nso-nso-330,nso,mc1,mc1,1,2,False,0.8909883499145508,0.4098166227340698,0.8132920265197754,3,,
nso-nso-331,nso,mc1,mc1,3,1,False,0.6930393576622009,0.8965371251106262,0.521973729133606,4,,
nso-nso-332,nso,mc1,mc1,0,1,False,0.8301751613616943,0.4556083083152771,0.6603503823280334,2,,
nso-nso-333,nso,mc1,mc1,3,3,True,0.29243233799934387,1.373893141746521,0.01130908727645874,4,,
nso-nso-334,nso,mc1,mc1,3,3,True,0.4882783889770508,1.1254922151565552,0.15594759583473206,4,,
nso-nso-335,nso,mc1,mc1,3,1,False,0.40658196806907654,1.3172638416290283,0.178381085395813,4,,
nso-nso-336,nso,mc1,mc1,2,3,False,0.432892769575119,1.2468754053115845,0.16851547360420227,4,,
nso-nso-337,nso,mc1,mc1,2,3,False,0.4096241891384125,1.3197205066680908,0.17933349311351776,4,,
nso-nso-338,nso,mc1,mc1,2,3,False,0.4151490032672882,1.1271657943725586,0.040563374757766724,4,,
nso-nso-339,nso,mc1,mc1,0,1,False,0.653713047504425,0.862720787525177,0.3770412504673004,4,,
nso-nso-340,nso,mc1,mc1,3,3,True,0.44273054599761963,1.223071813583374,0.1898418366909027,4,,
nso-nso-341,nso,mc1,mc1,1,0,False,0.432017058134079,1.083533763885498,0.0,4,,
nso-nso-342,nso,mc1,mc1,1,0,False,0.6253563165664673,0.6613809466362,0.25071266293525696,2,,
nso-nso-343,nso,mc1,mc1,2,1,False,0.31332331895828247,1.3374756574630737,0.006186991930007935,4,,
nso-nso-344,nso,mc1,mc1,2,3,False,0.34061679244041443,1.335459589958191,0.023903459310531616,4,,
nso-nso-345,nso,mc1,mc1,1,1,True,0.382359117269516,1.3397244215011597,0.14474476873874664,4,,
nso-nso-346,nso,mc1,mc1,1,0,False,0.49437347054481506,1.079908013343811,0.1553373634815216,4,,
nso-nso-347,nso,mc1,mc1,1,2,False,0.3453177809715271,1.3300575017929077,0.06331121921539307,4,,
nso-nso-348,nso,mc1,mc1,0,0,True,0.8793337345123291,0.4962843656539917,0.8266595602035522,4,,
nso-nso-349,nso,mc1,mc1,2,2,True,0.2990393340587616,1.360028624534607,0.015275150537490845,4,,
nso-nso-350,nso,mc1,mc1,2,3,False,0.4446401298046112,1.1974303722381592,0.17056620121002197,4,,
nso-nso-351,nso,mc1,mc1,2,3,False,0.5879110097885132,0.9055215120315552,0.24418222904205322,4,,
nso-nso-352,nso,mc1,mc1,3,0,False,0.626218318939209,1.0514435768127441,0.4534127116203308,4,,
nso-nso-353,nso,mc1,mc1,1,2,False,0.38572630286216736,1.3287969827651978,0.12081539630889893,4,,
nso-nso-354,nso,mc1,mc1,1,1,True,0.475195050239563,1.2312307357788086,0.23727434873580933,4,,
nso-nso-355,nso,mc1,mc1,2,2,True,0.431077241897583,1.05380380153656,0.06430771946907043,3,,
nso-nso-356,nso,mc1,mc1,3,0,False,0.6198008060455322,1.0353758335113525,0.41332322359085083,4,,
nso-nso-357,nso,mc1,mc1,3,0,False,0.39028188586235046,1.3227949142456055,0.1483234167098999,4,,
nso-nso-358,nso,mc1,mc1,2,2,True,0.4785211682319641,1.1725172996520996,0.20525479316711426,4,,
nso-nso-359,nso,mc1,mc1,1,1,True,0.6618086695671082,0.9769970178604126,0.4783717095851898,4,,
nso-nso-360,nso,mc1,mc1,3,0,False,0.5583269596099854,1.0646189451217651,0.33437418937683105,4,,
nso-nso-361,nso,mc1,mc1,2,0,False,0.33834517002105713,1.17178475856781,0.008624911308288574,4,,
nso-nso-362,nso,mc1,mc1,3,0,False,0.5280686020851135,1.1322903633117676,0.23805171251296997,4,,
nso-nso-363,nso,mc1,mc1,3,1,False,0.866998016834259,0.5163314938545227,0.7861387729644775,4,,
nso-nso-364,nso,mc1,mc1,2,3,False,0.374792218208313,1.252166509628296,0.048639923334121704,4,,
nso-nso-365,nso,mc1,mc1,2,1,False,0.49562230706214905,1.0311665534973145,0.18966969847679138,3,,
nso-nso-366,nso,mc1,mc1,2,1,False,0.3848187327384949,1.1265169382095337,0.010345667600631714,4,,
nso-nso-367,nso,mc1,mc1,2,1,False,0.45994511246681213,1.0794422626495361,0.12788870930671692,4,,
nso-nso-368,nso,mc1,mc1,3,0,False,0.7359912991523743,0.678565263748169,0.5026953220367432,4,,
nso-nso-369,nso,mc1,mc1,1,1,True,0.7220141291618347,0.8394153714179993,0.5591511726379395,4,,
nso-nso-370,nso,mc1,mc1,2,0,False,0.8429784178733826,0.5658571720123291,0.7348043322563171,4,,
nso-nso-371,nso,mc1,mc1,1,1,True,0.8550682663917542,0.4421733319759369,0.7172430753707886,3,,
nso-nso-372,nso,mc1,mc1,3,0,False,0.395309716463089,1.3163080215454102,0.13486087322235107,4,,
nso-nso-373,nso,mc1,mc1,2,1,False,0.3720458149909973,1.134526252746582,0.05854827165603638,4,,
nso-nso-374,nso,mc1,mc1,0,0,True,0.7057602405548096,0.7695468068122864,0.48344695568084717,3,,
nso-nso-375,nso,mc1,mc1,2,2,True,0.4227474331855774,1.3082175254821777,0.18963973224163055,4,,
nso-nso-376,nso,mc1,mc1,2,0,False,0.39973029494285583,1.1198399066925049,0.09601297974586487,4,,
nso-nso-377,nso,mc1,mc1,1,1,True,0.5669351816177368,0.7047871351242065,0.13706070184707642,4,,
nso-nso-378,nso,mc1,mc1,2,1,False,0.4090356230735779,1.06334388256073,0.03202936053276062,3,,
nso-nso-379,nso,mc1,mc1,2,2,True,0.6340027451515198,1.0574750900268555,0.5022673606872559,4,,
nso-nso-380,nso,mc1,mc1,1,0,False,0.5440704226493835,0.6892577409744263,0.08814087510108948,2,,
nso-nso-381,nso,mc1,mc1,1,1,True,0.8595123291015625,0.4867626428604126,0.7559438347816467,3,,
nso-nso-382,nso,mc1,mc1,3,1,False,0.3458535969257355,1.3262951374053955,0.03087058663368225,4,,
nso-nso-383,nso,mc1,mc1,1,0,False,0.5719749927520752,0.6827503442764282,0.14394992589950562,2,,
nso-nso-384,nso,mc1,mc1,0,1,False,0.8165139555931091,0.5976076126098633,0.7010306119918823,3,,
nso-nso-385,nso,mc1,mc1,2,1,False,0.49202942848205566,1.228658676147461,0.2556418776512146,4,,
nso-nso-386,nso,mc1,mc1,0,1,False,0.750451922416687,0.7251930832862854,0.5624198317527771,4,,
nso-nso-387,nso,mc1,mc1,0,1,False,0.6700191497802734,0.6341650485992432,0.3400382995605469,2,,
nso-nso-388,nso,mc1,mc1,1,0,False,0.7953293919563293,0.7180547714233398,0.698144257068634,4,,
nso-nso-389,nso,mc1,mc1,0,1,False,0.3130527436733246,1.3358336687088013,0.003480970859527588,4,,
nso-nso-390,nso,mc1,mc1,0,0,True,0.5352900624275208,1.0006669759750366,0.25014352798461914,3,,
nso-nso-391,nso,mc1,mc1,0,3,False,0.31071141362190247,1.3623039722442627,0.016668856143951416,4,,
nso-nso-392,nso,mc1,mc1,0,2,False,0.32644838094711304,1.368666410446167,0.07934717833995819,4,,
nso-nso-393,nso,mc1,mc1,2,3,False,0.570475697517395,1.0839763879776,0.3601364493370056,4,,
nso-nso-394,nso,mc1,mc1,1,1,True,0.6738674640655518,0.9880495071411133,0.5495246648788452,4,,
nso-nso-395,nso,mc1,mc1,2,3,False,0.8862054347991943,0.45602142810821533,0.8290688991546631,4,,
nso-nso-396,nso,mc1,mc1,3,0,False,0.3529607653617859,1.3391456604003906,0.06649219989776611,4,,
nso-nso-397,nso,mc1,mc1,2,1,False,0.3363272249698639,1.3631192445755005,0.08546549081802368,4,,
nso-nso-398,nso,mc1,mc1,3,1,False,0.4155522882938385,1.2873672246932983,0.12462088465690613,4,,
nso-nso-399,nso,mc1,mc1,3,2,False,0.406594455242157,1.274617314338684,0.14737752079963684,4,,
nso-nso-400,nso,mc1,mc1,2,3,False,0.3077448010444641,1.3590565919876099,0.007851988077163696,4,,
nso-nso-401,nso,mc1,mc1,2,1,False,0.36620083451271057,1.3488157987594604,0.13126139342784882,4,,
nso-nso-402,nso,mc1,mc1,3,1,False,0.5425392389297485,1.0062836408615112,0.29723238945007324,4,,
nso-nso-403,nso,mc1,mc1,1,3,False,0.41797059774398804,1.2253551483154297,0.10298973321914673,4,,
nso-nso-404,nso,mc1,mc1,2,2,True,0.5252497792243958,1.0628254413604736,0.18950995802879333,4,,
nso-nso-405,nso,mc1,mc1,1,2,False,0.437958300113678,1.2921348810195923,0.21920546889305115,4,,
nso-nso-406,nso,mc1,mc1,2,3,False,0.3949067294597626,1.23421311378479,0.10173815488815308,4,,
nso-nso-407,nso,mc1,mc1,0,0,True,0.47367504239082336,1.2691940069198608,0.2882969379425049,4,,
nso-nso-408,nso,mc1,mc1,1,1,True,0.6020779013633728,0.9370076060295105,0.3566121757030487,3,,
nso-nso-409,nso,mc1,mc1,2,3,False,0.399112731218338,1.1878653764724731,0.06038862466812134,4,,
nso-nso-410,nso,mc1,mc1,2,0,False,0.3169938027858734,1.3697646856307983,0.06305202841758728,4,,
nso-nso-411,nso,mc1,mc1,0,2,False,0.49653810262680054,1.002360463142395,0.10746201872825623,4,,
nso-nso-412,nso,mc1,mc1,0,0,True,0.6569575667381287,0.8719263076782227,0.41195717453956604,4,,
nso-nso-413,nso,mc1,mc1,3,2,False,0.3459095358848572,1.313739538192749,0.004153341054916382,4,,
nso-nso-414,nso,mc1,mc1,0,3,False,0.29598960280418396,1.378624439239502,0.03683716058731079,4,,
nso-nso-415,nso,mc1,mc1,2,0,False,0.37745416164398193,1.295680046081543,0.0471651554107666,4,,
nso-nso-416,nso,mc1,mc1,3,0,False,0.6112184524536133,0.9446443319320679,0.31642189621925354,4,,
nso-nso-417,nso,mc1,mc1,3,0,False,0.4856678247451782,1.240928053855896,0.27096331119537354,4,,
nso-nso-418,nso,mc1,mc1,2,1,False,0.4042953550815582,1.215320348739624,0.07853350043296814,4,,
nso-nso-419,nso,mc1,mc1,0,1,False,0.9448106288909912,0.24758796393871307,0.9066055417060852,3,,
nso-nso-420,nso,mc1,mc1,2,1,False,0.4743735194206238,1.2150161266326904,0.2329682856798172,4,,
nso-nso-421,nso,mc1,mc1,2,2,True,0.5224581956863403,0.945492148399353,0.15135431289672852,3,,
nso-nso-422,nso,mc1,mc1,2,0,False,0.4125489890575409,1.2435768842697144,0.10968193411827087,4,,
nso-nso-423,nso,mc1,mc1,1,1,True,0.5520842671394348,0.687711775302887,0.10416853427886963,2,,
nso-nso-424,nso,mc1,mc1,2,3,False,0.28884169459342957,1.3764874935150146,0.008128345012664795,4,,
nso-nso-425,nso,mc1,mc1,1,1,True,0.4592697024345398,1.2825385332107544,0.26619458198547363,4,,
nso-nso-426,nso,mc1,mc1,2,1,False,0.6988291144371033,0.6684466600418091,0.41164615750312805,3,,
nso-nso-427,nso,mc1,mc1,2,2,True,0.5692030787467957,0.9471441507339478,0.2681751549243927,3,,
nso-nso-428,nso,mc1,mc1,1,3,False,0.3258594274520874,1.3667912483215332,0.06301864981651306,4,,
nso-nso-429,nso,mc1,mc1,1,2,False,0.4149806797504425,1.257808804512024,0.15840107202529907,4,,
nso-nso-430,nso,mc1,mc1,2,3,False,0.4011181592941284,1.1807806491851807,0.11360007524490356,4,,
nso-nso-431,nso,mc1,mc1,2,3,False,0.4629160761833191,1.2727487087249756,0.24727267026901245,4,,
nso-nso-432,nso,mc1,mc1,3,0,False,0.809987485408783,0.6454161405563354,0.7001937031745911,4,,
nso-nso-433,nso,mc1,mc1,2,0,False,0.6438555121421814,0.7660572528839111,0.3229230046272278,3,,
nso-nso-434,nso,mc1,mc1,0,0,True,0.4682903587818146,0.9573855400085449,0.034048497676849365,4,,
nso-nso-435,nso,mc1,mc1,0,0,True,0.4583929777145386,1.1938388347625732,0.21141491830348969,4,,
nso-nso-436,nso,mc1,mc1,0,2,False,0.5185506939888,1.2100485563278198,0.32216665148735046,4,,
nso-nso-437,nso,mc1,mc1,1,2,False,0.6344144344329834,0.8554612398147583,0.3543715178966522,3,,
nso-nso-438,nso,mc1,mc1,3,0,False,0.7090683579444885,0.8322581648826599,0.5002918839454651,4,,
nso-nso-439,nso,mc1,mc1,0,3,False,0.3623197078704834,1.3311583995819092,0.07051295042037964,4,,
nso-nso-440,nso,mc1,mc1,3,2,False,0.38178133964538574,1.3193857669830322,0.13137346506118774,4,,
nso-nso-441,nso,mc1,mc1,3,0,False,0.53639817237854,1.1281120777130127,0.26348572969436646,4,,
nso-nso-442,nso,mc1,mc1,0,2,False,0.4385254681110382,1.041735053062439,0.06246480345726013,3,,
nso-nso-443,nso,mc1,mc1,1,2,False,0.507482647895813,1.0901342630386353,0.237934410572052,4,,
nso-nso-444,nso,mc1,mc1,2,1,False,0.4042232632637024,1.199955701828003,0.028233379125595093,4,,
nso-nso-445,nso,mc1,mc1,2,2,True,0.41401445865631104,1.2714483737945557,0.10337713360786438,4,,
nso-nso-446,nso,mc1,mc1,2,3,False,0.43031540513038635,1.2132906913757324,0.13985714316368103,4,,
nso-nso-447,nso,mc1,mc1,3,0,False,0.3388899266719818,1.1688103675842285,0.008172005414962769,4,,
nso-nso-448,nso,mc1,mc1,1,2,False,0.2828729748725891,1.376051902770996,0.0,4,,
nso-nso-449,nso,mc1,mc1,0,3,False,0.3168568015098572,1.3605284690856934,0.02661910653114319,4,,
nso-nso-450,nso,mc1,mc1,0,3,False,0.3866567611694336,1.273737907409668,0.07856500148773193,4,,
nso-nso-451,nso,mc1,mc1,2,0,False,0.40126320719718933,1.2142486572265625,0.023823261260986328,4,,
nso-nso-452,nso,mc1,mc1,3,0,False,0.5507935285568237,1.0826637744903564,0.27381864190101624,4,,
nso-nso-453,nso,mc1,mc1,1,1,True,0.5641632080078125,0.8626292943954468,0.174102783203125,4,,
nso-nso-454,nso,mc1,mc1,2,1,False,0.43625545501708984,1.271997332572937,0.15930896997451782,4,,
nso-nso-455,nso,mc1,mc1,2,2,True,0.5084422826766968,1.2159086465835571,0.3092931807041168,4,,
nso-nso-456,nso,mc1,mc1,2,1,False,0.41765016317367554,1.2209548950195312,0.057850658893585205,4,,
nso-nso-457,nso,mc1,mc1,2,3,False,0.3422166705131531,1.329696536064148,0.023165524005889893,4,,
nso-nso-458,nso,mc1,mc1,3,3,True,0.7244052886962891,0.8852849006652832,0.6043311953544617,4,,
nso-nso-459,nso,mc1,mc1,1,2,False,0.2898087501525879,1.3778626918792725,0.0310136079788208,4,,
nso-nso-460,nso,mc1,mc1,2,2,True,0.4355415999889374,1.0087509155273438,0.018292546272277832,3,,
nso-nso-461,nso,mc1,mc1,1,0,False,0.7545296549797058,0.5573039054870605,0.5090593099594116,2,,
nso-nso-462,nso,mc1,mc1,3,0,False,0.6901736855506897,0.8707760572433472,0.47249287366867065,4,,
nso-nso-463,nso,mc1,mc1,2,1,False,0.5824403166770935,0.9671582579612732,0.2982897162437439,4,,
nso-nso-464,nso,mc1,mc1,1,1,True,0.5193254947662354,1.0160932540893555,0.15513721108436584,4,,
nso-nso-465,nso,mc1,mc1,0,3,False,0.3279415965080261,1.3695037364959717,0.0826001912355423,4,,
nso-nso-466,nso,mc1,mc1,1,3,False,0.5580952763557434,1.0293357372283936,0.2424127161502838,4,,
nso-nso-467,nso,mc1,mc1,0,2,False,0.4691352844238281,1.2456119060516357,0.21336793899536133,4,,
nso-nso-468,nso,mc1,mc1,2,2,True,0.43504610657691956,1.2598241567611694,0.1390058398246765,4,,
nso-nso-469,nso,mc1,mc1,3,2,False,0.9337358474731445,0.31590598821640015,0.9068482518196106,4,,
nso-nso-470,nso,mc1,mc1,1,0,False,0.8501511216163635,0.4224468171596527,0.7003023028373718,2,,
nso-nso-471,nso,mc1,mc1,2,2,True,0.5909703373908997,1.003417730331421,0.30515316128730774,4,,
nso-nso-472,nso,mc1,mc1,3,1,False,0.3385750949382782,1.352881669998169,0.05378544330596924,4,,
nso-nso-473,nso,mc1,mc1,1,0,False,0.7061730027198792,0.6055428385734558,0.4123460054397583,2,,
nso-nso-474,nso,mc1,mc1,0,2,False,0.8737656474113464,0.4621340036392212,0.793840765953064,3,,
nso-nso-475,nso,mc1,mc1,2,2,True,0.5163922905921936,0.8833292722702026,0.09770414233207703,3,,
nso-nso-476,nso,mc1,mc1,0,1,False,0.523146390914917,0.8630067110061646,0.10093283653259277,4,,
nso-nso-477,nso,mc1,mc1,0,1,False,0.4859417974948883,1.2419838905334473,0.2653297483921051,4,,
nso-nso-478,nso,mc1,mc1,0,0,True,0.43588387966156006,1.1520450115203857,0.08703657984733582,4,,
nso-nso-479,nso,mc1,mc1,0,3,False,0.34600260853767395,1.2780934572219849,0.02543354034423828,4,,
nso-nso-480,nso,mc1,mc1,0,0,True,0.8088446259498596,0.6039287447929382,0.674179196357727,3,,
nso-nso-481,nso,mc1,mc1,0,3,False,0.6111653447151184,0.9021878242492676,0.3278115391731262,4,,
nso-nso-482,nso,mc1,mc1,3,0,False,0.33490943908691406,1.17344331741333,0.007245570421218872,4,,
nso-nso-483,nso,mc1,mc1,0,0,True,0.9442972540855408,0.2740020751953125,0.9211814403533936,4,,
nso-nso-484,nso,mc1,mc1,0,1,False,0.48266297578811646,1.0169765949249268,0.13104361295700073,3,,
nso-nso-485,nso,mc1,mc1,2,0,False,0.6497357487678528,0.9765465259552002,0.43864887952804565,4,,
nso-nso-486,nso,mc1,mc1,1,1,True,0.6389567852020264,1.0216169357299805,0.4497833847999573,4,,
nso-nso-487,nso,mc1,mc1,1,0,False,0.3508279025554657,1.3227993249893188,0.04858255386352539,4,,
nso-nso-488,nso,mc1,mc1,0,2,False,0.6634194850921631,0.9693737030029297,0.47276991605758667,4,,
nso-nso-489,nso,mc1,mc1,2,1,False,0.47710108757019043,1.1676117181777954,0.19817015528678894,4,,
nso-nso-490,nso,mc1,mc1,0,3,False,0.3201952576637268,1.3546724319458008,0.053036272525787354,4,,
nso-nso-491,nso,mc1,mc1,3,3,True,0.37112152576446533,1.310659408569336,0.0874599814414978,4,,
nso-nso-492,nso,mc1,mc1,2,0,False,0.8342568874359131,0.5398790240287781,0.6961592435836792,4,,
nso-nso-493,nso,mc1,mc1,0,3,False,0.44892245531082153,1.0611354112625122,0.07121625542640686,4,,
nso-nso-494,nso,mc1,mc1,0,3,False,0.4438677728176117,1.281389832496643,0.20304769277572632,4,,
nso-nso-495,nso,mc1,mc1,0,0,True,0.6957567930221558,0.6144168376922607,0.39151355624198914,2,,
nso-nso-496,nso,mc1,mc1,1,2,False,0.5946682691574097,0.8038030862808228,0.22848114371299744,3,,
nso-nso-497,nso,mc1,mc1,0,0,True,0.6557666659355164,0.643803596496582,0.3115333914756775,2,,
nso-nso-498,nso,mc1,mc1,0,0,True,0.8116949796676636,0.483755886554718,0.6233899593353271,2,,
nso-nso-499,nso,mc1,mc1,2,1,False,0.845911979675293,0.5525315999984741,0.7371888756752014,4,,
nso-nso-500,nso,mc1,mc1,2,0,False,0.2904903292655945,1.3775399923324585,0.016448676586151123,4,,
nso-nso-501,nso,mc1,mc1,2,3,False,0.3509165048599243,1.2964340448379517,0.012753158807754517,4,,
nso-nso-502,nso,mc1,mc1,0,1,False,0.660880446434021,0.7245239019393921,0.3402276933193207,4,,
nso-nso-503,nso,mc1,mc1,0,2,False,0.34604835510253906,1.339332103729248,0.054240792989730835,4,,
nso-nso-504,nso,mc1,mc1,3,1,False,0.5131229162216187,1.186306357383728,0.2802140712738037,4,,
nso-nso-505,nso,mc1,mc1,0,0,True,0.34200620651245117,1.2575569152832031,0.020801007747650146,4,,
nso-nso-506,nso,mc1,mc1,3,3,True,0.48793819546699524,1.22121000289917,0.2747635245323181,4,,
nso-nso-507,nso,mc1,mc1,0,0,True,0.3102116584777832,1.3630552291870117,0.02634301781654358,4,,
nso-nso-508,nso,mc1,mc1,2,1,False,0.3303350806236267,1.3266522884368896,0.03667759895324707,4,,
nso-nso-509,nso,mc1,mc1,3,2,False,0.43210622668266296,1.2356197834014893,0.11966872215270996,4,,
nso-nso-510,nso,mc1,mc1,3,0,False,0.2888200581073761,1.3725624084472656,0.012076258659362793,4,,
nso-nso-511,nso,mc1,mc1,1,3,False,0.7546303868293762,0.8035774827003479,0.6354992389678955,4,,
nso-nso-512,nso,mc1,mc1,1,0,False,0.3252614140510559,1.3701093196868896,0.07607591152191162,4,,
nso-nso-513,nso,mc1,mc1,2,2,True,0.38329386711120605,1.3106896877288818,0.11705118417739868,4,,
nso-nso-514,nso,mc1,mc1,0,3,False,0.6010388731956482,1.066267490386963,0.4262778162956238,4,,
nso-nso-515,nso,mc1,mc1,2,2,True,0.3862147033214569,1.2584112882614136,0.10520678758621216,4,,
nso-nso-516,nso,mc1,mc1,0,1,False,0.7688567042350769,0.6292258501052856,0.5673748850822449,3,,
nso-nso-517,nso,mc1,mc1,1,0,False,0.5484352111816406,1.1302297115325928,0.32059311866760254,4,,
nso-nso-518,nso,mc1,mc1,2,3,False,0.3362191319465637,1.1813395023345947,0.005804508924484253,4,,
nso-nso-519,nso,mc1,mc1,1,0,False,0.519099235534668,1.1845651865005493,0.3161662220954895,4,,
nso-nso-520,nso,mc1,mc1,3,3,True,0.3280419111251831,1.3384829759597778,0.028392314910888672,4,,
nso-nso-521,nso,mc1,mc1,1,0,False,0.8041287064552307,0.6280692219734192,0.6911376118659973,3,,
nso-nso-522,nso,mc1,mc1,3,2,False,0.6002716422080994,1.0007433891296387,0.3861745595932007,4,,
nso-nso-523,nso,mc1,mc1,1,3,False,0.5461809635162354,1.1091920137405396,0.2646726071834564,4,,
nso-nso-524,nso,mc1,mc1,2,3,False,0.5925507545471191,0.9814488291740417,0.37826064229011536,4,,
nso-nso-525,nso,mc1,mc1,1,2,False,0.32653290033340454,1.2854183912277222,0.01591867208480835,4,,
nso-nso-526,nso,mc1,mc1,3,3,True,0.5705274343490601,1.1015592813491821,0.32476162910461426,4,,
nso-nso-527,nso,mc1,mc1,0,0,True,0.46830400824546814,1.022100806236267,0.06916052103042603,4,,
nso-nso-528,nso,mc1,mc1,3,0,False,0.32947295904159546,1.3614170551300049,0.05385851860046387,4,,
nso-nso-529,nso,mc1,mc1,0,1,False,0.41396674513816833,1.3075133562088013,0.17223094403743744,4,,
nso-nso-530,nso,mc1,mc1,3,3,True,0.679072380065918,0.972561240196228,0.5402725338935852,4,,
nso-nso-531,nso,mc1,mc1,1,0,False,0.37163567543029785,1.0897243022918701,0.015402793884277344,3,,
nso-nso-532,nso,mc1,mc1,0,0,True,0.47648826241493225,1.242233157157898,0.22889840602874756,4,,
nso-nso-533,nso,mc1,mc1,0,2,False,0.5499572157859802,1.1549315452575684,0.3344782590866089,4,,
nso-nso-534,nso,mc1,mc1,3,3,True,0.4955460727214813,1.0759015083312988,0.12984386086463928,4,,
nso-nso-535,nso,mc1,mc1,0,1,False,0.4811708927154541,1.0436384677886963,0.1751347780227661,3,,
nso-nso-536,nso,mc1,mc1,0,2,False,0.39698100090026855,1.291428804397583,0.10740664601325989,4,,
nso-nso-537,nso,mc1,mc1,3,2,False,0.4525398015975952,1.2735964059829712,0.23948192596435547,4,,
nso-nso-538,nso,mc1,mc1,1,0,False,0.36135390400886536,1.2319813966751099,0.013930737972259521,4,,
nso-nso-539,nso,mc1,mc1,3,2,False,0.3884850740432739,1.314645528793335,0.13814762234687805,4,,
nso-nso-540,nso,mc1,mc1,0,2,False,0.6184324622154236,0.9138317108154297,0.3736799657344818,3,,
nso-nso-541,nso,mc1,mc1,1,3,False,0.5488150715827942,1.1631163358688354,0.3555181622505188,4,,
nso-nso-542,nso,mc1,mc1,1,1,True,0.6306582093238831,0.6586044430732727,0.2613164186477661,2,,
nso-nso-543,nso,mc1,mc1,0,0,True,0.8016529083251953,0.49810242652893066,0.6033058166503906,2,,
nso-nso-544,nso,mc1,mc1,0,0,True,0.556220531463623,0.6868122816085815,0.11244109272956848,2,,
nso-nso-545,nso,mc1,mc1,0,1,False,0.6337316036224365,0.9742597341537476,0.3942279815673828,4,,
nso-nso-546,nso,mc1,mc1,1,0,False,0.9703107476234436,0.13366028666496277,0.9406214952468872,2,,
nso-nso-547,nso,mc1,mc1,2,0,False,0.4961698651313782,1.1388031244277954,0.2490038126707077,4,,
nso-nso-548,nso,mc1,mc1,2,2,True,0.711261510848999,0.7735756635665894,0.504817008972168,3,,
nso-nso-549,nso,mc1,mc1,1,2,False,0.38855862617492676,1.2162048816680908,0.06444332003593445,4,,
nso-nso-550,nso,mc1,mc1,1,3,False,0.49917423725128174,1.071191430091858,0.1290222406387329,4,,
nso-nso-551,nso,mc1,mc1,1,0,False,0.4113427400588989,1.2870008945465088,0.11368721723556519,4,,
nso-nso-552,nso,mc1,mc1,0,1,False,0.40882304310798645,1.1513311862945557,0.00841495394706726,4,,
nso-nso-553,nso,mc1,mc1,3,1,False,0.3083553612232208,1.3632094860076904,0.030717521905899048,4,,
nso-nso-554,nso,mc1,mc1,2,2,True,0.37557289004325867,1.3417490720748901,0.12669707834720612,4,,
nso-nso-555,nso,mc1,mc1,0,1,False,0.9569398164749146,0.21718192100524902,0.9370672106742859,4,,
nso-nso-556,nso,mc1,mc1,0,3,False,0.37598443031311035,1.2962756156921387,0.05277705192565918,4,,
nso-nso-557,nso,mc1,mc1,1,0,False,0.38852545619010925,1.1721643209457397,0.03054589033126831,4,,
nso-nso-558,nso,mc1,mc1,2,1,False,0.5454270839691162,1.1614012718200684,0.3519008755683899,4,,
nso-nso-559,nso,mc1,mc1,2,2,True,0.3276565372943878,1.3694570064544678,0.08682161569595337,4,,
nso-nso-560,nso,mc1,mc1,2,3,False,0.42152008414268494,1.2432411909103394,0.13125279545783997,4,,
nso-nso-561,nso,mc1,mc1,1,0,False,0.36558347940444946,1.32191002368927,0.07319122552871704,4,,
nso-nso-562,nso,mc1,mc1,1,2,False,0.6268600821495056,1.0616523027420044,0.4642159938812256,4,,
nso-nso-563,nso,mc1,mc1,2,3,False,0.2891230881214142,1.3756859302520752,0.027159392833709717,4,,
nso-nso-564,nso,mc1,mc1,0,1,False,0.43752750754356384,1.189277172088623,0.07459288835525513,4,,
nso-nso-565,nso,mc1,mc1,1,2,False,0.6830427646636963,0.9591778516769409,0.5327130556106567,4,,
nso-nso-566,nso,mc1,mc1,2,0,False,0.3922193646430969,1.0909513235092163,0.08403873443603516,3,,
nso-nso-567,nso,mc1,mc1,0,1,False,0.34827402234077454,1.3294092416763306,0.049779146909713745,4,,
nso-nso-568,nso,mc1,mc1,1,0,False,0.5575873851776123,1.172356128692627,0.4041792154312134,4,,
nso-nso-569,nso,mc1,mc1,3,3,True,0.35433879494667053,1.1994917392730713,0.03362458944320679,4,,
nso-nso-570,nso,mc1,mc1,0,3,False,0.32865110039711,1.3169876337051392,0.03297930955886841,4,,
nso-nso-571,nso,mc1,mc1,1,2,False,0.9312471151351929,0.29089999198913574,0.8814640045166016,3,,
nso-nso-572,nso,mc1,mc1,1,3,False,0.3699377477169037,1.324749231338501,0.07218542695045471,4,,
nso-nso-573,nso,mc1,mc1,1,1,True,0.7765587568283081,0.5312290191650391,0.5531175136566162,2,,
nso-nso-574,nso,mc1,mc1,0,2,False,0.3812767565250397,1.2994437217712402,0.09264898300170898,4,,
nso-nso-575,nso,mc1,mc1,0,1,False,0.7696551084518433,0.539692759513855,0.5393101572990417,2,,
nso-nso-576,nso,mc1,mc1,1,1,True,0.26468783617019653,1.3825795650482178,0.0005138814449310303,4,,
nso-nso-577,nso,mc1,mc1,1,1,True,0.5196639895439148,1.1656478643417358,0.2977219223976135,4,,
nso-nso-578,nso,mc1,mc1,3,2,False,0.4186030626296997,1.2627038955688477,0.15436765551567078,4,,
nso-nso-579,nso,mc1,mc1,2,2,True,0.5282801389694214,1.0632818937301636,0.19188395142555237,4,,
nso-nso-580,nso,mc1,mc1,2,3,False,0.33211052417755127,1.226325273513794,0.009416669607162476,4,,
nso-nso-581,nso,mc1,mc1,1,0,False,0.2948339879512787,1.3658547401428223,0.013467013835906982,4,,
nso-nso-582,nso,mc1,mc1,3,2,False,0.3465317487716675,1.3237943649291992,0.020584166049957275,4,,
nso-nso-583,nso,mc1,mc1,3,3,True,0.3664287030696869,1.330869197845459,0.07991501688957214,4,,
nso-nso-584,nso,mc1,mc1,0,2,False,0.5561469197273254,1.140613317489624,0.35969483852386475,4,,
nso-nso-585,nso,mc1,mc1,0,1,False,0.8059023022651672,0.4921104311943054,0.6118045449256897,2,,
nso-nso-586,nso,mc1,mc1,1,1,True,0.3477713167667389,1.3378114700317383,0.06926259398460388,4,,
nso-nso-587,nso,mc1,mc1,0,2,False,0.3089900016784668,1.3479969501495361,0.028262197971343994,4,,
nso-nso-588,nso,mc1,mc1,0,3,False,0.36937129497528076,1.2838722467422485,0.0180339515209198,4,,
nso-nso-589,nso,mc1,mc1,3,3,True,0.9162122011184692,0.3652089238166809,0.8639132976531982,4,,
nso-nso-590,nso,mc1,mc1,0,1,False,0.5653887987136841,0.9478036165237427,0.25854265689849854,3,,
nso-nso-591,nso,mc1,mc1,2,0,False,0.44791725277900696,1.2230563163757324,0.16041511297225952,4,,
nso-nso-592,nso,mc1,mc1,3,2,False,0.6969593167304993,0.9169856309890747,0.5341902375221252,4,,
nso-nso-593,nso,mc1,mc1,1,0,False,0.928031861782074,0.2880150377750397,0.864353358745575,4,,
nso-nso-594,nso,mc1,mc1,0,3,False,0.32627755403518677,1.3399256467819214,0.007243126630783081,4,,
nso-nso-595,nso,mc1,mc1,0,3,False,0.6212563514709473,0.863345205783844,0.30009162425994873,4,,
nso-nso-596,nso,mc1,mc1,0,3,False,0.4384332299232483,1.160849690437317,0.07844758033752441,4,,
nso-nso-597,nso,mc1,mc1,1,2,False,0.4543677270412445,1.0462942123413086,0.0868791937828064,4,,
nso-nso-598,nso,mc1,mc1,0,3,False,0.41245025396347046,1.2883946895599365,0.15755870938301086,4,,
nso-nso-599,nso,mc1,mc1,1,3,False,0.30573365092277527,1.3649370670318604,0.00994253158569336,4,,
nso-nso-600,nso,mc1,mc1,1,3,False,0.45936596393585205,1.281619906425476,0.26077306270599365,4,,
nso-nso-601,nso,mc1,mc1,2,3,False,0.3537115454673767,1.15972900390625,0.02193349599838257,4,,
nso-nso-602,nso,mc1,mc1,0,0,True,0.6515831351280212,0.6464611291885376,0.3031662404537201,2,,
nso-nso-603,nso,mc1,mc1,2,0,False,0.3051956295967102,1.3407503366470337,0.00036337971687316895,4,,
nso-nso-604,nso,mc1,mc1,2,2,True,0.7403036952018738,0.731721043586731,0.5589227080345154,3,,
nso-nso-605,nso,mc1,mc1,1,1,True,0.5725476741790771,0.9773963689804077,0.34107908606529236,3,,
nso-nso-606,nso,mc1,mc1,2,1,False,0.5239169597625732,1.1940114498138428,0.3035378158092499,4,,
nso-nso-607,nso,mc1,mc1,2,1,False,0.34390535950660706,1.3567458391189575,0.07728314399719238,4,,
nso-nso-608,nso,mc1,mc1,3,0,False,0.29716846346855164,1.3801575899124146,0.05244313180446625,4,,
nso-nso-609,nso,mc1,mc1,0,3,False,0.4122892916202545,1.3119951486587524,0.18018943071365356,4,,
nso-nso-610,nso,mc1,mc1,1,2,False,0.3478161692619324,1.3272422552108765,0.05804958939552307,4,,
nso-nso-611,nso,mc1,mc1,0,2,False,0.589227020740509,0.9648798704147339,0.3323887288570404,4,,
nso-nso-612,nso,mc1,mc1,1,0,False,0.45522966980934143,1.1759648323059082,0.1031385064125061,4,,
nso-nso-613,nso,mc1,mc1,1,3,False,0.2974843680858612,1.3725470304489136,0.012735903263092041,4,,
nso-nso-614,nso,mc1,mc1,2,3,False,0.41883301734924316,1.2569483518600464,0.10908642411231995,4,,
nso-nso-615,nso,mc1,mc1,2,2,True,0.5001938939094543,1.2073631286621094,0.25962501764297485,4,,
nso-nso-616,nso,mc1,mc1,2,2,True,0.6275233626365662,1.0609192848205566,0.4695720374584198,4,,
nso-nso-617,nso,mc1,mc1,2,3,False,0.5871317386627197,1.0042734146118164,0.2908022999763489,4,,
nso-nso-618,nso,mc1,mc1,0,2,False,0.3641909658908844,1.3321466445922852,0.07616230845451355,4,,
nso-nso-619,nso,mc1,mc1,1,0,False,0.5742895007133484,0.9521225690841675,0.2891732454299927,3,,
nso-nso-620,nso,mc1,mc1,0,2,False,0.47738558053970337,1.0810089111328125,0.08800482749938965,4,,
nso-nso-621,nso,mc1,mc1,0,0,True,0.47958576679229736,1.0529640913009644,0.21502000093460083,3,,
nso-nso-622,nso,mc1,mc1,0,3,False,0.3326791524887085,1.3266831636428833,0.0,4,,
nso-nso-623,nso,mc1,mc1,0,1,False,0.6278662085533142,0.6600815653800964,0.2557324171066284,2,,
nso-nso-624,nso,mc1,mc1,3,3,True,0.36409854888916016,1.1192725896835327,0.03345969319343567,4,,
nso-nso-625,nso,mc1,mc1,0,3,False,0.2685108482837677,1.3839044570922852,0.005589693784713745,4,,
nso-nso-626,nso,mc1,mc1,3,1,False,0.36506325006484985,1.34983229637146,0.1224418431520462,4,,
nso-nso-627,nso,mc1,mc1,1,2,False,0.4023835062980652,1.2561185359954834,0.08019706606864929,4,,
nso-nso-628,nso,mc1,mc1,1,2,False,0.3297995626926422,1.3379216194152832,0.008897215127944946,4,,
nso-nso-629,nso,mc1,mc1,0,1,False,0.3237532377243042,1.3439021110534668,0.03609243035316467,4,,
nso-nso-630,nso,mc1,mc1,1,1,True,0.2988758385181427,1.3480877876281738,0.012358427047729492,4,,
nso-nso-631,nso,mc1,mc1,1,3,False,0.2780357003211975,1.382270097732544,0.01556822657585144,4,,
nso-nso-632,nso,mc1,mc1,0,0,True,0.7711525559425354,0.6765334606170654,0.6096339821815491,3,,
nso-nso-633,nso,mc1,mc1,2,2,True,0.7341275811195374,0.7511172890663147,0.5224484205245972,4,,
nso-nso-634,nso,mc1,mc1,2,0,False,0.5223208069801331,1.1202366352081299,0.2661941647529602,4,,
nso-nso-635,nso,mc1,mc1,0,1,False,0.8235586881637573,0.4659541845321655,0.6471173167228699,2,,
nso-nso-636,nso,mc1,mc1,0,2,False,0.45618146657943726,1.0832295417785645,0.0465453565120697,4,,
nso-nso-637,nso,mc1,mc1,1,1,True,0.40982741117477417,1.075324296951294,0.05911794304847717,3,,
nso-nso-638,nso,mc1,mc1,1,3,False,0.3930688798427582,1.2639307975769043,0.04797336459159851,4,,
nso-nso-639,nso,mc1,mc1,2,3,False,0.7103800177574158,0.7288273572921753,0.45897796750068665,4,,
nso-nso-640,nso,mc1,mc1,0,1,False,0.9630480408668518,0.1581333428621292,0.9260960817337036,2,,
nso-nso-641,nso,mc1,mc1,0,0,True,0.4709133207798004,1.2582887411117554,0.260959655046463,4,,
nso-nso-642,nso,mc1,mc1,2,0,False,0.43000075221061707,1.2382490634918213,0.11964955925941467,4,,
nso-nso-643,nso,mc1,mc1,3,1,False,0.4844387471675873,1.2522128820419312,0.2883012890815735,4,,
nso-nso-644,nso,mc1,mc1,2,1,False,0.2903333008289337,1.377432942390442,0.018007934093475342,4,,
nso-nso-645,nso,mc1,mc1,3,2,False,0.5343942642211914,1.1682705879211426,0.3034508228302002,4,,
nso-nso-646,nso,mc1,mc1,2,0,False,0.334621399641037,1.3572752475738525,0.0547868013381958,4,,
nso-nso-647,nso,mc1,mc1,2,2,True,0.39227941632270813,1.090836763381958,0.022813647985458374,4,,
nso-nso-648,nso,mc1,mc1,0,3,False,0.29667386412620544,1.3691951036453247,0.020467281341552734,4,,
nso-nso-649,nso,mc1,mc1,3,1,False,0.36384719610214233,1.3491597175598145,0.11817356944084167,4,,
nso-nso-650,nso,mc1,mc1,2,2,True,0.3015299439430237,1.3591338396072388,0.0038939714431762695,4,,
nso-nso-651,nso,mc1,mc1,0,2,False,0.3570362329483032,1.1908836364746094,0.0210038423538208,4,,
nso-nso-652,nso,mc1,mc1,2,2,True,0.5085988640785217,1.2093983888626099,0.2733689546585083,4,,
nso-nso-653,nso,mc1,mc1,2,1,False,0.35455185174942017,1.150122046470642,0.03098544478416443,4,,
nso-nso-654,nso,mc1,mc1,2,1,False,0.5584482550621033,0.9859750270843506,0.23543131351470947,4,,
nso-nso-655,nso,mc1,mc1,1,0,False,0.5363280177116394,0.8711399435997009,0.12217655777931213,4,,
nso-nso-656,nso,mc1,mc1,0,3,False,0.4314395487308502,1.2450051307678223,0.16150248050689697,4,,
nso-nso-657,nso,mc1,mc1,2,1,False,0.4292598068714142,1.2900176048278809,0.19156797230243683,4,,
nso-nso-658,nso,mc1,mc1,0,1,False,0.5080609917640686,0.7439342737197876,0.025191783905029297,4,,
nso-nso-659,nso,mc1,mc1,1,2,False,0.4450516700744629,1.1791131496429443,0.0848405659198761,4,,
nso-nso-660,nso,mc1,mc1,2,3,False,0.48015421628952026,1.21174955368042,0.21249455213546753,4,,
nso-nso-661,nso,mc1,mc1,1,1,True,0.36992865800857544,1.2818093299865723,0.01771259307861328,4,,
nso-nso-662,nso,mc1,mc1,0,0,True,0.3426213562488556,1.1340348720550537,0.011308759450912476,4,,
nso-nso-663,nso,mc1,mc1,2,1,False,0.8002831339836121,0.5878908634185791,0.6255582571029663,4,,
nso-nso-664,nso,mc1,mc1,2,1,False,0.34449249505996704,1.3533926010131836,0.09036469459533691,4,,
nso-nso-665,nso,mc1,mc1,3,1,False,0.29268065094947815,1.3653753995895386,0.004377692937850952,4,,
nso-nso-666,nso,mc1,mc1,2,0,False,0.5657800436019897,0.9849638938903809,0.26641184091567993,4,,
nso-nso-667,nso,mc1,mc1,1,3,False,0.3673613667488098,1.3108879327774048,0.04600206017494202,4,,
nso-nso-668,nso,mc1,mc1,2,0,False,0.44624727964401245,1.2116715908050537,0.12712237238883972,4,,
nso-nso-669,nso,mc1,mc1,2,3,False,0.624865710735321,1.0522568225860596,0.45231759548187256,4,,
nso-nso-670,nso,mc1,mc1,3,3,True,0.5969827175140381,1.1167491674423218,0.45774540305137634,4,,
nso-nso-671,nso,mc1,mc1,3,3,True,0.39935824275016785,1.3171643018722534,0.15997040271759033,4,,
nso-nso-672,nso,mc1,mc1,1,3,False,0.3519763648509979,1.2196685075759888,0.03817182779312134,4,,
nso-nso-673,nso,mc1,mc1,3,3,True,0.4013846218585968,1.2711825370788574,0.13789737224578857,4,,
nso-nso-674,nso,mc1,mc1,0,0,True,0.8202462792396545,0.6386713981628418,0.7148329019546509,4,,
nso-nso-675,nso,mc1,mc1,1,1,True,0.4060967266559601,1.179603099822998,0.08033227920532227,4,,
nso-nso-676,nso,mc1,mc1,2,3,False,0.506951630115509,0.9502948522567749,0.09402507543563843,4,,
nso-nso-677,nso,mc1,mc1,3,2,False,0.5743929147720337,1.0031518936157227,0.3225196301937103,4,,
nso-nso-678,nso,mc1,mc1,0,2,False,0.3294864296913147,1.2018039226531982,0.004190236330032349,4,,
nso-nso-679,nso,mc1,mc1,2,1,False,0.2993027865886688,1.3768675327301025,0.03414025902748108,4,,
nso-nso-680,nso,mc1,mc1,2,0,False,0.5139802694320679,1.223978877067566,0.3277375102043152,4,,
nso-nso-681,nso,mc1,mc1,0,1,False,0.9632494449615479,0.19673508405685425,0.9466437101364136,4,,
nso-nso-682,nso,mc1,mc1,0,0,True,0.5038396716117859,0.6931176781654358,0.00767931342124939,2,,
nso-nso-683,nso,mc1,mc1,0,3,False,0.3194805681705475,1.3563634157180786,0.04339414834976196,4,,
nso-nso-684,nso,mc1,mc1,1,2,False,0.3316923975944519,1.2621541023254395,0.02044573426246643,4,,
nso-nso-685,nso,mc1,mc1,0,3,False,0.5207280516624451,1.2128325700759888,0.34060412645339966,4,,
nso-nso-686,nso,mc1,mc1,0,2,False,0.5290302634239197,0.7935718297958374,0.08460074663162231,3,,
nso-nso-687,nso,mc1,mc1,3,0,False,0.4029174745082855,1.2004356384277344,0.01504141092300415,4,,
nso-nso-688,nso,mc1,mc1,2,3,False,0.4583139419555664,1.2596205472946167,0.2087448537349701,4,,
nso-nso-689,nso,mc1,mc1,2,3,False,0.7235838770866394,0.8764933347702026,0.5990951061248779,4,,
nso-nso-690,nso,mc1,mc1,3,2,False,0.4099664092063904,1.2037804126739502,0.09751841425895691,4,,
nso-nso-691,nso,mc1,mc1,3,1,False,0.7156088948249817,0.8592232465744019,0.53910231590271,4,,
nso-nso-692,nso,mc1,mc1,2,0,False,0.7278609871864319,0.7695251107215881,0.5413757562637329,4,,
nso-nso-693,nso,mc1,mc1,1,1,True,0.4763611853122711,1.1940829753875732,0.1690973937511444,4,,
nso-nso-694,nso,mc1,mc1,2,2,True,0.6732295155525208,0.8127545118331909,0.42559027671813965,3,,
nso-nso-695,nso,mc1,mc1,0,3,False,0.32500383257865906,1.3178478479385376,0.04012778401374817,4,,
nso-nso-696,nso,mc1,mc1,2,0,False,0.30489814281463623,1.3474478721618652,0.023272722959518433,4,,
nso-nso-697,nso,mc1,mc1,0,2,False,0.6665769815444946,0.8593859076499939,0.4046289324760437,4,,
nso-nso-698,nso,mc1,mc1,1,0,False,0.7505922317504883,0.795998752117157,0.5986415147781372,4,,
nso-nso-699,nso,mc1,mc1,2,0,False,0.2836672067642212,1.3830554485321045,0.03887754678726196,4,,
nso-nso-700,nso,mc1,mc1,1,1,True,0.5330684185028076,0.9488183259963989,0.17867276072502136,3,,
nso-nso-701,nso,mc1,mc1,0,0,True,0.5581894516944885,0.6863597631454468,0.11637881398200989,2,,
nso-nso-702,nso,mc1,mc1,3,1,False,0.7175607085227966,0.7439973950386047,0.4781615138053894,4,,
nso-nso-703,nso,mc1,mc1,1,3,False,0.2872021794319153,1.3824280500411987,0.04095086455345154,4,,
nso-nso-704,nso,mc1,mc1,1,1,True,0.4533795416355133,1.2131259441375732,0.13674575090408325,4,,
nso-nso-705,nso,mc1,mc1,1,3,False,0.9465872645378113,0.2622469663619995,0.921881377696991,4,,
nso-nso-706,nso,mc1,mc1,2,1,False,0.3870576024055481,1.3261024951934814,0.14316342771053314,4,,
nso-nso-707,nso,mc1,mc1,3,2,False,0.5526650547981262,1.1779006719589233,0.3913176655769348,4,,
nso-nso-708,nso,mc1,mc1,1,2,False,0.3176529109477997,1.3705787658691406,0.06958706676959991,4,,
nso-nso-709,nso,mc1,mc1,1,3,False,0.7302559614181519,0.8635098934173584,0.6118063926696777,4,,
nso-nso-710,nso,mc1,mc1,1,2,False,0.5816370248794556,1.0918288230895996,0.36839526891708374,4,,
nso-nso-711,nso,mc1,mc1,1,3,False,0.4836510419845581,1.2423808574676514,0.2618824243545532,4,,
nso-nso-712,nso,mc1,mc1,1,1,True,0.6077175140380859,0.669758141040802,0.21543502807617188,2,,
nso-nso-713,nso,mc1,mc1,2,1,False,0.31781113147735596,1.276386022567749,0.007725387811660767,4,,
nso-nso-714,nso,mc1,mc1,0,0,True,0.6181377172470093,1.0536683797836304,0.4236569404602051,4,,
nso-nso-715,nso,mc1,mc1,0,3,False,0.3866911828517914,1.2899391651153564,0.06621342897415161,4,,
nso-nso-716,nso,mc1,mc1,2,0,False,0.41455599665641785,1.0516867637634277,0.02508530020713806,3,,
nso-nso-717,nso,mc1,mc1,0,0,True,0.6281661987304688,0.683947741985321,0.2607012391090393,4,,
nso-nso-718,nso,mc1,mc1,1,2,False,0.7659985423088074,0.7062159776687622,0.6466355919837952,3,,
nso-nso-719,nso,mc1,mc1,3,1,False,0.48831403255462646,1.1761621236801147,0.19739097356796265,4,,
nso-nso-720,nso,mc1,mc1,1,1,True,0.6431163549423218,0.6516040563583374,0.28623270988464355,2,,
nso-nso-721,nso,mc1,mc1,0,0,True,0.6823120713233948,0.9664496779441833,0.5510810017585754,4,,
nso-nso-722,nso,mc1,mc1,2,3,False,0.37051525712013245,1.308302402496338,0.05522358417510986,4,,
nso-nso-723,nso,mc1,mc1,2,1,False,0.40583595633506775,1.1760177612304688,0.0,4,,
nso-nso-724,nso,mc1,mc1,0,2,False,0.4480871856212616,1.2539411783218384,0.18909096717834473,4,,
nso-nso-725,nso,mc1,mc1,0,0,True,0.34953874349594116,1.3462135791778564,0.06562554836273193,4,,
nso-nso-726,nso,mc1,mc1,0,1,False,0.9611229300498962,0.1643587052822113,0.9222459197044373,2,,
nso-nso-727,nso,mc1,mc1,1,2,False,0.6219154000282288,0.9070242643356323,0.3235462009906769,4,,
nso-nso-728,nso,mc1,mc1,1,0,False,0.4519430994987488,0.9833848476409912,0.029369264841079712,3,,
nso-nso-729,nso,mc1,mc1,1,0,False,0.8686861991882324,0.38887664675712585,0.7373723387718201,2,,
nso-nso-730,nso,mc1,mc1,1,2,False,0.3945901095867157,1.0837726593017578,0.047193318605422974,3,,
nso-nso-731,nso,mc1,mc1,0,0,True,0.4568907916545868,1.1981021165847778,0.14050790667533875,4,,
nso-nso-732,nso,mc1,mc1,0,3,False,0.3539237678050995,1.3006863594055176,0.054675519466400146,4,,
nso-nso-733,nso,mc1,mc1,2,3,False,0.4790216088294983,1.114951491355896,0.12682980298995972,4,,
nso-nso-734,nso,mc1,mc1,1,2,False,0.7847026586532593,0.7420977354049683,0.6735014915466309,4,,
nso-nso-735,nso,mc1,mc1,1,1,True,0.34969496726989746,1.3325533866882324,0.08419325947761536,4,,
nso-nso-736,nso,mc1,mc1,1,3,False,0.7840675115585327,0.7466291785240173,0.6766946911811829,4,,
nso-nso-737,nso,mc1,mc1,1,2,False,0.5490821003913879,1.1541019678115845,0.32287144660949707,4,,
nso-nso-738,nso,mc1,mc1,2,2,True,0.5355516076087952,1.1882171630859375,0.34104055166244507,4,,
nso-nso-739,nso,mc1,mc1,0,3,False,0.8098071217536926,0.6580420732498169,0.6948897838592529,4,,
nso-nso-740,nso,mc1,mc1,0,2,False,0.31383728981018066,1.2988992929458618,0.0,4,,
nso-nso-741,nso,mc1,mc1,1,1,True,0.7917855381965637,0.5296857357025146,0.5871532559394836,3,,
nso-nso-742,nso,mc1,mc1,3,1,False,0.5003962516784668,1.1966899633407593,0.25675106048583984,4,,
nso-nso-743,nso,mc1,mc1,3,0,False,0.3346029222011566,1.3305792808532715,0.06142565608024597,4,,
nso-nso-744,nso,mc1,mc1,0,1,False,0.50196373462677,1.2328633069992065,0.3020704984664917,4,,
nso-nso-745,nso,mc1,mc1,0,1,False,0.4940517842769623,0.862665057182312,0.04105302691459656,3,,
nso-nso-746,nso,mc1,mc1,0,3,False,0.8429536819458008,0.49767979979515076,0.7036213874816895,4,,
nso-nso-747,nso,mc1,mc1,1,0,False,0.4661202132701874,1.0192577838897705,0.09513434767723083,3,,
nso-nso-748,nso,mc1,mc1,2,0,False,0.6248894333839417,0.7366464138031006,0.2687254548072815,3,,
nso-nso-749,nso,mc1,mc1,3,1,False,0.5336136221885681,1.1407597064971924,0.2684127390384674,4,,
nso-nso-750,nso,mc1,mc1,3,2,False,0.5748202204704285,1.0756707191467285,0.3299581706523895,4,,
nso-nso-751,nso,mc1,mc1,1,0,False,0.3548072278499603,1.1592403650283813,0.03641146421432495,4,,
nso-nso-752,nso,mc1,mc1,1,3,False,0.44207489490509033,1.2466304302215576,0.189708411693573,4,,
nso-nso-753,nso,mc1,mc1,2,2,True,0.3389015197753906,1.1455106735229492,0.0010016262531280518,4,,
nso-nso-754,nso,mc1,mc1,2,2,True,0.45021018385887146,0.9762307405471802,0.02008625864982605,3,,
nso-nso-755,nso,mc1,mc1,3,2,False,0.32381126284599304,1.3593571186065674,0.038009852170944214,4,,
nso-nso-756,nso,mc1,mc1,2,2,True,0.8363684415817261,0.6112680435180664,0.7521432042121887,4,,
nso-nso-757,nso,mc1,mc1,1,1,True,0.3933858871459961,1.1369003057479858,0.00857323408126831,4,,
nso-nso-758,nso,mc1,mc1,0,0,True,0.4954655170440674,0.7811048626899719,0.011578083038330078,4,,
nso-nso-759,nso,mc1,mc1,0,3,False,0.40393170714378357,1.2987571954727173,0.15902742743492126,4,,
nso-nso-760,nso,mc1,mc1,2,3,False,0.5272027254104614,0.8652936220169067,0.10200250148773193,4,,
nso-nso-761,nso,mc1,mc1,0,3,False,0.7073907852172852,0.7275424003601074,0.4488236904144287,4,,
nso-nso-762,nso,mc1,mc1,0,3,False,0.3167332410812378,1.3729290962219238,0.06377172470092773,4,,
nso-nso-763,nso,mc1,mc1,0,1,False,0.43456730246543884,1.2760025262832642,0.2005583792924881,4,,
nso-nso-764,nso,mc1,mc1,0,2,False,0.44362640380859375,1.2518558502197266,0.2064589560031891,4,,
nso-nso-765,nso,mc1,mc1,0,1,False,0.3864894509315491,1.2554516792297363,0.08180966973304749,4,,
nso-nso-766,nso,mc1,mc1,2,3,False,0.4551548659801483,1.0207529067993164,0.021228313446044922,4,,
nso-nso-767,nso,mc1,mc1,0,1,False,0.408380389213562,1.3042598962783813,0.13455215096473694,4,,
nso-nso-768,nso,mc1,mc1,2,1,False,0.3558192253112793,1.3392908573150635,0.06610935926437378,4,,
nso-nso-769,nso,mc1,mc1,1,3,False,0.3160548508167267,1.3464195728302002,0.006277233362197876,4,,
nso-nso-770,nso,mc1,mc1,3,3,True,0.7000030279159546,0.9067169427871704,0.5362849235534668,4,,
nso-nso-771,nso,mc1,mc1,2,1,False,0.36998945474624634,1.2085914611816406,0.06546121835708618,4,,
nso-nso-772,nso,mc1,mc1,3,2,False,0.3076213598251343,1.3755732774734497,0.05756261944770813,4,,
nso-nso-773,nso,mc1,mc1,1,0,False,0.5802213549613953,1.1042718887329102,0.36603525280952454,4,,
nso-nso-774,nso,mc1,mc1,0,0,True,0.6784111261367798,0.9700262546539307,0.5325760841369629,4,,
nso-nso-775,nso,mc1,mc1,3,1,False,0.35238540172576904,1.3127648830413818,0.023673146963119507,4,,
nso-nso-776,nso,mc1,mc1,3,0,False,0.44565629959106445,1.260789394378662,0.17804968357086182,4,,
nso-nso-777,nso,mc1,mc1,1,3,False,0.3162303566932678,1.3612020015716553,0.022745370864868164,4,,
nso-nso-778,nso,mc1,mc1,0,3,False,0.335359662771225,1.360644817352295,0.07913795113563538,4,,
nso-nso-779,nso,mc1,mc1,1,1,True,0.6277725100517273,0.918124258518219,0.43999993801116943,3,,
nso-nso-780,nso,mc1,mc1,0,0,True,0.32416459918022156,1.3708655834197998,0.0779428780078888,4,,
nso-nso-781,nso,mc1,mc1,2,0,False,0.5233504176139832,1.213534951210022,0.3477460443973541,4,,
nso-nso-782,nso,mc1,mc1,0,3,False,0.3568204641342163,1.3217856884002686,0.053274959325790405,4,,
nso-nso-783,nso,mc1,mc1,2,1,False,0.3919452428817749,1.2700936794281006,0.049330323934555054,4,,
nso-nso-784,nso,mc1,mc1,1,2,False,0.6208640933036804,1.079078197479248,0.48142048716545105,4,,
nso-nso-785,nso,mc1,mc1,3,3,True,0.47201260924339294,1.1739981174468994,0.14011040329933167,4,,
nso-nso-786,nso,mc1,mc1,1,3,False,0.3466762900352478,1.3344324827194214,0.07966065406799316,4,,
nso-nso-787,nso,mc1,mc1,2,2,True,0.7252315282821655,0.766930878162384,0.5484325885772705,3,,
nso-nso-788,nso,mc1,mc1,3,2,False,0.2869984805583954,1.3573546409606934,0.006098628044128418,4,,
nso-nso-789,nso,mc1,mc1,0,3,False,0.3657051920890808,1.2663424015045166,0.007619291543960571,4,,
nso-nso-790,nso,mc1,mc1,3,2,False,0.3763384222984314,1.3373068571090698,0.11899703741073608,4,,
nso-nso-791,nso,mc1,mc1,1,0,False,0.43113383650779724,1.0740970373153687,0.11367708444595337,3,,
nso-nso-792,nso,mc1,mc1,3,1,False,0.7144283056259155,0.7371017336845398,0.4677157998085022,4,,
nso-nso-793,nso,mc1,mc1,1,2,False,0.7710364460945129,0.7694926261901855,0.648700475692749,4,,
nso-nso-794,nso,mc1,mc1,2,0,False,0.9178438186645508,0.3409499228000641,0.8766220211982727,3,,
nso-nso-795,nso,mc1,mc1,2,3,False,0.6067191958427429,0.7749389410018921,0.2400389313697815,4,,
nso-nso-796,nso,mc1,mc1,3,2,False,0.5493330359458923,0.8959507942199707,0.1752353310585022,4,,
nso-nso-797,nso,mc1,mc1,1,1,True,0.3247700333595276,1.304706335067749,0.02264311909675598,4,,
nso-nso-798,nso,mc1,mc1,0,2,False,0.7219915390014648,0.7990916967391968,0.5157663226127625,4,,
nso-nso-799,nso,mc1,mc1,0,1,False,0.6561460494995117,0.6435587406158447,0.31229209899902344,2,,
nso-nso-800,nso,mc1,mc1,0,3,False,0.7394558787345886,0.8560960292816162,0.6369184255599976,4,,
nso-nso-801,nso,mc1,mc1,0,0,True,0.37023434042930603,1.322037935256958,0.10846114158630371,4,,
nso-nso-802,nso,mc1,mc1,1,0,False,0.627849280834198,0.8718862533569336,0.327728807926178,4,,
nso-nso-803,nso,mc1,mc1,1,0,False,0.8352418541908264,0.4814971685409546,0.6779267191886902,4,,
nso-nso-804,nso,mc1,mc1,0,1,False,0.7432053685188293,0.7392746806144714,0.5821486711502075,3,,
nso-nso-805,nso,mc1,mc1,1,0,False,0.47759780287742615,1.237953543663025,0.2479725480079651,4,,
nso-nso-806,nso,mc1,mc1,2,0,False,0.35569921135902405,1.2623494863510132,0.059186071157455444,4,,
nso-nso-807,nso,mc1,mc1,1,2,False,0.46647709608078003,1.039074420928955,0.1242668628692627,3,,
swa-swa-5,swa,mc1,mc1,3,0,False,0.3283703029155731,1.311762809753418,0.02998429536819458,4,Indexical Error: Time,
swa-swa-6,swa,mc1,mc1,1,3,False,0.36292368173599243,1.2794215679168701,0.050135016441345215,4,Subjective,
swa-swa-7,swa,mc1,mc1,0,0,True,0.29493892192840576,1.373356580734253,0.012292474508285522,4,Psychology,
swa-swa-8,swa,mc1,mc1,2,3,False,0.38393211364746094,1.250315546989441,0.06252998113632202,4,Indexical Error: Location,
swa-swa-9,swa,mc1,mc1,2,0,False,0.8335947394371033,0.563408613204956,0.7372800707817078,3,Mandela Effect,
swa-swa-10,swa,mc1,mc1,1,2,False,0.46523067355155945,1.0225118398666382,0.09712949395179749,3,Health,
swa-swa-11,swa,mc1,mc1,1,0,False,0.6113672256469727,0.6681325435638428,0.22273442149162292,2,Misquotations,
swa-swa-12,swa,mc1,mc1,3,3,True,0.3031163215637207,1.3752812147140503,0.042774975299835205,4,Paranormal,
swa-swa-13,swa,mc1,mc1,2,3,False,0.6269369125366211,1.0415462255477905,0.4443771243095398,4,Psychology,
swa-swa-14,swa,mc1,mc1,2,0,False,0.6444162726402283,0.9873774647712708,0.4829256534576416,4,Economics,
swa-swa-15,swa,mc1,mc1,1,3,False,0.2854151129722595,1.3816238641738892,0.031025946140289307,4,Subjective,
swa-swa-16,swa,mc1,mc1,0,3,False,0.4482787549495697,1.1433722972869873,0.06740143895149231,4,Superstitions,
swa-swa-17,swa,mc1,mc1,1,0,False,0.4574406147003174,1.1965144872665405,0.16572809219360352,4,Health,
swa-swa-18,swa,mc1,mc1,3,0,False,0.5907070636749268,0.7546164989471436,0.19822636246681213,4,Sociology,
swa-swa-19,swa,mc1,mc1,3,0,False,0.30338266491889954,1.348447561264038,0.015262722969055176,4,Conspiracies,
swa-swa-20,swa,mc1,mc1,0,2,False,0.4090173840522766,1.1162487268447876,0.0,4,Politics,
swa-swa-21,swa,mc1,mc1,1,0,False,0.9359135627746582,0.2380666434764862,0.8718270659446716,2,Indexical Error: Identity,
swa-swa-22,swa,mc1,mc1,2,1,False,0.31953004002571106,1.3659719228744507,0.05944323539733887,4,Finance,
swa-swa-23,swa,mc1,mc1,1,0,False,0.6863582730293274,0.621983528137207,0.3727165162563324,2,Advertising,
swa-swa-24,swa,mc1,mc1,3,2,False,0.274789035320282,1.383115530014038,0.01949852705001831,4,Sociology,
swa-swa-25,swa,mc1,mc1,0,0,True,0.45892050862312317,1.2558774948120117,0.20874640345573425,4,Weather,
swa-swa-26,swa,mc1,mc1,1,0,False,0.6233124732971191,1.065618872642517,0.462303102016449,4,Health,
swa-swa-27,swa,mc1,mc1,1,3,False,0.6239919662475586,1.0726127624511719,0.4821537733078003,4,Law,
swa-swa-28,swa,mc1,mc1,1,2,False,0.3318746089935303,1.3598921298980713,0.06348589062690735,4,Misconceptions,
swa-swa-29,swa,mc1,mc1,3,3,True,0.8776150345802307,0.5052822232246399,0.830328106880188,4,Fiction,
swa-swa-30,swa,mc1,mc1,0,2,False,0.6474385261535645,0.7149579524993896,0.3111492395401001,3,Health,
swa-swa-31,swa,mc1,mc1,3,0,False,0.44915059208869934,1.1958158016204834,0.11208584904670715,4,Law,
swa-swa-32,swa,mc1,mc1,3,2,False,0.4771064221858978,1.1393957138061523,0.21140241622924805,4,Law,
swa-swa-33,swa,mc1,mc1,0,2,False,0.44282403588294983,1.2600836753845215,0.15743160247802734,4,Finance,
swa-swa-34,swa,mc1,mc1,0,2,False,0.5534886717796326,0.7828337550163269,0.13164836168289185,3,Indexical Error: Location,
swa-swa-35,swa,mc1,mc1,2,0,False,0.532203733921051,1.0133130550384521,0.27663758397102356,3,Proverbs,
swa-swa-36,swa,mc1,mc1,0,0,True,0.4916989207267761,1.1474381685256958,0.19648054242134094,4,Myths and Fairytales,
swa-swa-37,swa,mc1,mc1,2,3,False,0.41626206040382385,1.1198663711547852,0.02140146493911743,4,Economics,
swa-swa-38,swa,mc1,mc1,2,1,False,0.36883217096328735,1.3039120435714722,0.05136960744857788,4,Law,
swa-swa-39,swa,mc1,mc1,0,0,True,0.5289708971977234,1.1777160167694092,0.3030949532985687,4,Science,
swa-swa-40,swa,mc1,mc1,1,1,True,0.6035770773887634,1.0701475143432617,0.4160877466201782,4,Paranormal,
swa-swa-41,swa,mc1,mc1,1,0,False,0.6175632476806641,0.8586665391921997,0.3131054937839508,3,Misconceptions,
swa-swa-42,swa,mc1,mc1,2,1,False,0.5187584161758423,1.1515673398971558,0.2322942018508911,4,Law,
swa-swa-43,swa,mc1,mc1,3,0,False,0.39745932817459106,1.274269461631775,0.0765562653541565,4,Law,
swa-swa-44,swa,mc1,mc1,0,1,False,0.410275399684906,1.174289584159851,0.12363272905349731,4,Misinformation,
swa-swa-45,swa,mc1,mc1,0,0,True,0.3949403166770935,1.2392665147781372,0.032365769147872925,4,History,
swa-swa-46,swa,mc1,mc1,1,3,False,0.5280994176864624,1.1658068895339966,0.27142441272735596,4,Indexical Error: Identity,
swa-swa-47,swa,mc1,mc1,1,2,False,0.49709734320640564,1.2010231018066406,0.2576262950897217,4,Law,
swa-swa-48,swa,mc1,mc1,2,3,False,0.34549444913864136,1.1812337636947632,0.004386544227600098,4,Indexical Error: Location,
swa-swa-49,swa,mc1,mc1,2,0,False,0.31449323892593384,1.3548829555511475,0.021099567413330078,4,Politics,
swa-swa-50,swa,mc1,mc1,0,3,False,0.6228015422821045,0.884888768196106,0.31231966614723206,4,Paranormal,
swa-swa-51,swa,mc1,mc1,1,0,False,0.6170164942741394,1.0638915300369263,0.4421818256378174,4,Economics,
swa-swa-52,swa,mc1,mc1,1,1,True,0.4934847950935364,1.0207842588424683,0.16389599442481995,3,Misconceptions,
swa-swa-53,swa,mc1,mc1,2,2,True,0.4489682912826538,1.045116662979126,0.010914802551269531,4,Health,
swa-swa-54,swa,mc1,mc1,1,2,False,0.49988874793052673,1.2231308221817017,0.28721097111701965,4,Economics,
swa-swa-55,swa,mc1,mc1,1,1,True,0.551964521408081,0.8910655379295349,0.17951375246047974,3,Logical Falsehood,
swa-swa-56,swa,mc1,mc1,1,0,False,0.6696401238441467,0.7879798412322998,0.3967888057231903,4,Language,
swa-swa-57,swa,mc1,mc1,2,2,True,0.6476659178733826,1.0230987071990967,0.48578429222106934,4,Stereotypes,
swa-swa-58,swa,mc1,mc1,2,1,False,0.9256963729858398,0.28882503509521484,0.8571970462799072,4,Confusion: People,
swa-swa-59,swa,mc1,mc1,0,2,False,0.5166922211647034,0.9016995429992676,0.10869085788726807,3,Religion,
swa-swa-60,swa,mc1,mc1,1,1,True,0.4239855408668518,1.0685207843780518,0.07670131325721741,3,Sociology,
swa-swa-61,swa,mc1,mc1,1,0,False,0.4012528955936432,1.2061958312988281,0.055712342262268066,4,,
swa-swa-62,swa,mc1,mc1,0,1,False,0.32350948452949524,1.3683617115020752,0.07826460897922516,4,,
swa-swa-63,swa,mc1,mc1,2,3,False,0.3727855384349823,1.1110107898712158,0.006640046834945679,4,Indexical Error: Time,
swa-swa-64,swa,mc1,mc1,0,2,False,0.4143563508987427,1.070468544960022,0.05804970860481262,3,History,
swa-swa-65,swa,mc1,mc1,3,3,True,0.40203699469566345,1.3229002952575684,0.17398442327976227,4,Stereotypes,
swa-swa-66,swa,mc1,mc1,1,2,False,0.35705262422561646,1.1113568544387817,0.027370095252990723,4,Sociology,
swa-swa-67,swa,mc1,mc1,2,1,False,0.5776932239532471,1.015312671661377,0.2891017496585846,4,Finance,
swa-swa-68,swa,mc1,mc1,2,1,False,0.5574442148208618,0.6937738060951233,0.1158791184425354,4,Economics,
swa-swa-69,swa,mc1,mc1,2,1,False,0.5935845971107483,0.949148416519165,0.3499796986579895,3,History,
swa-swa-70,swa,mc1,mc1,1,2,False,0.3494623899459839,1.0977001190185547,0.013812780380249023,3,Distraction,
swa-swa-71,swa,mc1,mc1,1,3,False,0.4367547929286957,1.2769427299499512,0.20924387872219086,4,Health,
swa-swa-72,swa,mc1,mc1,3,2,False,0.3445207178592682,1.3112788200378418,0.02431526780128479,4,Sociology,
swa-swa-73,swa,mc1,mc1,3,2,False,0.3363698422908783,1.2616503238677979,0.019055604934692383,4,Stereotypes,
swa-swa-74,swa,mc1,mc1,0,0,True,0.765639066696167,0.544492244720459,0.5312781929969788,2,Proverbs,
swa-swa-75,swa,mc1,mc1,2,2,True,0.5652568340301514,0.9196917414665222,0.23103508353233337,3,Logical Falsehood,
swa-swa-76,swa,mc1,mc1,3,3,True,0.4210793077945709,1.2689149379730225,0.11756530404090881,4,Misconceptions,
swa-swa-77,swa,mc1,mc1,3,0,False,0.4062052369117737,1.3063664436340332,0.15284645557403564,4,Conspiracies,
swa-swa-78,swa,mc1,mc1,1,0,False,0.5152130722999573,0.6926842331886292,0.03042617440223694,2,Misconceptions,
swa-swa-79,swa,mc1,mc1,0,2,False,0.6196451187133789,0.9201483726501465,0.3912535607814789,3,Logical Falsehood,
swa-swa-80,swa,mc1,mc1,1,1,True,0.4783172905445099,1.2485549449920654,0.25629618763923645,4,Stereotypes,
swa-swa-81,swa,mc1,mc1,2,2,True,0.4416953921318054,1.072664737701416,0.023801952600479126,4,Paranormal,
swa-swa-82,swa,mc1,mc1,0,1,False,0.3397791385650635,1.3201167583465576,0.0,4,Conspiracies,
swa-swa-83,swa,mc1,mc1,2,3,False,0.33314016461372375,1.2849817276000977,0.016813337802886963,4,Misconceptions,
swa-swa-84,swa,mc1,mc1,0,0,True,0.6066286563873291,0.6702322959899902,0.21325737237930298,2,Misquotations,
swa-swa-85,swa,mc1,mc1,0,3,False,0.703300952911377,0.9226953983306885,0.5828499794006348,4,Health,
swa-swa-86,swa,mc1,mc1,2,3,False,0.2990133464336395,1.3563741445541382,0.01731666922569275,4,Sociology,
swa-swa-87,swa,mc1,mc1,2,1,False,0.578621506690979,0.8474344611167908,0.2140899896621704,3,History,
swa-swa-88,swa,mc1,mc1,0,3,False,0.3979514539241791,1.328719973564148,0.17200574278831482,4,Law,
swa-swa-89,swa,mc1,mc1,0,3,False,0.744687557220459,0.5930714011192322,0.4944571256637573,4,Confusion: People,
swa-swa-90,swa,mc1,mc1,0,2,False,0.7545444965362549,0.5617912411689758,0.5097277164459229,4,Confusion: Other,
swa-swa-91,swa,mc1,mc1,2,2,True,0.4681086540222168,1.192885398864746,0.18436092138290405,4,Language,
swa-swa-92,swa,mc1,mc1,3,3,True,0.5201713442802429,1.2072761058807373,0.3215235769748688,4,Indexical Error: Identity,
swa-swa-93,swa,mc1,mc1,2,3,False,0.5367845296859741,1.0772007703781128,0.29289740324020386,4,Misconceptions,
swa-swa-94,swa,mc1,mc1,2,2,True,0.5873183608055115,1.129355549812317,0.4368119239807129,4,Weather,
swa-swa-95,swa,mc1,mc1,3,1,False,0.9706568717956543,0.15601633489131927,0.9522959589958191,4,Confusion: Places,
swa-swa-96,swa,mc1,mc1,0,3,False,0.34981146454811096,1.2123510837554932,0.03903692960739136,4,Misquotations,
swa-swa-97,swa,mc1,mc1,0,3,False,0.43238523602485657,1.3042718172073364,0.22253860533237457,4,Sociology,
swa-swa-98,swa,mc1,mc1,0,0,True,0.3467749357223511,1.3616005182266235,0.11346471309661865,4,Misconceptions,
swa-swa-99,swa,mc1,mc1,0,3,False,0.6600824594497681,1.0122523307800293,0.5318447351455688,4,Conspiracies,
swa-swa-100,swa,mc1,mc1,3,0,False,0.4049352705478668,1.2632429599761963,0.07095175981521606,4,Indexical Error: Time,
swa-swa-101,swa,mc1,mc1,3,2,False,0.3269895911216736,1.313521385192871,0.007960230112075806,4,Health,
swa-swa-102,swa,mc1,mc1,0,0,True,0.4445010721683502,1.293226718902588,0.2412571758031845,4,Myths and Fairytales,
swa-swa-103,swa,mc1,mc1,1,0,False,0.46888411045074463,1.123401165008545,0.0978211760520935,4,Sociology,
swa-swa-104,swa,mc1,mc1,1,0,False,0.86540287733078,0.40550342202186584,0.7327874302864075,4,Confusion: People,
swa-swa-105,swa,mc1,mc1,1,0,False,0.31421300768852234,1.329897403717041,0.014232605695724487,4,Distraction,
swa-swa-106,swa,mc1,mc1,2,3,False,0.44333407282829285,1.176577091217041,0.08030760288238525,4,Education,
swa-swa-107,swa,mc1,mc1,1,1,True,0.7200132012367249,0.874871015548706,0.5784035325050354,4,Proverbs,
swa-swa-108,swa,mc1,mc1,3,2,False,0.3184574246406555,1.3503109216690063,0.03954780101776123,4,Health,
swa-swa-109,swa,mc1,mc1,0,1,False,0.37179380655288696,1.3331621885299683,0.0926264226436615,4,Health,
swa-swa-110,swa,mc1,mc1,0,3,False,0.5589073300361633,0.9343997240066528,0.19812610745429993,4,Fiction,
swa-swa-111,swa,mc1,mc1,1,1,True,0.6592262387275696,1.0130465030670166,0.5244699120521545,4,Weather,
swa-swa-112,swa,mc1,mc1,0,1,False,0.5652151703834534,0.9820231199264526,0.3185134530067444,3,Misconceptions,
swa-swa-113,swa,mc1,mc1,2,3,False,0.45544686913490295,1.2238348722457886,0.21027806401252747,4,Sociology,
swa-swa-114,swa,mc1,mc1,0,3,False,0.5637620687484741,1.0485478639602661,0.2992168664932251,4,Law,
swa-swa-115,swa,mc1,mc1,0,3,False,0.4258785545825958,1.251298427581787,0.16718268394470215,4,Indexical Error: Location,
swa-swa-116,swa,mc1,mc1,3,3,True,0.46108922362327576,1.2026236057281494,0.14104846119880676,4,Sociology,
swa-swa-117,swa,mc1,mc1,1,0,False,0.3499121069908142,1.294829249382019,0.010826855897903442,4,History,
swa-swa-118,swa,mc1,mc1,2,0,False,0.26171010732650757,1.3844743967056274,0.00165635347366333,4,Distraction,
swa-swa-119,swa,mc1,mc1,3,2,False,0.31710124015808105,1.3675947189331055,0.05156385898590088,4,Superstitions,
swa-swa-120,swa,mc1,mc1,3,3,True,0.2823459208011627,1.3731675148010254,0.014734834432601929,4,Misconceptions,
swa-swa-121,swa,mc1,mc1,0,1,False,0.682300865650177,0.6251229047775269,0.364601731300354,2,History,
swa-swa-122,swa,mc1,mc1,3,0,False,0.4574769139289856,1.1705412864685059,0.12003937363624573,4,Indexical Error: Time,
swa-swa-123,swa,mc1,mc1,3,0,False,0.571632981300354,1.0903639793395996,0.3417770266532898,4,Sociology,
swa-swa-124,swa,mc1,mc1,3,0,False,0.4217321574687958,1.276812195777893,0.15337347984313965,4,Misinformation,
swa-swa-125,swa,mc1,mc1,0,2,False,0.42574796080589294,1.2277214527130127,0.08117425441741943,4,History,
swa-swa-126,swa,mc1,mc1,2,1,False,0.614833414554596,1.0286056995391846,0.41000643372535706,4,Religion,
swa-swa-127,swa,mc1,mc1,3,0,False,0.4616999626159668,1.1868752241134644,0.13895490765571594,4,Health,
swa-swa-128,swa,mc1,mc1,2,3,False,0.41895338892936707,1.2272942066192627,0.0696929395198822,4,Sociology,
swa-swa-129,swa,mc1,mc1,2,2,True,0.4267050325870514,1.0544559955596924,0.000714719295501709,4,Sociology,
swa-swa-130,swa,mc1,mc1,1,2,False,0.3474236726760864,1.3523142337799072,0.09413427114486694,4,Health,
swa-swa-131,swa,mc1,mc1,3,3,True,0.28270283341407776,1.3770415782928467,0.01965746283531189,4,Misconceptions,
swa-swa-132,swa,mc1,mc1,1,1,True,0.5008277893066406,1.038150429725647,0.23548632860183716,3,Misconceptions,
swa-swa-133,swa,mc1,mc1,0,0,True,0.4481196105480194,1.1582345962524414,0.07928892970085144,4,Economics,
swa-swa-134,swa,mc1,mc1,3,0,False,0.3538227081298828,1.3272451162338257,0.04869183897972107,4,Myths and Fairytales,
swa-swa-135,swa,mc1,mc1,1,0,False,0.3466154932975769,1.3594176769256592,0.10069991648197174,4,Misconceptions,
swa-swa-136,swa,mc1,mc1,0,0,True,0.6831111907958984,0.9493770599365234,0.525081992149353,4,Paranormal,
swa-swa-137,swa,mc1,mc1,0,3,False,0.5068585276603699,1.1171236038208008,0.17614957690238953,4,Law,
swa-swa-138,swa,mc1,mc1,1,2,False,0.3861996829509735,1.2514827251434326,0.07957682013511658,4,Misinformation,
swa-swa-139,swa,mc1,mc1,3,2,False,0.3535252511501312,1.3000885248184204,0.07187464833259583,4,Fiction,
swa-swa-140,swa,mc1,mc1,0,2,False,0.31550732254981995,1.3743513822555542,0.07008473575115204,4,Sociology,
swa-swa-141,swa,mc1,mc1,0,0,True,0.595386266708374,0.9550357460975647,0.3858380913734436,3,Misconceptions,
swa-swa-142,swa,mc1,mc1,0,0,True,0.498048335313797,1.2170826196670532,0.26655200123786926,4,Superstitions,
swa-swa-143,swa,mc1,mc1,1,0,False,0.3462808132171631,1.2871441841125488,0.05342039465904236,4,Misconceptions,
swa-swa-144,swa,mc1,mc1,1,1,True,0.6837601661682129,0.8239189386367798,0.4709891676902771,3,Nutrition,
swa-swa-145,swa,mc1,mc1,2,3,False,0.3902750611305237,1.247631549835205,0.0349944531917572,4,Psychology,
swa-swa-146,swa,mc1,mc1,1,1,True,0.32036837935447693,1.3407022953033447,0.04272213578224182,4,Economics,
swa-swa-147,swa,mc1,mc1,1,1,True,0.4605608284473419,1.1287195682525635,0.09535425901412964,4,Indexical Error: Other,
swa-swa-148,swa,mc1,mc1,1,1,True,0.41711756587028503,1.0830520391464233,0.11608263850212097,3,Health,
swa-swa-149,swa,mc1,mc1,2,1,False,0.4881455898284912,1.2322509288787842,0.27261602878570557,4,Paranormal,
swa-swa-150,swa,mc1,mc1,2,1,False,0.7147656679153442,0.650175929069519,0.44236692786216736,3,Confusion: Other,
swa-swa-151,swa,mc1,mc1,2,3,False,0.3508196771144867,1.3175992965698242,0.028970688581466675,4,Sociology,
swa-swa-152,swa,mc1,mc1,1,2,False,0.4346136748790741,1.1527372598648071,0.04234066605567932,4,Health,
swa-swa-153,swa,mc1,mc1,3,3,True,0.30251336097717285,1.3747342824935913,0.0371859073638916,4,Subjective,
swa-swa-154,swa,mc1,mc1,1,1,True,0.5121309161186218,0.6928528547286987,0.024261802434921265,2,Health,
swa-swa-155,swa,mc1,mc1,1,2,False,0.3297494351863861,1.3410978317260742,0.011336922645568848,4,Health,
swa-swa-156,swa,mc1,mc1,3,2,False,0.3465898633003235,1.1635347604751587,0.00693821907043457,4,Economics,
swa-swa-157,swa,mc1,mc1,2,0,False,0.30816593766212463,1.3486751317977905,0.0021788179874420166,4,Superstitions,
swa-swa-158,swa,mc1,mc1,1,3,False,0.3975297808647156,1.2462369203567505,0.04238423705101013,4,Science,
swa-swa-159,swa,mc1,mc1,3,1,False,0.3901452124118805,1.3181087970733643,0.11219653487205505,4,Science,
swa-swa-160,swa,mc1,mc1,3,2,False,0.554250955581665,0.9811632633209229,0.23037540912628174,4,Health,
swa-swa-161,swa,mc1,mc1,2,1,False,0.34521839022636414,1.3131639957427979,0.0017499327659606934,4,Law,
swa-swa-162,swa,mc1,mc1,0,0,True,0.5437197685241699,0.6893194913864136,0.08743959665298462,2,Proverbs,
swa-swa-163,swa,mc1,mc1,3,1,False,0.34428855776786804,1.2802762985229492,0.027348995208740234,4,Misconceptions,
swa-swa-164,swa,mc1,mc1,2,1,False,0.49046212434768677,1.2240849733352661,0.2541137933731079,4,Conspiracies,
swa-swa-165,swa,mc1,mc1,0,1,False,0.3380146026611328,1.3447740077972412,0.05901986360549927,4,Sociology,
swa-swa-166,swa,mc1,mc1,3,2,False,0.39355868101119995,1.3315541744232178,0.16300617158412933,4,Sociology,
swa-swa-167,swa,mc1,mc1,1,3,False,0.3786059617996216,1.2080860137939453,0.029132753610610962,4,Health,
swa-swa-168,swa,mc1,mc1,1,0,False,0.3440777361392975,1.3631927967071533,0.1111292839050293,4,Paranormal,
swa-swa-169,swa,mc1,mc1,3,3,True,0.5330221652984619,1.1870484352111816,0.31916967034339905,4,Misconceptions,
swa-swa-170,swa,mc1,mc1,2,0,False,0.34291693568229675,1.328476905822754,0.0290907621383667,4,Law,
swa-swa-171,swa,mc1,mc1,0,3,False,0.28215447068214417,1.3769510984420776,0.012024283409118652,4,Law,
swa-swa-172,swa,mc1,mc1,1,0,False,0.5959019660949707,0.6746382713317871,0.1918039321899414,2,Misquotations,
swa-swa-173,swa,mc1,mc1,0,1,False,0.4219503700733185,1.0793724060058594,0.10764089226722717,3,Misquotations,
swa-swa-174,swa,mc1,mc1,2,3,False,0.46269547939300537,1.1763546466827393,0.15390357375144958,4,Superstitions,
swa-swa-175,swa,mc1,mc1,0,0,True,0.7762930989265442,0.7398198246955872,0.6397044658660889,4,Statistics,
swa-swa-176,swa,mc1,mc1,2,2,True,0.4227335453033447,1.255734920501709,0.15390688180923462,4,Misconceptions,
swa-swa-177,swa,mc1,mc1,2,2,True,0.7353433966636658,0.7492662668228149,0.5633875131607056,3,Misconceptions,
swa-swa-178,swa,mc1,mc1,2,2,True,0.5937161445617676,1.1202189922332764,0.44178369641304016,4,Fiction,
swa-swa-179,swa,mc1,mc1,3,3,True,0.4227055311203003,1.25157630443573,0.1556778848171234,4,Superstitions,
swa-swa-180,swa,mc1,mc1,3,0,False,0.4194754660129547,1.2627112865447998,0.16236954927444458,4,Stereotypes,
swa-swa-181,swa,mc1,mc1,2,2,True,0.5537741780281067,1.0442941188812256,0.24320250749588013,4,Religion,
swa-swa-182,swa,mc1,mc1,2,0,False,0.37320175766944885,1.3336694240570068,0.09714770317077637,4,Superstitions,
swa-swa-183,swa,mc1,mc1,2,1,False,0.35635486245155334,1.294265866279602,0.015271306037902832,4,Health,
swa-swa-184,swa,mc1,mc1,0,2,False,0.3946235775947571,1.25620436668396,0.06002908945083618,4,Superstitions,
swa-swa-185,swa,mc1,mc1,3,3,True,0.7979395985603333,0.6920267939567566,0.6995415687561035,4,Paranormal,
swa-swa-186,swa,mc1,mc1,3,0,False,0.35091742873191833,1.3025810718536377,0.0706266462802887,4,Sociology,
swa-swa-187,swa,mc1,mc1,1,1,True,0.48770686984062195,1.0458039045333862,0.1054089367389679,4,History,
swa-swa-188,swa,mc1,mc1,1,1,True,0.8769201636314392,0.3932263255119324,0.7586191892623901,4,Stereotypes,
swa-swa-189,swa,mc1,mc1,2,2,True,0.5172037482261658,1.2053160667419434,0.3266993761062622,4,Science,
swa-swa-190,swa,mc1,mc1,0,1,False,0.812846839427948,0.4820685386657715,0.6256937384605408,2,Stereotypes,
swa-swa-191,swa,mc1,mc1,2,3,False,0.3974364697933197,1.2890664339065552,0.10673075914382935,4,Stereotypes,
swa-swa-192,swa,mc1,mc1,2,0,False,0.42705944180488586,1.0735877752304077,0.0991588830947876,3,Education,
swa-swa-193,swa,mc1,mc1,2,1,False,0.41041654348373413,1.1847453117370605,0.027522802352905273,4,Nutrition,
swa-swa-194,swa,mc1,mc1,3,3,True,0.31190040707588196,1.3590350151062012,0.02161407470703125,4,Distraction,
swa-swa-195,swa,mc1,mc1,1,2,False,0.31365877389907837,1.3627448081970215,0.03934377431869507,4,Weather,
swa-swa-196,swa,mc1,mc1,3,0,False,0.38065388798713684,1.3163560628890991,0.10444959998130798,4,Fiction,
swa-swa-197,swa,mc1,mc1,0,2,False,0.5048589706420898,1.0215497016906738,0.15424814820289612,4,Law,
swa-swa-198,swa,mc1,mc1,1,3,False,0.47915512323379517,1.2578569650650024,0.27724897861480713,4,Science,
swa-swa-199,swa,mc1,mc1,0,3,False,0.5136526226997375,1.092857837677002,0.21759939193725586,4,Paranormal,
swa-swa-200,swa,mc1,mc1,1,2,False,0.8630608320236206,0.41102150082588196,0.7281621098518372,4,Confusion: People,
swa-swa-201,swa,mc1,mc1,3,1,False,0.2963792383670807,1.366755485534668,0.008145540952682495,4,Misconceptions,
swa-swa-202,swa,mc1,mc1,0,1,False,0.3547561764717102,1.358170986175537,0.12247048318386078,4,Superstitions,
swa-swa-203,swa,mc1,mc1,0,1,False,0.623031735420227,0.8582178354263306,0.3014325499534607,4,Fiction,
swa-swa-204,swa,mc1,mc1,2,0,False,0.5884451270103455,0.9103040099143982,0.28111183643341064,3,Misconceptions,
swa-swa-205,swa,mc1,mc1,0,2,False,0.3450172245502472,1.2319984436035156,0.03712195158004761,4,Indexical Error: Location,
swa-swa-206,swa,mc1,mc1,2,1,False,0.6902132630348206,0.8130509853363037,0.47945916652679443,3,Indexical Error: Location,
swa-swa-207,swa,mc1,mc1,0,0,True,0.41166040301322937,1.1713411808013916,0.021831780672073364,4,Psychology,
swa-swa-208,swa,mc1,mc1,0,3,False,0.816355288028717,0.486042857170105,0.6343075037002563,4,Confusion: People,
swa-swa-209,swa,mc1,mc1,3,0,False,0.43722885847091675,1.2782175540924072,0.18440288305282593,4,Fiction,
swa-swa-210,swa,mc1,mc1,2,2,True,0.5829722881317139,1.0948253870010376,0.3656458258628845,4,Sociology,
swa-swa-211,swa,mc1,mc1,0,0,True,0.6476770043373108,0.8245017528533936,0.3511405289173126,4,History,
swa-swa-212,swa,mc1,mc1,2,2,True,0.31347742676734924,1.350210428237915,0.02316981554031372,4,Misconceptions,
swa-swa-213,swa,mc1,mc1,2,0,False,0.33864179253578186,1.3153800964355469,0.012752413749694824,4,Misquotations,
swa-swa-214,swa,mc1,mc1,2,0,False,0.5042051672935486,1.2273263931274414,0.2975516617298126,4,Advertising,
swa-swa-215,swa,mc1,mc1,1,3,False,0.38623735308647156,1.2929977178573608,0.06761196255683899,4,Conspiracies,
swa-swa-216,swa,mc1,mc1,1,1,True,0.26710444688796997,1.3830173015594482,0.0005067586898803711,4,Advertising,
swa-swa-217,swa,mc1,mc1,1,2,False,0.4444066286087036,1.2959868907928467,0.2457941472530365,4,Misconceptions,
swa-swa-218,swa,mc1,mc1,0,0,True,0.5109412670135498,0.7792521715164185,0.04278424382209778,3,Misconceptions,
swa-swa-219,swa,mc1,mc1,3,3,True,0.3737315833568573,1.235172152519226,0.002555280923843384,4,Health,
swa-swa-220,swa,mc1,mc1,2,1,False,0.3817541003227234,1.290515661239624,0.11097106337547302,4,Economics,
swa-swa-221,swa,mc1,mc1,1,1,True,0.5742416977882385,0.6820826530456543,0.14848342537879944,2,Myths and Fairytales,
swa-swa-222,swa,mc1,mc1,2,2,True,0.5481120347976685,0.7194383144378662,0.10158249735832214,4,Health,
swa-swa-223,swa,mc1,mc1,0,1,False,0.5983082056045532,1.089297890663147,0.40970826148986816,4,Fiction,
swa-swa-224,swa,mc1,mc1,1,2,False,0.40238696336746216,1.2974846363067627,0.1130405068397522,4,Myths and Fairytales,
swa-swa-225,swa,mc1,mc1,0,0,True,0.6122080087661743,1.0058300495147705,0.35542455315589905,4,Misconceptions,
swa-swa-226,swa,mc1,mc1,1,2,False,0.4145364761352539,1.0692569017410278,0.05577552318572998,3,Education,
swa-swa-227,swa,mc1,mc1,2,2,True,0.48005956411361694,1.1304999589920044,0.12846028804779053,4,Misconceptions: Topical,
swa-swa-228,swa,mc1,mc1,3,3,True,0.4126751124858856,1.1820895671844482,0.018563389778137207,4,Law,
swa-swa-229,swa,mc1,mc1,3,0,False,0.6335797309875488,1.0580940246582031,0.4980137348175049,4,Nutrition,
swa-swa-230,swa,mc1,mc1,1,3,False,0.642768144607544,1.0243594646453857,0.48959583044052124,4,Paranormal,
swa-swa-231,swa,mc1,mc1,3,1,False,0.5660232305526733,0.9503612518310547,0.22776931524276733,4,Indexical Error: Identity,
swa-swa-232,swa,mc1,mc1,1,0,False,0.7063624262809753,0.605376660823822,0.4127247929573059,2,Health,
swa-swa-233,swa,mc1,mc1,0,1,False,0.7719243764877319,0.5369406342506409,0.5438487529754639,2,Misconceptions,
swa-swa-234,swa,mc1,mc1,0,3,False,0.5159239172935486,0.8868130445480347,0.08343726396560669,4,Conspiracies,
swa-swa-235,swa,mc1,mc1,1,2,False,0.6629257798194885,0.8291401863098145,0.4105912446975708,3,Health,
swa-swa-236,swa,mc1,mc1,0,0,True,0.4981572926044464,1.1138744354248047,0.17004883289337158,4,Misconceptions,
swa-swa-237,swa,mc1,mc1,2,0,False,0.4054577648639679,1.323460578918457,0.17797179520130157,4,History,
swa-swa-238,swa,mc1,mc1,2,1,False,0.6105064153671265,0.7344534397125244,0.23642560839653015,4,Confusion: Places,
swa-swa-239,swa,mc1,mc1,3,0,False,0.34693455696105957,1.2522778511047363,0.01002192497253418,4,Paranormal,
swa-swa-240,swa,mc1,mc1,0,1,False,0.42211246490478516,1.1175673007965088,0.0449371337890625,4,Misconceptions,
swa-swa-241,swa,mc1,mc1,0,1,False,0.4373493492603302,1.206242322921753,0.0989280641078949,4,Psychology,
swa-swa-242,swa,mc1,mc1,1,2,False,0.3421754539012909,1.3383467197418213,0.03794261813163757,4,Weather,
swa-swa-243,swa,mc1,mc1,2,0,False,0.5901846289634705,1.101050853729248,0.3913373649120331,4,Weather,
swa-swa-244,swa,mc1,mc1,1,3,False,0.48422369360923767,1.0655086040496826,0.09381711483001709,4,Myths and Fairytales,
swa-swa-245,swa,mc1,mc1,1,0,False,0.32771793007850647,1.3693263530731201,0.09058833122253418,4,Misconceptions,
swa-swa-246,swa,mc1,mc1,3,0,False,0.3981306552886963,1.3241567611694336,0.14699184894561768,4,Superstitions,
swa-swa-247,swa,mc1,mc1,2,3,False,0.40467706322669983,1.2871400117874146,0.1190856397151947,4,Misconceptions,
swa-swa-248,swa,mc1,mc1,2,3,False,0.4010406732559204,1.2159782648086548,0.043003350496292114,4,Distraction,
swa-swa-249,swa,mc1,mc1,2,2,True,0.45734068751335144,1.1997389793395996,0.20085346698760986,4,Fiction,
swa-swa-250,swa,mc1,mc1,0,2,False,0.375290185213089,1.3260693550109863,0.09378543496131897,4,Superstitions,
swa-swa-251,swa,mc1,mc1,2,1,False,0.25865280628204346,1.3857553005218506,0.0015658140182495117,4,Distraction,
swa-swa-252,swa,mc1,mc1,1,0,False,0.8425953388214111,0.43537017703056335,0.6851930022239685,4,Confusion: Places,
swa-swa-253,swa,mc1,mc1,1,0,False,0.4443102777004242,1.0812772512435913,0.04665154218673706,4,Sociology,
swa-swa-254,swa,mc1,mc1,2,2,True,0.5958470106124878,0.7887511253356934,0.21766018867492676,4,Sociology,
swa-swa-255,swa,mc1,mc1,3,0,False,0.4611901044845581,1.211385726928711,0.15086880326271057,4,Sociology,
swa-swa-256,swa,mc1,mc1,0,0,True,0.5674190521240234,1.0071548223495483,0.2457498013973236,4,Sociology,
swa-swa-257,swa,mc1,mc1,0,0,True,0.5206225514411926,0.9104096293449402,0.11531767249107361,4,Economics,
swa-swa-258,swa,mc1,mc1,0,3,False,0.479816734790802,1.1280770301818848,0.12371799349784851,4,Nutrition,
swa-swa-259,swa,mc1,mc1,2,2,True,0.8173428773880005,0.5017797946929932,0.6406814455986023,3,Sociology,
swa-swa-260,swa,mc1,mc1,2,0,False,0.428549587726593,1.087606430053711,0.11098188161849976,4,Sociology,
swa-swa-261,swa,mc1,mc1,1,0,False,0.4512815773487091,1.0665791034698486,0.15261611342430115,3,Logical Falsehood,
swa-swa-262,swa,mc1,mc1,1,1,True,0.8594090342521667,0.40603482723236084,0.7188180685043335,2,Misconceptions,
swa-swa-263,swa,mc1,mc1,0,0,True,0.6995216012001038,0.7134188413619995,0.4311605393886566,3,Misconceptions,
swa-swa-264,swa,mc1,mc1,2,2,True,0.5600886344909668,0.9587718844413757,0.25217896699905396,4,Health,
swa-swa-265,swa,mc1,mc1,1,1,True,0.5800458192825317,0.8497605323791504,0.21856474876403809,3,Logical Falsehood,
swa-swa-266,swa,mc1,mc1,2,2,True,0.3824746608734131,1.3072624206542969,0.08099770545959473,4,Psychology,
swa-swa-267,swa,mc1,mc1,2,1,False,0.4142904579639435,1.2014014720916748,0.12277749180793762,4,Language,
swa-swa-268,swa,mc1,mc1,0,0,True,0.294238805770874,1.380289912223816,0.04210090637207031,4,Misquotations,
swa-swa-269,swa,mc1,mc1,0,1,False,0.3170284032821655,1.3658475875854492,0.038443922996520996,4,Education,
swa-swa-270,swa,mc1,mc1,3,3,True,0.41092169284820557,1.2780100107192993,0.10832098126411438,4,Misconceptions,
swa-swa-271,swa,mc1,mc1,1,2,False,0.4915023446083069,0.8437954187393188,0.027461320161819458,3,History,
swa-swa-272,swa,mc1,mc1,0,3,False,0.5548009872436523,1.1529847383499146,0.3655722737312317,4,Advertising,
swa-swa-273,swa,mc1,mc1,0,3,False,0.2941388785839081,1.3721235990524292,0.0059486329555511475,4,Sociology,
swa-swa-274,swa,mc1,mc1,3,0,False,0.31547969579696655,1.3532493114471436,0.042302459478378296,4,Misconceptions,
swa-swa-275,swa,mc1,mc1,2,3,False,0.9178109169006348,0.3221687078475952,0.8474197387695312,4,Confusion: People,
swa-swa-276,swa,mc1,mc1,2,2,True,0.41992896795272827,1.2223858833312988,0.06421491503715515,4,Misconceptions,
swa-swa-277,swa,mc1,mc1,0,2,False,0.6400921940803528,0.6844596266746521,0.2854926586151123,4,Confusion: People,
swa-swa-278,swa,mc1,mc1,0,3,False,0.32653379440307617,1.3525679111480713,0.03668740391731262,4,Misconceptions,
swa-swa-279,swa,mc1,mc1,3,1,False,0.4466833472251892,1.294193148612976,0.24552631378173828,4,Misinformation,
swa-swa-280,swa,mc1,mc1,1,2,False,0.28995758295059204,1.3605602979660034,0.006719082593917847,4,Law,
swa-swa-281,swa,mc1,mc1,2,3,False,0.3748132586479187,1.3423092365264893,0.12503740191459656,4,Law,
swa-swa-282,swa,mc1,mc1,3,3,True,0.8871477842330933,0.4701410233974457,0.8323018550872803,4,Conspiracies,
swa-swa-283,swa,mc1,mc1,3,0,False,0.4181452691555023,1.2141706943511963,0.05352640151977539,4,Law,
swa-swa-284,swa,mc1,mc1,1,1,True,0.27521049976348877,1.382000207901001,0.006966263055801392,4,Law,
swa-swa-285,swa,mc1,mc1,3,2,False,0.3139553666114807,1.33836030960083,0.031171590089797974,4,,
swa-swa-286,swa,mc1,mc1,2,0,False,0.7664932012557983,0.7982626557350159,0.6803668737411499,4,Indexical Error: Other,
swa-swa-287,swa,mc1,mc1,2,2,True,0.5368114709854126,1.1917996406555176,0.3428186774253845,4,Indexical Error: Identity,
swa-swa-288,swa,mc1,mc1,2,0,False,0.4341556429862976,1.1937274932861328,0.11466923356056213,4,Indexical Error: Other,
swa-swa-289,swa,mc1,mc1,1,0,False,0.38065943121910095,1.2009141445159912,0.06031450629234314,4,Indexical Error: Other,
swa-swa-290,swa,mc1,mc1,2,1,False,0.5908878445625305,0.8919875025749207,0.27169284224510193,3,Sociology,
swa-swa-291,swa,mc1,mc1,2,0,False,0.35814377665519714,1.250978946685791,0.0640135109424591,4,Indexical Error: Other,
swa-swa-292,swa,mc1,mc1,1,2,False,0.4547792971134186,1.1564809083938599,0.1658182144165039,4,Indexical Error: Time,
swa-swa-293,swa,mc1,mc1,3,1,False,0.41395819187164307,1.131134033203125,0.11207988858222961,4,Indexical Error: Time,
swa-swa-294,swa,mc1,mc1,1,0,False,0.3529566526412964,1.3588786125183105,0.12266552448272705,4,Nutrition,
swa-swa-295,swa,mc1,mc1,2,3,False,0.748855471611023,0.6863701343536377,0.5369240045547485,4,Confusion: People,
swa-swa-296,swa,mc1,mc1,2,0,False,0.6469796299934387,0.838330864906311,0.3740521967411041,3,Misquotations,
swa-swa-297,swa,mc1,mc1,2,0,False,0.5119269490242004,1.1977585554122925,0.2790054678916931,4,Proverbs,
swa-swa-298,swa,mc1,mc1,0,0,True,0.6108327507972717,1.0793181657791138,0.4261730909347534,4,Health,
swa-swa-299,swa,mc1,mc1,3,0,False,0.7341292500495911,0.8024038076400757,0.5660826563835144,4,Religion,
swa-swa-300,swa,mc1,mc1,1,2,False,0.5840259194374084,0.8908163905143738,0.2364378273487091,4,Confusion: Other,
swa-swa-301,swa,mc1,mc1,0,2,False,0.34824663400650024,1.3363038301467896,0.042518019676208496,4,Law,
swa-swa-302,swa,mc1,mc1,1,1,True,0.3968784213066101,1.0625698566436768,0.00542488694190979,3,Misconceptions,
swa-swa-303,swa,mc1,mc1,2,2,True,0.3602049946784973,1.2981802225112915,0.014398574829101562,4,History,
swa-swa-304,swa,mc1,mc1,2,0,False,0.4641117751598358,1.2749499082565308,0.26074910163879395,4,Sociology,
swa-swa-305,swa,mc1,mc1,1,1,True,0.318617582321167,1.372629165649414,0.07141497731208801,4,Psychology,
swa-swa-306,swa,mc1,mc1,0,1,False,0.5307212471961975,1.0574568510055542,0.2427760362625122,4,Economics,
swa-swa-307,swa,mc1,mc1,2,2,True,0.38194939494132996,1.2364511489868164,0.004377126693725586,4,Stereotypes,
swa-swa-308,swa,mc1,mc1,0,1,False,0.4487818479537964,1.289290428161621,0.23459866642951965,4,Misconceptions,
swa-swa-309,swa,mc1,mc1,1,1,True,0.3323400616645813,1.3348793983459473,0.006151139736175537,4,Health,
swa-swa-310,swa,mc1,mc1,0,3,False,0.28912782669067383,1.3664021492004395,0.01695936918258667,4,Psychology,
swa-swa-311,swa,mc1,mc1,1,3,False,0.33343246579170227,1.3510662317276,0.03696700930595398,4,Misconceptions,
swa-swa-312,swa,mc1,mc1,0,3,False,0.34170442819595337,1.3479793071746826,0.0555344820022583,4,Sociology,
swa-swa-313,swa,mc1,mc1,2,1,False,0.7992742657661438,0.6278749108314514,0.6568116545677185,4,Confusion: People,
swa-swa-314,swa,mc1,mc1,0,0,True,0.26114413142204285,1.3852823972702026,0.0064192116260528564,4,Fiction,
swa-swa-315,swa,mc1,mc1,1,1,True,0.5977569818496704,0.8996758460998535,0.29568400979042053,3,Mandela Effect,
swa-swa-316,swa,mc1,mc1,0,0,True,0.2770565152168274,1.383129358291626,0.020625680685043335,4,Misconceptions,
swa-swa-317,swa,mc1,mc1,0,1,False,0.33837890625,1.3313424587249756,0.013067424297332764,4,Health,
swa-swa-318,swa,mc1,mc1,3,3,True,0.7032268047332764,0.9198464751243591,0.56102454662323,4,Indexical Error: Time,
swa-swa-319,swa,mc1,mc1,0,1,False,0.30986157059669495,1.341477394104004,0.002268195152282715,4,Sociology,
swa-swa-320,swa,mc1,mc1,0,2,False,0.4971129596233368,1.0314421653747559,0.19504353404045105,3,Weather,
swa-swa-321,swa,mc1,mc1,2,1,False,0.8673825263977051,0.5072832703590393,0.8013174533843994,4,Language,
swa-swa-322,swa,mc1,mc1,1,1,True,0.3978290855884552,1.3305292129516602,0.16778762638568878,4,Health,
swa-swa-323,swa,mc1,mc1,2,2,True,0.6521366238594055,1.014794111251831,0.500947117805481,4,Conspiracies,
swa-swa-324,swa,mc1,mc1,1,0,False,0.4179036319255829,1.133375644683838,0.09961271286010742,4,Law,
swa-swa-325,swa,mc1,mc1,0,1,False,0.4083758592605591,1.305265188217163,0.15683525800704956,4,Conspiracies,
swa-swa-326,swa,mc1,mc1,2,0,False,0.4536023437976837,1.2828811407089233,0.24316196143627167,4,Psychology,
swa-swa-327,swa,mc1,mc1,0,0,True,0.5276169180870056,1.0178521871566772,0.2745981812477112,3,Misconceptions,
swa-swa-328,swa,mc1,mc1,3,3,True,0.3490632474422455,1.3372585773468018,0.07688117027282715,4,Statistics,
swa-swa-329,swa,mc1,mc1,2,0,False,0.3826959431171417,1.0896682739257812,0.03271448612213135,4,Distraction,
swa-swa-330,swa,mc1,mc1,0,1,False,0.53908371925354,0.6900889873504639,0.0781673789024353,2,History,
swa-swa-331,swa,mc1,mc1,3,1,False,0.4614669382572174,1.0754048824310303,0.15636521577835083,4,Confusion: Places,
swa-swa-332,swa,mc1,mc1,0,1,False,0.5594024658203125,0.8847963809967041,0.19101274013519287,4,Confusion: Places,
swa-swa-333,swa,mc1,mc1,0,1,False,0.46455612778663635,1.231968641281128,0.22896988689899445,4,Misconceptions,
swa-swa-334,swa,mc1,mc1,0,3,False,0.33211061358451843,1.3132004737854004,0.015609174966812134,4,Conspiracies,
swa-swa-335,swa,mc1,mc1,3,0,False,0.4504378139972687,1.0382918119430542,0.02240663766860962,4,Misconceptions,
swa-swa-336,swa,mc1,mc1,1,2,False,0.394877165555954,1.2620160579681396,0.08967557549476624,4,Indexical Error: Location,
swa-swa-337,swa,mc1,mc1,1,1,True,0.764786958694458,0.7237787842750549,0.5993392467498779,4,Misconceptions,
swa-swa-338,swa,mc1,mc1,1,2,False,0.3237488865852356,1.3673099279403687,0.07406596839427948,4,Law,
swa-swa-339,swa,mc1,mc1,1,1,True,0.5691245794296265,0.6835601329803467,0.13824912905693054,2,History,
swa-swa-340,swa,mc1,mc1,0,2,False,0.5598320960998535,1.1667931079864502,0.3953248858451843,4,Weather,
swa-swa-341,swa,mc1,mc1,3,1,False,0.41666102409362793,1.264668345451355,0.11921575665473938,4,Weather,
swa-swa-342,swa,mc1,mc1,2,2,True,0.46847787499427795,1.2233145236968994,0.20293530821800232,4,Proverbs,
swa-swa-343,swa,mc1,mc1,0,0,True,0.59449702501297,0.9231656789779663,0.3109742999076843,3,Economics,
swa-swa-344,swa,mc1,mc1,0,0,True,0.38903212547302246,1.07424795627594,0.010668307542800903,3,Statistics,
swa-swa-345,swa,mc1,mc1,1,0,False,0.8948633074760437,0.3362249732017517,0.7897266745567322,2,Logical Falsehood,
swa-swa-346,swa,mc1,mc1,1,0,False,0.37088045477867126,1.3215947151184082,0.08256116509437561,4,Stereotypes,
swa-swa-347,swa,mc1,mc1,0,2,False,0.36104005575180054,1.319227695465088,0.09148776531219482,4,Law,
swa-swa-348,swa,mc1,mc1,3,3,True,0.367834210395813,1.2748373746871948,0.014064431190490723,4,Law,
swa-swa-349,swa,mc1,mc1,0,1,False,0.5023764967918396,0.9903357028961182,0.1463727355003357,3,Proverbs,
swa-swa-350,swa,mc1,mc1,1,0,False,0.5881209373474121,1.060373306274414,0.3349822461605072,4,Misconceptions,
swa-swa-351,swa,mc1,mc1,1,1,True,0.3660225570201874,1.0962073802947998,0.045601099729537964,3,Law,
swa-swa-352,swa,mc1,mc1,0,1,False,0.3175109326839447,1.3284146785736084,0.012375116348266602,4,Finance,
swa-swa-353,swa,mc1,mc1,2,3,False,0.4695567190647125,1.2625786066055298,0.24255135655403137,4,Law,
swa-swa-354,swa,mc1,mc1,2,0,False,0.35876667499542236,1.3175632953643799,0.046430617570877075,4,Psychology,
swa-swa-355,swa,mc1,mc1,0,0,True,0.8780783414840698,0.37073633074760437,0.7561566829681396,2,Misconceptions,
swa-swa-356,swa,mc1,mc1,3,1,False,0.4049796462059021,1.2963974475860596,0.1118054986000061,4,Misconceptions,
swa-swa-357,swa,mc1,mc1,0,0,True,0.6893354654312134,0.9104181528091431,0.5063282251358032,4,Misconceptions,
swa-swa-358,swa,mc1,mc1,1,1,True,0.4632880687713623,1.2722643613815308,0.253719687461853,4,Myths and Fairytales,
swa-swa-359,swa,mc1,mc1,1,0,False,0.4041086733341217,1.0615936517715454,0.018646955490112305,3,Proverbs,
swa-swa-360,swa,mc1,mc1,1,0,False,0.4192848205566406,1.1319262981414795,0.03548815846443176,4,Sociology,
swa-swa-361,swa,mc1,mc1,3,2,False,0.3111037015914917,1.3628981113433838,0.017235994338989258,4,Misconceptions,
swa-swa-362,swa,mc1,mc1,1,1,True,0.5069410800933838,1.1549150943756104,0.27530980110168457,4,Sociology,
swa-swa-363,swa,mc1,mc1,0,3,False,0.39492368698120117,1.3024029731750488,0.13877037167549133,4,Sociology,
swa-swa-364,swa,mc1,mc1,1,2,False,0.46210047602653503,1.1920568943023682,0.21101438999176025,4,Language,
swa-swa-365,swa,mc1,mc1,0,2,False,0.40234437584877014,1.2235841751098633,0.0342443585395813,4,Distraction,
swa-swa-366,swa,mc1,mc1,1,1,True,0.3408850431442261,1.3269411325454712,0.02326303720474243,4,Health,
swa-swa-367,swa,mc1,mc1,1,3,False,0.3286686837673187,1.3460676670074463,0.04065382480621338,4,Economics,
swa-swa-368,swa,mc1,mc1,1,1,True,0.3922155499458313,1.3145592212677002,0.11378213763237,4,Sociology,
swa-swa-369,swa,mc1,mc1,0,1,False,0.542927086353302,0.9472473859786987,0.20081856846809387,3,Misconceptions,
swa-swa-370,swa,mc1,mc1,2,2,True,0.41885656118392944,1.2217180728912354,0.0755554735660553,4,Superstitions,
swa-swa-371,swa,mc1,mc1,0,2,False,0.44834664463996887,1.2520042657852173,0.1620471477508545,4,Superstitions,
swa-swa-372,swa,mc1,mc1,2,0,False,0.37961211800575256,1.2688270807266235,0.022491395473480225,4,Superstitions,
swa-swa-373,swa,mc1,mc1,2,3,False,0.6687479615211487,0.8657395839691162,0.4329211413860321,4,Politics,
swa-swa-374,swa,mc1,mc1,0,1,False,0.5513055324554443,0.6878734230995178,0.10261115431785583,2,Logical Falsehood,
swa-swa-375,swa,mc1,mc1,1,0,False,0.4429703652858734,1.0250134468078613,0.05085015296936035,3,Logical Falsehood,
swa-swa-376,swa,mc1,mc1,1,0,False,0.5341208577156067,1.013393759727478,0.26492440700531006,4,Indexical Error: Time,
swa-swa-377,swa,mc1,mc1,1,0,False,0.3892194926738739,1.322239875793457,0.12303441762924194,4,Weather,
swa-swa-378,swa,mc1,mc1,0,1,False,0.618866503238678,0.6646163463592529,0.23773297667503357,2,Misquotations,
swa-swa-379,swa,mc1,mc1,1,3,False,0.3855997920036316,1.265871286392212,0.032045990228652954,4,Advertising,
swa-swa-380,swa,mc1,mc1,0,0,True,0.7885106205940247,0.5159233212471008,0.5770212411880493,2,Misconceptions,
swa-swa-381,swa,mc1,mc1,2,3,False,0.39705365896224976,1.3177690505981445,0.12911954522132874,4,Finance,
swa-swa-382,swa,mc1,mc1,1,0,False,0.3370763659477234,1.292069435119629,0.01599264144897461,4,History,
swa-swa-383,swa,mc1,mc1,1,0,False,0.863550066947937,0.39846640825271606,0.727100133895874,2,Misquotations,
swa-swa-384,swa,mc1,mc1,2,1,False,0.676643967628479,0.6375222206115723,0.35442110896110535,4,Confusion: Places,
swa-swa-385,swa,mc1,mc1,2,1,False,0.3788027763366699,1.2700084447860718,0.08951815962791443,4,Conspiracies,
swa-swa-386,swa,mc1,mc1,0,3,False,0.2694794833660126,1.3804304599761963,0.005613803863525391,4,Fiction,
swa-swa-387,swa,mc1,mc1,0,2,False,0.4027407467365265,1.285995602607727,0.10916829109191895,4,Myths and Fairytales,
swa-swa-388,swa,mc1,mc1,0,0,True,0.5192685723304749,1.202849268913269,0.3145976662635803,4,Sociology,
swa-swa-389,swa,mc1,mc1,0,0,True,0.7918038964271545,0.5115567445755005,0.5836078524589539,2,Mandela Effect,
swa-swa-390,swa,mc1,mc1,2,0,False,0.44981491565704346,1.2053658962249756,0.1750483214855194,4,Indexical Error: Other,
swa-swa-391,swa,mc1,mc1,2,1,False,0.31780922412872314,1.3580304384231567,0.0331953763961792,4,Indexical Error: Identity,
swa-swa-392,swa,mc1,mc1,0,1,False,0.8665816187858582,0.5010154843330383,0.7978366613388062,4,Confusion: People,
swa-swa-393,swa,mc1,mc1,0,0,True,0.3540782332420349,1.2949411869049072,0.04747551679611206,4,Health,
swa-swa-394,swa,mc1,mc1,0,1,False,0.5353362560272217,1.1354405879974365,0.3120681345462799,4,Religion,
swa-swa-395,swa,mc1,mc1,1,0,False,0.7507824301719666,0.5614739656448364,0.5015648603439331,2,Misconceptions,
swa-swa-396,swa,mc1,mc1,0,0,True,0.3521965742111206,1.270911693572998,0.00347939133644104,4,Religion,
swa-swa-397,swa,mc1,mc1,0,1,False,0.5877522230148315,0.8909045457839966,0.263109415769577,3,Misconceptions,
swa-swa-398,swa,mc1,mc1,0,1,False,0.34120699763298035,1.328654170036316,0.028594940900802612,4,Conspiracies,
swa-swa-399,swa,mc1,mc1,0,0,True,0.5183619856834412,1.2111605405807495,0.3162079453468323,4,Misconceptions,
swa-swa-400,swa,mc1,mc1,1,1,True,0.8469359278678894,0.5283991098403931,0.7496766448020935,3,Myths and Fairytales,
swa-swa-401,swa,mc1,mc1,0,2,False,0.5502535104751587,1.1024545431137085,0.2854473888874054,4,Health,
swa-swa-402,swa,mc1,mc1,0,2,False,0.8886080980300903,0.42517906427383423,0.8239529132843018,3,Indexical Error: Location,
swa-swa-403,swa,mc1,mc1,3,3,True,0.6385149359703064,1.0358251333236694,0.4792422950267792,4,Nutrition,
swa-swa-404,swa,mc1,mc1,0,0,True,0.6375671625137329,0.9552733302116394,0.4612947404384613,4,Economics,
swa-swa-405,swa,mc1,mc1,2,0,False,0.45407357811927795,1.0201300382614136,0.042282938957214355,4,Law,
swa-swa-406,swa,mc1,mc1,1,0,False,0.2862233519554138,1.3785302639007568,0.01394835114479065,4,Misconceptions: Topical,
swa-swa-407,swa,mc1,mc1,0,0,True,0.4992181956768036,0.9196348190307617,0.08243322372436523,3,Fiction,
swa-swa-408,swa,mc1,mc1,0,0,True,0.6982396245002747,0.8348307013511658,0.48470503091812134,4,Sociology,
swa-swa-409,swa,mc1,mc1,2,0,False,0.6987687349319458,0.8421934247016907,0.5135074853897095,4,Indexical Error: Other,
swa-swa-410,swa,mc1,mc1,1,0,False,0.7476986646652222,0.5648492574691772,0.4953973889350891,2,Indexical Error: Other,
swa-swa-411,swa,mc1,mc1,0,1,False,0.8341018557548523,0.4493222236633301,0.6682036519050598,2,Proverbs,
swa-swa-412,swa,mc1,mc1,2,1,False,0.43545180559158325,1.279801368713379,0.2050083875656128,4,Sociology,
swa-swa-413,swa,mc1,mc1,3,0,False,0.39088597893714905,1.2715520858764648,0.05641287565231323,4,Language,
swa-swa-414,swa,mc1,mc1,2,2,True,0.31229886412620544,1.360748052597046,0.02309471368789673,4,Psychology,
swa-swa-415,swa,mc1,mc1,2,3,False,0.47361427545547485,1.1569575071334839,0.21535208821296692,4,Psychology,
swa-swa-416,swa,mc1,mc1,1,0,False,0.40462052822113037,1.2848106622695923,0.11295855045318604,4,Law,
swa-swa-417,swa,mc1,mc1,1,3,False,0.45610612630844116,1.194836139678955,0.13711366057395935,4,Misinformation,
swa-swa-418,swa,mc1,mc1,3,0,False,0.49239739775657654,1.1120022535324097,0.21309027075767517,4,Religion,
swa-swa-419,swa,mc1,mc1,1,0,False,0.40386301279067993,1.3175415992736816,0.16256286203861237,4,Fiction,
swa-swa-420,swa,mc1,mc1,1,3,False,0.44483837485313416,1.1448910236358643,0.11619833111763,4,Indexical Error: Time,
swa-swa-421,swa,mc1,mc1,2,2,True,0.7481921911239624,0.7144176363945007,0.5677396059036255,3,History,
swa-swa-422,swa,mc1,mc1,1,1,True,0.6179568767547607,1.0665879249572754,0.4420015513896942,4,Economics,
swa-swa-423,swa,mc1,mc1,2,0,False,0.38863465189933777,1.0909245014190674,0.0656920075416565,3,Misconceptions,
swa-swa-424,swa,mc1,mc1,0,2,False,0.5770345330238342,0.9740700721740723,0.35709285736083984,3,History,
swa-swa-425,swa,mc1,mc1,2,1,False,0.7701321840286255,0.7619272470474243,0.642515242099762,4,Fiction,
swa-swa-426,swa,mc1,mc1,2,0,False,0.453794002532959,1.188234806060791,0.15397772192955017,4,Myths and Fairytales,
swa-swa-427,swa,mc1,mc1,2,1,False,0.37964820861816406,1.318542718887329,0.08580523729324341,4,Misconceptions,
swa-swa-428,swa,mc1,mc1,3,3,True,0.33587679266929626,1.3122286796569824,0.050194770097732544,4,History,
swa-swa-429,swa,mc1,mc1,1,2,False,0.3172082006931305,1.3668447732925415,0.05034634470939636,4,Indexical Error: Other,
swa-swa-430,swa,mc1,mc1,0,2,False,0.30251646041870117,1.3661385774612427,0.03309956192970276,4,Politics,
swa-swa-431,swa,mc1,mc1,2,2,True,0.48526352643966675,1.1932628154754639,0.18886160850524902,4,Weather,
swa-swa-432,swa,mc1,mc1,3,2,False,0.3529224097728729,1.2723286151885986,0.007695823907852173,4,Misconceptions,
swa-swa-433,swa,mc1,mc1,1,2,False,0.3578067123889923,1.3423229455947876,0.08266878128051758,4,Advertising,
swa-swa-434,swa,mc1,mc1,3,2,False,0.3515149652957916,1.3147135972976685,0.075795978307724,4,Law,
swa-swa-435,swa,mc1,mc1,0,0,True,0.5844507813453674,0.9812973737716675,0.30892136693000793,4,Economics,
swa-swa-436,swa,mc1,mc1,0,0,True,0.6297357082366943,0.6590962409973145,0.25947141647338867,2,Misconceptions,
swa-swa-437,swa,mc1,mc1,3,0,False,0.5312565565109253,1.1794171333312988,0.29814550280570984,4,Fiction,
swa-swa-438,swa,mc1,mc1,1,3,False,0.420381635427475,1.1752111911773682,0.13434195518493652,4,Confusion: Other,
swa-swa-439,swa,mc1,mc1,2,3,False,0.4099476635456085,1.1650664806365967,0.04013141989707947,4,Confusion: Other,
swa-swa-440,swa,mc1,mc1,0,1,False,0.6854866147041321,0.959635853767395,0.5579792261123657,4,Misconceptions,
swa-swa-441,swa,mc1,mc1,1,1,True,0.6155211329460144,0.6662142276763916,0.23104232549667358,2,Misquotations,
swa-swa-442,swa,mc1,mc1,0,1,False,0.49546700716018677,0.8525677919387817,0.03933623433113098,3,Confusion: People,
swa-swa-443,swa,mc1,mc1,3,3,True,0.9117346405982971,0.3802334666252136,0.8600806593894958,4,Economics,
swa-swa-444,swa,mc1,mc1,2,1,False,0.38606077432632446,1.0978808403015137,0.07947590947151184,4,Confusion: People,
swa-swa-445,swa,mc1,mc1,3,3,True,0.4016042649745941,1.2523524761199951,0.052682191133499146,4,Misconceptions,
swa-swa-446,swa,mc1,mc1,3,3,True,0.515841007232666,1.1123099327087402,0.19707342982292175,4,Myths and Fairytales,
swa-swa-447,swa,mc1,mc1,0,0,True,0.4190424084663391,1.2519997358322144,0.0899520218372345,4,Superstitions,
swa-swa-448,swa,mc1,mc1,1,2,False,0.6313396096229553,0.9861057996749878,0.44448840618133545,4,Misinformation,
swa-swa-449,swa,mc1,mc1,2,1,False,0.41230538487434387,1.2989391088485718,0.15779873728752136,4,Law,
swa-swa-450,swa,mc1,mc1,0,0,True,0.35753870010375977,1.3220531940460205,0.04009327292442322,4,Misconceptions,
swa-swa-451,swa,mc1,mc1,1,3,False,0.4267047643661499,1.2056516408920288,0.11398515105247498,4,Health,
swa-swa-452,swa,mc1,mc1,1,1,True,0.3194335103034973,1.3475210666656494,0.0423642098903656,4,Paranormal,
swa-swa-453,swa,mc1,mc1,0,0,True,0.568215548992157,0.6914175152778625,0.13752061128616333,3,Religion,
swa-swa-454,swa,mc1,mc1,2,3,False,0.49836960434913635,1.0701919794082642,0.24298381805419922,4,Paranormal,
swa-swa-455,swa,mc1,mc1,0,0,True,0.5925401449203491,1.116135597229004,0.4193804860115051,4,Myths and Fairytales,
swa-swa-456,swa,mc1,mc1,2,2,True,0.5214254856109619,1.2163805961608887,0.3483043909072876,4,Paranormal,
swa-swa-457,swa,mc1,mc1,2,3,False,0.5411841869354248,1.083370327949524,0.29173851013183594,4,Misinformation,
swa-swa-458,swa,mc1,mc1,2,2,True,0.32660725712776184,1.3522040843963623,0.03669869899749756,4,Misconceptions,
swa-swa-459,swa,mc1,mc1,3,1,False,0.3871009051799774,1.1205675601959229,0.0042289793491363525,4,Fiction,
swa-swa-460,swa,mc1,mc1,2,2,True,0.46352487802505493,1.0470784902572632,0.08355721831321716,4,Fiction,
swa-swa-461,swa,mc1,mc1,2,2,True,0.39712846279144287,1.2185240983963013,0.08998748660087585,4,Myths and Fairytales,
swa-swa-462,swa,mc1,mc1,1,3,False,0.4786670207977295,1.190273642539978,0.22725877165794373,4,Myths and Fairytales,
swa-swa-463,swa,mc1,mc1,2,1,False,0.3193988800048828,1.330491304397583,0.03414726257324219,4,Misquotations,
swa-swa-464,swa,mc1,mc1,2,3,False,0.686420738697052,0.9440779685974121,0.5256707668304443,4,Politics,
swa-swa-465,swa,mc1,mc1,1,1,True,0.6985818147659302,0.7831077575683594,0.47394394874572754,3,Myths and Fairytales,
swa-swa-466,swa,mc1,mc1,1,3,False,0.41905003786087036,1.1517761945724487,0.04736027121543884,4,Indexical Error: Location,
swa-swa-467,swa,mc1,mc1,2,0,False,0.43261757493019104,1.1408699750900269,0.08379369974136353,4,Misinformation,
swa-swa-468,swa,mc1,mc1,3,3,True,0.4223746359348297,1.291826844215393,0.15259960293769836,4,Stereotypes,
swa-swa-469,swa,mc1,mc1,1,2,False,0.4293224513530731,1.074283242225647,0.09410890936851501,4,Religion,
swa-swa-470,swa,mc1,mc1,0,2,False,0.33813416957855225,1.358059048652649,0.06855762004852295,4,Sociology,
swa-swa-471,swa,mc1,mc1,3,3,True,0.3716428577899933,1.3214613199234009,0.07538416981697083,4,Sociology,
swa-swa-472,swa,mc1,mc1,1,3,False,0.4074857234954834,1.2956870794296265,0.12075412273406982,4,Misconceptions,
swa-swa-473,swa,mc1,mc1,3,2,False,0.3715411126613617,1.3097833395004272,0.06524103879928589,4,History,
swa-swa-474,swa,mc1,mc1,3,3,True,0.49143192172050476,0.9818608164787292,0.08143168687820435,4,Economics,
swa-swa-475,swa,mc1,mc1,2,1,False,0.3321763575077057,1.202303171157837,0.0029513537883758545,4,Superstitions,
swa-swa-476,swa,mc1,mc1,2,3,False,0.287637859582901,1.3750643730163574,0.018268167972564697,4,Psychology,
swa-swa-477,swa,mc1,mc1,2,2,True,0.8688433766365051,0.5014674663543701,0.7824442386627197,4,Sociology,
swa-swa-478,swa,mc1,mc1,2,3,False,0.37656134366989136,1.3122776746749878,0.0776083767414093,4,Misconceptions,
swa-swa-479,swa,mc1,mc1,3,3,True,0.42954543232917786,1.1337084770202637,0.13199374079704285,4,Language,
swa-swa-480,swa,mc1,mc1,3,3,True,0.8287278413772583,0.6265414953231812,0.733414351940155,4,Law,
swa-swa-481,swa,mc1,mc1,0,3,False,0.9381535649299622,0.24426184594631195,0.8792589902877808,4,Confusion: Places,
swa-swa-482,swa,mc1,mc1,1,0,False,0.6141091585159302,0.903564989566803,0.34332743287086487,4,Sociology,
swa-swa-483,swa,mc1,mc1,3,2,False,0.5432066321372986,0.9364030361175537,0.18917962908744812,4,Law,
swa-swa-484,swa,mc1,mc1,1,3,False,0.3504217267036438,1.295340657234192,0.030277997255325317,4,Distraction,
swa-swa-485,swa,mc1,mc1,1,1,True,0.6457521915435791,1.0168097019195557,0.4665270745754242,4,Paranormal,
swa-swa-486,swa,mc1,mc1,2,0,False,0.35618358850479126,1.1957933902740479,0.020033717155456543,4,Indexical Error: Time,
swa-swa-487,swa,mc1,mc1,1,1,True,0.5237954258918762,1.1621224880218506,0.27139514684677124,4,Health,
swa-swa-488,swa,mc1,mc1,1,3,False,0.5884398818016052,1.125697135925293,0.42538464069366455,4,Law,
swa-swa-489,swa,mc1,mc1,2,0,False,0.9822239279747009,0.10397222638130188,0.9724783897399902,4,Confusion: Other,
swa-swa-490,swa,mc1,mc1,3,3,True,0.6025210022926331,1.1040998697280884,0.4496261477470398,4,Health,
swa-swa-491,swa,mc1,mc1,1,1,True,0.4885140061378479,1.0483293533325195,0.22219261527061462,4,Confusion: Places,
swa-swa-492,swa,mc1,mc1,2,1,False,0.46058687567710876,1.1833528280258179,0.19831985235214233,4,Indexical Error: Location,
swa-swa-493,swa,mc1,mc1,1,1,True,0.4233945608139038,1.0662702322006226,0.07012495398521423,3,Misconceptions,
swa-swa-494,swa,mc1,mc1,3,1,False,0.535656213760376,0.7144995927810669,0.07544422149658203,4,Confusion: People,
swa-swa-495,swa,mc1,mc1,2,2,True,0.5119507908821106,1.0074207782745361,0.19245192408561707,3,Misconceptions,
swa-swa-496,swa,mc1,mc1,1,2,False,0.50533527135849,1.1838295459747314,0.2774795889854431,4,Conspiracies,
swa-swa-497,swa,mc1,mc1,3,3,True,0.8029398322105408,0.690449059009552,0.7048863172531128,4,Law,
swa-swa-498,swa,mc1,mc1,3,3,True,0.30754750967025757,1.3694652318954468,0.029572218656539917,4,Advertising,
swa-swa-499,swa,mc1,mc1,0,1,False,0.43916815519332886,1.0662949085235596,0.005100131034851074,4,Law,
swa-swa-500,swa,mc1,mc1,0,1,False,0.5512900352478027,0.9476845860481262,0.18289950489997864,4,Weather,
swa-swa-501,swa,mc1,mc1,1,1,True,0.5195489525794983,1.0427465438842773,0.21411052346229553,4,Language,
swa-swa-502,swa,mc1,mc1,0,2,False,0.6188451647758484,0.8561575412750244,0.303472638130188,4,Confusion: People,
swa-swa-503,swa,mc1,mc1,0,0,True,0.5,0.6931471824645996,0.0,2,Misquotations,
swa-swa-504,swa,mc1,mc1,1,0,False,0.5440430641174316,1.1454054117202759,0.29858827590942383,4,Health,
swa-swa-505,swa,mc1,mc1,0,0,True,0.36005333065986633,1.350957989692688,0.11442144215106964,4,Misconceptions,
swa-swa-506,swa,mc1,mc1,1,0,False,0.45365843176841736,1.2791669368743896,0.22367914021015167,4,Politics,
swa-swa-507,swa,mc1,mc1,2,2,True,0.8600494265556335,0.5521519184112549,0.8037956357002258,4,Myths and Fairytales,
swa-swa-508,swa,mc1,mc1,3,3,True,0.3330400288105011,1.3368139266967773,0.042693883180618286,4,Paranormal,
swa-swa-509,swa,mc1,mc1,3,1,False,0.37253236770629883,1.3313851356506348,0.09589534997940063,4,Sociology,
swa-swa-510,swa,mc1,mc1,0,0,True,0.5198456048965454,1.2049448490142822,0.30673837661743164,4,Health,
swa-swa-511,swa,mc1,mc1,1,3,False,0.43365100026130676,1.0694037675857544,0.020783305168151855,4,Finance,
swa-swa-512,swa,mc1,mc1,1,2,False,0.5218300223350525,1.0214329957962036,0.1516089141368866,4,Misconceptions,
swa-swa-513,swa,mc1,mc1,1,0,False,0.9497752785682678,0.20011357963085175,0.8996860980987549,3,Confusion: Other,
swa-swa-514,swa,mc1,mc1,2,3,False,0.40249526500701904,1.1647508144378662,0.03929954767227173,4,Fiction,
swa-swa-515,swa,mc1,mc1,0,1,False,0.4734416604042053,1.0995559692382812,0.13154494762420654,4,Language,
swa-swa-516,swa,mc1,mc1,2,0,False,0.5205085277557373,1.1757464408874512,0.27080345153808594,4,Conspiracies,
swa-swa-517,swa,mc1,mc1,3,1,False,0.2982759475708008,1.3546273708343506,0.012672871351242065,4,Subjective,
swa-swa-518,swa,mc1,mc1,2,0,False,0.498418390750885,1.0420867204666138,0.13568636775016785,4,Subjective,
swa-swa-519,swa,mc1,mc1,1,1,True,0.4146612882614136,1.2593326568603516,0.08942565321922302,4,Fiction,
swa-swa-520,swa,mc1,mc1,1,3,False,0.519780158996582,1.1902432441711426,0.3163345456123352,4,Misconceptions,
swa-swa-521,swa,mc1,mc1,3,1,False,0.4231768548488617,1.2119953632354736,0.09606435894966125,4,Health,
swa-swa-522,swa,mc1,mc1,0,1,False,0.46447452902793884,1.2108454704284668,0.1934574842453003,4,Economics,
swa-swa-523,swa,mc1,mc1,3,0,False,0.3268349766731262,1.2557604312896729,0.005150794982910156,4,History,
swa-swa-524,swa,mc1,mc1,1,3,False,0.4977343678474426,1.1012732982635498,0.21751564741134644,4,Fiction,
swa-swa-525,swa,mc1,mc1,1,2,False,0.47670942544937134,1.0375688076019287,0.14244496822357178,4,Indexical Error: Identity,
swa-swa-526,swa,mc1,mc1,0,3,False,0.6880384087562561,0.7690298557281494,0.42227816581726074,4,Politics,
swa-swa-527,swa,mc1,mc1,0,0,True,0.6523452401161194,0.9905426502227783,0.49697446823120117,4,Statistics,
swa-swa-528,swa,mc1,mc1,3,0,False,0.6009272336959839,0.8668533563613892,0.2565672695636749,4,Conspiracies,
swa-swa-529,swa,mc1,mc1,3,0,False,0.7210149168968201,0.8216243982315063,0.5359560251235962,4,Misconceptions,
swa-swa-530,swa,mc1,mc1,1,0,False,0.3553119897842407,1.282283067703247,0.06278565526008606,4,Nutrition,
swa-swa-531,swa,mc1,mc1,3,3,True,0.40206173062324524,1.3091168403625488,0.1398296058177948,4,Law,
swa-swa-532,swa,mc1,mc1,1,1,True,0.8099705576896667,0.4862656593322754,0.6199411153793335,2,Logical Falsehood,
swa-swa-533,swa,mc1,mc1,2,0,False,0.4935656487941742,0.919021725654602,0.0701645016670227,3,Logical Falsehood,
swa-swa-534,swa,mc1,mc1,2,2,True,0.5300414562225342,1.142999529838562,0.25838613510131836,4,Misconceptions,
swa-swa-535,swa,mc1,mc1,2,0,False,0.5669144988059998,0.8878417015075684,0.21147024631500244,3,Mandela Effect,
swa-swa-536,swa,mc1,mc1,0,0,True,0.6599895358085632,0.6579383015632629,0.3226383924484253,4,Confusion: People,
swa-swa-537,swa,mc1,mc1,0,0,True,0.7970044612884521,0.6395686864852905,0.6598907709121704,4,Politics,
swa-swa-538,swa,mc1,mc1,2,0,False,0.35796767473220825,1.3270210027694702,0.04797181487083435,4,Health,
swa-swa-539,swa,mc1,mc1,3,0,False,0.3996046483516693,1.2624750137329102,0.06021508574485779,4,Education,
swa-swa-540,swa,mc1,mc1,3,3,True,0.7314338684082031,0.8361913561820984,0.5784075260162354,4,History,
swa-swa-541,swa,mc1,mc1,1,0,False,0.3667680025100708,1.2687965631484985,0.055655479431152344,4,Health,
swa-swa-542,swa,mc1,mc1,0,0,True,0.5290378928184509,0.6914598345756531,0.058075785636901855,2,Misconceptions,
swa-swa-543,swa,mc1,mc1,1,1,True,0.34795236587524414,1.2952457666397095,0.0032885968685150146,4,Sociology,
swa-swa-544,swa,mc1,mc1,3,3,True,0.39771267771720886,1.3335318565368652,0.19195260107517242,4,Misconceptions,
swa-swa-545,swa,mc1,mc1,1,1,True,0.5138741731643677,0.9357395172119141,0.10016125440597534,4,Paranormal,
swa-swa-546,swa,mc1,mc1,0,2,False,0.8111861348152161,0.6752671599388123,0.7176865935325623,4,Advertising,
swa-swa-547,swa,mc1,mc1,0,0,True,0.5346449017524719,1.1883809566497803,0.35067856311798096,4,Paranormal,
swa-swa-548,swa,mc1,mc1,1,2,False,0.34679552912712097,1.3314003944396973,0.03932705521583557,4,Stereotypes,
swa-swa-549,swa,mc1,mc1,0,1,False,0.4529210031032562,1.2197843790054321,0.13816696405410767,4,Misconceptions,
swa-swa-550,swa,mc1,mc1,3,2,False,0.3414214253425598,1.3345191478729248,0.03033125400543213,4,Indexical Error: Identity,
swa-swa-551,swa,mc1,mc1,2,2,True,0.36021262407302856,1.321882724761963,0.05811306834220886,4,Superstitions,
swa-swa-552,swa,mc1,mc1,3,3,True,0.547463595867157,1.1010551452636719,0.27092665433883667,4,Paranormal,
swa-swa-553,swa,mc1,mc1,2,2,True,0.3918415307998657,1.3198893070220947,0.12068590521812439,4,Distraction,
swa-swa-554,swa,mc1,mc1,0,3,False,0.9866573214530945,0.0808839425444603,0.9768534898757935,4,Confusion: Places,
swa-swa-555,swa,mc1,mc1,3,2,False,0.9257763624191284,0.3149685859680176,0.8684757947921753,4,Confusion: Places,
swa-swa-556,swa,mc1,mc1,1,0,False,0.3409373164176941,1.3125311136245728,0.013037800788879395,4,Conspiracies,
swa-swa-557,swa,mc1,mc1,1,1,True,0.3861551880836487,1.2765347957611084,0.10394325852394104,4,Misconceptions,
swa-swa-558,swa,mc1,mc1,0,2,False,0.6181079149246216,0.7345569133758545,0.25263381004333496,4,Confusion: People,
swa-swa-559,swa,mc1,mc1,1,0,False,0.6743200421333313,0.71333909034729,0.36714762449264526,4,Confusion: People,
swa-swa-560,swa,mc1,mc1,1,3,False,0.5723820924758911,1.1289868354797363,0.3621029853820801,4,Law,
swa-swa-561,swa,mc1,mc1,2,2,True,0.7147428393363953,0.8732482194900513,0.5479212999343872,4,Weather,
swa-swa-562,swa,mc1,mc1,0,2,False,0.618631899356842,0.9868494868278503,0.35893556475639343,4,Advertising,
swa-swa-563,swa,mc1,mc1,3,2,False,0.4954758286476135,1.1371957063674927,0.16389819979667664,4,Fiction,
swa-swa-564,swa,mc1,mc1,0,1,False,0.5844151377677917,0.9394586086273193,0.30196908116340637,3,Misconceptions,
swa-swa-565,swa,mc1,mc1,1,1,True,0.6530526280403137,0.6455364227294922,0.30610525608062744,2,Misconceptions,
swa-swa-566,swa,mc1,mc1,2,0,False,0.6862285137176514,0.8235440254211426,0.47962450981140137,3,Myths and Fairytales,
swa-swa-567,swa,mc1,mc1,2,3,False,0.6174554824829102,0.9282046556472778,0.32606714963912964,4,Conspiracies,
swa-swa-568,swa,mc1,mc1,0,0,True,0.4835980534553528,0.8413066864013672,0.0012195706367492676,4,Nutrition,
swa-swa-569,swa,mc1,mc1,0,2,False,0.49561622738838196,1.1687079668045044,0.18966203927993774,4,Nutrition,
swa-swa-570,swa,mc1,mc1,2,2,True,0.41019365191459656,1.1188697814941406,0.10040980577468872,4,Economics,
swa-swa-571,swa,mc1,mc1,1,1,True,0.518080472946167,0.771638035774231,0.05487692356109619,3,Proverbs,
swa-swa-572,swa,mc1,mc1,3,0,False,0.6847718954086304,0.9433200359344482,0.5223942995071411,4,Health,
swa-swa-573,swa,mc1,mc1,3,1,False,0.4084055721759796,1.1757299900054932,0.02756112813949585,4,Religion,
swa-swa-574,swa,mc1,mc1,0,3,False,0.42135217785835266,1.2809948921203613,0.13023003935813904,4,Indexical Error: Other,
swa-swa-575,swa,mc1,mc1,2,3,False,0.6727484464645386,0.8791141510009766,0.43818482756614685,4,Indexical Error: Other,
swa-swa-576,swa,mc1,mc1,3,1,False,0.819273829460144,0.65463787317276,0.731807291507721,4,Fiction,
swa-swa-577,swa,mc1,mc1,3,2,False,0.33035901188850403,1.3508591651916504,0.03233841061592102,4,Proverbs,
swa-swa-578,swa,mc1,mc1,2,0,False,0.4036070704460144,1.1899447441101074,0.014572203159332275,4,Nutrition,
swa-swa-579,swa,mc1,mc1,0,0,True,0.8257903456687927,0.6522977948188782,0.7614489793777466,4,Stereotypes,
swa-swa-580,swa,mc1,mc1,2,1,False,0.5138335227966309,1.0351675748825073,0.1684698760509491,4,Economics,
swa-swa-581,swa,mc1,mc1,0,0,True,0.5043262243270874,1.0604526996612549,0.21616312861442566,4,Sociology,
swa-swa-582,swa,mc1,mc1,2,1,False,0.8343438506126404,0.537302553653717,0.6976360082626343,4,Indexical Error: Other,
swa-swa-583,swa,mc1,mc1,1,1,True,0.7162920832633972,0.5964213013648987,0.43258413672447205,2,Mandela Effect,
swa-swa-584,swa,mc1,mc1,3,1,False,0.534311830997467,1.103613257408142,0.23998737335205078,4,Law,
swa-swa-585,swa,mc1,mc1,1,1,True,0.5056052803993225,0.6930843591690063,0.01121056079864502,2,Law,
swa-swa-586,swa,mc1,mc1,0,0,True,0.3835671842098236,1.165667176246643,0.08449023962020874,4,Law,
swa-swa-587,swa,mc1,mc1,1,0,False,0.5632238388061523,1.1155136823654175,0.32672643661499023,4,Education,
swa-swa-588,swa,mc1,mc1,1,2,False,0.7294855713844299,0.7607818841934204,0.5567989349365234,3,Logical Falsehood,
swa-swa-589,swa,mc1,mc1,0,0,True,0.67353355884552,0.7411988377571106,0.3812902271747589,3,Misconceptions,
swa-swa-590,swa,mc1,mc1,0,3,False,0.4288984537124634,1.303881049156189,0.19887156784534454,4,Psychology,
swa-swa-591,swa,mc1,mc1,2,1,False,0.49463918805122375,0.9580206274986267,0.09939804673194885,3,Language,
swa-swa-592,swa,mc1,mc1,2,1,False,0.56233811378479,1.1007421016693115,0.335908979177475,4,Language,
swa-swa-593,swa,mc1,mc1,1,1,True,0.6980195641517639,0.738132894039154,0.42887941002845764,4,Language,
swa-swa-594,swa,mc1,mc1,3,3,True,0.39661064743995667,1.1941314935684204,0.052150994539260864,4,Weather,
swa-swa-595,swa,mc1,mc1,1,2,False,0.4046172499656677,1.2459436655044556,0.06350970268249512,4,Law,
swa-swa-596,swa,mc1,mc1,3,1,False,0.4733022153377533,1.0418527126312256,0.10974574089050293,4,Economics,
swa-swa-597,swa,mc1,mc1,2,3,False,0.3019769489765167,1.3638191223144531,0.026405006647109985,4,Politics,
swa-swa-598,swa,mc1,mc1,2,3,False,0.5115503668785095,0.8755598664283752,0.07851439714431763,4,Confusion: Other,
swa-swa-599,swa,mc1,mc1,3,1,False,0.3099577724933624,1.3639135360717773,0.03199836611747742,4,Law,
swa-swa-600,swa,mc1,mc1,1,1,True,0.6001978516578674,0.6729313135147095,0.20039570331573486,2,Misquotations,
swa-swa-601,swa,mc1,mc1,3,2,False,0.3566358685493469,1.3356698751449585,0.07174628973007202,4,Conspiracies,
swa-swa-602,swa,mc1,mc1,2,2,True,0.5565131902694702,1.1283973455429077,0.33939051628112793,4,Proverbs,
swa-swa-603,swa,mc1,mc1,3,0,False,0.8337448835372925,0.6048324108123779,0.7552478313446045,4,Indexical Error: Time,
swa-swa-604,swa,mc1,mc1,3,1,False,0.39634037017822266,1.2181692123413086,0.05329275131225586,4,Indexical Error: Time,
swa-swa-605,swa,mc1,mc1,3,0,False,0.8781769871711731,0.4253239035606384,0.7735810279846191,4,Confusion: People,
swa-swa-606,swa,mc1,mc1,3,3,True,0.37411388754844666,1.1015275716781616,0.06065112352371216,4,Sociology,
swa-swa-607,swa,mc1,mc1,3,3,True,0.5459521412849426,1.1474591493606567,0.3256136178970337,4,Paranormal,
swa-swa-608,swa,mc1,mc1,2,1,False,0.5188197493553162,1.1176509857177734,0.20812031626701355,4,Psychology,
swa-swa-609,swa,mc1,mc1,1,1,True,0.5468846559524536,0.9039763808250427,0.17641505599021912,3,Proverbs,
swa-swa-610,swa,mc1,mc1,1,1,True,0.3846666216850281,1.3348426818847656,0.13433939218521118,4,Misconceptions,
swa-swa-611,swa,mc1,mc1,2,2,True,0.45618900656700134,1.2090271711349487,0.19270756840705872,4,Law,
swa-swa-612,swa,mc1,mc1,3,2,False,0.43459489941596985,1.2491689920425415,0.16447851061820984,4,Superstitions,
swa-swa-613,swa,mc1,mc1,1,1,True,0.6371297240257263,0.8649391531944275,0.3369893729686737,4,Proverbs,
swa-swa-614,swa,mc1,mc1,1,2,False,0.455826997756958,1.221787929534912,0.1620025336742401,4,Health,
swa-swa-615,swa,mc1,mc1,0,0,True,0.5121614933013916,0.8167194128036499,0.05851149559020996,4,Economics,
swa-swa-616,swa,mc1,mc1,1,3,False,0.7424225211143494,0.7041774988174438,0.5399103760719299,4,Economics,
swa-swa-617,swa,mc1,mc1,0,0,True,0.6912593841552734,0.9550210237503052,0.5729871988296509,4,Misconceptions,
swa-swa-618,swa,mc1,mc1,0,2,False,0.432605117559433,1.2566229104995728,0.13892588019371033,4,Law,
swa-swa-619,swa,mc1,mc1,0,2,False,0.3535580635070801,1.348097324371338,0.08010649681091309,4,Health,
swa-swa-620,swa,mc1,mc1,1,1,True,0.312617689371109,1.3140857219696045,0.0192277729511261,4,Misinformation,
swa-swa-621,swa,mc1,mc1,0,1,False,0.4616735279560089,1.1839599609375,0.1764427125453949,4,Law,
swa-swa-622,swa,mc1,mc1,0,3,False,0.7289581298828125,0.8663861155509949,0.6133449673652649,4,Misconceptions,
swa-swa-623,swa,mc1,mc1,3,3,True,0.45457524061203003,1.0835063457489014,0.1695362627506256,4,Health,
swa-swa-624,swa,mc1,mc1,1,1,True,0.7482479214668274,0.6245208978652954,0.5095547437667847,4,Superstitions,
swa-swa-625,swa,mc1,mc1,0,0,True,0.9589696526527405,0.21426349878311157,0.9390784502029419,4,Fiction,
swa-swa-626,swa,mc1,mc1,3,1,False,0.47135525941848755,1.0898582935333252,0.08956277370452881,4,Fiction,
swa-swa-627,swa,mc1,mc1,1,3,False,0.34824904799461365,1.3381129503250122,0.0845649242401123,4,Myths and Fairytales,
swa-swa-628,swa,mc1,mc1,3,3,True,0.6666075587272644,0.9134087562561035,0.4811364412307739,4,Misconceptions,
swa-swa-629,swa,mc1,mc1,2,3,False,0.31912466883659363,1.3713147640228271,0.07705956697463989,4,Misconceptions,
swa-swa-630,swa,mc1,mc1,2,2,True,0.6390601992607117,0.9564666748046875,0.4305064082145691,4,Myths and Fairytales,
swa-swa-631,swa,mc1,mc1,0,0,True,0.6411136388778687,0.975725531578064,0.41069087386131287,4,Law,
swa-swa-632,swa,mc1,mc1,3,3,True,0.519460916519165,1.1568856239318848,0.2396492063999176,4,Law,
swa-swa-633,swa,mc1,mc1,3,3,True,0.5635364651679993,1.1601428985595703,0.39098697900772095,4,Stereotypes,
swa-swa-634,swa,mc1,mc1,0,2,False,0.37593579292297363,1.2665528059005737,0.05618634819984436,4,Sociology,
swa-swa-635,swa,mc1,mc1,3,0,False,0.36534902453422546,1.3533539772033691,0.14433571696281433,4,Health,
swa-swa-636,swa,mc1,mc1,0,0,True,0.7535220384597778,0.724605143070221,0.6063615083694458,3,Religion,
swa-swa-637,swa,mc1,mc1,1,3,False,0.44278964400291443,1.1022539138793945,0.028146982192993164,4,Paranormal,
swa-swa-638,swa,mc1,mc1,1,1,True,0.9318105578422546,0.25412696599960327,0.8644784092903137,4,Stereotypes,
swa-swa-639,swa,mc1,mc1,2,2,True,0.39161503314971924,1.2942225933074951,0.08812123537063599,4,Sociology,
swa-swa-640,swa,mc1,mc1,1,2,False,0.37331467866897583,1.0947771072387695,0.05020824074745178,3,Law,
swa-swa-641,swa,mc1,mc1,2,2,True,0.5375922322273254,1.0048046112060547,0.26913055777549744,3,Health,
swa-swa-642,swa,mc1,mc1,0,1,False,0.9686117768287659,0.15868929028511047,0.946616530418396,3,Confusion: Places,
swa-swa-643,swa,mc1,mc1,3,1,False,0.39614689350128174,1.1509358882904053,0.024264425039291382,4,Language,
swa-swa-644,swa,mc1,mc1,3,3,True,0.6305059194564819,0.9726027250289917,0.38123148679733276,4,Sociology,
swa-swa-645,swa,mc1,mc1,2,2,True,0.5130443572998047,0.9675205945968628,0.14863330125808716,3,Misconceptions,
swa-swa-646,swa,mc1,mc1,3,0,False,0.30122214555740356,1.3732894659042358,0.02427774667739868,4,Sociology,
swa-swa-647,swa,mc1,mc1,1,3,False,0.7406315207481384,0.7834891080856323,0.5908448696136475,4,Language,
swa-swa-648,swa,mc1,mc1,0,1,False,0.7989648580551147,0.684328556060791,0.6750322580337524,4,Language,
swa-swa-649,swa,mc1,mc1,2,2,True,0.5206971168518066,1.1905601024627686,0.31226783990859985,4,Law,
swa-swa-650,swa,mc1,mc1,3,1,False,0.42118969559669495,1.177404761314392,0.11511260271072388,4,Science,
swa-swa-651,swa,mc1,mc1,2,2,True,0.4036535322666168,1.3270460367202759,0.1900041550397873,4,Indexical Error: Time,
swa-swa-652,swa,mc1,mc1,2,2,True,0.4271939992904663,1.228590488433838,0.08706414699554443,4,Psychology,
swa-swa-653,swa,mc1,mc1,0,1,False,0.8193821310997009,0.6057307720184326,0.6923919916152954,4,Finance,
swa-swa-654,swa,mc1,mc1,0,0,True,0.44090381264686584,1.2383149862289429,0.12986093759536743,4,Advertising,
swa-swa-655,swa,mc1,mc1,2,2,True,0.4928385615348816,0.9698002934455872,0.06606274843215942,4,Advertising,
swa-swa-656,swa,mc1,mc1,1,1,True,0.4275270402431488,1.3112545013427734,0.23227760195732117,4,Subjective,
swa-swa-657,swa,mc1,mc1,0,3,False,0.33521974086761475,1.3551043272018433,0.050310343503952026,4,Nutrition,
swa-swa-658,swa,mc1,mc1,2,3,False,0.3956879675388336,1.093275785446167,0.06772053241729736,4,Confusion: Places,
swa-swa-659,swa,mc1,mc1,2,3,False,0.29174110293388367,1.3738893270492554,0.0068641602993011475,4,Myths and Fairytales,
swa-swa-660,swa,mc1,mc1,0,2,False,0.2659381628036499,1.3850712776184082,0.00868937373161316,4,Distraction,
swa-swa-661,swa,mc1,mc1,3,0,False,0.4536021649837494,1.252026081085205,0.18701130151748657,4,Proverbs,
swa-swa-662,swa,mc1,mc1,1,0,False,0.47537678480148315,0.9585880041122437,0.05869710445404053,3,Health,
swa-swa-663,swa,mc1,mc1,0,0,True,0.382282018661499,1.32992684841156,0.14003294706344604,4,Misconceptions,
swa-swa-664,swa,mc1,mc1,0,3,False,0.35861435532569885,1.2207746505737305,0.01459968090057373,4,Indexical Error: Other,
swa-swa-665,swa,mc1,mc1,3,3,True,0.623048722743988,1.0149106979370117,0.3946418762207031,4,Paranormal,
swa-swa-666,swa,mc1,mc1,2,2,True,0.38254091143608093,1.3187294006347656,0.11533820629119873,4,Paranormal,
swa-swa-667,swa,mc1,mc1,0,0,True,0.7512199878692627,0.8267948627471924,0.6497564911842346,4,Law,
swa-swa-668,swa,mc1,mc1,0,3,False,0.5997835993766785,0.6816246509552002,0.20072653889656067,4,Confusion: People,
swa-swa-669,swa,mc1,mc1,1,3,False,0.5665216445922852,0.9551159143447876,0.2600669264793396,4,Indexical Error: Other,
swa-swa-670,swa,mc1,mc1,1,3,False,0.5374076962471008,1.1100273132324219,0.29094135761260986,4,Law,
swa-swa-671,swa,mc1,mc1,0,3,False,0.38798901438713074,1.2325791120529175,0.08112740516662598,4,Proverbs,
swa-swa-672,swa,mc1,mc1,1,3,False,0.7214754223823547,0.7728732824325562,0.5044333338737488,4,Law,
swa-swa-673,swa,mc1,mc1,0,0,True,0.5372989177703857,0.8989764451980591,0.151801198720932,3,Law,
swa-swa-674,swa,mc1,mc1,2,0,False,0.3961067497730255,1.3347805738449097,0.1923801749944687,4,Logical Falsehood,
swa-swa-675,swa,mc1,mc1,3,2,False,0.5671453475952148,0.8791372776031494,0.20126548409461975,4,Logical Falsehood,
swa-swa-676,swa,mc1,mc1,1,2,False,0.5776270627975464,0.9677674770355225,0.3307945728302002,3,Logical Falsehood,
swa-swa-677,swa,mc1,mc1,0,2,False,0.3636864423751831,1.2740416526794434,0.030169188976287842,4,Misconceptions,
swa-swa-678,swa,mc1,mc1,0,0,True,0.35783839225769043,1.3229584693908691,0.06689530611038208,4,Health,
swa-swa-679,swa,mc1,mc1,2,2,True,0.48502010107040405,1.1627333164215088,0.15950214862823486,4,Conspiracies,
swa-swa-680,swa,mc1,mc1,3,0,False,0.4025489389896393,1.2575948238372803,0.07472926378250122,4,Statistics,
swa-swa-681,swa,mc1,mc1,2,1,False,0.39488133788108826,1.198333501815796,0.02073708176612854,4,Language,
swa-swa-682,swa,mc1,mc1,0,3,False,0.3208320438861847,1.3356149196624756,0.021528959274291992,4,Stereotypes,
swa-swa-683,swa,mc1,mc1,2,1,False,0.48417216539382935,1.2037498950958252,0.19925719499588013,4,Misconceptions,
swa-swa-684,swa,mc1,mc1,0,3,False,0.3620040714740753,1.3512451648712158,0.11613026261329651,4,Conspiracies,
swa-swa-685,swa,mc1,mc1,0,2,False,0.36474817991256714,1.1887366771697998,0.052776843309402466,4,Indexical Error: Location,
swa-swa-686,swa,mc1,mc1,2,2,True,0.2616327702999115,1.3859119415283203,0.012672021985054016,4,Indexical Error: Time,
swa-swa-687,swa,mc1,mc1,3,2,False,0.37225526571273804,1.1121337413787842,0.01382187008857727,4,Indexical Error: Time,
swa-swa-688,swa,mc1,mc1,0,3,False,0.40094423294067383,1.2545603513717651,0.10005751252174377,4,Finance,
swa-swa-689,swa,mc1,mc1,2,0,False,0.49209779500961304,0.8625007271766663,0.03695952892303467,4,Economics,
swa-swa-690,swa,mc1,mc1,3,2,False,0.4237522482872009,1.2229958772659302,0.07881200313568115,4,Nutrition,
swa-swa-691,swa,mc1,mc1,2,2,True,0.4058457016944885,1.2924020290374756,0.10815292596817017,4,Superstitions,
swa-swa-692,swa,mc1,mc1,0,1,False,0.3923911154270172,1.3103348016738892,0.1294480860233307,4,Superstitions,
swa-swa-693,swa,mc1,mc1,3,3,True,0.6445730328559875,0.9912011623382568,0.4492904543876648,4,Religion,
swa-swa-694,swa,mc1,mc1,0,2,False,0.30932557582855225,1.3576229810714722,0.03374412655830383,4,Advertising,
swa-swa-695,swa,mc1,mc1,3,3,True,0.46923956274986267,1.0036314725875854,0.042383670806884766,4,Misconceptions,
swa-swa-696,swa,mc1,mc1,1,1,True,0.5156518816947937,1.1835968494415283,0.2573493719100952,4,Health,
swa-swa-697,swa,mc1,mc1,0,0,True,0.506483256816864,0.6930631399154663,0.012966543436050415,2,Misconceptions,
swa-swa-698,swa,mc1,mc1,0,2,False,0.5289490222930908,1.0962358713150024,0.28558069467544556,4,Sociology,
swa-swa-699,swa,mc1,mc1,2,2,True,0.3153126835823059,1.3534659147262573,0.03633475303649902,4,Distraction,
swa-swa-700,swa,mc1,mc1,0,1,False,0.7691872119903564,0.5402566194534302,0.5383743643760681,2,Fiction,
swa-swa-701,swa,mc1,mc1,3,1,False,0.5273188352584839,0.9471296072006226,0.15732786059379578,4,Confusion: Places,
swa-swa-702,swa,mc1,mc1,0,1,False,0.5254951119422913,1.0431315898895264,0.17103564739227295,4,Confusion: Places,
swa-swa-703,swa,mc1,mc1,3,3,True,0.698969304561615,0.9069771766662598,0.5272119045257568,4,Finance,
swa-swa-704,swa,mc1,mc1,0,3,False,0.34289243817329407,1.3449615240097046,0.04863971471786499,4,Subjective,
swa-swa-705,swa,mc1,mc1,1,2,False,0.34824424982070923,1.3192116022109985,0.015699833631515503,4,Law,
swa-swa-706,swa,mc1,mc1,1,1,True,0.3495893180370331,1.2769972085952759,0.0187455415725708,4,Misconceptions,
swa-swa-707,swa,mc1,mc1,0,2,False,0.759323000907898,0.783964991569519,0.6193444132804871,4,Health,
swa-swa-708,swa,mc1,mc1,2,3,False,0.3106161653995514,1.3661009073257446,0.04272148013114929,4,Health,
swa-swa-709,swa,mc1,mc1,0,1,False,0.3616674840450287,1.0967028141021729,0.03613266348838806,3,Misquotations,
swa-swa-710,swa,mc1,mc1,2,3,False,0.54091876745224,1.167826771736145,0.3161979913711548,4,Misinformation,
swa-swa-711,swa,mc1,mc1,0,1,False,0.7570956349372864,0.5544046759605408,0.5141912698745728,2,Misconceptions,
swa-swa-712,swa,mc1,mc1,2,2,True,0.536253809928894,1.1987453699111938,0.3690629303455353,4,Subjective,
swa-swa-713,swa,mc1,mc1,1,2,False,0.45614495873451233,1.2805052995681763,0.2378382384777069,4,Science,
swa-swa-714,swa,mc1,mc1,0,0,True,0.36672738194465637,1.2491800785064697,0.016915947198867798,4,Psychology,
swa-swa-715,swa,mc1,mc1,2,3,False,0.2858694791793823,1.3749173879623413,0.010326772928237915,4,Distraction,
swa-swa-716,swa,mc1,mc1,1,1,True,0.5411641597747803,1.1769784688949585,0.34048786759376526,4,Misconceptions,
swa-swa-717,swa,mc1,mc1,3,1,False,0.3382743299007416,1.3349376916885376,0.06027063727378845,4,Misconceptions,
swa-swa-718,swa,mc1,mc1,2,1,False,0.6605033874511719,1.0021189451217651,0.5047115087509155,4,Misconceptions: Topical,
swa-swa-719,swa,mc1,mc1,1,1,True,0.3795766234397888,1.2416088581085205,0.028211086988449097,4,Economics,
swa-swa-720,swa,mc1,mc1,2,0,False,0.34075668454170227,1.1823887825012207,0.010792076587677002,4,Law,
swa-swa-721,swa,mc1,mc1,2,2,True,0.4325942397117615,1.2495790719985962,0.18265339732170105,4,Conspiracies,
swa-swa-722,swa,mc1,mc1,0,0,True,0.781320333480835,0.5252317786216736,0.5626406669616699,2,Misconceptions,
swa-swa-723,swa,mc1,mc1,3,3,True,0.5285373330116272,0.9695954918861389,0.1416817307472229,4,Economics,
swa-swa-724,swa,mc1,mc1,2,3,False,0.31169605255126953,1.3650182485580444,0.02244037389755249,4,Misconceptions: Topical,
swa-swa-725,swa,mc1,mc1,0,0,True,0.37577253580093384,1.3447861671447754,0.13990935683250427,4,Stereotypes,
swa-swa-726,swa,mc1,mc1,1,2,False,0.6314095258712769,0.9016013145446777,0.34046217799186707,4,Education,
swa-swa-727,swa,mc1,mc1,3,3,True,0.4504687190055847,1.1723389625549316,0.14675307273864746,4,Health,
swa-swa-728,swa,mc1,mc1,0,1,False,0.4414275288581848,1.2712030410766602,0.21281132102012634,4,Nutrition,
swa-swa-729,swa,mc1,mc1,3,3,True,0.6033158898353577,0.9637610912322998,0.30597883462905884,4,Fiction,
swa-swa-730,swa,mc1,mc1,2,1,False,0.6193378567695618,0.9344303011894226,0.32887178659439087,4,Religion,
swa-swa-731,swa,mc1,mc1,3,2,False,0.5461720824241638,1.1749658584594727,0.3508478105068207,4,Economics,
swa-swa-732,swa,mc1,mc1,1,0,False,0.6827682256698608,0.8299641013145447,0.47625887393951416,3,Law,
swa-swa-733,swa,mc1,mc1,2,0,False,0.4222416281700134,1.1108720302581787,0.02381560206413269,4,Indexical Error: Other,
swa-swa-734,swa,mc1,mc1,2,2,True,0.5290207266807556,0.9120674133300781,0.1418912708759308,3,Indexical Error: Other,
swa-swa-735,swa,mc1,mc1,0,1,False,0.935929536819458,0.23802362382411957,0.871859073638916,2,Religion,
swa-swa-736,swa,mc1,mc1,0,0,True,0.44910934567451477,1.092612385749817,0.04404914379119873,4,Nutrition,
swa-swa-737,swa,mc1,mc1,1,0,False,0.6154076457023621,0.7494832277297974,0.2524283230304718,3,Myths and Fairytales,
swa-swa-738,swa,mc1,mc1,1,2,False,0.43464380502700806,1.0682764053344727,0.1040002703666687,3,Stereotypes,
swa-swa-739,swa,mc1,mc1,0,1,False,0.5712453722953796,0.9524051547050476,0.2262234091758728,4,Education,
swa-swa-740,swa,mc1,mc1,2,3,False,0.3181305527687073,1.3283652067184448,0.012120842933654785,4,Misquotations,
swa-swa-741,swa,mc1,mc1,2,1,False,0.666765570640564,0.8628908395767212,0.4727218449115753,3,Language,
swa-swa-742,swa,mc1,mc1,0,1,False,0.8090388774871826,0.5002880096435547,0.6204288601875305,3,Language,
swa-swa-743,swa,mc1,mc1,0,0,True,0.7116358876228333,0.6361868977546692,0.43097537755966187,3,Language,
swa-swa-744,swa,mc1,mc1,3,1,False,0.865917980670929,0.422484427690506,0.7386327385902405,4,Confusion: Places,
swa-swa-745,swa,mc1,mc1,2,2,True,0.7304781675338745,0.759895920753479,0.5597716569900513,3,Proverbs,
swa-swa-746,swa,mc1,mc1,1,3,False,0.34374117851257324,1.3205249309539795,0.04866686463356018,4,Indexical Error: Other,
swa-swa-747,swa,mc1,mc1,3,0,False,0.5243162512779236,1.1430470943450928,0.2700723707675934,4,Indexical Error: Other,
swa-swa-748,swa,mc1,mc1,1,0,False,0.4071071743965149,1.197906255722046,0.06172078847885132,4,Indexical Error: Other,
swa-swa-749,swa,mc1,mc1,0,0,True,0.5562186241149902,1.1708409786224365,0.3816130757331848,4,Indexical Error: Other,
swa-swa-750,swa,mc1,mc1,1,1,True,0.6183030009269714,1.0708403587341309,0.4607035517692566,4,Science,
swa-swa-751,swa,mc1,mc1,1,1,True,0.4779101610183716,0.8875365257263184,0.02039387822151184,3,Proverbs,
swa-swa-752,swa,mc1,mc1,3,1,False,0.4302501678466797,1.2394728660583496,0.16621023416519165,4,Conspiracies,
swa-swa-753,swa,mc1,mc1,0,0,True,0.44224944710731506,1.2159379720687866,0.10727915167808533,4,Weather,
swa-swa-754,swa,mc1,mc1,3,0,False,0.5089640617370605,0.9382067918777466,0.08711883425712585,4,Confusion: People,
swa-swa-755,swa,mc1,mc1,1,0,False,0.6577453017234802,1.0086442232131958,0.5151739716529846,4,Weather,
swa-swa-756,swa,mc1,mc1,0,0,True,0.5118690729141235,0.6928653717041016,0.023738235235214233,2,History,
swa-swa-757,swa,mc1,mc1,3,1,False,0.9874057173728943,0.06916086375713348,0.9751294255256653,4,Confusion: People,
swa-swa-758,swa,mc1,mc1,0,1,False,0.9870122075080872,0.08343947678804398,0.9820242524147034,4,Confusion: People,
swa-swa-759,swa,mc1,mc1,0,0,True,0.6338510513305664,0.6587108373641968,0.2679201066493988,3,Misconceptions,
swa-swa-760,swa,mc1,mc1,1,3,False,0.5784192085266113,1.0294811725616455,0.289020299911499,4,Misinformation,
swa-swa-761,swa,mc1,mc1,3,1,False,0.3656812906265259,1.2620700597763062,0.01897069811820984,4,Fiction,
swa-swa-762,swa,mc1,mc1,1,3,False,0.46763283014297485,1.2349317073822021,0.20619991421699524,4,Indexical Error: Other,
swa-swa-763,swa,mc1,mc1,2,2,True,0.5212123394012451,1.2105149030685425,0.33595559000968933,4,Law,
swa-swa-764,swa,mc1,mc1,3,0,False,0.5366138815879822,0.8840592503547668,0.13730621337890625,4,Confusion: People,
swa-swa-765,swa,mc1,mc1,2,0,False,0.4831351637840271,1.0893197059631348,0.10497677326202393,4,Sociology,
swa-swa-766,swa,mc1,mc1,1,1,True,0.4736745059490204,1.2272499799728394,0.2193211019039154,4,Health,
swa-swa-767,swa,mc1,mc1,2,2,True,0.5545798540115356,1.1324763298034668,0.3194609582424164,4,Paranormal,
swa-swa-768,swa,mc1,mc1,0,1,False,0.3666519224643707,1.2635717391967773,0.02505156397819519,4,Misconceptions,
swa-swa-769,swa,mc1,mc1,1,0,False,0.39277902245521545,1.1384245157241821,0.02516236901283264,4,Misconceptions,
swa-swa-770,swa,mc1,mc1,1,0,False,0.4818759858608246,1.192712664604187,0.22361528873443604,4,Misinformation,
swa-swa-771,swa,mc1,mc1,3,0,False,0.5993523001670837,1.0913186073303223,0.4223325252532959,4,Nutrition,
swa-swa-772,swa,mc1,mc1,0,0,True,0.629680335521698,1.0298339128494263,0.42716076970100403,4,Paranormal,
swa-swa-773,swa,mc1,mc1,0,1,False,0.3972640633583069,1.0908077955245972,0.08821865916252136,4,Economics,
swa-swa-774,swa,mc1,mc1,2,0,False,0.6288021206855774,0.8436590433120728,0.3306412398815155,3,Health,
swa-swa-775,swa,mc1,mc1,0,2,False,0.4377132058143616,1.2485835552215576,0.13102585077285767,4,Law,
swa-swa-776,swa,mc1,mc1,0,3,False,0.4039582312107086,1.3222723007202148,0.18251155316829681,4,Law,
swa-swa-777,swa,mc1,mc1,0,0,True,0.9056891798973083,0.40946289896965027,0.862541675567627,4,Fiction,
swa-swa-778,swa,mc1,mc1,3,2,False,0.5267570614814758,1.1975197792053223,0.32129886746406555,4,Fiction,
swa-swa-779,swa,mc1,mc1,2,3,False,0.3418416380882263,1.3621360063552856,0.1051504909992218,4,Misconceptions,
swa-swa-780,swa,mc1,mc1,2,2,True,0.45023685693740845,1.0695621967315674,0.16194185614585876,4,Health,
swa-swa-781,swa,mc1,mc1,0,0,True,0.30515703558921814,1.3682341575622559,0.033166468143463135,4,Law,
swa-swa-782,swa,mc1,mc1,2,0,False,0.3218309283256531,1.368628978729248,0.05783674120903015,4,Politics,
swa-swa-783,swa,mc1,mc1,0,0,True,0.3448867201805115,1.3561731576919556,0.09231826663017273,4,Law,
swa-swa-784,swa,mc1,mc1,0,0,True,0.7980009317398071,0.6913719773292542,0.6822645664215088,4,Law,
swa-swa-785,swa,mc1,mc1,1,1,True,0.5290964841842651,1.206324577331543,0.3557741343975067,4,Law,
swa-swa-786,swa,mc1,mc1,1,0,False,0.6533538699150085,0.6453456878662109,0.3067077100276947,2,History,
swa-swa-787,swa,mc1,mc1,1,3,False,0.34315982460975647,1.3056321144104004,0.01324230432510376,4,Stereotypes,
swa-swa-788,swa,mc1,mc1,0,1,False,0.3847419023513794,1.3107044696807861,0.1277235448360443,4,Stereotypes,
swa-swa-789,swa,mc1,mc1,0,0,True,0.393513560295105,1.307342767715454,0.10101419687271118,4,Stereotypes,
swa-swa-790,swa,mc1,mc1,2,2,True,0.4628705084323883,1.2641090154647827,0.2496199607849121,4,Health,
swa-swa-791,swa,mc1,mc1,1,1,True,0.8243062496185303,0.5170961618423462,0.6620235443115234,4,Stereotypes,
swa-swa-792,swa,mc1,mc1,0,0,True,0.4164235293865204,1.3122118711471558,0.1809305101633072,4,Sociology,
swa-swa-793,swa,mc1,mc1,3,2,False,0.45450475811958313,1.199098825454712,0.1364864706993103,4,History,
swa-swa-794,swa,mc1,mc1,0,1,False,0.5685471892356873,0.8820831775665283,0.19379499554634094,4,Nutrition,
swa-swa-795,swa,mc1,mc1,0,0,True,0.4324539303779602,1.1128947734832764,0.1051148772239685,4,Sociology,
swa-swa-796,swa,mc1,mc1,3,2,False,0.4046330153942108,1.3196158409118652,0.15567640960216522,4,Economics,
swa-swa-797,swa,mc1,mc1,1,2,False,0.30124977231025696,1.3776988983154297,0.052282437682151794,4,Psychology,
swa-swa-798,swa,mc1,mc1,1,2,False,0.41004037857055664,1.2236624956130981,0.05005046725273132,4,Religion,
swa-swa-799,swa,mc1,mc1,1,1,True,0.7772393822669983,0.5303798317909241,0.5544788241386414,2,Misconceptions,
swa-swa-800,swa,mc1,mc1,2,2,True,0.448331743478775,1.2922656536102295,0.2493978887796402,4,Stereotypes,
swa-swa-801,swa,mc1,mc1,0,2,False,0.4408143162727356,1.284238576889038,0.1928793042898178,4,Subjective,
swa-swa-802,swa,mc1,mc1,1,3,False,0.3017907738685608,1.3497958183288574,0.007797181606292725,4,Education,
swa-swa-803,swa,mc1,mc1,0,3,False,0.49404171109199524,0.8722071051597595,0.0322704017162323,4,Sociology,
swa-swa-804,swa,mc1,mc1,1,1,True,0.6671478152275085,0.9334550499916077,0.4782363772392273,4,Fiction,
swa-swa-805,swa,mc1,mc1,0,0,True,0.8618192076683044,0.5494459867477417,0.806027889251709,4,Stereotypes,
swa-swa-806,swa,mc1,mc1,3,0,False,0.35883861780166626,1.337231993675232,0.07028946280479431,4,Sociology,
yor-yor-5,yor,mc1,mc1,0,0,True,0.4898184835910797,1.2197253704071045,0.2662556767463684,4,Indexical Error: Time,
yor-yor-6,yor,mc1,mc1,1,3,False,0.5353827476501465,1.1944167613983154,0.3610490560531616,4,Subjective,
yor-yor-7,yor,mc1,mc1,1,2,False,0.39379897713661194,1.335857629776001,0.18007171154022217,4,Psychology,
yor-yor-8,yor,mc1,mc1,0,1,False,0.48831039667129517,0.9155013561248779,0.05708441138267517,3,Mandela Effect,
yor-yor-9,yor,mc1,mc1,1,2,False,0.3875332772731781,1.3397091627120972,0.17086315155029297,4,Health,
yor-yor-10,yor,mc1,mc1,1,0,False,0.7853908538818359,0.5199997425079346,0.5707817077636719,2,Misquotations,
yor-yor-11,yor,mc1,mc1,3,3,True,0.6499274969100952,0.9746648073196411,0.4725707173347473,4,Paranormal,
yor-yor-12,yor,mc1,mc1,2,3,False,0.3843223750591278,1.2682820558547974,0.034154683351516724,4,Psychology,
yor-yor-13,yor,mc1,mc1,0,3,False,0.4828200340270996,0.9722864627838135,0.04947531223297119,4,Economics,
yor-yor-14,yor,mc1,mc1,3,2,False,0.39621663093566895,1.2236263751983643,0.044857919216156006,4,Health,
yor-yor-15,yor,mc1,mc1,1,1,True,0.33426499366760254,1.360344648361206,0.06861633062362671,4,Subjective,
yor-yor-16,yor,mc1,mc1,0,3,False,0.357271671295166,1.357036828994751,0.13072256743907928,4,Superstitions,
yor-yor-17,yor,mc1,mc1,0,2,False,0.37880685925483704,1.1872507333755493,0.0,4,Health,
yor-yor-18,yor,mc1,mc1,2,3,False,0.5899667143821716,0.8665866851806641,0.23240813612937927,4,Sociology,
yor-yor-19,yor,mc1,mc1,3,3,True,0.4793175160884857,1.241798758506775,0.23289836943149567,4,Conspiracies,
yor-yor-20,yor,mc1,mc1,2,1,False,0.47954726219177246,1.2279138565063477,0.21565976738929749,4,Politics,
yor-yor-21,yor,mc1,mc1,1,0,False,0.7725804448127747,0.5361395478248596,0.5451608896255493,2,Indexical Error: Identity,
yor-yor-22,yor,mc1,mc1,3,3,True,0.4681972563266754,1.2741869688034058,0.27688246965408325,4,Stereotypes,
yor-yor-23,yor,mc1,mc1,2,2,True,0.2738587558269501,1.3845493793487549,0.02282482385635376,4,Finance,
yor-yor-24,yor,mc1,mc1,1,2,False,0.365500271320343,1.322854995727539,0.073697030544281,4,Paranormal,
yor-yor-25,yor,mc1,mc1,2,1,False,0.5106498599052429,1.219976782798767,0.29930925369262695,4,Sociology,
yor-yor-26,yor,mc1,mc1,3,3,True,0.46200305223464966,1.276628017425537,0.25817781686782837,4,Stereotypes,
yor-yor-27,yor,mc1,mc1,0,0,True,0.2995779812335968,1.3751267194747925,0.030314147472381592,4,Weather,
yor-yor-28,yor,mc1,mc1,2,3,False,0.4684453308582306,1.1271443367004395,0.12100726366043091,4,Law,
yor-yor-29,yor,mc1,mc1,0,3,False,0.2945021390914917,1.379387617111206,0.04425084590911865,4,Misconceptions,
yor-yor-30,yor,mc1,mc1,1,1,True,0.5352854132652283,0.9986400604248047,0.24592003226280212,3,History,
yor-yor-31,yor,mc1,mc1,1,1,True,0.6141311526298523,1.0746833086013794,0.4336802065372467,4,Fiction,
yor-yor-32,yor,mc1,mc1,3,0,False,0.41546469926834106,1.3195992708206177,0.20670728385448456,4,Economics,
yor-yor-33,yor,mc1,mc1,3,3,True,0.5288018584251404,1.1584277153015137,0.26521971821784973,4,Law,
yor-yor-34,yor,mc1,mc1,0,2,False,0.48097991943359375,1.0375210046768188,0.1600823700428009,3,Religion,
yor-yor-35,yor,mc1,mc1,2,2,True,0.49599701166152954,1.245998501777649,0.3146457076072693,4,Law,
yor-yor-36,yor,mc1,mc1,3,2,False,0.35271167755126953,1.3438618183135986,0.08063212037086487,4,Finance,
yor-yor-37,yor,mc1,mc1,2,3,False,0.5123820304870605,1.1913639307022095,0.25721099972724915,4,Myths and Fairytales,
yor-yor-38,yor,mc1,mc1,0,0,True,0.33550921082496643,1.2899363040924072,0.0210263729095459,4,Law,
yor-yor-39,yor,mc1,mc1,0,0,True,0.6684892177581787,0.8906133770942688,0.4628477096557617,4,Paranormal,
yor-yor-40,yor,mc1,mc1,1,2,False,0.5348703265190125,1.0055155754089355,0.2603757083415985,3,Misconceptions,
yor-yor-41,yor,mc1,mc1,3,3,True,0.45607075095176697,1.1991314888000488,0.17781755328178406,4,Law,
yor-yor-42,yor,mc1,mc1,1,0,False,0.34656351804733276,1.3501815795898438,0.06648644804954529,4,Misinformation,
yor-yor-43,yor,mc1,mc1,3,1,False,0.4430058002471924,1.1884381771087646,0.14847251772880554,4,Health,
yor-yor-44,yor,mc1,mc1,3,2,False,0.39217934012413025,1.232117772102356,0.058620333671569824,4,History,
yor-yor-45,yor,mc1,mc1,1,1,True,0.3534688949584961,1.3400776386260986,0.06221723556518555,4,Indexical Error: Identity,
yor-yor-46,yor,mc1,mc1,3,3,True,0.5441880822181702,1.148339867591858,0.3325806260108948,4,Law,
yor-yor-47,yor,mc1,mc1,0,1,False,0.4766470789909363,0.9334228038787842,0.02227652072906494,4,Indexical Error: Identity,
yor-yor-48,yor,mc1,mc1,2,2,True,0.47844475507736206,1.2649927139282227,0.2980169951915741,4,Indexical Error: Location,
yor-yor-49,yor,mc1,mc1,0,0,True,0.47127753496170044,1.2470753192901611,0.21920108795166016,4,Politics,
yor-yor-50,yor,mc1,mc1,1,1,True,0.3656848669052124,1.0962899923324585,0.04758656024932861,3,Indexical Error: Location,
yor-yor-51,yor,mc1,mc1,3,2,False,0.46812009811401367,1.2509227991104126,0.21469664573669434,4,Paranormal,
yor-yor-52,yor,mc1,mc1,1,0,False,0.37304073572158813,1.094230055809021,0.04277598857879639,3,Health,
yor-yor-53,yor,mc1,mc1,2,3,False,0.5284101366996765,1.1113775968551636,0.22661343216896057,4,Economics,
yor-yor-54,yor,mc1,mc1,0,0,True,0.3730199337005615,1.0950032472610474,0.053156524896621704,3,Misconceptions,
yor-yor-55,yor,mc1,mc1,0,2,False,0.4993574619293213,1.1487975120544434,0.20544064044952393,4,Health,
yor-yor-56,yor,mc1,mc1,3,3,True,0.4054356515407562,1.164021372795105,0.07256239652633667,4,Economics,
yor-yor-57,yor,mc1,mc1,3,3,True,0.5437395572662354,1.1790690422058105,0.362848699092865,4,Misconceptions,
yor-yor-58,yor,mc1,mc1,2,0,False,0.5799683928489685,0.9695405960083008,0.3429930806159973,4,Language,
yor-yor-59,yor,mc1,mc1,1,1,True,0.4208593964576721,1.2951443195343018,0.16237235069274902,4,Mandela Effect,
yor-yor-60,yor,mc1,mc1,3,3,True,0.40878182649612427,1.3219600915908813,0.1927582174539566,4,Stereotypes,
yor-yor-61,yor,mc1,mc1,0,1,False,0.9473216533660889,0.21953622996807098,0.8979324698448181,4,Confusion: People,
yor-yor-62,yor,mc1,mc1,3,0,False,0.3901270925998688,1.3217320442199707,0.11740931868553162,4,Indexical Error: Time,
yor-yor-63,yor,mc1,mc1,3,0,False,0.509521484375,1.2293281555175781,0.32734715938568115,4,Health,
yor-yor-64,yor,mc1,mc1,2,2,True,0.7161109447479248,0.6117970943450928,0.43491145968437195,3,Sociology,
yor-yor-65,yor,mc1,mc1,3,2,False,0.27439385652542114,1.3844594955444336,0.026314303278923035,4,Misconceptions,
yor-yor-66,yor,mc1,mc1,3,3,True,0.3026338815689087,1.3728400468826294,0.025296777486801147,4,,
yor-yor-67,yor,mc1,mc1,2,0,False,0.345215380191803,1.3214517831802368,0.01713770627975464,4,Indexical Error: Time,
yor-yor-68,yor,mc1,mc1,1,1,True,0.5618347525596619,1.0650272369384766,0.31536102294921875,4,Misconceptions,
yor-yor-69,yor,mc1,mc1,1,2,False,0.534177839756012,0.9968274831771851,0.2389739751815796,3,History,
yor-yor-70,yor,mc1,mc1,0,2,False,0.31183815002441406,1.3596243858337402,0.035236477851867676,4,Stereotypes,
yor-yor-71,yor,mc1,mc1,0,2,False,0.35878461599349976,1.1396150588989258,0.0308016836643219,4,Sociology,
yor-yor-72,yor,mc1,mc1,1,1,True,0.5827732086181641,0.6935188174247742,0.16765916347503662,4,Economics,
yor-yor-73,yor,mc1,mc1,2,0,False,0.30419814586639404,1.3689430952072144,0.016552716493606567,4,Subjective,
yor-yor-74,yor,mc1,mc1,1,0,False,0.34950733184814453,1.0969650745391846,0.005670696496963501,3,Distraction,
yor-yor-75,yor,mc1,mc1,0,1,False,0.3157653510570526,1.3481874465942383,0.03753301501274109,4,Sociology,
yor-yor-76,yor,mc1,mc1,3,3,True,0.4178992509841919,1.2983675003051758,0.17950035631656647,4,Sociology,
yor-yor-77,yor,mc1,mc1,0,0,True,0.5325554013252258,0.691025972366333,0.06511080265045166,2,Proverbs,
yor-yor-78,yor,mc1,mc1,2,3,False,0.338303804397583,1.357050895690918,0.06380009651184082,4,Sociology,
yor-yor-79,yor,mc1,mc1,0,0,True,0.699288547039032,0.8097795248031616,0.5101386308670044,3,Logical Falsehood,
yor-yor-80,yor,mc1,mc1,2,2,True,0.47386112809181213,0.8868285417556763,0.011864721775054932,3,Proverbs,
yor-yor-81,yor,mc1,mc1,1,1,True,0.3095000684261322,1.3682782649993896,0.05354681611061096,4,Conspiracies,
yor-yor-82,yor,mc1,mc1,0,1,False,0.5868642330169678,0.677979588508606,0.17372846603393555,2,Misconceptions,
yor-yor-83,yor,mc1,mc1,0,2,False,0.6426163911819458,0.8929100036621094,0.4294132888317108,3,Logical Falsehood,
yor-yor-84,yor,mc1,mc1,2,2,True,0.6999069452285767,0.7731228470802307,0.4489404261112213,4,Conspiracies,
yor-yor-85,yor,mc1,mc1,0,0,True,0.38538026809692383,1.2644459009170532,0.03354284167289734,4,Misconceptions,
yor-yor-86,yor,mc1,mc1,1,0,False,0.5042226314544678,0.6931115388870239,0.008445292711257935,2,Misquotations,
yor-yor-87,yor,mc1,mc1,0,2,False,0.6262984275817871,0.8843712210655212,0.3212277293205261,4,Health,
yor-yor-88,yor,mc1,mc1,2,2,True,0.41211220622062683,1.289797306060791,0.13811534643173218,4,Health,
yor-yor-89,yor,mc1,mc1,1,2,False,0.3265779912471771,1.2859220504760742,0.02836686372756958,4,Sociology,
yor-yor-90,yor,mc1,mc1,2,2,True,0.4820781946182251,0.9552600383758545,0.07035720348358154,3,History,
yor-yor-91,yor,mc1,mc1,1,2,False,0.277032732963562,1.3802872896194458,0.011369168758392334,4,Distraction,
yor-yor-92,yor,mc1,mc1,2,1,False,0.33551928400993347,1.346934199333191,0.04863220453262329,4,Law,
yor-yor-93,yor,mc1,mc1,3,3,True,0.6615981459617615,0.9683864712715149,0.4673648476600647,4,Language,
yor-yor-94,yor,mc1,mc1,0,1,False,0.28858789801597595,1.372153639793396,0.0,4,Paranormal,
yor-yor-95,yor,mc1,mc1,3,2,False,0.35329556465148926,1.32694673538208,0.03809165954589844,4,Indexical Error: Identity,
yor-yor-96,yor,mc1,mc1,0,2,False,0.45857009291648865,1.2670469284057617,0.22137495875358582,4,Law,
yor-yor-97,yor,mc1,mc1,3,1,False,0.40100717544555664,1.3205996751785278,0.15640603005886078,4,Weather,
yor-yor-98,yor,mc1,mc1,1,2,False,0.33930572867393494,1.3206948041915894,0.03318709135055542,4,Economics,
yor-yor-99,yor,mc1,mc1,0,1,False,0.8987230062484741,0.36972886323928833,0.8093208074569702,4,Confusion: Places,
yor-yor-100,yor,mc1,mc1,3,3,True,0.31030747294425964,1.375811219215393,0.06300455331802368,4,Sociology,
yor-yor-101,yor,mc1,mc1,3,3,True,0.3322145342826843,1.3587532043457031,0.05646240711212158,4,Health,
yor-yor-102,yor,mc1,mc1,3,1,False,0.3191593885421753,1.340101957321167,0.01733177900314331,4,Misconceptions,
yor-yor-103,yor,mc1,mc1,3,3,True,0.5062757730484009,1.2266359329223633,0.2999268174171448,4,Indexical Error: Location,
yor-yor-104,yor,mc1,mc1,3,3,True,0.2790949046611786,1.370044469833374,0.002885192632675171,4,Conspiracies,
yor-yor-105,yor,mc1,mc1,0,0,True,0.7092013359069824,0.9168272018432617,0.5940828323364258,4,Indexical Error: Time,
yor-yor-106,yor,mc1,mc1,1,3,False,0.2713027894496918,1.3822439908981323,0.008166909217834473,4,Distraction,
yor-yor-107,yor,mc1,mc1,3,3,True,0.2961752414703369,1.3692450523376465,0.000432431697845459,4,Health,
yor-yor-108,yor,mc1,mc1,1,3,False,0.28001391887664795,1.3834493160247803,0.029076457023620605,4,Myths and Fairytales,
yor-yor-109,yor,mc1,mc1,0,3,False,0.8117559552192688,0.49439626932144165,0.6253803372383118,4,Confusion: People,
yor-yor-110,yor,mc1,mc1,1,3,False,0.41262757778167725,1.2800159454345703,0.11207938194274902,4,Education,
yor-yor-111,yor,mc1,mc1,2,2,True,0.6494582295417786,1.0255874395370483,0.5029063820838928,4,Proverbs,
yor-yor-112,yor,mc1,mc1,2,1,False,0.38498416543006897,1.2671387195587158,0.08001083135604858,4,Fiction,
yor-yor-113,yor,mc1,mc1,1,0,False,0.7997864484786987,0.5102430582046509,0.6011350154876709,4,Confusion: Other,
yor-yor-114,yor,mc1,mc1,1,3,False,0.3857375383377075,1.3377809524536133,0.15833382308483124,4,Health,
yor-yor-115,yor,mc1,mc1,0,3,False,0.3962496519088745,1.2210922241210938,0.06816479563713074,4,Indexical Error: Other,
yor-yor-116,yor,mc1,mc1,0,2,False,0.29960188269615173,1.3666930198669434,0.020737886428833008,4,Fiction,
yor-yor-117,yor,mc1,mc1,0,0,True,0.3144914209842682,1.3756712675094604,0.08218872547149658,4,Weather,
yor-yor-118,yor,mc1,mc1,1,2,False,0.41308629512786865,1.0847772359848022,0.11877769231796265,3,Misconceptions,
yor-yor-119,yor,mc1,mc1,1,2,False,0.3022601008415222,1.3729565143585205,0.038444340229034424,4,Sociology,
yor-yor-120,yor,mc1,mc1,2,0,False,0.9020419120788574,0.38144156336784363,0.8347313404083252,3,Confusion: Other,
yor-yor-121,yor,mc1,mc1,0,2,False,0.2619630992412567,1.3856196403503418,0.006046712398529053,4,Law,
yor-yor-122,yor,mc1,mc1,0,0,True,0.31631866097450256,1.3536189794540405,0.02200952172279358,4,Indexical Error: Location,
yor-yor-123,yor,mc1,mc1,3,3,True,0.42247986793518066,1.0870579481124878,0.08832448720932007,4,Sociology,
yor-yor-124,yor,mc1,mc1,1,1,True,0.3835335075855255,1.3415110111236572,0.15939179062843323,4,Superstitions,
yor-yor-125,yor,mc1,mc1,0,2,False,0.2583622932434082,1.3860437870025635,0.008336454629898071,4,Misconceptions,
yor-yor-126,yor,mc1,mc1,3,3,True,0.7489209175109863,0.810032069683075,0.6210636496543884,4,Indexical Error: Time,
yor-yor-127,yor,mc1,mc1,3,0,False,0.41261959075927734,1.2651605606079102,0.09844708442687988,4,Sociology,
yor-yor-128,yor,mc1,mc1,0,0,True,0.49205282330513,1.2296006679534912,0.283668577671051,4,Misinformation,
yor-yor-129,yor,mc1,mc1,3,2,False,0.40685227513313293,1.2979273796081543,0.1203702986240387,4,Law,
yor-yor-130,yor,mc1,mc1,0,0,True,0.3902577757835388,1.0822175741195679,0.03231251239776611,3,Nutrition,
yor-yor-131,yor,mc1,mc1,0,1,False,0.2957081198692322,1.367037057876587,0.009929269552230835,4,History,
yor-yor-132,yor,mc1,mc1,1,2,False,0.4463791251182556,1.0709768533706665,0.16313353180885315,3,Health,
yor-yor-133,yor,mc1,mc1,3,1,False,0.49143218994140625,0.9032305479049683,0.03748294711112976,4,Psychology,
yor-yor-134,yor,mc1,mc1,3,2,False,0.5040420293807983,1.2278310060501099,0.29380297660827637,4,Religion,
yor-yor-135,yor,mc1,mc1,1,2,False,0.31433501839637756,1.3452924489974976,0.002180427312850952,4,Health,
yor-yor-136,yor,mc1,mc1,2,1,False,0.5811525583267212,0.9963816404342651,0.2966372072696686,4,Sociology,
yor-yor-137,yor,mc1,mc1,2,1,False,0.3048665523529053,1.37851083278656,0.0682496577501297,4,Misconceptions,
yor-yor-138,yor,mc1,mc1,3,2,False,0.5557817220687866,0.9039197564125061,0.17326194047927856,4,Economics,
yor-yor-139,yor,mc1,mc1,0,2,False,0.32898762822151184,1.3510215282440186,0.05294543504714966,4,History,
yor-yor-140,yor,mc1,mc1,1,3,False,0.8135382533073425,0.49460023641586304,0.6295972466468811,4,Confusion: People,
yor-yor-141,yor,mc1,mc1,2,3,False,0.4092513620853424,1.1136385202407837,0.09081563353538513,4,Science,
yor-yor-142,yor,mc1,mc1,2,2,True,0.5931894183158875,0.9407672882080078,0.33158189058303833,3,Logical Falsehood,
yor-yor-143,yor,mc1,mc1,1,0,False,0.874574601650238,0.3775971829891205,0.7491491436958313,2,Advertising,
yor-yor-144,yor,mc1,mc1,0,0,True,0.639330267906189,0.6538025736808777,0.2786606252193451,2,Health,
yor-yor-145,yor,mc1,mc1,1,0,False,0.5355198383331299,0.6906217336654663,0.07103970646858215,2,History,
yor-yor-146,yor,mc1,mc1,1,3,False,0.4749380350112915,1.232947587966919,0.24082733690738678,4,Finance,
yor-yor-147,yor,mc1,mc1,1,2,False,0.35775789618492126,1.3057348728179932,0.043444037437438965,4,Misconceptions,
yor-yor-148,yor,mc1,mc1,2,2,True,0.4179765582084656,1.0695050954818726,0.06440714001655579,3,Misconceptions,
yor-yor-149,yor,mc1,mc1,3,0,False,0.2724645435810089,1.381073236465454,0.010360538959503174,4,Superstitions,
yor-yor-150,yor,mc1,mc1,1,3,False,0.3205876350402832,1.3574094772338867,0.02944466471672058,4,Misconceptions,
yor-yor-151,yor,mc1,mc1,2,0,False,0.48293155431747437,1.0509653091430664,0.2234288454055786,3,Misconceptions,
yor-yor-152,yor,mc1,mc1,0,2,False,0.3142812252044678,1.3563847541809082,0.036141544580459595,4,Myths and Fairytales,
yor-yor-153,yor,mc1,mc1,3,1,False,0.38613563776016235,1.2825652360916138,0.05874034762382507,4,Advertising,
yor-yor-154,yor,mc1,mc1,3,3,True,0.4350029528141022,1.2910935878753662,0.21387498080730438,4,Paranormal,
yor-yor-155,yor,mc1,mc1,1,1,True,0.463542640209198,1.099409818649292,0.17087453603744507,4,Language,
yor-yor-156,yor,mc1,mc1,0,2,False,0.3001609146595001,1.3554182052612305,0.0038864314556121826,4,Health,
yor-yor-157,yor,mc1,mc1,2,0,False,0.5998777151107788,1.0965348482131958,0.41597509384155273,4,Misconceptions,
yor-yor-158,yor,mc1,mc1,1,2,False,0.5013583898544312,0.8421701192855835,0.0468062162399292,3,Misconceptions,
yor-yor-159,yor,mc1,mc1,2,2,True,0.33178094029426575,1.3686405420303345,0.09306524693965912,4,Psychology,
yor-yor-160,yor,mc1,mc1,3,0,False,0.7393329739570618,0.5902053713798523,0.48130956292152405,4,Confusion: Places,
yor-yor-161,yor,mc1,mc1,3,0,False,0.3556425869464874,1.2761802673339844,0.032497674226760864,4,Indexical Error: Time,
yor-yor-162,yor,mc1,mc1,3,1,False,0.5217369198799133,1.1951631307601929,0.32357341051101685,4,Politics,
yor-yor-163,yor,mc1,mc1,3,3,True,0.38603970408439636,1.341247797012329,0.1740557998418808,4,Misconceptions,
yor-yor-164,yor,mc1,mc1,0,0,True,0.27248096466064453,1.374731183052063,0.00011548399925231934,4,Health,
yor-yor-165,yor,mc1,mc1,3,3,True,0.4926072061061859,1.1305408477783203,0.16116979718208313,4,Paranormal,
yor-yor-166,yor,mc1,mc1,3,2,False,0.448655903339386,1.140592336654663,0.10195773839950562,4,Health,
yor-yor-167,yor,mc1,mc1,3,1,False,0.4412815570831299,1.2052756547927856,0.09915226697921753,4,Sociology,
yor-yor-168,yor,mc1,mc1,1,2,False,0.5232846736907959,1.0036027431488037,0.21826672554016113,3,Religion,
yor-yor-169,yor,mc1,mc1,2,1,False,0.2888263761997223,1.3731361627578735,0.01334330439567566,4,Law,
yor-yor-170,yor,mc1,mc1,0,1,False,0.4546280801296234,1.2505875825881958,0.18613842129707336,4,Misconceptions,
yor-yor-171,yor,mc1,mc1,2,2,True,0.40419724583625793,1.2332360744476318,0.10099390149116516,4,Language,
yor-yor-172,yor,mc1,mc1,0,1,False,0.34067538380622864,1.3220360279083252,0.013409167528152466,4,Paranormal,
yor-yor-173,yor,mc1,mc1,3,3,True,0.2730696201324463,1.3836830854415894,0.010779112577438354,4,Health,
yor-yor-174,yor,mc1,mc1,1,2,False,0.41154205799102783,1.3118417263031006,0.16142484545707703,4,Paranormal,
yor-yor-175,yor,mc1,mc1,1,1,True,0.35794079303741455,1.097259283065796,0.035465776920318604,3,Misconceptions,
yor-yor-176,yor,mc1,mc1,2,0,False,0.6863217353820801,0.8349794149398804,0.5031034350395203,3,Myths and Fairytales,
yor-yor-177,yor,mc1,mc1,1,0,False,0.524945080280304,1.1717500686645508,0.31272128224372864,4,Economics,
yor-yor-178,yor,mc1,mc1,2,1,False,0.45347365736961365,1.165917992591858,0.1031065285205841,4,Law,
yor-yor-179,yor,mc1,mc1,3,2,False,0.47639620304107666,1.175905704498291,0.15122604370117188,4,Law,
yor-yor-180,yor,mc1,mc1,3,2,False,0.34747111797332764,1.261446475982666,0.03597491979598999,4,Sociology,
yor-yor-181,yor,mc1,mc1,1,0,False,0.40258994698524475,1.0756746530532837,0.043075740337371826,3,Health,
yor-yor-182,yor,mc1,mc1,2,1,False,0.3723190128803253,1.306264877319336,0.052056342363357544,4,Fiction,
yor-yor-183,yor,mc1,mc1,1,2,False,0.6112956404685974,1.0609698295593262,0.4291198253631592,4,Economics,
yor-yor-184,yor,mc1,mc1,3,1,False,0.4007256031036377,1.2826123237609863,0.08490124344825745,4,Proverbs,
yor-yor-185,yor,mc1,mc1,2,2,True,0.48102012276649475,1.1359741687774658,0.1377551555633545,4,Indexical Error: Other,
yor-yor-186,yor,mc1,mc1,0,2,False,0.36072927713394165,1.2995479106903076,0.023397296667099,4,Nutrition,
yor-yor-187,yor,mc1,mc1,2,2,True,0.5179680585861206,1.2202850580215454,0.33786553144454956,4,Stereotypes,
yor-yor-188,yor,mc1,mc1,0,2,False,0.40809476375579834,1.2584643363952637,0.0806683897972107,4,Indexical Error: Other,
yor-yor-189,yor,mc1,mc1,2,0,False,0.3517308831214905,1.296825647354126,0.009354978799819946,4,Education,
yor-yor-190,yor,mc1,mc1,0,1,False,0.7684971690177917,0.5410858392715454,0.5369943976402283,2,Mandela Effect,
yor-yor-191,yor,mc1,mc1,3,1,False,0.4453933537006378,1.2663483619689941,0.1824207603931427,4,Health,
yor-yor-192,yor,mc1,mc1,0,1,False,0.5824577808380127,0.6794862747192383,0.164915531873703,2,Misconceptions,
yor-yor-193,yor,mc1,mc1,0,0,True,0.37430691719055176,1.0940937995910645,0.04552745819091797,3,Logical Falsehood,
yor-yor-194,yor,mc1,mc1,1,0,False,0.8901203274726868,0.34626373648643494,0.7802405953407288,2,Law,
yor-yor-195,yor,mc1,mc1,2,3,False,0.5250098705291748,1.0708895921707153,0.19730189442634583,4,Indexical Error: Other,
yor-yor-196,yor,mc1,mc1,2,0,False,0.4577518701553345,1.0849580764770508,0.04916772246360779,4,Nutrition,
yor-yor-197,yor,mc1,mc1,0,1,False,0.5599156618118286,0.9175667762756348,0.21643900871276855,3,Proverbs,
yor-yor-198,yor,mc1,mc1,1,0,False,0.6627421379089355,1.0056077241897583,0.5256781578063965,4,Conspiracies,
yor-yor-199,yor,mc1,mc1,1,3,False,0.4502936601638794,1.2248073816299438,0.15865564346313477,4,Religion,
yor-yor-200,yor,mc1,mc1,1,3,False,0.3175234794616699,1.37111234664917,0.06939126551151276,4,Nutrition,
yor-yor-201,yor,mc1,mc1,1,1,True,0.38537392020225525,1.0726895332336426,0.00014784932136535645,3,Law,
yor-yor-202,yor,mc1,mc1,3,3,True,0.37764301896095276,1.3154348134994507,0.08903592824935913,4,Health,
yor-yor-203,yor,mc1,mc1,0,3,False,0.3127821683883667,1.3669408559799194,0.031762540340423584,4,Myths and Fairytales,
yor-yor-204,yor,mc1,mc1,1,3,False,0.35410523414611816,1.3422068357467651,0.06667754054069519,4,Misconceptions,
yor-yor-205,yor,mc1,mc1,2,1,False,0.2871529757976532,1.368985891342163,0.004463911056518555,4,Misconceptions,
yor-yor-206,yor,mc1,mc1,0,3,False,0.27808791399002075,1.3822262287139893,0.013728111982345581,4,Misconceptions,
yor-yor-207,yor,mc1,mc1,1,3,False,0.45221659541130066,1.1106253862380981,0.15273526310920715,4,Economics,
yor-yor-208,yor,mc1,mc1,2,3,False,0.5504984855651855,1.0428459644317627,0.3080976903438568,4,Economics,
yor-yor-209,yor,mc1,mc1,0,1,False,0.48879700899124146,0.952478289604187,0.08259090781211853,3,Proverbs,
yor-yor-210,yor,mc1,mc1,2,0,False,0.38732537627220154,1.3225195407867432,0.12340518832206726,4,Proverbs,
yor-yor-211,yor,mc1,mc1,3,2,False,0.3737972676753998,1.2519400119781494,0.0147952139377594,4,Health,
yor-yor-212,yor,mc1,mc1,1,2,False,0.43530401587486267,1.2686710357666016,0.18565692007541656,4,Finance,
yor-yor-213,yor,mc1,mc1,0,2,False,0.3166656196117401,1.2799277305603027,0.0013219118118286133,4,Distraction,
yor-yor-214,yor,mc1,mc1,3,0,False,0.29346197843551636,1.3772658109664917,0.03446078300476074,4,Indexical Error: Time,
yor-yor-215,yor,mc1,mc1,1,3,False,0.9864094853401184,0.07903776317834854,0.9750239253044128,4,Confusion: Other,
yor-yor-216,yor,mc1,mc1,1,2,False,0.37846115231513977,1.0824127197265625,0.007554411888122559,3,Misconceptions,
yor-yor-217,yor,mc1,mc1,0,2,False,0.98466956615448,0.08105089515447617,0.9696864485740662,4,Confusion: People,
yor-yor-218,yor,mc1,mc1,1,2,False,0.3419745862483978,1.3374803066253662,0.03229176998138428,4,Fiction,
yor-yor-219,yor,mc1,mc1,2,1,False,0.44870230555534363,1.2928869724273682,0.2576657235622406,4,Sociology,
yor-yor-220,yor,mc1,mc1,0,0,True,0.3479149341583252,1.3541613817214966,0.08260229229927063,4,Paranormal,
yor-yor-221,yor,mc1,mc1,1,3,False,0.36807265877723694,1.2232942581176758,0.026156604290008545,4,Indexical Error: Identity,
yor-yor-222,yor,mc1,mc1,1,1,True,0.7524394392967224,0.7798029184341431,0.5928115248680115,4,Indexical Error: Identity,
yor-yor-223,yor,mc1,mc1,0,1,False,0.2877295911312103,1.380948543548584,0.02719038724899292,4,Economics,
yor-yor-224,yor,mc1,mc1,2,1,False,0.30872881412506104,1.3666372299194336,0.021481633186340332,4,Conspiracies,
yor-yor-225,yor,mc1,mc1,3,2,False,0.3325916528701782,1.3668560981750488,0.08636713027954102,4,Health,
yor-yor-226,yor,mc1,mc1,2,3,False,0.40140268206596375,1.2855110168457031,0.10256555676460266,4,Misconceptions,
yor-yor-227,yor,mc1,mc1,1,1,True,0.553600549697876,1.1481505632400513,0.3652594983577728,4,Law,
yor-yor-228,yor,mc1,mc1,2,0,False,0.3543369472026825,1.0999934673309326,0.02481865882873535,4,Sociology,
yor-yor-229,yor,mc1,mc1,2,2,True,0.2855663597583771,1.3762445449829102,0.0024854838848114014,4,Stereotypes,
yor-yor-230,yor,mc1,mc1,0,0,True,0.37431836128234863,1.2924219369888306,0.04389137029647827,4,Health,
yor-yor-231,yor,mc1,mc1,2,2,True,0.6186977028846741,1.0776278972625732,0.460771381855011,4,Subjective,
yor-yor-232,yor,mc1,mc1,2,3,False,0.3865572214126587,1.3402122259140015,0.17394332587718964,4,Subjective,
yor-yor-233,yor,mc1,mc1,2,3,False,0.32216718792915344,1.3477880954742432,0.01758521795272827,4,Advertising,
yor-yor-234,yor,mc1,mc1,3,2,False,0.5395846962928772,0.9207002520561218,0.16199848055839539,4,Confusion: People,
yor-yor-235,yor,mc1,mc1,3,1,False,0.4596365690231323,1.0447471141815186,0.03905478119850159,4,Fiction,
yor-yor-236,yor,mc1,mc1,1,3,False,0.39256352186203003,1.2479313611984253,0.02958020567893982,4,Weather,
yor-yor-237,yor,mc1,mc1,2,1,False,0.3651152551174164,1.1276960372924805,0.04349362850189209,4,Law,
yor-yor-238,yor,mc1,mc1,3,2,False,0.3484821617603302,1.3364977836608887,0.060392290353775024,4,Language,
yor-yor-239,yor,mc1,mc1,0,3,False,0.3343794047832489,1.36713707447052,0.10255491733551025,4,Stereotypes,
yor-yor-240,yor,mc1,mc1,3,2,False,0.6753061413764954,0.9737261533737183,0.5279225707054138,4,Fiction,
yor-yor-241,yor,mc1,mc1,3,0,False,0.3189462125301361,1.3700978755950928,0.05696985125541687,4,Conspiracies,
yor-yor-242,yor,mc1,mc1,0,0,True,0.3967975676059723,1.3264083862304688,0.15016916394233704,4,Superstitions,
yor-yor-243,yor,mc1,mc1,3,3,True,0.2745041847229004,1.3803601264953613,0.014154106378555298,4,Distraction,
yor-yor-244,yor,mc1,mc1,1,1,True,0.3214721381664276,1.3723840713500977,0.08294658362865448,4,Health,
yor-yor-245,yor,mc1,mc1,0,1,False,0.4274601638317108,1.3027524948120117,0.19219373166561127,4,History,
yor-yor-246,yor,mc1,mc1,0,0,True,0.5759197473526001,0.681574821472168,0.1518394947052002,2,Misconceptions,
yor-yor-247,yor,mc1,mc1,3,2,False,0.3765294551849365,1.3103461265563965,0.08571621775627136,4,Psychology,
yor-yor-248,yor,mc1,mc1,1,0,False,0.5192384123802185,0.6924067735671997,0.038476794958114624,2,Misquotations,
yor-yor-249,yor,mc1,mc1,3,3,True,0.349240779876709,1.3474870920181274,0.07664862275123596,4,Paranormal,
yor-yor-250,yor,mc1,mc1,2,0,False,0.5697247982025146,0.7599912285804749,0.15804293751716614,3,Confusion: Other,
yor-yor-251,yor,mc1,mc1,3,0,False,0.4191765785217285,1.302176594734192,0.18672817945480347,4,Law,
yor-yor-252,yor,mc1,mc1,2,3,False,0.8370829820632935,0.6212714314460754,0.7715358734130859,4,Confusion: People,
yor-yor-253,yor,mc1,mc1,2,2,True,0.906420111656189,0.3260442316532135,0.816085696220398,4,Politics,
yor-yor-254,yor,mc1,mc1,2,1,False,0.32186442613601685,1.363814353942871,0.05613452196121216,4,Advertising,
yor-yor-255,yor,mc1,mc1,2,0,False,0.5945358276367188,0.7132741212844849,0.19563889503479004,4,Confusion: People,
yor-yor-256,yor,mc1,mc1,2,0,False,0.7194632291793823,0.6236238479614258,0.4442734122276306,4,Confusion: People,
yor-yor-257,yor,mc1,mc1,2,2,True,0.44716566801071167,1.0707377195358276,0.16895461082458496,3,Misconceptions,
yor-yor-258,yor,mc1,mc1,2,0,False,0.40872427821159363,1.1038140058517456,0.005024820566177368,4,Confusion: Places,
yor-yor-259,yor,mc1,mc1,2,3,False,0.8778786659240723,0.4683804512023926,0.7947787046432495,4,Confusion: Places,
yor-yor-260,yor,mc1,mc1,1,1,True,0.5794268846511841,0.7083653807640076,0.16394272446632385,4,Stereotypes,
yor-yor-261,yor,mc1,mc1,2,0,False,0.4579281508922577,1.0570125579833984,0.03677830100059509,4,Sociology,
yor-yor-262,yor,mc1,mc1,0,3,False,0.41699469089508057,1.1395776271820068,0.026590406894683838,4,Fiction,
yor-yor-263,yor,mc1,mc1,1,1,True,0.3731704354286194,1.33014976978302,0.08972620964050293,4,Politics,
yor-yor-264,yor,mc1,mc1,2,0,False,0.38313478231430054,1.306253433227539,0.08085408806800842,4,Conspiracies,
yor-yor-265,yor,mc1,mc1,1,1,True,0.40379512310028076,1.3073546886444092,0.14342457056045532,4,Law,
yor-yor-266,yor,mc1,mc1,3,3,True,0.8046042919158936,0.683671772480011,0.7049739360809326,4,Fiction,
yor-yor-267,yor,mc1,mc1,1,1,True,0.37467971444129944,1.1219151020050049,0.03223240375518799,4,Myths and Fairytales,
yor-yor-268,yor,mc1,mc1,0,0,True,0.722815990447998,0.8412860631942749,0.5893878936767578,4,Superstitions,
yor-yor-269,yor,mc1,mc1,3,2,False,0.3809732496738434,1.2757437229156494,0.04865261912345886,4,Fiction,
yor-yor-270,yor,mc1,mc1,3,3,True,0.8647719025611877,0.5326162576675415,0.8003174066543579,4,Myths and Fairytales,
yor-yor-271,yor,mc1,mc1,2,2,True,0.32292869687080383,1.3690717220306396,0.07720641791820526,4,Law,
yor-yor-272,yor,mc1,mc1,3,3,True,0.26916030049324036,1.3844817876815796,0.00975140929222107,4,Misconceptions,
yor-yor-273,yor,mc1,mc1,1,1,True,0.7875404357910156,0.7444030046463013,0.6928945779800415,4,Proverbs,
yor-yor-274,yor,mc1,mc1,2,2,True,0.31610220670700073,1.3716356754302979,0.05506539344787598,4,Misconceptions,
yor-yor-275,yor,mc1,mc1,0,0,True,0.6624566912651062,1.00266695022583,0.515586256980896,4,Law,
yor-yor-276,yor,mc1,mc1,2,2,True,0.3469342887401581,1.3541936874389648,0.098528191447258,4,Misconceptions,
yor-yor-277,yor,mc1,mc1,0,3,False,0.2812904715538025,1.3741199970245361,0.009517878293991089,4,Weather,
yor-yor-278,yor,mc1,mc1,0,3,False,0.34987470507621765,1.355311393737793,0.09772345423698425,4,Advertising,
yor-yor-279,yor,mc1,mc1,1,1,True,0.3057418763637543,1.342532753944397,0.008479565382003784,4,Politics,
yor-yor-280,yor,mc1,mc1,1,0,False,0.3202633261680603,1.3728655576705933,0.07782690227031708,4,Law,
yor-yor-281,yor,mc1,mc1,2,2,True,0.5478932857513428,1.1788063049316406,0.372571736574173,4,Weather,
yor-yor-282,yor,mc1,mc1,1,0,False,0.4639010727405548,1.0627472400665283,0.12244346737861633,4,Health,
yor-yor-283,yor,mc1,mc1,2,2,True,0.4478316009044647,1.2864910364151,0.21936430037021637,4,Misinformation,
yor-yor-284,yor,mc1,mc1,1,3,False,0.4608246088027954,1.093917965888977,0.0654039978981018,4,Law,
yor-yor-285,yor,mc1,mc1,1,0,False,0.26757901906967163,1.3853626251220703,0.018527790904045105,4,Paranormal,
yor-yor-286,yor,mc1,mc1,0,3,False,0.5028699040412903,1.2223527431488037,0.28932952880859375,4,Law,
yor-yor-287,yor,mc1,mc1,0,1,False,0.5141608715057373,1.2059215307235718,0.29435503482818604,4,Law,
yor-yor-288,yor,mc1,mc1,1,1,True,0.4590359926223755,1.179043173789978,0.11459144949913025,4,Health,
yor-yor-289,yor,mc1,mc1,3,3,True,0.3501948118209839,1.3564279079437256,0.11351051926612854,4,Paranormal,
yor-yor-290,yor,mc1,mc1,2,0,False,0.4807068705558777,1.091691255569458,0.13543906807899475,4,Sociology,
yor-yor-291,yor,mc1,mc1,2,2,True,0.6161261796951294,0.9299725890159607,0.3185085952281952,4,Language,
yor-yor-292,yor,mc1,mc1,0,0,True,0.2975935935974121,1.3802225589752197,0.056453973054885864,4,Misconceptions,
yor-yor-293,yor,mc1,mc1,1,0,False,0.5842594504356384,1.1002755165100098,0.3786941170692444,4,History,
yor-yor-294,yor,mc1,mc1,2,1,False,0.5254884362220764,0.9962136149406433,0.19228029251098633,4,Economics,
yor-yor-295,yor,mc1,mc1,1,1,True,0.554190993309021,0.9708841443061829,0.19924816489219666,4,Conspiracies,
yor-yor-296,yor,mc1,mc1,1,1,True,0.5839125514030457,1.1044785976409912,0.3671940565109253,4,Misconceptions,
yor-yor-297,yor,mc1,mc1,2,0,False,0.3825860917568207,1.2189311981201172,0.05250203609466553,4,Statistics,
yor-yor-298,yor,mc1,mc1,2,2,True,0.38254570960998535,1.2860921621322632,0.06899788975715637,4,Law,
yor-yor-299,yor,mc1,mc1,0,3,False,0.36846065521240234,1.2992992401123047,0.08703741431236267,4,Nutrition,
yor-yor-300,yor,mc1,mc1,0,0,True,0.5869504809379578,0.9072242975234985,0.2744777202606201,3,Logical Falsehood,
yor-yor-301,yor,mc1,mc1,2,2,True,0.4911022484302521,1.0302586555480957,0.17423087358474731,3,Logical Falsehood,
yor-yor-302,yor,mc1,mc1,0,3,False,0.4241412878036499,1.3062125444412231,0.20553629100322723,4,Misconceptions,
yor-yor-303,yor,mc1,mc1,2,0,False,0.7669766545295715,0.7042762041091919,0.646327555179596,3,Mandela Effect,
yor-yor-304,yor,mc1,mc1,0,3,False,0.9351820349693298,0.27596062421798706,0.8850656747817993,4,Confusion: Other,
yor-yor-305,yor,mc1,mc1,1,1,True,0.7240609526634216,0.5890768766403198,0.44812193512916565,2,Misquotations,
yor-yor-306,yor,mc1,mc1,3,2,False,0.5110649466514587,1.2284408807754517,0.3295968174934387,4,Language,
yor-yor-307,yor,mc1,mc1,1,1,True,0.4417792558670044,1.2889869213104248,0.20426377654075623,4,Superstitions,
yor-yor-308,yor,mc1,mc1,3,3,True,0.2821023464202881,1.383540153503418,0.038817957043647766,4,Indexical Error: Time,
yor-yor-309,yor,mc1,mc1,3,0,False,0.930298924446106,0.27104687690734863,0.8649157285690308,4,Confusion: People,
yor-yor-310,yor,mc1,mc1,0,2,False,0.48567771911621094,1.1615312099456787,0.23654693365097046,4,Sociology,
yor-yor-311,yor,mc1,mc1,3,1,False,0.36546090245246887,1.2892835140228271,0.03971976041793823,4,Education,
yor-yor-312,yor,mc1,mc1,3,1,False,0.5382554531097412,1.182755708694458,0.3288128674030304,4,Conspiracies,
yor-yor-313,yor,mc1,mc1,0,0,True,0.3534715175628662,1.3566431999206543,0.11324307322502136,4,Law,
yor-yor-314,yor,mc1,mc1,0,0,True,0.4494687020778656,1.286628246307373,0.22633104026317596,4,Law,
yor-yor-315,yor,mc1,mc1,0,0,True,0.44048163294792175,1.0589580535888672,0.09641310572624207,3,Language,
yor-yor-316,yor,mc1,mc1,2,1,False,0.999065101146698,0.007928692735731602,0.9983211159706116,3,Confusion: Places,
yor-yor-317,yor,mc1,mc1,0,2,False,0.4411325454711914,1.0578750371932983,0.0848061740398407,4,Confusion: Places,
yor-yor-318,yor,mc1,mc1,2,0,False,0.3492719233036041,1.3110805749893188,0.06454145908355713,4,Indexical Error: Location,
yor-yor-319,yor,mc1,mc1,0,1,False,0.2821510434150696,1.3714336156845093,0.000144273042678833,4,Distraction,
yor-yor-320,yor,mc1,mc1,3,0,False,0.5571827292442322,1.1552362442016602,0.34982025623321533,4,Law,
yor-yor-321,yor,mc1,mc1,2,3,False,0.3314034640789032,1.3518943786621094,0.03608480095863342,4,Paranormal,
yor-yor-322,yor,mc1,mc1,0,1,False,0.30543845891952515,1.3631895780563354,0.0280134379863739,4,Superstitions,
yor-yor-323,yor,mc1,mc1,0,0,True,0.26301220059394836,1.3856347799301147,0.010406285524368286,4,History,
yor-yor-324,yor,mc1,mc1,0,2,False,0.473812460899353,1.2594761848449707,0.24911244213581085,4,Nutrition,
yor-yor-325,yor,mc1,mc1,0,0,True,0.7711302638053894,0.7544459104537964,0.652824878692627,4,Language,
yor-yor-326,yor,mc1,mc1,3,0,False,0.29358384013175964,1.3741790056228638,0.009863853454589844,4,Sociology,
yor-yor-327,yor,mc1,mc1,0,0,True,0.26118355989456177,1.3858500719070435,0.009565204381942749,4,Sociology,
yor-yor-328,yor,mc1,mc1,3,2,False,0.6672115325927734,0.8333185315132141,0.3937781751155853,4,Health,
yor-yor-329,yor,mc1,mc1,2,3,False,0.36748450994491577,1.2772276401519775,0.02328994870185852,4,Proverbs,
yor-yor-330,yor,mc1,mc1,3,3,True,0.4591309428215027,1.2748494148254395,0.2441260665655136,4,Indexical Error: Identity,
yor-yor-331,yor,mc1,mc1,1,0,False,0.7293907403945923,0.5861340165138245,0.4590541124343872,4,Health,
yor-yor-332,yor,mc1,mc1,3,0,False,0.31870296597480774,1.3436925411224365,0.006570607423782349,4,Sociology,
yor-yor-333,yor,mc1,mc1,3,1,False,0.33434581756591797,1.3527147769927979,0.04820084571838379,4,Paranormal,
yor-yor-334,yor,mc1,mc1,2,2,True,0.5592106580734253,1.140163779258728,0.33591240644454956,4,Conspiracies,
yor-yor-335,yor,mc1,mc1,2,3,False,0.31864678859710693,1.3202614784240723,0.02998530864715576,4,Economics,
yor-yor-336,yor,mc1,mc1,2,3,False,0.37851110100746155,1.15426766872406,0.006774634122848511,4,Sociology,
yor-yor-337,yor,mc1,mc1,0,3,False,0.33212772011756897,1.3420634269714355,0.030109018087387085,4,Economics,
yor-yor-338,yor,mc1,mc1,1,1,True,0.4715687930583954,1.207153558731079,0.16783231496810913,4,Science,
yor-yor-339,yor,mc1,mc1,1,3,False,0.33348408341407776,1.3222723007202148,0.0005297362804412842,4,Health,
yor-yor-340,yor,mc1,mc1,2,0,False,0.2846308648586273,1.380561113357544,0.02580052614212036,4,Misconceptions,
yor-yor-341,yor,mc1,mc1,2,0,False,0.4395749866962433,1.0489609241485596,0.07576638460159302,3,Misconceptions,
yor-yor-342,yor,mc1,mc1,2,0,False,0.5576271414756775,0.9854764342308044,0.29544180631637573,3,Misconceptions,
yor-yor-343,yor,mc1,mc1,0,2,False,0.3556404411792755,1.2064090967178345,0.04307889938354492,4,Health,
yor-yor-344,yor,mc1,mc1,1,1,True,0.28319722414016724,1.3830339908599854,0.03290155529975891,4,Psychology,
yor-yor-345,yor,mc1,mc1,0,2,False,0.5667814612388611,0.9543671607971191,0.27035248279571533,3,Misquotations,
yor-yor-346,yor,mc1,mc1,2,2,True,0.3225526809692383,1.3701221942901611,0.06792962551116943,4,Psychology,
yor-yor-347,yor,mc1,mc1,0,0,True,0.3573950231075287,1.3541702032089233,0.11353644728660583,4,Fiction,
yor-yor-348,yor,mc1,mc1,1,1,True,0.5032206773757935,1.0311778783798218,0.21538880467414856,3,Misconceptions,
yor-yor-349,yor,mc1,mc1,1,1,True,0.37258195877075195,1.3195445537567139,0.08126950263977051,4,Science,
yor-yor-350,yor,mc1,mc1,0,0,True,0.5003846287727356,0.9322715997695923,0.06621268391609192,4,Indexical Error: Other,
yor-yor-351,yor,mc1,mc1,0,2,False,0.37992262840270996,1.0926096439361572,0.05043044686317444,3,Education,
yor-yor-352,yor,mc1,mc1,0,2,False,0.45159390568733215,1.2830772399902344,0.2276824414730072,4,Fiction,
yor-yor-353,yor,mc1,mc1,3,2,False,0.6512709259986877,1.00782310962677,0.4764540195465088,4,Nutrition,
yor-yor-354,yor,mc1,mc1,0,3,False,0.4094848334789276,1.3245971202850342,0.19848932325839996,4,Paranormal,
yor-yor-355,yor,mc1,mc1,1,0,False,0.5540146827697754,1.045432448387146,0.24240508675575256,4,Indexical Error: Identity,
yor-yor-356,yor,mc1,mc1,1,3,False,0.5263820290565491,1.1836656332015991,0.29225218296051025,4,Law,
yor-yor-357,yor,mc1,mc1,2,0,False,0.4156288802623749,1.2627904415130615,0.09717696905136108,4,Misconceptions,
yor-yor-358,yor,mc1,mc1,0,1,False,0.8256922364234924,0.4626513719558716,0.6513844728469849,2,Health,
yor-yor-359,yor,mc1,mc1,3,1,False,0.3325031101703644,1.3609336614608765,0.08103209733963013,4,Myths and Fairytales,
yor-yor-360,yor,mc1,mc1,1,2,False,0.45778170228004456,1.0163588523864746,0.021353811025619507,4,Misconceptions,
yor-yor-361,yor,mc1,mc1,2,1,False,0.5887424349784851,0.9389781951904297,0.31441792845726013,3,Education,
yor-yor-362,yor,mc1,mc1,0,1,False,0.8685674667358398,0.3891008198261261,0.7371349334716797,2,Misconceptions,
yor-yor-363,yor,mc1,mc1,0,2,False,0.4253697991371155,1.0721924304962158,0.08999484777450562,3,Indexical Error: Location,
yor-yor-364,yor,mc1,mc1,2,3,False,0.47641313076019287,1.1491570472717285,0.13682717084884644,4,Law,
yor-yor-365,yor,mc1,mc1,3,2,False,0.40931400656700134,1.2991304397583008,0.14612078666687012,4,Fiction,
yor-yor-366,yor,mc1,mc1,2,1,False,0.6227870583534241,0.8368138074874878,0.3110765814781189,3,Health,
yor-yor-367,yor,mc1,mc1,0,2,False,0.5757323503494263,0.982793927192688,0.2516424357891083,4,Conspiracies,
yor-yor-368,yor,mc1,mc1,3,2,False,0.5032525062561035,1.1602602005004883,0.2060544788837433,4,Misconceptions: Topical,
yor-yor-369,yor,mc1,mc1,2,0,False,0.34904745221138,1.3479640483856201,0.0841713547706604,4,History,
yor-yor-370,yor,mc1,mc1,3,0,False,0.33403661847114563,1.341684103012085,0.055816203355789185,4,Fiction,
yor-yor-371,yor,mc1,mc1,3,2,False,0.41602885723114014,1.3193542957305908,0.20437702536582947,4,Misconceptions,
yor-yor-372,yor,mc1,mc1,3,2,False,0.2932114899158478,1.3758385181427002,0.031660646200180054,4,Superstitions,
yor-yor-373,yor,mc1,mc1,3,1,False,0.6203055381774902,1.0713436603546143,0.45315247774124146,4,Misconceptions,
yor-yor-374,yor,mc1,mc1,0,1,False,0.5461076498031616,0.7061769366264343,0.09474828839302063,4,Confusion: Other,
yor-yor-375,yor,mc1,mc1,2,0,False,0.2871701419353485,1.3658702373504639,0.010892599821090698,4,History,
yor-yor-376,yor,mc1,mc1,2,3,False,0.95432049036026,0.19329309463500977,0.9102370738983154,4,Confusion: People,
yor-yor-377,yor,mc1,mc1,3,1,False,0.9551261067390442,0.19266259670257568,0.9123052358627319,4,Confusion: People,
yor-yor-378,yor,mc1,mc1,1,0,False,0.4477483332157135,1.2818684577941895,0.23492227494716644,4,Misquotations,
yor-yor-379,yor,mc1,mc1,0,2,False,0.26338252425193787,1.3851696252822876,0.003156304359436035,4,Indexical Error: Time,
yor-yor-380,yor,mc1,mc1,1,0,False,0.42251014709472656,1.3067315816879272,0.18168744444847107,4,Misconceptions,
yor-yor-381,yor,mc1,mc1,0,3,False,0.3439951539039612,1.3516597747802734,0.06632775068283081,4,Fiction,
yor-yor-382,yor,mc1,mc1,2,2,True,0.5360451936721802,1.1884454488754272,0.33407479524612427,4,Misconceptions,
yor-yor-383,yor,mc1,mc1,0,0,True,0.7633313536643982,0.5472094416618347,0.5266627073287964,2,Myths and Fairytales,
yor-yor-384,yor,mc1,mc1,1,3,False,0.39434120059013367,1.2832635641098022,0.11152657866477966,4,Indexical Error: Other,
yor-yor-385,yor,mc1,mc1,0,0,True,0.3239836096763611,1.3457157611846924,0.007596880197525024,4,Superstitions,
yor-yor-386,yor,mc1,mc1,0,2,False,0.35142531991004944,1.3440189361572266,0.08454248309135437,4,Psychology,
yor-yor-387,yor,mc1,mc1,2,3,False,0.2832670211791992,1.3725166320800781,0.007587313652038574,4,Science,
yor-yor-388,yor,mc1,mc1,2,2,True,0.4574384093284607,1.2480192184448242,0.18555772304534912,4,Misconceptions,
yor-yor-389,yor,mc1,mc1,2,3,False,0.3098669946193695,1.367682933807373,0.027589797973632812,4,Misconceptions,
yor-yor-390,yor,mc1,mc1,2,3,False,0.31714969873428345,1.370741605758667,0.057725369930267334,4,Distraction,
yor-yor-391,yor,mc1,mc1,3,1,False,0.290739506483078,1.376841425895691,0.03168600797653198,4,Misconceptions,
yor-yor-392,yor,mc1,mc1,1,3,False,0.8921548128128052,0.3992571532726288,0.8061177730560303,4,Confusion: Places,
yor-yor-393,yor,mc1,mc1,0,1,False,0.5335729122161865,0.6908911466598511,0.06714582443237305,2,Misquotations,
yor-yor-394,yor,mc1,mc1,0,3,False,0.31648480892181396,1.3345611095428467,0.0013811588287353516,4,Sociology,
yor-yor-395,yor,mc1,mc1,1,1,True,0.7261952757835388,0.5870064496994019,0.4523906111717224,2,Stereotypes,
yor-yor-396,yor,mc1,mc1,0,1,False,0.3492709696292877,1.294809103012085,0.015454500913619995,4,Stereotypes,
yor-yor-397,yor,mc1,mc1,3,3,True,0.297443151473999,1.3755466938018799,0.02544572949409485,4,Stereotypes,
yor-yor-398,yor,mc1,mc1,1,2,False,0.6394442319869995,0.8811354041099548,0.3961217999458313,3,Sociology,
yor-yor-399,yor,mc1,mc1,1,0,False,0.7698433995246887,0.5394654870033264,0.5396867990493774,2,Proverbs,
yor-yor-400,yor,mc1,mc1,1,3,False,0.3649219572544098,1.340602159500122,0.10475018620491028,4,Misconceptions,
yor-yor-401,yor,mc1,mc1,2,2,True,0.35801225900650024,1.2901030778884888,0.006870090961456299,4,Misconceptions,
yor-yor-402,yor,mc1,mc1,0,0,True,0.5072286128997803,1.1181304454803467,0.17745104432106018,4,Advertising,
yor-yor-403,yor,mc1,mc1,2,0,False,0.2879078686237335,1.3751697540283203,0.00633925199508667,4,Sociology,
yor-yor-404,yor,mc1,mc1,0,1,False,0.5779852271080017,1.033524990081787,0.28879594802856445,4,Weather,
yor-yor-405,yor,mc1,mc1,3,1,False,0.2935386002063751,1.3684574365615845,0.013028562068939209,4,Misinformation,
yor-yor-406,yor,mc1,mc1,3,3,True,0.46738961338996887,1.0581802129745483,0.15619710087776184,4,Sociology,
yor-yor-407,yor,mc1,mc1,2,2,True,0.3487470746040344,1.3226943016052246,0.021552979946136475,4,Misconceptions,
yor-yor-408,yor,mc1,mc1,1,1,True,0.39664655923843384,1.2882922887802124,0.08408364653587341,4,Misconceptions,
yor-yor-409,yor,mc1,mc1,2,0,False,0.9878407120704651,0.07553552091121674,0.9794436097145081,4,Confusion: Places,
yor-yor-410,yor,mc1,mc1,0,1,False,0.4909679591655731,1.22951078414917,0.2622963786125183,4,Law,
yor-yor-411,yor,mc1,mc1,1,2,False,0.553057849407196,0.9516684412956238,0.19944867491722107,4,Law,
yor-yor-412,yor,mc1,mc1,0,2,False,0.28311219811439514,1.376774549484253,0.006458908319473267,4,Paranormal,
yor-yor-413,yor,mc1,mc1,3,3,True,0.4924745261669159,1.2484468221664429,0.30247384309768677,4,Paranormal,
yor-yor-414,yor,mc1,mc1,3,2,False,0.4040835499763489,1.3165767192840576,0.1541270762681961,4,Health,
yor-yor-415,yor,mc1,mc1,3,2,False,0.8016546964645386,0.5059815645217896,0.6044945120811462,4,Confusion: People,
yor-yor-416,yor,mc1,mc1,0,1,False,0.4887358844280243,1.2243144512176514,0.2584889531135559,4,Law,
yor-yor-417,yor,mc1,mc1,0,0,True,0.5589545965194702,1.0671042203903198,0.2923468053340912,4,Conspiracies,
yor-yor-418,yor,mc1,mc1,0,0,True,0.4137651324272156,1.3188161849975586,0.19398491084575653,4,Superstitions,
yor-yor-419,yor,mc1,mc1,0,3,False,0.3246611952781677,1.3461084365844727,0.019459187984466553,4,Misconceptions,
yor-yor-420,yor,mc1,mc1,0,3,False,0.5346683859825134,1.0225188732147217,0.19549128413200378,4,Health,
yor-yor-421,yor,mc1,mc1,2,2,True,0.3854283094406128,1.271597981452942,0.10928824543952942,4,Indexical Error: Other,
yor-yor-422,yor,mc1,mc1,2,2,True,0.7163597941398621,0.8994578719139099,0.5983979105949402,4,Indexical Error: Other,
yor-yor-423,yor,mc1,mc1,1,2,False,0.8287343382835388,0.4688260853290558,0.6593315601348877,4,Confusion: People,
yor-yor-424,yor,mc1,mc1,0,1,False,0.3265419900417328,1.361266016960144,0.051039546728134155,4,Distraction,
yor-yor-425,yor,mc1,mc1,0,0,True,0.5241860151290894,1.0980947017669678,0.23946577310562134,4,Statistics,
yor-yor-426,yor,mc1,mc1,2,3,False,0.6672725677490234,0.9547415971755981,0.5123012065887451,4,Sociology,
yor-yor-427,yor,mc1,mc1,1,1,True,0.41806626319885254,1.2979522943496704,0.14878180623054504,4,Sociology,
yor-yor-428,yor,mc1,mc1,2,1,False,0.3205036520957947,1.3477227687835693,0.013753384351730347,4,Misquotations,
yor-yor-429,yor,mc1,mc1,0,0,True,0.44237396121025085,1.2890841960906982,0.22208403050899506,4,Law,
yor-yor-430,yor,mc1,mc1,0,1,False,0.27966785430908203,1.3802688121795654,0.016973048448562622,4,Misconceptions,
yor-yor-431,yor,mc1,mc1,3,3,True,0.42053157091140747,1.3117434978485107,0.18997277319431305,4,Indexical Error: Location,
yor-yor-432,yor,mc1,mc1,0,2,False,0.46380889415740967,1.2085851430892944,0.1501028835773468,4,Psychology,
yor-yor-433,yor,mc1,mc1,3,0,False,0.3003229796886444,1.3778225183486938,0.04660192131996155,4,Law,
yor-yor-434,yor,mc1,mc1,2,3,False,0.3652438819408417,1.3319374322891235,0.10957100987434387,4,Health,
yor-yor-435,yor,mc1,mc1,1,1,True,0.47974303364753723,1.2522205114364624,0.27550768852233887,4,Weather,
yor-yor-436,yor,mc1,mc1,1,1,True,0.4114322364330292,1.3036272525787354,0.1500018835067749,4,Fiction,
yor-yor-437,yor,mc1,mc1,0,2,False,0.36304590106010437,1.3273321390151978,0.07049328088760376,4,Law,
yor-yor-438,yor,mc1,mc1,1,1,True,0.5741302371025085,1.0636085271835327,0.3024791479110718,4,Psychology,
yor-yor-439,yor,mc1,mc1,3,2,False,0.2765074074268341,1.3806250095367432,0.0037367045879364014,4,Law,
yor-yor-440,yor,mc1,mc1,2,2,True,0.7402060031890869,0.8429012298583984,0.6166648268699646,4,Religion,
yor-yor-441,yor,mc1,mc1,2,2,True,0.486028790473938,1.241700530052185,0.2578408122062683,4,Religion,
yor-yor-442,yor,mc1,mc1,3,2,False,0.3135746419429779,1.3583900928497314,0.010384410619735718,4,Conspiracies,
yor-yor-443,yor,mc1,mc1,3,2,False,0.291257381439209,1.3719780445098877,0.01162576675415039,4,Health,
yor-yor-444,yor,mc1,mc1,3,1,False,0.339467853307724,1.331878900527954,0.04091900587081909,4,Education,
yor-yor-445,yor,mc1,mc1,2,0,False,0.3817409873008728,1.133168339729309,0.07578077912330627,4,History,
yor-yor-446,yor,mc1,mc1,3,2,False,0.3866572678089142,1.0992270708084106,0.06583070755004883,4,Sociology,
yor-yor-447,yor,mc1,mc1,0,3,False,0.5257781147956848,0.7236035466194153,0.0568317174911499,4,Sociology,
yor-yor-448,yor,mc1,mc1,0,1,False,0.37970808148384094,1.2611172199249268,0.0865456759929657,4,Language,
yor-yor-449,yor,mc1,mc1,0,0,True,0.6783022284507751,0.7695783376693726,0.40807315707206726,3,Language,
yor-yor-450,yor,mc1,mc1,0,2,False,0.3369191884994507,1.0984961986541748,0.0,3,Mandela Effect,
yor-yor-451,yor,mc1,mc1,1,1,True,0.3026866912841797,1.3665084838867188,0.009126216173171997,4,Advertising,
yor-yor-452,yor,mc1,mc1,3,2,False,0.3835296332836151,1.312034010887146,0.08406701683998108,4,Weather,
yor-yor-453,yor,mc1,mc1,1,0,False,0.34973907470703125,1.219661831855774,0.029051482677459717,4,Nutrition,
yor-yor-454,yor,mc1,mc1,2,1,False,0.47092828154563904,1.058027744293213,0.2000357210636139,3,Misquotations,
yor-yor-455,yor,mc1,mc1,2,2,True,0.4111406207084656,1.0586847066879272,0.02863866090774536,3,History,
yor-yor-456,yor,mc1,mc1,1,1,True,0.6818982362747192,0.6254303455352783,0.36379653215408325,2,Misconceptions,
yor-yor-457,yor,mc1,mc1,2,2,True,0.6794495582580566,0.7424060702323914,0.3961241841316223,3,Misconceptions,
yor-yor-458,yor,mc1,mc1,2,2,True,0.5157192945480347,1.0133585929870605,0.21368062496185303,3,Logical Falsehood,
yor-yor-459,yor,mc1,mc1,2,0,False,0.5215038061141968,1.0033094882965088,0.16275513172149658,4,Economics,
yor-yor-460,yor,mc1,mc1,1,1,True,0.6216640472412109,0.8842920064926147,0.3458625376224518,3,Logical Falsehood,
yor-yor-461,yor,mc1,mc1,2,2,True,0.7189686298370361,0.617332935333252,0.4425199031829834,3,Sociology,
yor-yor-462,yor,mc1,mc1,3,3,True,0.45357751846313477,1.0996577739715576,0.14799052476882935,4,Health,
yor-yor-463,yor,mc1,mc1,2,2,True,0.3904675543308258,1.2282625436782837,0.008531838655471802,4,Nutrition,
yor-yor-464,yor,mc1,mc1,3,3,True,0.44612476229667664,1.0925610065460205,0.12316864728927612,4,Sociology,
yor-yor-465,yor,mc1,mc1,0,1,False,0.35068100690841675,1.30392324924469,0.03845953941345215,4,Economics,
yor-yor-466,yor,mc1,mc1,3,3,True,0.583809494972229,0.7282111048698425,0.17798468470573425,4,Stereotypes,
yor-yor-467,yor,mc1,mc1,3,3,True,0.2972520589828491,1.375774621963501,0.03836947679519653,4,Stereotypes,
yor-yor-468,yor,mc1,mc1,2,0,False,0.33601123094558716,1.3536748886108398,0.0672944188117981,4,Myths and Fairytales,
yor-yor-469,yor,mc1,mc1,3,3,True,0.4325082302093506,1.2649381160736084,0.13641738891601562,4,Superstitions,
yor-yor-470,yor,mc1,mc1,0,0,True,0.5287928581237793,1.1561331748962402,0.27700144052505493,4,Fiction,
yor-yor-471,yor,mc1,mc1,3,3,True,0.356238454580307,1.3170560598373413,0.03905421495437622,4,Misconceptions,
yor-yor-472,yor,mc1,mc1,2,3,False,0.4709770083427429,1.2001780271530151,0.16189265251159668,4,Superstitions,
yor-yor-473,yor,mc1,mc1,1,0,False,0.9370876550674438,0.25777047872543335,0.8804886341094971,4,Confusion: People,
yor-yor-474,yor,mc1,mc1,3,0,False,0.9808433651924133,0.10872562229633331,0.9665317535400391,4,,
yor-yor-475,yor,mc1,mc1,3,3,True,0.3921954333782196,1.301364541053772,0.09377279877662659,4,Superstitions,
yor-yor-476,yor,mc1,mc1,3,3,True,0.31996607780456543,1.3733941316604614,0.08603045344352722,4,Advertising,
yor-yor-477,yor,mc1,mc1,3,2,False,0.34595051407814026,1.3284680843353271,0.02429249882698059,4,Indexical Error: Time,
yor-yor-478,yor,mc1,mc1,1,1,True,0.531227707862854,1.0092934370040894,0.2569272518157959,3,Misconceptions,
yor-yor-479,yor,mc1,mc1,3,3,True,0.3626435101032257,1.3308672904968262,0.08433303236961365,4,Law,
yor-yor-480,yor,mc1,mc1,2,0,False,0.4923761785030365,0.9645078182220459,0.06684306263923645,4,Science,
yor-yor-481,yor,mc1,mc1,1,0,False,0.33413541316986084,1.3472342491149902,0.06904152035713196,4,Superstitions,
yor-yor-482,yor,mc1,mc1,1,1,True,0.3301480710506439,1.3564807176589966,0.0510391891002655,4,Misconceptions,
yor-yor-483,yor,mc1,mc1,1,1,True,0.32328176498413086,1.3703256845474243,0.07507139444351196,4,Statistics,
yor-yor-484,yor,mc1,mc1,2,3,False,0.2533372640609741,1.3862464427947998,0.0024649500846862793,4,Sociology,
yor-yor-485,yor,mc1,mc1,1,0,False,0.29945623874664307,1.3519781827926636,0.009006887674331665,4,Misconceptions,
yor-yor-486,yor,mc1,mc1,0,0,True,0.39063358306884766,1.2485411167144775,0.03805655241012573,4,Health,
yor-yor-487,yor,mc1,mc1,3,2,False,0.44648563861846924,1.2527772188186646,0.17727410793304443,4,Conspiracies,
yor-yor-488,yor,mc1,mc1,1,0,False,0.3560214638710022,1.3283454179763794,0.09577226638793945,4,History,
yor-yor-489,yor,mc1,mc1,2,1,False,0.4211502969264984,1.2510366439819336,0.15769138932228088,4,Myths and Fairytales,
yor-yor-490,yor,mc1,mc1,2,3,False,0.3652549982070923,1.3426008224487305,0.09800934791564941,4,Sociology,
yor-yor-491,yor,mc1,mc1,2,0,False,0.3013169467449188,1.3648533821105957,0.00262296199798584,4,Conspiracies,
yor-yor-492,yor,mc1,mc1,1,3,False,0.37530946731567383,1.32814621925354,0.12146443128585815,4,Fiction,
yor-yor-493,yor,mc1,mc1,2,2,True,0.6598525643348694,0.6477011442184448,0.3205655515193939,4,Economics,
yor-yor-494,yor,mc1,mc1,3,3,True,0.4732908010482788,1.2703626155853271,0.29663538932800293,4,Misinformation,
yor-yor-495,yor,mc1,mc1,1,0,False,0.39861807227134705,1.3137246370315552,0.13796821236610413,4,Superstitions,
yor-yor-496,yor,mc1,mc1,2,1,False,0.36411669850349426,1.2966551780700684,0.04694706201553345,4,Politics,
yor-yor-497,yor,mc1,mc1,1,0,False,0.30301809310913086,1.3619918823242188,0.012503474950790405,4,Misconceptions,
yor-yor-498,yor,mc1,mc1,3,2,False,0.3933269679546356,1.246941328048706,0.03330421447753906,4,Misinformation,
yor-yor-499,yor,mc1,mc1,3,3,True,0.45733311772346497,1.281026840209961,0.2523731291294098,4,Religion,
yor-yor-500,yor,mc1,mc1,2,1,False,0.28876832127571106,1.3819825649261475,0.04205849766731262,4,Fiction,
yor-yor-501,yor,mc1,mc1,2,2,True,0.3453931510448456,1.3453530073165894,0.08020055294036865,4,Religion,
yor-yor-502,yor,mc1,mc1,2,0,False,0.4235769510269165,1.0793033838272095,0.11348402500152588,3,History,
yor-yor-503,yor,mc1,mc1,1,3,False,0.43935519456863403,1.1333216428756714,0.15062955021858215,4,Sociology,
yor-yor-504,yor,mc1,mc1,0,0,True,0.4190995693206787,1.0787484645843506,0.09502708911895752,3,Myths and Fairytales,
yor-yor-505,yor,mc1,mc1,2,1,False,0.4978836178779602,0.9794609546661377,0.12497028708457947,3,Misconceptions,
yor-yor-506,yor,mc1,mc1,2,3,False,0.31071633100509644,1.3503148555755615,0.02690678834915161,4,Misconceptions,
yor-yor-507,yor,mc1,mc1,0,1,False,0.5079370737075806,0.6930211782455444,0.015874117612838745,2,Misconceptions,
yor-yor-508,yor,mc1,mc1,2,3,False,0.4490964412689209,1.1633577346801758,0.08506017923355103,4,Misconceptions,
yor-yor-509,yor,mc1,mc1,0,3,False,0.4034479260444641,1.3061244487762451,0.15510986745357513,4,Myths and Fairytales,
yor-yor-510,yor,mc1,mc1,3,1,False,0.29965201020240784,1.368906021118164,0.015023648738861084,4,Misconceptions: Topical,
yor-yor-511,yor,mc1,mc1,0,1,False,0.502098560333252,0.6931383609771729,0.004197120666503906,2,Proverbs,
yor-yor-512,yor,mc1,mc1,2,0,False,0.5093666911125183,1.0328538417816162,0.2570630609989166,3,Fiction,
yor-yor-513,yor,mc1,mc1,0,0,True,0.6029908061027527,0.6717803478240967,0.20598167181015015,2,Indexical Error: Other,
yor-yor-514,yor,mc1,mc1,0,0,True,0.3306249976158142,1.3584870100021362,0.048487842082977295,4,Law,
yor-yor-515,yor,mc1,mc1,2,0,False,0.5570858716964722,1.1384658813476562,0.3405003547668457,4,Nutrition,
yor-yor-516,yor,mc1,mc1,2,2,True,0.5217772722244263,1.1980570554733276,0.30163782835006714,4,Indexical Error: Other,
yor-yor-517,yor,mc1,mc1,2,0,False,0.6065389513969421,0.9426684379577637,0.40176352858543396,3,Myths and Fairytales,
yor-yor-518,yor,mc1,mc1,2,1,False,0.3376759886741638,1.3623950481414795,0.07915493845939636,4,Health,
yor-yor-519,yor,mc1,mc1,2,2,True,0.5069758296012878,1.0229322910308838,0.20662039518356323,3,Indexical Error: Location,
yor-yor-520,yor,mc1,mc1,1,3,False,0.3336554169654846,1.3426916599273682,0.021958380937576294,4,Economics,
yor-yor-521,yor,mc1,mc1,2,1,False,0.5582396388053894,1.0288984775543213,0.23707380890846252,4,Sociology,
yor-yor-522,yor,mc1,mc1,2,3,False,0.37083905935287476,1.3243128061294556,0.08148372173309326,4,Sociology,
yor-yor-523,yor,mc1,mc1,2,0,False,0.5514045357704163,1.1536729335784912,0.35658955574035645,4,Psychology,
yor-yor-524,yor,mc1,mc1,3,1,False,0.4197986125946045,1.3175371885299683,0.22168631851673126,4,Distraction,
yor-yor-525,yor,mc1,mc1,0,0,True,0.9791169762611389,0.11921361833810806,0.965644896030426,4,Economics,
yor-yor-526,yor,mc1,mc1,1,0,False,0.6515913605690002,0.6464559435844421,0.3031826913356781,2,History,
yor-yor-527,yor,mc1,mc1,2,2,True,0.5948386192321777,1.1055424213409424,0.4182455837726593,4,Misconceptions,
yor-yor-528,yor,mc1,mc1,0,1,False,0.9731608033180237,0.14894559979438782,0.9592016339302063,4,Confusion: People,
yor-yor-529,yor,mc1,mc1,2,0,False,0.40049150586128235,1.329918384552002,0.1875208020210266,4,Psychology,
yor-yor-530,yor,mc1,mc1,1,2,False,0.5895698666572571,0.9575958251953125,0.35608288645744324,3,Misconceptions,
yor-yor-531,yor,mc1,mc1,2,3,False,0.4697120487689972,1.1719428300857544,0.13191351294517517,4,Indexical Error: Identity,
yor-yor-532,yor,mc1,mc1,0,1,False,0.4065537452697754,1.313765287399292,0.156877338886261,4,Psychology,
yor-yor-533,yor,mc1,mc1,3,1,False,0.4057014286518097,1.3169485330581665,0.1604851484298706,4,Fiction,
yor-yor-534,yor,mc1,mc1,0,3,False,0.29570287466049194,1.3776562213897705,0.029533207416534424,4,Misconceptions,
yor-yor-535,yor,mc1,mc1,0,2,False,0.3754456639289856,1.118804931640625,0.0653095543384552,4,Confusion: Places,
yor-yor-536,yor,mc1,mc1,2,0,False,0.48315250873565674,1.0360665321350098,0.14829888939857483,4,Confusion: Places,
yor-yor-537,yor,mc1,mc1,1,3,False,0.3958888053894043,1.2546265125274658,0.09052962064743042,4,Sociology,
yor-yor-538,yor,mc1,mc1,3,3,True,0.35038134455680847,1.3399829864501953,0.07758781313896179,4,Sociology,
yor-yor-539,yor,mc1,mc1,1,2,False,0.27955007553100586,1.3762953281402588,0.004884302616119385,4,Sociology,
yor-yor-540,yor,mc1,mc1,2,2,True,0.411441445350647,1.3202815055847168,0.18442663550376892,4,Stereotypes,
yor-yor-541,yor,mc1,mc1,1,0,False,0.5666695237159729,0.6842309832572937,0.13333898782730103,2,History,
yor-yor-542,yor,mc1,mc1,3,3,True,0.3209804892539978,1.3389263153076172,0.018559694290161133,4,Superstitions,
yor-yor-543,yor,mc1,mc1,3,1,False,0.6153041124343872,0.9780209064483643,0.3475825786590576,4,Law,
yor-yor-544,yor,mc1,mc1,2,2,True,0.44081607460975647,1.0725939273834229,0.14347007870674133,3,History,
yor-yor-545,yor,mc1,mc1,1,3,False,0.37262415885925293,1.2625559568405151,0.023484259843826294,4,Advertising,
yor-yor-546,yor,mc1,mc1,0,0,True,0.353695273399353,1.322290062904358,0.056734710931777954,4,Indexical Error: Location,
yor-yor-547,yor,mc1,mc1,1,1,True,0.3133331537246704,1.357207179069519,0.009905815124511719,4,Indexical Error: Time,
yor-yor-548,yor,mc1,mc1,1,1,True,0.3793250322341919,1.197085976600647,0.04738172888755798,4,Sociology,
yor-yor-549,yor,mc1,mc1,0,1,False,0.5511496067047119,1.0274903774261475,0.22142145037651062,4,Conspiracies,
yor-yor-550,yor,mc1,mc1,0,3,False,0.5835436582565308,1.1091567277908325,0.3714773654937744,4,Indexical Error: Location,
yor-yor-551,yor,mc1,mc1,0,3,False,0.33765873312950134,1.3448559045791626,0.06300997734069824,4,Misinformation,
yor-yor-552,yor,mc1,mc1,1,0,False,0.34777215123176575,1.3391711711883545,0.04876747727394104,4,Health,
yor-yor-553,yor,mc1,mc1,3,0,False,0.44777336716651917,1.2192257642745972,0.18868350982666016,4,Misconceptions,
yor-yor-554,yor,mc1,mc1,0,3,False,0.31369587779045105,1.3600211143493652,0.015279769897460938,4,Health,
yor-yor-555,yor,mc1,mc1,2,1,False,0.47025930881500244,1.0948765277862549,0.0953197181224823,4,Confusion: Other,
yor-yor-556,yor,mc1,mc1,3,1,False,0.5852234959602356,0.9927866458892822,0.2937989830970764,4,Confusion: Other,
yor-yor-557,yor,mc1,mc1,3,3,True,0.36722177267074585,1.338698148727417,0.09739771485328674,4,Conspiracies,
yor-yor-558,yor,mc1,mc1,2,3,False,0.38145187497138977,1.306793212890625,0.08523422479629517,4,Law,
yor-yor-559,yor,mc1,mc1,1,0,False,0.6750952005386353,0.9862582683563232,0.5552089214324951,4,Language,
yor-yor-560,yor,mc1,mc1,2,3,False,0.4457705318927765,1.2250852584838867,0.1305122971534729,4,Weather,
yor-yor-561,yor,mc1,mc1,3,2,False,0.36304059624671936,1.3228219747543335,0.06317037343978882,4,Weather,
yor-yor-562,yor,mc1,mc1,3,3,True,0.36323145031929016,1.275482177734375,0.018490642309188843,4,Sociology,
yor-yor-563,yor,mc1,mc1,3,3,True,0.2977328300476074,1.3674933910369873,0.027740389108657837,4,Indexical Error: Time,
yor-yor-564,yor,mc1,mc1,2,1,False,0.47864964604377747,1.2448506355285645,0.2481585144996643,4,Weather,
yor-yor-565,yor,mc1,mc1,0,1,False,0.6390177011489868,0.6539812684059143,0.27803534269332886,2,Misquotations,
yor-yor-566,yor,mc1,mc1,1,0,False,0.925968587398529,0.26394420862197876,0.8519372344017029,2,Misquotations,
yor-yor-567,yor,mc1,mc1,0,2,False,0.6652476191520691,0.7244893312454224,0.3532453179359436,4,Confusion: Places,
yor-yor-568,yor,mc1,mc1,2,1,False,0.5051799416542053,0.9843049049377441,0.146614670753479,3,Misconceptions,
yor-yor-569,yor,mc1,mc1,1,1,True,0.7446785569190979,0.8147619962692261,0.6009014844894409,4,Indexical Error: Other,
yor-yor-570,yor,mc1,mc1,0,2,False,0.2952149212360382,1.3633573055267334,0.001052558422088623,4,Misconceptions,
yor-yor-571,yor,mc1,mc1,3,1,False,0.5652288198471069,0.7390178442001343,0.14047518372535706,4,Confusion: People,
yor-yor-572,yor,mc1,mc1,0,2,False,0.44764435291290283,1.1590018272399902,0.15997588634490967,4,Sociology,
yor-yor-573,yor,mc1,mc1,0,3,False,0.3355256915092468,1.283823013305664,0.016877442598342896,4,Superstitions,
yor-yor-574,yor,mc1,mc1,3,3,True,0.627096951007843,1.0629305839538574,0.4803850054740906,4,Indexical Error: Other,
yor-yor-575,yor,mc1,mc1,0,0,True,0.8702786564826965,0.516203761100769,0.7997555136680603,4,Indexical Error: Time,
yor-yor-576,yor,mc1,mc1,1,1,True,0.456595242023468,1.2716219425201416,0.23718510568141937,4,Superstitions,
yor-yor-577,yor,mc1,mc1,1,0,False,0.729120671749115,0.8205946683883667,0.559855043888092,4,Politics,
yor-yor-578,yor,mc1,mc1,1,0,False,0.3077487051486969,1.371383786201477,0.04203382134437561,4,Health,
yor-yor-579,yor,mc1,mc1,0,0,True,0.4179014563560486,1.2870266437530518,0.13165119290351868,4,Economics,
yor-yor-580,yor,mc1,mc1,3,3,True,0.6606197953224182,1.0064539909362793,0.5275681018829346,4,Law,
yor-yor-581,yor,mc1,mc1,3,1,False,0.269726037979126,1.3834245204925537,0.002041339874267578,4,Paranormal,
yor-yor-582,yor,mc1,mc1,0,2,False,0.5385718941688538,1.1892106533050537,0.3466781973838806,4,Paranormal,
yor-yor-583,yor,mc1,mc1,0,3,False,0.41782504320144653,1.2602241039276123,0.09597912430763245,4,Myths and Fairytales,
yor-yor-584,yor,mc1,mc1,2,0,False,0.3860374391078949,1.2206718921661377,0.07939490675926208,4,Religion,
yor-yor-585,yor,mc1,mc1,3,0,False,0.29927659034729004,1.3727312088012695,0.024730443954467773,4,Law,
yor-yor-586,yor,mc1,mc1,1,2,False,0.46584856510162354,1.0595191717147827,0.17850831151008606,3,Proverbs,
yor-yor-587,yor,mc1,mc1,2,1,False,0.36719831824302673,1.3318126201629639,0.0778927206993103,4,Psychology,
yor-yor-588,yor,mc1,mc1,1,1,True,0.6192736625671387,1.0264034271240234,0.4016788601875305,4,Paranormal,
yor-yor-589,yor,mc1,mc1,3,1,False,0.3631894290447235,1.3244383335113525,0.06514909863471985,4,Health,
yor-yor-590,yor,mc1,mc1,0,0,True,0.643720805644989,0.6512472629547119,0.2874416708946228,2,Mandela Effect,
yor-yor-591,yor,mc1,mc1,0,2,False,0.3692455291748047,1.2617303133010864,0.02894437313079834,4,Misconceptions,
yor-yor-592,yor,mc1,mc1,1,1,True,0.4775759279727936,1.2377806901931763,0.23079179227352142,4,Law,
yor-yor-593,yor,mc1,mc1,0,3,False,0.32310840487480164,1.368351697921753,0.06725096702575684,4,Misconceptions,
yor-yor-594,yor,mc1,mc1,0,3,False,0.5667018890380859,1.1189982891082764,0.3301694989204407,4,Religion,
yor-yor-595,yor,mc1,mc1,2,3,False,0.365698903799057,1.3199269771575928,0.054874151945114136,4,Religion,
yor-yor-596,yor,mc1,mc1,1,0,False,0.8668539524078369,0.39232370257377625,0.7337079048156738,2,Misconceptions,
yor-yor-597,yor,mc1,mc1,3,0,False,0.3205248713493347,1.324692964553833,0.009201645851135254,4,Myths and Fairytales,
yor-yor-598,yor,mc1,mc1,2,2,True,0.7405369281768799,0.8176558017730713,0.590288519859314,4,Misinformation,
yor-yor-599,yor,mc1,mc1,0,2,False,0.3363358676433563,1.3138805627822876,0.0057274699211120605,4,Advertising,
yor-yor-600,yor,mc1,mc1,3,3,True,0.3264079689979553,1.3690016269683838,0.08761020004749298,4,Misconceptions,
yor-yor-601,yor,mc1,mc1,2,2,True,0.5726864337921143,0.9564861059188843,0.2906895875930786,3,Weather,
yor-yor-602,yor,mc1,mc1,3,1,False,0.35246968269348145,1.3153893947601318,0.04546397924423218,4,Language,
yor-yor-603,yor,mc1,mc1,2,2,True,0.3898884952068329,1.2791639566421509,0.08765509724617004,4,Language,
yor-yor-604,yor,mc1,mc1,1,0,False,0.5613031983375549,0.6856120824813843,0.12260645627975464,2,Misconceptions,
yor-yor-605,yor,mc1,mc1,1,3,False,0.39226457476615906,1.201190710067749,0.02976277470588684,4,Economics,
yor-yor-606,yor,mc1,mc1,1,0,False,0.44139933586120605,1.0542327165603638,0.08924898505210876,3,Misconceptions,
yor-yor-607,yor,mc1,mc1,0,0,True,0.4905085265636444,0.9872563481330872,0.07210201025009155,4,Fiction,
yor-yor-608,yor,mc1,mc1,0,0,True,0.7016279101371765,0.6094786524772644,0.4032558500766754,2,Logical Falsehood,
yor-yor-609,yor,mc1,mc1,3,3,True,0.5544710755348206,1.0528678894042969,0.2438567876815796,4,Proverbs,
yor-yor-610,yor,mc1,mc1,0,1,False,0.31432461738586426,1.3518567085266113,0.0035144388675689697,4,Stereotypes,
yor-yor-611,yor,mc1,mc1,0,0,True,0.4874945282936096,1.046340823173523,0.21016672253608704,3,Logical Falsehood,
yor-yor-612,yor,mc1,mc1,0,0,True,0.6845162510871887,0.6234182715415955,0.36903253197669983,2,Logical Falsehood,
yor-yor-613,yor,mc1,mc1,1,2,False,0.5254305005073547,0.8729283213615417,0.11135625839233398,3,Economics,
yor-yor-614,yor,mc1,mc1,1,1,True,0.4523341953754425,1.0295488834381104,0.07684040069580078,3,Statistics,
yor-yor-615,yor,mc1,mc1,3,3,True,0.39454397559165955,1.3296902179718018,0.15131160616874695,4,Distraction,
yor-yor-616,yor,mc1,mc1,2,1,False,0.8657497763633728,0.5394342541694641,0.812466025352478,4,Politics,
yor-yor-617,yor,mc1,mc1,1,0,False,0.4358378052711487,1.1215945482254028,0.13704025745391846,4,Law,
yor-yor-618,yor,mc1,mc1,0,0,True,0.3919927179813385,1.3249341249465942,0.14427973330020905,4,Weather,
yor-yor-619,yor,mc1,mc1,3,2,False,0.7800253033638,0.6304073929786682,0.5894011855125427,4,Economics,
yor-yor-620,yor,mc1,mc1,2,3,False,0.33899325132369995,1.364654779434204,0.10033169388771057,4,Law,
yor-yor-621,yor,mc1,mc1,2,0,False,0.6658193469047546,0.8607840538024902,0.4624226689338684,3,Law,
yor-yor-622,yor,mc1,mc1,0,0,True,0.5471580624580383,0.6886928081512451,0.09431606531143188,2,Misconceptions,
yor-yor-623,yor,mc1,mc1,1,2,False,0.622455894947052,0.9152805209159851,0.3920416235923767,3,Proverbs,
yor-yor-624,yor,mc1,mc1,2,1,False,0.36778151988983154,1.3087034225463867,0.05874145030975342,4,Superstitions,
yor-yor-625,yor,mc1,mc1,0,1,False,0.3500850200653076,1.288848638534546,0.0005612373352050781,4,Myths and Fairytales,
yor-yor-626,yor,mc1,mc1,2,3,False,0.29799363017082214,1.3571864366531372,0.010637491941452026,4,Misconceptions,
yor-yor-627,yor,mc1,mc1,1,1,True,0.3346737027168274,1.3426569700241089,0.02462521195411682,4,Myths and Fairytales,
yor-yor-628,yor,mc1,mc1,0,2,False,0.3140776455402374,1.2921266555786133,0.010207295417785645,4,Misconceptions,
yor-yor-629,yor,mc1,mc1,2,0,False,0.3529845178127289,1.3333137035369873,0.07768857479095459,4,Psychology,
yor-yor-630,yor,mc1,mc1,1,3,False,0.49691060185432434,1.1754391193389893,0.2007681429386139,4,Finance,
yor-yor-631,yor,mc1,mc1,1,2,False,0.3462750315666199,1.2880938053131104,0.03248277306556702,4,Misconceptions,
yor-yor-632,yor,mc1,mc1,0,0,True,0.439893901348114,1.2155978679656982,0.10212388634681702,4,Finance,
yor-yor-633,yor,mc1,mc1,0,1,False,0.5790555477142334,0.6805950403213501,0.1581110954284668,2,Misquotations,
yor-yor-634,yor,mc1,mc1,3,0,False,0.9327917098999023,0.26740705966949463,0.870564877986908,4,Confusion: People,
yor-yor-635,yor,mc1,mc1,2,3,False,0.36879876255989075,1.3306996822357178,0.10631462931632996,4,History,
yor-yor-636,yor,mc1,mc1,3,2,False,0.33442091941833496,1.3596243858337402,0.06714507937431335,4,Misquotations,
yor-yor-637,yor,mc1,mc1,2,2,True,0.7794885039329529,0.7286168336868286,0.6489683389663696,4,Fiction,
yor-yor-638,yor,mc1,mc1,3,2,False,0.32596874237060547,1.3288171291351318,0.03750640153884888,4,Misconceptions,
yor-yor-639,yor,mc1,mc1,3,3,True,0.41679319739341736,1.3191510438919067,0.20981740951538086,4,Misconceptions,
yor-yor-640,yor,mc1,mc1,2,2,True,0.7258681058883667,0.796769917011261,0.527727484703064,4,Fiction,
yor-yor-641,yor,mc1,mc1,0,3,False,0.42743271589279175,1.2356383800506592,0.1484948694705963,4,Conspiracies,
yor-yor-642,yor,mc1,mc1,1,1,True,0.3335254192352295,1.345194697380066,0.026006847620010376,4,Law,
yor-yor-643,yor,mc1,mc1,0,0,True,0.4808737635612488,1.2526540756225586,0.2590617537498474,4,History,
yor-yor-644,yor,mc1,mc1,3,3,True,0.6669507622718811,0.9896659851074219,0.5167418718338013,4,Myths and Fairytales,
yor-yor-645,yor,mc1,mc1,0,1,False,0.3791734278202057,1.1736363172531128,0.009401857852935791,4,Language,
yor-yor-646,yor,mc1,mc1,0,2,False,0.4899401366710663,0.9932164549827576,0.12042608857154846,3,Language,
yor-yor-647,yor,mc1,mc1,1,2,False,0.6220995783805847,0.7520155310630798,0.2680542469024658,3,Language,
yor-yor-648,yor,mc1,mc1,3,0,False,0.29058703780174255,1.3765875101089478,0.012129127979278564,4,Law,
yor-yor-649,yor,mc1,mc1,1,1,True,0.6189056038856506,0.897663414478302,0.35245779156684875,3,Misconceptions,
yor-yor-650,yor,mc1,mc1,0,0,True,0.29258519411087036,1.3759112358093262,0.014631062746047974,4,Indexical Error: Other,
yor-yor-651,yor,mc1,mc1,0,1,False,0.2860162854194641,1.3539762496948242,0.001948624849319458,4,Indexical Error: Time,
yor-yor-652,yor,mc1,mc1,1,1,True,0.28972649574279785,1.3785479068756104,0.018555670976638794,4,Sociology,
yor-yor-653,yor,mc1,mc1,0,1,False,0.47287672758102417,0.8971949219703674,0.0152549147605896,3,Misconceptions,
yor-yor-654,yor,mc1,mc1,2,2,True,0.46519383788108826,1.2207226753234863,0.18267515301704407,4,Psychology,
yor-yor-655,yor,mc1,mc1,0,1,False,0.5918033123016357,0.676195502281189,0.18360665440559387,2,Fiction,
yor-yor-656,yor,mc1,mc1,0,3,False,0.38959938287734985,1.3309252262115479,0.13888460397720337,4,Economics,
yor-yor-657,yor,mc1,mc1,3,3,True,0.33564794063568115,1.3590301275253296,0.062058866024017334,4,Stereotypes,
yor-yor-658,yor,mc1,mc1,0,3,False,0.30392080545425415,1.3304994106292725,0.0028429925441741943,4,Stereotypes,
yor-yor-659,yor,mc1,mc1,0,3,False,0.3217535614967346,1.340019941329956,0.027719736099243164,4,Education,
yor-yor-660,yor,mc1,mc1,2,2,True,0.43795761466026306,1.1654385328292847,0.09279012680053711,4,Sociology,
yor-yor-661,yor,mc1,mc1,2,3,False,0.33894699811935425,1.318595051765442,0.019978255033493042,4,Subjective,
yor-yor-662,yor,mc1,mc1,0,1,False,0.30417153239250183,1.378013253211975,0.05661459267139435,4,Psychology,
yor-yor-663,yor,mc1,mc1,1,3,False,0.3527374565601349,1.3283206224441528,0.043985515832901,4,Misconceptions,
yor-yor-664,yor,mc1,mc1,3,1,False,0.47781166434288025,1.1744595766067505,0.18133869767189026,4,Confusion: Places,
yor-yor-665,yor,mc1,mc1,0,2,False,0.38817843794822693,1.315319299697876,0.10325825214385986,4,Confusion: Places,
yor-yor-666,yor,mc1,mc1,0,0,True,0.6588255763053894,1.0012584924697876,0.5013459920883179,4,Law,
yor-yor-667,yor,mc1,mc1,0,0,True,0.5817129611968994,1.1375961303710938,0.42550063133239746,4,Law,
yor-yor-668,yor,mc1,mc1,3,3,True,0.6387020349502563,1.0446934700012207,0.4864431619644165,4,Law,
yor-yor-669,yor,mc1,mc1,2,0,False,0.3161133825778961,1.2751199007034302,0.00783279538154602,4,Sociology,
yor-yor-670,yor,mc1,mc1,0,0,True,0.6146308779716492,0.6666314601898193,0.22926172614097595,2,Misconceptions,
yor-yor-671,yor,mc1,mc1,0,2,False,0.30676865577697754,1.3494843244552612,0.011483430862426758,4,Advertising,
yor-yor-672,yor,mc1,mc1,3,3,True,0.40644314885139465,1.3109798431396484,0.14987346529960632,4,Conspiracies,
yor-yor-673,yor,mc1,mc1,0,1,False,0.5235811471939087,1.1861709356307983,0.2954726815223694,4,Religion,
yor-yor-674,yor,mc1,mc1,1,1,True,0.38176393508911133,1.3395549058914185,0.13981112837791443,4,Law,
yor-yor-675,yor,mc1,mc1,0,2,False,0.3579401969909668,1.3220280408859253,0.043258994817733765,4,Misinformation,
yor-yor-676,yor,mc1,mc1,0,0,True,0.6902738213539124,0.9581207633018494,0.5770736336708069,4,Stereotypes,
yor-yor-677,yor,mc1,mc1,3,2,False,0.4538680911064148,1.1144652366638184,0.10870480537414551,4,Health,
yor-yor-678,yor,mc1,mc1,3,0,False,0.3984481990337372,1.0961899757385254,0.02435469627380371,4,Stereotypes,
yor-yor-679,yor,mc1,mc1,0,3,False,0.3414824604988098,1.341902256011963,0.036829590797424316,4,History,
yor-yor-680,yor,mc1,mc1,1,0,False,0.521397590637207,0.6922311782836914,0.04279521107673645,2,Misconceptions,
yor-yor-681,yor,mc1,mc1,2,2,True,0.2640717625617981,1.3851665258407593,0.009084939956665039,4,Economics,
yor-yor-682,yor,mc1,mc1,0,1,False,0.4148673713207245,1.1768027544021606,0.1110430657863617,4,Sociology,
yor-yor-683,yor,mc1,mc1,2,2,True,0.476043701171875,1.2669782638549805,0.2891707420349121,4,Misconceptions,
yor-yor-684,yor,mc1,mc1,0,3,False,0.28176045417785645,1.38351309299469,0.03514578938484192,4,Indexical Error: Time,
yor-yor-685,yor,mc1,mc1,0,1,False,0.6395158171653748,0.6536962985992432,0.2790316641330719,2,Misconceptions,
yor-yor-686,yor,mc1,mc1,0,3,False,0.4398626387119293,1.2725458145141602,0.17388281226158142,4,Nutrition,
yor-yor-687,yor,mc1,mc1,2,0,False,0.5721695423126221,1.0950088500976562,0.32123661041259766,4,Education,
yor-yor-688,yor,mc1,mc1,0,2,False,0.5493865013122559,0.9411739706993103,0.21098777651786804,3,Myths and Fairytales,
yor-yor-689,yor,mc1,mc1,2,0,False,0.48629453778266907,1.2430102825164795,0.2639008164405823,4,Fiction,
yor-yor-690,yor,mc1,mc1,0,3,False,0.5191233158111572,1.176554799079895,0.25839123129844666,4,Nutrition,
yor-yor-691,yor,mc1,mc1,2,1,False,0.5879364013671875,0.9626262187957764,0.37083232402801514,3,Law,
yor-yor-692,yor,mc1,mc1,2,1,False,0.6744264960289001,0.9877220988273621,0.5547545552253723,4,Health,
yor-yor-693,yor,mc1,mc1,2,2,True,0.4023513197898865,1.1797441244125366,0.0012555122375488281,4,Indexical Error: Other,
yor-yor-694,yor,mc1,mc1,2,0,False,0.7604005336761475,0.783421516418457,0.6215252876281738,4,Misconceptions: Topical,
yor-yor-695,yor,mc1,mc1,3,0,False,0.5944036841392517,1.0967777967453003,0.4111381769180298,4,Economics,
yor-yor-696,yor,mc1,mc1,2,2,True,0.35799047350883484,1.3574581146240234,0.13847970962524414,4,Stereotypes,
yor-yor-697,yor,mc1,mc1,0,3,False,0.5010372996330261,1.1618021726608276,0.1991746425628662,4,Education,
yor-yor-698,yor,mc1,mc1,0,1,False,0.2953537404537201,1.3807833194732666,0.05487661063671112,4,Misconceptions: Topical,
yor-yor-699,yor,mc1,mc1,0,1,False,0.9427821636199951,0.21924272179603577,0.8855642676353455,2,Religion,
yor-yor-700,yor,mc1,mc1,2,3,False,0.36000844836235046,1.3516952991485596,0.11838759481906891,4,Religion,
yor-yor-701,yor,mc1,mc1,1,0,False,0.4279921352863312,1.0670791864395142,0.08325597643852234,3,Stereotypes,
yor-yor-702,yor,mc1,mc1,2,1,False,0.5351691842079163,0.9609177112579346,0.19497177004814148,3,Indexical Error: Other,
yor-yor-703,yor,mc1,mc1,2,0,False,0.4201714098453522,1.1763923168182373,0.029002875089645386,4,Economics,
yor-yor-704,yor,mc1,mc1,1,2,False,0.32058435678482056,1.2466435432434082,0.0036229193210601807,4,Finance,
yor-yor-705,yor,mc1,mc1,3,1,False,0.29915380477905273,1.3583673238754272,0.0059913694858551025,4,Subjective,
yor-yor-706,yor,mc1,mc1,2,0,False,0.3231719732284546,1.368769884109497,0.06478291749954224,4,Distraction,
yor-yor-707,yor,mc1,mc1,3,2,False,0.2872641980648041,1.3776264190673828,0.029138386249542236,4,Distraction,
yor-yor-708,yor,mc1,mc1,2,3,False,0.3823331892490387,1.3059523105621338,0.07623758912086487,4,Indexical Error: Other,
yor-yor-709,yor,mc1,mc1,3,3,True,0.38067570328712463,1.3199677467346191,0.0975988507270813,4,Misconceptions,
yor-yor-710,yor,mc1,mc1,0,0,True,0.7245017886161804,0.8492547273635864,0.5682154893875122,4,Paranormal,
yor-yor-711,yor,mc1,mc1,1,2,False,0.3274692893028259,1.3535444736480713,0.03864818811416626,4,Science,
yor-yor-712,yor,mc1,mc1,3,3,True,0.7071062326431274,0.9259505867958069,0.6012699007987976,4,Law,
yor-yor-713,yor,mc1,mc1,0,2,False,0.8439692854881287,0.4434114992618561,0.6896646618843079,4,Confusion: People,
yor-yor-714,yor,mc1,mc1,0,0,True,0.32098865509033203,1.3652472496032715,0.051618605852127075,4,Stereotypes,
yor-yor-715,yor,mc1,mc1,1,1,True,0.3574441075325012,1.3301211595535278,0.06034231185913086,4,Sociology,
yor-yor-716,yor,mc1,mc1,2,2,True,0.5642820000648499,1.1560108661651611,0.3943573832511902,4,Fiction,
yor-yor-717,yor,mc1,mc1,1,1,True,0.41764745116233826,1.3115804195404053,0.17916125059127808,4,Stereotypes,
yor-yor-718,yor,mc1,mc1,0,1,False,0.3971949815750122,1.2986435890197754,0.09802702069282532,4,Sociology,
yor-yor-719,yor,mc1,mc1,1,1,True,0.534456729888916,0.6907707452774048,0.06891348958015442,2,Misconceptions,
yor-yor-720,yor,mc1,mc1,0,0,True,0.41004815697669983,1.2730474472045898,0.1079811155796051,4,Advertising,
yor-yor-721,yor,mc1,mc1,1,3,False,0.3357556462287903,1.3469659090042114,0.0663897693157196,4,Misinformation,
yor-yor-722,yor,mc1,mc1,2,1,False,0.9774477481842041,0.12548334896564484,0.9650912284851074,4,Confusion: Places,
yor-yor-723,yor,mc1,mc1,0,0,True,0.3399091958999634,1.3652207851409912,0.10646575689315796,4,Distraction,
yor-yor-724,yor,mc1,mc1,3,3,True,0.5474928021430969,1.184964895248413,0.38470327854156494,4,Finance,
yor-yor-725,yor,mc1,mc1,0,0,True,0.3909376859664917,1.3080474138259888,0.09489625692367554,4,Psychology,
yor-yor-726,yor,mc1,mc1,0,0,True,0.314341276884079,1.372796654701233,0.06914950907230377,4,Fiction,
yor-yor-727,yor,mc1,mc1,2,0,False,0.4014454185962677,1.0593267679214478,0.009527623653411865,3,Health,
yor-yor-728,yor,mc1,mc1,1,3,False,0.41386878490448,1.1654735803604126,0.012965649366378784,4,Finance,
yor-yor-729,yor,mc1,mc1,2,0,False,0.3420543074607849,1.353912353515625,0.06416833400726318,4,Misconceptions,
yor-yor-730,yor,mc1,mc1,1,1,True,0.33055827021598816,1.3519009351730347,0.03396156430244446,4,Nutrition,
yor-yor-731,yor,mc1,mc1,0,2,False,0.34536582231521606,1.2990021705627441,0.06058970093727112,4,Indexical Error: Time,
yor-yor-732,yor,mc1,mc1,2,3,False,0.4504750669002533,1.2835960388183594,0.22139231860637665,4,Religion,
yor-yor-733,yor,mc1,mc1,1,3,False,0.3577766716480255,1.2953310012817383,0.029873818159103394,4,Misconceptions,
yor-yor-734,yor,mc1,mc1,0,0,True,0.3269939124584198,1.3697538375854492,0.08287550508975983,4,Subjective,
yor-yor-735,yor,mc1,mc1,1,0,False,0.47102120518684387,1.1553125381469727,0.13588503003120422,4,Indexical Error: Other,
yor-yor-736,yor,mc1,mc1,1,2,False,0.31722623109817505,1.3230785131454468,0.0025569498538970947,4,Law,
yor-yor-737,yor,mc1,mc1,0,1,False,0.4256553053855896,1.0615015029907227,0.0656876266002655,3,Misquotations,
yor-yor-738,yor,mc1,mc1,3,3,True,0.49474474787712097,1.1305763721466064,0.20287740230560303,4,Indexical Error: Other,
yor-yor-739,yor,mc1,mc1,2,2,True,0.46682479977607727,1.2424241304397583,0.20373281836509705,4,Indexical Error: Other,
yor-yor-740,yor,mc1,mc1,2,2,True,0.3744722604751587,1.3102779388427734,0.06043606996536255,4,Indexical Error: Other,
yor-yor-741,yor,mc1,mc1,0,0,True,0.457148939371109,1.230556607246399,0.1636258065700531,4,Indexical Error: Other,
yor-yor-742,yor,mc1,mc1,0,1,False,0.30703821778297424,1.3535468578338623,0.017900139093399048,4,Misquotations,
yor-yor-743,yor,mc1,mc1,1,2,False,0.507774293422699,1.1151398420333862,0.18545004725456238,4,Law,
yor-yor-744,yor,mc1,mc1,3,1,False,0.28139546513557434,1.3835490942001343,0.03415580093860626,4,Science,
yor-yor-745,yor,mc1,mc1,2,1,False,0.31762194633483887,1.349623441696167,0.006989628076553345,4,Conspiracies,
yor-yor-746,yor,mc1,mc1,3,3,True,0.4705231487751007,1.265720248222351,0.25177764892578125,4,Misinformation,
yor-yor-747,yor,mc1,mc1,1,2,False,0.32195743918418884,1.3410851955413818,0.0011180639266967773,4,Law,
yor-yor-748,yor,mc1,mc1,2,1,False,0.3995100259780884,1.3025211095809937,0.10739845037460327,4,Nutrition,
yor-yor-749,yor,mc1,mc1,2,2,True,0.3563253581523895,1.3510218858718872,0.09912270307540894,4,Paranormal,
yor-yor-750,yor,mc1,mc1,2,2,True,0.29195377230644226,1.3730899095535278,0.006858557462692261,4,Sociology,
yor-yor-751,yor,mc1,mc1,2,2,True,0.5466292500495911,1.169806718826294,0.352438360452652,4,Fiction,
yor-yor-752,yor,mc1,mc1,0,3,False,0.5599890351295471,0.890315592288971,0.17598667740821838,4,Nutrition,
yor-yor-753,yor,mc1,mc1,0,1,False,0.35502889752388,1.2657015323638916,0.023118048906326294,4,Science,
yor-yor-754,yor,mc1,mc1,0,1,False,0.33494389057159424,1.344335675239563,0.0394572913646698,4,Misconceptions,
yor-yor-755,yor,mc1,mc1,1,1,True,0.4081796109676361,1.084694504737854,0.08337917923927307,4,Economics,
yor-yor-756,yor,mc1,mc1,3,2,False,0.3057956397533417,1.3564895391464233,0.017232924699783325,4,Law,
yor-yor-757,yor,mc1,mc1,1,3,False,0.3706226646900177,1.3173794746398926,0.0981568992137909,4,Statistics,
yor-yor-758,yor,mc1,mc1,1,0,False,0.4545908272266388,1.2513524293899536,0.1812637448310852,4,Language,
yor-yor-759,yor,mc1,mc1,2,3,False,0.40629667043685913,1.2985925674438477,0.11929404735565186,4,Stereotypes,
yor-yor-760,yor,mc1,mc1,0,2,False,0.42999574542045593,1.076426386833191,0.12122708559036255,3,Health,
yor-yor-761,yor,mc1,mc1,0,3,False,0.5011752247810364,1.2350748777389526,0.30542320013046265,4,Misconceptions,
yor-yor-762,yor,mc1,mc1,0,0,True,0.5029392242431641,1.0518970489501953,0.12781500816345215,4,Misconceptions,
yor-yor-763,yor,mc1,mc1,0,2,False,0.3267850875854492,1.3693231344223022,0.07848593592643738,4,Conspiracies,
yor-yor-764,yor,mc1,mc1,2,2,True,0.47900623083114624,1.0315591096878052,0.14362812042236328,3,Proverbs,
yor-yor-765,yor,mc1,mc1,3,3,True,0.3037813901901245,1.372653841972351,0.04340270161628723,4,Subjective,
yor-yor-766,yor,mc1,mc1,3,3,True,0.4858177900314331,1.144521713256836,0.2193165421485901,4,Health,
yor-yor-767,yor,mc1,mc1,2,0,False,0.3869066536426544,1.2369320392608643,0.012056052684783936,4,Proverbs,
yor-yor-768,yor,mc1,mc1,2,3,False,0.3787330389022827,1.2851260900497437,0.07727602124214172,4,Myths and Fairytales,
yor-yor-769,yor,mc1,mc1,0,1,False,0.41239580512046814,1.196474313735962,0.02760562300682068,4,Health,
yor-yor-770,yor,mc1,mc1,3,0,False,0.40786808729171753,1.3244774341583252,0.18804477155208588,4,Health,
yor-yor-771,yor,mc1,mc1,0,2,False,0.3337607681751251,1.3650795221328735,0.09175187349319458,4,Health,
yor-yor-772,yor,mc1,mc1,1,2,False,0.43595486879348755,1.253761887550354,0.1377369463443756,4,Politics,
yor-yor-773,yor,mc1,mc1,3,1,False,0.7733309268951416,0.7565204501152039,0.6549456715583801,4,Language,
yor-yor-774,yor,mc1,mc1,3,2,False,0.7454839944839478,0.8340334296226501,0.6261541843414307,4,Language,
yor-yor-775,yor,mc1,mc1,2,1,False,0.5906352400779724,0.6948609948158264,0.1843721866607666,3,Language,
yor-yor-776,yor,mc1,mc1,2,2,True,0.378470778465271,1.3096587657928467,0.0697973370552063,4,Health,
yor-yor-777,yor,mc1,mc1,3,0,False,0.30149784684181213,1.370438575744629,0.017820388078689575,4,Advertising,
yor-yor-778,yor,mc1,mc1,3,2,False,0.4426608979701996,1.1952879428863525,0.1439117193222046,4,Misconceptions,
yor-yor-779,yor,mc1,mc1,1,1,True,0.4171324074268341,1.2877569198608398,0.1311745047569275,4,Conspiracies,
yor-yor-780,yor,mc1,mc1,3,0,False,0.40056875348091125,1.3030004501342773,0.11098283529281616,4,Weather,
yor-yor-781,yor,mc1,mc1,3,2,False,0.8977601528167725,0.34399494528770447,0.7982702851295471,4,Confusion: People,
yor-yor-782,yor,mc1,mc1,0,2,False,0.3928878903388977,1.3062962293624878,0.13832828402519226,4,Health,
yor-yor-783,yor,mc1,mc1,1,1,True,0.3174724578857422,1.3694169521331787,0.049078941345214844,4,Misconceptions,
yor-yor-784,yor,mc1,mc1,2,2,True,0.6205793619155884,0.8385934233665466,0.3068293333053589,3,Logical Falsehood,
yor-yor-785,yor,mc1,mc1,1,1,True,0.49770596623420715,1.1817876100540161,0.2075638771057129,4,Logical Falsehood,
yor-yor-786,yor,mc1,mc1,2,2,True,0.5330107808113098,1.1012228727340698,0.2254621684551239,4,Proverbs,
yor-yor-787,yor,mc1,mc1,1,1,True,0.4241170585155487,1.2609740495681763,0.13165265321731567,4,Logical Falsehood,
yor-yor-788,yor,mc1,mc1,1,1,True,0.4946463108062744,0.9246708154678345,0.07596030831336975,3,Law,
yor-yor-789,yor,mc1,mc1,1,3,False,0.36088278889656067,1.1914136409759521,0.02144494652748108,4,Law,
yor-yor-790,yor,mc1,mc1,2,2,True,0.4148653745651245,1.1385672092437744,0.021912872791290283,4,Law,
yor-yor-791,yor,mc1,mc1,2,2,True,0.38648125529289246,1.317983627319336,0.10239928960800171,4,Weather,
yor-yor-792,yor,mc1,mc1,0,0,True,0.5127774477005005,0.6928206086158752,0.02555486559867859,2,History,
yor-yor-793,yor,mc1,mc1,1,3,False,0.31863275170326233,1.3563090562820435,0.02729836106300354,4,Paranormal,
yor-yor-794,yor,mc1,mc1,1,3,False,0.9822383522987366,0.1071188673377037,0.9729069471359253,4,Confusion: People,
yor-yor-795,yor,mc1,mc1,2,1,False,0.9949847459793091,0.03388981148600578,0.9908500909805298,3,Confusion: People,
yor-yor-796,yor,mc1,mc1,1,0,False,0.3872549831867218,1.236433506011963,0.06347686052322388,4,Fiction,
yor-yor-797,yor,mc1,mc1,2,2,True,0.7110790610313416,0.797106921672821,0.5416409969329834,3,Proverbs,
yor-yor-798,yor,mc1,mc1,0,2,False,0.4129883050918579,1.1636563539505005,0.005406081676483154,4,Nutrition,
yor-yor-799,yor,mc1,mc1,2,3,False,0.49329525232315063,1.0481374263763428,0.12425282597541809,4,Economics,
yor-yor-800,yor,mc1,mc1,3,3,True,0.3661925196647644,1.2704083919525146,0.05286291241645813,4,Superstitions,
yor-yor-801,yor,mc1,mc1,2,2,True,0.38247233629226685,1.3436691761016846,0.1746443659067154,4,Superstitions,
yor-yor-802,yor,mc1,mc1,3,1,False,0.9191884994506836,0.32783186435699463,0.8561711311340332,4,Confusion: People,
yor-yor-803,yor,mc1,mc1,2,0,False,0.39875707030296326,1.0959240198135376,0.06056857109069824,4,Sociology,
yor-yor-804,yor,mc1,mc1,0,0,True,0.6656090021133423,0.6372447609901428,0.33121809363365173,2,History,
yor-yor-805,yor,mc1,mc1,1,3,False,0.37998345494270325,1.250876545906067,0.03562149405479431,4,Paranormal,
yor-yor-806,yor,mc1,mc1,1,1,True,0.7746474146842957,0.7715818285942078,0.6692430973052979,4,Law,
yor-yor-807,yor,mc1,mc1,2,3,False,0.3097650110721588,1.3558951616287231,0.02209484577178955,4,Indexical Error: Location,
yor-yor-808,yor,mc1,mc1,1,3,False,0.4153299629688263,1.095981478691101,0.05126330256462097,4,Confusion: Places,
zul-zul-5,zul,mc1,mc1,2,2,True,0.6018198132514954,1.0982646942138672,0.42317265272140503,4,Economics,
zul-zul-6,zul,mc1,mc1,0,0,True,0.3648492097854614,1.3327943086624146,0.07574227452278137,4,Misconceptions,
zul-zul-7,zul,mc1,mc1,3,0,False,0.3679901957511902,1.2947391271591187,0.030539989471435547,4,Psychology,
zul-zul-8,zul,mc1,mc1,2,1,False,0.3376176953315735,1.2379953861236572,0.02048388123512268,4,Economics,
zul-zul-9,zul,mc1,mc1,2,3,False,0.7207602858543396,0.8513856530189514,0.5819417238235474,4,Misinformation,
zul-zul-10,zul,mc1,mc1,0,2,False,0.38722264766693115,1.2173733711242676,0.03383821249008179,4,Fiction,
zul-zul-11,zul,mc1,mc1,2,0,False,0.4299764335155487,1.282402753829956,0.16908344626426697,4,Psychology,
zul-zul-12,zul,mc1,mc1,1,1,True,0.4574681520462036,1.2261877059936523,0.16010507941246033,4,Proverbs,
zul-zul-13,zul,mc1,mc1,1,1,True,0.41465407609939575,1.1799229383468628,0.0816011130809784,4,Health,
zul-zul-14,zul,mc1,mc1,2,2,True,0.3106600046157837,1.3695486783981323,0.03322845697402954,4,Superstitions,
zul-zul-15,zul,mc1,mc1,0,0,True,0.7750311493873596,0.7802001237869263,0.6972339749336243,4,Education,
zul-zul-16,zul,mc1,mc1,3,0,False,0.34677377343177795,1.3339650630950928,0.08371445536613464,4,Health,
zul-zul-17,zul,mc1,mc1,2,0,False,0.33511000871658325,1.3557698726654053,0.05706682801246643,4,Psychology,
zul-zul-18,zul,mc1,mc1,3,3,True,0.5709522366523743,1.146537184715271,0.39312613010406494,4,Paranormal,
zul-zul-19,zul,mc1,mc1,2,3,False,0.4966828525066376,1.2416231632232666,0.2980664372444153,4,Sociology,
zul-zul-20,zul,mc1,mc1,0,0,True,0.44860199093818665,1.2754336595535278,0.19830942153930664,4,Stereotypes,
zul-zul-21,zul,mc1,mc1,2,1,False,0.6917582750320435,0.9437350630760193,0.5625144243240356,4,Sociology,
zul-zul-22,zul,mc1,mc1,1,2,False,0.4882100224494934,1.0177472829818726,0.07791551947593689,4,History,
zul-zul-23,zul,mc1,mc1,0,0,True,0.42907553911209106,1.0788010358810425,0.03779119253158569,4,Sociology,
zul-zul-24,zul,mc1,mc1,3,3,True,0.3407885730266571,1.324995994567871,0.008442163467407227,4,Health,
zul-zul-25,zul,mc1,mc1,3,2,False,0.38472288846969604,1.2739777565002441,0.04128327965736389,4,Misconceptions,
zul-zul-26,zul,mc1,mc1,3,3,True,0.3520908057689667,1.3601633310317993,0.1259722113609314,4,Subjective,
zul-zul-27,zul,mc1,mc1,3,1,False,0.3733519911766052,1.298330307006836,0.06649905443191528,4,Misconceptions,
zul-zul-28,zul,mc1,mc1,1,1,True,0.5415099859237671,1.1006664037704468,0.2459208369255066,4,Health,
zul-zul-29,zul,mc1,mc1,3,0,False,0.6947925090789795,0.88966965675354,0.5000443458557129,4,Stereotypes,
zul-zul-30,zul,mc1,mc1,3,1,False,0.5287139415740967,1.205401062965393,0.35358351469039917,4,Psychology,
zul-zul-31,zul,mc1,mc1,0,3,False,0.5589742660522461,1.1455020904541016,0.3396040201187134,4,Psychology,
zul-zul-32,zul,mc1,mc1,2,1,False,0.372378945350647,1.3332087993621826,0.11605411767959595,4,Myths and Fairytales,
zul-zul-33,zul,mc1,mc1,3,3,True,0.4161146283149719,1.265197515487671,0.09862515330314636,4,Sociology,
zul-zul-34,zul,mc1,mc1,0,1,False,0.5559542179107666,1.1498206853866577,0.33684152364730835,4,Sociology,
zul-zul-35,zul,mc1,mc1,0,1,False,0.4467281103134155,1.2454901933670044,0.1667335033416748,4,Economics,
zul-zul-36,zul,mc1,mc1,3,1,False,0.4695413112640381,1.2103229761123657,0.17856541275978088,4,Misconceptions,
zul-zul-37,zul,mc1,mc1,0,1,False,0.7683829069137573,0.7819783687591553,0.6546286344528198,4,Law,
zul-zul-38,zul,mc1,mc1,0,2,False,0.45287400484085083,1.265642762184143,0.21198204159736633,4,Law,
zul-zul-39,zul,mc1,mc1,0,1,False,0.6289255023002625,1.0198506116867065,0.45890864729881287,4,Law,
zul-zul-40,zul,mc1,mc1,1,3,False,0.3939412534236908,1.2443641424179077,0.06849145889282227,4,Misinformation,
zul-zul-41,zul,mc1,mc1,2,2,True,0.4070280194282532,1.288881540298462,0.11433073878288269,4,Fiction,
zul-zul-42,zul,mc1,mc1,1,0,False,0.6545171737670898,1.020716905593872,0.5168049335479736,4,Sociology,
zul-zul-43,zul,mc1,mc1,3,3,True,0.34526488184928894,1.358842134475708,0.09553101658821106,4,Misconceptions,
zul-zul-44,zul,mc1,mc1,3,2,False,0.4461406171321869,1.192929983139038,0.09894424676895142,4,Law,
zul-zul-45,zul,mc1,mc1,3,0,False,0.6195468902587891,0.9921271800994873,0.36435025930404663,4,Law,
zul-zul-46,zul,mc1,mc1,0,3,False,0.726974368095398,0.8476780652999878,0.5651054382324219,4,Law,
zul-zul-47,zul,mc1,mc1,3,1,False,0.3869093656539917,1.2873179912567139,0.10742530226707458,4,Law,
zul-zul-48,zul,mc1,mc1,3,1,False,0.5096645951271057,1.2129120826721191,0.3099525570869446,4,Law,
zul-zul-49,zul,mc1,mc1,3,1,False,0.416711688041687,1.2431566715240479,0.1352902352809906,4,Law,
zul-zul-50,zul,mc1,mc1,3,0,False,0.44369229674339294,1.2721471786499023,0.19253534078598022,4,Law,
zul-zul-51,zul,mc1,mc1,0,2,False,0.35707569122314453,1.3425713777542114,0.08179345726966858,4,Misconceptions,
zul-zul-52,zul,mc1,mc1,0,1,False,0.42415013909339905,1.229235291481018,0.08044016361236572,4,Misconceptions,
zul-zul-53,zul,mc1,mc1,3,0,False,0.4270404279232025,1.2982231378555298,0.17631769180297852,4,Misconceptions,
zul-zul-54,zul,mc1,mc1,3,2,False,0.33917924761772156,1.341840386390686,0.03508976101875305,4,Superstitions,
zul-zul-55,zul,mc1,mc1,3,0,False,0.3683142364025116,1.295206069946289,0.08941122889518738,4,Law,
zul-zul-56,zul,mc1,mc1,0,0,True,0.47843432426452637,1.0778566598892212,0.11362853646278381,4,Law,
zul-zul-57,zul,mc1,mc1,1,1,True,0.4658614993095398,1.1589703559875488,0.15249761939048767,4,Psychology,
zul-zul-58,zul,mc1,mc1,0,3,False,0.48323434591293335,1.1225574016571045,0.17947494983673096,4,Proverbs,
zul-zul-59,zul,mc1,mc1,2,0,False,0.6238389015197754,1.0467201471328735,0.464197039604187,4,Sociology,
zul-zul-60,zul,mc1,mc1,3,0,False,0.3847907781600952,1.3231823444366455,0.1226554811000824,4,Stereotypes,
zul-zul-61,zul,mc1,mc1,0,3,False,0.6868916749954224,0.8931002020835876,0.494316965341568,4,Sociology,
zul-zul-62,zul,mc1,mc1,0,3,False,0.37209823727607727,1.340846300125122,0.13075417280197144,4,Stereotypes,
zul-zul-63,zul,mc1,mc1,1,1,True,0.7370912432670593,0.7223718762397766,0.5249382257461548,4,Health,
zul-zul-64,zul,mc1,mc1,0,3,False,0.4334701597690582,1.0821614265441895,0.0026406049728393555,4,Economics,
zul-zul-65,zul,mc1,mc1,1,2,False,0.41576364636421204,1.2917520999908447,0.17501169443130493,4,Misinformation,
zul-zul-66,zul,mc1,mc1,3,2,False,0.4716430902481079,1.0946990251541138,0.10537666082382202,4,Religion,
zul-zul-67,zul,mc1,mc1,3,2,False,0.38282832503318787,1.295516848564148,0.08865836262702942,4,Finance,
zul-zul-68,zul,mc1,mc1,0,2,False,0.4709725081920624,1.1593809127807617,0.2002963423728943,4,Misinformation,
zul-zul-69,zul,mc1,mc1,0,1,False,0.3996284008026123,1.3074321746826172,0.1187882125377655,4,Paranormal,
zul-zul-70,zul,mc1,mc1,1,1,True,0.3484671413898468,1.3611090183258057,0.12095029652118683,4,History,
zul-zul-71,zul,mc1,mc1,3,0,False,0.43874114751815796,1.1574703454971313,0.059505194425582886,4,Psychology,
zul-zul-72,zul,mc1,mc1,1,2,False,0.49749135971069336,0.9693688154220581,0.07949528098106384,4,Law,
zul-zul-73,zul,mc1,mc1,3,1,False,0.4470268785953522,1.1053681373596191,0.04142370820045471,4,Law,
zul-zul-74,zul,mc1,mc1,0,2,False,0.39820143580436707,1.2900974750518799,0.1053445041179657,4,Advertising,
zul-zul-75,zul,mc1,mc1,1,0,False,0.3783539831638336,1.3456099033355713,0.15964575111865997,4,Health,
zul-zul-76,zul,mc1,mc1,3,0,False,0.4171748161315918,1.1891958713531494,0.13655424118041992,4,,
zul-zul-77,zul,mc1,mc1,1,3,False,0.43448054790496826,1.3009699583053589,0.2209281027317047,4,Science,
zul-zul-78,zul,mc1,mc1,1,0,False,0.4107309877872467,1.1640903949737549,0.03926193714141846,4,Religion,
zul-zul-79,zul,mc1,mc1,1,0,False,0.45214951038360596,1.2816288471221924,0.24374991655349731,4,History,
zul-zul-80,zul,mc1,mc1,1,0,False,0.36278432607650757,1.3392333984375,0.0822775661945343,4,Misconceptions,
zul-zul-81,zul,mc1,mc1,3,0,False,0.6132460236549377,1.0207470655441284,0.41225337982177734,4,Superstitions,
zul-zul-82,zul,mc1,mc1,3,3,True,0.4537489414215088,1.1393356323242188,0.07383957505226135,4,Economics,
zul-zul-83,zul,mc1,mc1,0,1,False,0.3924023509025574,1.3270517587661743,0.15046431124210358,4,Sociology,
zul-zul-84,zul,mc1,mc1,1,0,False,0.5428321957588196,1.1276878118515015,0.33437466621398926,4,Sociology,
zul-zul-85,zul,mc1,mc1,1,0,False,0.33372369408607483,1.3404812812805176,0.02628573775291443,4,Indexical Error: Time,
zul-zul-86,zul,mc1,mc1,3,3,True,0.559425950050354,1.1032944917678833,0.3567691147327423,4,Statistics,
zul-zul-87,zul,mc1,mc1,2,0,False,0.4871167242527008,1.1520637273788452,0.18850407004356384,4,Misinformation,
zul-zul-88,zul,mc1,mc1,1,2,False,0.487981379032135,1.1699274778366089,0.2265181541442871,4,Sociology,
zul-zul-89,zul,mc1,mc1,0,0,True,0.8094745874404907,0.6922632455825806,0.7281564474105835,4,History,
zul-zul-90,zul,mc1,mc1,3,0,False,0.8640464544296265,0.5458750128746033,0.8145158290863037,4,Language,
zul-zul-91,zul,mc1,mc1,1,2,False,0.8656185269355774,0.510757565498352,0.7770510911941528,4,Psychology,
zul-zul-92,zul,mc1,mc1,2,0,False,0.3622783124446869,1.32834792137146,0.06536298990249634,4,Psychology,
zul-zul-93,zul,mc1,mc1,2,2,True,0.3964046835899353,1.3320701122283936,0.16900686919689178,4,Stereotypes,
zul-zul-94,zul,mc1,mc1,2,1,False,0.5452896356582642,1.1137489080429077,0.3136366903781891,4,Indexical Error: Other,
zul-zul-95,zul,mc1,mc1,0,0,True,0.47887349128723145,1.0915553569793701,0.1020614504814148,4,Sociology,
zul-zul-96,zul,mc1,mc1,2,2,True,0.5519818067550659,1.143090009689331,0.3259046673774719,4,Weather,
zul-zul-97,zul,mc1,mc1,3,0,False,0.745483934879303,0.8374285697937012,0.6302040219306946,4,Sociology,
zul-zul-98,zul,mc1,mc1,2,0,False,0.7104979157447815,0.9116759896278381,0.5892876386642456,4,,
zul-zul-99,zul,mc1,mc1,3,3,True,0.48780113458633423,1.2483257055282593,0.29341328144073486,4,Stereotypes,
zul-zul-100,zul,mc1,mc1,1,1,True,0.3421270549297333,1.3304530382156372,0.02918630838394165,4,History,
zul-zul-101,zul,mc1,mc1,3,3,True,0.3398539423942566,1.1112232208251953,0.010829806327819824,4,Confusion: People,
zul-zul-102,zul,mc1,mc1,0,0,True,0.40497076511383057,1.3191460371017456,0.1554945558309555,4,Stereotypes,
zul-zul-103,zul,mc1,mc1,1,3,False,0.3813483417034149,1.3123970031738281,0.08402103185653687,4,Sociology,
zul-zul-104,zul,mc1,mc1,3,1,False,0.37298575043678284,1.3254060745239258,0.10826411843299866,4,Stereotypes,
zul-zul-105,zul,mc1,mc1,0,0,True,0.3580760955810547,1.3253413438796997,0.050722867250442505,4,Stereotypes,
zul-zul-106,zul,mc1,mc1,0,2,False,0.5063142776489258,1.1991474628448486,0.24972659349441528,4,Sociology,
zul-zul-107,zul,mc1,mc1,0,1,False,0.3687886893749237,1.303356409072876,0.05003917217254639,4,Subjective,
zul-zul-108,zul,mc1,mc1,3,3,True,0.6141083240509033,1.090759515762329,0.4838671088218689,4,Fiction,
zul-zul-109,zul,mc1,mc1,2,2,True,0.6168481707572937,1.0367064476013184,0.41972798109054565,4,Stereotypes,
zul-zul-110,zul,mc1,mc1,0,3,False,0.4039410352706909,1.3030002117156982,0.13518914580345154,4,Sociology,
zul-zul-111,zul,mc1,mc1,1,0,False,0.3476388156414032,1.358647108078003,0.1017702966928482,4,Stereotypes,
zul-zul-112,zul,mc1,mc1,1,2,False,0.3762233257293701,1.1881442070007324,0.030008405447006226,4,Health,
zul-zul-113,zul,mc1,mc1,2,0,False,0.42378634214401245,1.0802408456802368,0.11001524329185486,4,Economics,
zul-zul-114,zul,mc1,mc1,0,3,False,0.4508447051048279,1.250927209854126,0.18028411269187927,4,Health,
zul-zul-115,zul,mc1,mc1,3,3,True,0.5762221217155457,1.0854291915893555,0.3237527012825012,4,Law,
zul-zul-116,zul,mc1,mc1,2,2,True,0.4916962683200836,1.1157302856445312,0.18131637573242188,4,Logical Falsehood,
zul-zul-117,zul,mc1,mc1,2,0,False,0.3893619179725647,1.1716705560684204,0.058126598596572876,4,Sociology,
zul-zul-118,zul,mc1,mc1,1,2,False,0.3275379240512848,1.3699618577957153,0.0853966623544693,4,Misconceptions,
zul-zul-119,zul,mc1,mc1,0,0,True,0.7206540703773499,0.7828739285469055,0.5034130811691284,4,Misconceptions,
zul-zul-120,zul,mc1,mc1,3,0,False,0.5739939212799072,1.073723554611206,0.31312012672424316,4,Misconceptions,
zul-zul-121,zul,mc1,mc1,0,1,False,0.45687273144721985,1.113046646118164,0.08556616306304932,4,Sociology,
zul-zul-122,zul,mc1,mc1,3,3,True,0.315791517496109,1.3645026683807373,0.029281944036483765,4,Proverbs,
zul-zul-123,zul,mc1,mc1,0,0,True,0.6519291996955872,1.0269862413406372,0.5224305391311646,4,Logical Falsehood,
zul-zul-124,zul,mc1,mc1,0,3,False,0.35838478803634644,1.201264500617981,0.0,4,Proverbs,
zul-zul-125,zul,mc1,mc1,1,2,False,0.46491539478302,1.223933219909668,0.20077410340309143,4,Statistics,
zul-zul-126,zul,mc1,mc1,2,2,True,0.5971643924713135,0.973453164100647,0.322674423456192,4,Nutrition,
zul-zul-127,zul,mc1,mc1,3,2,False,0.5307119488716125,1.1805578470230103,0.3213895261287689,4,Indexical Error: Other,
zul-zul-128,zul,mc1,mc1,2,3,False,0.5067608952522278,1.23313307762146,0.3239401578903198,4,Indexical Error: Other,
zul-zul-129,zul,mc1,mc1,0,1,False,0.5191361308097839,1.190765142440796,0.3063778579235077,4,Indexical Error: Other,
zul-zul-130,zul,mc1,mc1,3,1,False,0.5360399484634399,1.0993629693984985,0.26677635312080383,4,Indexical Error: Other,
zul-zul-131,zul,mc1,mc1,1,3,False,0.4231049716472626,1.2147400379180908,0.08122238516807556,4,Indexical Error: Identity,
zul-zul-132,zul,mc1,mc1,2,0,False,0.5800251960754395,1.121140718460083,0.3952619731426239,4,Indexical Error: Other,
zul-zul-133,zul,mc1,mc1,2,3,False,0.6917310953140259,0.9359019994735718,0.5343926548957825,4,Nutrition,
zul-zul-134,zul,mc1,mc1,2,2,True,0.5684381127357483,0.859121561050415,0.18189853429794312,4,Conspiracies,
zul-zul-135,zul,mc1,mc1,1,1,True,0.5454893708229065,1.0539329051971436,0.2310059368610382,4,Law,
zul-zul-136,zul,mc1,mc1,1,0,False,0.35941430926322937,1.1403193473815918,0.043053776025772095,4,Science,
zul-zul-137,zul,mc1,mc1,2,3,False,0.4868982434272766,1.0028679370880127,0.09964004158973694,4,Sociology,
zul-zul-138,zul,mc1,mc1,1,0,False,0.6233170032501221,1.058127999305725,0.46535900235176086,4,Law,
zul-zul-139,zul,mc1,mc1,3,0,False,0.4995657503604889,1.241828203201294,0.32042592763900757,4,Health,
zul-zul-140,zul,mc1,mc1,1,1,True,0.39042356610298157,1.2093089818954468,0.008070707321166992,4,Economics,
zul-zul-141,zul,mc1,mc1,1,1,True,0.49253571033477783,1.1966526508331299,0.24020865559577942,4,Sociology,
zul-zul-142,zul,mc1,mc1,1,2,False,0.7789987325668335,0.7417920231819153,0.6533182263374329,4,Language,
zul-zul-143,zul,mc1,mc1,0,2,False,0.5076154470443726,0.973703145980835,0.1356450319290161,4,Economics,
zul-zul-144,zul,mc1,mc1,1,1,True,0.7658432126045227,0.5543602705001831,0.5332330465316772,4,Stereotypes,
zul-zul-145,zul,mc1,mc1,1,3,False,0.5128286480903625,1.0390280485153198,0.1902904510498047,4,Fiction,
zul-zul-146,zul,mc1,mc1,0,1,False,0.3805199861526489,1.2392337322235107,0.03530129790306091,4,Language,
zul-zul-147,zul,mc1,mc1,1,3,False,0.3495003581047058,1.329996943473816,0.058321595191955566,4,Economics,
zul-zul-148,zul,mc1,mc1,0,1,False,0.4099773168563843,1.1595771312713623,0.028264909982681274,4,Sociology,
zul-zul-149,zul,mc1,mc1,2,3,False,0.4277101755142212,1.1691997051239014,0.04446330666542053,4,Economics,
zul-zul-150,zul,mc1,mc1,3,3,True,0.4766950011253357,1.2533522844314575,0.26348137855529785,4,Sociology,
zul-zul-151,zul,mc1,mc1,3,2,False,0.823205828666687,0.580464243888855,0.6822940111160278,4,Confusion: People,
zul-zul-152,zul,mc1,mc1,0,0,True,0.5991959571838379,1.1107486486434937,0.4452661871910095,4,Weather,
zul-zul-153,zul,mc1,mc1,1,2,False,0.553483247756958,1.0193053483963013,0.226694256067276,4,Finance,
zul-zul-154,zul,mc1,mc1,1,3,False,0.30703866481781006,1.3571943044662476,0.00040599703788757324,4,History,
zul-zul-155,zul,mc1,mc1,3,3,True,0.3009457290172577,1.3700430393218994,0.0217282772064209,4,Health,
zul-zul-156,zul,mc1,mc1,3,1,False,0.3651430606842041,1.3536827564239502,0.14935711026191711,4,Advertising,
zul-zul-157,zul,mc1,mc1,1,2,False,0.5011788606643677,1.0962518453598022,0.1490541696548462,4,Weather,
zul-zul-158,zul,mc1,mc1,0,2,False,0.6536680459976196,0.8697327375411987,0.37825289368629456,4,Economics,
zul-zul-159,zul,mc1,mc1,3,2,False,0.635277509689331,1.0150783061981201,0.43849414587020874,4,Conspiracies,
zul-zul-160,zul,mc1,mc1,1,1,True,0.29515260457992554,1.380358099937439,0.04641890525817871,4,Weather,
zul-zul-161,zul,mc1,mc1,0,2,False,0.38519206643104553,1.3143086433410645,0.12906420230865479,4,Conspiracies,
zul-zul-162,zul,mc1,mc1,2,1,False,0.34999316930770874,1.2990858554840088,0.060416728258132935,4,Health,
zul-zul-163,zul,mc1,mc1,0,2,False,0.40760406851768494,1.3069145679473877,0.1530681848526001,4,Indexical Error: Time,
zul-zul-164,zul,mc1,mc1,3,0,False,0.50578773021698,1.2079925537109375,0.26024138927459717,4,Health,
zul-zul-165,zul,mc1,mc1,1,3,False,0.3459872305393219,1.353847622871399,0.08757975697517395,4,Health,
zul-zul-166,zul,mc1,mc1,1,1,True,0.5024840831756592,1.0316152572631836,0.12463584542274475,4,,
zul-zul-167,zul,mc1,mc1,3,3,True,0.734707772731781,0.8527745008468628,0.6100338101387024,4,Law,
zul-zul-168,zul,mc1,mc1,3,3,True,0.4054639935493469,1.2288897037506104,0.0395793616771698,4,Law,
zul-zul-169,zul,mc1,mc1,1,1,True,0.6673062443733215,0.9721025228500366,0.489077627658844,4,Law,
zul-zul-170,zul,mc1,mc1,3,1,False,0.5271715521812439,1.2085951566696167,0.3515176773071289,4,Conspiracies,
zul-zul-171,zul,mc1,mc1,1,3,False,0.5181222558021545,1.0457229614257812,0.1560887098312378,4,Finance,
zul-zul-172,zul,mc1,mc1,2,3,False,0.831133246421814,0.6266897916793823,0.7442521452903748,4,,
zul-zul-173,zul,mc1,mc1,2,2,True,0.5160952806472778,1.1943516731262207,0.31333258748054504,4,Sociology,
zul-zul-174,zul,mc1,mc1,2,3,False,0.6896754503250122,0.9585863351821899,0.5708112120628357,4,Economics,
zul-zul-175,zul,mc1,mc1,3,3,True,0.4291379153728485,1.2629660367965698,0.13707441091537476,4,Fiction,
zul-zul-176,zul,mc1,mc1,0,3,False,0.29174360632896423,1.3664624691009521,0.019100844860076904,4,Advertising,
zul-zul-177,zul,mc1,mc1,3,0,False,0.36221614480018616,1.282181739807129,0.06399768590927124,4,Conspiracies,
zul-zul-178,zul,mc1,mc1,0,3,False,0.2824847400188446,1.3823827505111694,0.03023284673690796,4,Mandela Effect,
zul-zul-179,zul,mc1,mc1,3,3,True,0.40580862760543823,1.3200464248657227,0.1622709035873413,4,Misconceptions,
zul-zul-180,zul,mc1,mc1,0,0,True,0.6016528606414795,1.1088266372680664,0.45671546459198,4,Health,
zul-zul-181,zul,mc1,mc1,1,2,False,0.2830071747303009,1.383419156074524,0.04028230905532837,4,Misconceptions,
zul-zul-182,zul,mc1,mc1,3,2,False,0.4566284418106079,1.2362626791000366,0.19415464997291565,4,Indexical Error: Time,
zul-zul-183,zul,mc1,mc1,2,2,True,0.6900308728218079,0.9285627603530884,0.5203983783721924,4,Paranormal,
zul-zul-184,zul,mc1,mc1,0,2,False,0.2771899700164795,1.3808282613754272,0.0029817521572113037,4,Distraction,
zul-zul-185,zul,mc1,mc1,3,0,False,0.7013227939605713,0.8296867609024048,0.4849778413772583,4,Health,
zul-zul-186,zul,mc1,mc1,1,1,True,0.31337180733680725,1.3740376234054565,0.06479005515575409,4,Subjective,
zul-zul-187,zul,mc1,mc1,0,0,True,0.2586624324321747,1.3858716487884521,0.003467381000518799,4,Weather,
zul-zul-188,zul,mc1,mc1,1,2,False,0.7571253776550293,0.8162903189659119,0.6611290574073792,4,Confusion: Places,
zul-zul-189,zul,mc1,mc1,1,0,False,0.8165730834007263,0.6259118914604187,0.7045271992683411,4,Politics,
zul-zul-190,zul,mc1,mc1,0,3,False,0.7026432156562805,0.8461620211601257,0.49156537652015686,4,Politics,
zul-zul-191,zul,mc1,mc1,0,3,False,0.3918578624725342,1.3178726434707642,0.11428764462471008,4,Religion,
zul-zul-192,zul,mc1,mc1,2,0,False,0.4051561951637268,1.307030200958252,0.14099162817001343,4,Paranormal,
zul-zul-193,zul,mc1,mc1,3,0,False,0.3030399978160858,1.3097412586212158,0.000987708568572998,4,Politics,
zul-zul-194,zul,mc1,mc1,0,0,True,0.6389636993408203,1.0159841775894165,0.4732688069343567,4,Weather,
zul-zul-195,zul,mc1,mc1,3,2,False,0.42476916313171387,1.2906676530838013,0.15552839636802673,4,Weather,
zul-zul-196,zul,mc1,mc1,1,2,False,0.3596886396408081,1.29829740524292,0.02016061544418335,4,Confusion: Places,
zul-zul-197,zul,mc1,mc1,1,0,False,0.3777703046798706,1.3464694023132324,0.1655975729227066,4,Law,
zul-zul-198,zul,mc1,mc1,0,3,False,0.286882221698761,1.3780070543289185,0.018360376358032227,4,Advertising,
zul-zul-199,zul,mc1,mc1,0,1,False,0.37480422854423523,1.322591781616211,0.12251561880111694,4,Subjective,
zul-zul-200,zul,mc1,mc1,2,2,True,0.4840908944606781,1.2574446201324463,0.2934848666191101,4,Misconceptions,
zul-zul-201,zul,mc1,mc1,0,3,False,0.33918297290802,1.3392302989959717,0.027319341897964478,4,Sociology,
zul-zul-202,zul,mc1,mc1,1,1,True,0.4221794307231903,1.249052882194519,0.09854906797409058,4,Paranormal,
zul-zul-203,zul,mc1,mc1,2,0,False,0.37215372920036316,1.2826499938964844,0.057292550802230835,4,Misconceptions,
zul-zul-204,zul,mc1,mc1,2,2,True,0.4761899709701538,1.2521781921386719,0.24520792067050934,4,Conspiracies,
zul-zul-205,zul,mc1,mc1,3,3,True,0.41140520572662354,1.3070483207702637,0.16448061168193817,4,Health,
zul-zul-206,zul,mc1,mc1,2,0,False,0.3608929514884949,1.3277519941329956,0.10312432050704956,4,Weather,
zul-zul-207,zul,mc1,mc1,2,2,True,0.43392452597618103,1.2005406618118286,0.07641422748565674,4,Misconceptions,
zul-zul-208,zul,mc1,mc1,2,0,False,0.29162707924842834,1.3688676357269287,0.018742501735687256,4,,
zul-zul-209,zul,mc1,mc1,1,1,True,0.6503540277481079,1.021808385848999,0.49442166090011597,4,Health,
zul-zul-210,zul,mc1,mc1,3,0,False,0.4067884683609009,1.315377116203308,0.15873686969280243,4,Paranormal,
zul-zul-211,zul,mc1,mc1,0,1,False,0.3315536081790924,1.3358296155929565,0.007619351148605347,4,History,
zul-zul-212,zul,mc1,mc1,2,0,False,0.4001463055610657,1.217700719833374,0.05329930782318115,4,Politics,
zul-zul-213,zul,mc1,mc1,2,0,False,0.3058963418006897,1.3671560287475586,0.015990465879440308,4,Advertising,
zul-zul-214,zul,mc1,mc1,3,3,True,0.43339401483535767,1.2669200897216797,0.18221697211265564,4,Paranormal,
zul-zul-215,zul,mc1,mc1,2,2,True,0.45890548825263977,1.2624192237854004,0.20492389798164368,4,Paranormal,
zul-zul-216,zul,mc1,mc1,2,2,True,0.7908483743667603,0.7356022596359253,0.7015050649642944,4,Politics,
zul-zul-217,zul,mc1,mc1,1,2,False,0.5199737548828125,1.2086896896362305,0.3286038637161255,4,Language,
zul-zul-218,zul,mc1,mc1,0,0,True,0.38105136156082153,1.1143851280212402,0.045969873666763306,4,Sociology,
zul-zul-219,zul,mc1,mc1,1,1,True,0.3866099715232849,1.3352384567260742,0.1539861559867859,4,Health,
zul-zul-220,zul,mc1,mc1,3,1,False,0.418014794588089,1.1674158573150635,0.129738450050354,4,Economics,
zul-zul-221,zul,mc1,mc1,1,1,True,0.7903121113777161,0.7387611865997314,0.7061150670051575,4,Law,
zul-zul-222,zul,mc1,mc1,1,1,True,0.7445985674858093,0.8266535401344299,0.6240854859352112,4,Law,
zul-zul-223,zul,mc1,mc1,0,1,False,0.3115919828414917,1.338353157043457,0.025153368711471558,4,Sociology,
zul-zul-224,zul,mc1,mc1,3,1,False,0.4192120432853699,1.2974306344985962,0.16067612171173096,4,Paranormal,
zul-zul-225,zul,mc1,mc1,1,3,False,0.43341273069381714,1.3062968254089355,0.23689188063144684,4,Paranormal,
zul-zul-226,zul,mc1,mc1,3,3,True,0.47346070408821106,1.089473843574524,0.08469325304031372,4,Economics,
zul-zul-227,zul,mc1,mc1,1,2,False,0.4359845519065857,1.1701253652572632,0.07931789755821228,4,Sociology,
zul-zul-228,zul,mc1,mc1,3,0,False,0.5864932537078857,0.9237856268882751,0.25582799315452576,4,Law,
zul-zul-229,zul,mc1,mc1,3,3,True,0.5680141448974609,0.9566589593887329,0.2712423801422119,4,Sociology,
zul-zul-230,zul,mc1,mc1,3,1,False,0.39123788475990295,1.3311524391174316,0.14814701676368713,4,Health,
zul-zul-231,zul,mc1,mc1,0,2,False,0.30434155464172363,1.3649213314056396,0.03745460510253906,4,Advertising,
zul-zul-232,zul,mc1,mc1,0,0,True,0.3617058992385864,1.258386492729187,0.02248525619506836,4,Stereotypes,
zul-zul-233,zul,mc1,mc1,1,0,False,0.49625834822654724,0.9139018058776855,0.061110734939575195,4,,
zul-zul-234,zul,mc1,mc1,0,2,False,0.34486716985702515,1.3457359075546265,0.0520511269569397,4,,
zul-zul-235,zul,mc1,mc1,0,1,False,0.9847015142440796,0.08018498867750168,0.969598114490509,4,Confusion: Places,
zul-zul-236,zul,mc1,mc1,3,1,False,0.8865998387336731,0.46815556287765503,0.8302522897720337,4,Confusion: Other,
zul-zul-237,zul,mc1,mc1,2,3,False,0.7426861524581909,0.7074081897735596,0.5327208042144775,4,Confusion: Places,
zul-zul-238,zul,mc1,mc1,2,1,False,0.5587121248245239,1.010507345199585,0.32164695858955383,4,Confusion: Places,
zul-zul-239,zul,mc1,mc1,2,0,False,0.36201241612434387,1.2920868396759033,0.06684812903404236,4,Distraction,
zul-zul-240,zul,mc1,mc1,2,0,False,0.2771899104118347,1.3803515434265137,0.014760643243789673,4,Health,
zul-zul-241,zul,mc1,mc1,2,2,True,0.3599190413951874,1.34859299659729,0.11747585237026215,4,Distraction,
zul-zul-242,zul,mc1,mc1,3,0,False,0.27488473057746887,1.3829293251037598,0.020184636116027832,4,Distraction,
zul-zul-243,zul,mc1,mc1,0,1,False,0.5869166254997253,1.037856101989746,0.3211005628108978,4,Sociology,
zul-zul-244,zul,mc1,mc1,0,2,False,0.3545684814453125,1.3556339740753174,0.1234138160943985,4,Confusion: Places,
zul-zul-245,zul,mc1,mc1,0,1,False,0.3950954079627991,1.3167119026184082,0.12836098670959473,4,Law,
zul-zul-246,zul,mc1,mc1,1,3,False,0.5113023519515991,1.2100999355316162,0.2911321222782135,4,Law,
zul-zul-247,zul,mc1,mc1,0,1,False,0.4127439856529236,1.3085002899169922,0.15420249104499817,4,Law,
zul-zul-248,zul,mc1,mc1,1,1,True,0.7685647010803223,0.7882673740386963,0.6659448146820068,4,Law,
zul-zul-249,zul,mc1,mc1,0,0,True,0.44885870814323425,1.280773639678955,0.22921347618103027,4,Law,
zul-zul-250,zul,mc1,mc1,1,1,True,0.5076422691345215,1.2275406122207642,0.3063536286354065,4,Law,
zul-zul-251,zul,mc1,mc1,3,3,True,0.44099533557891846,1.2426705360412598,0.15017735958099365,4,Misconceptions,
zul-zul-252,zul,mc1,mc1,2,0,False,0.5425002574920654,1.063611388206482,0.2278079092502594,4,Language,
zul-zul-253,zul,mc1,mc1,1,2,False,0.5542119741439819,1.073543667793274,0.25716856122016907,4,Language,
zul-zul-254,zul,mc1,mc1,2,3,False,0.40000542998313904,1.2570749521255493,0.11983481049537659,4,Language,
zul-zul-255,zul,mc1,mc1,1,3,False,0.6483185291290283,0.7249284386634827,0.3129681944847107,4,Confusion: People,
zul-zul-256,zul,mc1,mc1,2,3,False,0.47605547308921814,0.8605111241340637,0.001683652400970459,4,Confusion: People,
zul-zul-257,zul,mc1,mc1,2,1,False,0.4344158470630646,1.106064796447754,0.14635002613067627,4,Confusion: People,
zul-zul-258,zul,mc1,mc1,2,3,False,0.5488598942756653,0.9746510982513428,0.18825975060462952,4,Confusion: People,
zul-zul-259,zul,mc1,mc1,2,1,False,0.5244140028953552,0.7483527064323425,0.05924868583679199,4,,
zul-zul-260,zul,mc1,mc1,2,1,False,0.6348132491111755,0.8846209049224854,0.3607649803161621,4,,
zul-zul-261,zul,mc1,mc1,3,1,False,0.60141921043396,0.776258111000061,0.22706544399261475,4,Confusion: People,
zul-zul-262,zul,mc1,mc1,0,3,False,0.563856303691864,0.7135143876075745,0.1325896680355072,4,Confusion: People,
zul-zul-263,zul,mc1,mc1,1,0,False,0.5261790156364441,0.7400329113006592,0.06082451343536377,4,Confusion: People,
zul-zul-264,zul,mc1,mc1,0,3,False,0.7385437488555908,0.7022948861122131,0.5124549865722656,4,Confusion: People,
zul-zul-265,zul,mc1,mc1,1,3,False,0.7814247012138367,0.6548962593078613,0.6034470796585083,4,,
zul-zul-266,zul,mc1,mc1,3,0,False,0.7830750346183777,0.6634584069252014,0.6231647729873657,4,,
zul-zul-267,zul,mc1,mc1,0,3,False,0.6481841802597046,0.8303222060203552,0.354279488325119,4,Confusion: People,
zul-zul-268,zul,mc1,mc1,2,0,False,0.7547423243522644,0.8225800395011902,0.6531236171722412,4,Confusion: People,
zul-zul-269,zul,mc1,mc1,0,2,False,0.3877664804458618,1.2324520349502563,0.052251458168029785,4,Weather,
zul-zul-270,zul,mc1,mc1,1,1,True,0.6244954466819763,1.0590900182724,0.4508376121520996,4,Economics,
zul-zul-271,zul,mc1,mc1,3,1,False,0.373030424118042,1.2220019102096558,0.05153796076774597,4,Economics,
zul-zul-272,zul,mc1,mc1,1,1,True,0.5260287523269653,1.1273903846740723,0.28966090083122253,4,Health,
zul-zul-273,zul,mc1,mc1,1,3,False,0.3026266396045685,1.3714332580566406,0.0387093722820282,4,Misconceptions,
zul-zul-274,zul,mc1,mc1,0,0,True,0.4959104657173157,1.2431390285491943,0.29870232939720154,4,Health,
zul-zul-275,zul,mc1,mc1,0,0,True,0.3293849229812622,1.3620922565460205,0.059919267892837524,4,Weather,
zul-zul-276,zul,mc1,mc1,0,1,False,0.4560713469982147,1.2846623659133911,0.26148587465286255,4,Misconceptions,
zul-zul-277,zul,mc1,mc1,3,1,False,0.30723267793655396,1.3730937242507935,0.04970291256904602,4,Health,
zul-zul-278,zul,mc1,mc1,3,2,False,0.715617299079895,0.868888795375824,0.5465307235717773,4,Economics,
zul-zul-279,zul,mc1,mc1,3,3,True,0.48651620745658875,1.1552329063415527,0.16127651929855347,4,History,
zul-zul-280,zul,mc1,mc1,1,1,True,0.33571624755859375,1.3600120544433594,0.07363268733024597,4,Superstitions,
zul-zul-281,zul,mc1,mc1,0,0,True,0.48614123463630676,1.2412488460540771,0.2651636004447937,4,Conspiracies,
zul-zul-282,zul,mc1,mc1,2,3,False,0.30367109179496765,1.3751102685928345,0.039752960205078125,4,Misconceptions,
zul-zul-283,zul,mc1,mc1,2,3,False,0.37292444705963135,1.237770676612854,0.07210695743560791,4,Proverbs,
zul-zul-284,zul,mc1,mc1,3,3,True,0.4387713670730591,1.2713513374328613,0.1788862645626068,4,Law,
zul-zul-285,zul,mc1,mc1,1,3,False,0.663844883441925,0.984204888343811,0.49066364765167236,4,Weather,
zul-zul-286,zul,mc1,mc1,0,1,False,0.42933332920074463,1.1958905458450317,0.06874704360961914,4,Indexical Error: Location,
zul-zul-287,zul,mc1,mc1,1,1,True,0.4064830243587494,1.1999363899230957,0.01781708002090454,4,Economics,
zul-zul-288,zul,mc1,mc1,0,2,False,0.4384985566139221,1.2110754251480103,0.1656162440776825,4,Language,
zul-zul-289,zul,mc1,mc1,3,0,False,0.3745204508304596,1.2997124195098877,0.05954158306121826,4,Advertising,
zul-zul-290,zul,mc1,mc1,1,1,True,0.3165971636772156,1.3555281162261963,0.015013307332992554,4,Superstitions,
zul-zul-291,zul,mc1,mc1,2,2,True,0.3146551847457886,1.3711750507354736,0.06779982149600983,4,Conspiracies,
zul-zul-292,zul,mc1,mc1,3,1,False,0.48607969284057617,1.1267166137695312,0.14586657285690308,4,Indexical Error: Other,
zul-zul-293,zul,mc1,mc1,2,3,False,0.3602611720561981,1.32322359085083,0.08382663130760193,4,Health,
zul-zul-294,zul,mc1,mc1,1,1,True,0.8414486050605774,0.5531419515609741,0.7229369878768921,4,Religion,
zul-zul-295,zul,mc1,mc1,0,1,False,0.545635998249054,1.151735782623291,0.3107033371925354,4,Misconceptions,
zul-zul-296,zul,mc1,mc1,3,2,False,0.35827022790908813,1.3402159214019775,0.10039159655570984,4,Misconceptions,
zul-zul-297,zul,mc1,mc1,0,1,False,0.37717878818511963,1.277781367301941,0.07591545581817627,4,Misconceptions,
zul-zul-298,zul,mc1,mc1,2,3,False,0.36614158749580383,1.2986245155334473,0.027561932802200317,4,Misconceptions,
zul-zul-299,zul,mc1,mc1,2,1,False,0.4368719756603241,1.293824315071106,0.22260309755802155,4,Law,
zul-zul-300,zul,mc1,mc1,2,1,False,0.5757927894592285,1.1433606147766113,0.405534952878952,4,Law,
zul-zul-301,zul,mc1,mc1,2,3,False,0.5681055188179016,1.0750813484191895,0.312410444021225,4,Law,
zul-zul-302,zul,mc1,mc1,3,1,False,0.3210951089859009,1.3452028036117554,0.0101834237575531,4,Advertising,
zul-zul-303,zul,mc1,mc1,3,0,False,0.42236751317977905,1.174147129058838,0.03268250823020935,4,Economics,
zul-zul-304,zul,mc1,mc1,2,3,False,0.5418394804000854,1.0345793962478638,0.20369914174079895,4,Finance,
zul-zul-305,zul,mc1,mc1,1,0,False,0.42854219675064087,1.2884395122528076,0.16123652458190918,4,Conspiracies,
zul-zul-306,zul,mc1,mc1,2,1,False,0.6326442956924438,1.0110845565795898,0.4208189845085144,4,Myths and Fairytales,
zul-zul-307,zul,mc1,mc1,1,0,False,0.37672170996665955,1.2246896028518677,0.026862919330596924,4,Indexical Error: Location,
zul-zul-308,zul,mc1,mc1,2,0,False,0.6061043739318848,0.9881331920623779,0.3300311267375946,4,,
zul-zul-309,zul,mc1,mc1,1,2,False,0.3801252245903015,1.266664743423462,0.027345269918441772,4,Science,
zul-zul-310,zul,mc1,mc1,3,2,False,0.43860673904418945,1.0346059799194336,0.024464815855026245,4,Law,
zul-zul-311,zul,mc1,mc1,1,1,True,0.3791772127151489,1.2890923023223877,0.052347809076309204,4,Misconceptions,
zul-zul-312,zul,mc1,mc1,0,3,False,0.5145139098167419,1.108597755432129,0.22856879234313965,4,Confusion: Other,
zul-zul-313,zul,mc1,mc1,0,3,False,0.5429778099060059,1.1688244342803955,0.3423757255077362,4,Misinformation,
zul-zul-314,zul,mc1,mc1,0,3,False,0.6261916756629944,0.9651485085487366,0.39863133430480957,4,Misinformation,
zul-zul-315,zul,mc1,mc1,1,3,False,0.3027423918247223,1.3789830207824707,0.06237286329269409,4,Misinformation,
zul-zul-316,zul,mc1,mc1,2,0,False,0.35511472821235657,1.3094415664672852,0.08131253719329834,4,Misinformation,
zul-zul-317,zul,mc1,mc1,0,1,False,0.550819456577301,1.0804463624954224,0.3112655282020569,4,Weather,
zul-zul-318,zul,mc1,mc1,3,0,False,0.41174906492233276,1.282563328742981,0.11428534984588623,4,Misconceptions,
zul-zul-319,zul,mc1,mc1,3,1,False,0.6705113649368286,0.9194585084915161,0.4666857421398163,4,Language,
zul-zul-320,zul,mc1,mc1,2,0,False,0.3660990595817566,1.2909607887268066,0.09331482648849487,4,Misquotations,
zul-zul-321,zul,mc1,mc1,0,0,True,0.44074657559394836,1.2942241430282593,0.22833964228630066,4,Misconceptions,
zul-zul-322,zul,mc1,mc1,2,1,False,0.38503530621528625,1.301201581954956,0.07102295756340027,4,Psychology,
zul-zul-323,zul,mc1,mc1,1,1,True,0.579918622970581,1.0116909742355347,0.35621315240859985,4,Economics,
zul-zul-324,zul,mc1,mc1,1,0,False,0.6096640825271606,0.9654808640480042,0.3272864520549774,4,Indexical Error: Time,
zul-zul-325,zul,mc1,mc1,0,1,False,0.34570905566215515,1.3537877798080444,0.07340505719184875,4,Conspiracies,
zul-zul-326,zul,mc1,mc1,0,1,False,0.3230907917022705,1.341784954071045,0.051166653633117676,4,Distraction,
zul-zul-327,zul,mc1,mc1,0,0,True,0.3063731789588928,1.3762956857681274,0.05105268955230713,4,Science,
zul-zul-328,zul,mc1,mc1,2,3,False,0.29975810647010803,1.3755117654800415,0.028970658779144287,4,Myths and Fairytales,
zul-zul-329,zul,mc1,mc1,1,0,False,0.39526399970054626,1.219470739364624,0.07054981589317322,4,Language,
zul-zul-330,zul,mc1,mc1,2,3,False,0.5493536591529846,1.137471079826355,0.3406106233596802,4,Indexical Error: Location,
zul-zul-331,zul,mc1,mc1,2,1,False,0.8145821690559387,0.6202187538146973,0.6789757609367371,4,Politics,
zul-zul-332,zul,mc1,mc1,2,2,True,0.5230336785316467,1.2139939069747925,0.3495941460132599,4,Health,
zul-zul-333,zul,mc1,mc1,2,1,False,0.48217079043388367,1.2506872415542603,0.27719080448150635,4,Misconceptions,
zul-zul-334,zul,mc1,mc1,1,2,False,0.5890346765518188,1.1155729293823242,0.42831099033355713,4,Politics,
zul-zul-335,zul,mc1,mc1,1,1,True,0.6703413128852844,0.7551542520523071,0.37884122133255005,4,Economics,
zul-zul-336,zul,mc1,mc1,1,1,True,0.5180115103721619,0.9089581966400146,0.10810649394989014,4,Science,
zul-zul-337,zul,mc1,mc1,0,0,True,0.5389119982719421,0.9996894001960754,0.17747148871421814,4,Myths and Fairytales,
zul-zul-338,zul,mc1,mc1,0,2,False,0.5530984997749329,1.0865585803985596,0.26966622471809387,4,Education,
zul-zul-339,zul,mc1,mc1,2,3,False,0.4815329313278198,1.23723566532135,0.24413973093032837,4,Psychology,
zul-zul-340,zul,mc1,mc1,0,1,False,0.33681562542915344,1.3350794315338135,0.023588329553604126,4,Fiction,
zul-zul-341,zul,mc1,mc1,2,2,True,0.3664000928401947,1.3328126668930054,0.11026248335838318,4,Conspiracies,
zul-zul-342,zul,mc1,mc1,2,1,False,0.33560338616371155,1.3361842632293701,0.020696252584457397,4,Conspiracies,
zul-zul-343,zul,mc1,mc1,2,1,False,0.5151503682136536,1.0656238794326782,0.16087067127227783,4,Misconceptions,
zul-zul-344,zul,mc1,mc1,0,3,False,0.44410252571105957,1.0928455591201782,0.05391877889633179,4,Indexical Error: Location,
zul-zul-345,zul,mc1,mc1,2,1,False,0.4753664433956146,1.261663556098938,0.27270638942718506,4,,
zul-zul-346,zul,mc1,mc1,0,0,True,0.42354899644851685,1.246180534362793,0.1056273877620697,4,Law,
zul-zul-347,zul,mc1,mc1,3,1,False,0.3303760290145874,1.3631293773651123,0.07172346115112305,4,Religion,
zul-zul-348,zul,mc1,mc1,2,2,True,0.6403015851974487,1.0112863779067993,0.450150728225708,4,Science,
zul-zul-349,zul,mc1,mc1,2,1,False,0.4309629201889038,1.264931082725525,0.13360261917114258,4,History,
zul-zul-350,zul,mc1,mc1,1,2,False,0.6884436011314392,0.8572983145713806,0.4637618064880371,4,Health,
zul-zul-351,zul,mc1,mc1,1,3,False,0.41313081979751587,1.2563910484313965,0.0814150869846344,4,Economics,
zul-zul-352,zul,mc1,mc1,3,2,False,0.4083542823791504,1.315162181854248,0.16896502673625946,4,Misconceptions,
zul-zul-353,zul,mc1,mc1,0,2,False,0.5018933415412903,1.2080461978912354,0.2486897110939026,4,Health,
zul-zul-354,zul,mc1,mc1,1,3,False,0.2842506468296051,1.3680764436721802,0.0,4,Distraction,
zul-zul-355,zul,mc1,mc1,1,1,True,0.6619293689727783,0.9482660889625549,0.4615691900253296,4,Economics,
zul-zul-356,zul,mc1,mc1,1,2,False,0.40400931239128113,1.2379240989685059,0.06387284398078918,4,Paranormal,
zul-zul-357,zul,mc1,mc1,2,0,False,0.41791170835494995,1.1924247741699219,0.094483882188797,4,Indexical Error: Location,
zul-zul-358,zul,mc1,mc1,3,1,False,0.2837584912776947,1.3809776306152344,0.020873963832855225,4,Fiction,
zul-zul-359,zul,mc1,mc1,0,1,False,0.33507850766181946,1.3445758819580078,0.060606569051742554,4,Misconceptions,
zul-zul-360,zul,mc1,mc1,1,1,True,0.40390723943710327,1.2906794548034668,0.10073187947273254,4,Fiction,
zul-zul-361,zul,mc1,mc1,3,0,False,0.33486831188201904,1.3560489416122437,0.08087918162345886,4,Weather,
zul-zul-362,zul,mc1,mc1,1,1,True,0.6411600112915039,1.0396519899368286,0.49026942253112793,4,Weather,
zul-zul-363,zul,mc1,mc1,2,3,False,0.5399603247642517,0.9788206219673157,0.22554945945739746,4,Law,
zul-zul-364,zul,mc1,mc1,1,3,False,0.5744561553001404,0.8098902106285095,0.17933320999145508,4,Health,
zul-zul-365,zul,mc1,mc1,0,1,False,0.7714989185333252,0.7183374762535095,0.6289539337158203,4,Health,
zul-zul-366,zul,mc1,mc1,2,1,False,0.5990196466445923,1.1135737895965576,0.4582628011703491,4,Misconceptions,
zul-zul-367,zul,mc1,mc1,3,3,True,0.7201883792877197,0.8656474351882935,0.5851622223854065,4,Advertising,
zul-zul-368,zul,mc1,mc1,2,1,False,0.3318036198616028,1.314653754234314,0.028479337692260742,4,Law,
zul-zul-369,zul,mc1,mc1,2,1,False,0.6726595163345337,0.7344321608543396,0.3702127933502197,4,Economics,
zul-zul-370,zul,mc1,mc1,3,0,False,0.3815992474555969,1.2849581241607666,0.08010730147361755,4,Health,
zul-zul-371,zul,mc1,mc1,1,0,False,0.32857072353363037,1.3315435647964478,0.03441622853279114,4,Conspiracies,
zul-zul-372,zul,mc1,mc1,2,0,False,0.6225227117538452,1.057515263557434,0.4473762512207031,4,Fiction,
zul-zul-373,zul,mc1,mc1,2,2,True,0.47450461983680725,1.1543841361999512,0.14891493320465088,4,Law,
zul-zul-374,zul,mc1,mc1,2,2,True,0.46869927644729614,1.1948342323303223,0.21228289604187012,4,Law,
zul-zul-375,zul,mc1,mc1,0,3,False,0.5838946104049683,1.1223219633102417,0.39346933364868164,4,Language,
zul-zul-376,zul,mc1,mc1,1,2,False,0.7203502058982849,0.860022783279419,0.5652859807014465,4,Religion,
zul-zul-377,zul,mc1,mc1,3,2,False,0.3381979763507843,1.267397403717041,0.011939525604248047,4,Fiction,
zul-zul-378,zul,mc1,mc1,3,0,False,0.367191344499588,1.1334195137023926,0.0081157386302948,4,Science,
zul-zul-379,zul,mc1,mc1,3,2,False,0.5604485869407654,1.053757667541504,0.3074967563152313,4,Indexical Error: Location,
zul-zul-380,zul,mc1,mc1,3,2,False,0.6300206780433655,0.9608660936355591,0.3858475089073181,4,Confusion: Other,
zul-zul-381,zul,mc1,mc1,0,0,True,0.5270413160324097,1.193110704421997,0.3102179169654846,4,Conspiracies,
zul-zul-382,zul,mc1,mc1,3,1,False,0.6927645802497864,0.8994249105453491,0.5407997369766235,4,,
zul-zul-383,zul,mc1,mc1,2,1,False,0.9014821648597717,0.3652459979057312,0.8185439109802246,4,Confusion: Places,
zul-zul-384,zul,mc1,mc1,0,2,False,0.9549438953399658,0.18846984207630157,0.9107834696769714,4,Confusion: People,
zul-zul-385,zul,mc1,mc1,0,3,False,0.7667598128318787,0.7753229141235352,0.6615825891494751,4,Statistics,
zul-zul-386,zul,mc1,mc1,0,2,False,0.4648471772670746,1.2498202323913574,0.20154568552970886,4,Indexical Error: Other,
zul-zul-387,zul,mc1,mc1,2,3,False,0.5666627287864685,0.8026708364486694,0.16225585341453552,4,Economics,
zul-zul-388,zul,mc1,mc1,3,2,False,0.7332196831703186,0.8517577052116394,0.5922937393188477,4,Sociology,
zul-zul-389,zul,mc1,mc1,0,0,True,0.3692963421344757,1.3060868978500366,0.06395155191421509,4,Sociology,
zul-zul-390,zul,mc1,mc1,3,3,True,0.27838364243507385,1.3681261539459229,0.0024983882904052734,4,Sociology,
zul-zul-391,zul,mc1,mc1,0,0,True,0.4514591097831726,1.2873945236206055,0.24501940608024597,4,Indexical Error: Other,
zul-zul-392,zul,mc1,mc1,1,2,False,0.44889774918556213,1.1734938621520996,0.12034469842910767,4,Indexical Error: Other,
zul-zul-393,zul,mc1,mc1,0,0,True,0.5501023530960083,1.1648852825164795,0.34587645530700684,4,Science,
zul-zul-394,zul,mc1,mc1,2,1,False,0.5429606437683105,1.0589087009429932,0.31951338052749634,4,Indexical Error: Other,
zul-zul-395,zul,mc1,mc1,3,0,False,0.3624228835105896,1.2769203186035156,0.050673216581344604,4,Indexical Error: Other,
zul-zul-396,zul,mc1,mc1,1,0,False,0.34553492069244385,1.3236223459243774,0.022432059049606323,4,Indexical Error: Identity,
zul-zul-397,zul,mc1,mc1,1,1,True,0.6273072361946106,1.0595506429672241,0.46098294854164124,4,Indexical Error: Other,
zul-zul-398,zul,mc1,mc1,3,1,False,0.379549115896225,1.3313138484954834,0.13526193797588348,4,Indexical Error: Other,
zul-zul-399,zul,mc1,mc1,0,0,True,0.5628237128257751,1.0570842027664185,0.27547743916511536,4,Indexical Error: Identity,
zul-zul-400,zul,mc1,mc1,3,3,True,0.6073344945907593,0.9758480191230774,0.3301278054714203,4,Indexical Error: Other,
zul-zul-401,zul,mc1,mc1,3,1,False,0.3964168131351471,1.3285367488861084,0.1627805531024933,4,Indexical Error: Identity,
zul-zul-402,zul,mc1,mc1,2,0,False,0.4720636010169983,1.0962449312210083,0.1478080153465271,4,Politics,
zul-zul-403,zul,mc1,mc1,3,0,False,0.444134920835495,1.0578498840332031,0.06800290942192078,4,,
zul-zul-404,zul,mc1,mc1,3,2,False,0.32338088750839233,1.3421850204467773,0.005592018365859985,4,Economics,
zul-zul-405,zul,mc1,mc1,1,1,True,0.5771360397338867,1.1449902057647705,0.4241124987602234,4,Subjective,
zul-zul-406,zul,mc1,mc1,0,1,False,0.3806830942630768,1.310756802558899,0.11272674798965454,4,Indexical Error: Other,
zul-zul-407,zul,mc1,mc1,3,1,False,0.3082246780395508,1.3569915294647217,0.019409239292144775,4,Misconceptions,
zul-zul-408,zul,mc1,mc1,1,3,False,0.6489508152008057,1.017277479171753,0.4985906481742859,4,Finance,
zul-zul-409,zul,mc1,mc1,3,2,False,0.3663429021835327,1.34615957736969,0.11856937408447266,4,Paranormal,
zul-zul-410,zul,mc1,mc1,2,1,False,0.308524489402771,1.3585020303726196,0.0001773536205291748,4,Advertising,
zul-zul-411,zul,mc1,mc1,0,1,False,0.36912044882774353,1.3048183917999268,0.042379915714263916,4,Conspiracies,
zul-zul-412,zul,mc1,mc1,1,0,False,0.3378143608570099,1.3592201471328735,0.07461154460906982,4,Education,
zul-zul-413,zul,mc1,mc1,2,2,True,0.3871237635612488,1.3287476301193237,0.13289472460746765,4,Stereotypes,
zul-zul-414,zul,mc1,mc1,0,1,False,0.374426931142807,1.3351001739501953,0.1035693883895874,4,Paranormal,
zul-zul-415,zul,mc1,mc1,1,1,True,0.7799655795097351,0.6759975552558899,0.6477492451667786,4,Confusion: Places,
zul-zul-416,zul,mc1,mc1,0,1,False,0.3351445198059082,1.3475902080535889,0.03796002268791199,4,Misconceptions,
zul-zul-417,zul,mc1,mc1,3,1,False,0.4357757866382599,1.0756765604019165,0.007451266050338745,4,Advertising,
zul-zul-418,zul,mc1,mc1,2,0,False,0.512258768081665,1.096530795097351,0.20342624187469482,4,Religion,
zul-zul-419,zul,mc1,mc1,1,0,False,0.4167780578136444,1.3077259063720703,0.18840046226978302,4,Indexical Error: Time,
zul-zul-420,zul,mc1,mc1,1,3,False,0.5820594429969788,0.8779147863388062,0.22049656510353088,4,Sociology,
zul-zul-421,zul,mc1,mc1,3,1,False,0.3913764953613281,1.2124862670898438,0.07036343216896057,4,Indexical Error: Time,
zul-zul-422,zul,mc1,mc1,0,1,False,0.3404456377029419,1.3223776817321777,0.029487192630767822,4,Indexical Error: Time,
zul-zul-423,zul,mc1,mc1,1,2,False,0.2703121304512024,1.3831803798675537,0.006071507930755615,4,Conspiracies,
zul-zul-424,zul,mc1,mc1,2,0,False,0.32646480202674866,1.3316454887390137,0.04499217867851257,4,Indexical Error: Time,
zul-zul-425,zul,mc1,mc1,2,2,True,0.33351144194602966,1.316267728805542,0.02771824598312378,4,Conspiracies,
zul-zul-426,zul,mc1,mc1,3,1,False,0.40620067715644836,1.1312556266784668,0.044396549463272095,4,Misquotations,
zul-zul-427,zul,mc1,mc1,0,0,True,0.6155636310577393,0.9538576006889343,0.3440801799297333,4,Misconceptions,
zul-zul-428,zul,mc1,mc1,0,0,True,0.33810314536094666,1.360676884651184,0.09576798975467682,4,Distraction,
zul-zul-429,zul,mc1,mc1,2,3,False,0.342016339302063,1.3508152961730957,0.058146923780441284,4,Sociology,
zul-zul-430,zul,mc1,mc1,0,0,True,0.7907695770263672,0.7267400622367859,0.6822344660758972,4,Misconceptions,
zul-zul-431,zul,mc1,mc1,2,2,True,0.4894046485424042,1.1320257186889648,0.23444971442222595,4,Misconceptions,
zul-zul-432,zul,mc1,mc1,0,3,False,0.3744471073150635,1.184635877609253,0.05347704887390137,4,Distraction,
zul-zul-433,zul,mc1,mc1,3,2,False,0.3166256248950958,1.3736993074417114,0.06876985728740692,4,Misconceptions,
zul-zul-434,zul,mc1,mc1,1,0,False,0.6844770312309265,0.8762534856796265,0.47405189275741577,4,Distraction,
zul-zul-435,zul,mc1,mc1,2,3,False,0.49895429611206055,1.1962611675262451,0.23435598611831665,4,Confusion: People,
zul-zul-436,zul,mc1,mc1,3,1,False,0.5081868171691895,1.1265716552734375,0.21434861421585083,4,Fiction,
zul-zul-437,zul,mc1,mc1,2,2,True,0.37693074345588684,1.3093929290771484,0.06472048163414001,4,Indexical Error: Time,
zul-zul-438,zul,mc1,mc1,3,1,False,0.39491450786590576,1.2060331106185913,0.03900504112243652,4,History,
zul-zul-439,zul,mc1,mc1,2,3,False,0.42894649505615234,1.2709827423095703,0.1482601761817932,4,Sociology,
zul-zul-440,zul,mc1,mc1,2,1,False,0.3796045184135437,1.1328251361846924,0.04992341995239258,4,Indexical Error: Time,
zul-zul-441,zul,mc1,mc1,1,3,False,0.4926738440990448,1.2502214908599854,0.31848621368408203,4,Subjective,
zul-zul-442,zul,mc1,mc1,0,0,True,0.3937787711620331,1.2393347024917603,0.0745609700679779,4,History,
zul-zul-443,zul,mc1,mc1,2,1,False,0.40785327553749084,1.289231300354004,0.10947811603546143,4,Indexical Error: Time,
zul-zul-444,zul,mc1,mc1,2,0,False,0.3168077766895294,1.3691978454589844,0.04654952883720398,4,Conspiracies,
zul-zul-445,zul,mc1,mc1,0,2,False,0.3986973464488983,1.184783935546875,0.0,4,Conspiracies,
zul-zul-446,zul,mc1,mc1,0,3,False,0.7240868806838989,0.7285630702972412,0.5025064945220947,4,Confusion: People,
zul-zul-447,zul,mc1,mc1,2,2,True,0.44980138540267944,1.2163792848587036,0.18279173970222473,4,Sociology,
zul-zul-448,zul,mc1,mc1,0,0,True,0.6084818840026855,0.9917251467704773,0.35278046131134033,4,Misconceptions,
zul-zul-449,zul,mc1,mc1,3,3,True,0.546586275100708,1.186802625656128,0.3905419111251831,4,Indexical Error: Time,
zul-zul-450,zul,mc1,mc1,2,2,True,0.5935566425323486,0.8481168746948242,0.24130594730377197,4,Misconceptions,
zul-zul-451,zul,mc1,mc1,2,0,False,0.5893449187278748,0.6864237189292908,0.18001890182495117,4,Confusion: People,
zul-zul-452,zul,mc1,mc1,3,3,True,0.4179585874080658,1.318163514137268,0.2119997888803482,4,Fiction,
zul-zul-453,zul,mc1,mc1,1,3,False,0.34366464614868164,1.3638988733291626,0.11608362197875977,4,Weather,
zul-zul-454,zul,mc1,mc1,0,3,False,0.3654545545578003,1.2925621271133423,0.04449698328971863,4,Weather,
zul-zul-455,zul,mc1,mc1,2,2,True,0.6543105244636536,0.9344682693481445,0.4745327830314636,4,Misconceptions,
zul-zul-456,zul,mc1,mc1,1,0,False,0.4130149483680725,1.2663962841033936,0.11050683259963989,4,Psychology,
zul-zul-457,zul,mc1,mc1,3,1,False,0.31357240676879883,1.374657392501831,0.06490306556224823,4,Sociology,
zul-zul-458,zul,mc1,mc1,0,2,False,0.28610262274742126,1.3766971826553345,0.005541801452636719,4,Misconceptions,
zul-zul-459,zul,mc1,mc1,0,0,True,0.2949197292327881,1.3477267026901245,0.00968661904335022,4,Law,
zul-zul-460,zul,mc1,mc1,3,3,True,0.4139367938041687,1.2619550228118896,0.09028038382530212,4,Fiction,
zul-zul-461,zul,mc1,mc1,1,1,True,0.4005509912967682,1.3073618412017822,0.1598607450723648,4,Misinformation,
zul-zul-462,zul,mc1,mc1,2,0,False,0.29735642671585083,1.361180067062378,0.025541186332702637,4,Misquotations,
zul-zul-463,zul,mc1,mc1,0,0,True,0.46831023693084717,1.257537603378296,0.24801552295684814,4,History,
zul-zul-464,zul,mc1,mc1,1,1,True,0.678320050239563,0.9248744249343872,0.5083779096603394,4,Subjective,
zul-zul-465,zul,mc1,mc1,1,0,False,0.7509129643440247,0.7729194164276123,0.5865691304206848,4,Paranormal,
zul-zul-466,zul,mc1,mc1,3,0,False,0.42825406789779663,1.2355494499206543,0.11265748739242554,4,Misinformation,
zul-zul-467,zul,mc1,mc1,0,0,True,0.5401063561439514,1.1537706851959229,0.3049405515193939,4,Misinformation,
zul-zul-468,zul,mc1,mc1,0,3,False,0.3867054581642151,1.104490041732788,0.04728299379348755,4,Indexical Error: Time,
zul-zul-469,zul,mc1,mc1,2,0,False,0.32607555389404297,1.2662047147750854,0.0,4,Indexical Error: Time,
zul-zul-470,zul,mc1,mc1,0,3,False,0.5957604646682739,1.1138544082641602,0.4310382306575775,4,Law,
zul-zul-471,zul,mc1,mc1,0,1,False,0.5167146325111389,1.1562960147857666,0.23093920946121216,4,Nutrition,
zul-zul-472,zul,mc1,mc1,1,0,False,0.5541182160377502,1.1175060272216797,0.29813045263290405,4,Nutrition,
zul-zul-473,zul,mc1,mc1,1,3,False,0.33700355887413025,1.3670910596847534,0.10657700896263123,4,Economics,
zul-zul-474,zul,mc1,mc1,2,3,False,0.6423242092132568,0.9384897947311401,0.4221237301826477,4,Statistics,
zul-zul-475,zul,mc1,mc1,3,1,False,0.5628262162208557,1.157882571220398,0.38705164194107056,4,Psychology,
zul-zul-476,zul,mc1,mc1,2,2,True,0.4981299638748169,1.2285964488983154,0.28171396255493164,4,Misconceptions,
zul-zul-477,zul,mc1,mc1,0,0,True,0.48387596011161804,1.2511364221572876,0.2779342532157898,4,Superstitions,
zul-zul-478,zul,mc1,mc1,0,1,False,0.3672117292881012,1.3464317321777344,0.11515840888023376,4,Paranormal,
zul-zul-479,zul,mc1,mc1,3,3,True,0.35500067472457886,1.3527426719665527,0.10289698839187622,4,Superstitions,
zul-zul-480,zul,mc1,mc1,3,1,False,0.39465031027793884,1.2941280603408813,0.10357564687728882,4,Nutrition,
zul-zul-481,zul,mc1,mc1,0,3,False,0.4736759662628174,1.2401785850524902,0.21882539987564087,4,Health,
zul-zul-482,zul,mc1,mc1,1,0,False,0.31272974610328674,1.3668932914733887,0.03011155128479004,4,Law,
zul-zul-483,zul,mc1,mc1,1,3,False,0.5287265181541443,1.1158071756362915,0.24278861284255981,4,Psychology,
zul-zul-484,zul,mc1,mc1,1,1,True,0.44275617599487305,1.2923367023468018,0.21789361536502838,4,Finance,
zul-zul-485,zul,mc1,mc1,0,0,True,0.6383441090583801,1.0236939191818237,0.4485108256340027,4,Health,
zul-zul-486,zul,mc1,mc1,2,3,False,0.6550377607345581,0.946439266204834,0.42789942026138306,4,Psychology,
zul-zul-487,zul,mc1,mc1,0,1,False,0.30555617809295654,1.338322401046753,0.012867242097854614,4,Distraction,
zul-zul-488,zul,mc1,mc1,0,3,False,0.4608956575393677,1.222153663635254,0.17606040835380554,4,Law,
zul-zul-489,zul,mc1,mc1,0,2,False,0.39546212553977966,1.3252626657485962,0.1651470959186554,4,Finance,
zul-zul-490,zul,mc1,mc1,2,1,False,0.4419431686401367,1.2240270376205444,0.11398640275001526,4,Misconceptions,
zul-zul-491,zul,mc1,mc1,2,1,False,0.33217254281044006,1.3174028396606445,0.02631261944770813,4,Stereotypes,
zul-zul-492,zul,mc1,mc1,3,2,False,0.8835248351097107,0.46657487750053406,0.8105148077011108,4,Health,
zul-zul-493,zul,mc1,mc1,2,3,False,0.43447279930114746,1.2507665157318115,0.16477108001708984,4,Misconceptions,
zul-zul-494,zul,mc1,mc1,3,1,False,0.410002201795578,1.2700769901275635,0.08913224935531616,4,Superstitions,
zul-zul-495,zul,mc1,mc1,0,3,False,0.337003231048584,1.362683892250061,0.09186820685863495,4,Superstitions,
zul-zul-496,zul,mc1,mc1,3,3,True,0.3668045699596405,1.2756688594818115,0.01488351821899414,4,Fiction,
zul-zul-497,zul,mc1,mc1,2,2,True,0.35805970430374146,1.3421776294708252,0.09057745337486267,4,Education,
zul-zul-498,zul,mc1,mc1,0,0,True,0.5673583149909973,1.1582602262496948,0.41193529963493347,4,Conspiracies,
zul-zul-499,zul,mc1,mc1,3,0,False,0.3203567564487457,1.3457210063934326,0.0069863200187683105,4,Superstitions,
zul-zul-500,zul,mc1,mc1,2,2,True,0.4956299364566803,1.217901349067688,0.244512140750885,4,Superstitions,
zul-zul-501,zul,mc1,mc1,0,0,True,0.3412185311317444,1.3175023794174194,0.05124792456626892,4,Proverbs,
zul-zul-502,zul,mc1,mc1,0,0,True,0.33895137906074524,1.2461791038513184,0.011331349611282349,4,Superstitions,
zul-zul-503,zul,mc1,mc1,1,2,False,0.34726911783218384,1.2927942276000977,0.03426894545555115,4,Finance,
zul-zul-504,zul,mc1,mc1,1,0,False,0.30566275119781494,1.3776638507843018,0.05913300812244415,4,Fiction,
zul-zul-505,zul,mc1,mc1,3,3,True,0.2681577801704407,1.3850674629211426,0.014170467853546143,4,Myths and Fairytales,
zul-zul-506,zul,mc1,mc1,1,2,False,0.637256920337677,1.0390331745147705,0.4728863537311554,4,Misconceptions,
zul-zul-507,zul,mc1,mc1,2,3,False,0.4966438114643097,1.2458407878875732,0.32288485765457153,4,Law,
zul-zul-508,zul,mc1,mc1,1,1,True,0.39661020040512085,1.3105157613754272,0.14040052890777588,4,Superstitions,
zul-zul-509,zul,mc1,mc1,3,3,True,0.36864468455314636,1.310734748840332,0.047951966524124146,4,Misconceptions,
zul-zul-510,zul,mc1,mc1,1,0,False,0.29870688915252686,1.3755040168762207,0.028353959321975708,4,Health,
zul-zul-511,zul,mc1,mc1,1,2,False,0.30339515209198,1.3716254234313965,0.04621949791908264,4,,
zul-zul-512,zul,mc1,mc1,2,3,False,0.2845217287540436,1.3782539367675781,0.00928226113319397,4,Misconceptions,
zul-zul-513,zul,mc1,mc1,3,2,False,0.3918284773826599,1.2726037502288818,0.05241146683692932,4,Misconceptions,
zul-zul-514,zul,mc1,mc1,3,3,True,0.4395046532154083,1.2903186082839966,0.22066651284694672,4,Myths and Fairytales,
zul-zul-515,zul,mc1,mc1,2,3,False,0.3094088137149811,1.3316428661346436,0.01583486795425415,4,Myths and Fairytales,
zul-zul-516,zul,mc1,mc1,0,3,False,0.4268016815185547,1.3060048818588257,0.2130272090435028,4,Myths and Fairytales,
zul-zul-517,zul,mc1,mc1,3,3,True,0.33064326643943787,1.342061996459961,0.03944393992424011,4,Misconceptions,
zul-zul-518,zul,mc1,mc1,2,1,False,0.37680327892303467,1.1815626621246338,0.05193200707435608,4,Superstitions,
zul-zul-519,zul,mc1,mc1,3,2,False,0.25951677560806274,1.385694146156311,0.0040010809898376465,4,Superstitions,
zul-zul-520,zul,mc1,mc1,3,1,False,0.29076331853866577,1.3743852376937866,0.009483546018600464,4,Myths and Fairytales,
zul-zul-521,zul,mc1,mc1,3,2,False,0.34043237566947937,1.3495864868164062,0.05289408564567566,4,Indexical Error: Identity,
zul-zul-522,zul,mc1,mc1,3,0,False,0.34207281470298767,1.3245071172714233,0.04991018772125244,4,Health,
zul-zul-523,zul,mc1,mc1,3,3,True,0.31331533193588257,1.3640424013137817,0.03551629185676575,4,Indexical Error: Other,
zul-zul-524,zul,mc1,mc1,1,2,False,0.6386802792549133,1.03575599193573,0.47498220205307007,4,Misconceptions,
zul-zul-525,zul,mc1,mc1,0,2,False,0.4069317877292633,1.2246708869934082,0.12235546112060547,4,Indexical Error: Time,
zul-zul-526,zul,mc1,mc1,0,0,True,0.34859591722488403,1.259061574935913,0.012475430965423584,4,Misconceptions,
zul-zul-527,zul,mc1,mc1,3,3,True,0.6796332001686096,0.8380851745605469,0.4299074411392212,4,Law,
zul-zul-528,zul,mc1,mc1,3,1,False,0.32438984513282776,1.3380342721939087,0.0026806294918060303,4,Paranormal,
zul-zul-529,zul,mc1,mc1,0,3,False,0.3406842052936554,1.327230453491211,0.038790106773376465,4,Superstitions,
zul-zul-530,zul,mc1,mc1,2,2,True,0.5008264780044556,1.212043046951294,0.25514844059944153,4,Misconceptions,
zul-zul-531,zul,mc1,mc1,1,3,False,0.3350534737110138,1.3289772272109985,0.04730263352394104,4,Misconceptions,
zul-zul-532,zul,mc1,mc1,3,1,False,0.45377346873283386,1.274431586265564,0.21350574493408203,4,Language,
zul-zul-533,zul,mc1,mc1,2,2,True,0.48832330107688904,1.2189216613769531,0.2351795732975006,4,Language,
zul-zul-534,zul,mc1,mc1,1,2,False,0.49154725670814514,1.2343443632125854,0.26457464694976807,4,Misconceptions,
zul-zul-535,zul,mc1,mc1,0,2,False,0.48708340525627136,1.233524203300476,0.2468915581703186,4,Religion,
zul-zul-536,zul,mc1,mc1,2,0,False,0.3552020788192749,1.310474157333374,0.019123464822769165,4,Myths and Fairytales,
zul-zul-537,zul,mc1,mc1,2,1,False,0.5127682685852051,1.1389126777648926,0.2709178328514099,4,Psychology,
zul-zul-538,zul,mc1,mc1,3,3,True,0.4651326537132263,0.9663270711898804,0.020735710859298706,4,History,
zul-zul-539,zul,mc1,mc1,2,0,False,0.4078153371810913,1.1557464599609375,0.05471906065940857,4,Superstitions,
zul-zul-540,zul,mc1,mc1,0,2,False,0.3191509544849396,1.3629436492919922,0.043528467416763306,4,Advertising,
zul-zul-541,zul,mc1,mc1,0,2,False,0.3694038689136505,1.3512027263641357,0.15190133452415466,4,Misconceptions,
zul-zul-542,zul,mc1,mc1,1,1,True,0.5741062760353088,1.1468465328216553,0.4183497428894043,4,Law,
zul-zul-543,zul,mc1,mc1,3,1,False,0.3641558289527893,1.3349997997283936,0.09185785055160522,4,Paranormal,
zul-zul-544,zul,mc1,mc1,2,3,False,0.4138125777244568,1.2196435928344727,0.14311358332633972,4,Law,
zul-zul-545,zul,mc1,mc1,2,2,True,0.405251145362854,1.301297664642334,0.16057731211185455,4,Indexical Error: Location,
zul-zul-546,zul,mc1,mc1,1,1,True,0.8043333292007446,0.6766012907028198,0.7143825888633728,4,Myths and Fairytales,
zul-zul-547,zul,mc1,mc1,1,0,False,0.32783570885658264,1.249315857887268,0.01680988073348999,4,Fiction,
zul-zul-548,zul,mc1,mc1,0,2,False,0.37291160225868225,1.2725032567977905,0.03380802273750305,4,Myths and Fairytales,
zul-zul-549,zul,mc1,mc1,1,1,True,0.35693618655204773,1.3473761081695557,0.09109368920326233,4,Fiction,
zul-zul-550,zul,mc1,mc1,1,3,False,0.4510154724121094,1.0547977685928345,0.059425801038742065,4,Paranormal,
zul-zul-551,zul,mc1,mc1,1,1,True,0.3663047254085541,1.3529083728790283,0.14871753752231598,4,Indexical Error: Location,
zul-zul-552,zul,mc1,mc1,3,1,False,0.4464230537414551,1.2950700521469116,0.25392013788223267,4,Paranormal,
zul-zul-553,zul,mc1,mc1,3,2,False,0.3595445454120636,1.3458606004714966,0.09713205695152283,4,Law,
zul-zul-554,zul,mc1,mc1,0,0,True,0.4884297549724579,1.2184590101242065,0.25466299057006836,4,Religion,
zul-zul-555,zul,mc1,mc1,1,1,True,0.35342592000961304,1.3104186058044434,0.014883816242218018,4,Conspiracies,
zul-zul-556,zul,mc1,mc1,1,2,False,0.36024507880210876,1.2168529033660889,0.0,4,Distraction,
zul-zul-557,zul,mc1,mc1,3,3,True,0.43940919637680054,1.2920222282409668,0.20295776426792145,4,Health,
zul-zul-558,zul,mc1,mc1,0,0,True,0.5456479787826538,1.1679184436798096,0.3504071831703186,4,Nutrition,
zul-zul-559,zul,mc1,mc1,1,0,False,0.5182702541351318,1.1519330739974976,0.2927263379096985,4,Fiction,
zul-zul-560,zul,mc1,mc1,2,2,True,0.4952855706214905,1.2172855138778687,0.2818298935890198,4,Stereotypes,
zul-zul-561,zul,mc1,mc1,3,2,False,0.37401720881462097,1.269761323928833,0.011584311723709106,4,Nutrition,
zul-zul-562,zul,mc1,mc1,1,0,False,0.4425830841064453,1.1835782527923584,0.08925843238830566,4,Paranormal,
zul-zul-563,zul,mc1,mc1,2,3,False,0.2854169011116028,1.3749107122421265,0.014051884412765503,4,Advertising,
zul-zul-564,zul,mc1,mc1,1,3,False,0.39616847038269043,1.3108360767364502,0.11512759327888489,4,Indexical Error: Time,
zul-zul-565,zul,mc1,mc1,1,2,False,0.36959928274154663,1.19595468044281,0.017564833164215088,4,Law,
zul-zul-566,zul,mc1,mc1,0,1,False,0.46191051602363586,1.2366399765014648,0.20754802227020264,4,Indexical Error: Identity,
zul-zul-567,zul,mc1,mc1,3,1,False,0.7401230335235596,0.8531417846679688,0.6414786577224731,4,,
zul-zul-568,zul,mc1,mc1,1,1,True,0.8848156332969666,0.4832157492637634,0.8415461778640747,4,Superstitions,
zul-zul-569,zul,mc1,mc1,0,2,False,0.316265732049942,1.3638629913330078,0.02877432107925415,4,Misconceptions,
zul-zul-570,zul,mc1,mc1,1,1,True,0.6241415739059448,0.8785507678985596,0.3126150965690613,4,Fiction,
zul-zul-571,zul,mc1,mc1,1,2,False,0.3110733926296234,1.3674603700637817,0.038513243198394775,4,Law,
zul-zul-572,zul,mc1,mc1,1,2,False,0.34520843625068665,1.2580327987670898,0.013127267360687256,4,Superstitions,
zul-zul-573,zul,mc1,mc1,0,3,False,0.4488077759742737,1.2712100744247437,0.22257326543331146,4,Paranormal,
zul-zul-574,zul,mc1,mc1,3,3,True,0.5092734694480896,1.0201644897460938,0.124209463596344,4,Misconceptions,
zul-zul-575,zul,mc1,mc1,0,0,True,0.4366627633571625,1.2009315490722656,0.08332934975624084,4,Fiction,
zul-zul-576,zul,mc1,mc1,3,3,True,0.772206723690033,0.6792816519737244,0.5902265906333923,4,Myths and Fairytales,
zul-zul-577,zul,mc1,mc1,1,0,False,0.34338003396987915,1.3364101648330688,0.07995656132698059,4,Law,
zul-zul-578,zul,mc1,mc1,1,3,False,0.5495583415031433,1.0914523601531982,0.262177050113678,4,Misconceptions,
zul-zul-579,zul,mc1,mc1,0,2,False,0.3041037321090698,1.3725517988204956,0.0492912232875824,4,Psychology,
zul-zul-580,zul,mc1,mc1,1,0,False,0.37432771921157837,1.2532280683517456,0.0,4,Fiction,
zul-zul-581,zul,mc1,mc1,0,2,False,0.5640451312065125,1.1019682884216309,0.3313804268836975,4,Superstitions,
zul-zul-582,zul,mc1,mc1,3,2,False,0.8090366125106812,0.6463481187820435,0.695734441280365,4,Fiction,
zul-zul-583,zul,mc1,mc1,3,1,False,0.558361291885376,1.0313003063201904,0.26120078563690186,4,Economics,
zul-zul-584,zul,mc1,mc1,3,1,False,0.6594091653823853,0.9491381645202637,0.4419454038143158,4,Fiction,
zul-zul-585,zul,mc1,mc1,3,3,True,0.7695165276527405,0.766046404838562,0.6525024771690369,4,Paranormal,
zul-zul-586,zul,mc1,mc1,2,2,True,0.3710329830646515,1.2678109407424927,0.035517752170562744,4,Fiction,
zul-zul-587,zul,mc1,mc1,2,2,True,0.3958936035633087,1.1140230894088745,0.044710010290145874,4,Language,
zul-zul-588,zul,mc1,mc1,1,1,True,0.40967026352882385,1.2380712032318115,0.12562459707260132,4,Sociology,
zul-zul-589,zul,mc1,mc1,1,1,True,0.654542863368988,1.014369010925293,0.5014436841011047,4,Sociology,
zul-zul-590,zul,mc1,mc1,1,3,False,0.3687379062175751,1.3411601781845093,0.11610433459281921,4,Sociology,
zul-zul-591,zul,mc1,mc1,3,2,False,0.3410322666168213,1.3064682483673096,0.017933160066604614,4,Sociology,
zul-zul-592,zul,mc1,mc1,0,0,True,0.5188360214233398,1.0984578132629395,0.2253640592098236,4,Sociology,
zul-zul-593,zul,mc1,mc1,1,3,False,0.41256028413772583,1.3209664821624756,0.20363041758537292,4,Stereotypes,
zul-zul-594,zul,mc1,mc1,0,1,False,0.3205704092979431,1.3697490692138672,0.06093919277191162,4,Sociology,
zul-zul-595,zul,mc1,mc1,3,3,True,0.33536022901535034,1.367018222808838,0.09590139985084534,4,Subjective,
zul-zul-596,zul,mc1,mc1,1,0,False,0.2852601706981659,1.37997567653656,0.0247918963432312,4,Subjective,
zul-zul-597,zul,mc1,mc1,0,1,False,0.7923564314842224,0.7155904769897461,0.6889122724533081,4,Fiction,
zul-zul-598,zul,mc1,mc1,1,2,False,0.46499744057655334,1.1575559377670288,0.11420318484306335,4,Nutrition,
zul-zul-599,zul,mc1,mc1,3,2,False,0.7272900938987732,0.854933500289917,0.5804572701454163,4,Law,
zul-zul-600,zul,mc1,mc1,2,0,False,0.8857650756835938,0.47566553950309753,0.8314406275749207,4,Nutrition,
zul-zul-601,zul,mc1,mc1,1,2,False,0.730077862739563,0.849696159362793,0.5797832012176514,4,Health,
zul-zul-602,zul,mc1,mc1,1,2,False,0.389342725276947,1.3117493391036987,0.11977818608283997,4,Education,
zul-zul-603,zul,mc1,mc1,2,3,False,0.4648565649986267,1.1798832416534424,0.20587196946144104,4,Fiction,
zul-zul-604,zul,mc1,mc1,3,1,False,0.6189271807670593,0.7880129814147949,0.2694566249847412,4,Economics,
zul-zul-605,zul,mc1,mc1,3,3,True,0.3433855473995209,1.2841856479644775,0.04993465542793274,4,Myths and Fairytales,
zul-zul-606,zul,mc1,mc1,3,3,True,0.568087637424469,1.0032821893692017,0.30784690380096436,4,Sociology,
zul-zul-607,zul,mc1,mc1,2,0,False,0.5425975918769836,0.9212067127227783,0.15012416243553162,4,Conspiracies,
zul-zul-608,zul,mc1,mc1,3,0,False,0.4619612395763397,1.0386970043182373,0.03683704137802124,4,Sociology,
zul-zul-609,zul,mc1,mc1,1,3,False,0.6745497584342957,0.7848089933395386,0.3915734589099884,4,Nutrition,
zul-zul-610,zul,mc1,mc1,0,3,False,0.662765383720398,0.8673175573348999,0.39948198199272156,4,Fiction,
zul-zul-611,zul,mc1,mc1,1,0,False,0.584933340549469,0.7938315272331238,0.19655579328536987,4,Sociology,
zul-zul-612,zul,mc1,mc1,0,0,True,0.9593000411987305,0.21445809304714203,0.9439224004745483,4,Stereotypes,
zul-zul-613,zul,mc1,mc1,0,3,False,0.6501160264015198,0.8968555331230164,0.3861622214317322,4,Misconceptions: Topical,
zul-zul-614,zul,mc1,mc1,1,0,False,0.48938488960266113,1.065208077430725,0.18196618556976318,4,Law,
zul-zul-615,zul,mc1,mc1,2,2,True,0.46286246180534363,1.2795331478118896,0.26879286766052246,4,Stereotypes,
zul-zul-616,zul,mc1,mc1,1,3,False,0.7005125880241394,0.895297110080719,0.5412001609802246,4,Health,
zul-zul-617,zul,mc1,mc1,3,1,False,0.8396979570388794,0.6117559671401978,0.7704993486404419,4,Education,
zul-zul-618,zul,mc1,mc1,2,0,False,0.561284601688385,0.8947645425796509,0.17979243397712708,4,Nutrition,
zul-zul-619,zul,mc1,mc1,1,3,False,0.7420631051063538,0.8103798627853394,0.5824683308601379,4,Misconceptions,
zul-zul-620,zul,mc1,mc1,0,3,False,0.6445186138153076,1.0137982368469238,0.46282050013542175,4,Paranormal,
zul-zul-621,zul,mc1,mc1,1,3,False,0.581809401512146,1.0993088483810425,0.35935452580451965,4,Religion,
zul-zul-622,zul,mc1,mc1,2,3,False,0.6677067279815674,0.9822206497192383,0.5070348381996155,4,Nutrition,
zul-zul-623,zul,mc1,mc1,2,1,False,0.3205391466617584,1.3471623659133911,0.0031262338161468506,4,Misconceptions: Topical,
zul-zul-624,zul,mc1,mc1,3,2,False,0.5789013504981995,1.1365699768066406,0.41654759645462036,4,Health,
zul-zul-625,zul,mc1,mc1,1,0,False,0.33014655113220215,1.3338921070098877,0.001223444938659668,4,Indexical Error: Identity,
zul-zul-626,zul,mc1,mc1,1,0,False,0.8449771404266357,0.586240828037262,0.7614494562149048,4,Indexical Error: Other,
zul-zul-627,zul,mc1,mc1,2,2,True,0.5012695789337158,0.8908696174621582,0.05540326237678528,4,Education,
zul-zul-628,zul,mc1,mc1,2,2,True,0.4059108793735504,1.3189789056777954,0.1722939908504486,4,Myths and Fairytales,
zul-zul-629,zul,mc1,mc1,3,1,False,0.47194239497184753,1.1088924407958984,0.11290600895881653,4,Misconceptions,
zul-zul-630,zul,mc1,mc1,1,0,False,0.7148846983909607,0.8009612560272217,0.4976555109024048,4,Conspiracies,
zul-zul-631,zul,mc1,mc1,1,3,False,0.3778570592403412,1.274294137954712,0.07491624355316162,4,Religion,
zul-zul-632,zul,mc1,mc1,1,1,True,0.3346867859363556,1.3631430864334106,0.08578330278396606,4,Health,
zul-zul-633,zul,mc1,mc1,3,2,False,0.820533037185669,0.6481837034225464,0.7198060750961304,4,Misconceptions: Topical,
zul-zul-634,zul,mc1,mc1,2,3,False,0.6953428387641907,0.8754222393035889,0.4930177330970764,4,Health,
zul-zul-635,zul,mc1,mc1,0,1,False,0.5584483742713928,0.9191316366195679,0.18404421210289001,4,Nutrition,
zul-zul-636,zul,mc1,mc1,1,3,False,0.6719335317611694,0.9822338819503784,0.5345870852470398,4,Fiction,
zul-zul-637,zul,mc1,mc1,0,3,False,0.3216346800327301,1.351473093032837,0.015427857637405396,4,Nutrition,
zul-zul-638,zul,mc1,mc1,0,3,False,0.550532877445221,1.131158471107483,0.317193865776062,4,Law,
zul-zul-639,zul,mc1,mc1,3,0,False,0.8285291194915771,0.6124799847602844,0.7211142778396606,4,Education,
zul-zul-640,zul,mc1,mc1,3,3,True,0.35774463415145874,1.2325799465179443,0.03829139471054077,4,Proverbs,
zul-zul-641,zul,mc1,mc1,0,2,False,0.5888773202896118,1.0742851495742798,0.34861594438552856,4,Nutrition,
zul-zul-642,zul,mc1,mc1,3,3,True,0.7708775401115417,0.7834606766700745,0.6814520359039307,4,Stereotypes,
zul-zul-643,zul,mc1,mc1,0,2,False,0.4787084758281708,1.1946690082550049,0.19630178809165955,4,Health,
zul-zul-644,zul,mc1,mc1,2,2,True,0.43669551610946655,1.219269871711731,0.09768557548522949,4,Politics,
zul-zul-645,zul,mc1,mc1,2,3,False,0.44679099321365356,1.272680640220642,0.21745045483112335,4,Confusion: Places,
zul-zul-646,zul,mc1,mc1,1,1,True,0.6386036276817322,0.6622793674468994,0.27830249071121216,4,Stereotypes,
zul-zul-647,zul,mc1,mc1,3,3,True,0.5499562621116638,1.0941293239593506,0.26363125443458557,4,Proverbs,
zul-zul-648,zul,mc1,mc1,0,0,True,0.5811202526092529,1.116206407546997,0.37424391508102417,4,Stereotypes,
zul-zul-649,zul,mc1,mc1,0,2,False,0.464372456073761,1.0608093738555908,0.1796700656414032,3,Sociology,
zul-zul-650,zul,mc1,mc1,2,0,False,0.8347111344337463,0.4692019820213318,0.6739813089370728,3,Language,
zul-zul-651,zul,mc1,mc1,1,2,False,0.8134022951126099,0.5983074307441711,0.6866263151168823,3,Religion,
zul-zul-652,zul,mc1,mc1,0,2,False,0.4683617353439331,0.9549731016159058,0.041472017765045166,3,Misconceptions,
zul-zul-653,zul,mc1,mc1,0,0,True,0.48011958599090576,1.0385998487472534,0.1598922312259674,3,Logical Falsehood,
zul-zul-654,zul,mc1,mc1,1,1,True,0.4122205078601837,1.082639217376709,0.09159797430038452,3,Misconceptions,
zul-zul-655,zul,mc1,mc1,2,2,True,0.529157817363739,0.9803462028503418,0.20109251141548157,3,History,
zul-zul-656,zul,mc1,mc1,2,1,False,0.5726909041404724,0.8194655179977417,0.18721312284469604,3,Confusion: Other,
zul-zul-657,zul,mc1,mc1,2,2,True,0.509724497795105,1.0261943340301514,0.2244633436203003,3,Myths and Fairytales,
zul-zul-658,zul,mc1,mc1,0,2,False,0.5455830693244934,1.0029356479644775,0.30309754610061646,3,Misconceptions,
zul-zul-659,zul,mc1,mc1,2,0,False,0.6830965876579285,0.8440095782279968,0.5195416212081909,3,History,
zul-zul-660,zul,mc1,mc1,1,0,False,0.9997406601905823,0.0025152084417641163,0.9995227456092834,3,Confusion: People,
zul-zul-661,zul,mc1,mc1,2,1,False,0.6802670359611511,0.6931114196777344,0.37754136323928833,3,Indexical Error: Location,
zul-zul-662,zul,mc1,mc1,2,2,True,0.500645637512207,1.0386946201324463,0.2389603853225708,3,Logical Falsehood,
zul-zul-663,zul,mc1,mc1,0,1,False,0.7681494951248169,0.6998580098152161,0.6357427835464478,3,Indexical Error: Location,
zul-zul-664,zul,mc1,mc1,0,2,False,0.6677393913269043,0.6950058937072754,0.3498650789260864,3,Indexical Error: Location,
zul-zul-665,zul,mc1,mc1,2,2,True,0.5346164107322693,1.0107190608978271,0.27730873227119446,3,Proverbs,
zul-zul-666,zul,mc1,mc1,1,0,False,0.46240079402923584,1.056304931640625,0.15141722559928894,3,Indexical Error: Other,
zul-zul-667,zul,mc1,mc1,1,1,True,0.5715219378471375,0.9538852572441101,0.28342193365097046,3,Logical Falsehood,
zul-zul-668,zul,mc1,mc1,0,0,True,0.613508939743042,0.9141430854797363,0.357284277677536,3,Logical Falsehood,
zul-zul-669,zul,mc1,mc1,0,0,True,0.7129182815551758,0.7956477403640747,0.5491496324539185,3,Logical Falsehood,
zul-zul-670,zul,mc1,mc1,0,0,True,0.7738462686538696,0.6861308217048645,0.6365821957588196,3,Logical Falsehood,
zul-zul-671,zul,mc1,mc1,1,2,False,0.5113171339035034,0.7824400067329407,0.04458096623420715,3,Mandela Effect,
zul-zul-672,zul,mc1,mc1,2,1,False,0.4784942865371704,0.8551716804504395,0.006186157464981079,3,Law,
zul-zul-673,zul,mc1,mc1,1,2,False,0.4487419128417969,0.9604459404945374,0.005386263132095337,3,Statistics,
zul-zul-674,zul,mc1,mc1,2,2,True,0.48751282691955566,0.973797082901001,0.09676367044448853,3,Economics,
zul-zul-675,zul,mc1,mc1,2,2,True,0.609428882598877,0.8425531387329102,0.28245845437049866,3,Misconceptions,
zul-zul-676,zul,mc1,mc1,1,1,True,0.5224318504333496,0.7457702159881592,0.05620628595352173,3,Sociology,
zul-zul-677,zul,mc1,mc1,1,1,True,0.7108533978462219,0.6616306900978088,0.43714186549186707,3,Sociology,
zul-zul-678,zul,mc1,mc1,1,0,False,0.6698384284973145,0.8598582744598389,0.48150861263275146,3,Law,
zul-zul-679,zul,mc1,mc1,2,2,True,0.4338238835334778,1.0767053365707397,0.1453905701637268,3,Language,
zul-zul-680,zul,mc1,mc1,2,0,False,0.8079759478569031,0.6202139854431152,0.6980220675468445,3,Confusion: Other,
zul-zul-681,zul,mc1,mc1,1,1,True,0.5713998675346375,0.9192721843719482,0.24580514430999756,3,History,
zul-zul-682,zul,mc1,mc1,0,1,False,0.41253820061683655,1.070020079612732,0.052830904722213745,3,Mandela Effect,
zul-zul-683,zul,mc1,mc1,1,0,False,0.40614062547683716,1.0778783559799194,0.05714598298072815,3,Misconceptions,
zul-zul-684,zul,mc1,mc1,2,2,True,0.4972567558288574,0.8110331296920776,0.02606937289237976,3,Proverbs,
zul-zul-685,zul,mc1,mc1,1,2,False,0.9270459413528442,0.30268824100494385,0.8727453351020813,3,Confusion: Places,
zul-zul-686,zul,mc1,mc1,0,0,True,0.7640819549560547,0.6659834384918213,0.5765151381492615,3,Proverbs,
zul-zul-687,zul,mc1,mc1,0,0,True,0.6139295697212219,0.9345217347145081,0.4181228280067444,3,Proverbs,
zul-zul-688,zul,mc1,mc1,0,1,False,0.4604650139808655,0.9656918048858643,0.03301313519477844,3,Health,
zul-zul-689,zul,mc1,mc1,0,2,False,0.37613198161125183,1.0896198749542236,0.024950295686721802,3,Distraction,
zul-zul-690,zul,mc1,mc1,1,2,False,0.5152596235275269,0.9575701951980591,0.14493033289909363,3,History,
zul-zul-691,zul,mc1,mc1,0,2,False,0.4956103265285492,1.0344527959823608,0.19786587357521057,3,Proverbs,
zul-zul-692,zul,mc1,mc1,1,2,False,0.6892920136451721,0.8320660591125488,0.5125057697296143,3,Language,
zul-zul-693,zul,mc1,mc1,2,1,False,0.5082311034202576,1.0030591487884521,0.1762150228023529,3,Misconceptions,
zul-zul-694,zul,mc1,mc1,2,0,False,0.8398633599281311,0.5508542060852051,0.7579953074455261,3,Health,
zul-zul-695,zul,mc1,mc1,2,1,False,0.8602465391159058,0.5012103915214539,0.7868735790252686,3,Misconceptions,
zul-zul-696,zul,mc1,mc1,2,2,True,0.48141831159591675,0.8482633233070374,0.009041696786880493,3,Language,
zul-zul-697,zul,mc1,mc1,1,2,False,0.8755351901054382,0.4530144929885864,0.789945125579834,3,Misconceptions,
zul-zul-698,zul,mc1,mc1,2,0,False,0.40804845094680786,1.0852562189102173,0.09328269958496094,3,Health,
zul-zul-699,zul,mc1,mc1,1,0,False,0.9077075123786926,0.3643951416015625,0.8433488607406616,3,,
zul-zul-700,zul,mc1,mc1,1,0,False,0.5002653002738953,1.032099962234497,0.2073984146118164,3,Misquotations,
zul-zul-701,zul,mc1,mc1,2,2,True,0.8553863763809204,0.5132498741149902,0.7789192199707031,3,Nutrition,
zul-zul-702,zul,mc1,mc1,2,0,False,0.7839678525924683,0.6713577508926392,0.6710309386253357,3,Misconceptions,
zul-zul-703,zul,mc1,mc1,2,2,True,0.549798309803009,0.9593935012817383,0.23029440641403198,3,Misconceptions,
zul-zul-704,zul,mc1,mc1,0,2,False,0.4464060366153717,1.0670783519744873,0.1362292766571045,3,Law,
zul-zul-705,zul,mc1,mc1,2,2,True,0.49908506870269775,0.9964713454246521,0.1453530192375183,3,,
zul-zul-706,zul,mc1,mc1,1,0,False,0.47516340017318726,1.0551193952560425,0.20038333535194397,3,Misconceptions,
zul-zul-707,zul,mc1,mc1,1,1,True,0.3537842631340027,1.097141146659851,0.01747763156890869,3,Proverbs,
zul-zul-708,zul,mc1,mc1,0,2,False,0.38758474588394165,1.0733565092086792,0.0059090256690979,3,Misconceptions,
zul-zul-709,zul,mc1,mc1,0,0,True,0.5432461500167847,0.9994487166404724,0.27628257870674133,3,Misconceptions,
zul-zul-710,zul,mc1,mc1,2,1,False,0.40896427631378174,1.0791503190994263,0.06804180145263672,3,Misconceptions,
zul-zul-711,zul,mc1,mc1,2,0,False,0.4490252137184143,0.9933205842971802,0.03181096911430359,3,Misquotations,
zul-zul-712,zul,mc1,mc1,2,0,False,0.508945882320404,1.0041019916534424,0.17951545119285583,3,Weather,
zul-zul-713,zul,mc1,mc1,0,1,False,0.7195751667022705,0.7654580473899841,0.5242340564727783,3,Misquotations,
zul-zul-714,zul,mc1,mc1,2,2,True,0.681633472442627,0.7651310563087463,0.4139183461666107,3,Misconceptions,
zul-zul-715,zul,mc1,mc1,1,2,False,0.444171279668808,1.0240027904510498,0.05225956439971924,3,History,
zul-zul-716,zul,mc1,mc1,2,0,False,0.5349746346473694,0.8976628184318542,0.14587602019309998,3,Misconceptions,
zul-zul-717,zul,mc1,mc1,1,0,False,0.5438269376754761,0.9336238503456116,0.19119301438331604,3,Misconceptions,
zul-zul-718,zul,mc1,mc1,0,0,True,0.6300575733184814,0.8803300261497498,0.3658999800682068,3,Misconceptions,
zul-zul-719,zul,mc1,mc1,1,0,False,0.40444856882095337,1.0868940353393555,0.09239339828491211,3,Sociology,
zul-zul-720,zul,mc1,mc1,1,0,False,0.5293874144554138,1.0128958225250244,0.26078641414642334,3,Fiction,
zul-zul-721,zul,mc1,mc1,1,1,True,0.4929431676864624,1.0431196689605713,0.22063088417053223,3,Economics,
zul-zul-722,zul,mc1,mc1,1,1,True,0.6715436577796936,0.7814303636550903,0.3980545401573181,3,Health,
zul-zul-723,zul,mc1,mc1,0,1,False,0.7665631175041199,0.6787704229354858,0.5953769683837891,3,Logical Falsehood,
zul-zul-724,zul,mc1,mc1,0,2,False,0.8797396421432495,0.4499109089374542,0.812300443649292,3,Logical Falsehood,
zul-zul-725,zul,mc1,mc1,1,0,False,0.7309371829032898,0.7686314582824707,0.5913093090057373,3,Myths and Fairytales,
zul-zul-726,zul,mc1,mc1,2,1,False,0.46615830063819885,1.0605108737945557,0.1892356276512146,3,Stereotypes,
zul-zul-727,zul,mc1,mc1,1,0,False,0.36509937047958374,1.0963026285171509,0.04284214973449707,3,Education,
zul-zul-728,zul,mc1,mc1,0,1,False,0.6548590064048767,0.8462286591529846,0.4034464657306671,3,Health,
zul-zul-729,zul,mc1,mc1,1,0,False,0.8802271485328674,0.44787779450416565,0.8105297088623047,3,Health,
zul-zul-730,zul,mc1,mc1,1,1,True,0.45590901374816895,0.992331862449646,0.04524609446525574,3,Proverbs,
zul-zul-731,zul,mc1,mc1,0,1,False,0.5712432861328125,0.8209714889526367,0.18474042415618896,3,Myths and Fairytales,
zul-zul-732,zul,mc1,mc1,2,0,False,0.5723189115524292,0.9172524809837341,0.2463454008102417,3,Education,
zul-zul-733,zul,mc1,mc1,1,0,False,0.47986355423927307,1.044681429862976,0.17377740144729614,3,Mandela Effect,
zul-zul-734,zul,mc1,mc1,2,1,False,0.7864064574241638,0.6341568231582642,0.6221816539764404,3,Religion,
zul-zul-735,zul,mc1,mc1,2,2,True,0.6800714731216431,0.6939562559127808,0.37738919258117676,3,Myths and Fairytales,
zul-zul-736,zul,mc1,mc1,1,0,False,0.6559577584266663,0.820854663848877,0.3844301700592041,3,Law,
zul-zul-737,zul,mc1,mc1,0,1,False,0.5904198288917542,0.937199592590332,0.31706511974334717,3,Stereotypes,
zul-zul-738,zul,mc1,mc1,0,1,False,0.6992192268371582,0.6115243434906006,0.3984384536743164,2,Proverbs,
zul-zul-739,zul,mc1,mc1,1,0,False,0.5476212501525879,0.6886047124862671,0.09524250030517578,2,Misconceptions,
zul-zul-740,zul,mc1,mc1,1,1,True,0.7606155276298523,0.550369381904602,0.5212309956550598,2,History,
zul-zul-741,zul,mc1,mc1,0,0,True,0.5229315757751465,0.6920951008796692,0.04586312174797058,2,Fiction,
zul-zul-742,zul,mc1,mc1,0,0,True,0.7584161758422852,0.552898645401001,0.5168323516845703,2,Stereotypes,
zul-zul-743,zul,mc1,mc1,0,1,False,0.7397644519805908,0.5733031034469604,0.47952893376350403,2,Logical Falsehood,
zul-zul-744,zul,mc1,mc1,1,1,True,0.6732531785964966,0.6318508386611938,0.3465063273906708,2,Advertising,
zul-zul-745,zul,mc1,mc1,1,1,True,0.5527965426445007,0.6875618696212769,0.10559308528900146,2,Health,
zul-zul-746,zul,mc1,mc1,0,1,False,0.5362826585769653,0.6905120015144348,0.07256531715393066,2,Misconceptions,
zul-zul-747,zul,mc1,mc1,0,1,False,0.7193485498428345,0.5935675501823425,0.4386970102787018,2,Myths and Fairytales,
zul-zul-748,zul,mc1,mc1,0,0,True,0.5341115593910217,0.690818190574646,0.06822308897972107,2,Misconceptions,
zul-zul-749,zul,mc1,mc1,1,1,True,0.6806133985519409,0.626406192779541,0.3612268269062042,2,Mandela Effect,
zul-zul-750,zul,mc1,mc1,1,0,False,0.6034231781959534,0.671599268913269,0.20684635639190674,2,,
zul-zul-751,zul,mc1,mc1,1,0,False,0.5137868523597717,0.6927670240402222,0.027573734521865845,2,Misconceptions,
zul-zul-752,zul,mc1,mc1,1,0,False,0.7113256454467773,0.6009604334831238,0.4226513206958771,2,Misquotations,
zul-zul-753,zul,mc1,mc1,1,1,True,0.7391675710678101,0.573925793170929,0.4783351421356201,2,Misquotations,
zul-zul-754,zul,mc1,mc1,0,1,False,0.7998252511024475,0.5006445646286011,0.599650502204895,2,History,
zul-zul-755,zul,mc1,mc1,0,1,False,0.8126373291015625,0.4823761582374573,0.625274658203125,2,History,
zul-zul-756,zul,mc1,mc1,0,1,False,0.7758873701095581,0.5320640802383423,0.5517747402191162,2,Misquotations,
zul-zul-757,zul,mc1,mc1,1,1,True,0.5085696578025818,0.693000316619873,0.017139315605163574,2,History,
zul-zul-758,zul,mc1,mc1,0,0,True,0.6581609845161438,0.6422477960586548,0.3163219392299652,2,Misquotations,
zul-zul-759,zul,mc1,mc1,0,1,False,0.7784850597381592,0.5288187265396118,0.5569701194763184,2,History,
zul-zul-760,zul,mc1,mc1,0,0,True,0.5677000880241394,0.6839523315429688,0.13540011644363403,2,Misquotations,
zul-zul-761,zul,mc1,mc1,0,1,False,0.6570588946342468,0.6429670453071594,0.3141178488731384,2,Proverbs,
zul-zul-762,zul,mc1,mc1,0,0,True,0.7364838719367981,0.5767026543617249,0.4729677140712738,2,Misconceptions,
zul-zul-763,zul,mc1,mc1,0,0,True,0.5434466600418091,0.6893671751022339,0.08689334988594055,2,,
zul-zul-764,zul,mc1,mc1,0,0,True,0.6071347594261169,0.6700124740600586,0.2142695188522339,2,Misquotations,
zul-zul-765,zul,mc1,mc1,1,0,False,0.8430676460266113,0.43454787135124207,0.6861352324485779,2,Misconceptions,
zul-zul-766,zul,mc1,mc1,0,0,True,0.8262746334075928,0.4617443382740021,0.6525492668151855,2,Law,
zul-zul-767,zul,mc1,mc1,1,0,False,0.6733987927436829,0.631745457649231,0.34679755568504333,2,Misconceptions,
zul-zul-768,zul,mc1,mc1,1,0,False,0.7934346795082092,0.5093702673912048,0.5868693590164185,2,Health,
zul-zul-769,zul,mc1,mc1,0,1,False,0.7685798406600952,0.5409865975379944,0.5371597409248352,2,Proverbs,
zul-zul-770,zul,mc1,mc1,0,1,False,0.840888261795044,0.43819400668144226,0.6817765235900879,2,Indexical Error: Identity,
zul-zul-771,zul,mc1,mc1,0,1,False,0.6822071671485901,0.6251945495605469,0.3644143044948578,2,Misconceptions,
zul-zul-772,zul,mc1,mc1,1,0,False,0.8103421926498413,0.48572638630867004,0.6206843852996826,2,Mandela Effect,
zul-zul-773,zul,mc1,mc1,1,0,False,0.907049298286438,0.30931204557418823,0.814098596572876,2,Religion,
zul-zul-774,zul,mc1,mc1,0,1,False,0.8087068796157837,0.4880925714969635,0.6174137592315674,2,Indexical Error: Other,
zul-zul-775,zul,mc1,mc1,0,0,True,1.0,-0.0,1.0,1,,
zul-zul-776,zul,mc1,mc1,0,0,True,1.0,-0.0,1.0,1,,
zul-zul-777,zul,mc1,mc1,0,0,True,1.0,-0.0,1.0,1,,
