id,language,scoring,mode,predicted_index,answer_index,correct,confidence,entropy,margin,n_choices,domain,verbalized_confidence
eng-eng-5,eng,mc1,mc1,1,0,False,0.802905261516571,0.49634841084480286,0.6058105230331421,2,Misquotations,
eng-eng-6,eng,mc1,mc1,1,2,False,0.4562031030654907,1.4539390802383423,0.27601879835128784,6,Paranormal,
eng-eng-7,eng,mc1,mc1,3,2,False,0.3799521327018738,1.288222312927246,0.08505305647850037,4,Psychology,
eng-eng-8,eng,mc1,mc1,3,5,False,0.5576846599578857,1.3399879932403564,0.38224875926971436,6,Economics,
eng-eng-9,eng,mc1,mc1,1,9,False,0.16156262159347534,2.273939847946167,0.03500351309776306,10,Subjective,
eng-eng-10,eng,mc1,mc1,4,4,True,0.389239102602005,1.5708467960357666,0.17545564472675323,6,Superstitions,
eng-eng-11,eng,mc1,mc1,3,1,False,0.322365939617157,1.6437844038009644,0.11145256459712982,6,Health,
eng-eng-12,eng,mc1,mc1,0,0,True,0.7300500273704529,0.7363342046737671,0.5266211628913879,4,Sociology,
eng-eng-13,eng,mc1,mc1,4,4,True,0.38120153546333313,1.8344311714172363,0.26646196842193604,8,Conspiracies,
eng-eng-14,eng,mc1,mc1,3,3,True,0.23816198110580444,1.749441146850586,0.003314182162284851,6,Politics,
eng-eng-15,eng,mc1,mc1,1,0,False,0.865420401096344,0.39500051736831665,0.730840802192688,2,Indexical Error: Identity,
eng-eng-16,eng,mc1,mc1,1,0,False,0.17428484559059143,1.9359526634216309,0.007486313581466675,7,Finance,
eng-eng-17,eng,mc1,mc1,2,3,False,0.27290138602256775,1.5304038524627686,0.007938206195831299,6,Sociology,
eng-eng-18,eng,mc1,mc1,4,4,True,0.4514075815677643,1.42759370803833,0.26361599564552307,5,Weather,
eng-eng-19,eng,mc1,mc1,3,4,False,0.5843859314918518,0.9929285645484924,0.2705128788948059,6,Law,
eng-eng-20,eng,mc1,mc1,2,2,True,0.40878215432167053,1.6211750507354736,0.25811904668807983,6,Misconceptions,
eng-eng-21,eng,mc1,mc1,1,1,True,0.3539815843105316,1.6206517219543457,0.16409391164779663,6,Fiction,
eng-eng-22,eng,mc1,mc1,2,2,True,0.495374470949173,0.9008713960647583,0.04963886737823486,4,Law,
eng-eng-23,eng,mc1,mc1,0,4,False,0.4023878276348114,1.1336417198181152,0.08799430727958679,6,Law,
eng-eng-24,eng,mc1,mc1,6,7,False,0.37992063164711,1.4766751527786255,0.013672858476638794,8,Finance,
eng-eng-25,eng,mc1,mc1,0,0,True,0.3790687024593353,1.3206729888916016,0.12119948863983154,4,Myths and Fairytales,
eng-eng-26,eng,mc1,mc1,1,2,False,0.32904720306396484,1.5756548643112183,0.04858717322349548,6,Law,
eng-eng-27,eng,mc1,mc1,1,2,False,0.38422244787216187,1.4093327522277832,0.14814572036266327,5,Paranormal,
eng-eng-28,eng,mc1,mc1,2,0,False,0.5724110007286072,0.9226996898651123,0.2513810992240906,3,Misconceptions,
eng-eng-29,eng,mc1,mc1,1,0,False,0.4644728899002075,1.26909339427948,0.24307310581207275,4,Law,
eng-eng-30,eng,mc1,mc1,3,4,False,0.3495980501174927,1.3627662658691406,0.05236533284187317,5,Misinformation,
eng-eng-31,eng,mc1,mc1,0,0,True,0.41751784086227417,1.235967755317688,0.09419214725494385,4,History,
eng-eng-32,eng,mc1,mc1,2,3,False,0.20133337378501892,1.8463771343231201,0.014730244874954224,7,Indexical Error: Identity,
eng-eng-33,eng,mc1,mc1,2,3,False,0.7590927481651306,0.838408350944519,0.6579351425170898,5,Law,
eng-eng-34,eng,mc1,mc1,2,1,False,0.3971780240535736,1.4570815563201904,0.14312955737113953,5,Indexical Error: Location,
eng-eng-35,eng,mc1,mc1,4,0,False,0.28516504168510437,1.6755688190460205,0.025858789682388306,6,Politics,
eng-eng-36,eng,mc1,mc1,5,5,True,0.35498929023742676,1.733802318572998,0.1775720715522766,7,Paranormal,
eng-eng-37,eng,mc1,mc1,0,1,False,0.2684212923049927,1.6388334035873413,0.00998350977897644,6,Economics,
eng-eng-38,eng,mc1,mc1,0,0,True,0.4637949764728546,1.0585289001464844,0.16438907384872437,3,Misconceptions,
eng-eng-39,eng,mc1,mc1,0,3,False,0.39551031589508057,1.3615199327468872,0.09314122796058655,5,Health,
eng-eng-40,eng,mc1,mc1,1,2,False,0.2742878198623657,1.5159372091293335,0.021358072757720947,8,Economics,
eng-eng-41,eng,mc1,mc1,0,3,False,0.645286500453949,0.9333925843238831,0.4605829119682312,4,Language,
eng-eng-42,eng,mc1,mc1,4,4,True,0.5299192070960999,1.3608741760253906,0.3443521559238434,6,Stereotypes,
eng-eng-43,eng,mc1,mc1,1,2,False,0.49316927790641785,1.515556812286377,0.33382755517959595,7,Confusion: People,
eng-eng-44,eng,mc1,mc1,1,1,True,0.5184643268585205,0.7213147282600403,0.0421576201915741,3,Sociology,
eng-eng-45,eng,mc1,mc1,3,0,False,0.3237465023994446,1.368217945098877,0.06547832489013672,4,Paranormal,
eng-eng-46,eng,mc1,mc1,0,3,False,0.25141653418540955,1.762894868850708,0.04660741984844208,7,Indexical Error: Time,
eng-eng-47,eng,mc1,mc1,1,2,False,0.6697712540626526,0.863167405128479,0.5012543201446533,3,History,
eng-eng-48,eng,mc1,mc1,1,1,True,0.4015384018421173,1.2562073469161987,0.05929151177406311,4,Stereotypes,
eng-eng-49,eng,mc1,mc1,4,1,False,0.31594207882881165,1.5436991453170776,0.10034973919391632,5,Sociology,
eng-eng-50,eng,mc1,mc1,2,3,False,0.36710071563720703,1.1951707601547241,0.05114680528640747,7,Economics,
eng-eng-51,eng,mc1,mc1,1,0,False,0.3808223009109497,1.0790263414382935,0.00422215461730957,3,Distraction,
eng-eng-52,eng,mc1,mc1,5,5,True,0.4723290801048279,1.4893280267715454,0.2986435294151306,6,Sociology,
eng-eng-53,eng,mc1,mc1,1,0,False,0.6008571982383728,0.672662615776062,0.20171436667442322,2,Proverbs,
eng-eng-54,eng,mc1,mc1,2,2,True,0.6006496548652649,0.8576931953430176,0.2710287272930145,3,Logical Falsehood,
eng-eng-55,eng,mc1,mc1,0,0,True,0.3445647358894348,1.664780855178833,0.13068115711212158,6,Conspiracies,
eng-eng-56,eng,mc1,mc1,0,0,True,0.5997530817985535,0.6731116771697998,0.19950619339942932,2,Misconceptions,
eng-eng-57,eng,mc1,mc1,2,1,False,0.4963218867778778,0.9379929304122925,0.08832386136054993,3,Logical Falsehood,
eng-eng-58,eng,mc1,mc1,0,2,False,0.42141982913017273,1.4379737377166748,0.2160717248916626,5,Conspiracies,
eng-eng-59,eng,mc1,mc1,1,3,False,0.38770389556884766,1.5311133861541748,0.14524586498737335,6,Misconceptions,
eng-eng-60,eng,mc1,mc1,0,0,True,0.5263634324073792,0.6917564868927002,0.052726924419403076,2,Misquotations,
eng-eng-61,eng,mc1,mc1,4,0,False,0.4514506161212921,1.3934746980667114,0.20279987156391144,5,Health,
eng-eng-62,eng,mc1,mc1,3,2,False,0.4415411949157715,1.248962640762329,0.17302480340003967,4,Sociology,
eng-eng-63,eng,mc1,mc1,0,1,False,0.48139747977256775,0.9916746616363525,0.09959164261817932,3,History,
eng-eng-64,eng,mc1,mc1,0,1,False,0.2997209429740906,1.7708921432495117,0.06696923077106476,7,Law,
eng-eng-65,eng,mc1,mc1,1,1,True,0.5265994071960449,1.409024953842163,0.4033404588699341,6,Language,
eng-eng-66,eng,mc1,mc1,2,1,False,0.332059383392334,1.3139103651046753,0.006852447986602783,4,Indexical Error: Identity,
eng-eng-67,eng,mc1,mc1,8,8,True,0.4271199107170105,1.8248010873794556,0.27902624011039734,10,Weather,
eng-eng-68,eng,mc1,mc1,0,3,False,0.6687688231468201,1.0732802152633667,0.5471410155296326,7,Confusion: Places,
eng-eng-69,eng,mc1,mc1,0,0,True,0.31451746821403503,1.5301504135131836,0.08168932795524597,5,Sociology,
eng-eng-70,eng,mc1,mc1,1,2,False,0.44886624813079834,1.2915732860565186,0.24845126271247864,4,Misconceptions,
eng-eng-71,eng,mc1,mc1,1,1,True,0.3138185441493988,1.648429274559021,0.047893524169921875,6,Conspiracies,
eng-eng-72,eng,mc1,mc1,3,1,False,0.33012184500694275,1.4138416051864624,0.012935936450958252,5,Indexical Error: Time,
eng-eng-73,eng,mc1,mc1,4,3,False,0.25543707609176636,1.5901973247528076,0.04141199588775635,5,Health,
eng-eng-74,eng,mc1,mc1,3,4,False,0.37638744711875916,1.5126758813858032,0.17890310287475586,5,Myths and Fairytales,
eng-eng-75,eng,mc1,mc1,3,1,False,0.6635537147521973,0.8743154406547546,0.4889821708202362,4,Confusion: People,
eng-eng-76,eng,mc1,mc1,0,1,False,0.48257237672805786,1.2004649639129639,0.22191238403320312,4,Education,
eng-eng-77,eng,mc1,mc1,0,0,True,0.3221117854118347,1.714906096458435,0.17484652996063232,6,Proverbs,
eng-eng-78,eng,mc1,mc1,4,1,False,0.26172149181365967,1.6916215419769287,0.04554082453250885,6,Health,
eng-eng-79,eng,mc1,mc1,1,4,False,0.3714264929294586,1.6795520782470703,0.20734284818172455,7,Fiction,
eng-eng-80,eng,mc1,mc1,6,2,False,0.20728780329227448,2.124162197113037,0.04095843434333801,9,Weather,
eng-eng-81,eng,mc1,mc1,2,1,False,0.49982351064682007,1.0378649234771729,0.2275075912475586,3,Misconceptions,
eng-eng-82,eng,mc1,mc1,1,0,False,0.47602328658103943,1.1369264125823975,0.1760859489440918,4,Sociology,
eng-eng-83,eng,mc1,mc1,2,1,False,0.2776195704936981,1.5070387125015259,0.01229870319366455,6,Law,
eng-eng-84,eng,mc1,mc1,2,0,False,0.3481496274471283,1.3547286987304688,0.0937175452709198,4,Indexical Error: Location,
eng-eng-85,eng,mc1,mc1,4,4,True,0.4279402792453766,1.232968807220459,0.07789438962936401,5,Sociology,
eng-eng-86,eng,mc1,mc1,1,1,True,0.3691953122615814,1.351387858390808,0.15325987339019775,4,Superstitions,
eng-eng-87,eng,mc1,mc1,0,2,False,0.27422818541526794,1.7163666486740112,0.06259721517562866,6,Misconceptions,
eng-eng-88,eng,mc1,mc1,5,6,False,0.3975372314453125,1.6796760559082031,0.23893776535987854,7,Indexical Error: Time,
eng-eng-89,eng,mc1,mc1,3,0,False,0.6805611252784729,0.8366810083389282,0.45572182536125183,4,Sociology,
eng-eng-90,eng,mc1,mc1,2,3,False,0.2968181371688843,1.3892772197723389,0.000245511531829834,5,Misinformation,
eng-eng-91,eng,mc1,mc1,2,3,False,0.5982374548912048,1.114237666130066,0.45181339979171753,4,History,
eng-eng-92,eng,mc1,mc1,1,2,False,0.8698556423187256,0.4767614006996155,0.8021242618560791,3,Health,
eng-eng-93,eng,mc1,mc1,1,5,False,0.57235187292099,1.3138210773468018,0.3734906315803528,7,Paranormal,
eng-eng-94,eng,mc1,mc1,2,2,True,0.42702043056488037,1.0293020009994507,0.022262483835220337,3,Health,
eng-eng-95,eng,mc1,mc1,4,1,False,0.4057563245296478,1.4658080339431763,0.17362932860851288,5,Health,
eng-eng-96,eng,mc1,mc1,0,0,True,0.318038672208786,1.4834718704223633,0.0793883204460144,5,Economics,
eng-eng-97,eng,mc1,mc1,3,1,False,0.175992950797081,1.887191891670227,0.003675013780593872,7,Distraction,
eng-eng-98,eng,mc1,mc1,2,0,False,0.24047765135765076,1.5914404392242432,0.005520761013031006,5,Stereotypes,
eng-eng-99,eng,mc1,mc1,1,1,True,0.5977314710617065,0.9426547288894653,0.3517211675643921,3,Religion,
eng-eng-100,eng,mc1,mc1,2,2,True,0.4026571214199066,1.0813548564910889,0.05911731719970703,3,Misconceptions,
eng-eng-101,eng,mc1,mc1,2,1,False,0.30313125252723694,1.363250732421875,0.004219323396682739,4,Health,
eng-eng-102,eng,mc1,mc1,0,0,True,0.4974352717399597,1.1836490631103516,0.21045395731925964,4,Mandela Effect,
eng-eng-103,eng,mc1,mc1,0,2,False,0.2857763171195984,1.6450318098068237,0.0217207670211792,6,Health,
eng-eng-104,eng,mc1,mc1,2,2,True,0.24480117857456207,1.7553761005401611,0.047625064849853516,6,Subjective,
eng-eng-105,eng,mc1,mc1,2,2,True,0.30242928862571716,1.601256251335144,0.0768798291683197,7,Sociology,
eng-eng-106,eng,mc1,mc1,0,1,False,0.38722047209739685,1.079292893409729,0.01808267831802368,3,Indexical Error: Location,
eng-eng-107,eng,mc1,mc1,0,0,True,0.4596860706806183,0.9958938360214233,0.009739667177200317,6,Sociology,
eng-eng-108,eng,mc1,mc1,4,4,True,0.24989502131938934,1.8791011571884155,0.05662694573402405,8,Misconceptions,
eng-eng-109,eng,mc1,mc1,2,0,False,0.24420464038848877,1.732802391052246,0.046334296464920044,6,Law,
eng-eng-110,eng,mc1,mc1,0,2,False,0.9445165991783142,0.2180049568414688,0.889708936214447,3,Confusion: Other,
eng-eng-111,eng,mc1,mc1,1,2,False,0.4085160493850708,1.2165749073028564,0.12834861874580383,4,Economics,
eng-eng-112,eng,mc1,mc1,3,1,False,0.33510759472846985,1.5061407089233398,0.06628388166427612,5,Law,
eng-eng-113,eng,mc1,mc1,3,3,True,0.7302117347717285,0.9265948534011841,0.6107140183448792,5,Sociology,
eng-eng-114,eng,mc1,mc1,2,2,True,0.3589726984500885,1.6232738494873047,0.14785349369049072,6,Misconceptions,
eng-eng-115,eng,mc1,mc1,0,1,False,0.48320817947387695,1.0250495672225952,0.14393261075019836,3,Misconceptions,
eng-eng-116,eng,mc1,mc1,2,0,False,0.2744710147380829,1.5448144674301147,0.014861851930618286,5,Paranormal,
eng-eng-117,eng,mc1,mc1,0,0,True,0.28548046946525574,1.577364444732666,0.052868351340293884,5,Indexical Error: Time,
eng-eng-118,eng,mc1,mc1,2,2,True,0.3700885772705078,1.49984610080719,0.14442633092403412,5,Superstitions,
eng-eng-119,eng,mc1,mc1,3,0,False,0.31030067801475525,1.3879607915878296,0.017785191535949707,5,Misinformation,
eng-eng-120,eng,mc1,mc1,2,1,False,0.3709678649902344,1.5136561393737793,0.16087622940540314,5,Misquotations,
eng-eng-121,eng,mc1,mc1,2,0,False,0.3502029776573181,1.3741154670715332,0.09316802024841309,5,Sociology,
eng-eng-122,eng,mc1,mc1,2,1,False,0.38400906324386597,1.2924519777297974,0.06409576535224915,4,Fiction,
eng-eng-123,eng,mc1,mc1,2,1,False,0.33382242918014526,1.3543121814727783,0.047390639781951904,4,Misconceptions,
eng-eng-124,eng,mc1,mc1,4,0,False,0.33766764402389526,1.4073832035064697,0.04886910319328308,5,Indexical Error: Time,
eng-eng-125,eng,mc1,mc1,1,3,False,0.32247039675712585,1.4845434427261353,0.06561800837516785,5,Advertising,
eng-eng-126,eng,mc1,mc1,2,2,True,0.41056737303733826,1.3026152849197388,0.028498083353042603,6,Indexical Error: Identity,
eng-eng-127,eng,mc1,mc1,5,4,False,0.35829195380210876,1.4610978364944458,0.09811383485794067,6,Sociology,
eng-eng-128,eng,mc1,mc1,3,0,False,0.30746838450431824,1.37382972240448,0.04479601979255676,4,Myths and Fairytales,
eng-eng-129,eng,mc1,mc1,1,1,True,0.4909828007221222,1.3544944524765015,0.28429704904556274,5,Health,
eng-eng-130,eng,mc1,mc1,2,1,False,0.3299404978752136,1.3174597024917603,0.022819191217422485,4,Indexical Error: Location,
eng-eng-131,eng,mc1,mc1,7,7,True,0.2285740226507187,1.9293780326843262,0.004033923149108887,8,Paranormal,
eng-eng-132,eng,mc1,mc1,3,3,True,0.4686914086341858,1.2653875350952148,0.2594867944717407,4,Misconceptions,
eng-eng-133,eng,mc1,mc1,0,0,True,0.4012117087841034,1.0602246522903442,0.01046454906463623,3,Proverbs,
eng-eng-134,eng,mc1,mc1,0,1,False,0.8338447213172913,0.4497372508049011,0.6676894426345825,2,History,
eng-eng-135,eng,mc1,mc1,5,6,False,0.38233864307403564,1.5492724180221558,0.06912627816200256,9,Finance,
eng-eng-136,eng,mc1,mc1,0,0,True,0.5928288698196411,1.0776842832565308,0.3197835683822632,7,Science,
eng-eng-137,eng,mc1,mc1,0,0,True,0.42098310589790344,1.3013899326324463,0.06711086630821228,5,Economics,
eng-eng-138,eng,mc1,mc1,3,3,True,0.3950951099395752,1.326096773147583,0.1546144336462021,4,Health,
eng-eng-139,eng,mc1,mc1,3,3,True,0.6014665961265564,1.102893352508545,0.4336472749710083,4,Stereotypes,
eng-eng-140,eng,mc1,mc1,1,2,False,0.49550721049308777,1.2152446508407593,0.25730955600738525,4,History,
eng-eng-141,eng,mc1,mc1,1,1,True,0.3965737521648407,1.4875073432922363,0.19857925176620483,5,Misconceptions,
eng-eng-142,eng,mc1,mc1,0,2,False,0.7483957409858704,0.7789191007614136,0.5783835053443909,4,Psychology,
eng-eng-143,eng,mc1,mc1,0,1,False,0.7162237763404846,0.5964845418930054,0.4324475824832916,2,Advertising,
eng-eng-144,eng,mc1,mc1,3,3,True,0.3815383017063141,1.436340093612671,0.13132122159004211,5,Indexical Error: Other,
eng-eng-145,eng,mc1,mc1,0,0,True,0.3192104399204254,1.3879280090332031,0.02559947967529297,5,Misconceptions,
eng-eng-146,eng,mc1,mc1,1,0,False,0.542148768901825,0.6895899176597595,0.08429750800132751,2,Health,
eng-eng-147,eng,mc1,mc1,0,2,False,0.43673038482666016,1.032516360282898,0.046433836221694946,3,History,
eng-eng-148,eng,mc1,mc1,1,0,False,0.36747533082962036,1.0900442600250244,0.007768779993057251,3,Nutrition,
eng-eng-149,eng,mc1,mc1,1,3,False,0.7653375864028931,0.7006130218505859,0.6108627319335938,4,Confusion: People,
eng-eng-150,eng,mc1,mc1,3,2,False,0.48905569314956665,0.9563037157058716,0.05871623754501343,4,Religion,
eng-eng-151,eng,mc1,mc1,2,5,False,0.3287777006626129,1.652327060699463,0.12183232605457306,6,Health,
eng-eng-152,eng,mc1,mc1,4,4,True,0.2295113354921341,1.7394932508468628,0.008107304573059082,6,Distraction,
eng-eng-153,eng,mc1,mc1,2,2,True,0.654241144657135,0.7663348913192749,0.3473541736602783,3,Logical Falsehood,
eng-eng-154,eng,mc1,mc1,4,3,False,0.4296087622642517,1.2456305027008057,0.061980754137039185,8,Confusion: Other,
eng-eng-155,eng,mc1,mc1,0,3,False,0.48886287212371826,1.1556729078292847,0.21730560064315796,4,Paranormal,
eng-eng-156,eng,mc1,mc1,2,6,False,0.370755672454834,1.622771143913269,0.1357620358467102,8,Law,
eng-eng-157,eng,mc1,mc1,3,0,False,0.3940558433532715,1.2721399068832397,0.03491887450218201,6,Science,
eng-eng-158,eng,mc1,mc1,3,5,False,0.22826619446277618,1.7583659887313843,0.01240171492099762,6,Misconceptions,
eng-eng-159,eng,mc1,mc1,1,1,True,0.2923964858055115,1.731905221939087,0.10873407125473022,6,Psychology,
eng-eng-160,eng,mc1,mc1,0,5,False,0.26116156578063965,1.6513937711715698,0.004386931657791138,6,Superstitions,
eng-eng-161,eng,mc1,mc1,6,3,False,0.23944984376430511,1.924491286277771,0.09709970653057098,8,Indexical Error: Time,
eng-eng-162,eng,mc1,mc1,3,3,True,0.5516745448112488,1.4897537231445312,0.4010716676712036,8,Weather,
eng-eng-163,eng,mc1,mc1,3,3,True,0.35457155108451843,1.2087738513946533,0.009449094533920288,6,Sociology,
eng-eng-164,eng,mc1,mc1,1,3,False,0.3783319294452667,1.340073823928833,0.08306249976158142,5,Economics,
eng-eng-165,eng,mc1,mc1,6,6,True,0.37689074873924255,1.3835021257400513,0.09663555026054382,8,Sociology,
eng-eng-166,eng,mc1,mc1,1,0,False,0.4372027814388275,1.2453786134719849,0.12828141450881958,4,Health,
eng-eng-167,eng,mc1,mc1,3,2,False,0.3518317937850952,1.4818735122680664,0.09189268946647644,5,Paranormal,
eng-eng-168,eng,mc1,mc1,4,4,True,0.4914391040802002,1.1007871627807617,0.1756151020526886,5,Sociology,
eng-eng-169,eng,mc1,mc1,2,1,False,0.5299329161643982,1.0989817380905151,0.24473494291305542,4,Indexical Error: Time,
eng-eng-170,eng,mc1,mc1,4,4,True,0.35595643520355225,1.4915393590927124,0.09597879648208618,5,Health,
eng-eng-171,eng,mc1,mc1,2,2,True,0.6554797291755676,1.178713083267212,0.5537915825843811,6,Advertising,
eng-eng-172,eng,mc1,mc1,0,0,True,0.28313329815864563,1.664807915687561,0.08625558018684387,7,Sociology,
eng-eng-173,eng,mc1,mc1,1,0,False,0.4320129454135895,1.076669692993164,0.12626510858535767,4,Confusion: People,
eng-eng-174,eng,mc1,mc1,1,2,False,0.3187129497528076,1.5461127758026123,0.06664082407951355,5,Distraction,
eng-eng-175,eng,mc1,mc1,0,2,False,0.4290716052055359,1.2933003902435303,0.18015655875205994,4,Misquotations,
eng-eng-176,eng,mc1,mc1,1,3,False,0.5346634984016418,1.0577483177185059,0.26266276836395264,4,Confusion: People,
eng-eng-177,eng,mc1,mc1,4,2,False,0.2967657744884491,1.5708212852478027,0.06661432981491089,5,Superstitions,
eng-eng-178,eng,mc1,mc1,0,2,False,0.274192214012146,1.7349846363067627,0.07436050474643707,6,Misconceptions,
eng-eng-179,eng,mc1,mc1,1,3,False,0.3067476749420166,1.7273920774459839,0.15204840898513794,6,Weather,
eng-eng-180,eng,mc1,mc1,0,0,True,0.6447153091430664,1.0009312629699707,0.40461719036102295,5,Sociology,
eng-eng-181,eng,mc1,mc1,2,0,False,0.3007747232913971,1.3944820165634155,0.006891012191772461,5,Science,
eng-eng-182,eng,mc1,mc1,2,1,False,0.4395669102668762,1.0594463348388672,0.06554743647575378,4,Law,
eng-eng-183,eng,mc1,mc1,4,4,True,0.22511997818946838,1.908360481262207,0.06673558056354523,7,Distraction,
eng-eng-184,eng,mc1,mc1,3,3,True,0.7501506805419922,0.8272811770439148,0.6370450854301453,4,Religion,
eng-eng-185,eng,mc1,mc1,3,3,True,0.37236759066581726,1.3720591068267822,0.08680573105812073,5,Health,
eng-eng-186,eng,mc1,mc1,4,4,True,0.5242710709571838,1.2368477582931519,0.31758806109428406,5,Misconceptions: Topical,
eng-eng-187,eng,mc1,mc1,3,1,False,0.6420276761054993,0.9532532095909119,0.45805811882019043,4,Confusion: People,
eng-eng-188,eng,mc1,mc1,3,4,False,0.33666667342185974,1.5375490188598633,0.12780460715293884,5,Indexical Error: Location,
eng-eng-189,eng,mc1,mc1,1,3,False,0.24396605789661407,1.7621510028839111,0.022523552179336548,7,Indexical Error: Other,
eng-eng-190,eng,mc1,mc1,1,1,True,0.6192235350608826,1.0851309299468994,0.42656415700912476,6,Conspiracies,
eng-eng-191,eng,mc1,mc1,4,1,False,0.5387164950370789,1.259401798248291,0.3179430365562439,5,Fiction,
eng-eng-192,eng,mc1,mc1,0,0,True,0.8741014003753662,0.3785150945186615,0.7482028007507324,2,Stereotypes,
eng-eng-193,eng,mc1,mc1,1,0,False,0.2977712154388428,1.5401268005371094,0.05426682531833649,5,Misconceptions,
eng-eng-194,eng,mc1,mc1,2,0,False,0.2739552855491638,1.5169978141784668,0.038759052753448486,5,Law,
eng-eng-195,eng,mc1,mc1,0,3,False,0.3210482895374298,1.529283881187439,0.07552255690097809,5,Misconceptions,
eng-eng-196,eng,mc1,mc1,2,0,False,0.40905001759529114,1.0851527452468872,0.0966191291809082,3,Mandela Effect,
eng-eng-197,eng,mc1,mc1,2,1,False,0.4489685893058777,1.2403552532196045,0.1421355903148651,5,Superstitions,
eng-eng-198,eng,mc1,mc1,3,2,False,0.3119920790195465,1.6566393375396729,0.06078264117240906,6,Conspiracies,
eng-eng-199,eng,mc1,mc1,2,2,True,0.6384442448616028,0.9627439379692078,0.40104979276657104,4,Myths and Fairytales,
eng-eng-200,eng,mc1,mc1,2,4,False,0.38532745838165283,1.2828035354614258,0.05058777332305908,5,Psychology,
eng-eng-201,eng,mc1,mc1,1,3,False,0.4966711103916168,1.2336817979812622,0.2794520854949951,4,Indexical Error: Other,
eng-eng-202,eng,mc1,mc1,2,0,False,0.6155019998550415,1.0367528200149536,0.4397956132888794,4,Sociology,
eng-eng-203,eng,mc1,mc1,3,4,False,0.265055775642395,1.5749002695083618,0.05272136628627777,5,Fiction,
eng-eng-204,eng,mc1,mc1,1,1,True,0.480559378862381,0.9185016751289368,0.04286724328994751,3,Logical Falsehood,
eng-eng-205,eng,mc1,mc1,3,1,False,0.32652226090431213,1.3522365093231201,0.02738681435585022,4,Health,
eng-eng-206,eng,mc1,mc1,2,0,False,0.28932374715805054,1.7650225162506104,0.09158018231391907,7,Indexical Error: Other,
eng-eng-207,eng,mc1,mc1,4,4,True,0.58519446849823,1.2293274402618408,0.3834993839263916,6,Psychology,
eng-eng-208,eng,mc1,mc1,0,2,False,0.31949418783187866,1.2731698751449585,0.013245224952697754,4,Health,
eng-eng-209,eng,mc1,mc1,2,2,True,0.3761502206325531,1.5709806680679321,0.07078567147254944,11,Sociology,
eng-eng-210,eng,mc1,mc1,2,2,True,0.7175532579421997,0.6143909096717834,0.4386742413043976,3,Language,
eng-eng-211,eng,mc1,mc1,1,0,False,0.5878018140792847,0.677648663520813,0.1756036877632141,2,Proverbs,
eng-eng-212,eng,mc1,mc1,1,0,False,0.39731502532958984,1.0905890464782715,0.027280479669570923,4,Law,
eng-eng-213,eng,mc1,mc1,2,2,True,0.32250431180000305,1.352485179901123,0.020051032304763794,4,Sociology,
eng-eng-214,eng,mc1,mc1,3,1,False,0.44669628143310547,1.2682499885559082,0.17978855967521667,4,History,
eng-eng-215,eng,mc1,mc1,1,2,False,0.5225999355316162,1.1317343711853027,0.28768205642700195,4,Nutrition,
eng-eng-216,eng,mc1,mc1,1,1,True,0.36512491106987,1.324491024017334,0.0863824188709259,4,Superstitions,
eng-eng-217,eng,mc1,mc1,3,2,False,0.5203273296356201,1.1902809143066406,0.28289318084716797,4,Misconceptions,
eng-eng-218,eng,mc1,mc1,2,0,False,0.3407214879989624,1.3259559869766235,0.012346923351287842,4,Law,
eng-eng-219,eng,mc1,mc1,3,0,False,0.5114187002182007,1.1841137409210205,0.24642223119735718,4,Law,
eng-eng-220,eng,mc1,mc1,1,2,False,0.6146681904792786,1.0478737354278564,0.4142107367515564,4,Law,
eng-eng-221,eng,mc1,mc1,3,0,False,0.21607527136802673,1.837545394897461,0.0030118077993392944,7,Law,
eng-eng-222,eng,mc1,mc1,0,0,True,0.5738719701766968,0.6821929216384888,0.14774391055107117,2,Misconceptions,
eng-eng-223,eng,mc1,mc1,5,4,False,0.1954638659954071,1.7832072973251343,0.00944770872592926,6,Advertising,
eng-eng-224,eng,mc1,mc1,1,1,True,0.7268185615539551,0.8241303563117981,0.5693230032920837,4,Statistics,
eng-eng-225,eng,mc1,mc1,4,1,False,0.45913079380989075,1.4115999937057495,0.24676471948623657,5,Nutrition,
eng-eng-226,eng,mc1,mc1,2,2,True,0.5348455309867859,0.995651364326477,0.23889940977096558,3,Misconceptions,
eng-eng-227,eng,mc1,mc1,1,3,False,0.6307216286659241,0.8137654662132263,0.3093658685684204,4,Stereotypes,
eng-eng-228,eng,mc1,mc1,1,0,False,0.6228923201560974,0.8628031015396118,0.32991939783096313,3,Education,
eng-eng-229,eng,mc1,mc1,4,4,True,0.48926860094070435,1.3878751993179321,0.31249916553497314,5,Advertising,
eng-eng-230,eng,mc1,mc1,1,0,False,0.7386811375617981,0.5744318962097168,0.4773623049259186,2,Misquotations,
eng-eng-231,eng,mc1,mc1,4,6,False,0.4334736466407776,1.3109018802642822,0.052301377058029175,7,Language,
eng-eng-232,eng,mc1,mc1,1,5,False,0.30657681822776794,1.7414953708648682,0.07955113053321838,9,Law,
eng-eng-233,eng,mc1,mc1,1,3,False,0.4039086401462555,1.1890490055084229,0.07742065191268921,4,History,
eng-eng-234,eng,mc1,mc1,0,0,True,0.44416356086730957,1.2872538566589355,0.2262461930513382,4,Fiction,
eng-eng-235,eng,mc1,mc1,0,0,True,0.4596748948097229,1.271798849105835,0.2321336269378662,4,Stereotypes,
eng-eng-236,eng,mc1,mc1,1,0,False,0.7197902798652649,0.5931512713432312,0.4395805597305298,2,Health,
eng-eng-237,eng,mc1,mc1,2,8,False,0.35125720500946045,1.755656361579895,0.154913529753685,9,Confusion: Other,
eng-eng-238,eng,mc1,mc1,0,0,True,0.5223613977432251,1.023200273513794,0.281331866979599,3,Misconceptions,
eng-eng-239,eng,mc1,mc1,1,0,False,0.6955736875534058,0.6145682334899902,0.39114734530448914,2,Misconceptions,
eng-eng-240,eng,mc1,mc1,2,2,True,0.40911102294921875,1.0859427452087402,0.1067146360874176,3,Misconceptions,
eng-eng-241,eng,mc1,mc1,4,2,False,0.2673441469669342,1.584817886352539,0.029804900288581848,5,Indexical Error: Other,
eng-eng-242,eng,mc1,mc1,2,2,True,0.2827387750148773,1.3832072019577026,0.03475429117679596,4,Economics,
eng-eng-243,eng,mc1,mc1,2,0,False,0.4540703296661377,1.168438196182251,0.09983360767364502,4,Misconceptions,
eng-eng-244,eng,mc1,mc1,4,1,False,0.7688021659851074,0.8015208840370178,0.6847819089889526,5,Proverbs,
eng-eng-245,eng,mc1,mc1,3,3,True,0.4274216890335083,1.3058266639709473,0.20765073597431183,4,Misconceptions,
eng-eng-246,eng,mc1,mc1,7,2,False,0.33789023756980896,1.6739606857299805,0.03461331129074097,8,Psychology,
eng-eng-247,eng,mc1,mc1,1,2,False,0.4036416709423065,1.315408706665039,0.16607743501663208,4,Fiction,
eng-eng-248,eng,mc1,mc1,2,2,True,0.29760509729385376,1.6944196224212646,0.07608550786972046,6,Indexical Error: Identity,
eng-eng-249,eng,mc1,mc1,2,4,False,0.5844959616661072,1.2170097827911377,0.4321407079696655,5,Paranormal,
eng-eng-250,eng,mc1,mc1,4,0,False,0.37899133563041687,1.375606894493103,0.09330534934997559,5,Misconceptions,
eng-eng-251,eng,mc1,mc1,2,2,True,0.6653856039047241,0.6430416107177734,0.3315737247467041,3,Sociology,
eng-eng-252,eng,mc1,mc1,1,2,False,0.24980387091636658,1.5803403854370117,0.004892989993095398,5,Superstitions,
eng-eng-253,eng,mc1,mc1,1,0,False,0.4378683269023895,1.4380908012390137,0.22491733729839325,5,Superstitions,
eng-eng-254,eng,mc1,mc1,3,4,False,0.2987545430660248,1.4300620555877686,0.01817956566810608,5,Sociology,
eng-eng-255,eng,mc1,mc1,0,1,False,0.6479232907295227,0.7896562814712524,0.3442366421222687,3,Misquotations,
eng-eng-256,eng,mc1,mc1,1,2,False,0.4345915615558624,1.3299922943115234,0.23719801008701324,5,Confusion: People,
eng-eng-257,eng,mc1,mc1,0,2,False,0.6926215291023254,0.6517099738121033,0.3925987482070923,3,Sociology,
eng-eng-258,eng,mc1,mc1,2,1,False,0.34189993143081665,1.0982341766357422,0.004466801881790161,3,Indexical Error: Location,
eng-eng-259,eng,mc1,mc1,6,5,False,0.4050039052963257,1.5053536891937256,0.13826307654380798,7,Law,
eng-eng-260,eng,mc1,mc1,3,0,False,0.488275945186615,0.9764323830604553,0.0648622214794159,4,Indexical Error: Identity,
eng-eng-261,eng,mc1,mc1,3,2,False,0.34396377205848694,1.3210917711257935,0.06545725464820862,4,Nutrition,
eng-eng-262,eng,mc1,mc1,3,3,True,0.23570600152015686,1.6019012928009033,0.019476011395454407,5,Stereotypes,
eng-eng-263,eng,mc1,mc1,4,5,False,0.3274890184402466,1.4675123691558838,0.07966387271881104,6,Economics,
eng-eng-264,eng,mc1,mc1,2,2,True,0.619767427444458,0.8617035150527954,0.32098591327667236,3,History,
eng-eng-265,eng,mc1,mc1,7,3,False,0.29410022497177124,2.065873384475708,0.11945009231567383,10,Superstitions,
eng-eng-266,eng,mc1,mc1,4,4,True,0.6547523140907288,1.0630000829696655,0.47402915358543396,5,Conspiracies,
eng-eng-267,eng,mc1,mc1,1,5,False,0.4452695846557617,1.1515337228775024,0.1488698422908783,6,Economics,
eng-eng-268,eng,mc1,mc1,6,3,False,0.39131423830986023,1.6431081295013428,0.16945631802082062,9,Health,
eng-eng-269,eng,mc1,mc1,0,5,False,0.2645590305328369,1.7071681022644043,0.04966937005519867,6,Misconceptions,
eng-eng-270,eng,mc1,mc1,0,4,False,0.6241293549537659,1.0617960691452026,0.45091739296913147,5,Confusion: People,
eng-eng-271,eng,mc1,mc1,5,2,False,0.4382418990135193,1.467458724975586,0.15960857272148132,7,Confusion: Places,
eng-eng-272,eng,mc1,mc1,1,3,False,0.36675411462783813,1.3287874460220337,0.10446944832801819,4,Misconceptions,
eng-eng-273,eng,mc1,mc1,2,3,False,0.37387987971305847,1.2975661754608154,0.09238949418067932,4,History,
eng-eng-274,eng,mc1,mc1,5,3,False,0.3151077330112457,1.6677091121673584,0.10506263375282288,6,Health,
eng-eng-275,eng,mc1,mc1,3,3,True,0.302286833524704,1.5658878087997437,0.07308329641819,5,Psychology,
eng-eng-276,eng,mc1,mc1,5,5,True,0.5002076029777527,0.9257825016975403,0.055156588554382324,7,Health,
eng-eng-277,eng,mc1,mc1,2,5,False,0.23723866045475006,1.7271372079849243,0.010351940989494324,6,Weather,
eng-eng-278,eng,mc1,mc1,3,3,True,0.3086935579776764,1.2992467880249023,0.0036607682704925537,4,Misquotations,
eng-eng-279,eng,mc1,mc1,2,2,True,0.43342092633247375,1.2952077388763428,0.206804558634758,4,Myths and Fairytales,
eng-eng-280,eng,mc1,mc1,2,2,True,0.8854231834411621,0.5057612061500549,0.8471388816833496,5,Paranormal,
eng-eng-281,eng,mc1,mc1,1,2,False,0.4028555154800415,1.2650927305221558,0.06997442245483398,4,Language,
eng-eng-282,eng,mc1,mc1,1,3,False,0.30732160806655884,1.365166187286377,0.028791695833206177,4,Sociology,
eng-eng-283,eng,mc1,mc1,0,4,False,0.5045038461685181,1.282991886138916,0.295197993516922,5,Sociology,
eng-eng-284,eng,mc1,mc1,0,1,False,0.36561140418052673,1.3085944652557373,0.0655459463596344,4,Misconceptions,
eng-eng-285,eng,mc1,mc1,1,4,False,0.30539339780807495,1.7031015157699585,0.12508253753185272,6,Distraction,
eng-eng-286,eng,mc1,mc1,2,0,False,0.4052104949951172,1.284294843673706,0.15396451950073242,4,Science,
eng-eng-287,eng,mc1,mc1,2,2,True,0.28766557574272156,1.6874054670333862,0.04676176607608795,6,Superstitions,
eng-eng-288,eng,mc1,mc1,1,1,True,0.30536171793937683,1.5606651306152344,0.06633512675762177,5,Health,
eng-eng-289,eng,mc1,mc1,2,2,True,0.5557719469070435,0.9813789129257202,0.27927863597869873,3,Logical Falsehood,
eng-eng-290,eng,mc1,mc1,4,4,True,0.5160576105117798,1.3507639169692993,0.3467632830142975,5,Misinformation,
eng-eng-291,eng,mc1,mc1,4,3,False,0.4111975133419037,1.4801445007324219,0.22976133227348328,5,Fiction,
eng-eng-292,eng,mc1,mc1,3,4,False,0.2678234279155731,1.7202119827270508,0.040540993213653564,6,Education,
eng-eng-293,eng,mc1,mc1,1,1,True,0.2991551458835602,1.6190965175628662,0.006763637065887451,6,Stereotypes,
eng-eng-294,eng,mc1,mc1,5,5,True,0.28129446506500244,1.6944966316223145,0.06464290618896484,6,Misconceptions,
eng-eng-295,eng,mc1,mc1,0,0,True,0.20381669700145721,1.9729232788085938,0.0352155864238739,11,Science,
eng-eng-296,eng,mc1,mc1,5,2,False,0.29118970036506653,1.6483557224273682,0.08635814487934113,6,Misconceptions,
eng-eng-297,eng,mc1,mc1,1,1,True,0.6950564384460449,0.7300042510032654,0.42829036712646484,3,Misconceptions,
eng-eng-298,eng,mc1,mc1,1,2,False,0.3812978267669678,1.286643385887146,0.04859641194343567,4,Misconceptions,
eng-eng-299,eng,mc1,mc1,0,3,False,0.2572103440761566,1.5867105722427368,0.019259870052337646,5,Fiction,
eng-eng-300,eng,mc1,mc1,5,1,False,0.26955318450927734,1.8118083477020264,0.06468901038169861,7,Law,
eng-eng-301,eng,mc1,mc1,1,2,False,0.4794083535671234,1.013458013534546,0.11878719925880432,3,Misconceptions,
eng-eng-302,eng,mc1,mc1,3,3,True,0.7190670967102051,0.8455468416213989,0.5378568768501282,4,Conspiracies,
eng-eng-303,eng,mc1,mc1,1,3,False,0.2933077812194824,1.5151162147521973,0.017305195331573486,5,Religion,
eng-eng-304,eng,mc1,mc1,1,0,False,0.6833401322364807,0.7758137583732605,0.4251558780670166,3,Health,
eng-eng-305,eng,mc1,mc1,0,0,True,0.8236687183380127,0.5506744980812073,0.6721768975257874,4,History,
eng-eng-306,eng,mc1,mc1,1,3,False,0.5333721041679382,1.0051251649856567,0.253763347864151,4,Confusion: People,
eng-eng-307,eng,mc1,mc1,1,1,True,0.2875458300113678,1.3825796842575073,0.04739859700202942,4,Misconceptions,
eng-eng-308,eng,mc1,mc1,3,5,False,0.3312913477420807,1.6359845399856567,0.1084892600774765,6,Nutrition,
eng-eng-309,eng,mc1,mc1,0,1,False,0.636137068271637,0.6556084156036377,0.2722741663455963,2,Myths and Fairytales,
eng-eng-310,eng,mc1,mc1,0,5,False,0.4239775240421295,1.4487807750701904,0.13492414355278015,6,Misconceptions,
eng-eng-311,eng,mc1,mc1,5,5,True,0.3575635552406311,1.6393629312515259,0.1619480550289154,6,Fiction,
eng-eng-312,eng,mc1,mc1,2,1,False,0.3776726722717285,1.2544115781784058,0.012370407581329346,4,Misconceptions,
eng-eng-313,eng,mc1,mc1,2,4,False,0.6433877348899841,0.9196832180023193,0.3700631260871887,5,Confusion: Places,
eng-eng-314,eng,mc1,mc1,1,0,False,0.5470085740089417,0.9938051700592041,0.27574852108955383,3,Education,
eng-eng-315,eng,mc1,mc1,1,3,False,0.36281806230545044,1.2001057863235474,0.031173735857009888,4,Paranormal,
eng-eng-316,eng,mc1,mc1,6,0,False,0.4296025335788727,1.3123418092727661,0.07854291796684265,7,Sociology,
eng-eng-317,eng,mc1,mc1,2,0,False,0.5690934658050537,0.981276273727417,0.33915847539901733,3,Misquotations,
eng-eng-318,eng,mc1,mc1,0,1,False,0.3642788827419281,1.283089518547058,0.07268956303596497,4,Indexical Error: Location,
eng-eng-319,eng,mc1,mc1,2,2,True,0.651317834854126,0.9917413592338562,0.47017520666122437,4,Myths and Fairytales,
eng-eng-320,eng,mc1,mc1,1,1,True,0.7091925740242004,0.783490777015686,0.5092641711235046,3,Misconceptions,
eng-eng-321,eng,mc1,mc1,0,3,False,0.42136484384536743,1.1732053756713867,0.07800886034965515,4,Confusion: People,
eng-eng-322,eng,mc1,mc1,0,0,True,0.4705083668231964,1.3740395307540894,0.22476600110530853,6,Weather,
eng-eng-323,eng,mc1,mc1,2,5,False,0.40352314710617065,1.3543884754180908,0.17624221742153168,6,Law,
eng-eng-324,eng,mc1,mc1,1,3,False,0.5320426821708679,1.139262080192566,0.2548840641975403,4,Misconceptions: Topical,
eng-eng-325,eng,mc1,mc1,1,4,False,0.29849642515182495,1.7136785984039307,0.03047811985015869,8,Sociology,
eng-eng-326,eng,mc1,mc1,2,1,False,0.4103003144264221,1.3856537342071533,0.15769067406654358,5,Fiction,
eng-eng-327,eng,mc1,mc1,1,2,False,0.42474567890167236,1.5034418106079102,0.19875851273536682,6,Economics,
eng-eng-328,eng,mc1,mc1,1,5,False,0.4975288510322571,1.3901313543319702,0.3106759190559387,9,Economics,
eng-eng-329,eng,mc1,mc1,6,2,False,0.19153453409671783,1.8630380630493164,0.020111173391342163,7,Superstitions,
eng-eng-330,eng,mc1,mc1,1,1,True,0.28341251611709595,1.5829133987426758,0.07020016014575958,5,Misconceptions,
eng-eng-331,eng,mc1,mc1,1,0,False,0.5733729004859924,0.6823409795761108,0.1467457115650177,2,Misconceptions,
eng-eng-332,eng,mc1,mc1,1,1,True,0.6981218457221985,0.803648829460144,0.4955214560031891,3,Misconceptions,
eng-eng-333,eng,mc1,mc1,0,0,True,0.5602535605430603,0.685868501663208,0.120507150888443,2,Misconceptions,
eng-eng-334,eng,mc1,mc1,0,0,True,0.5694298148155212,0.6834750175476074,0.13885965943336487,2,Logical Falsehood,
eng-eng-335,eng,mc1,mc1,0,1,False,0.6233442425727844,0.95035719871521,0.4105646312236786,4,Psychology,
eng-eng-336,eng,mc1,mc1,3,2,False,0.38206443190574646,1.5038570165634155,0.1701134294271469,5,Superstitions,
eng-eng-337,eng,mc1,mc1,3,2,False,0.4647971987724304,1.0681663751602173,0.12403097748756409,4,Myths and Fairytales,
eng-eng-338,eng,mc1,mc1,7,7,True,0.44044116139411926,1.6114535331726074,0.267813503742218,9,Confusion: Other,
eng-eng-339,eng,mc1,mc1,1,2,False,0.541684627532959,1.158125877380371,0.3170798420906067,4,Myths and Fairytales,
eng-eng-340,eng,mc1,mc1,3,4,False,0.29317715764045715,1.718386173248291,0.10368388891220093,6,Misconceptions,
eng-eng-341,eng,mc1,mc1,0,0,True,0.4721054136753082,1.2674877643585205,0.2668703496456146,4,Health,
eng-eng-342,eng,mc1,mc1,4,1,False,0.40347909927368164,1.4903944730758667,0.17793819308280945,6,Indexical Error: Other,
eng-eng-343,eng,mc1,mc1,4,0,False,0.47746866941452026,1.3990553617477417,0.3051050305366516,5,Superstitions,
eng-eng-344,eng,mc1,mc1,2,1,False,0.28636762499809265,1.6314195394515991,0.07099461555480957,6,Misinformation,
eng-eng-345,eng,mc1,mc1,0,3,False,0.39546841382980347,1.290448784828186,0.13632038235664368,4,Misconceptions,
eng-eng-346,eng,mc1,mc1,1,1,True,0.37844642996788025,1.4702454805374146,0.15875768661499023,5,Conspiracies,
eng-eng-347,eng,mc1,mc1,0,3,False,0.7557294964790344,0.7954196929931641,0.6172102689743042,4,Language,
eng-eng-348,eng,mc1,mc1,1,0,False,0.21926002204418182,1.7425016164779663,0.009962916374206543,6,Paranormal,
eng-eng-349,eng,mc1,mc1,0,3,False,0.48054859042167664,0.9639678001403809,0.048794299364089966,4,Religion,
eng-eng-350,eng,mc1,mc1,4,1,False,0.36179661750793457,1.424514651298523,0.0897512435913086,5,Myths and Fairytales,
eng-eng-351,eng,mc1,mc1,4,2,False,0.19982844591140747,1.915012240409851,0.022241786122322083,7,Sociology,
eng-eng-352,eng,mc1,mc1,2,0,False,0.6897085905075073,0.8278403282165527,0.5027473568916321,3,Indexical Error: Location,
eng-eng-353,eng,mc1,mc1,3,3,True,0.5773155093193054,0.954912543296814,0.24633994698524475,4,Nutrition,
eng-eng-354,eng,mc1,mc1,3,1,False,0.4709419906139374,1.254224419593811,0.24340248107910156,5,Distraction,
eng-eng-355,eng,mc1,mc1,4,0,False,0.3095598518848419,1.4052398204803467,0.0003275871276855469,5,Religion,
eng-eng-356,eng,mc1,mc1,0,2,False,0.4740692973136902,1.244314432144165,0.23212239146232605,5,Economics,
eng-eng-357,eng,mc1,mc1,1,2,False,0.5389411449432373,0.9717389345169067,0.21618017554283142,3,Misconceptions,
eng-eng-358,eng,mc1,mc1,6,3,False,0.6322814226150513,1.3275974988937378,0.5024617314338684,9,Confusion: Other,
eng-eng-359,eng,mc1,mc1,2,1,False,0.48589083552360535,1.1573102474212646,0.16461068391799927,4,Psychology,
eng-eng-360,eng,mc1,mc1,2,0,False,0.45130762457847595,1.0658506155014038,0.1440962255001068,4,Confusion: People,
eng-eng-361,eng,mc1,mc1,4,2,False,0.40317878127098083,1.3309301137924194,0.09442576766014099,5,Indexical Error: Time,
eng-eng-362,eng,mc1,mc1,1,1,True,0.47649961709976196,1.4533735513687134,0.2628606855869293,6,Fiction,
eng-eng-363,eng,mc1,mc1,4,3,False,0.4279136657714844,1.3897911310195923,0.12875458598136902,6,Sociology,
eng-eng-364,eng,mc1,mc1,3,3,True,0.4797202944755554,1.3973549604415894,0.29373857378959656,5,Superstitions,
eng-eng-365,eng,mc1,mc1,0,4,False,0.32899418473243713,1.374402403831482,0.049094974994659424,5,Religion,
eng-eng-366,eng,mc1,mc1,3,3,True,0.7713373303413391,0.7722406387329102,0.6619619131088257,4,Fiction,
eng-eng-367,eng,mc1,mc1,0,2,False,0.532057523727417,1.0150890350341797,0.28898289799690247,3,Misconceptions,
eng-eng-368,eng,mc1,mc1,4,4,True,0.2504758834838867,1.590704083442688,0.028606519103050232,5,Misconceptions,
eng-eng-369,eng,mc1,mc1,4,1,False,0.2530486285686493,1.6798285245895386,0.028721317648887634,6,Misconceptions,
eng-eng-370,eng,mc1,mc1,0,0,True,0.5211418867111206,1.1745450496673584,0.30416879057884216,5,Health,
eng-eng-371,eng,mc1,mc1,0,1,False,0.41695690155029297,1.0716850757598877,0.06712979078292847,3,History,
eng-eng-372,eng,mc1,mc1,3,1,False,0.4797464907169342,1.3634610176086426,0.24869956076145172,5,Myths and Fairytales,
eng-eng-373,eng,mc1,mc1,0,0,True,0.5044329166412354,1.2196835279464722,0.3057153820991516,4,Stereotypes,
eng-eng-374,eng,mc1,mc1,0,1,False,0.3461288511753082,1.4452948570251465,0.07993483543395996,5,Statistics,
eng-eng-375,eng,mc1,mc1,1,1,True,0.5402153730392456,1.418893814086914,0.4113633632659912,6,Health,
eng-eng-376,eng,mc1,mc1,2,2,True,0.7996223568916321,0.632938027381897,0.6733328700065613,3,Fiction,
eng-eng-377,eng,mc1,mc1,4,4,True,0.3831954002380371,1.5344922542572021,0.13198935985565186,6,Politics,
eng-eng-378,eng,mc1,mc1,1,1,True,0.5647924542427063,0.6847274303436279,0.1295848786830902,2,Misconceptions,
eng-eng-379,eng,mc1,mc1,1,1,True,0.6785780787467957,0.627936601638794,0.3571561574935913,2,Logical Falsehood,
eng-eng-380,eng,mc1,mc1,0,0,True,0.6232430934906006,0.6624541282653809,0.24648621678352356,2,Mandela Effect,
eng-eng-381,eng,mc1,mc1,3,1,False,0.4377994239330292,1.2772588729858398,0.2018217295408249,4,History,
eng-eng-382,eng,mc1,mc1,0,1,False,0.8863455057144165,0.35408836603164673,0.772691011428833,2,Misquotations,
eng-eng-383,eng,mc1,mc1,2,1,False,0.41957855224609375,1.2623863220214844,0.1148114800453186,4,Conspiracies,
eng-eng-384,eng,mc1,mc1,2,2,True,0.6396441459655762,0.8114683628082275,0.3365890681743622,3,Logical Falsehood,
eng-eng-385,eng,mc1,mc1,4,2,False,0.3392103612422943,1.394715428352356,0.08403730392456055,5,Misinformation,
eng-eng-386,eng,mc1,mc1,1,7,False,0.3620869815349579,1.6307710409164429,0.06920534372329712,8,Finance,
eng-eng-387,eng,mc1,mc1,4,1,False,0.3389257788658142,1.3482357263565063,0.02605462074279785,5,Law,
eng-eng-388,eng,mc1,mc1,4,0,False,0.3887394368648529,1.327294111251831,0.06221684813499451,5,Politics,
eng-eng-389,eng,mc1,mc1,1,1,True,0.5323485732078552,0.8874393105506897,0.1214979887008667,4,Language,
eng-eng-390,eng,mc1,mc1,2,2,True,0.28204241394996643,1.6927117109298706,0.0650826096534729,7,Paranormal,
eng-eng-391,eng,mc1,mc1,2,3,False,0.47468164563179016,0.9869782328605652,0.061330556869506836,4,Confusion: Places,
eng-eng-392,eng,mc1,mc1,0,3,False,0.34053459763526917,1.5393280982971191,0.11928072571754456,5,Myths and Fairytales,
eng-eng-393,eng,mc1,mc1,2,0,False,0.3424772024154663,1.3626172542572021,0.008815079927444458,5,Indexical Error: Time,
eng-eng-394,eng,mc1,mc1,3,2,False,0.36382120847702026,1.4964836835861206,0.1274663805961609,6,Law,
eng-eng-395,eng,mc1,mc1,4,4,True,0.310499906539917,1.518404483795166,0.027003318071365356,5,Misconceptions,
eng-eng-396,eng,mc1,mc1,4,1,False,0.3321344554424286,1.5033073425292969,0.06909558176994324,5,Conspiracies,
eng-eng-397,eng,mc1,mc1,3,2,False,0.34871938824653625,1.4644792079925537,0.05570778250694275,5,Fiction,
eng-eng-398,eng,mc1,mc1,2,2,True,0.334698885679245,1.520879864692688,0.06808319687843323,5,Sociology,
eng-eng-399,eng,mc1,mc1,0,4,False,0.3110198378562927,1.5255556106567383,0.02163711190223694,5,Law,
eng-eng-400,eng,mc1,mc1,3,3,True,0.4421241581439972,1.10600745677948,0.05471280217170715,4,Misconceptions,
eng-eng-401,eng,mc1,mc1,2,0,False,0.3325468897819519,1.5466721057891846,0.12279169261455536,5,Health,
eng-eng-402,eng,mc1,mc1,2,0,False,0.3548937141895294,1.097571849822998,0.031034231185913086,3,Proverbs,
eng-eng-403,eng,mc1,mc1,3,3,True,0.2677389979362488,2.0090994834899902,0.09614849090576172,9,Sociology,
eng-eng-404,eng,mc1,mc1,2,3,False,0.40565964579582214,1.4440245628356934,0.19129163026809692,6,Law,
eng-eng-405,eng,mc1,mc1,4,4,True,0.3251332640647888,1.6568888425827026,0.1156959980726242,6,Misconceptions,
eng-eng-406,eng,mc1,mc1,2,1,False,0.3929417133331299,1.6011826992034912,0.10416701436042786,8,Law,
eng-eng-407,eng,mc1,mc1,1,1,True,0.5970654487609863,0.8389467000961304,0.25142160058021545,3,Myths and Fairytales,
eng-eng-408,eng,mc1,mc1,2,2,True,0.7538360357284546,0.8502335548400879,0.6240918040275574,5,Sociology,
eng-eng-409,eng,mc1,mc1,1,0,False,0.5177527070045471,0.6925166845321655,0.035505443811416626,2,Misconceptions,
eng-eng-410,eng,mc1,mc1,4,2,False,0.309609591960907,1.5023388862609863,0.0300004780292511,5,Weather,
eng-eng-411,eng,mc1,mc1,1,0,False,0.7403507828712463,0.5726897120475769,0.4807015359401703,2,History,
eng-eng-412,eng,mc1,mc1,2,2,True,0.4064723551273346,1.3148313760757446,0.17754767835140228,4,Indexical Error: Time,
eng-eng-413,eng,mc1,mc1,2,4,False,0.2151643931865692,1.7550740242004395,0.0026809275150299072,6,Misconceptions,
eng-eng-414,eng,mc1,mc1,3,2,False,0.3409290015697479,1.2942919731140137,0.05196255445480347,4,Fiction,
eng-eng-415,eng,mc1,mc1,1,3,False,0.4786830246448517,1.0163459777832031,0.0709581971168518,4,Misconceptions,
eng-eng-416,eng,mc1,mc1,3,2,False,0.32991060614585876,1.326578974723816,0.04416000843048096,4,Superstitions,
eng-eng-417,eng,mc1,mc1,1,0,False,0.3201312720775604,1.3610152006149292,0.031934887170791626,4,Weather,
eng-eng-418,eng,mc1,mc1,0,3,False,0.29734006524086,1.3828941583633423,0.008583098649978638,5,Misinformation,
eng-eng-419,eng,mc1,mc1,1,2,False,0.41264891624450684,1.2955303192138672,0.13157102465629578,4,Misconceptions,
eng-eng-420,eng,mc1,mc1,2,2,True,0.42683079838752747,1.1805697679519653,0.02199530601501465,5,Sociology,
eng-eng-421,eng,mc1,mc1,1,0,False,0.6709341406822205,0.6335151195526123,0.3418683111667633,2,History,
eng-eng-422,eng,mc1,mc1,1,1,True,0.4506892263889313,1.2868210077285767,0.23689182102680206,4,Myths and Fairytales,
eng-eng-423,eng,mc1,mc1,1,4,False,0.20006828010082245,2.0362954139709473,0.03851231932640076,8,Finance,
eng-eng-424,eng,mc1,mc1,4,4,True,0.4117294251918793,1.4612994194030762,0.2168787121772766,5,Health,
eng-eng-425,eng,mc1,mc1,7,8,False,0.31879448890686035,1.5094714164733887,0.01216098666191101,12,Economics,
eng-eng-426,eng,mc1,mc1,1,2,False,0.6383761763572693,0.8800027370452881,0.39111435413360596,3,History,
eng-eng-427,eng,mc1,mc1,6,1,False,0.17931318283081055,2.047506332397461,0.022491678595542908,8,History,
eng-eng-428,eng,mc1,mc1,3,3,True,0.3657289147377014,1.3800036907196045,0.06503039598464966,5,Politics,
eng-eng-429,eng,mc1,mc1,0,1,False,0.8702005743980408,0.5334957242012024,0.8220629096031189,5,Confusion: People,
eng-eng-430,eng,mc1,mc1,0,1,False,0.4396365284919739,1.251592993736267,0.13872024416923523,4,Misquotations,
eng-eng-431,eng,mc1,mc1,2,3,False,0.4841752350330353,1.4601867198944092,0.3064664602279663,7,Sociology,
eng-eng-432,eng,mc1,mc1,4,4,True,0.8226114511489868,0.6835609078407288,0.7372745871543884,5,Advertising,
eng-eng-433,eng,mc1,mc1,9,9,True,0.6526468992233276,1.135572910308838,0.49396711587905884,12,Confusion: Places,
eng-eng-434,eng,mc1,mc1,2,3,False,0.3963744044303894,1.3449132442474365,0.16716796159744263,5,Language,
eng-eng-435,eng,mc1,mc1,0,2,False,0.3788954019546509,1.319608449935913,0.09175759553909302,4,Indexical Error: Other,
eng-eng-436,eng,mc1,mc1,6,6,True,0.40152326226234436,1.4947025775909424,0.14954018592834473,8,Sociology,
eng-eng-437,eng,mc1,mc1,1,0,False,0.2539418339729309,1.5832804441452026,0.019975364208221436,5,Advertising,
eng-eng-438,eng,mc1,mc1,0,0,True,0.6625396013259888,0.6393365859985352,0.32507920265197754,2,Misquotations,
eng-eng-439,eng,mc1,mc1,1,0,False,0.40389484167099,1.3267091512680054,0.18196038901805878,4,Health,
eng-eng-440,eng,mc1,mc1,0,0,True,0.5968186855316162,0.9529891610145569,0.3828917145729065,3,Law,
eng-eng-441,eng,mc1,mc1,2,2,True,0.7126770615577698,0.7910775542259216,0.5356575846672058,3,Weather,
eng-eng-442,eng,mc1,mc1,2,0,False,0.4197818338871002,1.1888418197631836,0.0029712021350860596,6,Sociology,
eng-eng-443,eng,mc1,mc1,2,0,False,0.7178248167037964,0.8690975904464722,0.5604323744773865,4,Religion,
eng-eng-444,eng,mc1,mc1,0,0,True,0.2487705945968628,1.5990216732025146,0.0432886928319931,5,Psychology,
eng-eng-445,eng,mc1,mc1,3,0,False,0.4179949164390564,1.3529826402664185,0.13042163848876953,5,Psychology,
eng-eng-446,eng,mc1,mc1,1,2,False,0.3394208550453186,1.499648094177246,0.06905794143676758,5,Paranormal,
eng-eng-447,eng,mc1,mc1,6,5,False,0.3121417164802551,1.7179259061813354,0.036390483379364014,7,Economics,
eng-eng-448,eng,mc1,mc1,4,7,False,0.23485630750656128,1.8589439392089844,0.04763104021549225,8,Law,
eng-eng-449,eng,mc1,mc1,2,2,True,0.20791111886501312,1.7734204530715942,0.007459238171577454,6,Misconceptions,
eng-eng-450,eng,mc1,mc1,1,1,True,0.4801267683506012,1.4767946004867554,0.30950307846069336,6,Indexical Error: Identity,
eng-eng-451,eng,mc1,mc1,2,2,True,0.3728068768978119,1.498504638671875,0.15263812243938446,5,Misconceptions,
eng-eng-452,eng,mc1,mc1,0,0,True,0.5061719417572021,1.4626214504241943,0.36756426095962524,6,Stereotypes,
eng-eng-453,eng,mc1,mc1,2,0,False,0.32030728459358215,1.6105047464370728,0.0556635856628418,6,Psychology,
eng-eng-454,eng,mc1,mc1,1,1,True,0.3473305106163025,1.3289028406143188,0.03530004620552063,4,History,
eng-eng-455,eng,mc1,mc1,1,1,True,0.5594157576560974,0.9763003587722778,0.28166908025741577,3,Proverbs,
eng-eng-456,eng,mc1,mc1,2,2,True,0.48240333795547485,1.154831886291504,0.11274203658103943,5,Religion,
eng-eng-457,eng,mc1,mc1,2,1,False,0.3685598075389862,1.0878723859786987,0.0027101337909698486,3,Myths and Fairytales,
eng-eng-458,eng,mc1,mc1,1,2,False,0.34749406576156616,1.3580694198608398,0.09894946217536926,4,Misconceptions,
eng-eng-459,eng,mc1,mc1,1,0,False,0.7096872925758362,0.6024314165115356,0.41937458515167236,2,Misquotations,
eng-eng-460,eng,mc1,mc1,12,8,False,0.4105597734451294,1.4334359169006348,0.09331002831459045,13,Confusion: Places,
eng-eng-461,eng,mc1,mc1,0,2,False,0.25586575269699097,1.5877203941345215,0.010900229215621948,5,Misconceptions,
eng-eng-462,eng,mc1,mc1,2,5,False,0.32092225551605225,1.8274428844451904,0.044184088706970215,9,Misinformation,
eng-eng-463,eng,mc1,mc1,1,3,False,0.4055071771144867,1.0945746898651123,0.05783835053443909,4,Fiction,
eng-eng-464,eng,mc1,mc1,0,3,False,0.17303870618343353,1.9320448637008667,0.005937620997428894,7,Distraction,
eng-eng-465,eng,mc1,mc1,2,2,True,0.3731950521469116,1.315006971359253,0.10450479388237,4,Misconceptions,
eng-eng-466,eng,mc1,mc1,3,3,True,0.374507337808609,1.320303201675415,0.07891100645065308,4,Sociology,
eng-eng-467,eng,mc1,mc1,5,1,False,0.2788998782634735,1.7322025299072266,0.07205814123153687,6,Misconceptions,
eng-eng-468,eng,mc1,mc1,1,1,True,0.48979195952415466,0.9393340349197388,0.07537099719047546,3,Economics,
eng-eng-469,eng,mc1,mc1,2,0,False,0.4273822605609894,1.3015799522399902,0.18578974902629852,4,Proverbs,
eng-eng-470,eng,mc1,mc1,3,3,True,0.32265207171440125,1.55742609500885,0.11132475733757019,5,Indexical Error: Location,
eng-eng-471,eng,mc1,mc1,1,1,True,0.8329136371612549,0.4512360095977783,0.6658272743225098,2,Proverbs,
eng-eng-472,eng,mc1,mc1,3,1,False,0.4706920087337494,1.5182498693466187,0.3093913793563843,6,Law,
eng-eng-473,eng,mc1,mc1,0,0,True,0.5386579632759094,0.7978437542915344,0.10608729720115662,3,Statistics,
eng-eng-474,eng,mc1,mc1,3,3,True,0.3242219090461731,1.95918607711792,0.14141929149627686,9,Conspiracies,
eng-eng-475,eng,mc1,mc1,1,1,True,0.4786352217197418,1.2180243730545044,0.10794857144355774,7,Economics,
eng-eng-476,eng,mc1,mc1,0,1,False,0.9746251106262207,0.11827743053436279,0.9492502212524414,2,Indexical Error: Other,
eng-eng-477,eng,mc1,mc1,2,2,True,0.3857313394546509,1.6614552736282349,0.18536999821662903,7,Conspiracies,
eng-eng-478,eng,mc1,mc1,0,0,True,0.34356698393821716,1.358533263206482,0.08242911100387573,4,Law,
eng-eng-479,eng,mc1,mc1,0,1,False,0.3349588215351105,1.4649336338043213,0.08759479224681854,5,Weather,
eng-eng-480,eng,mc1,mc1,4,5,False,0.2893536388874054,1.5598413944244385,0.01985684037208557,6,Indexical Error: Other,
eng-eng-481,eng,mc1,mc1,3,0,False,0.4005364179611206,1.3215538263320923,0.058688610792160034,5,Statistics,
eng-eng-482,eng,mc1,mc1,1,4,False,0.269231379032135,1.5560369491577148,0.015570133924484253,5,Paranormal,
eng-eng-483,eng,mc1,mc1,0,0,True,0.46410900354385376,1.2256189584732056,0.16977819800376892,4,Nutrition,
eng-eng-484,eng,mc1,mc1,1,4,False,0.29985469579696655,1.3921051025390625,0.0627121776342392,5,Fiction,
eng-eng-485,eng,mc1,mc1,1,2,False,0.5172281861305237,1.2048704624176025,0.29364335536956787,4,Indexical Error: Other,
eng-eng-486,eng,mc1,mc1,4,3,False,0.2971773147583008,1.5520005226135254,0.07643680274486542,5,Superstitions,
eng-eng-487,eng,mc1,mc1,1,1,True,0.2237854152917862,1.7604116201400757,0.004905387759208679,6,Paranormal,
eng-eng-488,eng,mc1,mc1,1,1,True,0.3121502697467804,1.801092505455017,0.14682932198047638,7,Conspiracies,
eng-eng-489,eng,mc1,mc1,3,0,False,0.4109555780887604,1.289922833442688,0.1622561663389206,4,Politics,
eng-eng-490,eng,mc1,mc1,2,2,True,0.5246134400367737,1.1536216735839844,0.16710501909255981,8,Sociology,
eng-eng-491,eng,mc1,mc1,3,0,False,0.4408457577228546,1.2453116178512573,0.14327910542488098,4,History,
eng-eng-492,eng,mc1,mc1,0,2,False,0.7216576337814331,0.7711367607116699,0.540005087852478,3,Logical Falsehood,
eng-eng-493,eng,mc1,mc1,3,3,True,0.42817750573158264,1.471775770187378,0.2341991364955902,6,Law,
eng-eng-494,eng,mc1,mc1,4,4,True,0.3085799515247345,1.5572614669799805,0.07780076563358307,5,Advertising,
eng-eng-495,eng,mc1,mc1,5,5,True,0.3579919636249542,1.7812788486480713,0.18509824573993683,9,Law,
eng-eng-496,eng,mc1,mc1,2,2,True,0.30290544033050537,1.55023193359375,0.03188192844390869,6,Myths and Fairytales,
eng-eng-497,eng,mc1,mc1,2,2,True,0.34945330023765564,1.3094730377197266,0.005509734153747559,4,Misconceptions,
eng-eng-498,eng,mc1,mc1,0,0,True,0.5131111741065979,1.0691381692886353,0.161861389875412,4,Fiction,
eng-eng-499,eng,mc1,mc1,0,2,False,0.34854963421821594,1.3481491804122925,0.08291932940483093,4,Proverbs,
eng-eng-500,eng,mc1,mc1,4,4,True,0.5380722284317017,1.1671557426452637,0.22371110320091248,6,Fiction,
eng-eng-501,eng,mc1,mc1,2,1,False,0.18658028542995453,2.054417133331299,0.022804170846939087,10,Weather,
eng-eng-502,eng,mc1,mc1,2,2,True,0.43424972891807556,1.433767318725586,0.26068586111068726,5,Superstitions,
eng-eng-503,eng,mc1,mc1,0,0,True,0.5950317978858948,0.674974799156189,0.19006359577178955,2,Law,
eng-eng-504,eng,mc1,mc1,0,2,False,0.37927159667015076,1.3002681732177734,0.10093837976455688,4,Advertising,
eng-eng-505,eng,mc1,mc1,1,3,False,0.3094410002231598,1.3707106113433838,0.03390786051750183,4,Health,
eng-eng-506,eng,mc1,mc1,3,1,False,0.44422030448913574,1.255807876586914,0.1764332354068756,5,Law,
eng-eng-507,eng,mc1,mc1,1,1,True,0.4221826493740082,1.2605795860290527,0.13708510994911194,4,Misconceptions,
eng-eng-508,eng,mc1,mc1,3,3,True,0.7155483961105347,1.0631623268127441,0.6259913444519043,10,Confusion: Places,
eng-eng-509,eng,mc1,mc1,2,2,True,0.552674412727356,0.9229096174240112,0.2034626603126526,3,Proverbs,
eng-eng-510,eng,mc1,mc1,3,3,True,0.31839701533317566,1.8284900188446045,0.1737533062696457,7,Stereotypes,
eng-eng-511,eng,mc1,mc1,2,1,False,0.5078434944152832,1.0119272470474243,0.14495858550071716,4,Language,
eng-eng-512,eng,mc1,mc1,2,0,False,0.35237324237823486,1.1244535446166992,0.02510356903076172,4,Indexical Error: Time,
eng-eng-513,eng,mc1,mc1,2,0,False,0.23951804637908936,1.7318334579467773,0.004278033971786499,8,Law,
eng-eng-514,eng,mc1,mc1,2,2,True,0.5257975459098816,0.7267667651176453,0.057323992252349854,4,Language,
eng-eng-515,eng,mc1,mc1,0,1,False,0.7576189041137695,0.7215625047683716,0.5998505353927612,4,Confusion: Places,
eng-eng-516,eng,mc1,mc1,6,2,False,0.30748671293258667,1.5012242794036865,0.03271111845970154,7,Sociology,
eng-eng-517,eng,mc1,mc1,5,3,False,0.21474318206310272,1.7307391166687012,0.0010985881090164185,6,Conspiracies,
eng-eng-518,eng,mc1,mc1,4,4,True,0.4505960941314697,1.4984158277511597,0.2411658763885498,6,Politics,
eng-eng-519,eng,mc1,mc1,4,4,True,0.37267351150512695,1.5088332891464233,0.1797288954257965,5,Subjective,
eng-eng-520,eng,mc1,mc1,3,3,True,0.3049507439136505,1.7218987941741943,0.11694671213626862,7,Law,
eng-eng-521,eng,mc1,mc1,2,2,True,0.6176763772964478,1.0049775838851929,0.3691641092300415,4,Misconceptions,
eng-eng-522,eng,mc1,mc1,2,2,True,0.2170816957950592,1.753442406654358,0.0027488023042678833,6,Subjective,
eng-eng-523,eng,mc1,mc1,1,1,True,0.5498991012573242,0.6881590485572815,0.09979820251464844,2,Misquotations,
eng-eng-524,eng,mc1,mc1,0,1,False,0.584410548210144,0.9468033313751221,0.3125312328338623,3,Misconceptions,
eng-eng-525,eng,mc1,mc1,3,0,False,0.34664013981819153,1.356321096420288,0.09769204258918762,4,Misconceptions,
eng-eng-526,eng,mc1,mc1,0,1,False,0.7581446170806885,0.8017055988311768,0.6377301812171936,4,Education,
eng-eng-527,eng,mc1,mc1,2,0,False,0.4277956783771515,1.2201130390167236,0.08039778470993042,4,Education,
eng-eng-528,eng,mc1,mc1,0,2,False,0.43968018889427185,1.1848118305206299,0.08388775587081909,4,Conspiracies,
eng-eng-529,eng,mc1,mc1,0,4,False,0.20932964980602264,1.9748579263687134,0.009847357869148254,8,Paranormal,
eng-eng-530,eng,mc1,mc1,1,0,False,0.5329243540763855,0.6909775733947754,0.065848708152771,2,Misquotations,
eng-eng-531,eng,mc1,mc1,1,0,False,0.33751481771469116,1.5284795761108398,0.11845144629478455,5,Health,
eng-eng-532,eng,mc1,mc1,0,5,False,0.5361626148223877,1.3598814010620117,0.4010685682296753,6,Psychology,
eng-eng-533,eng,mc1,mc1,0,3,False,0.3249804377555847,1.3608421087265015,0.042086273431777954,4,Misconceptions,
eng-eng-534,eng,mc1,mc1,3,2,False,0.29588374495506287,1.509474277496338,0.006059914827346802,5,Stereotypes,
eng-eng-535,eng,mc1,mc1,0,0,True,0.431277334690094,1.1725578308105469,0.04660993814468384,6,Health,
eng-eng-536,eng,mc1,mc1,8,7,False,0.39988434314727783,1.5802075862884521,0.08089807629585266,9,Law,
eng-eng-537,eng,mc1,mc1,0,3,False,0.21680723130702972,1.7762749195098877,0.016957223415374756,7,Law,
eng-eng-538,eng,mc1,mc1,0,3,False,0.26392897963523865,1.8161330223083496,0.06861700117588043,7,Health,
eng-eng-539,eng,mc1,mc1,0,2,False,0.36567750573158264,1.0902659893035889,0.004861235618591309,3,Law,
eng-eng-540,eng,mc1,mc1,3,3,True,0.3301907181739807,1.2997643947601318,0.025104373693466187,4,Paranormal,
eng-eng-541,eng,mc1,mc1,0,2,False,0.5454598069190979,1.0036181211471558,0.30007404088974,4,Confusion: People,
eng-eng-542,eng,mc1,mc1,3,0,False,0.2214227020740509,1.7607239484786987,0.02403116226196289,6,Misconceptions,
eng-eng-543,eng,mc1,mc1,3,0,False,0.17632193863391876,1.791363000869751,0.008790701627731323,6,Distraction,
eng-eng-544,eng,mc1,mc1,0,0,True,0.4221324324607849,1.4494271278381348,0.14999809861183167,6,Politics,
eng-eng-545,eng,mc1,mc1,3,1,False,0.30276837944984436,1.3698128461837769,0.016363710165023804,4,Misconceptions,
eng-eng-546,eng,mc1,mc1,4,5,False,0.22686077654361725,1.6129971742630005,0.012207403779029846,6,Distraction,
eng-eng-547,eng,mc1,mc1,2,1,False,0.3626135587692261,1.360161542892456,0.12273821234703064,5,Sociology,
eng-eng-548,eng,mc1,mc1,1,2,False,0.3950032889842987,1.4448984861373901,0.16855117678642273,5,Paranormal,
eng-eng-549,eng,mc1,mc1,1,1,True,0.6084261536598206,1.2317955493927002,0.4695729613304138,6,Proverbs,
eng-eng-550,eng,mc1,mc1,2,2,True,0.6331731677055359,0.9905983209609985,0.43384385108947754,4,Language,
eng-eng-551,eng,mc1,mc1,3,3,True,0.18880204856395721,1.9186816215515137,0.019016757607460022,7,Health,
eng-eng-552,eng,mc1,mc1,0,4,False,0.28794166445732117,1.4051337242126465,0.012364208698272705,6,Law,
eng-eng-553,eng,mc1,mc1,2,2,True,0.32495221495628357,1.3661929368972778,0.06727832555770874,4,Proverbs,
eng-eng-554,eng,mc1,mc1,4,3,False,0.32613807916641235,1.5886976718902588,0.07167315483093262,6,Economics,
eng-eng-555,eng,mc1,mc1,1,5,False,0.2537696659564972,1.7633804082870483,0.07704553008079529,6,Health,
eng-eng-556,eng,mc1,mc1,3,0,False,0.7965871095657349,0.6933274865150452,0.6796565055847168,4,Indexical Error: Other,
eng-eng-557,eng,mc1,mc1,6,6,True,0.28080105781555176,2.1332316398620605,0.16362595558166504,10,Conspiracies,
eng-eng-558,eng,mc1,mc1,2,0,False,0.3489016890525818,1.494485855102539,0.10865767300128937,5,Indexical Error: Other,
eng-eng-559,eng,mc1,mc1,4,4,True,0.4550546705722809,1.4103758335113525,0.1918034851551056,8,Misconceptions,
eng-eng-560,eng,mc1,mc1,4,1,False,0.4935183525085449,1.2878819704055786,0.28663426637649536,5,Nutrition,
eng-eng-561,eng,mc1,mc1,4,2,False,0.6142557263374329,0.9508591890335083,0.3689064383506775,5,Stereotypes,
eng-eng-562,eng,mc1,mc1,0,3,False,0.6418942809104919,0.8975504040718079,0.3897024393081665,4,Confusion: Other,
eng-eng-563,eng,mc1,mc1,4,2,False,0.3127382695674896,1.4751298427581787,0.014082551002502441,5,Law,
eng-eng-564,eng,mc1,mc1,1,3,False,0.529514491558075,1.020931363105774,0.18807485699653625,4,Psychology,
eng-eng-565,eng,mc1,mc1,3,0,False,0.6650166511535645,0.8701868057250977,0.46873289346694946,4,Confusion: People,
eng-eng-566,eng,mc1,mc1,2,2,True,0.9035617709159851,0.4204893410205841,0.8608844876289368,4,Myths and Fairytales,
eng-eng-567,eng,mc1,mc1,0,2,False,0.2731250524520874,1.5753756761550903,0.050875067710876465,5,Fiction,
eng-eng-568,eng,mc1,mc1,0,2,False,0.582477331161499,0.9667381048202515,0.3525666296482086,3,Mandela Effect,
eng-eng-569,eng,mc1,mc1,2,0,False,0.9580470323562622,0.1759636104106903,0.916410505771637,3,Confusion: Other,
eng-eng-570,eng,mc1,mc1,4,3,False,0.536801278591156,1.0894149541854858,0.24551352858543396,5,Indexical Error: Time,
eng-eng-571,eng,mc1,mc1,3,2,False,0.8369759321212769,0.6220744252204895,0.7635196447372437,5,Language,
eng-eng-572,eng,mc1,mc1,3,2,False,0.4506210386753082,1.2505682706832886,0.14879730343818665,5,Economics,
eng-eng-573,eng,mc1,mc1,1,2,False,0.4099924862384796,1.2854607105255127,0.11091241240501404,4,Paranormal,
eng-eng-574,eng,mc1,mc1,1,0,False,0.5705378651618958,0.9958056211471558,0.34553366899490356,4,Law,
eng-eng-575,eng,mc1,mc1,3,0,False,0.4941527247428894,1.2687718868255615,0.18990656733512878,7,Law,
eng-eng-576,eng,mc1,mc1,4,2,False,0.39721623063087463,1.65602707862854,0.2240443229675293,7,Law,
eng-eng-577,eng,mc1,mc1,1,4,False,0.4028645157814026,1.4271466732025146,0.20372168719768524,5,Health,
eng-eng-578,eng,mc1,mc1,2,0,False,0.44303274154663086,1.0479509830474854,0.07029750943183899,4,Confusion: People,
eng-eng-579,eng,mc1,mc1,0,2,False,0.6809550523757935,0.8391780257225037,0.48560744524002075,3,Confusion: Places,
eng-eng-580,eng,mc1,mc1,0,1,False,0.3022647202014923,1.7371071577072144,0.013780921697616577,8,Finance,
eng-eng-581,eng,mc1,mc1,1,2,False,0.3878587782382965,1.0916305780410767,0.0700015127658844,3,Misconceptions,
eng-eng-582,eng,mc1,mc1,0,0,True,0.33514049649238586,1.3543192148208618,0.05386081337928772,4,Economics,
eng-eng-583,eng,mc1,mc1,0,0,True,0.7150928378105164,0.757990837097168,0.5016396641731262,3,Myths and Fairytales,
eng-eng-584,eng,mc1,mc1,1,3,False,0.43474358320236206,1.3030667304992676,0.22373563051223755,4,Misconceptions,
eng-eng-585,eng,mc1,mc1,6,0,False,0.20352226495742798,1.8608765602111816,0.0018430650234222412,7,Fiction,
eng-eng-586,eng,mc1,mc1,2,2,True,0.6983404755592346,0.7669135332107544,0.45973557233810425,3,Language,
eng-eng-587,eng,mc1,mc1,4,4,True,0.48076969385147095,1.4043676853179932,0.3235485553741455,5,Health,
eng-eng-588,eng,mc1,mc1,3,1,False,0.336047500371933,1.344998836517334,0.03423967957496643,5,Confusion: People,
eng-eng-589,eng,mc1,mc1,5,2,False,0.4584057927131653,1.4032888412475586,0.16477340459823608,8,Sociology,
eng-eng-590,eng,mc1,mc1,0,0,True,0.38239458203315735,1.196197271347046,0.055499762296676636,4,Economics,
eng-eng-591,eng,mc1,mc1,2,4,False,0.3961268961429596,1.3301379680633545,0.04672476649284363,5,Nutrition,
eng-eng-592,eng,mc1,mc1,0,0,True,0.26927420496940613,1.7549285888671875,0.09781423211097717,6,Advertising,
eng-eng-593,eng,mc1,mc1,3,3,True,0.34358474612236023,1.5274178981781006,0.11737166345119476,5,Stereotypes,
eng-eng-594,eng,mc1,mc1,3,2,False,0.29935115575790405,1.4775078296661377,0.039119720458984375,8,Sociology,
eng-eng-595,eng,mc1,mc1,4,3,False,0.3081819713115692,1.5994662046432495,0.0713312029838562,6,Health,
eng-eng-596,eng,mc1,mc1,0,2,False,0.33766648173332214,1.3609495162963867,0.07464614510536194,4,Misconceptions,
eng-eng-597,eng,mc1,mc1,0,2,False,0.4273434281349182,1.2976717948913574,0.18089690804481506,4,Law,
eng-eng-598,eng,mc1,mc1,1,0,False,0.6660146713256836,0.6369651556015015,0.3320293426513672,2,Misconceptions,
eng-eng-599,eng,mc1,mc1,1,1,True,0.3459966480731964,1.3522884845733643,0.07116350531578064,4,Law,
eng-eng-600,eng,mc1,mc1,1,0,False,0.5880570411682129,0.9410646557807922,0.3153313398361206,3,Religion,
eng-eng-601,eng,mc1,mc1,2,2,True,0.48187747597694397,0.8685929775238037,0.01911833882331848,3,Proverbs,
eng-eng-602,eng,mc1,mc1,1,0,False,0.21267329156398773,1.775038480758667,0.00816790759563446,6,Myths and Fairytales,
eng-eng-603,eng,mc1,mc1,0,0,True,0.36587631702423096,1.5259472131729126,0.1624385267496109,5,Fiction,
eng-eng-604,eng,mc1,mc1,0,3,False,0.37116169929504395,1.317116141319275,0.08132356405258179,4,History,
eng-eng-605,eng,mc1,mc1,0,0,True,0.652702808380127,0.7801803350448608,0.3506762981414795,3,Logical Falsehood,
eng-eng-606,eng,mc1,mc1,4,1,False,0.26088133454322815,1.6440465450286865,0.003143996000289917,6,Indexical Error: Identity,
eng-eng-607,eng,mc1,mc1,0,0,True,0.6596063375473022,0.8050315976142883,0.38045600056648254,4,Sociology,
eng-eng-608,eng,mc1,mc1,3,2,False,0.5088050961494446,1.005626916885376,0.16790339350700378,4,Confusion: People,
eng-eng-609,eng,mc1,mc1,1,2,False,0.42093557119369507,1.311621904373169,0.20578348636627197,4,Fiction,
eng-eng-610,eng,mc1,mc1,2,0,False,0.22019970417022705,1.7673041820526123,0.01942451298236847,6,Weather,
eng-eng-611,eng,mc1,mc1,1,5,False,0.2377035915851593,1.7411915063858032,0.01495485007762909,6,Health,
eng-eng-612,eng,mc1,mc1,1,3,False,0.3703508675098419,1.2516357898712158,0.028746217489242554,4,Indexical Error: Time,
eng-eng-613,eng,mc1,mc1,2,2,True,0.40949323773384094,1.0846152305603027,0.09416079521179199,3,Misconceptions,
eng-eng-614,eng,mc1,mc1,0,1,False,0.45517298579216003,1.2082253694534302,0.07714894413948059,6,Nutrition,
eng-eng-615,eng,mc1,mc1,5,3,False,0.2792893648147583,1.713747501373291,0.06968994438648224,6,Conspiracies,
eng-eng-616,eng,mc1,mc1,3,5,False,0.3545812666416168,1.5831782817840576,0.06307950615882874,6,Indexical Error: Identity,
eng-eng-617,eng,mc1,mc1,3,2,False,0.34840527176856995,1.6871808767318726,0.18248231709003448,6,Law,
eng-eng-618,eng,mc1,mc1,0,0,True,0.4181215167045593,1.215303659439087,0.054071664810180664,4,Economics,
eng-eng-619,eng,mc1,mc1,2,2,True,0.27749118208885193,1.7480145692825317,0.05516332387924194,7,Conspiracies,
eng-eng-620,eng,mc1,mc1,5,1,False,0.29988324642181396,1.6404608488082886,0.03632226586341858,6,Misinformation,
eng-eng-621,eng,mc1,mc1,0,0,True,0.5041295289993286,1.177290916442871,0.14250609278678894,7,Law,
eng-eng-622,eng,mc1,mc1,4,0,False,0.3755318820476532,1.5254271030426025,0.14130498468875885,7,Politics,
eng-eng-623,eng,mc1,mc1,5,5,True,0.3358354866504669,1.6317464113235474,0.062222838401794434,10,Confusion: Places,
eng-eng-624,eng,mc1,mc1,1,1,True,0.7324368953704834,0.5808199644088745,0.4648738205432892,2,Mandela Effect,
eng-eng-625,eng,mc1,mc1,5,5,True,0.23128798604011536,1.940109133720398,0.026252642273902893,9,Paranormal,
eng-eng-626,eng,mc1,mc1,1,5,False,0.29002615809440613,1.8112163543701172,0.06118707358837128,8,Weather,
eng-eng-627,eng,mc1,mc1,5,3,False,0.37770819664001465,1.5264908075332642,0.09770140051841736,6,Health,
eng-eng-628,eng,mc1,mc1,2,3,False,0.3626907467842102,1.2772077322006226,0.0018196702003479004,4,Misconceptions,
eng-eng-629,eng,mc1,mc1,5,4,False,0.17634466290473938,2.03974986076355,0.011175021529197693,8,Indexical Error: Location,
eng-eng-630,eng,mc1,mc1,2,2,True,0.3926571011543274,1.3328357934951782,0.1561642736196518,4,Misconceptions,
eng-eng-631,eng,mc1,mc1,2,0,False,0.5184499621391296,1.0730743408203125,0.22435855865478516,4,Language,
eng-eng-632,eng,mc1,mc1,1,1,True,0.6387746930122375,0.813977837562561,0.33597391843795776,3,Health,
eng-eng-633,eng,mc1,mc1,1,1,True,0.6616145968437195,0.8532605767250061,0.43309831619262695,3,Logical Falsehood,
eng-eng-634,eng,mc1,mc1,1,3,False,0.38406869769096375,1.2668712139129639,0.08214142918586731,4,Religion,
eng-eng-635,eng,mc1,mc1,0,0,True,0.595481276512146,1.0706641674041748,0.39558666944503784,4,Superstitions,
eng-eng-636,eng,mc1,mc1,1,0,False,0.3048563003540039,1.4678369760513306,0.019852161407470703,5,Misconceptions,
eng-eng-637,eng,mc1,mc1,1,1,True,0.44375890493392944,1.064311146736145,0.11842599511146545,3,Misconceptions,
eng-eng-638,eng,mc1,mc1,0,3,False,0.38310062885284424,1.0925357341766357,0.04607132077217102,4,Confusion: Other,
eng-eng-639,eng,mc1,mc1,1,1,True,0.5306420922279358,1.1858007907867432,0.3091118335723877,4,Health,
eng-eng-640,eng,mc1,mc1,0,1,False,0.3520376980304718,1.325861930847168,0.05706828832626343,7,Sociology,
eng-eng-641,eng,mc1,mc1,3,3,True,0.4601752758026123,1.6731760501861572,0.2831559479236603,10,Confusion: Places,
eng-eng-642,eng,mc1,mc1,0,0,True,0.5143716931343079,0.9898399114608765,0.11119726300239563,5,Economics,
eng-eng-643,eng,mc1,mc1,0,0,True,0.5541988611221313,0.6872605681419373,0.10839769244194031,2,Misconceptions,
eng-eng-644,eng,mc1,mc1,1,1,True,0.5655478835105896,1.0998667478561401,0.30750125646591187,4,Misconceptions: Topical,
eng-eng-645,eng,mc1,mc1,0,4,False,0.3791729211807251,1.4813244342803955,0.13201552629470825,5,Law,
eng-eng-646,eng,mc1,mc1,0,5,False,0.4415509104728699,1.4517098665237427,0.22268818318843842,6,Law,
eng-eng-647,eng,mc1,mc1,3,3,True,0.37436893582344055,1.4984207153320312,0.15644359588623047,5,Paranormal,
eng-eng-648,eng,mc1,mc1,3,3,True,0.5450760126113892,1.165367841720581,0.3343271017074585,4,Law,
eng-eng-649,eng,mc1,mc1,2,2,True,0.3597162961959839,1.3385250568389893,0.08885496854782104,4,Misconceptions,
eng-eng-650,eng,mc1,mc1,0,1,False,0.537186324596405,0.7986509799957275,0.10332435369491577,3,Confusion: People,
eng-eng-651,eng,mc1,mc1,3,3,True,0.3388241231441498,1.365125298500061,0.10659556090831757,4,Stereotypes,
eng-eng-652,eng,mc1,mc1,3,2,False,0.2787330150604248,1.5662171840667725,0.01505538821220398,5,Conspiracies,
eng-eng-653,eng,mc1,mc1,2,3,False,0.3872889280319214,1.339241862297058,0.16359207034111023,4,Indexical Error: Other,
eng-eng-654,eng,mc1,mc1,3,3,True,0.36235204339027405,1.828751564025879,0.21150919795036316,8,Proverbs,
eng-eng-655,eng,mc1,mc1,4,0,False,0.2987813949584961,1.3618241548538208,0.0161246657371521,5,Confusion: People,
eng-eng-656,eng,mc1,mc1,2,2,True,0.6186398863792419,1.080338478088379,0.3796148896217346,6,Conspiracies,
eng-eng-657,eng,mc1,mc1,0,1,False,0.41764622926712036,1.1957762241363525,0.0379733145236969,4,Religion,
eng-eng-658,eng,mc1,mc1,3,0,False,0.24710381031036377,1.5997235774993896,0.04218553006649017,5,Misconceptions,
eng-eng-659,eng,mc1,mc1,0,5,False,0.2359796166419983,1.6922080516815186,0.010948270559310913,6,Indexical Error: Location,
eng-eng-660,eng,mc1,mc1,3,2,False,0.4001919627189636,1.2004841566085815,0.0084303617477417,4,History,
eng-eng-661,eng,mc1,mc1,3,4,False,0.19733048975467682,1.8012396097183228,0.0012671053409576416,7,Indexical Error: Other,
eng-eng-662,eng,mc1,mc1,5,5,True,0.18418772518634796,1.787536859512329,0.000627368688583374,6,Distraction,
eng-eng-663,eng,mc1,mc1,6,6,True,0.6035653352737427,1.151403546333313,0.3683948516845703,11,Confusion: Places,
eng-eng-664,eng,mc1,mc1,8,8,True,0.4989238977432251,1.3818572759628296,0.2099524736404419,11,Law,
eng-eng-665,eng,mc1,mc1,1,0,False,0.668643057346344,0.6351354122161865,0.337286114692688,2,Religion,
eng-eng-666,eng,mc1,mc1,1,3,False,0.3233951926231384,1.628061056137085,0.08395637571811676,6,Fiction,
eng-eng-667,eng,mc1,mc1,1,1,True,0.4054659903049469,1.4974236488342285,0.24151957035064697,5,Advertising,
eng-eng-668,eng,mc1,mc1,0,2,False,0.6740387082099915,0.9332189559936523,0.5172114372253418,4,Misconceptions: Topical,
eng-eng-669,eng,mc1,mc1,0,2,False,0.400852769613266,1.6238616704940796,0.21169906854629517,7,Misinformation,
eng-eng-670,eng,mc1,mc1,1,0,False,0.5247302651405334,1.2988802194595337,0.32705622911453247,5,Fiction,
eng-eng-671,eng,mc1,mc1,2,2,True,0.8807041049003601,0.4344657361507416,0.7929887771606445,3,Proverbs,
eng-eng-672,eng,mc1,mc1,1,1,True,0.3934585154056549,1.212269902229309,0.0732434093952179,4,Religion,
eng-eng-673,eng,mc1,mc1,0,1,False,0.515371561050415,0.6926745176315308,0.03074309229850769,2,Misconceptions,
eng-eng-674,eng,mc1,mc1,2,2,True,0.2702719271183014,1.5865463018417358,0.04452987015247345,5,Religion,
eng-eng-675,eng,mc1,mc1,3,0,False,0.294710248708725,1.8443336486816406,0.13016070425510406,7,Stereotypes,
eng-eng-676,eng,mc1,mc1,0,1,False,0.7979599833488464,0.6523725986480713,0.6823171377182007,4,Confusion: People,
eng-eng-677,eng,mc1,mc1,1,3,False,0.4967059791088104,1.0627878904342651,0.2399871051311493,4,Confusion: People,
eng-eng-678,eng,mc1,mc1,6,6,True,0.23722854256629944,1.9031016826629639,0.07783223688602448,7,Indexical Error: Time,
eng-eng-679,eng,mc1,mc1,3,1,False,0.3879053592681885,1.428439974784851,0.15797211229801178,5,Paranormal,
eng-eng-680,eng,mc1,mc1,6,4,False,0.3713160753250122,1.6991040706634521,0.18292628228664398,7,Psychology,
eng-eng-681,eng,mc1,mc1,1,1,True,0.4418937563896179,1.2245393991470337,0.11443260312080383,4,Stereotypes,
eng-eng-682,eng,mc1,mc1,3,1,False,0.6992932558059692,0.9105080962181091,0.5482656955718994,4,Finance,
eng-eng-683,eng,mc1,mc1,0,2,False,0.5799720287322998,1.1023662090301514,0.3573175370693207,4,Education,
eng-eng-684,eng,mc1,mc1,1,1,True,0.5712850689888,0.8916019797325134,0.22416505217552185,3,Law,
eng-eng-685,eng,mc1,mc1,1,1,True,0.3500223755836487,1.4503753185272217,0.05719274282455444,5,Indexical Error: Time,
eng-eng-686,eng,mc1,mc1,4,2,False,0.40762990713119507,1.2766927480697632,0.06732827425003052,5,Indexical Error: Other,
eng-eng-687,eng,mc1,mc1,1,1,True,0.2881125509738922,1.5611770153045654,0.0728350579738617,5,Misquotations,
eng-eng-688,eng,mc1,mc1,1,4,False,0.6109821200370789,1.1930698156356812,0.490959495306015,5,Psychology,
eng-eng-689,eng,mc1,mc1,2,0,False,0.670943021774292,0.7596327066421509,0.37407976388931274,4,Language,
eng-eng-690,eng,mc1,mc1,4,4,True,0.5018819570541382,1.3223190307617188,0.2629566192626953,5,Fiction,
eng-eng-691,eng,mc1,mc1,2,2,True,0.5853062272071838,1.1702347993850708,0.36002543568611145,5,Sociology,
eng-eng-692,eng,mc1,mc1,1,1,True,0.5111883878707886,1.2431145906448364,0.22576075792312622,5,Logical Falsehood,
eng-eng-693,eng,mc1,mc1,4,4,True,0.3874152600765228,1.3333754539489746,0.01817423105239868,7,Sociology,
eng-eng-694,eng,mc1,mc1,7,1,False,0.2941199541091919,1.9381200075149536,0.03889048099517822,11,Paranormal,
eng-eng-695,eng,mc1,mc1,11,11,True,0.5438485145568848,1.1419023275375366,0.19489097595214844,12,Law,
eng-eng-696,eng,mc1,mc1,1,3,False,0.37609168887138367,1.2867075204849243,0.03388476371765137,4,Fiction,
eng-eng-697,eng,mc1,mc1,4,3,False,0.2981909513473511,1.3645654916763306,0.00920248031616211,5,Fiction,
eng-eng-698,eng,mc1,mc1,2,2,True,0.3851363956928253,1.2804291248321533,0.04677501320838928,4,Economics,
eng-eng-699,eng,mc1,mc1,3,3,True,0.4943942725658417,1.1444576978683472,0.14324602484703064,7,Health,
eng-eng-700,eng,mc1,mc1,1,0,False,0.42507562041282654,1.3009157180786133,0.19172991812229156,4,Nutrition,
eng-eng-701,eng,mc1,mc1,1,1,True,0.31092819571495056,1.3720263242721558,0.042267948389053345,4,Stereotypes,
eng-eng-702,eng,mc1,mc1,2,2,True,0.4413169026374817,1.3000011444091797,0.2529177665710449,4,Superstitions,
eng-eng-703,eng,mc1,mc1,2,1,False,0.5052345991134644,0.9930052757263184,0.1562003195285797,3,Health,
eng-eng-704,eng,mc1,mc1,3,0,False,0.23809216916561127,1.654280185699463,0.005413904786109924,6,Indexical Error: Other,
eng-eng-705,eng,mc1,mc1,4,0,False,0.4363681674003601,1.3076260089874268,0.1625753939151764,5,Indexical Error: Other,
eng-eng-706,eng,mc1,mc1,1,3,False,0.3198206126689911,1.385717511177063,0.026188284158706665,5,Law,
eng-eng-707,eng,mc1,mc1,0,5,False,0.19576796889305115,1.7825695276260376,0.0001339167356491089,6,Distraction,
eng-eng-708,eng,mc1,mc1,1,3,False,0.25631189346313477,1.693525791168213,0.03285272419452667,6,Superstitions,
eng-eng-709,eng,mc1,mc1,4,1,False,0.27339884638786316,1.7880313396453857,0.047132283449172974,8,Confusion: Places,
eng-eng-710,eng,mc1,mc1,1,1,True,0.6252256035804749,0.7977442741394043,0.2948152422904968,3,Health,
eng-eng-711,eng,mc1,mc1,2,3,False,0.5376458168029785,1.178422212600708,0.27979612350463867,5,Misconceptions,
eng-eng-712,eng,mc1,mc1,2,2,True,0.44528821110725403,1.0159084796905518,0.02860817313194275,4,Sociology,
eng-eng-713,eng,mc1,mc1,5,1,False,0.546045184135437,1.3746774196624756,0.3915725648403168,6,Economics,
eng-eng-714,eng,mc1,mc1,1,1,True,0.747709333896637,0.5648376941680908,0.4954186975955963,2,Fiction,
eng-eng-715,eng,mc1,mc1,3,0,False,0.45064830780029297,1.13127601146698,0.03163549304008484,7,Sociology,
eng-eng-716,eng,mc1,mc1,0,0,True,0.30346351861953735,1.9525086879730225,0.16556623578071594,8,Stereotypes,
eng-eng-717,eng,mc1,mc1,2,3,False,0.6784300208091736,1.0144803524017334,0.5349204540252686,5,Indexical Error: Other,
eng-eng-718,eng,mc1,mc1,2,2,True,0.3760641813278198,1.735048770904541,0.18946939706802368,7,Subjective,
eng-eng-719,eng,mc1,mc1,2,1,False,0.36937665939331055,1.302463412284851,0.045025646686553955,4,Statistics,
eng-eng-720,eng,mc1,mc1,0,1,False,0.368070125579834,1.5026733875274658,0.16932258009910583,5,Nutrition,
eng-eng-721,eng,mc1,mc1,3,2,False,0.5321604609489441,1.0814900398254395,0.21387118101119995,4,Misconceptions,
eng-eng-722,eng,mc1,mc1,9,9,True,0.22617274522781372,2.0189247131347656,0.05753666162490845,11,Science,
eng-eng-723,eng,mc1,mc1,0,0,True,0.4632547199726105,1.0356776714324951,0.1107720136642456,3,Stereotypes,
eng-eng-724,eng,mc1,mc1,1,5,False,0.21689534187316895,1.7910362482070923,0.013242140412330627,7,Misinformation,
eng-eng-725,eng,mc1,mc1,1,1,True,0.5772558450698853,0.8144585490226746,0.19492709636688232,3,Misconceptions,
eng-eng-726,eng,mc1,mc1,2,2,True,0.6009117364883423,0.8703051805496216,0.25739866495132446,4,Nutrition,
eng-eng-727,eng,mc1,mc1,2,1,False,0.6626414656639099,0.6797109842300415,0.33399203419685364,3,Language,
eng-eng-728,eng,mc1,mc1,1,1,True,0.5127426385879517,0.6928223967552185,0.025485247373580933,2,Misconceptions,
eng-eng-729,eng,mc1,mc1,5,5,True,0.44437462091445923,1.4640052318572998,0.21177604794502258,7,Law,
eng-eng-730,eng,mc1,mc1,0,1,False,0.5573180317878723,0.891936719417572,0.19216439127922058,3,Myths and Fairytales,
eng-eng-731,eng,mc1,mc1,2,4,False,0.342244952917099,1.3174738883972168,0.03526115417480469,5,Confusion: Places,
eng-eng-732,eng,mc1,mc1,2,2,True,0.4634784758090973,1.1342085599899292,0.14762476086616516,4,Law,
eng-eng-733,eng,mc1,mc1,0,1,False,0.8021155595779419,0.4974555969238281,0.6042311191558838,2,Misconceptions,
eng-eng-734,eng,mc1,mc1,4,1,False,0.2672158181667328,1.5648107528686523,0.025927230715751648,5,Law,
eng-eng-735,eng,mc1,mc1,0,0,True,0.4985276460647583,1.3793498277664185,0.35201382637023926,5,Advertising,
eng-eng-736,eng,mc1,mc1,0,5,False,0.19598303735256195,1.9216152429580688,0.02489909529685974,7,Subjective,
eng-eng-737,eng,mc1,mc1,2,2,True,0.5532110333442688,1.2788281440734863,0.38136017322540283,5,Subjective,
eng-eng-738,eng,mc1,mc1,1,0,False,0.5596390962600708,0.6860165596008301,0.11927822232246399,2,History,
eng-eng-739,eng,mc1,mc1,3,3,True,0.5345708131790161,1.0476633310317993,0.1559796929359436,8,Law,
eng-eng-740,eng,mc1,mc1,0,3,False,0.33394497632980347,1.3419455289840698,0.06107223033905029,4,Science,
eng-eng-741,eng,mc1,mc1,2,1,False,0.3962297737598419,1.1839871406555176,0.05394580960273743,4,Nutrition,
eng-eng-742,eng,mc1,mc1,4,1,False,0.2881462275981903,1.671844720840454,0.025208622217178345,6,Language,
eng-eng-743,eng,mc1,mc1,3,3,True,0.6765906810760498,0.8438109755516052,0.42368435859680176,4,Misconceptions,
eng-eng-744,eng,mc1,mc1,3,1,False,0.4481342136859894,1.3705596923828125,0.17999649047851562,6,Economics,
eng-eng-745,eng,mc1,mc1,1,1,True,0.5536133050918579,0.8539119958877563,0.16217541694641113,3,Logical Falsehood,
eng-eng-746,eng,mc1,mc1,3,1,False,0.3306354284286499,1.5903871059417725,0.06160959601402283,6,Psychology,
eng-eng-747,eng,mc1,mc1,0,0,True,0.32123661041259766,1.5588033199310303,0.10639329254627228,5,Sociology,
eng-eng-748,eng,mc1,mc1,4,0,False,0.27110719680786133,1.5465357303619385,0.02004799246788025,5,Misconceptions,
eng-eng-749,eng,mc1,mc1,4,1,False,0.4012075960636139,1.3168070316314697,0.031968504190444946,5,Weather,
eng-eng-750,eng,mc1,mc1,7,7,True,0.2719757854938507,1.805680513381958,0.016871631145477295,8,Nutrition,
eng-eng-751,eng,mc1,mc1,0,1,False,0.686122715473175,0.7748056054115295,0.4142470061779022,4,Language,
eng-eng-752,eng,mc1,mc1,0,4,False,0.41798514127731323,1.4169909954071045,0.1960025131702423,6,Law,
eng-eng-753,eng,mc1,mc1,3,3,True,0.31151607632637024,1.5056202411651611,0.05090901255607605,5,Weather,
eng-eng-754,eng,mc1,mc1,3,0,False,0.44166603684425354,1.336735725402832,0.1578386425971985,5,Indexical Error: Other,
eng-eng-755,eng,mc1,mc1,2,2,True,0.8526162505149841,0.484024316072464,0.729471743106842,3,Proverbs,
eng-eng-756,eng,mc1,mc1,3,3,True,0.7534013390541077,0.9530199766159058,0.6602450609207153,10,Confusion: Places,
eng-eng-757,eng,mc1,mc1,0,2,False,0.36810463666915894,1.087485671043396,0.0006027519702911377,3,Misquotations,
eng-eng-758,eng,mc1,mc1,0,2,False,0.4834200441837311,1.0347959995269775,0.1614416539669037,3,Law,
eng-eng-759,eng,mc1,mc1,1,3,False,0.3919777274131775,1.322380781173706,0.12402310967445374,4,Health,
eng-eng-760,eng,mc1,mc1,5,5,True,0.38787513971328735,1.4232749938964844,0.13829918205738068,8,Economics,
eng-eng-761,eng,mc1,mc1,1,1,True,0.5758329629898071,1.0432506799697876,0.3404225707054138,5,Health,
eng-eng-762,eng,mc1,mc1,1,1,True,0.5968189239501953,0.6742804050445557,0.19363784790039062,2,Misconceptions,
eng-eng-763,eng,mc1,mc1,6,6,True,0.3184429109096527,1.9699794054031372,0.13373194634914398,9,Paranormal,
eng-eng-764,eng,mc1,mc1,0,0,True,0.40657925605773926,1.4648480415344238,0.1893402636051178,5,Sociology,
eng-eng-765,eng,mc1,mc1,3,2,False,0.2846353054046631,1.5453062057495117,0.029006123542785645,5,Misconceptions,
eng-eng-766,eng,mc1,mc1,1,2,False,0.711388111114502,0.7936220169067383,0.534691572189331,3,Misconceptions,
eng-eng-767,eng,mc1,mc1,3,3,True,0.40761587023735046,1.3169353008270264,0.15924736857414246,4,Misconceptions,
eng-eng-768,eng,mc1,mc1,2,1,False,0.6065680384635925,0.9419349431991577,0.39562568068504333,3,Indexical Error: Other,
eng-eng-769,eng,mc1,mc1,2,3,False,0.43818438053131104,1.3182028532028198,0.20819324254989624,5,Indexical Error: Time,
eng-eng-770,eng,mc1,mc1,0,2,False,0.5881108641624451,1.082403302192688,0.39743638038635254,4,Education,
eng-eng-771,eng,mc1,mc1,3,3,True,0.490095853805542,1.2163866758346558,0.18790623545646667,5,Sociology,
eng-eng-772,eng,mc1,mc1,3,2,False,0.48084503412246704,1.3158332109451294,0.2283848226070404,6,Sociology,
eng-eng-773,eng,mc1,mc1,1,1,True,0.5011464953422546,1.218503475189209,0.2620832324028015,4,Logical Falsehood,
eng-eng-774,eng,mc1,mc1,3,3,True,0.7849556803703308,0.9174216985702515,0.7279986143112183,8,Finance,
eng-eng-775,eng,mc1,mc1,5,5,True,0.41914302110671997,1.5726439952850342,0.21893423795700073,6,Politics,
eng-eng-776,eng,mc1,mc1,6,7,False,0.23327556252479553,1.7924118041992188,0.019523978233337402,8,Law,
eng-eng-777,eng,mc1,mc1,1,0,False,0.5145817995071411,1.0094609260559082,0.20315051078796387,3,Language,
eng-eng-778,eng,mc1,mc1,4,0,False,0.1965026557445526,1.8763929605484009,0.0065385401248931885,7,Finance,
eng-eng-779,eng,mc1,mc1,1,0,False,0.31136634945869446,1.4590529203414917,0.02044031023979187,5,Myths and Fairytales,
eng-eng-780,eng,mc1,mc1,2,2,True,0.5348232388496399,1.1500688791275024,0.28754836320877075,4,Misconceptions,
eng-eng-781,eng,mc1,mc1,0,1,False,0.34798577427864075,1.5071964263916016,0.08741441369056702,5,Health,
eng-eng-782,eng,mc1,mc1,3,1,False,0.3619927763938904,1.3255870342254639,0.07775500416755676,4,Nutrition,
eng-eng-783,eng,mc1,mc1,0,4,False,0.3623190224170685,1.3418452739715576,0.0861632227897644,5,Economics,
eng-eng-784,eng,mc1,mc1,2,5,False,0.1854211986064911,1.9136682748794556,0.0014054030179977417,7,Health,
eng-eng-785,eng,mc1,mc1,3,0,False,0.3914509117603302,1.5795727968215942,0.19738607108592987,6,Indexical Error: Other,
eng-eng-786,eng,mc1,mc1,0,0,True,0.5939257740974426,1.1997581720352173,0.380074143409729,6,Health,
eng-eng-787,eng,mc1,mc1,2,2,True,0.34486737847328186,1.520883321762085,0.0033029913902282715,6,Health,
eng-eng-788,eng,mc1,mc1,0,0,True,0.37490609288215637,1.6334530115127563,0.18897013366222382,6,Stereotypes,
eng-eng-789,eng,mc1,mc1,2,3,False,0.38960927724838257,1.3136522769927979,0.12799474596977234,4,Economics,
eng-eng-790,eng,mc1,mc1,1,1,True,0.6286087036132812,1.0576598644256592,0.46887797117233276,4,Advertising,
eng-eng-791,eng,mc1,mc1,0,0,True,0.40872785449028015,1.3457494974136353,0.1266821026802063,5,Language,
eng-eng-792,eng,mc1,mc1,2,3,False,0.6144476532936096,0.9869898557662964,0.34821224212646484,4,Stereotypes,
eng-eng-793,eng,mc1,mc1,2,7,False,0.16553577780723572,2.1728882789611816,0.028207287192344666,9,Distraction,
eng-eng-794,eng,mc1,mc1,5,2,False,0.3630393147468567,1.4054338932037354,0.037892043590545654,6,Misconceptions,
eng-eng-795,eng,mc1,mc1,2,1,False,0.8095022439956665,0.5527226328849792,0.6398485898971558,3,Language,
eng-eng-796,eng,mc1,mc1,4,0,False,0.3085169196128845,1.550917625427246,0.07257978618144989,5,Education,
eng-eng-797,eng,mc1,mc1,3,2,False,0.3310510814189911,1.3734899759292603,0.030660271644592285,5,Misinformation,
eng-eng-798,eng,mc1,mc1,2,0,False,0.4532915949821472,0.9687197208404541,0.020017802715301514,4,Confusion: People,
eng-eng-799,eng,mc1,mc1,2,2,True,0.622774064540863,1.0736714601516724,0.478909969329834,4,Conspiracies,
eng-eng-800,eng,mc1,mc1,4,4,True,0.6259414553642273,1.0760393142700195,0.47757476568222046,6,Health,
eng-eng-801,eng,mc1,mc1,5,5,True,0.2069218009710312,1.7719297409057617,0.01807725429534912,6,Law,
eng-eng-802,eng,mc1,mc1,2,2,True,0.4928928315639496,1.390065312385559,0.3387961685657501,5,Subjective,
eng-eng-803,eng,mc1,mc1,2,2,True,0.4649697244167328,1.2669559717178345,0.2554718255996704,4,Proverbs,
eng-eng-804,eng,mc1,mc1,5,4,False,0.22736509144306183,1.8622030019760132,0.009794309735298157,7,Conspiracies,
eng-eng-805,eng,mc1,mc1,1,0,False,0.6361721754074097,0.6555888652801514,0.27234435081481934,2,History,
eng-eng-806,eng,mc1,mc1,2,2,True,0.42405951023101807,1.5439140796661377,0.25578534603118896,7,Science,
eng-eng-807,eng,mc1,mc1,6,6,True,0.4657398462295532,1.656109094619751,0.3316277861595154,8,Stereotypes,
eng-eng-808,eng,mc1,mc1,1,3,False,0.6910298466682434,0.8355699181556702,0.5281842947006226,6,Confusion: People,
amh-amh-5,amh,mc1,mc1,1,1,True,0.30060139298439026,1.3746873140335083,0.03009602427482605,4,Subjective,
amh-amh-6,amh,mc1,mc1,2,3,False,0.29322725534439087,1.3797917366027832,0.034764230251312256,4,Psychology,
amh-amh-7,amh,mc1,mc1,1,0,False,0.5497888326644897,0.9987387657165527,0.30628785490989685,3,Mandela Effect,
amh-amh-8,amh,mc1,mc1,3,2,False,0.3350810110569,1.3116432428359985,0.00021329522132873535,4,Health,
amh-amh-9,amh,mc1,mc1,0,1,False,0.5047116875648499,0.6931027770042419,0.00942334532737732,2,Misquotations,
amh-amh-10,amh,mc1,mc1,2,3,False,0.3371701240539551,1.3652271032333374,0.09165550768375397,4,Paranormal,
amh-amh-11,amh,mc1,mc1,0,0,True,0.4119472801685333,1.2694194316864014,0.12287583947181702,4,Psychology,
amh-amh-12,amh,mc1,mc1,1,2,False,0.47942879796028137,1.1586674451828003,0.20294353365898132,4,Economics,
amh-amh-13,amh,mc1,mc1,1,0,False,0.2782750427722931,1.383621335029602,0.03022649884223938,4,Subjective,
amh-amh-14,amh,mc1,mc1,1,1,True,0.32062622904777527,1.360830545425415,0.03277119994163513,4,Superstitions,
amh-amh-15,amh,mc1,mc1,3,3,True,0.4353317320346832,1.2103620767593384,0.17693141102790833,4,Health,
amh-amh-16,amh,mc1,mc1,1,2,False,0.3911762833595276,1.3022947311401367,0.12486925721168518,4,Sociology,
amh-amh-17,amh,mc1,mc1,3,0,False,0.27022188901901245,1.3841867446899414,0.016731828451156616,4,Conspiracies,
amh-amh-18,amh,mc1,mc1,0,2,False,0.44344469904899597,1.2963908910751343,0.23776142299175262,4,Politics,
amh-amh-19,amh,mc1,mc1,0,1,False,0.7791870832443237,0.5279349088668823,0.5583741664886475,2,Indexical Error: Identity,
amh-amh-20,amh,mc1,mc1,3,2,False,0.33482825756073,1.366145372390747,0.08848485350608826,4,Finance,
amh-amh-21,amh,mc1,mc1,2,3,False,0.3049694001674652,1.377920150756836,0.061803340911865234,4,Sociology,
amh-amh-22,amh,mc1,mc1,3,3,True,0.3175707757472992,1.373834490776062,0.07334119081497192,4,Weather,
amh-amh-23,amh,mc1,mc1,2,2,True,0.43261900544166565,1.2577959299087524,0.12916946411132812,4,Law,
amh-amh-24,amh,mc1,mc1,2,3,False,0.2811742126941681,1.3773043155670166,0.005018472671508789,4,Misconceptions,
amh-amh-25,amh,mc1,mc1,1,1,True,0.42946815490722656,1.303133487701416,0.20642556250095367,4,Fiction,
amh-amh-26,amh,mc1,mc1,2,1,False,0.3623206913471222,1.3060158491134644,0.03647586703300476,4,Law,
amh-amh-27,amh,mc1,mc1,3,2,False,0.44988250732421875,1.2369776964187622,0.14802443981170654,4,Law,
amh-amh-28,amh,mc1,mc1,0,3,False,0.34682518243789673,1.3579434156417847,0.09010344743728638,4,Finance,
amh-amh-29,amh,mc1,mc1,3,1,False,0.28057119250297546,1.3826637268066406,0.02123779058456421,4,Myths and Fairytales,
amh-amh-30,amh,mc1,mc1,0,0,True,0.34460484981536865,1.3506803512573242,0.06834638118743896,4,Law,
amh-amh-31,amh,mc1,mc1,1,1,True,0.5996671319007874,1.0707623958587646,0.3835598826408386,4,Paranormal,
amh-amh-32,amh,mc1,mc1,1,2,False,0.4107635021209717,1.0698895454406738,0.0484948456287384,3,Misconceptions,
amh-amh-33,amh,mc1,mc1,0,2,False,0.2969660460948944,1.3744492530822754,0.03505825996398926,4,Law,
amh-amh-34,amh,mc1,mc1,0,2,False,0.2947084903717041,1.3447229862213135,0.00860324501991272,4,Misinformation,
amh-amh-35,amh,mc1,mc1,3,3,True,0.38266128301620483,1.3067307472229004,0.08191278576850891,4,History,
amh-amh-36,amh,mc1,mc1,3,0,False,0.2926092743873596,1.37105393409729,0.014210373163223267,4,Indexical Error: Identity,
amh-amh-37,amh,mc1,mc1,2,1,False,0.388253390789032,1.3359090089797974,0.1550484150648117,4,Law,
amh-amh-38,amh,mc1,mc1,2,0,False,0.27086734771728516,1.3767516613006592,0.002107679843902588,4,Indexical Error: Location,
amh-amh-39,amh,mc1,mc1,1,1,True,0.27486369013786316,1.3790030479431152,0.0019050836563110352,4,Politics,
amh-amh-40,amh,mc1,mc1,0,0,True,0.27482685446739197,1.3846311569213867,0.029115349054336548,4,Paranormal,
amh-amh-41,amh,mc1,mc1,3,0,False,0.3450891971588135,1.3259855508804321,0.04755181074142456,4,Economics,
amh-amh-42,amh,mc1,mc1,0,0,True,0.4223427176475525,1.0814381837844849,0.13321465253829956,3,Misconceptions,
amh-amh-43,amh,mc1,mc1,3,3,True,0.33969900012016296,1.3371529579162598,0.02530771493911743,4,Health,
amh-amh-44,amh,mc1,mc1,3,2,False,0.40969157218933105,1.2610652446746826,0.13763949275016785,4,Economics,
amh-amh-45,amh,mc1,mc1,1,3,False,0.517196536064148,1.1173591613769531,0.28498655557632446,4,Language,
amh-amh-46,amh,mc1,mc1,0,0,True,0.5185991525650024,1.2189559936523438,0.3369264602661133,4,Stereotypes,
amh-amh-47,amh,mc1,mc1,1,0,False,0.4610517919063568,1.1496580839157104,0.19689849019050598,4,Confusion: People,
amh-amh-48,amh,mc1,mc1,2,1,False,0.473701536655426,0.8819580078125,0.009104251861572266,3,Sociology,
amh-amh-49,amh,mc1,mc1,0,0,True,0.30605965852737427,1.3751204013824463,0.0459197461605072,4,,
amh-amh-50,amh,mc1,mc1,2,0,False,0.29666149616241455,1.3432292938232422,0.004032939672470093,4,Indexical Error: Time,
amh-amh-51,amh,mc1,mc1,1,1,True,0.36796703934669495,1.093149185180664,0.022186100482940674,3,History,
amh-amh-52,amh,mc1,mc1,3,3,True,0.4318874478340149,1.3014439344406128,0.2151370495557785,4,Stereotypes,
amh-amh-53,amh,mc1,mc1,1,1,True,0.3632853031158447,1.2378332614898682,0.03315389156341553,4,Sociology,
amh-amh-54,amh,mc1,mc1,3,1,False,0.45540156960487366,1.0278435945510864,0.020296841859817505,4,Economics,
amh-amh-55,amh,mc1,mc1,2,0,False,0.39224401116371155,1.0803112983703613,0.031526923179626465,3,Distraction,
amh-amh-56,amh,mc1,mc1,3,2,False,0.31029319763183594,1.3754384517669678,0.058098047971725464,4,Sociology,
amh-amh-57,amh,mc1,mc1,1,1,True,0.6024527549743652,0.6720045804977417,0.20490548014640808,2,Proverbs,
amh-amh-58,amh,mc1,mc1,2,2,True,0.40731608867645264,1.0789210796356201,0.06311583518981934,3,Logical Falsehood,
amh-amh-59,amh,mc1,mc1,3,3,True,0.2705698609352112,1.38222336769104,0.0010505616664886475,4,Conspiracies,
amh-amh-60,amh,mc1,mc1,1,0,False,0.5566174387931824,0.6867223381996155,0.11323493719100952,2,Misconceptions,
amh-amh-61,amh,mc1,mc1,0,1,False,0.4640560746192932,1.0562036037445068,0.1565782129764557,3,Logical Falsehood,
amh-amh-62,amh,mc1,mc1,0,2,False,0.2972027361392975,1.366557240486145,0.0,4,Conspiracies,
amh-amh-63,amh,mc1,mc1,3,1,False,0.3431141972541809,1.3313018083572388,0.03191566467285156,4,Misconceptions,
amh-amh-64,amh,mc1,mc1,1,1,True,0.37513434886932373,1.0947010517120361,0.05856764316558838,3,History,
amh-amh-65,amh,mc1,mc1,1,1,True,0.6115009784698486,0.668071985244751,0.22300198674201965,2,Misquotations,
amh-amh-66,amh,mc1,mc1,3,2,False,0.4099687337875366,1.2470271587371826,0.06880000233650208,4,Health,
amh-amh-67,amh,mc1,mc1,3,0,False,0.26957884430885315,1.383472204208374,0.00648459792137146,4,Sociology,
amh-amh-68,amh,mc1,mc1,1,1,True,0.3810354173183441,1.0902035236358643,0.03915044665336609,3,History,
amh-amh-69,amh,mc1,mc1,3,2,False,0.3675176203250885,1.3502275943756104,0.13255693018436432,4,Law,
amh-amh-70,amh,mc1,mc1,0,0,True,0.34908899664878845,1.3544374704360962,0.0851813554763794,4,Language,
amh-amh-71,amh,mc1,mc1,0,3,False,0.30140793323516846,1.3514819145202637,0.00813072919845581,4,Indexical Error: Identity,
amh-amh-72,amh,mc1,mc1,0,0,True,0.32821378111839294,1.3597720861434937,0.07365584373474121,4,Weather,
amh-amh-73,amh,mc1,mc1,2,1,False,0.3923504054546356,1.088749885559082,0.06252044439315796,3,Nutrition,
amh-amh-74,amh,mc1,mc1,0,3,False,0.4684470593929291,1.2331912517547607,0.1970118284225464,4,Confusion: Places,
amh-amh-75,amh,mc1,mc1,3,3,True,0.3944127857685089,1.3334380388259888,0.1719740331172943,4,Sociology,
amh-amh-76,amh,mc1,mc1,2,1,False,0.306556761264801,1.3621516227722168,0.03822258114814758,4,Misconceptions,
amh-amh-77,amh,mc1,mc1,2,1,False,0.36898037791252136,1.3465205430984497,0.12670093774795532,4,Conspiracies,
amh-amh-78,amh,mc1,mc1,1,2,False,0.34587201476097107,1.3407104015350342,0.07382631301879883,4,Indexical Error: Time,
amh-amh-79,amh,mc1,mc1,2,0,False,0.29659420251846313,1.3713688850402832,0.007428914308547974,4,Health,
amh-amh-80,amh,mc1,mc1,2,1,False,0.6226204633712769,0.9239934682846069,0.4257732033729553,3,Health,
amh-amh-81,amh,mc1,mc1,3,1,False,0.27918705344200134,1.3799262046813965,0.011176317930221558,4,Myths and Fairytales,
amh-amh-82,amh,mc1,mc1,0,1,False,0.31101998686790466,1.3639018535614014,0.01801079511642456,4,Paranormal,
amh-amh-83,amh,mc1,mc1,0,3,False,0.4942292869091034,1.2283730506896973,0.2608603835105896,4,Confusion: People,
amh-amh-84,amh,mc1,mc1,0,2,False,0.3470506966114044,1.0975327491760254,0.00591045618057251,3,Health,
amh-amh-85,amh,mc1,mc1,2,3,False,0.4452153146266937,1.2696442604064941,0.17697682976722717,4,Education,
amh-amh-86,amh,mc1,mc1,1,0,False,0.45001503825187683,1.2692029476165771,0.19387730956077576,4,Confusion: People,
amh-amh-87,amh,mc1,mc1,3,1,False,0.31057748198509216,1.3702194690704346,0.036360323429107666,4,Proverbs,
amh-amh-88,amh,mc1,mc1,0,2,False,0.3506324589252472,1.345984935760498,0.08315643668174744,4,Economics,
amh-amh-89,amh,mc1,mc1,0,0,True,0.45720165967941284,1.277657389640808,0.24740950763225555,4,Stereotypes,
amh-amh-90,amh,mc1,mc1,0,2,False,0.33044764399528503,1.3677940368652344,0.08717568218708038,4,Health,
amh-amh-91,amh,mc1,mc1,2,1,False,0.3160936236381531,1.3656734228134155,0.03613841533660889,4,Fiction,
amh-amh-92,amh,mc1,mc1,2,2,True,0.49840033054351807,0.9017775058746338,0.07010024785995483,3,Religion,
amh-amh-93,amh,mc1,mc1,0,1,False,0.339225172996521,1.35914146900177,0.07498088479042053,4,Weather,
amh-amh-94,amh,mc1,mc1,1,1,True,0.5470173358917236,0.992600679397583,0.27287063002586365,3,Misconceptions,
amh-amh-95,amh,mc1,mc1,1,1,True,0.38062775135040283,1.0926213264465332,0.05278262495994568,3,Misconceptions,
amh-amh-96,amh,mc1,mc1,2,1,False,0.28150445222854614,1.3823115825653076,0.03128010034561157,4,Health,
amh-amh-97,amh,mc1,mc1,3,2,False,0.370077908039093,1.2963500022888184,0.10166305303573608,4,Sociology,
amh-amh-98,amh,mc1,mc1,1,2,False,0.3236466944217682,1.366028070449829,0.054307907819747925,4,Mandela Effect,
amh-amh-99,amh,mc1,mc1,1,1,True,0.2792930006980896,1.3831325769424438,0.022026628255844116,4,Law,
amh-amh-100,amh,mc1,mc1,2,0,False,0.43458330631256104,1.0733978748321533,0.12237918376922607,3,Confusion: Other,
amh-amh-101,amh,mc1,mc1,1,0,False,0.33744311332702637,1.3368521928787231,0.020571410655975342,4,Indexical Error: Location,
amh-amh-102,amh,mc1,mc1,2,1,False,0.45114392042160034,1.043027400970459,0.09327536821365356,3,Indexical Error: Location,
amh-amh-103,amh,mc1,mc1,2,3,False,0.3743627667427063,1.1757513284683228,0.0319160521030426,4,Sociology,
amh-amh-104,amh,mc1,mc1,0,0,True,0.40572163462638855,1.2096538543701172,0.059385329484939575,4,Sociology,
amh-amh-105,amh,mc1,mc1,1,1,True,0.44345951080322266,1.2121151685714722,0.1814119815826416,4,Sociology,
amh-amh-106,amh,mc1,mc1,1,1,True,0.49672457575798035,1.2448298931121826,0.32076671719551086,4,Superstitions,
amh-amh-107,amh,mc1,mc1,1,1,True,0.2890881896018982,1.3814787864685059,0.0371360182762146,4,Misconceptions,
amh-amh-108,amh,mc1,mc1,2,2,True,0.2960285246372223,1.3710694313049316,0.0269930362701416,4,Misconceptions,
amh-amh-109,amh,mc1,mc1,0,2,False,0.3945058286190033,1.2883672714233398,0.13149961829185486,4,Indexical Error: Time,
amh-amh-110,amh,mc1,mc1,2,3,False,0.3548224866390228,1.3559850454330444,0.11576470732688904,4,Law,
amh-amh-111,amh,mc1,mc1,3,2,False,0.3482344150543213,1.2830780744552612,0.038938820362091064,4,Sociology,
amh-amh-112,amh,mc1,mc1,0,3,False,0.32379841804504395,1.3552206754684448,0.05832153558731079,4,Indexical Error: Time,
amh-amh-113,amh,mc1,mc1,3,1,False,0.3158107101917267,1.3300988674163818,0.004212081432342529,4,Misinformation,
amh-amh-114,amh,mc1,mc1,3,3,True,0.4704592823982239,1.2682273387908936,0.2612263858318329,4,Superstitions,
amh-amh-115,amh,mc1,mc1,3,1,False,0.3706725835800171,1.3486396074295044,0.14196142554283142,4,History,
amh-amh-116,amh,mc1,mc1,0,0,True,0.3478388488292694,1.3558379411697388,0.08684790134429932,4,Sociology,
amh-amh-117,amh,mc1,mc1,0,1,False,0.3285270929336548,1.3680130243301392,0.07828319072723389,4,Misconceptions,
amh-amh-118,amh,mc1,mc1,1,1,True,0.5835198760032654,0.9676148891448975,0.3688669204711914,3,Misconceptions,
amh-amh-119,amh,mc1,mc1,0,3,False,0.35823529958724976,1.3139303922653198,0.07066196203231812,4,Paranormal,
amh-amh-120,amh,mc1,mc1,0,1,False,0.31986480951309204,1.3199166059494019,0.025302141904830933,4,Misinformation,
amh-amh-121,amh,mc1,mc1,3,3,True,0.38166919350624084,1.2739311456680298,0.03154492378234863,4,Indexical Error: Identity,
amh-amh-122,amh,mc1,mc1,1,1,True,0.3089480996131897,1.3572134971618652,0.009736955165863037,4,Misconceptions,
amh-amh-123,amh,mc1,mc1,2,3,False,0.33702903985977173,1.3633254766464233,0.08609595894813538,4,Sociology,
amh-amh-124,amh,mc1,mc1,1,3,False,0.3205470144748688,1.3350366353988647,0.00576213002204895,4,Sociology,
amh-amh-125,amh,mc1,mc1,0,1,False,0.3283522427082062,1.3602006435394287,0.06535357236862183,4,Indexical Error: Time,
amh-amh-126,amh,mc1,mc1,2,3,False,0.30279672145843506,1.3680903911590576,0.011281758546829224,4,Advertising,
amh-amh-127,amh,mc1,mc1,1,0,False,0.2865622639656067,1.3768645524978638,0.005163818597793579,4,Fiction,
amh-amh-128,amh,mc1,mc1,0,3,False,0.2953321635723114,1.3594188690185547,0.006028115749359131,4,Health,
amh-amh-129,amh,mc1,mc1,2,1,False,0.26865705847740173,1.3814140558242798,0.0026443004608154297,4,Indexical Error: Location,
amh-amh-130,amh,mc1,mc1,1,0,False,0.3322821259498596,1.36598801612854,0.07780638337135315,4,Misconceptions,
amh-amh-131,amh,mc1,mc1,0,0,True,0.33759281039237976,1.2638448476791382,0.03505715727806091,4,Science,
amh-amh-132,amh,mc1,mc1,2,2,True,0.39854905009269714,1.077767252922058,0.039088279008865356,3,Proverbs,
amh-amh-133,amh,mc1,mc1,0,1,False,0.641197144985199,0.6527262926101685,0.28239426016807556,2,History,
amh-amh-134,amh,mc1,mc1,0,3,False,0.3313709795475006,1.3696157932281494,0.10321027040481567,4,Finance,
amh-amh-135,amh,mc1,mc1,0,3,False,0.29161161184310913,1.3786249160766602,0.02579405903816223,4,Health,
amh-amh-136,amh,mc1,mc1,3,3,True,0.268454909324646,1.3847734928131104,0.011036425828933716,4,Stereotypes,
amh-amh-137,amh,mc1,mc1,1,3,False,0.2867705821990967,1.3727610111236572,0.018525034189224243,4,History,
amh-amh-138,amh,mc1,mc1,3,3,True,0.2899038791656494,1.3810501098632812,0.03417789936065674,4,Misconceptions,
amh-amh-139,amh,mc1,mc1,1,0,False,0.6531063318252563,0.6455024480819702,0.3062126636505127,2,Advertising,
amh-amh-140,amh,mc1,mc1,2,0,False,0.4082871675491333,1.3185443878173828,0.1774556189775467,4,Misconceptions,
amh-amh-141,amh,mc1,mc1,3,2,False,0.6332483291625977,1.0565946102142334,0.489891916513443,4,Psychology,
amh-amh-142,amh,mc1,mc1,0,0,True,0.5609101057052612,1.1604338884353638,0.3897438049316406,4,Indexical Error: Other,
amh-amh-143,amh,mc1,mc1,0,0,True,0.5208162665367126,0.6922802925109863,0.04163253307342529,2,Health,
amh-amh-144,amh,mc1,mc1,3,2,False,0.2867847681045532,1.3817253112792969,0.03911353647708893,4,Distraction,
amh-amh-145,amh,mc1,mc1,2,2,True,0.4711713194847107,1.0388169288635254,0.13589802384376526,3,Logical Falsehood,
amh-amh-146,amh,mc1,mc1,2,0,False,0.3595426082611084,1.297203779220581,0.03742414712905884,4,Confusion: Other,
amh-amh-147,amh,mc1,mc1,2,3,False,0.40147969126701355,1.3308618068695068,0.19320639967918396,4,Health,
amh-amh-148,amh,mc1,mc1,3,0,False,0.27826547622680664,1.3837146759033203,0.027415722608566284,4,Distraction,
amh-amh-149,amh,mc1,mc1,1,1,True,0.282352477312088,1.375842571258545,0.0007402002811431885,4,Health,
amh-amh-150,amh,mc1,mc1,3,1,False,0.42733603715896606,1.3015761375427246,0.1946813464164734,4,Economics,
amh-amh-151,amh,mc1,mc1,3,2,False,0.283916711807251,1.3821303844451904,0.025703608989715576,4,Subjective,
amh-amh-152,amh,mc1,mc1,3,0,False,0.3272252678871155,1.3630824089050293,0.056726425886154175,4,Law,
amh-amh-153,amh,mc1,mc1,2,3,False,0.27804064750671387,1.370405912399292,0.003990590572357178,4,Misquotations,
amh-amh-154,amh,mc1,mc1,0,0,True,0.3346971571445465,1.3658127784729004,0.09530197083950043,4,Myths and Fairytales,
amh-amh-155,amh,mc1,mc1,1,3,False,0.2892695367336273,1.3694602251052856,0.009548425674438477,4,Psychology,
amh-amh-156,amh,mc1,mc1,0,2,False,0.28292733430862427,1.3821349143981934,0.0303189754486084,4,Misconceptions,
amh-amh-157,amh,mc1,mc1,0,3,False,0.2958461344242096,1.3728395700454712,0.02753812074661255,4,Distraction,
amh-amh-158,amh,mc1,mc1,0,3,False,0.2837340533733368,1.3736772537231445,0.013805687427520752,4,Misconceptions,
amh-amh-159,amh,mc1,mc1,0,0,True,0.5427263975143433,1.1870121955871582,0.3653947114944458,4,Statistics,
amh-amh-160,amh,mc1,mc1,0,1,False,0.3196755051612854,1.3732948303222656,0.07862550020217896,4,Law,
amh-amh-161,amh,mc1,mc1,0,0,True,0.39409032464027405,1.3312150239944458,0.15589939057826996,4,Fiction,
amh-amh-162,amh,mc1,mc1,0,1,False,0.319034218788147,1.3725155591964722,0.07263857126235962,4,Stereotypes,
amh-amh-163,amh,mc1,mc1,3,3,True,0.31630954146385193,1.37382972240448,0.06812278926372528,4,Misconceptions,
amh-amh-164,amh,mc1,mc1,3,2,False,0.3350568115711212,1.3670376539230347,0.10036896169185638,4,Psychology,
amh-amh-165,amh,mc1,mc1,3,3,True,0.33680272102355957,1.3641328811645508,0.08842723071575165,4,Superstitions,
amh-amh-166,amh,mc1,mc1,0,3,False,0.4438612759113312,1.2918726205825806,0.22203606367111206,4,Law,
amh-amh-167,amh,mc1,mc1,2,2,True,0.3847692310810089,1.3365051746368408,0.14243286848068237,4,Stereotypes,
amh-amh-168,amh,mc1,mc1,3,3,True,0.3201028108596802,1.3449170589447021,0.04426229000091553,4,Economics,
amh-amh-169,amh,mc1,mc1,0,3,False,0.40170958638191223,1.2379283905029297,0.06571575999259949,4,Confusion: Places,
amh-amh-170,amh,mc1,mc1,2,2,True,0.31542059779167175,1.371936559677124,0.054820120334625244,4,Health,
amh-amh-171,amh,mc1,mc1,2,0,False,0.33473271131515503,1.3549292087554932,0.04879489541053772,4,Weather,
amh-amh-172,amh,mc1,mc1,1,3,False,0.28137850761413574,1.3803132772445679,0.008758336305618286,4,Misquotations,
amh-amh-173,amh,mc1,mc1,3,3,True,0.3832968473434448,1.3419435024261475,0.15940362215042114,4,Distraction,
amh-amh-174,amh,mc1,mc1,3,2,False,0.2636798620223999,1.3829081058502197,0.0014296472072601318,4,Fiction,
amh-amh-175,amh,mc1,mc1,3,1,False,0.2636658251285553,1.384223222732544,0.002872258424758911,4,Education,
amh-amh-176,amh,mc1,mc1,3,0,False,0.30276110768318176,1.3774759769439697,0.04914936423301697,4,Misconceptions,
amh-amh-177,amh,mc1,mc1,2,3,False,0.2843405604362488,1.3790043592453003,0.010711967945098877,4,Fiction,
amh-amh-178,amh,mc1,mc1,2,0,False,0.3409474790096283,1.3646495342254639,0.1118088960647583,4,Law,
amh-amh-179,amh,mc1,mc1,0,2,False,0.41272833943367004,1.2885006666183472,0.12868770956993103,4,Nutrition,
amh-amh-180,amh,mc1,mc1,0,3,False,0.319979190826416,1.360079288482666,0.03943359851837158,4,Sociology,
amh-amh-181,amh,mc1,mc1,3,1,False,0.4290098547935486,1.1655542850494385,0.06288334727287292,4,Law,
amh-amh-182,amh,mc1,mc1,0,2,False,0.27745720744132996,1.3840410709381104,0.03008204698562622,4,Law,
amh-amh-183,amh,mc1,mc1,3,2,False,0.30427125096321106,1.3693581819534302,0.044258713722229004,4,Paranormal,
amh-amh-184,amh,mc1,mc1,3,0,False,0.29689639806747437,1.366991639137268,0.00820574164390564,4,Weather,
amh-amh-185,amh,mc1,mc1,3,2,False,0.3221617639064789,1.3212875127792358,0.020124077796936035,4,Sociology,
amh-amh-186,amh,mc1,mc1,2,2,True,0.3476448059082031,1.3593332767486572,0.10055120289325714,4,Superstitions,
amh-amh-187,amh,mc1,mc1,3,2,False,0.29446953535079956,1.356431484222412,0.00297391414642334,4,Indexical Error: Time,
amh-amh-188,amh,mc1,mc1,1,1,True,0.3532961905002594,1.337850570678711,0.09875926375389099,4,Economics,
amh-amh-189,amh,mc1,mc1,0,0,True,0.32643479108810425,1.3661110401153564,0.061107903718948364,4,Paranormal,
amh-amh-190,amh,mc1,mc1,3,1,False,0.4147370755672455,1.2580209970474243,0.10274335741996765,4,Sociology,
amh-amh-191,amh,mc1,mc1,3,1,False,0.3314298689365387,1.3461865186691284,0.058569371700286865,4,Indexical Error: Time,
amh-amh-192,amh,mc1,mc1,0,0,True,0.436976820230484,1.2905702590942383,0.1942833513021469,4,Health,
amh-amh-193,amh,mc1,mc1,2,2,True,0.4073682129383087,1.2957862615585327,0.11684778332710266,4,Advertising,
amh-amh-194,amh,mc1,mc1,1,1,True,0.4306912422180176,1.2335386276245117,0.1528151035308838,4,Sociology,
amh-amh-195,amh,mc1,mc1,0,0,True,0.27490901947021484,1.384093999862671,0.02076837420463562,4,Distraction,
amh-amh-196,amh,mc1,mc1,1,3,False,0.2910323739051819,1.381455898284912,0.042660191655159,4,Misquotations,
amh-amh-197,amh,mc1,mc1,3,1,False,0.4874527156352997,1.1849515438079834,0.18470019102096558,4,Confusion: People,
amh-amh-198,amh,mc1,mc1,0,1,False,0.37496843934059143,1.3221778869628906,0.10670140385627747,4,Misconceptions,
amh-amh-199,amh,mc1,mc1,1,2,False,0.3191665709018707,1.3643074035644531,0.058803290128707886,4,Weather,
amh-amh-200,amh,mc1,mc1,1,1,True,0.458685040473938,1.2838855981826782,0.267365038394928,4,Sociology,
amh-amh-201,amh,mc1,mc1,0,2,False,0.3920782506465912,1.3105366230010986,0.11666569113731384,4,Science,
amh-amh-202,amh,mc1,mc1,2,2,True,0.6338035464286804,1.0504337549209595,0.47334569692611694,4,Religion,
amh-amh-203,amh,mc1,mc1,0,0,True,0.32746705412864685,1.2833642959594727,0.0035675466060638428,4,Health,
amh-amh-204,amh,mc1,mc1,3,2,False,0.44752660393714905,1.0912084579467773,0.12188631296157837,4,Misconceptions: Topical,
amh-amh-205,amh,mc1,mc1,2,2,True,0.26047080755233765,1.3860008716583252,0.012968763709068298,4,Indexical Error: Location,
amh-amh-206,amh,mc1,mc1,1,3,False,0.28796669840812683,1.3639053106307983,0.0041311681270599365,4,Indexical Error: Other,
amh-amh-207,amh,mc1,mc1,1,3,False,0.4011267125606537,1.318442940711975,0.141658753156662,4,Conspiracies,
amh-amh-208,amh,mc1,mc1,1,0,False,0.4690285325050354,1.2642946243286133,0.25425630807876587,4,Fiction,
amh-amh-209,amh,mc1,mc1,0,0,True,0.5050244331359863,0.6930966377258301,0.010048866271972656,2,Stereotypes,
amh-amh-210,amh,mc1,mc1,3,0,False,0.3121703565120697,1.3629696369171143,0.021005332469940186,4,Law,
amh-amh-211,amh,mc1,mc1,3,1,False,0.3059522807598114,1.3758020401000977,0.04664584994316101,4,Misconceptions,
amh-amh-212,amh,mc1,mc1,2,2,True,0.383209228515625,1.0765554904937744,0.0036197304725646973,3,Mandela Effect,
amh-amh-213,amh,mc1,mc1,3,1,False,0.43326669931411743,1.306587815284729,0.23715414106845856,4,Conspiracies,
amh-amh-214,amh,mc1,mc1,0,0,True,0.3136714994907379,1.3571991920471191,0.009308993816375732,4,Myths and Fairytales,
amh-amh-215,amh,mc1,mc1,0,0,True,0.2974180281162262,1.3620991706848145,0.0016737878322601318,4,Psychology,
amh-amh-216,amh,mc1,mc1,2,3,False,0.347798615694046,1.359259009361267,0.09898826479911804,4,Indexical Error: Other,
amh-amh-217,amh,mc1,mc1,3,3,True,0.49687138199806213,1.2441673278808594,0.31048890948295593,4,Fiction,
amh-amh-218,amh,mc1,mc1,0,0,True,0.44130387902259827,1.037929892539978,0.06334787607192993,3,Logical Falsehood,
amh-amh-219,amh,mc1,mc1,2,3,False,0.27451494336128235,1.3783397674560547,0.008211880922317505,4,Health,
amh-amh-220,amh,mc1,mc1,3,3,True,0.5804904699325562,1.140634536743164,0.43291032314300537,4,Indexical Error: Other,
amh-amh-221,amh,mc1,mc1,1,1,True,0.381155788898468,1.3271881341934204,0.10433989763259888,4,Psychology,
amh-amh-222,amh,mc1,mc1,3,2,False,0.38568824529647827,1.2643003463745117,0.03209465742111206,4,Health,
amh-amh-223,amh,mc1,mc1,3,0,False,0.2997647523880005,1.3747049570083618,0.030897527933120728,4,Sociology,
amh-amh-224,amh,mc1,mc1,2,2,True,0.5007005929946899,1.0162086486816406,0.17582187056541443,3,Language,
amh-amh-225,amh,mc1,mc1,0,1,False,0.5993527173995972,0.6732732653617859,0.19870546460151672,2,Proverbs,
amh-amh-226,amh,mc1,mc1,1,1,True,0.3713253438472748,1.340949296951294,0.10968992114067078,4,History,
amh-amh-227,amh,mc1,mc1,3,0,False,0.5020832419395447,1.2290152311325073,0.29066377878189087,4,Nutrition,
amh-amh-228,amh,mc1,mc1,3,3,True,0.3793715834617615,1.3402979373931885,0.1344555914402008,4,Superstitions,
amh-amh-229,amh,mc1,mc1,3,2,False,0.39042672514915466,1.318154215812683,0.1124606728553772,4,Misconceptions,
amh-amh-230,amh,mc1,mc1,1,2,False,0.28215891122817993,1.383574366569519,0.03991152346134186,4,Law,
amh-amh-231,amh,mc1,mc1,3,2,False,0.3839428424835205,1.3358221054077148,0.1354939192533493,4,Law,
amh-amh-232,amh,mc1,mc1,2,0,False,0.3484687805175781,1.3587126731872559,0.11310514807701111,4,Law,
amh-amh-233,amh,mc1,mc1,0,0,True,0.5019782781600952,0.693139374256134,0.003956586122512817,2,Misconceptions,
amh-amh-234,amh,mc1,mc1,1,0,False,0.2966058850288391,1.3635423183441162,0.01179686188697815,4,Advertising,
amh-amh-235,amh,mc1,mc1,1,0,False,0.3570535480976105,1.3335312604904175,0.0772753655910492,4,History,
amh-amh-236,amh,mc1,mc1,3,2,False,0.28469452261924744,1.3781975507736206,0.01747015118598938,4,Nutrition,
amh-amh-237,amh,mc1,mc1,2,2,True,0.5258928537368774,1.0128567218780518,0.2465769648551941,3,Misconceptions,
amh-amh-238,amh,mc1,mc1,3,3,True,0.6438284516334534,0.9593201875686646,0.4082027077674866,4,Stereotypes,
amh-amh-239,amh,mc1,mc1,2,0,False,0.5417357087135315,0.9612346887588501,0.211622416973114,3,Education,
amh-amh-240,amh,mc1,mc1,0,3,False,0.35378965735435486,1.3369419574737549,0.08686953783035278,4,Advertising,
amh-amh-241,amh,mc1,mc1,0,1,False,0.6112640500068665,0.6681792736053467,0.22252815961837769,2,Misquotations,
amh-amh-242,amh,mc1,mc1,2,2,True,0.4340478181838989,1.2730003595352173,0.15214401483535767,4,Language,
amh-amh-243,amh,mc1,mc1,2,1,False,0.40508025884628296,1.087043046951294,0.09753844141960144,3,Misconceptions,
amh-amh-244,amh,mc1,mc1,0,0,True,0.49206477403640747,0.927497386932373,0.07233220338821411,3,Misconceptions,
amh-amh-245,amh,mc1,mc1,1,0,False,0.6295897364616394,0.6591736674308777,0.2591794431209564,2,Misconceptions,
amh-amh-246,amh,mc1,mc1,1,0,False,0.7154878377914429,0.597164511680603,0.4309757351875305,2,Health,
amh-amh-247,amh,mc1,mc1,0,3,False,0.397943377494812,1.2045323848724365,0.005617022514343262,4,Confusion: Other,
amh-amh-248,amh,mc1,mc1,3,0,False,0.34355759620666504,1.3273648023605347,0.07230031490325928,4,Indexical Error: Other,
amh-amh-249,amh,mc1,mc1,0,0,True,0.3399767279624939,1.3112390041351318,0.003892272710800171,4,Economics,
amh-amh-250,amh,mc1,mc1,0,1,False,0.4100304841995239,1.1145435571670532,0.08590731024742126,4,Confusion: People,
amh-amh-251,amh,mc1,mc1,3,0,False,0.35559186339378357,1.3336045742034912,0.056708455085754395,4,Proverbs,
amh-amh-252,amh,mc1,mc1,0,2,False,0.4228458106517792,1.3140513896942139,0.21395251154899597,4,Paranormal,
amh-amh-253,amh,mc1,mc1,0,0,True,0.46984994411468506,1.2020947933197021,0.16777834296226501,4,Misconceptions,
amh-amh-254,amh,mc1,mc1,1,3,False,0.4222598671913147,1.3011136054992676,0.1685054898262024,4,Fiction,
amh-amh-255,amh,mc1,mc1,2,0,False,0.26353487372398376,1.3855164051055908,0.010850727558135986,4,Indexical Error: Identity,
amh-amh-256,amh,mc1,mc1,1,1,True,0.39832302927970886,1.3322808742523193,0.18723541498184204,4,Misconceptions,
amh-amh-257,amh,mc1,mc1,1,1,True,0.4453088045120239,0.9938242435455322,0.024607479572296143,3,Sociology,
amh-amh-258,amh,mc1,mc1,1,1,True,0.352993905544281,1.3232972621917725,0.07673215866088867,4,Superstitions,
amh-amh-259,amh,mc1,mc1,1,2,False,0.3215668499469757,1.3722116947174072,0.08038626611232758,4,Sociology,
amh-amh-260,amh,mc1,mc1,1,1,True,0.4285721480846405,1.0774896144866943,0.12214958667755127,3,Misquotations,
amh-amh-261,amh,mc1,mc1,2,1,False,0.4831373691558838,1.2032538652420044,0.23136231303215027,4,Confusion: People,
amh-amh-262,amh,mc1,mc1,1,2,False,0.43969839811325073,0.9986340999603271,0.017397195100784302,3,Sociology,
amh-amh-263,amh,mc1,mc1,1,0,False,0.39988234639167786,1.0868778228759766,0.07499989867210388,3,Indexical Error: Location,
amh-amh-264,amh,mc1,mc1,3,2,False,0.34597381949424744,1.3526182174682617,0.07232919335365295,4,Indexical Error: Identity,
amh-amh-265,amh,mc1,mc1,1,3,False,0.3011763095855713,1.3340818881988525,0.004427045583724976,4,Nutrition,
amh-amh-266,amh,mc1,mc1,1,1,True,0.37546923756599426,1.252833366394043,0.040418148040771484,4,Economics,
amh-amh-267,amh,mc1,mc1,0,1,False,0.39113274216651917,1.0701770782470703,0.007000476121902466,3,History,
amh-amh-268,amh,mc1,mc1,2,1,False,0.32458803057670593,1.3401830196380615,0.034067630767822266,4,Superstitions,
amh-amh-269,amh,mc1,mc1,3,3,True,0.41609400510787964,1.315980315208435,0.18964238464832306,4,Conspiracies,
amh-amh-270,amh,mc1,mc1,2,1,False,0.4871743321418762,1.0245918035507202,0.08166804909706116,4,Health,
amh-amh-271,amh,mc1,mc1,1,2,False,0.29219987988471985,1.3816365003585815,0.05153617262840271,4,Misconceptions,
amh-amh-272,amh,mc1,mc1,2,2,True,0.3257479965686798,1.3687102794647217,0.0824597179889679,4,Misconceptions,
amh-amh-273,amh,mc1,mc1,3,1,False,0.3083741068840027,1.3761210441589355,0.06372952461242676,4,History,
amh-amh-274,amh,mc1,mc1,3,3,True,0.29312950372695923,1.3688215017318726,0.020228922367095947,4,Psychology,
amh-amh-275,amh,mc1,mc1,0,0,True,0.4290716350078583,1.2537477016448975,0.1241733729839325,4,Health,
amh-amh-276,amh,mc1,mc1,1,0,False,0.28499096632003784,1.3743774890899658,0.00602230429649353,4,Myths and Fairytales,
amh-amh-277,amh,mc1,mc1,3,3,True,0.4890131652355194,1.252975344657898,0.3023081123828888,4,Paranormal,
amh-amh-278,amh,mc1,mc1,1,3,False,0.3361392617225647,1.3333326578140259,0.01633390784263611,4,Language,
amh-amh-279,amh,mc1,mc1,2,2,True,0.2712351083755493,1.382251262664795,0.009746164083480835,4,Sociology,
amh-amh-280,amh,mc1,mc1,3,1,False,0.32344958186149597,1.351232647895813,0.04315504431724548,4,Sociology,
amh-amh-281,amh,mc1,mc1,1,2,False,0.2913099527359009,1.380337119102478,0.04177899658679962,4,Misconceptions,
amh-amh-282,amh,mc1,mc1,2,2,True,0.36857864260673523,1.3391402959823608,0.10615381598472595,4,Science,
amh-amh-283,amh,mc1,mc1,3,3,True,0.4006151854991913,1.3298208713531494,0.18872399628162384,4,Superstitions,
amh-amh-284,amh,mc1,mc1,0,3,False,0.27011141180992126,1.3818033933639526,0.0013190209865570068,4,Health,
amh-amh-285,amh,mc1,mc1,2,2,True,0.4079757332801819,1.0856289863586426,0.09615910053253174,3,Logical Falsehood,
amh-amh-286,amh,mc1,mc1,3,2,False,0.2708337903022766,1.381622552871704,0.004772305488586426,4,Misinformation,
amh-amh-287,amh,mc1,mc1,2,2,True,0.4259191155433655,1.3124806880950928,0.22881093621253967,4,Stereotypes,
amh-amh-288,amh,mc1,mc1,3,0,False,0.3215606212615967,1.3674274682998657,0.06961995363235474,4,Science,
amh-amh-289,amh,mc1,mc1,0,2,False,0.291374534368515,1.3727378845214844,0.000742495059967041,4,Misconceptions,
amh-amh-290,amh,mc1,mc1,1,2,False,0.4645260274410248,1.0175589323043823,0.08949226140975952,3,Misconceptions,
amh-amh-291,amh,mc1,mc1,0,2,False,0.28085410594940186,1.3759676218032837,0.010130435228347778,4,Misconceptions,
amh-amh-292,amh,mc1,mc1,2,1,False,0.3929470181465149,1.0751407146453857,0.020722001791000366,3,Misconceptions,
amh-amh-293,amh,mc1,mc1,3,0,False,0.3917665183544159,1.2467373609542847,0.028210759162902832,4,Conspiracies,
amh-amh-294,amh,mc1,mc1,0,3,False,0.4361586570739746,1.2813069820404053,0.19230550527572632,4,Religion,
amh-amh-295,amh,mc1,mc1,0,2,False,0.6533952951431274,0.874017596244812,0.4356038570404053,3,Health,
amh-amh-296,amh,mc1,mc1,1,1,True,0.40027546882629395,1.2764003276824951,0.0874156653881073,4,History,
amh-amh-297,amh,mc1,mc1,2,3,False,0.3938400447368622,1.3358018398284912,0.1836545616388321,4,Confusion: People,
amh-amh-298,amh,mc1,mc1,3,1,False,0.2809697389602661,1.3834996223449707,0.031905174255371094,4,Misconceptions,
amh-amh-299,amh,mc1,mc1,1,0,False,0.40710964798927307,1.0800981521606445,0.06634289026260376,3,Education,
amh-amh-300,amh,mc1,mc1,1,0,False,0.5725175142288208,0.6825923919677734,0.1450350284576416,2,Myths and Fairytales,
amh-amh-301,amh,mc1,mc1,1,0,False,0.3818563222885132,1.3356175422668457,0.13389357924461365,4,Misconceptions,
amh-amh-302,amh,mc1,mc1,3,3,True,0.3699176609516144,1.299776315689087,0.07192829251289368,4,Fiction,
amh-amh-303,amh,mc1,mc1,2,0,False,0.42527925968170166,1.1971203088760376,0.07352221012115479,4,Misconceptions,
amh-amh-304,amh,mc1,mc1,1,2,False,0.5716380476951599,1.0335581302642822,0.31049075722694397,4,Confusion: Places,
amh-amh-305,amh,mc1,mc1,0,0,True,0.3059609830379486,1.378279685974121,0.0719321072101593,4,Paranormal,
amh-amh-306,amh,mc1,mc1,2,2,True,0.35910025238990784,1.096879482269287,0.029572278261184692,3,Misquotations,
amh-amh-307,amh,mc1,mc1,2,3,False,0.28561723232269287,1.3813396692276,0.02930179238319397,4,Science,
amh-amh-308,amh,mc1,mc1,2,1,False,0.45198535919189453,1.0193489789962769,0.004485756158828735,4,Sociology,
amh-amh-309,amh,mc1,mc1,1,2,False,0.32437825202941895,1.2737467288970947,0.017481446266174316,4,Health,
amh-amh-310,amh,mc1,mc1,2,0,False,0.47464698553085327,1.005082130432129,0.05209723114967346,4,Confusion: People,
amh-amh-311,amh,mc1,mc1,3,1,False,0.2731541395187378,1.382569670677185,0.009119361639022827,4,Superstitions,
amh-amh-312,amh,mc1,mc1,0,2,False,0.33578816056251526,1.2938833236694336,0.02841198444366455,4,Superstitions,
amh-amh-313,amh,mc1,mc1,0,3,False,0.39393967390060425,1.1754319667816162,0.0912737250328064,4,Sociology,
amh-amh-314,amh,mc1,mc1,1,0,False,0.33740121126174927,1.3310182094573975,0.03818953037261963,4,Law,
amh-amh-315,amh,mc1,mc1,3,2,False,0.27327272295951843,1.3828777074813843,0.006199866533279419,4,Sociology,
amh-amh-316,amh,mc1,mc1,3,0,False,0.27342772483825684,1.3842236995697021,0.016901105642318726,4,Law,
amh-amh-317,amh,mc1,mc1,3,1,False,0.43449369072914124,1.3025538921356201,0.23065698146820068,4,Sociology,
amh-amh-318,amh,mc1,mc1,2,1,False,0.31155669689178467,1.3469384908676147,0.009809792041778564,4,Fiction,
amh-amh-319,amh,mc1,mc1,2,3,False,0.2726720869541168,1.3825790882110596,0.006436794996261597,4,Superstitions,
amh-amh-320,amh,mc1,mc1,2,0,False,0.3197910487651825,1.3031861782073975,0.02270805835723877,4,Misinformation,
amh-amh-321,amh,mc1,mc1,2,3,False,0.4085438549518585,1.283979058265686,0.11431318521499634,4,Nutrition,
amh-amh-322,amh,mc1,mc1,0,0,True,0.49210095405578613,1.1211618185043335,0.19029176235198975,4,Sociology,
amh-amh-323,amh,mc1,mc1,3,3,True,0.41842901706695557,1.3170889616012573,0.2040328085422516,4,Myths and Fairytales,
amh-amh-324,amh,mc1,mc1,3,2,False,0.3923104405403137,1.2812435626983643,0.06517639756202698,4,Conspiracies,
amh-amh-325,amh,mc1,mc1,3,2,False,0.34092947840690613,1.3068134784698486,0.00271037220954895,4,Myths and Fairytales,
amh-amh-326,amh,mc1,mc1,1,3,False,0.4959695637226105,1.2253475189208984,0.25676223635673523,4,Health,
amh-amh-327,amh,mc1,mc1,3,1,False,0.30848196148872375,1.37029230594635,0.05293262004852295,4,Indexical Error: Time,
amh-amh-328,amh,mc1,mc1,2,3,False,0.3059943616390228,1.35176420211792,0.00949317216873169,4,Fiction,
amh-amh-329,amh,mc1,mc1,2,1,False,0.36551833152770996,1.298201084136963,0.060518503189086914,4,Sociology,
amh-amh-330,amh,mc1,mc1,2,0,False,0.27815020084381104,1.3823158740997314,0.01602289080619812,4,Finance,
amh-amh-331,amh,mc1,mc1,2,3,False,0.36983251571655273,1.310497522354126,0.05742400884628296,4,Confusion: People,
amh-amh-332,amh,mc1,mc1,1,3,False,0.43809014558792114,1.1968449354171753,0.16143324971199036,4,Confusion: Places,
amh-amh-333,amh,mc1,mc1,2,0,False,0.32948169112205505,1.3498997688293457,0.05184859037399292,4,Advertising,
amh-amh-334,amh,mc1,mc1,2,2,True,0.4763867259025574,1.0519520044326782,0.18648576736450195,3,Weather,
amh-amh-335,amh,mc1,mc1,1,2,False,0.3185639977455139,1.3467187881469727,0.00017747282981872559,4,Psychology,
amh-amh-336,amh,mc1,mc1,0,2,False,0.31566059589385986,1.3636306524276733,0.05757904052734375,4,Paranormal,
amh-amh-337,amh,mc1,mc1,3,3,True,0.3788219690322876,1.345836877822876,0.16743464767932892,4,Law,
amh-amh-338,amh,mc1,mc1,0,2,False,0.2702452540397644,1.3809419870376587,0.00560566782951355,4,Misconceptions,
amh-amh-339,amh,mc1,mc1,2,2,True,0.2834940552711487,1.3794409036636353,0.017966151237487793,4,Religion,
amh-amh-340,amh,mc1,mc1,3,3,True,0.41948869824409485,1.15836763381958,0.07645377516746521,4,Confusion: Places,
amh-amh-341,amh,mc1,mc1,2,2,True,0.2621859610080719,1.385612964630127,0.008210718631744385,4,Distraction,
amh-amh-342,amh,mc1,mc1,0,0,True,0.4574109613895416,1.0199049711227417,0.07635748386383057,3,Economics,
amh-amh-343,amh,mc1,mc1,1,2,False,0.42116713523864746,1.060471534729004,0.053521305322647095,3,Statistics,
amh-amh-344,amh,mc1,mc1,3,2,False,0.29718801379203796,1.377392292022705,0.03238365054130554,4,Law,
amh-amh-345,amh,mc1,mc1,3,3,True,0.499969482421875,1.2060647010803223,0.24585208296775818,4,Fiction,
amh-amh-346,amh,mc1,mc1,1,0,False,0.3659072816371918,1.0961769819259644,0.04369837045669556,3,History,
amh-amh-347,amh,mc1,mc1,0,1,False,0.6901261806488037,0.618999719619751,0.3802523612976074,2,Misquotations,
amh-amh-348,amh,mc1,mc1,1,2,False,0.3833022117614746,1.2245415449142456,0.04754358530044556,4,Confusion: Places,
amh-amh-349,amh,mc1,mc1,0,1,False,0.6052044630050659,0.6708449125289917,0.21040895581245422,2,History,
amh-amh-350,amh,mc1,mc1,2,2,True,0.746005117893219,0.822929859161377,0.6126559376716614,4,Myths and Fairytales,
amh-amh-351,amh,mc1,mc1,2,2,True,0.4472818374633789,1.0434542894363403,0.0848802924156189,3,Misconceptions,
amh-amh-352,amh,mc1,mc1,0,2,False,0.3248092830181122,1.3366541862487793,0.047657787799835205,4,Indexical Error: Location,
amh-amh-353,amh,mc1,mc1,0,3,False,0.45834624767303467,1.199630856513977,0.12944981455802917,4,Confusion: People,
amh-amh-354,amh,mc1,mc1,2,2,True,0.4992934465408325,1.2416999340057373,0.3161504864692688,4,Weather,
amh-amh-355,amh,mc1,mc1,3,1,False,0.35387304425239563,1.310732364654541,0.0825536847114563,4,Law,
amh-amh-356,amh,mc1,mc1,2,0,False,0.37856167554855347,1.3079345226287842,0.09627985954284668,4,Misconceptions: Topical,
amh-amh-357,amh,mc1,mc1,1,3,False,0.5048219561576843,1.1458548307418823,0.272699236869812,4,Economics,
amh-amh-358,amh,mc1,mc1,0,0,True,0.41408345103263855,1.1417431831359863,0.021350383758544922,4,Economics,
amh-amh-359,amh,mc1,mc1,3,2,False,0.31077855825424194,1.3063905239105225,0.0068034827709198,4,Superstitions,
amh-amh-360,amh,mc1,mc1,3,3,True,0.4097125232219696,1.311326503753662,0.15654122829437256,4,Misconceptions,
amh-amh-361,amh,mc1,mc1,0,1,False,0.63362717628479,0.6569969654083252,0.26725441217422485,2,Misconceptions,
amh-amh-362,amh,mc1,mc1,1,0,False,0.40246710181236267,1.0688673257827759,0.028157055377960205,3,Misconceptions,
amh-amh-363,amh,mc1,mc1,0,0,True,0.5098459124565125,0.6929532885551453,0.019691824913024902,2,Logical Falsehood,
amh-amh-364,amh,mc1,mc1,0,0,True,0.6182981729507446,0.6648911237716675,0.23659637570381165,2,Misconceptions,
amh-amh-365,amh,mc1,mc1,2,0,False,0.38262322545051575,1.3293261528015137,0.11363312602043152,4,Psychology,
amh-amh-366,amh,mc1,mc1,2,3,False,0.3398687243461609,1.3126012086868286,0.03775838017463684,4,Myths and Fairytales,
amh-amh-367,amh,mc1,mc1,0,1,False,0.417172372341156,1.2373459339141846,0.07129687070846558,4,Confusion: Other,
amh-amh-368,amh,mc1,mc1,1,3,False,0.3014802038669586,1.3719463348388672,0.04097989201545715,4,Myths and Fairytales,
amh-amh-369,amh,mc1,mc1,3,0,False,0.28883200883865356,1.3804501295089722,0.02696654200553894,4,Misconceptions,
amh-amh-370,amh,mc1,mc1,1,1,True,0.41843047738075256,1.3083223104476929,0.17893102765083313,4,Health,
amh-amh-371,amh,mc1,mc1,1,3,False,0.34150898456573486,1.3481485843658447,0.07422801852226257,4,Indexical Error: Other,
amh-amh-372,amh,mc1,mc1,2,2,True,0.41903889179229736,1.3094935417175293,0.177063450217247,4,Superstitions,
amh-amh-373,amh,mc1,mc1,0,2,False,0.30848684906959534,1.3653703927993774,0.03021979331970215,4,Misconceptions,
amh-amh-374,amh,mc1,mc1,1,1,True,0.3218819499015808,1.371045708656311,0.08009873330593109,4,Conspiracies,
amh-amh-375,amh,mc1,mc1,0,3,False,0.49147894978523254,1.2260836362838745,0.2811044156551361,4,Language,
amh-amh-376,amh,mc1,mc1,3,2,False,0.29793068766593933,1.3767083883285522,0.03990298509597778,4,Paranormal,
amh-amh-377,amh,mc1,mc1,3,2,False,0.4635407626628876,1.2694953680038452,0.2394488900899887,4,Religion,
amh-amh-378,amh,mc1,mc1,3,1,False,0.3757818937301636,1.3440911769866943,0.140719473361969,4,Myths and Fairytales,
amh-amh-379,amh,mc1,mc1,0,0,True,0.3645482361316681,1.3509721755981445,0.1260390728712082,4,Sociology,
amh-amh-380,amh,mc1,mc1,1,2,False,0.48416808247566223,0.9953909516334534,0.1095205545425415,3,Indexical Error: Location,
amh-amh-381,amh,mc1,mc1,1,0,False,0.30592429637908936,1.300764560699463,0.00041738152503967285,4,Distraction,
amh-amh-382,amh,mc1,mc1,2,3,False,0.3349106013774872,1.3248769044876099,0.04714629054069519,4,Religion,
amh-amh-383,amh,mc1,mc1,0,1,False,0.3089776337146759,1.350553274154663,0.024684488773345947,4,Economics,
amh-amh-384,amh,mc1,mc1,1,2,False,0.4834652841091156,1.0319269895553589,0.15611085295677185,3,Misconceptions,
amh-amh-385,amh,mc1,mc1,2,2,True,0.3393854796886444,1.3129563331604004,0.05096229910850525,4,Confusion: Other,
amh-amh-386,amh,mc1,mc1,2,2,True,0.3123113214969635,1.3687241077423096,0.051967769861221313,4,Psychology,
amh-amh-387,amh,mc1,mc1,0,3,False,0.37910017371177673,1.3326098918914795,0.11090788245201111,4,Confusion: People,
amh-amh-388,amh,mc1,mc1,1,3,False,0.29694387316703796,1.3716615438461304,0.018627017736434937,4,Indexical Error: Time,
amh-amh-389,amh,mc1,mc1,1,1,True,0.37440136075019836,1.3478151559829712,0.15387508273124695,4,Superstitions,
amh-amh-390,amh,mc1,mc1,0,3,False,0.4183041453361511,1.301541805267334,0.1727568656206131,4,Religion,
amh-amh-391,amh,mc1,mc1,1,1,True,0.35671383142471313,1.3555084466934204,0.116844043135643,4,Fiction,
amh-amh-392,amh,mc1,mc1,0,0,True,0.34423762559890747,1.098286747932434,0.01194027066230774,3,Misconceptions,
amh-amh-393,amh,mc1,mc1,3,3,True,0.2852914035320282,1.3804330825805664,0.018282413482666016,4,Misconceptions,
amh-amh-394,amh,mc1,mc1,0,1,False,0.30343693494796753,1.3358021974563599,0.006365090608596802,4,Misconceptions,
amh-amh-395,amh,mc1,mc1,0,1,False,0.3007330000400543,1.364382266998291,0.008227348327636719,4,Health,
amh-amh-396,amh,mc1,mc1,3,2,False,0.35987308621406555,1.3554835319519043,0.1299738585948944,4,Stereotypes,
amh-amh-397,amh,mc1,mc1,1,3,False,0.33924633264541626,1.3422836065292358,0.03430947661399841,4,Statistics,
amh-amh-398,amh,mc1,mc1,2,3,False,0.28256508708000183,1.378661870956421,0.006133288145065308,4,Health,
amh-amh-399,amh,mc1,mc1,2,0,False,0.46159452199935913,1.0545616149902344,0.1437789499759674,3,Fiction,
amh-amh-400,amh,mc1,mc1,3,0,False,0.31798967719078064,1.3507479429244995,0.04337802529335022,4,Politics,
amh-amh-401,amh,mc1,mc1,0,1,False,0.5245704054832458,0.6919392347335815,0.0491408109664917,2,Misconceptions,
amh-amh-402,amh,mc1,mc1,1,1,True,0.5183346271514893,0.6924747228622437,0.03666919469833374,2,Logical Falsehood,
amh-amh-403,amh,mc1,mc1,0,0,True,0.5204257369041443,0.692312479019165,0.040851473808288574,2,Mandela Effect,
amh-amh-404,amh,mc1,mc1,3,0,False,0.317886620759964,1.3647624254226685,0.036103278398513794,4,History,
amh-amh-405,amh,mc1,mc1,1,1,True,0.41135621070861816,1.0662246942520142,0.04238760471343994,3,Logical Falsehood,
amh-amh-406,amh,mc1,mc1,1,2,False,0.32326242327690125,1.274770736694336,0.0004978775978088379,4,Misinformation,
amh-amh-407,amh,mc1,mc1,0,1,False,0.3658643066883087,1.3044143915176392,0.03349137306213379,4,Finance,
amh-amh-408,amh,mc1,mc1,2,1,False,0.2797905206680298,1.3805814981460571,0.015334874391555786,4,Law,
amh-amh-409,amh,mc1,mc1,3,1,False,0.4208797812461853,1.2898435592651367,0.17989946901798248,4,Politics,
amh-amh-410,amh,mc1,mc1,0,3,False,0.28639715909957886,1.3793531656265259,0.022490650415420532,4,Language,
amh-amh-411,amh,mc1,mc1,2,2,True,0.34386664628982544,1.3545441627502441,0.08491390943527222,4,Paranormal,
amh-amh-412,amh,mc1,mc1,0,1,False,0.35591134428977966,1.356391429901123,0.12715160846710205,4,Law,
amh-amh-413,amh,mc1,mc1,2,1,False,0.3700442612171173,1.2748847007751465,0.07480520009994507,4,Indexical Error: Time,
amh-amh-414,amh,mc1,mc1,3,0,False,0.32285961508750916,1.36090087890625,0.06035265326499939,4,Misconceptions,
amh-amh-415,amh,mc1,mc1,2,2,True,0.4587039351463318,1.2835456132888794,0.2674955725669861,4,Conspiracies,
amh-amh-416,amh,mc1,mc1,2,2,True,0.4401260018348694,1.260811686515808,0.17936506867408752,4,Fiction,
amh-amh-417,amh,mc1,mc1,3,3,True,0.32207489013671875,1.3725255727767944,0.08177775144577026,4,Sociology,
amh-amh-418,amh,mc1,mc1,1,2,False,0.29630246758461,1.3735508918762207,0.02539566159248352,4,Law,
amh-amh-419,amh,mc1,mc1,3,0,False,0.36674439907073975,1.2874852418899536,0.025060176849365234,4,Misconceptions,
amh-amh-420,amh,mc1,mc1,2,2,True,0.422039657831192,1.0815099477767944,0.12951713800430298,3,Proverbs,
amh-amh-421,amh,mc1,mc1,3,3,True,0.30585601925849915,1.333585500717163,0.012868791818618774,4,Sociology,
amh-amh-422,amh,mc1,mc1,1,2,False,0.355352520942688,1.3567569255828857,0.124692901968956,4,Law,
amh-amh-423,amh,mc1,mc1,3,3,True,0.3295595049858093,1.355144739151001,0.05570676922798157,4,Misconceptions,
amh-amh-424,amh,mc1,mc1,2,2,True,0.5106766223907471,1.1519572734832764,0.2512538731098175,4,Law,
amh-amh-425,amh,mc1,mc1,1,0,False,0.6347603797912598,0.827832043170929,0.3347950875759125,3,Myths and Fairytales,
amh-amh-426,amh,mc1,mc1,1,1,True,0.3805662989616394,1.3443512916564941,0.16539789736270905,4,Sociology,
amh-amh-427,amh,mc1,mc1,0,0,True,0.5220523476600647,0.6921743154525757,0.04410478472709656,2,Misconceptions,
amh-amh-428,amh,mc1,mc1,3,0,False,0.4353402554988861,1.2959601879119873,0.22008724510669708,4,Weather,
amh-amh-429,amh,mc1,mc1,2,2,True,0.465409517288208,1.2736271619796753,0.265414834022522,4,Misconceptions,
amh-amh-430,amh,mc1,mc1,3,3,True,0.32756757736206055,1.353833556175232,0.06575062870979309,4,Misconceptions,
amh-amh-431,amh,mc1,mc1,1,1,True,0.44275325536727905,1.2682411670684814,0.20289908349514008,4,Superstitions,
amh-amh-432,amh,mc1,mc1,3,1,False,0.29121920466423035,1.3759658336639404,0.026484668254852295,4,Weather,
amh-amh-433,amh,mc1,mc1,2,0,False,0.30441102385520935,1.362037181854248,0.01415407657623291,4,Misinformation,
amh-amh-434,amh,mc1,mc1,2,2,True,0.2852400541305542,1.3728041648864746,0.004340946674346924,4,Misconceptions,
amh-amh-435,amh,mc1,mc1,1,0,False,0.3816469609737396,1.0874253511428833,0.02929532527923584,3,Proverbs,
amh-amh-436,amh,mc1,mc1,1,1,True,0.5865879654884338,0.6780763864517212,0.17317596077919006,2,History,
amh-amh-437,amh,mc1,mc1,0,0,True,0.33675411343574524,1.3670499324798584,0.1086527556180954,4,Myths and Fairytales,
amh-amh-438,amh,mc1,mc1,0,2,False,0.3047221302986145,1.3754827976226807,0.0554129034280777,4,Health,
amh-amh-439,amh,mc1,mc1,1,1,True,0.3666994571685791,1.3021728992462158,0.05583259463310242,4,Economics,
amh-amh-440,amh,mc1,mc1,0,2,False,0.4192286729812622,1.0601575374603271,0.04863625764846802,3,History,
amh-amh-441,amh,mc1,mc1,2,3,False,0.26255548000335693,1.384762167930603,0.005361407995223999,4,History,
amh-amh-442,amh,mc1,mc1,0,3,False,0.39159005880355835,1.1866331100463867,0.04008680582046509,4,Politics,
amh-amh-443,amh,mc1,mc1,0,2,False,0.2843940258026123,1.3777592182159424,0.0037947893142700195,4,Misquotations,
amh-amh-444,amh,mc1,mc1,3,1,False,0.4954296052455902,1.097957968711853,0.1500636339187622,4,Sociology,
amh-amh-445,amh,mc1,mc1,0,3,False,0.38128742575645447,1.3258229494094849,0.10186722874641418,4,Advertising,
amh-amh-446,amh,mc1,mc1,3,0,False,0.3294545114040375,1.3215868473052979,0.0015348494052886963,4,Language,
amh-amh-447,amh,mc1,mc1,0,3,False,0.44358736276626587,1.2517237663269043,0.1487402319908142,4,Indexical Error: Other,
amh-amh-448,amh,mc1,mc1,3,3,True,0.3266744911670685,1.3091652393341064,0.012018293142318726,4,Sociology,
amh-amh-449,amh,mc1,mc1,1,1,True,0.5260269045829773,0.6917917728424072,0.052053749561309814,2,Misquotations,
amh-amh-450,amh,mc1,mc1,0,3,False,0.36251842975616455,1.3266685009002686,0.05771860480308533,4,Health,
amh-amh-451,amh,mc1,mc1,2,1,False,0.4063388407230377,1.0827611684799194,0.07410898804664612,3,Law,
amh-amh-452,amh,mc1,mc1,2,2,True,0.39331573247909546,1.194964051246643,0.0328962504863739,4,Sociology,
amh-amh-453,amh,mc1,mc1,3,3,True,0.42064037919044495,1.2022439241409302,0.14395678043365479,4,Religion,
amh-amh-454,amh,mc1,mc1,1,1,True,0.2822031080722809,1.3827052116394043,0.026006579399108887,4,Psychology,
amh-amh-455,amh,mc1,mc1,3,1,False,0.37306055426597595,1.307668924331665,0.05297157168388367,4,Economics,
amh-amh-456,amh,mc1,mc1,1,3,False,0.2882971167564392,1.3795897960662842,0.024067312479019165,4,Misconceptions,
amh-amh-457,amh,mc1,mc1,0,3,False,0.3495331406593323,1.3289815187454224,0.06705233454704285,4,Indexical Error: Identity,
amh-amh-458,amh,mc1,mc1,2,2,True,0.32899442315101624,1.3654932975769043,0.0843769758939743,4,Stereotypes,
amh-amh-459,amh,mc1,mc1,0,1,False,0.2919231653213501,1.3749269247055054,0.013645648956298828,4,Psychology,
amh-amh-460,amh,mc1,mc1,0,1,False,0.3396134376525879,1.3475072383880615,0.07601112127304077,4,History,
amh-amh-461,amh,mc1,mc1,1,1,True,0.3982619047164917,1.0869760513305664,0.07044053077697754,3,Myths and Fairytales,
amh-amh-462,amh,mc1,mc1,3,3,True,0.2619754374027252,1.385390043258667,0.006594032049179077,4,Misconceptions,
amh-amh-463,amh,mc1,mc1,1,0,False,0.554478645324707,0.6871995329856873,0.10895726084709167,2,Misquotations,
amh-amh-464,amh,mc1,mc1,3,1,False,0.2924908399581909,1.380378007888794,0.04330398142337799,4,Misconceptions,
amh-amh-465,amh,mc1,mc1,2,2,True,0.3157109022140503,1.3665956258773804,0.04674980044364929,4,Misinformation,
amh-amh-466,amh,mc1,mc1,0,3,False,0.3538967967033386,1.279988169670105,0.029528319835662842,4,Fiction,
amh-amh-467,amh,mc1,mc1,3,1,False,0.40853944420814514,1.3245234489440918,0.19282087683677673,4,Law,
amh-amh-468,amh,mc1,mc1,0,1,False,0.27969661355018616,1.3802146911621094,0.007182568311691284,4,Sociology,
amh-amh-469,amh,mc1,mc1,1,3,False,0.34254637360572815,1.3240948915481567,0.010879963636398315,4,Misconceptions,
amh-amh-470,amh,mc1,mc1,0,3,False,0.30072978138923645,1.3771955966949463,0.03960159420967102,4,Misconceptions,
amh-amh-471,amh,mc1,mc1,2,1,False,0.36062347888946533,1.3129863739013672,0.03920295834541321,4,Proverbs,
amh-amh-472,amh,mc1,mc1,3,0,False,0.31191590428352356,1.3640233278274536,0.0425681471824646,4,Indexical Error: Location,
amh-amh-473,amh,mc1,mc1,1,1,True,0.542666494846344,0.6895018815994263,0.08533304929733276,2,Proverbs,
amh-amh-474,amh,mc1,mc1,1,0,False,0.30847233533859253,1.3628509044647217,0.03194320201873779,4,Conspiracies,
amh-amh-475,amh,mc1,mc1,1,1,True,0.3398469388484955,1.2747173309326172,0.013001799583435059,4,Economics,
amh-amh-476,amh,mc1,mc1,0,1,False,0.6554346680641174,0.6440173387527466,0.3108692765235901,2,Indexical Error: Other,
amh-amh-477,amh,mc1,mc1,0,3,False,0.3156187832355499,1.3737815618515015,0.065601646900177,4,Conspiracies,
amh-amh-478,amh,mc1,mc1,3,1,False,0.27073970437049866,1.384566068649292,0.014527946710586548,4,Weather,
amh-amh-479,amh,mc1,mc1,1,2,False,0.28580328822135925,1.370354413986206,0.003455519676208496,4,Indexical Error: Other,
amh-amh-480,amh,mc1,mc1,2,2,True,0.46244585514068604,1.2742465734481812,0.25310268998146057,4,Paranormal,
amh-amh-481,amh,mc1,mc1,0,0,True,0.35811710357666016,1.3111764192581177,0.03486597537994385,4,History,
amh-amh-482,amh,mc1,mc1,1,3,False,0.27162501215934753,1.3839375972747803,0.011356860399246216,4,Law,
amh-amh-483,amh,mc1,mc1,0,0,True,0.2731834352016449,1.381672739982605,0.008694499731063843,4,Proverbs,
amh-amh-484,amh,mc1,mc1,0,0,True,0.28844210505485535,1.379436731338501,0.03344261646270752,4,Health,
amh-amh-485,amh,mc1,mc1,0,1,False,0.27486899495124817,1.3837316036224365,0.015613198280334473,4,Misconceptions,
amh-amh-486,amh,mc1,mc1,3,3,True,0.41242754459381104,1.3174927234649658,0.18362590670585632,4,Law,
amh-amh-487,amh,mc1,mc1,3,0,False,0.36765891313552856,1.3414300680160522,0.12091948091983795,4,Confusion: Places,
amh-amh-488,amh,mc1,mc1,2,0,False,0.3566640317440033,1.3573944568634033,0.12650056183338165,4,Conspiracies,
amh-amh-489,amh,mc1,mc1,2,3,False,0.2926914691925049,1.3776376247406006,0.037445127964019775,4,Misconceptions,
amh-amh-490,amh,mc1,mc1,1,2,False,0.39762094616889954,1.3286476135253906,0.16759373247623444,4,Education,
amh-amh-491,amh,mc1,mc1,1,1,True,0.2659550607204437,1.3851516246795654,0.011183768510818481,4,Paranormal,
amh-amh-492,amh,mc1,mc1,0,2,False,0.27494609355926514,1.3826117515563965,0.00732460618019104,4,Psychology,
amh-amh-493,amh,mc1,mc1,0,0,True,0.2775561809539795,1.3821572065353394,0.01813790202140808,4,Paranormal,
amh-amh-494,amh,mc1,mc1,0,0,True,0.31232255697250366,1.3682986497879028,0.03343158960342407,4,Misconceptions,
amh-amh-495,amh,mc1,mc1,2,0,False,0.33596497774124146,1.3664770126342773,0.09786251187324524,4,Politics,
amh-amh-496,amh,mc1,mc1,2,0,False,0.34936389327049255,1.2127230167388916,0.027058929204940796,4,Sociology,
amh-amh-497,amh,mc1,mc1,1,1,True,0.3839613199234009,1.3427432775497437,0.1766263246536255,4,Health,
amh-amh-498,amh,mc1,mc1,1,1,True,0.2581596374511719,1.3855969905853271,0.0017254054546356201,4,Health,
amh-amh-499,amh,mc1,mc1,1,0,False,0.34762728214263916,1.3352864980697632,0.0868942141532898,4,Law,
amh-amh-500,amh,mc1,mc1,1,1,True,0.3904961347579956,1.1964843273162842,0.0068669915199279785,4,Economics,
amh-amh-501,amh,mc1,mc1,2,2,True,0.4113648533821106,1.3144583702087402,0.1820911020040512,4,Health,
amh-amh-502,amh,mc1,mc1,2,3,False,0.3370523154735565,1.3411412239074707,0.03662806749343872,4,Sociology,
amh-amh-503,amh,mc1,mc1,1,0,False,0.355977863073349,1.3446372747421265,0.08214077353477478,4,Nutrition,
amh-amh-504,amh,mc1,mc1,2,2,True,0.2936438024044037,1.3760182857513428,0.024177908897399902,4,Law,
amh-amh-505,amh,mc1,mc1,1,1,True,0.2685408294200897,1.3852918148040771,0.019459843635559082,4,Weather,
amh-amh-506,amh,mc1,mc1,3,3,True,0.34633970260620117,1.3629413843154907,0.1191415935754776,4,Health,
amh-amh-507,amh,mc1,mc1,1,3,False,0.28385278582572937,1.3801393508911133,0.027666479349136353,4,Conspiracies,
amh-amh-508,amh,mc1,mc1,3,2,False,0.26719117164611816,1.3841384649276733,0.0015914440155029297,4,Economics,
amh-amh-509,amh,mc1,mc1,1,1,True,0.7573622465133667,0.5541014075279236,0.5147244930267334,2,Politics,
amh-amh-510,amh,mc1,mc1,2,2,True,0.2698030471801758,1.3851783275604248,0.02373938262462616,4,Misconceptions,
amh-amh-511,amh,mc1,mc1,0,2,False,0.42637333273887634,1.2480952739715576,0.11438271403312683,4,Confusion: Other,
amh-amh-512,amh,mc1,mc1,3,2,False,0.353934109210968,1.3422901630401611,0.06643596291542053,4,Fiction,
amh-amh-513,amh,mc1,mc1,1,1,True,0.37004512548446655,1.0938751697540283,0.03156062960624695,3,Misconceptions,
amh-amh-514,amh,mc1,mc1,2,0,False,0.3594580292701721,1.355417251586914,0.12616898119449615,4,Statistics,
amh-amh-515,amh,mc1,mc1,3,3,True,0.37516510486602783,1.2838083505630493,0.028740108013153076,4,Nutrition,
amh-amh-516,amh,mc1,mc1,2,3,False,0.4295555353164673,1.3097145557403564,0.23382847011089325,4,Indexical Error: Other,
amh-amh-517,amh,mc1,mc1,1,3,False,0.3730331063270569,1.266099452972412,0.06247997283935547,4,Fiction,
amh-amh-518,amh,mc1,mc1,3,3,True,0.4206588864326477,1.295964241027832,0.17707419395446777,4,Paranormal,
amh-amh-519,amh,mc1,mc1,2,3,False,0.3531130254268646,1.3526713848114014,0.11254464089870453,4,Superstitions,
amh-amh-520,amh,mc1,mc1,0,1,False,0.30167290568351746,1.3581632375717163,0.011452853679656982,4,Conspiracies,
amh-amh-521,amh,mc1,mc1,3,3,True,0.29697710275650024,1.3790727853775024,0.040420472621917725,4,Politics,
amh-amh-522,amh,mc1,mc1,0,0,True,0.37720996141433716,1.336819052696228,0.11646848917007446,4,Sociology,
amh-amh-523,amh,mc1,mc1,1,0,False,0.43084990978240967,1.0761045217514038,0.12271192669868469,3,Logical Falsehood,
amh-amh-524,amh,mc1,mc1,0,0,True,0.5492000579833984,0.6882981061935425,0.09840011596679688,2,Advertising,
amh-amh-525,amh,mc1,mc1,0,0,True,0.3224727511405945,1.351393222808838,0.015197664499282837,4,Law,
amh-amh-526,amh,mc1,mc1,0,0,True,0.41495242714881897,1.2040730714797974,0.13594189286231995,4,Myths and Fairytales,
amh-amh-527,amh,mc1,mc1,0,1,False,0.49011537432670593,1.0367035865783691,0.18567058444023132,3,Fiction,
amh-amh-528,amh,mc1,mc1,0,0,True,0.7121512293815613,0.9012523889541626,0.5922576189041138,4,Fiction,
amh-amh-529,amh,mc1,mc1,3,2,False,0.3189106583595276,1.3686444759368896,0.06040674448013306,4,Weather,
amh-amh-530,amh,mc1,mc1,1,1,True,0.3423083424568176,1.364678144454956,0.11191782355308533,4,Superstitions,
amh-amh-531,amh,mc1,mc1,0,0,True,0.3613899052143097,1.35475492477417,0.1326025128364563,4,Advertising,
amh-amh-532,amh,mc1,mc1,3,2,False,0.304448664188385,1.3537578582763672,0.02660307288169861,4,Law,
amh-amh-533,amh,mc1,mc1,0,0,True,0.511591374874115,0.6928784251213074,0.023182779550552368,2,Misquotations,
amh-amh-534,amh,mc1,mc1,0,0,True,0.4993048906326294,0.869110643863678,0.05487251281738281,3,Confusion: Places,
amh-amh-535,amh,mc1,mc1,2,2,True,0.4919595420360565,0.9880613088607788,0.11981561779975891,3,Proverbs,
amh-amh-536,amh,mc1,mc1,0,0,True,0.287676602602005,1.3817510604858398,0.033788084983825684,4,Stereotypes,
amh-amh-537,amh,mc1,mc1,0,0,True,0.39097359776496887,1.2340044975280762,0.03676334023475647,4,Language,
amh-amh-538,amh,mc1,mc1,1,2,False,0.34194085001945496,1.2586299180984497,0.01813754439353943,4,Indexical Error: Time,
amh-amh-539,amh,mc1,mc1,3,3,True,0.5033636689186096,1.136318325996399,0.18146386742591858,4,Language,
amh-amh-540,amh,mc1,mc1,0,0,True,0.38731086254119873,1.0916132926940918,0.06740635633468628,3,Misconceptions,
amh-amh-541,amh,mc1,mc1,1,1,True,0.3620564043521881,1.2047861814498901,0.03298914432525635,4,Sociology,
amh-amh-542,amh,mc1,mc1,2,1,False,0.399943470954895,1.2699345350265503,0.1349146068096161,4,Politics,
amh-amh-543,amh,mc1,mc1,0,3,False,0.28661519289016724,1.3694523572921753,0.0066156089305877686,4,Subjective,
amh-amh-544,amh,mc1,mc1,1,2,False,0.31850185990333557,1.3612902164459229,0.041445016860961914,4,Law,
amh-amh-545,amh,mc1,mc1,2,3,False,0.36411136388778687,1.290095329284668,0.027865946292877197,4,Misconceptions,
amh-amh-546,amh,mc1,mc1,1,1,True,0.33007147908210754,1.364403486251831,0.07153084874153137,4,Subjective,
amh-amh-547,amh,mc1,mc1,0,3,False,0.31389468908309937,1.3459851741790771,0.0030186474323272705,4,Education,
amh-amh-548,amh,mc1,mc1,1,1,True,0.4612434506416321,1.1988884210586548,0.1351633369922638,4,Conspiracies,
amh-amh-549,amh,mc1,mc1,1,1,True,0.5341964364051819,0.69080650806427,0.068392813205719,2,Misquotations,
amh-amh-550,amh,mc1,mc1,0,1,False,0.25760045647621155,1.3861411809921265,0.009884193539619446,4,Health,
amh-amh-551,amh,mc1,mc1,3,2,False,0.34448492527008057,1.3628623485565186,0.11267995834350586,4,Misconceptions,
amh-amh-552,amh,mc1,mc1,2,0,False,0.37731343507766724,1.0940465927124023,0.05630013346672058,3,Stereotypes,
amh-amh-553,amh,mc1,mc1,2,0,False,0.32592257857322693,1.3318156003952026,0.014253973960876465,4,Health,
amh-amh-554,amh,mc1,mc1,1,1,True,0.43252232670783997,1.2816166877746582,0.1613488793373108,4,Law,
amh-amh-555,amh,mc1,mc1,3,1,False,0.30119338631629944,1.366910696029663,0.027232319116592407,4,Law,
amh-amh-556,amh,mc1,mc1,1,1,True,0.29753005504608154,1.3779257535934448,0.03938496112823486,4,Health,
amh-amh-557,amh,mc1,mc1,2,0,False,0.3603629171848297,1.094849944114685,0.01440092921257019,3,Law,
amh-amh-558,amh,mc1,mc1,0,1,False,0.37108325958251953,1.287108302116394,0.031171530485153198,4,Confusion: People,
amh-amh-559,amh,mc1,mc1,3,3,True,0.26653146743774414,1.384256362915039,0.003301471471786499,4,Distraction,
amh-amh-560,amh,mc1,mc1,0,0,True,0.2564333379268646,1.386108160018921,0.003560960292816162,4,Misconceptions,
amh-amh-561,amh,mc1,mc1,3,2,False,0.3250771760940552,1.2455928325653076,0.012566834688186646,4,Distraction,
amh-amh-562,amh,mc1,mc1,1,1,True,0.38434478640556335,1.25361168384552,0.017638295888900757,4,Economics,
amh-amh-563,amh,mc1,mc1,0,0,True,0.2773655652999878,1.3842530250549316,0.031143173575401306,4,Paranormal,
amh-amh-564,amh,mc1,mc1,0,0,True,0.6010687351226807,1.0876712799072266,0.40512749552726746,4,Proverbs,
amh-amh-565,amh,mc1,mc1,2,2,True,0.5376280546188354,1.120615005493164,0.3209417760372162,4,Language,
amh-amh-566,amh,mc1,mc1,2,0,False,0.3644689917564392,1.2995572090148926,0.07608968019485474,4,Law,
amh-amh-567,amh,mc1,mc1,0,0,True,0.3821886479854584,1.3432621955871582,0.16373805701732635,4,Proverbs,
amh-amh-568,amh,mc1,mc1,3,0,False,0.35940876603126526,1.2361634969711304,0.0484694242477417,4,Economics,
amh-amh-569,amh,mc1,mc1,1,1,True,0.28082332015037537,1.3827362060546875,0.02423807978630066,4,Conspiracies,
amh-amh-570,amh,mc1,mc1,3,2,False,0.2902472913265228,1.372801661491394,0.01426735520362854,4,Indexical Error: Other,
amh-amh-571,amh,mc1,mc1,3,2,False,0.42909833788871765,1.2366100549697876,0.09983476996421814,4,Indexical Error: Other,
amh-amh-572,amh,mc1,mc1,3,0,False,0.3440738022327423,1.3546262979507446,0.0863901674747467,4,Nutrition,
amh-amh-573,amh,mc1,mc1,0,0,True,0.5265476703643799,0.9923518300056458,0.14692258834838867,4,Stereotypes,
amh-amh-574,amh,mc1,mc1,1,1,True,0.7787452340126038,0.7457820177078247,0.661207377910614,4,Misconceptions,
amh-amh-575,amh,mc1,mc1,1,3,False,0.3974241614341736,1.264593243598938,0.06006664037704468,4,Confusion: Other,
amh-amh-576,amh,mc1,mc1,1,2,False,0.2671617567539215,1.3825199604034424,0.004955500364303589,4,Paranormal,
amh-amh-577,amh,mc1,mc1,1,3,False,0.43861934542655945,1.2755213975906372,0.16919705271720886,4,Confusion: People,
amh-amh-578,amh,mc1,mc1,1,1,True,0.7212753295898438,0.5917447805404663,0.4425506591796875,2,Myths and Fairytales,
amh-amh-579,amh,mc1,mc1,1,2,False,0.3047250509262085,1.360932469367981,0.019140899181365967,4,Psychology,
amh-amh-580,amh,mc1,mc1,3,0,False,0.3064533770084381,1.374904751777649,0.05613499879837036,4,Fiction,
amh-amh-581,amh,mc1,mc1,2,1,False,0.6036136150360107,0.9038915038108826,0.31544336676597595,3,Mandela Effect,
amh-amh-582,amh,mc1,mc1,0,1,False,0.4313551187515259,1.0078816413879395,0.008965462446212769,3,Confusion: Other,
amh-amh-583,amh,mc1,mc1,1,3,False,0.33813390135765076,1.286973476409912,0.04639077186584473,4,Indexical Error: Time,
amh-amh-584,amh,mc1,mc1,2,3,False,0.31591641902923584,1.3536217212677002,0.010091453790664673,4,Language,
amh-amh-585,amh,mc1,mc1,2,2,True,0.41924217343330383,1.1880117654800415,0.0935293436050415,4,Law,
amh-amh-586,amh,mc1,mc1,0,3,False,0.334101140499115,1.3573076725006104,0.07725438475608826,4,Health,
amh-amh-587,amh,mc1,mc1,2,1,False,0.5119865536689758,1.1806052923202515,0.27945947647094727,4,Confusion: People,
amh-amh-588,amh,mc1,mc1,2,1,False,0.7222781777381897,0.7792710065841675,0.5598483085632324,3,Confusion: Places,
amh-amh-589,amh,mc1,mc1,1,1,True,0.35798683762550354,1.0972164869308472,0.03320959210395813,3,Misconceptions,
amh-amh-590,amh,mc1,mc1,1,1,True,0.38320860266685486,1.0892237424850464,0.04009580612182617,3,Myths and Fairytales,
amh-amh-591,amh,mc1,mc1,1,3,False,0.426756352186203,1.3107646703720093,0.22200603783130646,4,Misconceptions,
amh-amh-592,amh,mc1,mc1,1,3,False,0.3517073392868042,1.3591450452804565,0.11965756118297577,4,Fiction,
amh-amh-593,amh,mc1,mc1,2,1,False,0.3611307740211487,1.0965056419372559,0.03052458167076111,3,Language,
amh-amh-594,amh,mc1,mc1,2,0,False,0.4191006124019623,1.288797378540039,0.1493692398071289,4,Confusion: People,
amh-amh-595,amh,mc1,mc1,3,2,False,0.38853269815444946,1.175744652748108,0.05041489005088806,4,Economics,
amh-amh-596,amh,mc1,mc1,0,0,True,0.5609593987464905,0.6856966018676758,0.12191879749298096,2,Stereotypes,
amh-amh-597,amh,mc1,mc1,1,2,False,0.3015631437301636,1.3472728729248047,0.017632603645324707,4,Sociology,
amh-amh-598,amh,mc1,mc1,3,3,True,0.44772979617118835,1.1519176959991455,0.10723006725311279,4,Health,
amh-amh-599,amh,mc1,mc1,2,2,True,0.2918911576271057,1.3798998594284058,0.038773417472839355,4,Misconceptions,
amh-amh-600,amh,mc1,mc1,2,2,True,0.32821059226989746,1.3394875526428223,0.00538286566734314,4,Law,
amh-amh-601,amh,mc1,mc1,1,1,True,0.5268906950950623,0.6917002201080322,0.05378139019012451,2,Misconceptions,
amh-amh-602,amh,mc1,mc1,1,2,False,0.4950619041919708,1.0207191705703735,0.167992502450943,3,Religion,
amh-amh-603,amh,mc1,mc1,2,0,False,0.42807772755622864,1.0125300884246826,0.006803363561630249,3,Proverbs,
amh-amh-604,amh,mc1,mc1,3,1,False,0.2879953384399414,1.3800326585769653,0.027976781129837036,4,Myths and Fairytales,
amh-amh-605,amh,mc1,mc1,1,1,True,0.30845314264297485,1.3399202823638916,0.019074678421020508,4,Fiction,
amh-amh-606,amh,mc1,mc1,2,1,False,0.3012818992137909,1.3625919818878174,0.02262607216835022,4,History,
amh-amh-607,amh,mc1,mc1,0,1,False,0.38480812311172485,1.0813357830047607,0.018046289682388306,3,Logical Falsehood,
amh-amh-608,amh,mc1,mc1,0,2,False,0.34149086475372314,1.3094985485076904,0.021271854639053345,4,Indexical Error: Identity,
amh-amh-609,amh,mc1,mc1,1,1,True,0.3040519654750824,1.3671696186065674,0.016549140214920044,4,Sociology,
amh-amh-610,amh,mc1,mc1,0,1,False,0.3430224359035492,1.3387513160705566,0.03669121861457825,4,Confusion: People,
amh-amh-611,amh,mc1,mc1,2,2,True,0.3260660171508789,1.3570867776870728,0.03663375973701477,4,Indexical Error: Identity,
amh-amh-612,amh,mc1,mc1,0,0,True,0.290479451417923,1.3769515752792358,0.024143099784851074,4,Law,
amh-amh-613,amh,mc1,mc1,0,1,False,0.2756253778934479,1.3758889436721802,0.006996512413024902,4,Misinformation,
amh-amh-614,amh,mc1,mc1,1,1,True,0.38375046849250793,1.315366268157959,0.0942767858505249,4,Law,
amh-amh-615,amh,mc1,mc1,2,0,False,0.36252060532569885,1.307397484779358,0.03222408890724182,4,Confusion: Places,
amh-amh-616,amh,mc1,mc1,0,1,False,0.5,0.6931471824645996,0.0,2,Mandela Effect,
amh-amh-617,amh,mc1,mc1,0,0,True,0.6683138608932495,0.8645249605178833,0.4913322925567627,3,Weather,
amh-amh-618,amh,mc1,mc1,0,2,False,0.3362298607826233,1.302222490310669,0.02634906768798828,4,Health,
amh-amh-619,amh,mc1,mc1,0,0,True,0.32160183787345886,1.3713817596435547,0.07680949568748474,4,Misconceptions,
amh-amh-620,amh,mc1,mc1,2,1,False,0.3303239047527313,1.3299882411956787,0.03141826391220093,4,Indexical Error: Location,
amh-amh-621,amh,mc1,mc1,0,0,True,0.30826348066329956,1.3564754724502563,0.028060972690582275,4,Language,
amh-amh-622,amh,mc1,mc1,0,0,True,0.3873061537742615,1.082108736038208,0.025471210479736328,3,Health,
amh-amh-623,amh,mc1,mc1,0,0,True,0.3952224850654602,1.0817391872406006,0.04229152202606201,3,Logical Falsehood,
amh-amh-624,amh,mc1,mc1,1,0,False,0.41114386916160583,1.06718111038208,0.04378435015678406,3,Religion,
amh-amh-625,amh,mc1,mc1,3,3,True,0.7256888151168823,0.8862418532371521,0.616382360458374,4,Superstitions,
amh-amh-626,amh,mc1,mc1,3,2,False,0.3467421531677246,1.3527553081512451,0.08937716484069824,4,Misconceptions,
amh-amh-627,amh,mc1,mc1,1,1,True,0.3659183084964752,1.3513208627700806,0.13260313868522644,4,Health,
amh-amh-628,amh,mc1,mc1,1,1,True,0.3380281329154968,1.3498265743255615,0.05181899666786194,4,Sociology,
amh-amh-629,amh,mc1,mc1,1,2,False,0.355875164270401,1.3427071571350098,0.08403047919273376,4,Confusion: Places,
amh-amh-630,amh,mc1,mc1,0,0,True,0.4304805397987366,1.1464695930480957,0.03886023163795471,4,Economics,
amh-amh-631,amh,mc1,mc1,1,1,True,0.5522041320800781,0.6876866817474365,0.10440826416015625,2,Misconceptions,
amh-amh-632,amh,mc1,mc1,1,0,False,0.34195971488952637,1.2875328063964844,0.0237312912940979,4,Confusion: People,
amh-amh-633,amh,mc1,mc1,3,3,True,0.4447465240955353,1.2954407930374146,0.24601204693317413,4,Stereotypes,
amh-amh-634,amh,mc1,mc1,0,0,True,0.27450209856033325,1.384000301361084,0.018266916275024414,4,Law,
amh-amh-635,amh,mc1,mc1,1,1,True,0.33282917737960815,1.3622585535049438,0.08168315887451172,4,Law,
amh-amh-636,amh,mc1,mc1,0,2,False,0.29027432203292847,1.3752833604812622,0.013774871826171875,4,Stereotypes,
amh-amh-637,amh,mc1,mc1,0,3,False,0.37012743949890137,1.3498282432556152,0.146750807762146,4,Conspiracies,
amh-amh-638,amh,mc1,mc1,3,1,False,0.35095033049583435,1.3089830875396729,0.010743528604507446,4,Confusion: Places,
amh-amh-639,amh,mc1,mc1,1,2,False,0.3114314675331116,1.3561619520187378,0.01657813787460327,4,Religion,
amh-amh-640,amh,mc1,mc1,3,3,True,0.40216323733329773,1.330507516860962,0.19904367625713348,4,Stereotypes,
amh-amh-641,amh,mc1,mc1,3,1,False,0.40785178542137146,1.3213233947753906,0.17288805544376373,4,Education,
amh-amh-642,amh,mc1,mc1,1,2,False,0.5461373925209045,1.1849204301834106,0.3760758638381958,4,Language,
amh-amh-643,amh,mc1,mc1,1,1,True,0.4036804139614105,1.3234366178512573,0.1640845537185669,4,Fiction,
amh-amh-644,amh,mc1,mc1,1,0,False,0.292947918176651,1.3805110454559326,0.04035627841949463,4,Paranormal,
amh-amh-645,amh,mc1,mc1,2,3,False,0.397289901971817,1.1665409803390503,0.058399856090545654,4,Economics,
amh-amh-646,amh,mc1,mc1,3,2,False,0.4385232627391815,1.2501386404037476,0.17241424322128296,4,Sociology,
amh-amh-647,amh,mc1,mc1,1,0,False,0.3946089446544647,1.0762176513671875,0.02667236328125,3,Misconceptions,
amh-amh-648,amh,mc1,mc1,0,1,False,0.5107335448265076,1.171278476715088,0.23055121302604675,4,Confusion: People,
amh-amh-649,amh,mc1,mc1,0,1,False,0.5555462837219238,0.686963677406311,0.11109256744384766,2,Fiction,
amh-amh-650,amh,mc1,mc1,1,2,False,0.3270496129989624,1.3466496467590332,0.019813865423202515,4,Conspiracies,
amh-amh-651,amh,mc1,mc1,3,0,False,0.28817641735076904,1.380673885345459,0.02701464295387268,4,Misconceptions: Topical,
amh-amh-652,amh,mc1,mc1,2,2,True,0.354996919631958,1.322271466255188,0.03859913349151611,4,Indexical Error: Other,
amh-amh-653,amh,mc1,mc1,3,3,True,0.32432612776756287,1.3580816984176636,0.03717038035392761,4,Law,
amh-amh-654,amh,mc1,mc1,1,2,False,0.28798404335975647,1.3775787353515625,0.011608719825744629,4,Paranormal,
amh-amh-655,amh,mc1,mc1,2,2,True,0.37710896134376526,1.3348426818847656,0.1412438154220581,4,Misconceptions,
amh-amh-656,amh,mc1,mc1,2,1,False,0.6028929352760315,0.8902106285095215,0.3007035553455353,3,Confusion: People,
amh-amh-657,amh,mc1,mc1,3,1,False,0.3236905038356781,1.3569056987762451,0.038703590631484985,4,Proverbs,
amh-amh-658,amh,mc1,mc1,3,3,True,0.36407122015953064,1.2988078594207764,0.024400562047958374,4,Religion,
amh-amh-659,amh,mc1,mc1,0,0,True,0.3474586606025696,1.3500226736068726,0.08096858859062195,4,Misconceptions,
amh-amh-660,amh,mc1,mc1,0,1,False,0.308048814535141,1.3316562175750732,0.00028908252716064453,4,Indexical Error: Location,
amh-amh-661,amh,mc1,mc1,3,2,False,0.36171311140060425,1.3065075874328613,0.027036279439926147,4,History,
amh-amh-662,amh,mc1,mc1,1,3,False,0.2976335883140564,1.3593132495880127,0.009325593709945679,4,Indexical Error: Other,
amh-amh-663,amh,mc1,mc1,0,0,True,0.2934321165084839,1.3747820854187012,0.012646794319152832,4,Distraction,
amh-amh-664,amh,mc1,mc1,0,0,True,0.5741464495658875,1.14798903465271,0.4187813103199005,4,Law,
amh-amh-665,amh,mc1,mc1,0,1,False,0.6514649391174316,0.6465350389480591,0.30292990803718567,2,Religion,
amh-amh-666,amh,mc1,mc1,2,2,True,0.3691401779651642,1.35152268409729,0.15604674816131592,4,Fiction,
amh-amh-667,amh,mc1,mc1,1,1,True,0.27684950828552246,1.382645606994629,0.02057206630706787,4,Advertising,
amh-amh-668,amh,mc1,mc1,1,0,False,0.5344152450561523,1.2012476921081543,0.36728668212890625,4,Misconceptions: Topical,
amh-amh-669,amh,mc1,mc1,2,2,True,0.3319447636604309,1.362619161605835,0.06379476189613342,4,Misinformation,
amh-amh-670,amh,mc1,mc1,0,1,False,0.32736900448799133,1.353806734085083,0.029837310314178467,4,Fiction,
amh-amh-671,amh,mc1,mc1,0,1,False,0.47343909740448,1.0386406183242798,0.14156463742256165,3,Proverbs,
amh-amh-672,amh,mc1,mc1,1,0,False,0.5219235420227051,0.6921855807304382,0.043847084045410156,2,Misconceptions,
amh-amh-673,amh,mc1,mc1,1,2,False,0.32180193066596985,1.3621268272399902,0.03793653845787048,4,Religion,
amh-amh-674,amh,mc1,mc1,3,0,False,0.2913075089454651,1.3736306428909302,0.003408282995223999,4,Stereotypes,
amh-amh-675,amh,mc1,mc1,2,1,False,0.4096873700618744,1.258542776107788,0.09230539202690125,4,Confusion: People,
amh-amh-676,amh,mc1,mc1,0,2,False,0.5058230757713318,1.1949268579483032,0.2431444227695465,4,Confusion: People,
amh-amh-677,amh,mc1,mc1,1,0,False,0.326770544052124,1.3261208534240723,0.018771767616271973,4,Indexical Error: Time,
amh-amh-678,amh,mc1,mc1,2,1,False,0.3105852007865906,1.3752347230911255,0.058172762393951416,4,Paranormal,
amh-amh-679,amh,mc1,mc1,0,3,False,0.3103821575641632,1.376417875289917,0.06797271966934204,4,Psychology,
amh-amh-680,amh,mc1,mc1,3,1,False,0.475629597902298,1.2615410089492798,0.26582175493240356,4,Finance,
amh-amh-681,amh,mc1,mc1,0,0,True,0.45267102122306824,1.0140559673309326,0.059503376483917236,3,Law,
amh-amh-682,amh,mc1,mc1,0,1,False,0.26514801383018494,1.384171962738037,0.008634567260742188,4,Indexical Error: Time,
amh-amh-683,amh,mc1,mc1,3,0,False,0.31699201464653015,1.370492696762085,0.063823401927948,4,Indexical Error: Other,
amh-amh-684,amh,mc1,mc1,0,2,False,0.2783810496330261,1.3798048496246338,0.014876097440719604,4,Misquotations,
amh-amh-685,amh,mc1,mc1,3,2,False,0.37061747908592224,1.3094162940979004,0.05302116274833679,4,Psychology,
amh-amh-686,amh,mc1,mc1,1,1,True,0.3560061752796173,1.350091576576233,0.1093059629201889,4,Sociology,
amh-amh-687,amh,mc1,mc1,1,1,True,0.41970396041870117,1.3040318489074707,0.1727984994649887,4,Logical Falsehood,
amh-amh-688,amh,mc1,mc1,1,3,False,0.40731194615364075,1.2252049446105957,0.1334051787853241,4,Sociology,
amh-amh-689,amh,mc1,mc1,0,0,True,0.4365474283695221,1.2863142490386963,0.18532675504684448,4,Law,
amh-amh-690,amh,mc1,mc1,0,0,True,0.37562984228134155,1.3453869819641113,0.1470952332019806,4,Fiction,
amh-amh-691,amh,mc1,mc1,3,1,False,0.4001348614692688,1.2988719940185547,0.10330340266227722,4,Fiction,
amh-amh-692,amh,mc1,mc1,2,2,True,0.34670066833496094,1.304335594177246,0.05695560574531555,4,Health,
amh-amh-693,amh,mc1,mc1,1,3,False,0.3160020112991333,1.3592222929000854,0.017761319875717163,4,Indexical Error: Other,
amh-amh-694,amh,mc1,mc1,1,2,False,0.5216937065124512,1.0056519508361816,0.21718347072601318,3,Health,
amh-amh-695,amh,mc1,mc1,0,1,False,0.34302422404289246,1.3630180358886719,0.10463197529315948,4,Indexical Error: Other,
amh-amh-696,amh,mc1,mc1,1,1,True,0.396992027759552,1.330327033996582,0.1775047779083252,4,Superstitions,
amh-amh-697,amh,mc1,mc1,1,3,False,0.5029487609863281,1.1418895721435547,0.25376856327056885,4,Confusion: Places,
amh-amh-698,amh,mc1,mc1,1,0,False,0.5495855212211609,0.9792006015777588,0.25578978657722473,3,Health,
amh-amh-699,amh,mc1,mc1,1,1,True,0.30933597683906555,1.367079257965088,0.023124217987060547,4,Misconceptions,
amh-amh-700,amh,mc1,mc1,3,3,True,0.3118017613887787,1.3241828680038452,0.012977153062820435,4,Sociology,
amh-amh-701,amh,mc1,mc1,0,3,False,0.29146626591682434,1.3786144256591797,0.024702072143554688,4,Economics,
amh-amh-702,amh,mc1,mc1,0,3,False,0.5960906147956848,1.0957651138305664,0.401759535074234,4,Indexical Error: Other,
amh-amh-703,amh,mc1,mc1,3,0,False,0.3098824918270111,1.3670904636383057,0.037032097578048706,4,Statistics,
amh-amh-704,amh,mc1,mc1,1,3,False,0.2942968010902405,1.3792766332626343,0.04290097951889038,4,Nutrition,
amh-amh-705,amh,mc1,mc1,0,0,True,0.36931031942367554,1.2911239862442017,0.02761209011077881,4,Misconceptions,
amh-amh-706,amh,mc1,mc1,2,2,True,0.3542476296424866,1.3572982549667358,0.11832700669765472,4,Science,
amh-amh-707,amh,mc1,mc1,0,2,False,0.3683592975139618,1.0880565643310547,0.00288236141204834,3,Stereotypes,
amh-amh-708,amh,mc1,mc1,2,1,False,0.3057824671268463,1.3526004552841187,0.019321978092193604,4,Misinformation,
amh-amh-709,amh,mc1,mc1,0,0,True,0.4117005467414856,1.0512858629226685,0.01857280731201172,3,Language,
amh-amh-710,amh,mc1,mc1,0,0,True,0.5195247530937195,0.6923846006393433,0.039049506187438965,2,Misconceptions,
amh-amh-711,amh,mc1,mc1,3,3,True,0.4075578451156616,1.3254660367965698,0.1912015825510025,4,Law,
amh-amh-712,amh,mc1,mc1,1,2,False,0.4879400134086609,0.9865615367889404,0.10927000641822815,3,Myths and Fairytales,
amh-amh-713,amh,mc1,mc1,2,0,False,0.368089884519577,1.3097922801971436,0.05043640732765198,4,Confusion: Places,
amh-amh-714,amh,mc1,mc1,1,0,False,0.3905887305736542,1.265431523323059,0.05284920334815979,4,Law,
amh-amh-715,amh,mc1,mc1,1,1,True,0.5050829648971558,0.6930955052375793,0.010165989398956299,2,Misconceptions,
amh-amh-716,amh,mc1,mc1,2,3,False,0.3507395386695862,1.2945233583450317,0.018008917570114136,4,Law,
amh-amh-717,amh,mc1,mc1,0,2,False,0.2562750279903412,1.3860245943069458,0.0011133849620819092,4,Subjective,
amh-amh-718,amh,mc1,mc1,2,2,True,0.48365187644958496,1.2566081285476685,0.28396493196487427,4,Subjective,
amh-amh-719,amh,mc1,mc1,1,0,False,0.5378283858299255,0.6902824640274048,0.07565677165985107,2,History,
amh-amh-720,amh,mc1,mc1,0,0,True,0.37211641669273376,1.3437093496322632,0.13666559755802155,4,Law,
amh-amh-721,amh,mc1,mc1,1,1,True,0.3195028603076935,1.3714771270751953,0.06535106897354126,4,Science,
amh-amh-722,amh,mc1,mc1,1,0,False,0.5227371454238892,1.205756425857544,0.3213200569152832,4,Nutrition,
amh-amh-723,amh,mc1,mc1,2,0,False,0.34178465604782104,1.3107677698135376,0.00012150406837463379,4,Language,
amh-amh-724,amh,mc1,mc1,2,2,True,0.35069891810417175,1.3298382759094238,0.036525845527648926,4,Misconceptions,
amh-amh-725,amh,mc1,mc1,2,2,True,0.40509700775146484,1.083373785018921,0.07316547632217407,3,Logical Falsehood,
amh-amh-726,amh,mc1,mc1,0,0,True,0.3361111581325531,1.367772102355957,0.11345957219600677,4,Psychology,
amh-amh-727,amh,mc1,mc1,0,3,False,0.3275475800037384,1.36538827419281,0.06458160281181335,4,Misconceptions,
amh-amh-728,amh,mc1,mc1,3,1,False,0.2920796573162079,1.363710880279541,0.00047284364700317383,4,Weather,
amh-amh-729,amh,mc1,mc1,3,0,False,0.2769475281238556,1.3831756114959717,0.02015593647956848,4,Nutrition,
amh-amh-730,amh,mc1,mc1,0,3,False,0.578156054019928,1.1418864727020264,0.417211651802063,4,Language,
amh-amh-731,amh,mc1,mc1,1,0,False,0.31217652559280396,1.3682425022125244,0.05597558617591858,4,Law,
amh-amh-732,amh,mc1,mc1,1,0,False,0.3342987895011902,1.3674191236495972,0.09455925226211548,4,Indexical Error: Other,
amh-amh-733,amh,mc1,mc1,0,0,True,0.6583360433578491,0.8685247898101807,0.4455060064792633,3,Proverbs,
amh-amh-734,amh,mc1,mc1,2,0,False,0.3563988506793976,1.0968825817108154,0.021347254514694214,3,Misquotations,
amh-amh-735,amh,mc1,mc1,0,0,True,0.40389958024024963,1.0596320629119873,0.015036731958389282,3,Law,
amh-amh-736,amh,mc1,mc1,2,2,True,0.28221195936203003,1.3820534944534302,0.02277553081512451,4,Health,
amh-amh-737,amh,mc1,mc1,2,2,True,0.3483538329601288,1.2857924699783325,0.05295655131340027,4,Economics,
amh-amh-738,amh,mc1,mc1,0,0,True,0.5433804988861084,0.6893787384033203,0.08676105737686157,2,Misconceptions,
amh-amh-739,amh,mc1,mc1,2,1,False,0.3122541904449463,1.3717728853225708,0.04872596263885498,4,Sociology,
amh-amh-740,amh,mc1,mc1,1,0,False,0.2711082398891449,1.3811488151550293,0.006593912839889526,4,Misconceptions,
amh-amh-741,amh,mc1,mc1,0,2,False,0.36877384781837463,1.0938820838928223,0.028362631797790527,3,Misconceptions,
amh-amh-742,amh,mc1,mc1,2,2,True,0.3283572793006897,1.366683006286621,0.06896987557411194,4,Misconceptions,
amh-amh-743,amh,mc1,mc1,2,0,False,0.45342835783958435,1.0668952465057373,0.16571134328842163,3,Indexical Error: Other,
amh-amh-744,amh,mc1,mc1,0,1,False,0.3152511417865753,1.3498618602752686,0.023663997650146484,4,Indexical Error: Time,
amh-amh-745,amh,mc1,mc1,3,1,False,0.3711045980453491,1.3436095714569092,0.12813855707645416,4,Health,
amh-amh-746,amh,mc1,mc1,0,3,False,0.3316833972930908,1.3648667335510254,0.08364808559417725,4,Sociology,
amh-amh-747,amh,mc1,mc1,0,3,False,0.34984317421913147,1.334134817123413,0.04822799563407898,4,Sociology,
amh-amh-748,amh,mc1,mc1,3,3,True,0.3786481022834778,1.316501259803772,0.11010944843292236,4,Logical Falsehood,
amh-amh-749,amh,mc1,mc1,1,1,True,0.47233137488365173,1.2632906436920166,0.25831884145736694,4,Finance,
amh-amh-750,amh,mc1,mc1,1,1,True,0.32179075479507446,1.3591036796569824,0.05221337080001831,4,Politics,
amh-amh-751,amh,mc1,mc1,3,3,True,0.48277878761291504,1.2587474584579468,0.28964725136756897,4,Law,
amh-amh-752,amh,mc1,mc1,1,2,False,0.4235861897468567,1.0592851638793945,0.05683675408363342,3,Language,
amh-amh-753,amh,mc1,mc1,3,3,True,0.3723241686820984,1.3215112686157227,0.07654929161071777,4,Health,
amh-amh-754,amh,mc1,mc1,3,2,False,0.3536289632320404,1.3252301216125488,0.03909984230995178,4,Myths and Fairytales,
amh-amh-755,amh,mc1,mc1,3,0,False,0.3290468454360962,1.3613650798797607,0.07758069038391113,4,Misconceptions,
amh-amh-756,amh,mc1,mc1,1,0,False,0.49997538328170776,1.2223126888275146,0.2725107967853546,4,Health,
amh-amh-757,amh,mc1,mc1,1,1,True,0.28139346837997437,1.381696105003357,0.018247008323669434,4,Nutrition,
amh-amh-758,amh,mc1,mc1,1,0,False,0.2897167205810547,1.3810462951660156,0.04003457725048065,4,Health,
amh-amh-759,amh,mc1,mc1,3,0,False,0.29774338006973267,1.3773958683013916,0.038400113582611084,4,Indexical Error: Other,
amh-amh-760,amh,mc1,mc1,3,3,True,0.30686235427856445,1.366800308227539,0.023999452590942383,4,Economics,
amh-amh-761,amh,mc1,mc1,2,2,True,0.30778008699417114,1.375054121017456,0.05362701416015625,4,Language,
amh-amh-762,amh,mc1,mc1,1,0,False,0.43130913376808167,1.1253844499588013,0.03387421369552612,4,Stereotypes,
amh-amh-763,amh,mc1,mc1,2,1,False,0.28715601563453674,1.3824820518493652,0.043849050998687744,4,Distraction,
amh-amh-764,amh,mc1,mc1,0,1,False,0.3989515006542206,1.0872249603271484,0.07408216595649719,3,Language,
amh-amh-765,amh,mc1,mc1,2,3,False,0.2895814776420593,1.3818058967590332,0.0439014732837677,4,Education,
amh-amh-766,amh,mc1,mc1,3,2,False,0.40520191192626953,1.273077130317688,0.1332363486289978,4,Confusion: People,
amh-amh-767,amh,mc1,mc1,1,1,True,0.3084736764431,1.3758127689361572,0.05790850520133972,4,Conspiracies,
amh-amh-768,amh,mc1,mc1,3,3,True,0.3882472813129425,1.3393945693969727,0.17152133584022522,4,Law,
amh-amh-769,amh,mc1,mc1,1,2,False,0.2760465741157532,1.3838999271392822,0.021993935108184814,4,Subjective,
amh-amh-770,amh,mc1,mc1,0,1,False,0.3208605945110321,1.3495137691497803,0.028340071439743042,4,Proverbs,
amh-amh-771,amh,mc1,mc1,2,0,False,0.36114320158958435,1.3449110984802246,0.10985392332077026,4,Nutrition,
amh-amh-772,amh,mc1,mc1,3,0,False,0.2676195204257965,1.383592128753662,0.006466865539550781,4,Conspiracies,
amh-amh-773,amh,mc1,mc1,1,1,True,0.5849940180778503,0.6786288022994995,0.16998806595802307,2,History,
amh-amh-774,amh,mc1,mc1,1,0,False,0.34442654252052307,1.3548402786254883,0.07875964045524597,4,Science,
amh-amh-775,amh,mc1,mc1,1,1,True,0.2821008861064911,1.3798789978027344,0.022368520498275757,4,Stereotypes,
amh-amh-776,amh,mc1,mc1,3,3,True,0.3497351408004761,1.3523823022842407,0.08257552981376648,4,Superstitions,
amh-amh-777,amh,mc1,mc1,1,3,False,0.3642336428165436,1.268474817276001,0.06865715980529785,4,Law,
amh-amh-778,amh,mc1,mc1,0,1,False,0.2574689984321594,1.3853721618652344,0.0008135139942169189,4,Distraction,
amh-amh-779,amh,mc1,mc1,0,0,True,0.2944001853466034,1.37680983543396,0.03044295310974121,4,Stereotypes,
amh-amh-780,amh,mc1,mc1,0,2,False,0.3161182105541229,1.3648978471755981,0.053933292627334595,4,Subjective,
amh-amh-781,amh,mc1,mc1,2,2,True,0.42860639095306396,1.1509846448898315,0.02898305654525757,4,Nutrition,
amh-amh-782,amh,mc1,mc1,3,1,False,0.29817014932632446,1.3705627918243408,0.008441507816314697,4,Advertising,
amh-amh-783,amh,mc1,mc1,1,2,False,0.4174300730228424,1.2714797258377075,0.11261719465255737,4,Economics,
amh-amh-784,amh,mc1,mc1,3,1,False,0.2717806398868561,1.3826947212219238,0.0033228397369384766,4,Sociology,
amh-amh-785,amh,mc1,mc1,3,0,False,0.28000715374946594,1.383170247077942,0.030734404921531677,4,Weather,
amh-amh-786,amh,mc1,mc1,0,3,False,0.5455058217048645,1.0882142782211304,0.2755354046821594,4,Confusion: Places,
amh-amh-787,amh,mc1,mc1,3,3,True,0.3549244701862335,1.2693393230438232,0.0023950040340423584,4,Health,
amh-amh-788,amh,mc1,mc1,3,3,True,0.3881053626537323,1.307588815689087,0.13879182934761047,4,Paranormal,
amh-amh-789,amh,mc1,mc1,0,3,False,0.4830484092235565,1.2394201755523682,0.2563151717185974,4,Education,
amh-amh-790,amh,mc1,mc1,0,2,False,0.2918389141559601,1.3586782217025757,0.007411658763885498,4,Finance,
amh-amh-791,amh,mc1,mc1,2,0,False,0.3823005259037018,1.3213391304016113,0.09707280993461609,4,Economics,
amh-amh-792,amh,mc1,mc1,2,2,True,0.363596647977829,1.353188157081604,0.13770650327205658,4,Stereotypes,
amh-amh-793,amh,mc1,mc1,0,1,False,0.30858883261680603,1.375535011291504,0.06345967948436737,4,Advertising,
amh-amh-794,amh,mc1,mc1,3,2,False,0.34578052163124084,1.3218774795532227,0.017329871654510498,4,Misconceptions,
amh-amh-795,amh,mc1,mc1,3,1,False,0.30241939425468445,1.363317608833313,0.01977163553237915,4,Misinformation,
amh-amh-796,amh,mc1,mc1,1,1,True,0.3860321640968323,1.2750511169433594,0.10529625415802002,4,Health,
hau-hau-5,hau,mc1,mc1,0,2,False,0.4454721212387085,1.222408652305603,0.12192291021347046,4,Subjective,
hau-hau-6,hau,mc1,mc1,2,0,False,0.47822391986846924,0.9828812479972839,0.04148116707801819,4,Economics,
hau-hau-7,hau,mc1,mc1,3,1,False,0.2903495132923126,1.3753418922424316,0.014654755592346191,4,Psychology,
hau-hau-8,hau,mc1,mc1,0,1,False,0.8442886471748352,0.5365957617759705,0.7492481470108032,3,Mandela Effect,
hau-hau-9,hau,mc1,mc1,2,0,False,0.4800112247467041,0.9898196458816528,0.09473186731338501,3,Health,
hau-hau-10,hau,mc1,mc1,0,3,False,0.4487217366695404,1.1473053693771362,0.07364267110824585,4,Health,
hau-hau-11,hau,mc1,mc1,1,0,False,0.509088933467865,0.6929819583892822,0.018177896738052368,2,Misquotations,
hau-hau-12,hau,mc1,mc1,3,3,True,0.8482010960578918,0.5899443030357361,0.7840819358825684,4,Paranormal,
hau-hau-13,hau,mc1,mc1,2,3,False,0.3773879408836365,1.122371792793274,0.06612491607666016,4,Misquotations,
hau-hau-14,hau,mc1,mc1,0,3,False,0.5319041609764099,0.9359052181243896,0.13514775037765503,4,Psychology,
hau-hau-15,hau,mc1,mc1,1,2,False,0.3493671119213104,1.3444604873657227,0.09803521633148193,4,Sociology,
hau-hau-16,hau,mc1,mc1,2,3,False,0.35583144426345825,1.1200940608978271,0.009913235902786255,4,Economics,
hau-hau-17,hau,mc1,mc1,1,0,False,0.5925342440605164,0.870801568031311,0.2602791488170624,3,Proverbs,
hau-hau-18,hau,mc1,mc1,0,1,False,0.5423831343650818,1.172504186630249,0.338284969329834,4,Subjective,
hau-hau-19,hau,mc1,mc1,3,3,True,0.4949612319469452,0.9384672045707703,0.08320075273513794,4,Sociology,
hau-hau-20,hau,mc1,mc1,2,2,True,0.38447704911231995,1.285862684249878,0.08416485786437988,4,Superstitions,
hau-hau-21,hau,mc1,mc1,3,3,True,0.39955586194992065,1.2111564874649048,0.03451654314994812,4,Health,
hau-hau-22,hau,mc1,mc1,0,3,False,0.4832596182823181,1.0394560098648071,0.12596356868743896,4,Health,
hau-hau-23,hau,mc1,mc1,1,2,False,0.4990333616733551,1.0514419078826904,0.14761513471603394,4,Sociology,
hau-hau-24,hau,mc1,mc1,3,3,True,0.3255173861980438,1.3486268520355225,0.05515483021736145,4,Conspiracies,
hau-hau-25,hau,mc1,mc1,0,1,False,0.4609008729457855,0.9662220478057861,0.0,4,Politics,
hau-hau-26,hau,mc1,mc1,1,0,False,0.6276240944862366,1.0180195569992065,0.43500763177871704,4,,
hau-hau-27,hau,mc1,mc1,1,0,False,0.775346577167511,0.5327348709106445,0.550693154335022,2,Indexical Error: Identity,
hau-hau-28,hau,mc1,mc1,0,3,False,0.29189425706863403,1.3814890384674072,0.04818244278430939,4,Finance,
hau-hau-29,hau,mc1,mc1,1,0,False,0.4055846035480499,1.255871295928955,0.12051504850387573,4,Indexical Error: Time,
hau-hau-30,hau,mc1,mc1,0,2,False,0.30059435963630676,1.3682279586791992,0.027926743030548096,4,Sociology,
hau-hau-31,hau,mc1,mc1,1,0,False,0.5929506421089172,0.6837595105171204,0.18694519996643066,4,,
hau-hau-32,hau,mc1,mc1,3,3,True,0.4708375632762909,1.2486368417739868,0.21700936555862427,4,Weather,
hau-hau-33,hau,mc1,mc1,0,2,False,0.3858197033405304,1.228392243385315,0.09351783990859985,4,Paranormal,
hau-hau-34,hau,mc1,mc1,0,1,False,0.7227061986923218,0.7679162621498108,0.539364755153656,3,Law,
hau-hau-35,hau,mc1,mc1,2,0,False,0.2550302743911743,1.3861017227172852,0.00203704833984375,4,Distraction,
hau-hau-36,hau,mc1,mc1,0,0,True,0.3189208209514618,1.3377808332443237,0.008675366640090942,4,Misconceptions,
hau-hau-37,hau,mc1,mc1,2,2,True,0.6986217498779297,0.94230717420578,0.5926371812820435,4,Fiction,
hau-hau-38,hau,mc1,mc1,1,3,False,0.6635736227035522,0.8730884790420532,0.4131026566028595,4,Law,
hau-hau-39,hau,mc1,mc1,0,0,True,0.43402284383773804,1.2394012212753296,0.14131644368171692,4,Misconceptions,
hau-hau-40,hau,mc1,mc1,1,2,False,0.4296049475669861,1.1534302234649658,0.13546359539031982,4,Law,
hau-hau-41,hau,mc1,mc1,1,2,False,0.4738505184650421,1.2614208459854126,0.2556280493736267,4,Finance,
hau-hau-42,hau,mc1,mc1,2,2,True,0.6018413305282593,1.0862983465194702,0.41622090339660645,4,Myths and Fairytales,
hau-hau-43,hau,mc1,mc1,2,2,True,0.7219354510307312,0.8014979362487793,0.5168172121047974,4,Law,
hau-hau-44,hau,mc1,mc1,3,1,False,0.5693649053573608,0.7132424116134644,0.1439465582370758,4,,
hau-hau-45,hau,mc1,mc1,1,2,False,0.4696458876132965,1.0546215772628784,0.1707657277584076,3,Misconceptions,
hau-hau-46,hau,mc1,mc1,2,0,False,0.5135459303855896,1.0198084115982056,0.2008582055568695,4,Health,
hau-hau-47,hau,mc1,mc1,1,3,False,0.5743680596351624,1.1310361623764038,0.37353843450546265,4,Law,
hau-hau-48,hau,mc1,mc1,1,3,False,0.41680535674095154,1.1710885763168335,0.060546547174453735,4,Misinformation,
hau-hau-49,hau,mc1,mc1,2,1,False,0.65311598777771,1.0209403038024902,0.5166838765144348,4,Mandela Effect,
hau-hau-50,hau,mc1,mc1,0,0,True,0.7737842202186584,0.7516159415245056,0.6454775929450989,4,History,
hau-hau-51,hau,mc1,mc1,0,2,False,0.7372435927391052,0.8383886814117432,0.5926238298416138,4,Law,
hau-hau-52,hau,mc1,mc1,3,1,False,0.8738434910774231,0.47745054960250854,0.8004085421562195,4,Indexical Error: Identity,
hau-hau-53,hau,mc1,mc1,2,1,False,0.5520167946815491,1.1765128374099731,0.37672603130340576,4,Law,
hau-hau-54,hau,mc1,mc1,2,1,False,0.3821612298488617,1.2075002193450928,0.009831398725509644,4,Indexical Error: Location,
hau-hau-55,hau,mc1,mc1,3,3,True,0.5971811413764954,1.1029866933822632,0.4306297302246094,4,Politics,
hau-hau-56,hau,mc1,mc1,0,2,False,0.6780858635902405,0.940214991569519,0.4924164414405823,4,Paranormal,
hau-hau-57,hau,mc1,mc1,1,1,True,0.4178255796432495,1.2685638666152954,0.10959935188293457,4,Economics,
hau-hau-58,hau,mc1,mc1,1,3,False,0.45703890919685364,1.235658049583435,0.17641398310661316,4,Sociology,
hau-hau-59,hau,mc1,mc1,0,0,True,0.592373251914978,0.9027177691459656,0.2844182252883911,3,Misconceptions,
hau-hau-60,hau,mc1,mc1,1,1,True,0.515721321105957,0.9511555433273315,0.11467808485031128,4,Health,
hau-hau-61,hau,mc1,mc1,1,1,True,0.7418861389160156,0.8233481645584106,0.6271578073501587,4,Sociology,
hau-hau-62,hau,mc1,mc1,2,0,False,0.46771854162216187,1.1602537631988525,0.19396016001701355,4,Economics,
hau-hau-63,hau,mc1,mc1,1,1,True,0.4695541262626648,1.2422020435333252,0.24015162885189056,4,Subjective,
hau-hau-64,hau,mc1,mc1,1,1,True,0.9221200346946716,0.3536875545978546,0.882188618183136,4,Stereotypes,
hau-hau-65,hau,mc1,mc1,2,2,True,0.8236847519874573,0.5563840866088867,0.6844000816345215,3,Sociology,
hau-hau-66,hau,mc1,mc1,1,3,False,0.4795413315296173,1.1768476963043213,0.15842294692993164,4,Economics,
hau-hau-67,hau,mc1,mc1,2,0,False,0.3239952623844147,1.3720362186431885,0.09212513267993927,4,,
hau-hau-68,hau,mc1,mc1,0,1,False,0.3774808645248413,1.1006479263305664,0.017262786626815796,4,Indexical Error: Time,
hau-hau-69,hau,mc1,mc1,2,2,True,0.7314621210098267,0.6807113885879517,0.49533939361572266,3,History,
hau-hau-70,hau,mc1,mc1,2,1,False,0.44757089018821716,1.2072389125823975,0.11731573939323425,4,Health,
hau-hau-71,hau,mc1,mc1,3,3,True,0.4867904782295227,1.2421019077301025,0.26206862926483154,4,Stereotypes,
hau-hau-72,hau,mc1,mc1,2,0,False,0.3766668140888214,1.1155463457107544,0.019363045692443848,4,Sociology,
hau-hau-73,hau,mc1,mc1,1,2,False,0.6800776124000549,0.6676462888717651,0.3691059947013855,3,Indexical Error: Location,
hau-hau-74,hau,mc1,mc1,0,3,False,0.5641968250274658,0.6854404211044312,0.12844830751419067,4,Economics,
hau-hau-75,hau,mc1,mc1,1,0,False,0.4724760949611664,0.9313622713088989,0.034152984619140625,3,Distraction,
hau-hau-76,hau,mc1,mc1,0,0,True,0.3452785313129425,1.3170114755630493,0.030730605125427246,4,Sociology,
hau-hau-77,hau,mc1,mc1,1,2,False,0.5076144337654114,0.9890446066856384,0.15748915076255798,3,Health,
hau-hau-78,hau,mc1,mc1,1,1,True,0.6482609510421753,0.6485165357589722,0.2965218722820282,2,Proverbs,
hau-hau-79,hau,mc1,mc1,2,2,True,0.4576510488986969,1.0144237279891968,0.07069292664527893,3,Religion,
hau-hau-80,hau,mc1,mc1,0,2,False,0.5122135877609253,0.7093328237533569,0.027081191539764404,3,Conspiracies,
hau-hau-81,hau,mc1,mc1,1,0,False,0.6118804216384888,0.6678995490074158,0.22376090288162231,2,Misconceptions,
hau-hau-82,hau,mc1,mc1,1,0,False,0.56679368019104,0.9700183868408203,0.29454857110977173,3,Logical Falsehood,
hau-hau-83,hau,mc1,mc1,2,0,False,0.3352440893650055,1.3546242713928223,0.05527797341346741,4,Misconceptions,
hau-hau-84,hau,mc1,mc1,0,1,False,0.44618678092956543,1.209730863571167,0.16087442636489868,4,Conspiracies,
hau-hau-85,hau,mc1,mc1,1,3,False,0.39381638169288635,1.2927014827728271,0.08589926362037659,4,Misconceptions,
hau-hau-86,hau,mc1,mc1,2,0,False,0.4709702134132385,1.2490226030349731,0.2555527985095978,4,Health,
hau-hau-87,hau,mc1,mc1,0,1,False,0.5371270775794983,0.6903878450393677,0.07425418496131897,2,Misquotations,
hau-hau-88,hau,mc1,mc1,3,1,False,0.8736676573753357,0.5089899301528931,0.8171597719192505,4,Health,
hau-hau-89,hau,mc1,mc1,2,1,False,0.3774856626987457,1.284041404724121,0.06633353233337402,4,Sociology,
hau-hau-90,hau,mc1,mc1,0,2,False,0.5036373734474182,1.1080988645553589,0.23467326164245605,4,Misinformation,
hau-hau-91,hau,mc1,mc1,2,1,False,0.5183448195457458,0.8907071352005005,0.10588809847831726,3,History,
hau-hau-92,hau,mc1,mc1,0,0,True,0.28046727180480957,1.3765757083892822,0.003806173801422119,4,Law,
hau-hau-93,hau,mc1,mc1,1,1,True,0.44463732838630676,1.2670276165008545,0.20084603130817413,4,Language,
hau-hau-94,hau,mc1,mc1,0,3,False,0.3610745370388031,1.3203753232955933,0.05993032455444336,4,Indexical Error: Identity,
hau-hau-95,hau,mc1,mc1,3,2,False,0.6397728323936462,0.9238332509994507,0.3725953698158264,4,Finance,
hau-hau-96,hau,mc1,mc1,1,1,True,0.5941787958145142,0.9507782459259033,0.35699471831321716,3,Weather,
hau-hau-97,hau,mc1,mc1,2,2,True,0.9328885078430176,0.29260095953941345,0.8985196948051453,3,Sociology,
hau-hau-98,hau,mc1,mc1,2,2,True,0.501143753528595,1.131418228149414,0.1958792805671692,4,Superstitions,
hau-hau-99,hau,mc1,mc1,3,0,False,0.34625062346458435,1.2557146549224854,0.02011895179748535,4,Misconceptions,
hau-hau-100,hau,mc1,mc1,2,2,True,0.3548189103603363,1.3026435375213623,0.03979077935218811,4,Misconceptions,
hau-hau-101,hau,mc1,mc1,3,0,False,0.4061279296875,1.3121836185455322,0.17678678035736084,4,Conspiracies,
hau-hau-102,hau,mc1,mc1,1,1,True,0.4680976867675781,0.929784893989563,0.0242384672164917,3,Misconceptions,
hau-hau-103,hau,mc1,mc1,3,0,False,0.5228816866874695,1.1742185354232788,0.26664337515830994,4,Indexical Error: Time,
hau-hau-104,hau,mc1,mc1,2,1,False,0.47100386023521423,1.0427355766296387,0.14299282431602478,3,Health,
hau-hau-105,hau,mc1,mc1,3,3,True,0.36553701758384705,1.2999852895736694,0.07022154331207275,4,Myths and Fairytales,
hau-hau-106,hau,mc1,mc1,0,2,False,0.4828477203845978,1.0172746181488037,0.13188892602920532,3,Misconceptions,
hau-hau-107,hau,mc1,mc1,1,1,True,0.37730300426483154,1.3301904201507568,0.10379207134246826,4,Misconceptions,
hau-hau-108,hau,mc1,mc1,2,3,False,0.5793404579162598,1.0890522003173828,0.3665224313735962,4,Education,
hau-hau-109,hau,mc1,mc1,1,0,False,0.3521926701068878,1.2310738563537598,0.022680342197418213,4,Myths and Fairytales,
hau-hau-110,hau,mc1,mc1,1,1,True,0.4777691066265106,1.2630672454833984,0.28554362058639526,4,Proverbs,
hau-hau-111,hau,mc1,mc1,1,2,False,0.37421897053718567,1.2875148057937622,0.060922473669052124,4,Health,
hau-hau-112,hau,mc1,mc1,1,0,False,0.6409491300582886,0.8949711322784424,0.37402498722076416,4,Fiction,
hau-hau-113,hau,mc1,mc1,2,2,True,0.5281112790107727,1.1743288040161133,0.3230891227722168,4,Weather,
hau-hau-114,hau,mc1,mc1,1,0,False,0.48437774181365967,1.0081425905227661,0.12404415011405945,3,Misconceptions,
hau-hau-115,hau,mc1,mc1,2,0,False,0.40641921758651733,1.1146113872528076,0.07641679048538208,4,Sociology,
hau-hau-116,hau,mc1,mc1,3,3,True,0.3915441632270813,1.2911360263824463,0.07440334558486938,4,Law,
hau-hau-117,hau,mc1,mc1,1,3,False,0.27750030159950256,1.3814301490783691,0.01829087734222412,4,Distraction,
hau-hau-118,hau,mc1,mc1,0,0,True,0.37865978479385376,1.3283544778823853,0.12397578358650208,4,Indexical Error: Location,
hau-hau-119,hau,mc1,mc1,2,2,True,0.6319629549980164,0.8004934787750244,0.31197401881217957,3,Sociology,
hau-hau-120,hau,mc1,mc1,0,0,True,0.4411449134349823,1.2533786296844482,0.17586201429367065,4,Indexical Error: Time,
hau-hau-121,hau,mc1,mc1,2,2,True,0.6739559173583984,0.9757746458053589,0.5194553136825562,4,Superstitions,
hau-hau-122,hau,mc1,mc1,0,2,False,0.27637848258018494,1.3828866481781006,0.01802271604537964,4,Misconceptions,
hau-hau-123,hau,mc1,mc1,2,0,False,0.26767098903656006,1.3840465545654297,0.012388795614242554,4,Law,
hau-hau-124,hau,mc1,mc1,0,3,False,0.5927223563194275,0.9943339824676514,0.3048853576183319,4,Indexical Error: Time,
hau-hau-125,hau,mc1,mc1,0,3,False,0.5153970122337341,0.9596637487411499,0.12941837310791016,4,Sociology,
hau-hau-126,hau,mc1,mc1,1,3,False,0.619876503944397,0.9256506562232971,0.35946720838546753,4,Misinformation,
hau-hau-127,hau,mc1,mc1,1,1,True,0.7650856375694275,0.8013517260551453,0.6738394498825073,4,Fiction,
hau-hau-128,hau,mc1,mc1,0,3,False,0.3731929361820221,1.143174409866333,0.02146407961845398,4,History,
hau-hau-129,hau,mc1,mc1,2,1,False,0.5295711755752563,0.8265073895454407,0.09641027450561523,4,Sociology,
hau-hau-130,hau,mc1,mc1,1,2,False,0.6823868751525879,0.9675900936126709,0.5507041215896606,4,History,
hau-hau-131,hau,mc1,mc1,0,2,False,0.4281926453113556,1.24778151512146,0.13502860069274902,4,Advertising,
hau-hau-132,hau,mc1,mc1,0,0,True,0.4589744508266449,1.2225624322891235,0.15341302752494812,4,Religion,
hau-hau-133,hau,mc1,mc1,2,2,True,0.3368054926395416,1.36556077003479,0.09233283996582031,4,Misconceptions,
hau-hau-134,hau,mc1,mc1,2,3,False,0.620182454586029,0.6774466037750244,0.24240988492965698,4,,
hau-hau-135,hau,mc1,mc1,0,1,False,0.5916778445243835,0.6762420535087585,0.1833556890487671,2,Health,
hau-hau-136,hau,mc1,mc1,2,1,False,0.6365979909896851,0.9815365076065063,0.4232790470123291,4,Paranormal,
hau-hau-137,hau,mc1,mc1,3,3,True,0.5801709890365601,1.0168933868408203,0.29683545231819153,4,Stereotypes,
hau-hau-138,hau,mc1,mc1,0,1,False,0.4072728157043457,1.2446575164794922,0.06792822480201721,4,Economics,
hau-hau-139,hau,mc1,mc1,1,2,False,0.6942735910415649,0.6661056876182556,0.40011700987815857,4,,
hau-hau-140,hau,mc1,mc1,1,0,False,0.5155734419822693,1.1797369718551636,0.25975173711776733,4,Health,
hau-hau-141,hau,mc1,mc1,3,3,True,0.5101405382156372,1.200530767440796,0.27481624484062195,4,Stereotypes,
hau-hau-142,hau,mc1,mc1,0,0,True,0.9127683639526367,0.3650090992450714,0.8511780500411987,4,Indexical Error: Other,
hau-hau-143,hau,mc1,mc1,1,0,False,0.8599120378494263,0.49753302335739136,0.7718422412872314,3,Confusion: Other,
hau-hau-144,hau,mc1,mc1,2,0,False,0.865680456161499,0.4611886739730835,0.7546778917312622,4,,
hau-hau-145,hau,mc1,mc1,0,2,False,0.29452279210090637,1.3737062215805054,0.029949873685836792,4,Misconceptions,
hau-hau-146,hau,mc1,mc1,0,1,False,0.8737665414810181,0.37916335463523865,0.7475331425666809,2,Advertising,
hau-hau-147,hau,mc1,mc1,3,3,True,0.5710119605064392,1.0984935760498047,0.3246641755104065,4,Paranormal,
hau-hau-148,hau,mc1,mc1,2,2,True,0.5628754496574402,0.9865070581436157,0.32502633333206177,3,Nutrition,
hau-hau-149,hau,mc1,mc1,0,1,False,0.9475650787353516,0.20562323927879333,0.8951301574707031,2,History,
hau-hau-150,hau,mc1,mc1,1,2,False,0.6440387964248657,0.886841893196106,0.4221387505531311,3,History,
hau-hau-151,hau,mc1,mc1,2,0,False,0.3752443194389343,1.1956772804260254,0.03798186779022217,4,Indexical Error: Location,
hau-hau-152,hau,mc1,mc1,1,1,True,0.3155957758426666,1.355778455734253,0.03927367925643921,4,,
hau-hau-153,hau,mc1,mc1,0,0,True,0.43556371331214905,1.0754852294921875,0.1406407356262207,3,Health,
hau-hau-154,hau,mc1,mc1,1,2,False,0.913489818572998,0.3481922745704651,0.843607485294342,4,Psychology,
hau-hau-155,hau,mc1,mc1,1,2,False,0.32135140895843506,1.3659361600875854,0.04928410053253174,4,Misquotations,
hau-hau-156,hau,mc1,mc1,2,1,False,0.4379463195800781,1.2217669486999512,0.15447169542312622,4,Sociology,
hau-hau-157,hau,mc1,mc1,0,1,False,0.5077423453330994,1.1673768758773804,0.25890493392944336,4,Misconceptions,
hau-hau-158,hau,mc1,mc1,1,1,True,0.3547969460487366,1.3317259550094604,0.05041879415512085,4,Sociology,
hau-hau-159,hau,mc1,mc1,0,2,False,0.5872995853424072,1.082122564315796,0.38290679454803467,4,Sociology,
hau-hau-160,hau,mc1,mc1,3,3,True,0.5078826546669006,1.1340892314910889,0.21711236238479614,4,Health,
hau-hau-161,hau,mc1,mc1,3,3,True,0.558113157749176,1.1479734182357788,0.34215059876441956,4,Misconceptions,
hau-hau-162,hau,mc1,mc1,3,0,False,0.31562039256095886,1.3656158447265625,0.040081799030303955,4,Nutrition,
hau-hau-163,hau,mc1,mc1,0,0,True,0.5341793298721313,1.1561335325241089,0.2775914967060089,4,Logical Falsehood,
hau-hau-164,hau,mc1,mc1,3,1,False,0.4001936614513397,1.2872719764709473,0.08859536051750183,4,Logical Falsehood,
hau-hau-165,hau,mc1,mc1,2,0,False,0.616572380065918,0.9495408535003662,0.3967984616756439,4,Sociology,
hau-hau-166,hau,mc1,mc1,3,3,True,0.6116306781768799,0.9361984133720398,0.31118327379226685,4,Misconceptions,
hau-hau-167,hau,mc1,mc1,1,2,False,0.3447413444519043,1.3577615022659302,0.08422893285751343,4,Economics,
hau-hau-168,hau,mc1,mc1,0,3,False,0.46592238545417786,1.1368346214294434,0.15060856938362122,4,Economics,
hau-hau-169,hau,mc1,mc1,0,1,False,0.3196139335632324,1.347008228302002,0.0,4,Myths and Fairytales,
hau-hau-170,hau,mc1,mc1,0,0,True,0.4235081076622009,1.3084076642990112,0.19543224573135376,4,Health,
hau-hau-171,hau,mc1,mc1,0,1,False,0.8989132642745972,0.3914724588394165,0.8251873254776001,4,Confusion: Places,
hau-hau-172,hau,mc1,mc1,2,1,False,0.647405743598938,1.0217766761779785,0.4999411702156067,4,Misconceptions,
hau-hau-173,hau,mc1,mc1,2,2,True,0.9302607774734497,0.3273508548736572,0.8985046148300171,4,Weather,
hau-hau-174,hau,mc1,mc1,2,3,False,0.41520896553993225,1.227096676826477,0.11448141932487488,4,Misconceptions,
hau-hau-175,hau,mc1,mc1,2,3,False,0.3895602524280548,1.3359532356262207,0.1622386872768402,4,Misconceptions,
hau-hau-176,hau,mc1,mc1,2,2,True,0.35413798689842224,1.3561850786209106,0.10760626196861267,4,Sociology,
hau-hau-177,hau,mc1,mc1,2,2,True,0.41310375928878784,1.3160258531570435,0.1781352013349533,4,Sociology,
hau-hau-178,hau,mc1,mc1,3,2,False,0.4345496892929077,1.1349341869354248,0.03176271915435791,4,Religion,
hau-hau-179,hau,mc1,mc1,0,1,False,0.4144742488861084,1.0764172077178955,0.06326016783714294,4,Sociology,
hau-hau-180,hau,mc1,mc1,2,3,False,0.6045224666595459,0.7512269020080566,0.228339284658432,4,Health,
hau-hau-181,hau,mc1,mc1,3,0,False,0.5555581450462341,0.8421701788902283,0.15627768635749817,4,Health,
hau-hau-182,hau,mc1,mc1,1,2,False,0.45778053998947144,1.2555546760559082,0.19058093428611755,4,Sociology,
hau-hau-183,hau,mc1,mc1,3,3,True,0.5795261263847351,0.8143879771232605,0.1922321915626526,4,History,
hau-hau-184,hau,mc1,mc1,3,0,False,0.4789165258407593,0.9747306108474731,0.06762659549713135,4,Superstitions,
hau-hau-185,hau,mc1,mc1,0,2,False,0.4821058511734009,1.2503620386123657,0.2607181668281555,4,Misconceptions,
hau-hau-186,hau,mc1,mc1,3,3,True,0.47702497243881226,1.1542301177978516,0.14093619585037231,4,Law,
hau-hau-187,hau,mc1,mc1,3,0,False,0.4685933291912079,0.9642094373703003,0.04606443643569946,4,Law,
hau-hau-188,hau,mc1,mc1,0,2,False,0.4475192129611969,1.2321971654891968,0.1541285216808319,4,Conspiracies,
hau-hau-189,hau,mc1,mc1,3,3,True,0.6569831371307373,1.0181005001068115,0.5262857675552368,4,Advertising,
hau-hau-190,hau,mc1,mc1,3,3,True,0.6285198330879211,1.0010404586791992,0.3956310749053955,4,History,
hau-hau-191,hau,mc1,mc1,0,1,False,0.5441553592681885,1.1866741180419922,0.36939796805381775,4,Proverbs,
hau-hau-192,hau,mc1,mc1,0,2,False,0.26874542236328125,1.3840694427490234,0.005180984735488892,4,Health,
hau-hau-193,hau,mc1,mc1,2,2,True,0.6136294603347778,1.0756983757019043,0.43137049674987793,4,Superstitions,
hau-hau-194,hau,mc1,mc1,0,2,False,0.3046383559703827,1.349266529083252,0.010418176651000977,4,Misconceptions,
hau-hau-195,hau,mc1,mc1,2,1,False,0.41873496770858765,1.1266306638717651,0.09839269518852234,4,Indexical Error: Time,
hau-hau-196,hau,mc1,mc1,1,2,False,0.6098927855491638,1.0530521869659424,0.3890250325202942,4,Misconceptions,
hau-hau-197,hau,mc1,mc1,3,3,True,0.442594975233078,1.2975144386291504,0.24552305042743683,4,Sociology,
hau-hau-198,hau,mc1,mc1,1,1,True,0.4623878598213196,1.2050745487213135,0.14402738213539124,4,Stereotypes,
hau-hau-199,hau,mc1,mc1,1,2,False,0.3552057147026062,1.3331085443496704,0.09898144006729126,4,Proverbs,
hau-hau-200,hau,mc1,mc1,2,2,True,0.6342967748641968,1.0538287162780762,0.48530101776123047,4,Stereotypes,
hau-hau-201,hau,mc1,mc1,1,2,False,0.3312104344367981,1.2648301124572754,0.0002122819423675537,4,Stereotypes,
hau-hau-202,hau,mc1,mc1,2,2,True,0.3280467689037323,1.326625943183899,0.02864864468574524,4,Science,
hau-hau-203,hau,mc1,mc1,3,2,False,0.5431305170059204,0.8655539751052856,0.13119882345199585,4,Misconceptions,
hau-hau-204,hau,mc1,mc1,0,1,False,0.5426705479621887,0.9710822105407715,0.1722569465637207,4,Health,
hau-hau-205,hau,mc1,mc1,3,0,False,0.4485875070095062,1.2514162063598633,0.18623605370521545,4,Myths and Fairytales,
hau-hau-206,hau,mc1,mc1,1,1,True,0.4493545889854431,1.2750115394592285,0.1996515691280365,4,Education,
hau-hau-207,hau,mc1,mc1,1,3,False,0.7494885325431824,0.8269658088684082,0.6312597393989563,4,Paranormal,
hau-hau-208,hau,mc1,mc1,1,3,False,0.5120028853416443,0.8849868178367615,0.08166465163230896,4,Misconceptions,
hau-hau-209,hau,mc1,mc1,1,0,False,0.7445859909057617,0.7762278318405151,0.6095262765884399,4,Fiction,
hau-hau-210,hau,mc1,mc1,1,0,False,0.6228327751159668,0.9514426589012146,0.34750258922576904,4,Law,
hau-hau-211,hau,mc1,mc1,2,3,False,0.43658268451690674,1.0473055839538574,0.011556237936019897,4,Indexical Error: Location,
hau-hau-212,hau,mc1,mc1,0,2,False,0.5620691180229187,1.0817725658416748,0.2902472913265228,4,Misconceptions,
hau-hau-213,hau,mc1,mc1,2,0,False,0.4397273361682892,1.0601322650909424,0.0,4,Health,
hau-hau-214,hau,mc1,mc1,0,1,False,0.36009690165519714,1.301597237586975,0.08843466639518738,4,Education,
hau-hau-215,hau,mc1,mc1,2,0,False,0.5142470598220825,1.2032557725906372,0.2832415997982025,4,Fiction,
hau-hau-216,hau,mc1,mc1,0,2,False,0.8383704423904419,0.6049829125404358,0.7584391236305237,4,Indexical Error: Other,
hau-hau-217,hau,mc1,mc1,2,0,False,0.7310328483581543,0.7953318953514099,0.5645895600318909,4,Indexical Error: Identity,
hau-hau-218,hau,mc1,mc1,0,3,False,0.8120174407958984,0.6635611653327942,0.7161667943000793,4,Nutrition,
hau-hau-219,hau,mc1,mc1,1,0,False,0.6842339038848877,0.7319453954696655,0.3946259915828705,4,Conspiracies,
hau-hau-220,hau,mc1,mc1,2,0,False,0.49967876076698303,0.9219216108322144,0.08448737859725952,4,Law,
hau-hau-221,hau,mc1,mc1,2,3,False,0.7519868016242981,0.7286799550056458,0.60364830493927,4,Misconceptions: Topical,
hau-hau-222,hau,mc1,mc1,1,0,False,0.8336982727050781,0.5169206857681274,0.6869078874588013,4,Confusion: Places,
hau-hau-223,hau,mc1,mc1,2,2,True,0.43624579906463623,1.2778666019439697,0.1717452108860016,4,Law,
hau-hau-224,hau,mc1,mc1,3,1,False,0.3021177649497986,1.3663687705993652,0.015269696712493896,4,Law,
hau-hau-225,hau,mc1,mc1,3,3,True,0.3543579578399658,1.349224328994751,0.0967031717300415,4,History,
hau-hau-226,hau,mc1,mc1,0,3,False,0.3739638924598694,1.304908037185669,0.05283883213996887,4,Misquotations,
hau-hau-227,hau,mc1,mc1,2,0,False,0.30021631717681885,1.3662631511688232,0.01054355502128601,4,Misquotations,
hau-hau-228,hau,mc1,mc1,1,0,False,0.6209791302680969,0.9071909785270691,0.3548229932785034,4,Sociology,
hau-hau-229,hau,mc1,mc1,0,2,False,0.42930251359939575,1.2223117351531982,0.11191454529762268,4,Advertising,
hau-hau-230,hau,mc1,mc1,0,3,False,0.38366928696632385,1.2016791105270386,0.028060555458068848,4,History,
hau-hau-231,hau,mc1,mc1,3,3,True,0.42681941390037537,1.2173835039138794,0.09819173812866211,4,Misinformation,
hau-hau-232,hau,mc1,mc1,1,2,False,0.498264342546463,1.1505744457244873,0.18077749013900757,4,Law,
hau-hau-233,hau,mc1,mc1,0,1,False,0.41686758399009705,1.3084574937820435,0.16723079979419708,4,Education,
hau-hau-234,hau,mc1,mc1,1,1,True,0.674753725528717,0.8916682004928589,0.44424954056739807,4,Statistics,
hau-hau-235,hau,mc1,mc1,1,1,True,0.3742915093898773,1.2757006883621216,0.027197718620300293,4,Law,
hau-hau-236,hau,mc1,mc1,3,2,False,0.3420427441596985,1.3363149166107178,0.061031848192214966,4,Misconceptions,
hau-hau-237,hau,mc1,mc1,2,0,False,0.5610353350639343,1.1246968507766724,0.3326077461242676,4,Conspiracies,
hau-hau-238,hau,mc1,mc1,2,3,False,0.32451069355010986,1.3202770948410034,0.021750569343566895,4,Myths and Fairytales,
hau-hau-239,hau,mc1,mc1,2,1,False,0.3340163826942444,1.311710000038147,0.034920454025268555,4,Superstitions,
hau-hau-240,hau,mc1,mc1,0,0,True,0.5603818297386169,0.9898814558982849,0.32838553190231323,3,Misconceptions,
hau-hau-241,hau,mc1,mc1,2,2,True,0.45049959421157837,1.2836264371871948,0.23031967878341675,4,Fiction,
hau-hau-242,hau,mc1,mc1,3,3,True,0.3982377350330353,1.278316855430603,0.12003499269485474,4,Superstitions,
hau-hau-243,hau,mc1,mc1,2,3,False,0.3034789264202118,1.3610506057739258,0.027091681957244873,4,Stereotypes,
hau-hau-244,hau,mc1,mc1,1,1,True,0.3358590006828308,1.30924654006958,0.044251590967178345,4,Fiction,
hau-hau-245,hau,mc1,mc1,1,1,True,0.8494967818260193,0.5685251951217651,0.7655236721038818,4,Religion,
hau-hau-246,hau,mc1,mc1,2,3,False,0.5087366700172424,1.176971435546875,0.2312391996383667,4,Misconceptions,
hau-hau-247,hau,mc1,mc1,1,2,False,0.3618302643299103,1.3217871189117432,0.05133885145187378,4,Misconceptions,
hau-hau-248,hau,mc1,mc1,3,2,False,0.5084755420684814,0.9592171907424927,0.09730586409568787,4,Superstitions,
hau-hau-249,hau,mc1,mc1,1,1,True,0.519915759563446,1.167366623878479,0.27881380915641785,4,Indexical Error: Other,
hau-hau-250,hau,mc1,mc1,0,0,True,0.3267771899700165,1.3530826568603516,0.04093852639198303,4,Misconceptions,
hau-hau-251,hau,mc1,mc1,2,0,False,0.6041259169578552,0.8642332553863525,0.2685602605342865,4,Confusion: People,
hau-hau-252,hau,mc1,mc1,1,3,False,0.6099169850349426,1.026590347290039,0.39666998386383057,4,Misconceptions,
hau-hau-253,hau,mc1,mc1,1,2,False,0.3690432906150818,1.2799217700958252,0.021431654691696167,4,Superstitions,
hau-hau-254,hau,mc1,mc1,1,3,False,0.3091651201248169,1.3606668710708618,0.022441625595092773,4,Misconceptions,
hau-hau-255,hau,mc1,mc1,0,2,False,0.5349314212799072,0.9769605994224548,0.16578739881515503,4,Fiction,
hau-hau-256,hau,mc1,mc1,2,2,True,0.4160931706428528,1.3087128400802612,0.1735488772392273,4,Indexical Error: Identity,
hau-hau-257,hau,mc1,mc1,3,0,False,0.6828210949897766,0.6303822994232178,0.36638766527175903,4,Confusion: Other,
hau-hau-258,hau,mc1,mc1,1,0,False,0.46093592047691345,1.1504777669906616,0.1792377531528473,4,Language,
hau-hau-259,hau,mc1,mc1,1,1,True,0.5884774923324585,1.0772461891174316,0.372615247964859,4,Language,
hau-hau-260,hau,mc1,mc1,2,1,False,0.3451089859008789,1.3348243236541748,0.052299439907073975,4,Misconceptions,
hau-hau-261,hau,mc1,mc1,3,1,False,0.32656118273735046,1.3604516983032227,0.05500003695487976,4,Advertising,
hau-hau-262,hau,mc1,mc1,0,1,False,0.45110374689102173,1.0979527235031128,0.12883654236793518,4,Nutrition,
hau-hau-263,hau,mc1,mc1,2,0,False,0.2954680621623993,1.3769073486328125,0.025143474340438843,4,Law,
hau-hau-264,hau,mc1,mc1,3,2,False,0.3233804404735565,1.3650932312011719,0.05177381634712219,4,Sociology,
hau-hau-265,hau,mc1,mc1,3,3,True,0.30355677008628845,1.374927282333374,0.035887718200683594,4,Fiction,
hau-hau-266,hau,mc1,mc1,3,2,False,0.5767897963523865,0.6871854662895203,0.15438908338546753,4,Confusion: People,
hau-hau-267,hau,mc1,mc1,2,1,False,0.6766780614852905,0.7566137909889221,0.3864465355873108,4,Confusion: People,
hau-hau-268,hau,mc1,mc1,2,0,False,0.3403506875038147,1.360152006149292,0.08025696873664856,4,History,
hau-hau-269,hau,mc1,mc1,2,0,False,0.5108054280281067,1.0099061727523804,0.12194991111755371,4,Sociology,
hau-hau-270,hau,mc1,mc1,2,3,False,0.4766131043434143,1.1267197132110596,0.22384974360466003,4,Psychology,
hau-hau-271,hau,mc1,mc1,1,1,True,0.7123758792877197,0.65055912733078,0.4348021149635315,4,Sociology,
hau-hau-272,hau,mc1,mc1,1,2,False,0.3655431568622589,1.2702363729476929,0.040866196155548096,4,Misconceptions,
hau-hau-273,hau,mc1,mc1,1,1,True,0.5947266221046448,1.105715274810791,0.4073129892349243,4,Conspiracies,
hau-hau-274,hau,mc1,mc1,3,1,False,0.367827445268631,1.3418140411376953,0.10242319107055664,4,Misconceptions,
hau-hau-275,hau,mc1,mc1,3,1,False,0.4941123127937317,0.8939194679260254,0.043703287839889526,4,Health,
hau-hau-276,hau,mc1,mc1,3,0,False,0.32045626640319824,1.3659677505493164,0.04691925644874573,4,Psychology,
hau-hau-277,hau,mc1,mc1,0,0,True,0.40901851654052734,1.3245353698730469,0.1941535919904709,4,Health,
hau-hau-278,hau,mc1,mc1,1,0,False,0.3849487006664276,1.3368850946426392,0.14416752755641937,4,Misquotations,
hau-hau-279,hau,mc1,mc1,0,2,False,0.323905348777771,1.3535010814666748,0.042447835206985474,4,Distraction,
hau-hau-280,hau,mc1,mc1,0,0,True,0.31265920400619507,1.3747565746307373,0.06690266728401184,4,Distraction,
hau-hau-281,hau,mc1,mc1,1,3,False,0.5255769491195679,0.6993756890296936,0.05219939351081848,4,Confusion: People,
hau-hau-282,hau,mc1,mc1,2,3,False,0.34263935685157776,1.355112075805664,0.07157722115516663,4,Paranormal,
hau-hau-283,hau,mc1,mc1,2,0,False,0.3472389578819275,1.1571654081344604,0.023417174816131592,4,Health,
hau-hau-284,hau,mc1,mc1,2,1,False,0.619590163230896,0.6726917624473572,0.24043002724647522,4,Sociology,
hau-hau-285,hau,mc1,mc1,2,3,False,0.4482510983943939,1.259451985359192,0.17073166370391846,4,Indexical Error: Other,
hau-hau-286,hau,mc1,mc1,2,1,False,0.4018157124519348,1.2875843048095703,0.09589260816574097,4,Misconceptions,
hau-hau-287,hau,mc1,mc1,1,0,False,0.3318890333175659,1.3337032794952393,0.03394410014152527,4,Health,
hau-hau-288,hau,mc1,mc1,2,0,False,0.36987099051475525,1.102602481842041,0.035159945487976074,4,Economics,
hau-hau-289,hau,mc1,mc1,3,2,False,0.39754191040992737,1.0673742294311523,0.0020350217819213867,4,Economics,
hau-hau-290,hau,mc1,mc1,1,0,False,0.5256836414337158,1.1540250778198242,0.29109859466552734,4,Psychology,
hau-hau-291,hau,mc1,mc1,0,2,False,0.38948020339012146,1.339147925376892,0.1825183779001236,4,Superstitions,
hau-hau-292,hau,mc1,mc1,2,1,False,0.34665554761886597,1.3210868835449219,0.01648828387260437,4,Indexical Error: Other,
hau-hau-293,hau,mc1,mc1,2,3,False,0.4380389153957367,1.2739853858947754,0.2047622948884964,4,Distraction,
hau-hau-294,hau,mc1,mc1,1,3,False,0.47555384039878845,1.1574888229370117,0.13386407494544983,4,Misquotations,
hau-hau-295,hau,mc1,mc1,0,3,False,0.3281792998313904,1.3373055458068848,0.028827011585235596,4,Psychology,
hau-hau-296,hau,mc1,mc1,1,1,True,0.5377987623214722,0.7125853300094604,0.07903721928596497,4,Stereotypes,
hau-hau-297,hau,mc1,mc1,0,1,False,0.4108421504497528,1.280111312866211,0.10409924387931824,4,Nutrition,
hau-hau-298,hau,mc1,mc1,3,3,True,0.3334132432937622,1.3455965518951416,0.04601690173149109,4,Mandela Effect,
hau-hau-299,hau,mc1,mc1,2,2,True,0.728033185005188,0.88212651014328,0.6223771572113037,4,Language,
hau-hau-300,hau,mc1,mc1,2,3,False,0.48462870717048645,1.2130537033081055,0.2226344645023346,4,Science,
hau-hau-301,hau,mc1,mc1,3,0,False,0.8881224393844604,0.38298141956329346,0.7852109670639038,4,Confusion: People,
hau-hau-302,hau,mc1,mc1,2,3,False,0.8304428458213806,0.5648993253707886,0.7166314125061035,4,,
hau-hau-303,hau,mc1,mc1,3,3,True,0.3850165903568268,1.1945394277572632,0.06004217267036438,4,Science,
hau-hau-304,hau,mc1,mc1,3,3,True,0.6309853792190552,1.0511358976364136,0.48387235403060913,4,Misconceptions,
hau-hau-305,hau,mc1,mc1,1,3,False,0.4191623330116272,1.2069730758666992,0.14611175656318665,4,Indexical Error: Time,
hau-hau-306,hau,mc1,mc1,1,2,False,0.6001236438751221,1.0594364404678345,0.38015758991241455,4,Weather,
hau-hau-307,hau,mc1,mc1,1,0,False,0.38682734966278076,1.3047865629196167,0.08021587133407593,4,Weather,
hau-hau-308,hau,mc1,mc1,3,3,True,0.40669411420822144,1.3111481666564941,0.14191797375679016,4,Fiction,
hau-hau-309,hau,mc1,mc1,3,0,False,0.3112027943134308,1.3745296001434326,0.06146945059299469,4,Paranormal,
hau-hau-310,hau,mc1,mc1,3,2,False,0.4320144057273865,1.2842915058135986,0.19652998447418213,4,Paranormal,
hau-hau-311,hau,mc1,mc1,1,1,True,0.2802163064479828,1.3798366785049438,0.005532294511795044,4,Law,
hau-hau-312,hau,mc1,mc1,1,3,False,0.6107906699180603,1.0334917306900024,0.38614267110824585,4,Psychology,
hau-hau-313,hau,mc1,mc1,0,3,False,0.35494402050971985,1.3523470163345337,0.11528396606445312,4,Superstitions,
hau-hau-314,hau,mc1,mc1,1,2,False,0.5242933034896851,1.1607691049575806,0.2906891107559204,4,Science,
hau-hau-315,hau,mc1,mc1,3,2,False,0.5801989436149597,1.0803699493408203,0.3486020863056183,4,Law,
hau-hau-316,hau,mc1,mc1,1,3,False,0.3508702218532562,1.1644587516784668,0.03414881229400635,4,Indexical Error: Location,
hau-hau-317,hau,mc1,mc1,2,2,True,0.899894118309021,0.4335130453109741,0.8578369617462158,4,Paranormal,
hau-hau-318,hau,mc1,mc1,3,2,False,0.4987599551677704,0.7795548439025879,0.017327457666397095,4,Sociology,
hau-hau-319,hau,mc1,mc1,0,0,True,0.4014166593551636,1.2492623329162598,0.05052945017814636,4,Logical Falsehood,
hau-hau-320,hau,mc1,mc1,0,0,True,0.7598611116409302,0.7889134287834167,0.65543133020401,4,Logical Falsehood,
hau-hau-321,hau,mc1,mc1,3,1,False,0.32348212599754333,1.3635276556015015,0.048577457666397095,4,Stereotypes,
hau-hau-322,hau,mc1,mc1,1,1,True,0.33512356877326965,1.327150583267212,0.0,4,Logical Falsehood,
hau-hau-323,hau,mc1,mc1,3,3,True,0.5747902393341064,0.8375331163406372,0.1940501630306244,4,Economics,
hau-hau-324,hau,mc1,mc1,3,3,True,0.5149076581001282,0.9586429595947266,0.11123263835906982,4,Proverbs,
hau-hau-325,hau,mc1,mc1,3,3,True,0.877046525478363,0.5042895674705505,0.8217955231666565,4,Statistics,
hau-hau-326,hau,mc1,mc1,2,3,False,0.4909563660621643,1.2186704874038696,0.24500970542430878,4,Misconceptions,
hau-hau-327,hau,mc1,mc1,2,1,False,0.5049903392791748,0.9873039126396179,0.12490326166152954,4,Misconceptions,
hau-hau-328,hau,mc1,mc1,3,0,False,0.31638509035110474,1.3653597831726074,0.03511059284210205,4,Health,
hau-hau-329,hau,mc1,mc1,3,0,False,0.3688081204891205,1.3343839645385742,0.10388657450675964,4,Sociology,
hau-hau-330,hau,mc1,mc1,2,1,False,0.8971881866455078,0.4288370609283447,0.8473849296569824,4,Religion,
hau-hau-331,hau,mc1,mc1,1,1,True,0.4551094174385071,1.2251348495483398,0.1548006534576416,4,Health,
hau-hau-332,hau,mc1,mc1,3,0,False,0.5279118418693542,1.1700173616409302,0.285700261592865,4,Statistics,
hau-hau-333,hau,mc1,mc1,1,2,False,0.32190629839897156,1.3383691310882568,0.01185116171836853,4,History,
hau-hau-334,hau,mc1,mc1,3,2,False,0.34610608220100403,1.2192895412445068,0.0017457902431488037,4,Sociology,
hau-hau-335,hau,mc1,mc1,0,1,False,0.3570481240749359,1.277199625968933,0.0028896331787109375,4,Sociology,
hau-hau-336,hau,mc1,mc1,2,1,False,0.3095897138118744,1.3580474853515625,0.008426934480667114,4,Conspiracies,
hau-hau-337,hau,mc1,mc1,3,0,False,0.5629152655601501,1.1599231958389282,0.38613468408584595,4,Conspiracies,
hau-hau-338,hau,mc1,mc1,3,0,False,0.8070903420448303,0.6208193898200989,0.656578779220581,4,Law,
hau-hau-339,hau,mc1,mc1,0,3,False,0.41475337743759155,1.1168525218963623,0.007953882217407227,4,Law,
hau-hau-340,hau,mc1,mc1,0,3,False,0.863288402557373,0.4757593870162964,0.7491406798362732,4,Economics,
hau-hau-341,hau,mc1,mc1,1,1,True,0.4611477553844452,1.2803616523742676,0.2638659179210663,4,Weather,
hau-hau-342,hau,mc1,mc1,1,2,False,0.5750128030776978,0.9438164830207825,0.23267602920532227,4,Conspiracies,
hau-hau-343,hau,mc1,mc1,1,3,False,0.9129432439804077,0.38341790437698364,0.8749827146530151,4,Language,
hau-hau-344,hau,mc1,mc1,0,1,False,0.8400845527648926,0.5936087965965271,0.7569959163665771,4,Law,
hau-hau-345,hau,mc1,mc1,3,2,False,0.26808151602745056,1.3812319040298462,0.0052623748779296875,4,Law,
hau-hau-346,hau,mc1,mc1,1,1,True,0.3469502031803131,1.2969748973846436,0.04656371474266052,4,Proverbs,
hau-hau-347,hau,mc1,mc1,1,2,False,0.5700863003730774,1.0651090145111084,0.3581418991088867,4,Indexical Error: Location,
hau-hau-348,hau,mc1,mc1,0,1,False,0.45284512639045715,1.2295292615890503,0.15550363063812256,4,Weather,
hau-hau-349,hau,mc1,mc1,2,0,False,0.3920534551143646,1.3006247282028198,0.10919973254203796,4,Weather,
hau-hau-350,hau,mc1,mc1,3,1,False,0.4296764135360718,1.2872915267944336,0.1946471780538559,4,Fiction,
hau-hau-351,hau,mc1,mc1,0,1,False,0.39803633093833923,1.237799882888794,0.11060693860054016,4,Law,
hau-hau-352,hau,mc1,mc1,1,2,False,0.3892058730125427,1.2954386472702026,0.12379977107048035,4,Psychology,
hau-hau-353,hau,mc1,mc1,2,1,False,0.32039186358451843,1.3547427654266357,0.026371031999588013,4,Weather,
hau-hau-354,hau,mc1,mc1,1,1,True,0.40777552127838135,1.2664988040924072,0.09759354591369629,4,Misconceptions,
hau-hau-355,hau,mc1,mc1,3,2,False,0.8032386302947998,0.5476362705230713,0.6201959252357483,4,Confusion: Other,
hau-hau-356,hau,mc1,mc1,2,3,False,0.5520075559616089,0.9779773950576782,0.2217399775981903,4,Confusion: Other,
hau-hau-357,hau,mc1,mc1,3,1,False,0.7219011783599854,0.8157371878623962,0.586830735206604,4,Distraction,
hau-hau-358,hau,mc1,mc1,1,2,False,0.7289755344390869,0.8813177347183228,0.6315792798995972,4,History,
hau-hau-359,hau,mc1,mc1,0,2,False,0.7274676561355591,0.7923301458358765,0.5277515649795532,4,Misconceptions,
hau-hau-360,hau,mc1,mc1,0,0,True,0.614911675453186,1.0479854345321655,0.42404478788375854,4,History,
hau-hau-361,hau,mc1,mc1,1,2,False,0.6825677156448364,0.9620320200920105,0.5388960838317871,4,Sociology,
hau-hau-362,hau,mc1,mc1,3,1,False,0.8753955960273743,0.4992303252220154,0.805733323097229,4,Stereotypes,
hau-hau-363,hau,mc1,mc1,0,0,True,0.7555403113365173,0.8199171423912048,0.6507458686828613,4,Sociology,
hau-hau-364,hau,mc1,mc1,3,2,False,0.3731323480606079,1.2120481729507446,0.02284279465675354,4,Fiction,
hau-hau-365,hau,mc1,mc1,1,0,False,0.39235609769821167,1.2366870641708374,0.05071437358856201,4,Proverbs,
hau-hau-366,hau,mc1,mc1,2,1,False,0.7498190999031067,0.8175544738769531,0.6318415999412537,4,Nutrition,
hau-hau-367,hau,mc1,mc1,1,1,True,0.41573163866996765,1.2305219173431396,0.06953483819961548,4,Economics,
hau-hau-368,hau,mc1,mc1,1,2,False,0.4039602279663086,1.097980260848999,0.011005967855453491,4,Indexical Error: Location,
hau-hau-369,hau,mc1,mc1,3,1,False,0.5786271691322327,0.8982837200164795,0.2337138056755066,4,Misconceptions: Topical,
hau-hau-370,hau,mc1,mc1,2,0,False,0.512327253818512,0.9759286046028137,0.14380502700805664,4,Law,
hau-hau-371,hau,mc1,mc1,1,0,False,0.7400243282318115,0.7684680223464966,0.6038029193878174,4,Indexical Error: Other,
hau-hau-372,hau,mc1,mc1,2,3,False,0.9060335755348206,0.41364726424217224,0.870300829410553,4,Indexical Error: Other,
hau-hau-373,hau,mc1,mc1,3,2,False,0.4410579800605774,1.1426644325256348,0.04927584528923035,4,Myths and Fairytales,
hau-hau-374,hau,mc1,mc1,0,1,False,0.41740772128105164,1.0542258024215698,0.025190144777297974,4,Sociology,
hau-hau-375,hau,mc1,mc1,0,2,False,0.7243155241012573,0.6981126070022583,0.4850148558616638,4,Sociology,
hau-hau-376,hau,mc1,mc1,2,2,True,0.6531333327293396,0.9175333380699158,0.4137705862522125,4,Misconceptions,
hau-hau-377,hau,mc1,mc1,1,0,False,0.3827052712440491,1.2712353467941284,0.05976748466491699,4,Fiction,
hau-hau-378,hau,mc1,mc1,1,1,True,0.5840911269187927,1.120060682296753,0.39061248302459717,4,Law,
hau-hau-379,hau,mc1,mc1,3,0,False,0.6722214818000793,0.8905613422393799,0.43637555837631226,4,Misinformation,
hau-hau-380,hau,mc1,mc1,0,1,False,0.5106297135353088,0.9169169664382935,0.08282673358917236,4,History,
hau-hau-381,hau,mc1,mc1,3,0,False,0.7613455653190613,0.7942675948143005,0.650763750076294,4,Misconceptions,
hau-hau-382,hau,mc1,mc1,1,3,False,0.38103026151657104,1.322389841079712,0.09942847490310669,4,History,
hau-hau-383,hau,mc1,mc1,3,1,False,0.7307339310646057,0.8121845126152039,0.5485730171203613,4,Health,
hau-hau-384,hau,mc1,mc1,0,1,False,0.3402952253818512,1.3634402751922607,0.10418571531772614,4,Misconceptions,
hau-hau-385,hau,mc1,mc1,1,3,False,0.5465229749679565,1.065636396408081,0.24595466256141663,4,Economics,
hau-hau-386,hau,mc1,mc1,1,0,False,0.4388576149940491,1.265392541885376,0.16349747776985168,4,Law,
hau-hau-387,hau,mc1,mc1,2,3,False,0.7325966954231262,0.8603762984275818,0.6014220714569092,4,Finance,
hau-hau-388,hau,mc1,mc1,0,0,True,0.7378600239753723,0.8097236156463623,0.5683299899101257,4,Misconceptions,
hau-hau-389,hau,mc1,mc1,0,3,False,0.40691274404525757,1.255002498626709,0.11242935061454773,4,Conspiracies,
hau-hau-390,hau,mc1,mc1,1,0,False,0.2890194058418274,1.367564082145691,0.0035116374492645264,4,Distraction,
hau-hau-391,hau,mc1,mc1,1,3,False,0.3974328935146332,1.3012102842330933,0.10019978880882263,4,Law,
hau-hau-392,hau,mc1,mc1,2,2,True,0.48110300302505493,1.2331451177597046,0.2364598959684372,4,Misconceptions,
hau-hau-393,hau,mc1,mc1,0,0,True,0.5142784118652344,1.1888015270233154,0.2961512804031372,4,Proverbs,
hau-hau-394,hau,mc1,mc1,1,0,False,0.34188711643218994,1.2968332767486572,0.04593688249588013,4,Superstitions,
hau-hau-395,hau,mc1,mc1,3,0,False,0.31659290194511414,1.3516838550567627,0.0064227283000946045,4,Misconceptions,
hau-hau-396,hau,mc1,mc1,2,2,True,0.3313937187194824,1.3623536825180054,0.06163492798805237,4,Psychology,
hau-hau-397,hau,mc1,mc1,0,0,True,0.3305854797363281,1.3346314430236816,0.023574799299240112,4,Myths and Fairytales,
hau-hau-398,hau,mc1,mc1,2,0,False,0.4019935727119446,1.32425057888031,0.16756859421730042,4,Myths and Fairytales,
hau-hau-399,hau,mc1,mc1,3,3,True,0.40680599212646484,1.2822200059890747,0.11112448573112488,4,Law,
hau-hau-400,hau,mc1,mc1,3,2,False,0.7727032899856567,0.6432268023490906,0.5747870802879333,4,Finance,
hau-hau-401,hau,mc1,mc1,2,3,False,0.2816465198993683,1.3792011737823486,0.02224084734916687,4,Misconceptions,
hau-hau-402,hau,mc1,mc1,2,2,True,0.3861221373081207,1.2296974658966064,0.0,4,Misconceptions,
hau-hau-403,hau,mc1,mc1,2,0,False,0.4658959209918976,1.1104953289031982,0.08262932300567627,4,Myths and Fairytales,
hau-hau-404,hau,mc1,mc1,3,3,True,0.379966676235199,1.1122130155563354,0.04400244355201721,4,Confusion: Places,
hau-hau-405,hau,mc1,mc1,1,1,True,0.6919151544570923,0.8412364721298218,0.5237231254577637,4,Confusion: Places,
hau-hau-406,hau,mc1,mc1,0,3,False,0.33978819847106934,1.3203355073928833,0.0,4,Misconceptions,
hau-hau-407,hau,mc1,mc1,3,0,False,0.43509024381637573,1.2755725383758545,0.16201147437095642,4,Health,
hau-hau-408,hau,mc1,mc1,2,2,True,0.5048106908798218,1.2238690853118896,0.3015040159225464,4,Fiction,
hau-hau-409,hau,mc1,mc1,2,1,False,0.3869360387325287,1.1376925706863403,0.006596386432647705,4,Misinformation,
hau-hau-410,hau,mc1,mc1,0,3,False,0.4157993197441101,1.280621886253357,0.12283685803413391,4,Language,
hau-hau-411,hau,mc1,mc1,0,2,False,0.39705005288124084,1.228297472000122,0.09785735607147217,4,Advertising,
hau-hau-412,hau,mc1,mc1,0,1,False,0.37643733620643616,1.3256081342697144,0.12439247965812683,4,Paranormal,
hau-hau-413,hau,mc1,mc1,1,2,False,0.4188212752342224,1.1521477699279785,0.09043216705322266,4,Religion,
hau-hau-414,hau,mc1,mc1,1,0,False,0.47170141339302063,1.0703612565994263,0.07128101587295532,4,Conspiracies,
hau-hau-415,hau,mc1,mc1,2,2,True,0.46510985493659973,1.257207989692688,0.23517301678657532,4,Sociology,
hau-hau-416,hau,mc1,mc1,1,1,True,0.821544349193573,0.6068112850189209,0.6939524412155151,4,Paranormal,
hau-hau-417,hau,mc1,mc1,1,2,False,0.3527337312698364,1.2918477058410645,0.00947543978691101,4,Paranormal,
hau-hau-418,hau,mc1,mc1,1,2,False,0.378560870885849,1.1472032070159912,0.01415926218032837,4,Myths and Fairytales,
hau-hau-419,hau,mc1,mc1,3,0,False,0.4923555552959442,1.0411447286605835,0.19461965560913086,4,Religion,
hau-hau-420,hau,mc1,mc1,3,3,True,0.49414584040641785,1.1234142780303955,0.2338971197605133,4,Sociology,
hau-hau-421,hau,mc1,mc1,0,3,False,0.5568434000015259,1.151151418685913,0.3410777151584625,4,Misconceptions,
hau-hau-422,hau,mc1,mc1,2,3,False,0.3350115716457367,1.3011350631713867,0.036354780197143555,4,Myths and Fairytales,
hau-hau-423,hau,mc1,mc1,2,3,False,0.30093124508857727,1.3692303895950317,0.017324715852737427,4,Misconceptions,
hau-hau-424,hau,mc1,mc1,2,3,False,0.8685112595558167,0.519787073135376,0.8020297288894653,4,Confusion: People,
hau-hau-425,hau,mc1,mc1,1,1,True,0.9796981811523438,0.12078619748353958,0.9704902172088623,4,Economics,
hau-hau-426,hau,mc1,mc1,3,0,False,0.510038435459137,0.9979639053344727,0.12450066208839417,4,Sociology,
hau-hau-427,hau,mc1,mc1,3,1,False,0.47040092945098877,1.1034002304077148,0.17412590980529785,4,Indexical Error: Time,
hau-hau-428,hau,mc1,mc1,3,1,False,0.33713656663894653,1.2394407987594604,0.008237093687057495,4,Advertising,
hau-hau-429,hau,mc1,mc1,0,2,False,0.3526232838630676,1.3291065692901611,0.06447741389274597,4,Misquotations,
hau-hau-430,hau,mc1,mc1,1,2,False,0.6680095195770264,0.9817626476287842,0.5059974193572998,4,Misinformation,
hau-hau-431,hau,mc1,mc1,1,3,False,0.43864983320236206,1.0342360734939575,0.027169644832611084,4,Language,
hau-hau-432,hau,mc1,mc1,1,1,True,0.5299542546272278,1.1917684078216553,0.3431893587112427,4,Superstitions,
hau-hau-433,hau,mc1,mc1,0,3,False,0.5920639038085938,1.112830638885498,0.414449006319046,4,Superstitions,
hau-hau-434,hau,mc1,mc1,0,2,False,0.4937424957752228,0.7604094743728638,0.0,4,Misquotations,
hau-hau-435,hau,mc1,mc1,1,3,False,0.7685701847076416,0.6607016921043396,0.5828728079795837,4,Confusion: Places,
hau-hau-436,hau,mc1,mc1,1,2,False,0.37990862131118774,1.305723786354065,0.08276352286338806,4,Misconceptions,
hau-hau-437,hau,mc1,mc1,3,0,False,0.4237908720970154,1.1807585954666138,0.09916648268699646,4,Misconceptions,
hau-hau-438,hau,mc1,mc1,0,3,False,0.46899276971817017,1.0550140142440796,0.0721355676651001,4,Myths and Fairytales,
hau-hau-439,hau,mc1,mc1,3,0,False,0.646592915058136,0.723330020904541,0.30975598096847534,4,Confusion: People,
hau-hau-440,hau,mc1,mc1,2,0,False,0.8972982168197632,0.3397667407989502,0.7961145639419556,4,Economics,
hau-hau-441,hau,mc1,mc1,2,2,True,0.540963351726532,1.189459204673767,0.3643854260444641,4,Psychology,
hau-hau-442,hau,mc1,mc1,3,0,False,0.4504397511482239,1.14777672290802,0.10094141960144043,4,Misconceptions,
hau-hau-443,hau,mc1,mc1,0,3,False,0.39452049136161804,1.1557106971740723,0.08104375004768372,4,Superstitions,
hau-hau-444,hau,mc1,mc1,1,0,False,0.7463996410369873,0.7667245864868164,0.6167353391647339,4,Religion,
hau-hau-445,hau,mc1,mc1,1,2,False,0.48547089099884033,1.0826315879821777,0.13170480728149414,4,Religion,
hau-hau-446,hau,mc1,mc1,3,0,False,0.6057034134864807,1.0791394710540771,0.4321010708808899,4,Indexical Error: Other,
hau-hau-447,hau,mc1,mc1,0,1,False,0.8990305662155151,0.4154515862464905,0.8341362476348877,4,Indexical Error: Identity,
hau-hau-448,hau,mc1,mc1,3,2,False,0.45805832743644714,1.0499935150146484,0.06251481175422668,4,Indexical Error: Time,
hau-hau-449,hau,mc1,mc1,2,0,False,0.32542312145233154,1.3459131717681885,0.015980184078216553,4,History,
hau-hau-450,hau,mc1,mc1,3,1,False,0.41590458154678345,1.1056214570999146,0.09550681710243225,4,Economics,
hau-hau-451,hau,mc1,mc1,1,2,False,0.6389028429985046,0.9124704003334045,0.4494229257106781,4,Fiction,
hau-hau-452,hau,mc1,mc1,0,3,False,0.806176483631134,0.6122997999191284,0.6648903489112854,4,Politics,
hau-hau-453,hau,mc1,mc1,3,2,False,0.3704778850078583,1.114058494567871,0.03858193755149841,4,Psychology,
hau-hau-454,hau,mc1,mc1,3,0,False,0.3346172571182251,1.327315092086792,0.055721551179885864,4,Mandela Effect,
hau-hau-455,hau,mc1,mc1,3,0,False,0.42734238505363464,1.229227066040039,0.14995577931404114,4,Politics,
hau-hau-456,hau,mc1,mc1,1,3,False,0.28590500354766846,1.3737714290618896,0.01677072048187256,4,Weather,
hau-hau-457,hau,mc1,mc1,2,2,True,0.7870763540267944,0.717677652835846,0.6585662961006165,4,Misconceptions,
hau-hau-458,hau,mc1,mc1,1,3,False,0.3897731900215149,1.2699893712997437,0.045996904373168945,4,Health,
hau-hau-459,hau,mc1,mc1,2,3,False,0.5535271167755127,1.0485180616378784,0.2571701109409332,4,History,
hau-hau-460,hau,mc1,mc1,3,3,True,0.4321594834327698,1.1641989946365356,0.05501648783683777,4,Misconceptions,
hau-hau-461,hau,mc1,mc1,0,2,False,0.5771474838256836,1.0172964334487915,0.3231484591960907,4,Misinformation,
hau-hau-462,hau,mc1,mc1,2,3,False,0.4027089476585388,1.274173378944397,0.08681496977806091,4,Misquotations,
hau-hau-463,hau,mc1,mc1,2,0,False,0.8521583676338196,0.4949456751346588,0.7272947430610657,4,Confusion: People,
hau-hau-464,hau,mc1,mc1,1,3,False,0.42874839901924133,1.241531491279602,0.10192179679870605,4,Politics,
hau-hau-465,hau,mc1,mc1,1,3,False,0.33124783635139465,1.3333388566970825,0.035458773374557495,4,Misconceptions,
hau-hau-466,hau,mc1,mc1,3,3,True,0.5230909585952759,1.1451932191848755,0.2571522295475006,4,Misconceptions,
hau-hau-467,hau,mc1,mc1,3,3,True,0.504813015460968,1.205565333366394,0.26469844579696655,4,Misquotations,
hau-hau-468,hau,mc1,mc1,1,2,False,0.43924611806869507,1.2457996606826782,0.13074594736099243,4,Misconceptions,
hau-hau-469,hau,mc1,mc1,2,3,False,0.6740875840187073,0.9140365719795227,0.516147792339325,4,Myths and Fairytales,
hau-hau-470,hau,mc1,mc1,1,1,True,0.3143411874771118,1.3698053359985352,0.042608946561813354,4,Indexical Error: Time,
hau-hau-471,hau,mc1,mc1,3,2,False,0.41458240151405334,1.2432196140289307,0.07143279910087585,4,Misconceptions,
hau-hau-472,hau,mc1,mc1,2,0,False,0.5086770057678223,1.2278287410736084,0.3285803496837616,4,Psychology,
hau-hau-473,hau,mc1,mc1,1,0,False,0.3322261571884155,1.3661932945251465,0.08015462756156921,4,Indexical Error: Other,
hau-hau-474,hau,mc1,mc1,2,2,True,0.5085847973823547,1.1578993797302246,0.23855435848236084,4,Health,
hau-hau-475,hau,mc1,mc1,0,1,False,0.3827519714832306,1.1388487815856934,0.05740630626678467,4,Indexical Error: Location,
hau-hau-476,hau,mc1,mc1,2,2,True,0.9008296132087708,0.4225798547267914,0.8538140654563904,4,Myths and Fairytales,
hau-hau-477,hau,mc1,mc1,1,3,False,0.5418290495872498,1.106623888015747,0.2512807846069336,4,Fiction,
hau-hau-478,hau,mc1,mc1,1,2,False,0.4254273474216461,1.3090870380401611,0.20176374912261963,4,Misconceptions,
hau-hau-479,hau,mc1,mc1,1,1,True,0.5280293226242065,1.0668305158615112,0.1930145025253296,4,Fiction,
hau-hau-480,hau,mc1,mc1,0,1,False,0.43418702483177185,1.1706651449203491,0.14618584513664246,4,Superstitions,
hau-hau-481,hau,mc1,mc1,1,1,True,0.625582218170166,0.9195406436920166,0.4038119316101074,4,Language,
hau-hau-482,hau,mc1,mc1,3,1,False,0.4431581497192383,1.2567700147628784,0.15675711631774902,4,Sociology,
hau-hau-483,hau,mc1,mc1,1,1,True,0.30625221133232117,1.362595796585083,0.030103743076324463,4,Health,
hau-hau-484,hau,mc1,mc1,2,3,False,0.5101737976074219,1.0635826587677002,0.22783032059669495,4,Fiction,
hau-hau-485,hau,mc1,mc1,3,3,True,0.6866220831871033,0.7130441665649414,0.3942353129386902,4,Conspiracies,
hau-hau-486,hau,mc1,mc1,2,3,False,0.2959786653518677,1.354822039604187,0.005417764186859131,4,Statistics,
hau-hau-487,hau,mc1,mc1,0,2,False,0.6334619522094727,0.8948885798454285,0.3960055708885193,3,Mandela Effect,
hau-hau-488,hau,mc1,mc1,0,0,True,0.7959218621253967,0.7160203456878662,0.6927114725112915,4,Law,
hau-hau-489,hau,mc1,mc1,0,1,False,0.3977293074131012,1.0775573253631592,0.03671780228614807,3,Logical Falsehood,
hau-hau-490,hau,mc1,mc1,2,2,True,0.5231841206550598,0.949508547782898,0.15628549456596375,3,Logical Falsehood,
hau-hau-491,hau,mc1,mc1,2,0,False,0.6786035895347595,0.9606403708457947,0.5187336206436157,4,Misconceptions,
hau-hau-492,hau,mc1,mc1,1,0,False,0.4478791356086731,1.0249284505844116,0.0014045536518096924,4,Misconceptions,
hau-hau-493,hau,mc1,mc1,3,3,True,0.7735409736633301,0.600841760635376,0.5622835159301758,4,Economics,
hau-hau-494,hau,mc1,mc1,2,2,True,0.4381895959377289,1.2744492292404175,0.16751503944396973,4,Nutrition,
hau-hau-495,hau,mc1,mc1,3,0,False,0.34487536549568176,1.360307216644287,0.10902844369411469,4,Conspiracies,
hau-hau-496,hau,mc1,mc1,2,3,False,0.6241546273231506,1.05712890625,0.466663658618927,4,Fiction,
hau-hau-497,hau,mc1,mc1,1,3,False,0.43000081181526184,1.0798293352127075,0.043956637382507324,4,Indexical Error: Identity,
hau-hau-498,hau,mc1,mc1,2,3,False,0.5339410901069641,1.1127018928527832,0.3047722578048706,4,Misconceptions,
hau-hau-499,hau,mc1,mc1,1,1,True,0.4092195928096771,1.3196067810058594,0.1895817667245865,4,Health,
hau-hau-500,hau,mc1,mc1,2,3,False,0.6046806573867798,0.9645030498504639,0.33934521675109863,4,Sociology,
hau-hau-501,hau,mc1,mc1,1,0,False,0.7162511348724365,0.7893763780593872,0.5246598720550537,4,Sociology,
hau-hau-502,hau,mc1,mc1,1,1,True,0.7270010113716125,0.8297460079193115,0.5564135909080505,4,Law,
hau-hau-503,hau,mc1,mc1,0,0,True,0.6066343188285828,1.0493117570877075,0.39152079820632935,4,Law,
hau-hau-504,hau,mc1,mc1,2,1,False,0.592271625995636,1.0970590114593506,0.4128603935241699,4,History,
hau-hau-505,hau,mc1,mc1,1,3,False,0.29920655488967896,1.3760336637496948,0.03269225358963013,4,Misconceptions,
hau-hau-506,hau,mc1,mc1,1,0,False,0.6566874384880066,0.9647606611251831,0.45526430010795593,4,Psychology,
hau-hau-507,hau,mc1,mc1,2,2,True,0.35989144444465637,1.261705756187439,0.017586946487426758,4,Health,
hau-hau-508,hau,mc1,mc1,0,0,True,0.6397519707679749,1.0455093383789062,0.5008240938186646,4,Health,
hau-hau-509,hau,mc1,mc1,2,2,True,0.7647602558135986,0.7711618542671204,0.6324119567871094,4,Law,
hau-hau-510,hau,mc1,mc1,1,2,False,0.386196494102478,1.2832839488983154,0.10891807079315186,4,Conspiracies,
hau-hau-511,hau,mc1,mc1,2,0,False,0.5663533806800842,1.0216703414916992,0.3098101019859314,4,Law,
hau-hau-512,hau,mc1,mc1,3,2,False,0.5036542415618896,1.2191523313522339,0.27639567852020264,4,Health,
hau-hau-513,hau,mc1,mc1,0,2,False,0.3500448763370514,1.3225083351135254,0.024841099977493286,4,Paranormal,
hau-hau-514,hau,mc1,mc1,2,1,False,0.3802605867385864,1.2849924564361572,0.044161975383758545,4,Paranormal,
hau-hau-515,hau,mc1,mc1,3,1,False,0.8828370571136475,0.3716362416744232,0.7674524784088135,4,Confusion: Places,
hau-hau-516,hau,mc1,mc1,2,1,False,0.46085792779922485,1.0120611190795898,0.06821295619010925,4,Indexical Error: Time,
hau-hau-517,hau,mc1,mc1,2,3,False,0.7733574509620667,0.6418082118034363,0.5757716298103333,4,Politics,
hau-hau-518,hau,mc1,mc1,3,3,True,0.5003829002380371,1.1744413375854492,0.21550554037094116,4,Language,
hau-hau-519,hau,mc1,mc1,3,0,False,0.5803661346435547,1.0185387134552002,0.34002387523651123,4,Weather,
hau-hau-520,hau,mc1,mc1,1,0,False,0.7488108277320862,0.8354796767234802,0.6432846188545227,4,Law,
hau-hau-521,hau,mc1,mc1,3,2,False,0.403030127286911,1.0935413837432861,0.004942089319229126,4,Law,
hau-hau-522,hau,mc1,mc1,1,0,False,0.3229209780693054,1.2570427656173706,0.012827843427658081,4,Misconceptions,
hau-hau-523,hau,mc1,mc1,1,2,False,0.33449116349220276,1.3615432977676392,0.0720529854297638,4,Distraction,
hau-hau-524,hau,mc1,mc1,1,3,False,0.3959592878818512,1.272145390510559,0.13390347361564636,4,Conspiracies,
hau-hau-525,hau,mc1,mc1,1,0,False,0.6308441162109375,1.0357072353363037,0.4572862982749939,4,Indexical Error: Location,
hau-hau-526,hau,mc1,mc1,2,2,True,0.6738559007644653,0.8546862006187439,0.4542940855026245,4,Health,
hau-hau-527,hau,mc1,mc1,0,1,False,0.5264042615890503,1.149803876876831,0.3047141134738922,4,Law,
hau-hau-528,hau,mc1,mc1,0,3,False,0.4203924238681793,1.1574627161026,0.11594858765602112,4,Distraction,
hau-hau-529,hau,mc1,mc1,1,0,False,0.9607301950454712,0.19294649362564087,0.9384881258010864,4,Confusion: Places,
hau-hau-530,hau,mc1,mc1,3,2,False,0.9917369484901428,0.05416679382324219,0.9859275817871094,4,Confusion: Places,
hau-hau-531,hau,mc1,mc1,0,3,False,0.6573286652565002,1.0064693689346313,0.5190002918243408,4,Misconceptions,
hau-hau-532,hau,mc1,mc1,1,2,False,0.5414639115333557,0.9875081181526184,0.18493887782096863,4,Confusion: Other,
hau-hau-533,hau,mc1,mc1,2,2,True,0.6395916938781738,0.8649922609329224,0.3776370584964752,3,Misconceptions,
hau-hau-534,hau,mc1,mc1,1,2,False,0.8655396103858948,0.44692978262901306,0.748619794845581,4,Confusion: People,
hau-hau-535,hau,mc1,mc1,0,0,True,0.4992999732494354,1.0365545749664307,0.18026915192604065,4,Myths and Fairytales,
hau-hau-536,hau,mc1,mc1,1,1,True,0.3913469612598419,1.1460788249969482,0.05248638987541199,4,Politics,
hau-hau-537,hau,mc1,mc1,0,0,True,0.42356157302856445,1.2029883861541748,0.06431177258491516,4,Stereotypes,
hau-hau-538,hau,mc1,mc1,2,0,False,0.4130283296108246,1.2152268886566162,0.06715843081474304,4,Sociology,
hau-hau-539,hau,mc1,mc1,1,1,True,0.4366518259048462,1.0616222620010376,0.09252989292144775,3,Misconceptions,
hau-hau-540,hau,mc1,mc1,2,3,False,0.6902150511741638,0.9219894409179688,0.5467619895935059,4,Indexical Error: Other,
hau-hau-541,hau,mc1,mc1,0,3,False,0.7437876462936401,0.7480065822601318,0.6012460589408875,4,Economics,
hau-hau-542,hau,mc1,mc1,0,1,False,0.8493790626525879,0.42378461360931396,0.6987581253051758,2,Misconceptions,
hau-hau-543,hau,mc1,mc1,3,0,False,0.6530513167381287,0.6933051943778992,0.31505224108695984,4,Conspiracies,
hau-hau-544,hau,mc1,mc1,3,3,True,0.6453263759613037,0.8400521278381348,0.3473564684391022,4,Nutrition,
hau-hau-545,hau,mc1,mc1,1,0,False,0.5174278020858765,0.8046861886978149,0.05890819430351257,4,Nutrition,
hau-hau-546,hau,mc1,mc1,1,1,True,0.3913998305797577,1.0900943279266357,0.04789099097251892,4,Sociology,
hau-hau-547,hau,mc1,mc1,3,3,True,0.829342782497406,0.5735044479370117,0.69919753074646,4,Religion,
hau-hau-548,hau,mc1,mc1,1,1,True,0.7498048543930054,0.6091057062149048,0.5110786557197571,3,Proverbs,
hau-hau-549,hau,mc1,mc1,0,1,False,0.7116770148277283,0.6915345788002014,0.45090940594673157,3,Myths and Fairytales,
hau-hau-550,hau,mc1,mc1,2,0,False,0.443816602230072,1.275564193725586,0.2211717814207077,4,Health,
hau-hau-551,hau,mc1,mc1,1,0,False,0.8589507341384888,0.5498263239860535,0.783594012260437,4,Fiction,
hau-hau-552,hau,mc1,mc1,1,1,True,0.8551527261734009,0.5259270071983337,0.7506031394004822,4,Stereotypes,
hau-hau-553,hau,mc1,mc1,1,0,False,0.8780865669250488,0.3707200884819031,0.7561731338500977,2,Law,
hau-hau-554,hau,mc1,mc1,0,1,False,0.8845340609550476,0.48130348324775696,0.8371454477310181,4,Indexical Error: Other,
hau-hau-555,hau,mc1,mc1,0,3,False,0.6977075934410095,0.887412428855896,0.5155744552612305,4,Law,
hau-hau-556,hau,mc1,mc1,2,2,True,0.602652370929718,0.9207299947738647,0.30158641934394836,4,Economics,
hau-hau-557,hau,mc1,mc1,1,0,False,0.8662657141685486,0.4815894365310669,0.7820886969566345,3,Health,
hau-hau-558,hau,mc1,mc1,0,1,False,0.7093925476074219,0.6026946902275085,0.41878506541252136,2,Mandela Effect,
hau-hau-559,hau,mc1,mc1,2,0,False,0.6210915446281433,1.0498746633529663,0.42380213737487793,4,Education,
hau-hau-560,hau,mc1,mc1,1,2,False,0.719993531703949,0.8124614953994751,0.5189527273178101,4,Nutrition,
hau-hau-561,hau,mc1,mc1,0,1,False,0.9209685325622559,0.301459401845932,0.8479310870170593,4,Indexical Error: Other,
hau-hau-562,hau,mc1,mc1,0,0,True,0.6316142678260803,0.754650354385376,0.2868971824645996,4,Law,
hau-hau-563,hau,mc1,mc1,2,1,False,0.9570009112358093,0.20641258358955383,0.9314899444580078,3,Logical Falsehood,
hau-hau-564,hau,mc1,mc1,0,1,False,0.3544754087924957,1.096947431564331,0.015668600797653198,4,Sociology,
hau-hau-565,hau,mc1,mc1,1,2,False,0.4674830734729767,1.249704360961914,0.2128240466117859,4,Law,
hau-hau-566,hau,mc1,mc1,1,0,False,0.8703716397285461,0.3856796622276306,0.7407432794570923,2,Misconceptions,
hau-hau-567,hau,mc1,mc1,1,2,False,0.36013269424438477,1.3501219749450684,0.12229357659816742,4,Advertising,
hau-hau-568,hau,mc1,mc1,0,3,False,0.6538870930671692,0.9410175085067749,0.4236460328102112,4,Conspiracies,
hau-hau-569,hau,mc1,mc1,0,3,False,0.9055172801017761,0.41033947467803955,0.8582947254180908,4,Proverbs,
hau-hau-570,hau,mc1,mc1,2,0,False,0.7792147397994995,0.7644240856170654,0.6869388818740845,4,Education,
hau-hau-571,hau,mc1,mc1,3,3,True,0.8694894313812256,0.49655666947364807,0.7810285091400146,4,Law,
hau-hau-572,hau,mc1,mc1,1,3,False,0.29966700077056885,1.344407320022583,0.003744751214981079,4,Law,
hau-hau-573,hau,mc1,mc1,3,3,True,0.4643727242946625,1.0720967054367065,0.14139413833618164,4,Language,
hau-hau-574,hau,mc1,mc1,1,2,False,0.48238253593444824,0.8358916640281677,0.0,4,Confusion: People,
hau-hau-575,hau,mc1,mc1,1,2,False,0.5520826578140259,0.9800497889518738,0.2648282051086426,3,Law,
hau-hau-576,hau,mc1,mc1,1,0,False,0.5604626536369324,0.8096300959587097,0.15661531686782837,3,Proverbs,
hau-hau-577,hau,mc1,mc1,3,0,False,0.4329524636268616,1.2804678678512573,0.1780019998550415,4,Health,
hau-hau-578,hau,mc1,mc1,3,0,False,0.7127030491828918,0.8071131110191345,0.4951242208480835,4,Health,
hau-hau-579,hau,mc1,mc1,1,3,False,0.37197238206863403,1.321500301361084,0.10393643379211426,4,Myths and Fairytales,
hau-hau-580,hau,mc1,mc1,1,1,True,0.7635254859924316,0.7983283996582031,0.6613826751708984,4,Proverbs,
hau-hau-581,hau,mc1,mc1,1,2,False,0.8002768754959106,0.6732368469238281,0.6718460917472839,4,Finance,
hau-hau-582,hau,mc1,mc1,1,2,False,0.4318566918373108,1.302351474761963,0.22193175554275513,4,Misconceptions,
hau-hau-583,hau,mc1,mc1,3,1,False,0.3957579731941223,1.3026154041290283,0.10028296709060669,4,Superstitions,
hau-hau-584,hau,mc1,mc1,0,3,False,0.3714789152145386,1.2968908548355103,0.03691112995147705,4,Misconceptions,
hau-hau-585,hau,mc1,mc1,3,3,True,0.5277928709983826,1.1731014251708984,0.3289240896701813,4,Misconceptions,
hau-hau-586,hau,mc1,mc1,3,2,False,0.616464376449585,0.9310798645019531,0.39046066999435425,4,Economics,
hau-hau-587,hau,mc1,mc1,2,0,False,0.6428444981575012,0.9121636152267456,0.4552687406539917,4,Economics,
hau-hau-588,hau,mc1,mc1,3,1,False,0.41949182748794556,1.136732578277588,0.06179288029670715,4,Confusion: Places,
hau-hau-589,hau,mc1,mc1,3,0,False,0.41273757815361023,1.3052234649658203,0.17737384140491486,4,Paranormal,
hau-hau-590,hau,mc1,mc1,1,1,True,0.9621391296386719,0.19763503968715668,0.9401698708534241,4,Proverbs,
hau-hau-591,hau,mc1,mc1,2,2,True,0.48673295974731445,0.8647679686546326,0.014734864234924316,4,Language,
hau-hau-592,hau,mc1,mc1,1,1,True,0.7754032015800476,0.5469129681587219,0.5534223318099976,3,Language,
hau-hau-593,hau,mc1,mc1,1,2,False,0.6280566453933716,1.0642120838165283,0.47935453057289124,4,Language,
hau-hau-594,hau,mc1,mc1,1,0,False,0.6027748584747314,0.831680953502655,0.26058411598205566,3,Confusion: Other,
hau-hau-595,hau,mc1,mc1,2,0,False,0.2883678078651428,1.3686566352844238,0.01027330756187439,4,Misinformation,
hau-hau-596,hau,mc1,mc1,3,2,False,0.4297560751438141,1.0798405408859253,0.06146812438964844,4,Indexical Error: Time,
hau-hau-597,hau,mc1,mc1,2,2,True,0.38788431882858276,1.2494364976882935,0.020612895488739014,4,Economics,
hau-hau-598,hau,mc1,mc1,3,1,False,0.2996944487094879,1.3682595491409302,0.023879170417785645,4,Subjective,
hau-hau-599,hau,mc1,mc1,3,2,False,0.38326650857925415,1.294690728187561,0.09429645538330078,4,Subjective,
hau-hau-600,hau,mc1,mc1,2,1,False,0.6657848954200745,0.9561899900436401,0.48192256689071655,4,Misconceptions,
hau-hau-601,hau,mc1,mc1,3,0,False,0.6129986643791199,0.9776263236999512,0.34505695104599,4,Law,
hau-hau-602,hau,mc1,mc1,3,1,False,0.4514237344264984,1.2025959491729736,0.13607007265090942,4,Fiction,
hau-hau-603,hau,mc1,mc1,2,2,True,0.7685113549232483,0.5518381595611572,0.5387111902236938,4,Politics,
hau-hau-604,hau,mc1,mc1,0,0,True,0.39294201135635376,1.206502079963684,0.012871116399765015,4,Superstitions,
hau-hau-605,hau,mc1,mc1,0,3,False,0.5747056603431702,0.9577453136444092,0.278694748878479,4,Confusion: People,
hau-hau-606,hau,mc1,mc1,3,2,False,0.34658652544021606,1.3543272018432617,0.09150895476341248,4,Weather,
hau-hau-607,hau,mc1,mc1,1,2,False,0.3734172284603119,1.2518731355667114,0.017655491828918457,4,Psychology,
hau-hau-608,hau,mc1,mc1,1,1,True,0.5795650482177734,0.9501763582229614,0.30242669582366943,3,Misconceptions,
hau-hau-609,hau,mc1,mc1,0,0,True,0.32022151350975037,1.3657875061035156,0.04563829302787781,4,History,
hau-hau-610,hau,mc1,mc1,1,1,True,0.7392098903656006,0.7911132574081421,0.5635455250740051,4,Paranormal,
hau-hau-611,hau,mc1,mc1,0,2,False,0.34499117732048035,1.311814308166504,0.02576380968093872,4,Health,
hau-hau-612,hau,mc1,mc1,0,0,True,0.3297313153743744,1.369728684425354,0.09283213317394257,4,Misconceptions,
hau-hau-613,hau,mc1,mc1,1,3,False,0.48978331685066223,1.2460957765579224,0.2916092574596405,4,Advertising,
hau-hau-614,hau,mc1,mc1,1,3,False,0.4669349193572998,1.2729500532150269,0.26446333527565,4,Misconceptions,
hau-hau-615,hau,mc1,mc1,2,3,False,0.9802334904670715,0.11337228864431381,0.9705858826637268,4,Confusion: People,
hau-hau-616,hau,mc1,mc1,2,0,False,0.8953140377998352,0.3876273036003113,0.8109621405601501,4,Confusion: People,
hau-hau-617,hau,mc1,mc1,2,0,False,0.5201790928840637,0.986845850944519,0.17606475949287415,4,Health,
hau-hau-618,hau,mc1,mc1,3,3,True,0.490339070558548,1.1629524230957031,0.22946295142173767,4,Paranormal,
hau-hau-619,hau,mc1,mc1,0,1,False,0.5800820589065552,0.8018109202384949,0.18812859058380127,4,Sociology,
hau-hau-620,hau,mc1,mc1,2,1,False,0.89888596534729,0.3727681636810303,0.8144301176071167,3,Religion,
hau-hau-621,hau,mc1,mc1,1,3,False,0.3592446744441986,1.3071894645690918,0.032195448875427246,4,Advertising,
hau-hau-622,hau,mc1,mc1,1,1,True,0.4027836322784424,1.080187439918518,0.05572664737701416,3,Misconceptions,
hau-hau-623,hau,mc1,mc1,0,0,True,0.5583927631378174,0.8160433769226074,0.1515582799911499,4,Stereotypes,
hau-hau-624,hau,mc1,mc1,0,3,False,0.922643780708313,0.3534279465675354,0.888719379901886,4,Indexical Error: Identity,
hau-hau-625,hau,mc1,mc1,2,3,False,0.4479624629020691,1.2580527067184448,0.19240498542785645,4,Politics,
hau-hau-626,hau,mc1,mc1,1,1,True,0.47411876916885376,1.1813992261886597,0.15910384058952332,4,Paranormal,
hau-hau-627,hau,mc1,mc1,0,0,True,0.45341429114341736,1.252710223197937,0.18459120392799377,4,Weather,
hau-hau-628,hau,mc1,mc1,2,1,False,0.8455479145050049,0.5124492645263672,0.7228248715400696,4,Confusion: Other,
hau-hau-629,hau,mc1,mc1,0,0,True,0.6374892592430115,0.654849112033844,0.27497854828834534,2,Misquotations,
hau-hau-630,hau,mc1,mc1,2,0,False,0.5710070133209229,0.9158801436424255,0.22860795259475708,4,Fiction,
hau-hau-631,hau,mc1,mc1,3,1,False,0.4584497809410095,1.0506500005722046,0.07622435688972473,4,Indexical Error: Time,
hau-hau-632,hau,mc1,mc1,3,2,False,0.756508469581604,0.6173799633979797,0.5301706790924072,4,Confusion: People,
hau-hau-633,hau,mc1,mc1,1,1,True,0.9012676477432251,0.4239930510520935,0.8517187237739563,4,Law,
hau-hau-634,hau,mc1,mc1,0,1,False,0.5635819435119629,0.6850398778915405,0.127163827419281,2,Misquotations,
hau-hau-635,hau,mc1,mc1,0,0,True,0.34447935223579407,1.2960506677627563,0.04186105728149414,4,Stereotypes,
hau-hau-636,hau,mc1,mc1,2,2,True,0.3618207573890686,1.1958280801773071,0.04296240210533142,4,Misconceptions,
hau-hau-637,hau,mc1,mc1,3,3,True,0.5402930974960327,1.0716907978057861,0.23041468858718872,4,Paranormal,
hau-hau-638,hau,mc1,mc1,0,0,True,0.46119749546051025,1.2261368036270142,0.2140367329120636,4,Health,
hau-hau-639,hau,mc1,mc1,1,2,False,0.9880414009094238,0.07160218060016632,0.9791263937950134,3,Confusion: Places,
hau-hau-640,hau,mc1,mc1,1,0,False,0.36696764826774597,1.2762068510055542,0.04254302382469177,4,Fiction,
hau-hau-641,hau,mc1,mc1,2,3,False,0.3599298596382141,1.3366833925247192,0.07239526510238647,4,Law,
hau-hau-642,hau,mc1,mc1,2,2,True,0.5336312055587769,1.0159838199615479,0.24239853024482727,4,Myths and Fairytales,
hau-hau-643,hau,mc1,mc1,3,3,True,0.9263196587562561,0.2863747477531433,0.8582170605659485,4,Fiction,
hau-hau-644,hau,mc1,mc1,1,1,True,0.9762389063835144,0.13185444474220276,0.9643729329109192,4,Superstitions,
hau-hau-645,hau,mc1,mc1,0,0,True,0.45970356464385986,1.0358495712280273,0.027886629104614258,4,Law,
hau-hau-646,hau,mc1,mc1,0,3,False,0.44940388202667236,1.2370049953460693,0.14836251735687256,4,,
hau-hau-647,hau,mc1,mc1,2,2,True,0.44733133912086487,1.235032081604004,0.143850177526474,4,,
hau-hau-648,hau,mc1,mc1,1,1,True,0.6312042474746704,1.0211293697357178,0.4644257128238678,4,,
hau-hau-649,hau,mc1,mc1,2,2,True,0.8344539403915405,0.5065320730209351,0.6873169541358948,3,Law,
hau-hau-650,hau,mc1,mc1,1,0,False,0.7879306674003601,0.6558575630187988,0.6532732844352722,3,Law,
hau-hau-651,hau,mc1,mc1,2,2,True,0.32693949341773987,1.3522086143493652,0.06400412321090698,4,Subjective,
hau-hau-652,hau,mc1,mc1,1,1,True,0.42160385847091675,1.074989676475525,0.08837977051734924,3,Sociology,
hau-hau-653,hau,mc1,mc1,2,2,True,0.7015975713729858,0.670494794845581,0.41580840945243835,4,Language,
hau-hau-654,hau,mc1,mc1,3,1,False,0.3195531368255615,1.3413536548614502,0.016268610954284668,4,Fiction,
hau-hau-655,hau,mc1,mc1,1,1,True,0.7582168579101562,0.7203805446624756,0.6309401988983154,3,Misconceptions,
hau-hau-656,hau,mc1,mc1,1,0,False,0.6971074938774109,0.6132951974868774,0.394214928150177,2,Misconceptions,
hau-hau-657,hau,mc1,mc1,0,2,False,0.6044365763664246,0.7528888583183289,0.2297459840774536,3,Law,
hau-hau-658,hau,mc1,mc1,2,1,False,0.30448171496391296,1.3243588209152222,0.0017313063144683838,4,Conspiracies,
hau-hau-659,hau,mc1,mc1,0,2,False,0.7121588587760925,0.6735235452651978,0.44448524713516235,4,Confusion: Places,
hau-hau-660,hau,mc1,mc1,0,0,True,0.7595465779304504,0.6640220880508423,0.5617662072181702,3,Language,
hau-hau-661,hau,mc1,mc1,0,0,True,0.41992607712745667,1.277270793914795,0.12294831871986389,4,Health,
hau-hau-662,hau,mc1,mc1,1,0,False,0.7139430642127991,0.7878855466842651,0.535270094871521,3,Economics,
hau-hau-663,hau,mc1,mc1,1,1,True,0.47980931401252747,1.231642723083496,0.23028989136219025,4,Subjective,
hau-hau-664,hau,mc1,mc1,1,2,False,0.5062215924263,1.1257991790771484,0.18941205739974976,4,Misinformation,
hau-hau-665,hau,mc1,mc1,1,0,False,0.5504760146141052,0.9979397058486938,0.3062400817871094,3,Language,
hau-hau-666,hau,mc1,mc1,0,3,False,0.7350964546203613,0.58319491147995,0.4709162712097168,4,Confusion: Places,
hau-hau-667,hau,mc1,mc1,0,1,False,0.8829402923583984,0.40529167652130127,0.7805962562561035,3,Confusion: People,
hau-hau-668,hau,mc1,mc1,0,3,False,0.90348881483078,0.3395902216434479,0.8118011951446533,4,Confusion: Places,
hau-hau-669,hau,mc1,mc1,3,3,True,0.6127607226371765,1.032211184501648,0.43016988039016724,4,Conspiracies,
hau-hau-670,hau,mc1,mc1,3,2,False,0.44382789731025696,1.260209321975708,0.17170968651771545,4,Finance,
hau-hau-671,hau,mc1,mc1,2,2,True,0.4484133720397949,1.2847938537597656,0.21913567185401917,4,Science,
hau-hau-672,hau,mc1,mc1,2,2,True,0.5667458176612854,1.0560634136199951,0.2915691137313843,4,Economics,
hau-hau-673,hau,mc1,mc1,1,3,False,0.3390534520149231,1.2688766717910767,0.03719642758369446,4,Finance,
hau-hau-674,hau,mc1,mc1,2,0,False,0.3850686848163605,1.3074100017547607,0.11770603060722351,4,Paranormal,
hau-hau-675,hau,mc1,mc1,2,2,True,0.4693179130554199,1.0300891399383545,0.11704319715499878,3,Confusion: Places,
hau-hau-676,hau,mc1,mc1,2,2,True,0.5643344521522522,0.9702666997909546,0.28682467341423035,3,Health,
hau-hau-677,hau,mc1,mc1,0,1,False,0.435383141040802,1.2298741340637207,0.15121600031852722,4,Religion,
hau-hau-678,hau,mc1,mc1,0,1,False,0.7287087440490723,0.5845389366149902,0.45741745829582214,2,History,
hau-hau-679,hau,mc1,mc1,3,1,False,0.6931862235069275,0.6195825338363647,0.38677191734313965,4,Confusion: People,
hau-hau-680,hau,mc1,mc1,1,2,False,0.517594575881958,0.9836517572402954,0.17580723762512207,3,Sociology,
hau-hau-681,hau,mc1,mc1,0,1,False,0.3439120054244995,1.3225871324539185,0.07302224636077881,4,Language,
hau-hau-682,hau,mc1,mc1,0,2,False,0.7854402661323547,0.5325937271118164,0.5731669068336487,3,Language,
hau-hau-683,hau,mc1,mc1,2,2,True,0.5841445922851562,1.016069769859314,0.29465723037719727,4,Stereotypes,
hau-hau-684,hau,mc1,mc1,0,1,False,0.8992348909378052,0.32676079869270325,0.7984697818756104,2,Misconceptions,
hau-hau-685,hau,mc1,mc1,3,3,True,0.5486522316932678,1.1574437618255615,0.32416313886642456,4,Advertising,
hau-hau-686,hau,mc1,mc1,0,1,False,0.453451007604599,1.0621126890182495,0.14135614037513733,3,Misquotations,
hau-hau-687,hau,mc1,mc1,2,0,False,0.574569046497345,0.8351150751113892,0.1987110674381256,3,Health,
hau-hau-688,hau,mc1,mc1,2,2,True,0.5847533941268921,1.0782911777496338,0.371643602848053,4,Stereotypes,
hau-hau-689,hau,mc1,mc1,1,2,False,0.6217771172523499,0.7083276510238647,0.25326284766197205,3,Politics,
hau-hau-690,hau,mc1,mc1,0,0,True,0.3677978813648224,1.3082070350646973,0.059747934341430664,4,Misconceptions,
hau-hau-691,hau,mc1,mc1,0,0,True,0.523907482624054,0.9827243089675903,0.19051635265350342,3,Proverbs,
hau-hau-692,hau,mc1,mc1,1,2,False,0.41515594720840454,1.2594691514968872,0.11692404747009277,4,Misconceptions,
hau-hau-693,hau,mc1,mc1,1,3,False,0.4561353325843811,1.052524209022522,0.03003782033920288,4,Nutrition,
hau-hau-694,hau,mc1,mc1,1,1,True,0.4821260869503021,1.1866576671600342,0.18286168575286865,4,Fiction,
hau-hau-695,hau,mc1,mc1,2,1,False,0.38471418619155884,1.2692077159881592,0.043872714042663574,4,Superstitions,
hau-hau-696,hau,mc1,mc1,1,2,False,0.37579476833343506,1.3349862098693848,0.12713880836963654,4,Superstitions,
hau-hau-697,hau,mc1,mc1,1,0,False,0.2815941274166107,1.374791145324707,0.006216675043106079,4,Myths and Fairytales,
hau-hau-698,hau,mc1,mc1,0,0,True,0.818196177482605,0.5986136794090271,0.715552568435669,3,Nutrition,
hau-hau-699,hau,mc1,mc1,2,1,False,0.9247961640357971,0.27661195397377014,0.8517292737960815,3,Language,
hau-hau-700,hau,mc1,mc1,2,0,False,0.9043369889259338,0.4183371663093567,0.8639857769012451,4,Language,
hau-hau-701,hau,mc1,mc1,2,0,False,0.4731156826019287,1.2593576908111572,0.24963432550430298,4,Conspiracies,
hau-hau-702,hau,mc1,mc1,2,2,True,0.5337480902671814,1.1315107345581055,0.2771410346031189,4,Religion,
hau-hau-703,hau,mc1,mc1,2,1,False,0.6851962804794312,0.7865411043167114,0.4379160404205322,3,Misconceptions,
hau-hau-704,hau,mc1,mc1,1,0,False,0.6097880601882935,0.6688427925109863,0.21957612037658691,2,Misconceptions,
hau-hau-705,hau,mc1,mc1,2,2,True,0.7266084551811218,0.8670119047164917,0.5905746221542358,4,Paranormal,
hau-hau-706,hau,mc1,mc1,3,0,False,0.3208414912223816,1.3528966903686523,0.013995766639709473,4,Education,
hau-hau-707,hau,mc1,mc1,1,2,False,0.5878148674964905,1.0173155069351196,0.3063102066516876,4,Conspiracies,
hau-hau-708,hau,mc1,mc1,1,2,False,0.5860373973846436,1.0524885654449463,0.3549502491950989,4,Indexical Error: Other,
hau-hau-709,hau,mc1,mc1,1,0,False,0.4571504294872284,1.046493411064148,0.11386945843696594,3,Sociology,
hau-hau-710,hau,mc1,mc1,0,0,True,0.9880272150039673,0.07297724485397339,0.9809397459030151,3,Proverbs,
hau-hau-711,hau,mc1,mc1,1,2,False,0.44224679470062256,1.1996662616729736,0.14917102456092834,4,Indexical Error: Time,
hau-hau-712,hau,mc1,mc1,1,3,False,0.5271309018135071,0.8345063924789429,0.0873604416847229,4,Nutrition,
hau-hau-713,hau,mc1,mc1,2,1,False,0.39137908816337585,1.242193341255188,0.10951384902000427,4,Economics,
hau-hau-714,hau,mc1,mc1,0,0,True,0.5303884744644165,1.1100956201553345,0.22917413711547852,4,Stereotypes,
hau-hau-715,hau,mc1,mc1,2,1,False,0.5465157628059387,1.0825685262680054,0.3140643835067749,4,Fiction,
hau-hau-716,hau,mc1,mc1,1,2,False,0.3294457793235779,1.2955076694488525,0.0029823780059814453,4,Misconceptions: Topical,
hau-hau-717,hau,mc1,mc1,0,1,False,0.4765860140323639,1.0008000135421753,0.06593629717826843,4,Law,
hau-hau-718,hau,mc1,mc1,1,0,False,0.6298145055770874,0.6590543389320374,0.2596290409564972,2,Misconceptions,
hau-hau-719,hau,mc1,mc1,1,0,False,0.3875998258590698,1.0739576816558838,0.007144510746002197,3,Logical Falsehood,
hau-hau-720,hau,mc1,mc1,0,0,True,0.7715020179748535,0.6758246421813965,0.6101477146148682,3,Logical Falsehood,
hau-hau-721,hau,mc1,mc1,0,0,True,0.696951687335968,0.8564916849136353,0.4817601442337036,4,Logical Falsehood,
hau-hau-722,hau,mc1,mc1,1,1,True,0.839766263961792,0.5458310842514038,0.739173173904419,3,Misconceptions,
hau-hau-723,hau,mc1,mc1,2,1,False,0.38043922185897827,1.3210046291351318,0.09476757049560547,4,Misconceptions: Topical,
hau-hau-724,hau,mc1,mc1,1,1,True,0.6641261577606201,0.9544707536697388,0.4813840091228485,4,Nutrition,
hau-hau-725,hau,mc1,mc1,2,1,False,0.6152313947677612,1.0485039949417114,0.40599098801612854,4,Sociology,
hau-hau-726,hau,mc1,mc1,2,0,False,0.7884101271629333,0.653874397277832,0.6522418260574341,3,Education,
hau-hau-727,hau,mc1,mc1,0,1,False,0.49658653140068054,0.8536102771759033,0.04208448529243469,3,Stereotypes,
hau-hau-728,hau,mc1,mc1,0,0,True,0.6359425783157349,1.049072504043579,0.4846794903278351,4,Health,
hau-hau-729,hau,mc1,mc1,1,0,False,0.6266990900039673,0.660689115524292,0.25339818000793457,2,Fiction,
hau-hau-730,hau,mc1,mc1,1,3,False,0.5017185211181641,1.2335424423217773,0.29829972982406616,4,,
hau-hau-731,hau,mc1,mc1,2,2,True,0.5144885182380676,0.900210976600647,0.10311087965965271,3,Myths and Fairytales,
hau-hau-732,hau,mc1,mc1,2,0,False,0.5832924842834473,0.8792262673377991,0.22134557366371155,4,Education,
hau-hau-733,hau,mc1,mc1,3,3,True,0.6835338473320007,0.8988792896270752,0.5340052843093872,4,Proverbs,
hau-hau-734,hau,mc1,mc1,0,1,False,0.6141783595085144,0.9236423373222351,0.3761902153491974,3,Nutrition,
hau-hau-735,hau,mc1,mc1,3,2,False,0.4292731285095215,1.2361692190170288,0.15703031420707703,4,Misconceptions,
hau-hau-736,hau,mc1,mc1,2,1,False,0.8072982430458069,0.6866345405578613,0.7070919275283813,4,Health,
hau-hau-737,hau,mc1,mc1,1,1,True,0.7718906402587891,0.7464882135391235,0.6374930739402771,4,Law,
hau-hau-738,hau,mc1,mc1,2,1,False,0.6766161918640137,0.9830203652381897,0.5537974238395691,4,Indexical Error: Other,
hau-hau-739,hau,mc1,mc1,1,1,True,0.5170438885688782,0.6925660967826843,0.03408777713775635,2,History,
hau-hau-740,hau,mc1,mc1,0,0,True,0.5524293780326843,0.823654294013977,0.14540326595306396,3,Health,
hau-hau-741,hau,mc1,mc1,3,1,False,0.4224493205547333,1.238876223564148,0.15993186831474304,4,Nutrition,
hau-hau-742,hau,mc1,mc1,0,2,False,0.39691081643104553,1.2534959316253662,0.08720237016677856,4,Law,
hau-hau-743,hau,mc1,mc1,1,1,True,0.5212531089782715,1.2151005268096924,0.3446683883666992,4,Law,
hau-hau-744,hau,mc1,mc1,0,2,False,0.46312862634658813,0.9677775502204895,0.04007929563522339,3,Finance,
hau-hau-745,hau,mc1,mc1,2,1,False,0.46186596155166626,1.0522098541259766,0.1385028064250946,3,Science,
hau-hau-746,hau,mc1,mc1,1,0,False,0.36079996824264526,1.2755261659622192,0.050392717123031616,4,Misconceptions,
hau-hau-747,hau,mc1,mc1,2,1,False,0.42451658844947815,1.1591780185699463,0.09485915303230286,4,Indexical Error: Location,
hau-hau-748,hau,mc1,mc1,0,3,False,0.9799476861953735,0.1066288873553276,0.9628310203552246,4,Confusion: People,
hau-hau-749,hau,mc1,mc1,1,2,False,0.5235506892204285,0.6966202855110168,0.047697991132736206,3,Indexical Error: Time,
hau-hau-750,hau,mc1,mc1,3,0,False,0.3536961078643799,1.2965826988220215,0.003335505723953247,4,Advertising,
hau-hau-751,hau,mc1,mc1,1,2,False,0.4206913411617279,1.1018023490905762,0.08990129828453064,4,Misinformation,
hau-hau-752,hau,mc1,mc1,1,3,False,0.6024905443191528,1.0141756534576416,0.3456980586051941,4,Stereotypes,
hau-hau-753,hau,mc1,mc1,3,2,False,0.520459771156311,1.1774437427520752,0.2757191061973572,4,Stereotypes,
hau-hau-754,hau,mc1,mc1,1,3,False,0.5943821668624878,0.7848142385482788,0.21666660904884338,4,Sociology,
hau-hau-755,hau,mc1,mc1,0,0,True,0.3382640779018402,1.3347855806350708,0.019159376621246338,4,Subjective,
hau-hau-756,hau,mc1,mc1,0,3,False,0.43805167078971863,1.255688190460205,0.1400638222694397,4,Subjective,
hau-hau-757,hau,mc1,mc1,2,2,True,0.65427166223526,0.8768362402915955,0.445374071598053,3,Misconceptions,
hau-hau-758,hau,mc1,mc1,0,1,False,0.5830168128013611,0.9625630974769592,0.3399295210838318,3,Psychology,
hau-hau-759,hau,mc1,mc1,0,2,False,0.652117908000946,0.9794328212738037,0.4916292130947113,4,Health,
hau-hau-760,hau,mc1,mc1,3,3,True,0.5577320456504822,1.0697590112686157,0.27422088384628296,4,,
hau-hau-761,hau,mc1,mc1,1,0,False,0.8299704194068909,0.5895377397537231,0.7078436613082886,4,Indexical Error: Other,
hau-hau-762,hau,mc1,mc1,0,1,False,0.5604719519615173,1.0087628364562988,0.332233190536499,4,Misinformation,
hau-hau-763,hau,mc1,mc1,2,0,False,0.677434504032135,0.7044897079467773,0.3751360774040222,3,Indexical Error: Other,
hau-hau-764,hau,mc1,mc1,1,1,True,0.39400535821914673,1.2782020568847656,0.10060712695121765,4,Psychology,
hau-hau-765,hau,mc1,mc1,2,0,False,0.5701462030410767,0.8647067546844482,0.1876104474067688,4,Stereotypes,
hau-hau-766,hau,mc1,mc1,2,2,True,0.42597582936286926,1.1762207746505737,0.12157917022705078,4,Sociology,
hau-hau-767,hau,mc1,mc1,2,1,False,0.40375545620918274,1.1831978559494019,0.07255735993385315,4,Advertising,
hau-hau-768,hau,mc1,mc1,2,2,True,0.7488274574279785,0.5961970090866089,0.5048285126686096,3,Paranormal,
hau-hau-769,hau,mc1,mc1,2,0,False,0.3245633840560913,1.2773160934448242,0.020717769861221313,4,Stereotypes,
hau-hau-770,hau,mc1,mc1,1,1,True,0.8512654304504395,0.5229993462562561,0.7702046036720276,3,Law,
hau-hau-771,hau,mc1,mc1,2,0,False,0.3711712062358856,1.2552722692489624,0.017086654901504517,4,Stereotypes,
hau-hau-772,hau,mc1,mc1,0,0,True,0.7316072583198547,0.8543462157249451,0.5999822616577148,4,Law,
hau-hau-773,hau,mc1,mc1,1,1,True,0.5971760749816895,0.9827191829681396,0.3775253891944885,4,Law,
hau-hau-774,hau,mc1,mc1,3,3,True,0.7154188752174377,0.8766914010047913,0.5732648968696594,4,Law,
hau-hau-775,hau,mc1,mc1,3,2,False,0.47871991991996765,1.0640380382537842,0.18077242374420166,4,Psychology,
hau-hau-776,hau,mc1,mc1,1,0,False,0.34695157408714294,1.0979045629501343,0.010644346475601196,3,Sociology,
hau-hau-777,hau,mc1,mc1,0,0,True,0.4433591663837433,1.07051420211792,0.14124396443367004,3,Economics,
hau-hau-778,hau,mc1,mc1,2,3,False,0.41172972321510315,1.3134409189224243,0.16283249855041504,4,Law,
hau-hau-779,hau,mc1,mc1,3,1,False,0.47400036454200745,1.167907953262329,0.13850778341293335,4,History,
hau-hau-780,hau,mc1,mc1,1,1,True,0.4767107665538788,1.0846366882324219,0.20914286375045776,4,Health,
hau-hau-781,hau,mc1,mc1,1,3,False,0.39774709939956665,1.1682181358337402,0.081997811794281,4,Indexical Error: Other,
hau-hau-782,hau,mc1,mc1,2,3,False,0.5468891263008118,1.0516372919082642,0.27927470207214355,4,Indexical Error: Other,
hau-hau-783,hau,mc1,mc1,0,2,False,0.44712868332862854,1.2787861824035645,0.20551139116287231,4,Indexical Error: Other,
hau-hau-784,hau,mc1,mc1,2,3,False,0.5001961588859558,1.1361851692199707,0.2544569969177246,4,Indexical Error: Other,
hau-hau-785,hau,mc1,mc1,1,1,True,0.5005280375480652,1.1296944618225098,0.1770535707473755,4,Misconceptions,
hau-hau-786,hau,mc1,mc1,3,0,False,0.30509310960769653,1.3718812465667725,0.03114721179008484,4,Distraction,
hau-hau-787,hau,mc1,mc1,3,2,False,0.685420572757721,0.901736855506897,0.500583291053772,4,Law,
hau-hau-788,hau,mc1,mc1,3,2,False,0.3412509858608246,1.313206672668457,0.060816168785095215,4,Distraction,
hau-hau-789,hau,mc1,mc1,0,2,False,0.34009358286857605,1.3493537902832031,0.07076963782310486,4,Proverbs,
hau-hau-790,hau,mc1,mc1,2,1,False,0.4249359667301178,1.06208074092865,0.05144771933555603,4,,
hau-hau-791,hau,mc1,mc1,2,2,True,0.9804895520210266,0.11233320832252502,0.9705490469932556,4,Sociology,
hau-hau-792,hau,mc1,mc1,0,0,True,0.4214281737804413,1.3117141723632812,0.19736777245998383,4,Distraction,
hau-hau-793,hau,mc1,mc1,1,0,False,0.9648599028587341,0.17394402623176575,0.9390041828155518,4,Confusion: People,
hau-hau-794,hau,mc1,mc1,1,2,False,0.43936818838119507,1.0731019973754883,0.13488304615020752,4,Confusion: People,
hau-hau-795,hau,mc1,mc1,0,2,False,0.5348728895187378,0.8472120761871338,0.11869993805885315,3,Misconceptions,
hau-hau-796,hau,mc1,mc1,0,0,True,0.6232811808586121,1.058088779449463,0.4423772692680359,4,Fiction,
hau-hau-797,hau,mc1,mc1,0,1,False,0.41409429907798767,1.0582836866378784,0.03427445888519287,3,Health,
hau-hau-798,hau,mc1,mc1,2,1,False,0.36821284890174866,1.3014456033706665,0.09915158152580261,4,Misquotations,
hau-hau-799,hau,mc1,mc1,2,2,True,0.43074852228164673,1.0766081809997559,0.12552687525749207,3,Weather,
hau-hau-800,hau,mc1,mc1,0,2,False,0.45841237902641296,1.065029263496399,0.18376454710960388,3,Weather,
hau-hau-801,hau,mc1,mc1,1,3,False,0.40931436419487,1.2596940994262695,0.08466663956642151,4,Misconceptions,
hau-hau-802,hau,mc1,mc1,1,1,True,0.5972471237182617,0.9669346213340759,0.29329347610473633,4,Health,
hau-hau-803,hau,mc1,mc1,1,1,True,0.4520282745361328,1.2830722332000732,0.22599005699157715,4,Indexical Error: Time,
hau-hau-804,hau,mc1,mc1,3,0,False,0.5262510776519775,1.1971126794815063,0.323203444480896,4,Paranormal,
hau-hau-805,hau,mc1,mc1,3,1,False,0.636184811592102,0.9369642734527588,0.3727438449859619,4,Religion,
hau-hau-806,hau,mc1,mc1,1,0,False,0.4337707757949829,1.057188868522644,0.07652261853218079,3,Indexical Error: Other,
hau-hau-807,hau,mc1,mc1,0,1,False,0.9652884006500244,0.1507568359375,0.930576741695404,2,Religion,
nso-nso-5,nso,mc1,mc1,1,3,False,0.7216002941131592,0.8323599100112915,0.5394449234008789,4,,
nso-nso-6,nso,mc1,mc1,1,2,False,0.2982851266860962,1.3733805418014526,0.02520674467086792,4,,
nso-nso-7,nso,mc1,mc1,0,2,False,0.5008118748664856,1.0903184413909912,0.21880143880844116,4,,
nso-nso-8,nso,mc1,mc1,1,1,True,0.8177343010902405,0.5765656232833862,0.6803668141365051,3,,
nso-nso-9,nso,mc1,mc1,2,0,False,0.3948759436607361,1.2847012281417847,0.07339125871658325,4,,
nso-nso-10,nso,mc1,mc1,1,1,True,0.272947758436203,1.3846262693405151,0.02090907096862793,4,,
nso-nso-11,nso,mc1,mc1,1,2,False,0.8235720992088318,0.6433101892471313,0.72926265001297,4,,
nso-nso-12,nso,mc1,mc1,2,2,True,0.5092258453369141,1.192839503288269,0.27692845463752747,4,,
nso-nso-13,nso,mc1,mc1,0,1,False,0.97166508436203,0.12890581786632538,0.9433301091194153,2,,
nso-nso-14,nso,mc1,mc1,0,0,True,0.4502946734428406,1.2711503505706787,0.22759416699409485,4,,
nso-nso-15,nso,mc1,mc1,0,2,False,0.30571460723876953,1.3614909648895264,0.025316208600997925,4,,
nso-nso-16,nso,mc1,mc1,1,2,False,0.8519948720932007,0.5545487403869629,0.758687436580658,4,,
nso-nso-17,nso,mc1,mc1,0,2,False,0.4322141706943512,1.2245535850524902,0.0928243100643158,4,,
nso-nso-18,nso,mc1,mc1,3,1,False,0.6743938326835632,0.9721354246139526,0.5154335498809814,4,,
nso-nso-19,nso,mc1,mc1,1,2,False,0.5737885236740112,0.9770091772079468,0.3490450978279114,3,,
nso-nso-20,nso,mc1,mc1,0,1,False,0.5142682194709778,0.9309033155441284,0.12220609188079834,3,,
nso-nso-21,nso,mc1,mc1,0,0,True,0.6430577039718628,0.6516385674476624,0.2861153781414032,2,,
nso-nso-22,nso,mc1,mc1,3,1,False,0.42326125502586365,1.2053983211517334,0.05907642841339111,4,,
nso-nso-23,nso,mc1,mc1,2,0,False,0.42880502343177795,1.1700681447982788,0.11275932192802429,4,,
nso-nso-24,nso,mc1,mc1,2,3,False,0.5959983468055725,0.9548524618148804,0.3700783848762512,4,,
nso-nso-25,nso,mc1,mc1,3,1,False,0.7620241045951843,0.7037268280982971,0.6022672653198242,4,,
nso-nso-26,nso,mc1,mc1,2,0,False,0.2943066358566284,1.3588756322860718,0.014832168817520142,4,,
nso-nso-27,nso,mc1,mc1,0,3,False,0.7055826187133789,0.9291267395019531,0.6010802388191223,4,,
nso-nso-28,nso,mc1,mc1,0,3,False,0.3934989869594574,1.2414507865905762,0.09333699941635132,4,,
nso-nso-29,nso,mc1,mc1,0,2,False,0.2945004999637604,1.378589391708374,0.03627276420593262,4,,
nso-nso-30,nso,mc1,mc1,1,0,False,0.411986380815506,1.2839512825012207,0.12373387813568115,4,,
nso-nso-31,nso,mc1,mc1,1,3,False,0.8409721255302429,0.587771475315094,0.763752281665802,4,,
nso-nso-32,nso,mc1,mc1,2,2,True,0.6297751069068909,0.7256717681884766,0.2757711708545685,3,,
nso-nso-33,nso,mc1,mc1,3,1,False,0.3517618179321289,1.3368053436279297,0.08240431547164917,4,,
nso-nso-34,nso,mc1,mc1,2,2,True,0.6815071702003479,0.9453160166740417,0.5187539458274841,4,,
nso-nso-35,nso,mc1,mc1,0,3,False,0.3446524441242218,1.2672663927078247,0.04706832766532898,4,,
nso-nso-36,nso,mc1,mc1,3,2,False,0.33151179552078247,1.3474366664886475,0.03162944316864014,4,,
nso-nso-37,nso,mc1,mc1,0,0,True,0.6072149872779846,1.0864620208740234,0.44775301218032837,4,,
nso-nso-38,nso,mc1,mc1,3,2,False,0.29775330424308777,1.3720308542251587,0.015326201915740967,4,,
nso-nso-39,nso,mc1,mc1,2,2,True,0.7808783054351807,0.7184621095657349,0.6371330618858337,4,,
nso-nso-40,nso,mc1,mc1,1,3,False,0.4074714481830597,1.168419361114502,0.09035950899124146,4,,
nso-nso-41,nso,mc1,mc1,1,0,False,0.3395874798297882,1.3394118547439575,0.028590470552444458,4,,
nso-nso-42,nso,mc1,mc1,3,3,True,0.5515246987342834,1.1413118839263916,0.3170616030693054,4,,
nso-nso-43,nso,mc1,mc1,2,3,False,0.35001710057258606,1.3459645509719849,0.07838025689125061,4,,
nso-nso-44,nso,mc1,mc1,1,2,False,0.3648771643638611,1.2550241947174072,0.047863513231277466,4,,
nso-nso-45,nso,mc1,mc1,3,0,False,0.516893744468689,1.0283843278884888,0.27094435691833496,4,,
nso-nso-46,nso,mc1,mc1,0,2,False,0.4047548472881317,1.1215959787368774,0.026419132947921753,4,,
nso-nso-47,nso,mc1,mc1,1,0,False,0.5834977030754089,1.1172500848770142,0.4101664423942566,4,,
nso-nso-48,nso,mc1,mc1,3,3,True,0.34305116534233093,1.3216447830200195,0.048690348863601685,4,,
nso-nso-49,nso,mc1,mc1,1,1,True,0.5755907893180847,1.1339765787124634,0.3960455656051636,4,,
nso-nso-50,nso,mc1,mc1,1,0,False,0.6087218523025513,0.785620391368866,0.2517683804035187,3,,
nso-nso-51,nso,mc1,mc1,1,1,True,0.3338337540626526,1.351838231086731,0.05106434226036072,4,,
nso-nso-52,nso,mc1,mc1,2,2,True,0.6910985112190247,0.9537913203239441,0.5661669969558716,4,,
nso-nso-53,nso,mc1,mc1,3,0,False,0.4901500344276428,1.1106998920440674,0.1780986785888672,4,,
nso-nso-54,nso,mc1,mc1,3,3,True,0.2775210738182068,1.38058602809906,0.01481357216835022,4,,
nso-nso-55,nso,mc1,mc1,3,3,True,0.7169914841651917,0.8093487024307251,0.5103846788406372,4,,
nso-nso-56,nso,mc1,mc1,1,2,False,0.6522843837738037,0.9845517873764038,0.4541977047920227,4,,
nso-nso-57,nso,mc1,mc1,0,2,False,0.6331499218940735,0.9097789525985718,0.43177151679992676,3,,
nso-nso-58,nso,mc1,mc1,0,0,True,0.6540329456329346,0.8748418092727661,0.3847793936729431,4,,
nso-nso-59,nso,mc1,mc1,2,0,False,0.45979568362236023,0.9753446578979492,0.03906673192977905,3,,
nso-nso-60,nso,mc1,mc1,1,2,False,0.3800862729549408,1.3137458562850952,0.11525052785873413,4,,
nso-nso-61,nso,mc1,mc1,0,1,False,0.9018846750259399,0.3209220767021179,0.8037693500518799,2,,
nso-nso-62,nso,mc1,mc1,2,3,False,0.5883552432060242,0.9764756560325623,0.31698092818260193,4,,
nso-nso-63,nso,mc1,mc1,1,1,True,0.49764320254325867,1.193363904953003,0.22421935200691223,4,,
nso-nso-64,nso,mc1,mc1,0,1,False,0.48064568638801575,1.1623947620391846,0.153827965259552,4,,
nso-nso-65,nso,mc1,mc1,3,2,False,0.3308686912059784,1.3455182313919067,0.049780070781707764,4,,
nso-nso-66,nso,mc1,mc1,3,2,False,0.5991334915161133,0.9817714691162109,0.3089122474193573,4,,
nso-nso-67,nso,mc1,mc1,1,3,False,0.3918916583061218,1.3110771179199219,0.14472858607769012,4,,
nso-nso-68,nso,mc1,mc1,3,0,False,0.37739503383636475,1.1712322235107422,0.037322044372558594,4,,
nso-nso-69,nso,mc1,mc1,2,2,True,0.7616564035415649,0.8043240904808044,0.6693437099456787,4,,
nso-nso-70,nso,mc1,mc1,1,0,False,0.6322205066680908,0.9125058650970459,0.4425341486930847,3,,
nso-nso-71,nso,mc1,mc1,3,2,False,0.3293580412864685,1.2569047212600708,0.009578287601470947,4,,
nso-nso-72,nso,mc1,mc1,1,2,False,0.5336165428161621,0.7319368124008179,0.07538062334060669,3,,
nso-nso-73,nso,mc1,mc1,2,3,False,0.6323956251144409,0.7389807105064392,0.28289929032325745,4,,
nso-nso-74,nso,mc1,mc1,2,1,False,0.7466559410095215,0.57310950756073,0.4944209158420563,3,,
nso-nso-75,nso,mc1,mc1,0,1,False,0.5218075513839722,0.69219571352005,0.04361501336097717,2,,
nso-nso-76,nso,mc1,mc1,3,3,True,0.8630200028419495,0.5429939031600952,0.8033803701400757,4,,
nso-nso-77,nso,mc1,mc1,1,2,False,0.7205976247787476,0.7641204595565796,0.5262776613235474,3,,
nso-nso-78,nso,mc1,mc1,1,0,False,0.8967989683151245,0.40585339069366455,0.8182766437530518,4,,
nso-nso-79,nso,mc1,mc1,1,1,True,0.6412680745124817,0.8875077962875366,0.3744940459728241,4,,
nso-nso-80,nso,mc1,mc1,0,0,True,0.641872763633728,0.6523330807685852,0.28374555706977844,2,,
nso-nso-81,nso,mc1,mc1,3,0,False,0.3337026834487915,1.303577184677124,0.03688475489616394,4,,
nso-nso-82,nso,mc1,mc1,1,1,True,0.39331507682800293,1.090575098991394,0.08312198519706726,3,,
nso-nso-83,nso,mc1,mc1,2,2,True,0.35768550634384155,1.0969297885894775,0.02572229504585266,3,,
nso-nso-84,nso,mc1,mc1,2,0,False,0.2933618426322937,1.3751554489135742,0.014798104763031006,4,,
nso-nso-85,nso,mc1,mc1,1,1,True,0.6472309827804565,0.6491439342498779,0.2944619655609131,2,,
nso-nso-86,nso,mc1,mc1,2,2,True,0.523198127746582,1.1670511960983276,0.26435258984565735,4,,
nso-nso-87,nso,mc1,mc1,2,3,False,0.45991626381874084,1.2025059461593628,0.19069382548332214,4,,
nso-nso-88,nso,mc1,mc1,2,3,False,0.517868161201477,0.9732269048690796,0.11951777338981628,4,,
nso-nso-89,nso,mc1,mc1,0,0,True,0.6023287177085876,1.0706987380981445,0.3866578936576843,4,,
nso-nso-90,nso,mc1,mc1,3,3,True,0.5722401738166809,0.7163903713226318,0.1502636969089508,4,,
nso-nso-91,nso,mc1,mc1,0,2,False,0.38221079111099243,1.264756441116333,0.040954530239105225,4,,
nso-nso-92,nso,mc1,mc1,2,2,True,0.906313955783844,0.3754621148109436,0.8548319935798645,3,,
nso-nso-93,nso,mc1,mc1,3,2,False,0.35893315076828003,1.3529839515686035,0.12599529325962067,4,,
nso-nso-94,nso,mc1,mc1,0,0,True,0.2993030846118927,1.3548439741134644,0.0012843906879425049,4,,
nso-nso-95,nso,mc1,mc1,2,2,True,0.4254848062992096,1.2539231777191162,0.1494012475013733,4,,
nso-nso-96,nso,mc1,mc1,0,1,False,0.2987338602542877,1.3763320446014404,0.03031250834465027,4,,
nso-nso-97,nso,mc1,mc1,2,2,True,0.3712414503097534,1.3204995393753052,0.08259162306785583,4,,
nso-nso-98,nso,mc1,mc1,2,3,False,0.9173521995544434,0.3672455847263336,0.8777170181274414,4,,
nso-nso-99,nso,mc1,mc1,2,0,False,0.48474884033203125,1.235065221786499,0.2543494999408722,4,,
nso-nso-100,nso,mc1,mc1,2,2,True,0.40430548787117004,1.08280611038208,0.06863248348236084,3,,
nso-nso-101,nso,mc1,mc1,2,2,True,0.407905250787735,1.2192035913467407,0.0572531521320343,4,,
nso-nso-102,nso,mc1,mc1,2,2,True,0.850256085395813,0.519183337688446,0.7528703808784485,3,,
nso-nso-103,nso,mc1,mc1,1,2,False,0.451153427362442,1.0656907558441162,0.14755243062973022,3,,
nso-nso-104,nso,mc1,mc1,2,0,False,0.38339412212371826,1.0916574001312256,0.05401012301445007,3,,
nso-nso-105,nso,mc1,mc1,2,0,False,0.8319420218467712,0.5662177205085754,0.7319145798683167,3,,
nso-nso-106,nso,mc1,mc1,2,2,True,0.501634418964386,0.8468930125236511,0.04941722750663757,3,,
nso-nso-107,nso,mc1,mc1,2,1,False,0.39797186851501465,1.0636703968048096,0.009459972381591797,3,,
nso-nso-108,nso,mc1,mc1,3,1,False,0.4190013110637665,1.1095737218856812,0.049684613943099976,4,,
nso-nso-109,nso,mc1,mc1,0,0,True,0.5103340744972229,0.6929336190223694,0.02066817879676819,2,,
nso-nso-110,nso,mc1,mc1,0,0,True,0.5670918822288513,1.1586017608642578,0.4099366068840027,4,,
nso-nso-111,nso,mc1,mc1,2,0,False,0.5778897404670715,1.1186381578445435,0.39815598726272583,4,,
nso-nso-112,nso,mc1,mc1,3,3,True,0.738407552242279,0.8526345491409302,0.6326470971107483,4,,
nso-nso-113,nso,mc1,mc1,1,1,True,0.7945725321769714,0.6324262619018555,0.6497294902801514,3,,
nso-nso-114,nso,mc1,mc1,0,0,True,0.5255545973777771,1.0579984188079834,0.18078571557998657,4,,
nso-nso-115,nso,mc1,mc1,0,1,False,0.7975186109542847,0.5038231611251831,0.5950372815132141,2,,
nso-nso-116,nso,mc1,mc1,2,1,False,0.3671494126319885,1.1575345993041992,0.0031738579273223877,4,,
nso-nso-117,nso,mc1,mc1,0,2,False,0.5682532787322998,0.9671118855476379,0.2940598726272583,3,,
nso-nso-118,nso,mc1,mc1,3,0,False,0.5057898759841919,1.1825791597366333,0.25476527214050293,4,,
nso-nso-119,nso,mc1,mc1,2,1,False,0.6175583600997925,1.0306962728500366,0.39674216508865356,4,,
nso-nso-120,nso,mc1,mc1,2,2,True,0.6974573731422424,0.851807713508606,0.4869328737258911,4,,
nso-nso-121,nso,mc1,mc1,3,3,True,0.5950896739959717,1.0732499361038208,0.38142305612564087,4,,
nso-nso-122,nso,mc1,mc1,2,3,False,0.7646946907043457,0.6694924831390381,0.5692201852798462,4,,
nso-nso-123,nso,mc1,mc1,1,1,True,0.5490491390228271,1.1474252939224243,0.3498903512954712,4,,
nso-nso-124,nso,mc1,mc1,2,0,False,0.886626124382019,0.426421195268631,0.812154233455658,3,,
nso-nso-125,nso,mc1,mc1,1,2,False,0.35909947752952576,1.1493744850158691,0.029448598623275757,4,,
nso-nso-126,nso,mc1,mc1,1,0,False,0.7160211205482483,0.8922328352928162,0.5748248100280762,4,,
nso-nso-127,nso,mc1,mc1,1,0,False,0.3075932562351227,1.368338942527771,0.03992116451263428,4,,
nso-nso-128,nso,mc1,mc1,0,3,False,0.8399382829666138,0.6022372245788574,0.7645904421806335,4,,
nso-nso-129,nso,mc1,mc1,2,1,False,0.6198705434799194,0.9217218160629272,0.32876622676849365,4,,
nso-nso-130,nso,mc1,mc1,2,2,True,0.5250673294067383,1.0339350700378418,0.17062893509864807,4,,
nso-nso-131,nso,mc1,mc1,3,1,False,0.31009578704833984,1.3534828424453735,0.0026645660400390625,4,,
nso-nso-132,nso,mc1,mc1,0,0,True,0.44570493698120117,1.232412576675415,0.13340923190116882,4,,
nso-nso-133,nso,mc1,mc1,1,1,True,0.3197793662548065,1.3567990064620972,0.032426655292510986,4,,
nso-nso-134,nso,mc1,mc1,2,2,True,0.41313329339027405,1.0582826137542725,0.032219529151916504,3,,
nso-nso-135,nso,mc1,mc1,3,3,True,0.6870711445808411,0.9616052508354187,0.5600239038467407,4,,
nso-nso-136,nso,mc1,mc1,3,2,False,0.5869051814079285,0.9686065912246704,0.35977259278297424,4,,
nso-nso-137,nso,mc1,mc1,3,2,False,0.3263011872768402,1.3489115238189697,0.05259889364242554,4,,
nso-nso-138,nso,mc1,mc1,2,3,False,0.32680538296699524,1.3544902801513672,0.0388127863407135,4,,
nso-nso-139,nso,mc1,mc1,0,1,False,0.5247001647949219,0.8675789833068848,0.09413072466850281,4,,
nso-nso-140,nso,mc1,mc1,1,2,False,0.4032357633113861,1.082446575164795,0.06440302729606628,3,,
nso-nso-141,nso,mc1,mc1,2,0,False,0.486848384141922,1.034761667251587,0.17118746042251587,3,,
nso-nso-142,nso,mc1,mc1,0,1,False,0.66744065284729,0.8078892230987549,0.40547120571136475,3,,
nso-nso-143,nso,mc1,mc1,3,2,False,0.33090507984161377,1.2209124565124512,0.01016777753829956,4,,
nso-nso-144,nso,mc1,mc1,1,3,False,0.4531039893627167,1.1983948945999146,0.20176786184310913,4,,
nso-nso-145,nso,mc1,mc1,3,0,False,0.7676337361335754,0.7256354093551636,0.6420331001281738,4,,
nso-nso-146,nso,mc1,mc1,2,2,True,0.4648567736148834,1.0615986585617065,0.19569724798202515,3,,
nso-nso-147,nso,mc1,mc1,3,3,True,0.7147170305252075,0.7903522253036499,0.5330488681793213,4,,
nso-nso-148,nso,mc1,mc1,0,0,True,0.6826622486114502,0.8421637415885925,0.5035378932952881,3,,
nso-nso-149,nso,mc1,mc1,1,0,False,0.42205801606178284,1.293668270111084,0.1530798077583313,4,,
nso-nso-150,nso,mc1,mc1,3,3,True,0.693247377872467,0.8876184225082397,0.4934236407279968,4,,
nso-nso-151,nso,mc1,mc1,2,0,False,0.46099504828453064,1.271353840827942,0.2489716112613678,4,,
nso-nso-152,nso,mc1,mc1,0,1,False,0.5581021904945374,0.68638014793396,0.11620438098907471,2,,
nso-nso-153,nso,mc1,mc1,0,0,True,0.47368714213371277,1.2683972120285034,0.2845982313156128,4,,
nso-nso-154,nso,mc1,mc1,0,3,False,0.33967339992523193,1.308310866355896,0.04592636227607727,4,,
nso-nso-155,nso,mc1,mc1,0,3,False,0.5482364296913147,1.0029813051223755,0.22237646579742432,4,,
nso-nso-156,nso,mc1,mc1,3,3,True,0.6809846758842468,0.9635366797447205,0.5379893779754639,4,,
nso-nso-157,nso,mc1,mc1,2,3,False,0.6420802474021912,0.7990009784698486,0.32380831241607666,4,,
nso-nso-158,nso,mc1,mc1,0,2,False,0.6019636392593384,0.949949324131012,0.34407103061676025,4,,
nso-nso-159,nso,mc1,mc1,2,3,False,0.6056942939758301,1.003326416015625,0.336932897567749,4,,
nso-nso-160,nso,mc1,mc1,1,2,False,0.45286041498184204,1.240651249885559,0.16325059533119202,4,,
nso-nso-161,nso,mc1,mc1,0,0,True,0.5845350027084351,1.0541410446166992,0.3225969970226288,4,,
nso-nso-162,nso,mc1,mc1,1,2,False,0.4658748209476471,1.2143802642822266,0.205469012260437,4,,
nso-nso-163,nso,mc1,mc1,0,3,False,0.31411248445510864,1.3727927207946777,0.05943632125854492,4,,
nso-nso-164,nso,mc1,mc1,1,1,True,0.4345524311065674,1.2239495515823364,0.09743234515190125,4,,
nso-nso-165,nso,mc1,mc1,3,1,False,0.6035705208778381,1.0206336975097656,0.3961995840072632,4,,
nso-nso-166,nso,mc1,mc1,1,0,False,0.8570451736450195,0.504665195941925,0.7673115730285645,3,,
nso-nso-167,nso,mc1,mc1,3,1,False,0.4190233647823334,1.3053771257400513,0.16714555025100708,4,,
nso-nso-168,nso,mc1,mc1,3,2,False,0.5010167360305786,1.1929943561553955,0.23299941420555115,4,,
nso-nso-169,nso,mc1,mc1,2,2,True,0.7539308667182922,0.7529357075691223,0.590345025062561,4,,
nso-nso-170,nso,mc1,mc1,1,3,False,0.39321771264076233,1.235045313835144,0.04199916124343872,4,,
nso-nso-171,nso,mc1,mc1,3,3,True,0.4446500241756439,1.287349820137024,0.2132417857646942,4,,
nso-nso-172,nso,mc1,mc1,0,3,False,0.8399226069450378,0.569397509098053,0.7377259731292725,4,,
nso-nso-173,nso,mc1,mc1,0,2,False,0.49153342843055725,1.2289385795593262,0.2596999406814575,4,,
nso-nso-174,nso,mc1,mc1,1,1,True,0.8304625749588013,0.6145873665809631,0.7273621559143066,4,,
nso-nso-175,nso,mc1,mc1,3,0,False,0.35681140422821045,1.3181214332580566,0.04311943054199219,4,,
nso-nso-176,nso,mc1,mc1,3,0,False,0.5519155263900757,1.159311294555664,0.34493327140808105,4,,
nso-nso-177,nso,mc1,mc1,0,1,False,0.6946700811386108,0.615312933921814,0.3893401026725769,2,,
nso-nso-178,nso,mc1,mc1,0,3,False,0.3493800759315491,1.2466295957565308,0.046467125415802,4,,
nso-nso-179,nso,mc1,mc1,1,3,False,0.3608008921146393,1.3338719606399536,0.08207374811172485,4,,
nso-nso-180,nso,mc1,mc1,2,0,False,0.4115428924560547,1.19505774974823,0.04062971472740173,4,,
nso-nso-181,nso,mc1,mc1,0,2,False,0.4920894205570221,1.2052737474441528,0.21767312288284302,4,,
nso-nso-182,nso,mc1,mc1,0,1,False,0.43901798129081726,1.1834957599639893,0.1422131061553955,4,,
nso-nso-183,nso,mc1,mc1,0,0,True,0.5122502446174622,0.8271991610527039,0.06286069750785828,3,,
nso-nso-184,nso,mc1,mc1,3,3,True,0.6990610361099243,0.940639078617096,0.5849327445030212,4,,
nso-nso-185,nso,mc1,mc1,2,0,False,0.5603559613227844,1.098676323890686,0.3096482753753662,4,,
nso-nso-186,nso,mc1,mc1,0,1,False,0.3724716603755951,1.1720821857452393,0.020128905773162842,4,,
nso-nso-187,nso,mc1,mc1,0,0,True,0.49775728583335876,1.2356430292129517,0.2840762734413147,4,,
nso-nso-188,nso,mc1,mc1,3,3,True,0.47328054904937744,0.9192754030227661,0.012244641780853271,4,,
nso-nso-189,nso,mc1,mc1,0,1,False,0.6202418804168701,0.9420515298843384,0.4182884395122528,4,,
nso-nso-190,nso,mc1,mc1,1,2,False,0.4951282739639282,1.185637354850769,0.23080843687057495,4,,
nso-nso-191,nso,mc1,mc1,1,3,False,0.44136202335357666,1.2644233703613281,0.1960735023021698,4,,
nso-nso-192,nso,mc1,mc1,3,2,False,0.7404416799545288,0.750927209854126,0.5429779291152954,4,,
nso-nso-193,nso,mc1,mc1,1,1,True,0.4900453984737396,1.2305266857147217,0.25821220874786377,4,,
nso-nso-194,nso,mc1,mc1,1,1,True,0.5018731951713562,1.0965427160263062,0.1761327087879181,4,,
nso-nso-195,nso,mc1,mc1,1,1,True,0.7434757351875305,0.7448010444641113,0.5439994931221008,4,,
nso-nso-196,nso,mc1,mc1,2,3,False,0.3487372398376465,1.2609992027282715,0.02982783317565918,4,,
nso-nso-197,nso,mc1,mc1,0,1,False,0.7019089460372925,0.6092381477355957,0.40381792187690735,2,,
nso-nso-198,nso,mc1,mc1,0,0,True,0.6750370264053345,0.7296517491340637,0.37966063618659973,3,,
nso-nso-199,nso,mc1,mc1,3,0,False,0.2954050898551941,1.372412919998169,0.03310319781303406,4,,
nso-nso-200,nso,mc1,mc1,0,2,False,0.8188958764076233,0.5961129665374756,0.6776885986328125,4,,
nso-nso-201,nso,mc1,mc1,1,1,True,0.5259273052215576,1.0964181423187256,0.2060580849647522,4,,
nso-nso-202,nso,mc1,mc1,1,3,False,0.6959925889968872,0.6905094981193542,0.40888023376464844,4,,
nso-nso-203,nso,mc1,mc1,0,0,True,0.40289613604545593,1.3197413682937622,0.15054360032081604,4,,
nso-nso-204,nso,mc1,mc1,0,1,False,0.7329671382904053,0.5802853107452393,0.46593421697616577,2,,
nso-nso-205,nso,mc1,mc1,0,2,False,0.5593402981758118,1.1387953758239746,0.3315868377685547,4,,
nso-nso-206,nso,mc1,mc1,2,1,False,0.6185659766197205,1.0115718841552734,0.394431471824646,4,,
nso-nso-207,nso,mc1,mc1,0,0,True,0.40547406673431396,1.3207452297210693,0.1653771549463272,4,,
nso-nso-208,nso,mc1,mc1,0,2,False,0.3060460686683655,1.3727214336395264,0.034194767475128174,4,,
nso-nso-209,nso,mc1,mc1,0,0,True,0.5398941040039062,1.1852974891662598,0.340054452419281,4,,
nso-nso-210,nso,mc1,mc1,0,0,True,0.5101991295814514,1.1603989601135254,0.28602463006973267,4,,
nso-nso-211,nso,mc1,mc1,0,1,False,0.5366575717926025,1.0982234477996826,0.3160211443901062,4,,
nso-nso-212,nso,mc1,mc1,1,2,False,0.3104253113269806,1.3562222719192505,0.0,4,,
nso-nso-213,nso,mc1,mc1,1,0,False,0.39093947410583496,1.0874947309494019,0.05224734544754028,3,,
nso-nso-214,nso,mc1,mc1,0,0,True,0.5890734195709229,1.0429437160491943,0.3692200481891632,4,,
nso-nso-215,nso,mc1,mc1,3,0,False,0.8583208322525024,0.49644458293914795,0.754876971244812,4,,
nso-nso-216,nso,mc1,mc1,2,2,True,0.31588220596313477,1.3737733364105225,0.07713605463504791,4,,
nso-nso-217,nso,mc1,mc1,2,0,False,0.27929359674453735,1.3781012296676636,0.006730318069458008,4,,
nso-nso-218,nso,mc1,mc1,2,0,False,0.45629334449768066,1.2613000869750977,0.19770580530166626,4,,
nso-nso-219,nso,mc1,mc1,3,3,True,0.7511848211288452,0.8264002203941345,0.64490807056427,4,,
nso-nso-220,nso,mc1,mc1,1,3,False,0.3607397675514221,1.1304690837860107,0.036960721015930176,4,,
nso-nso-221,nso,mc1,mc1,1,0,False,0.361520379781723,1.2280383110046387,0.044216156005859375,4,,
nso-nso-222,nso,mc1,mc1,2,0,False,0.33579060435295105,1.3603365421295166,0.06848293542861938,4,,
nso-nso-223,nso,mc1,mc1,2,2,True,0.8069645762443542,0.678555428981781,0.6970269680023193,4,,
nso-nso-224,nso,mc1,mc1,2,3,False,0.5211761593818665,1.028527855873108,0.21198567748069763,4,,
nso-nso-225,nso,mc1,mc1,3,3,True,0.39012590050697327,1.298718810081482,0.12083306908607483,4,,
nso-nso-226,nso,mc1,mc1,2,0,False,0.5036895275115967,1.160789132118225,0.230280339717865,4,,
nso-nso-227,nso,mc1,mc1,0,2,False,0.34770578145980835,1.352696418762207,0.0964634120464325,4,,
nso-nso-228,nso,mc1,mc1,2,3,False,0.48923149704933167,1.2335585355758667,0.26976773142814636,4,,
nso-nso-229,nso,mc1,mc1,2,1,False,0.32314109802246094,1.3566961288452148,0.04923492670059204,4,,
nso-nso-230,nso,mc1,mc1,0,2,False,0.8585794568061829,0.4712408185005188,0.7351720333099365,4,,
nso-nso-231,nso,mc1,mc1,0,0,True,0.5344549417495728,1.1860449314117432,0.3286542296409607,4,,
nso-nso-232,nso,mc1,mc1,1,3,False,0.5798182487487793,1.091848373413086,0.382571280002594,4,,
nso-nso-233,nso,mc1,mc1,1,1,True,0.4443591833114624,1.117780089378357,0.04039725661277771,4,,
nso-nso-234,nso,mc1,mc1,0,0,True,0.5047308802604675,1.1420353651046753,0.19323736429214478,4,,
nso-nso-235,nso,mc1,mc1,1,3,False,0.5019755363464355,0.8226758241653442,0.03735193610191345,4,,
nso-nso-236,nso,mc1,mc1,3,0,False,0.7782455682754517,0.5750036835670471,0.5665007829666138,4,,
nso-nso-237,nso,mc1,mc1,2,2,True,0.7667638659477234,0.7574899196624756,0.6205042600631714,4,,
nso-nso-238,nso,mc1,mc1,2,2,True,0.5157122015953064,1.171618103981018,0.24692302942276,4,,
nso-nso-239,nso,mc1,mc1,1,3,False,0.6565312743186951,0.892665445804596,0.4578413963317871,4,,
nso-nso-240,nso,mc1,mc1,1,1,True,0.6736209988594055,0.8928452730178833,0.44294822216033936,4,,
nso-nso-241,nso,mc1,mc1,3,0,False,0.3471645712852478,1.3221189975738525,0.018064558506011963,4,,
nso-nso-242,nso,mc1,mc1,0,2,False,0.7133051156997681,0.7977724075317383,0.5658969283103943,3,,
nso-nso-243,nso,mc1,mc1,2,0,False,0.512168824672699,1.0718821287155151,0.27004653215408325,4,,
nso-nso-244,nso,mc1,mc1,3,0,False,0.38705459237098694,1.1424123048782349,0.06460294127464294,4,,
nso-nso-245,nso,mc1,mc1,0,3,False,0.5096823573112488,1.128064513206482,0.2615097165107727,4,,
nso-nso-246,nso,mc1,mc1,0,0,True,0.4795609712600708,1.1755961179733276,0.19671979546546936,4,,
nso-nso-247,nso,mc1,mc1,0,0,True,0.3465100824832916,1.3380796909332275,0.0844014585018158,4,,
nso-nso-248,nso,mc1,mc1,0,1,False,0.3715941905975342,1.198534369468689,0.05046233534812927,4,,
nso-nso-249,nso,mc1,mc1,3,0,False,0.5419815182685852,1.0165760517120361,0.24582043290138245,4,,
nso-nso-250,nso,mc1,mc1,0,1,False,0.5685954689979553,1.0191656351089478,0.3225802183151245,4,,
nso-nso-251,nso,mc1,mc1,3,2,False,0.537315309047699,1.089092493057251,0.26798611879348755,4,,
nso-nso-252,nso,mc1,mc1,0,3,False,0.4775966703891754,1.2524232864379883,0.2749145030975342,4,,
nso-nso-253,nso,mc1,mc1,2,0,False,0.747613787651062,0.5937871932983398,0.5013577938079834,3,,
nso-nso-254,nso,mc1,mc1,3,1,False,0.5740111470222473,1.053611397743225,0.3010376989841461,4,,
nso-nso-255,nso,mc1,mc1,2,1,False,0.36653706431388855,1.0945515632629395,0.02717411518096924,3,,
nso-nso-256,nso,mc1,mc1,0,3,False,0.4983866512775421,1.0418572425842285,0.24406477808952332,4,,
nso-nso-257,nso,mc1,mc1,1,0,False,0.7539377212524414,0.6878230571746826,0.5621699094772339,3,,
nso-nso-258,nso,mc1,mc1,3,0,False,0.40425997972488403,1.2545005083084106,0.07827863097190857,4,,
nso-nso-259,nso,mc1,mc1,0,1,False,0.41980764269828796,1.3135539293289185,0.20895211398601532,4,,
nso-nso-260,nso,mc1,mc1,2,0,False,0.661139965057373,0.7128539085388184,0.3410603106021881,3,,
nso-nso-261,nso,mc1,mc1,3,3,True,0.5058336853981018,1.2002081871032715,0.2583233118057251,4,,
nso-nso-262,nso,mc1,mc1,0,3,False,0.565348207950592,0.9823462963104248,0.31457191705703735,4,,
nso-nso-263,nso,mc1,mc1,3,2,False,0.4973560571670532,1.1668944358825684,0.1964801847934723,4,,
nso-nso-264,nso,mc1,mc1,3,2,False,0.434008926153183,1.075061321258545,0.1193091869354248,4,,
nso-nso-265,nso,mc1,mc1,3,2,False,0.5064663290977478,1.0150119066238403,0.12283846735954285,4,,
nso-nso-266,nso,mc1,mc1,1,1,True,0.33033767342567444,1.356403112411499,0.0455588698387146,4,,
nso-nso-267,nso,mc1,mc1,2,2,True,0.6521880030632019,1.0033820867538452,0.4887984097003937,4,,
nso-nso-268,nso,mc1,mc1,0,0,True,0.3312850892543793,1.244277000427246,0.014922529458999634,4,,
nso-nso-269,nso,mc1,mc1,1,3,False,0.5433295965194702,1.085075855255127,0.2438231110572815,4,,
nso-nso-270,nso,mc1,mc1,0,3,False,0.3349992036819458,1.3575003147125244,0.0807705819606781,4,,
nso-nso-271,nso,mc1,mc1,0,3,False,0.5869954228401184,1.1147305965423584,0.409635066986084,4,,
nso-nso-272,nso,mc1,mc1,0,0,True,0.7680072784423828,0.541672945022583,0.5360145568847656,2,,
nso-nso-273,nso,mc1,mc1,2,2,True,0.5586317777633667,1.090469241142273,0.3548983335494995,4,,
nso-nso-274,nso,mc1,mc1,0,1,False,0.6339408159255981,0.905869722366333,0.42168116569519043,3,,
nso-nso-275,nso,mc1,mc1,1,2,False,0.6376222372055054,0.7024187445640564,0.28577712178230286,3,,
nso-nso-276,nso,mc1,mc1,0,3,False,0.33656471967697144,1.3635554313659668,0.08321255445480347,4,,
nso-nso-277,nso,mc1,mc1,0,0,True,0.5363048315048218,0.9518635272979736,0.1741291582584381,4,,
nso-nso-278,nso,mc1,mc1,3,1,False,0.6662777066230774,0.9790220260620117,0.4962787628173828,4,,
nso-nso-279,nso,mc1,mc1,1,1,True,0.7982639670372009,0.6421076655387878,0.6901233792304993,3,,
nso-nso-280,nso,mc1,mc1,2,1,False,0.3258695900440216,1.2321113348007202,0.005624681711196899,4,,
nso-nso-281,nso,mc1,mc1,3,3,True,0.37697073817253113,1.25858473777771,0.007171034812927246,4,,
nso-nso-282,nso,mc1,mc1,2,3,False,0.8432801961898804,0.5423154830932617,0.7518336772918701,4,,
nso-nso-283,nso,mc1,mc1,1,0,False,0.3122483789920807,1.3558858633041382,0.04248109459877014,4,,
nso-nso-284,nso,mc1,mc1,3,0,False,0.43717050552368164,1.2900190353393555,0.2174662947654724,4,,
nso-nso-285,nso,mc1,mc1,2,2,True,0.6632614731788635,1.0087933540344238,0.551015317440033,4,,
nso-nso-286,nso,mc1,mc1,0,1,False,0.4032362997531891,1.1805106401443481,0.0618838369846344,4,,
nso-nso-287,nso,mc1,mc1,2,0,False,0.6234838962554932,0.89911949634552,0.3684699237346649,3,,
nso-nso-288,nso,mc1,mc1,2,2,True,0.4685610830783844,0.9516589641571045,0.012454897165298462,4,,
nso-nso-289,nso,mc1,mc1,1,0,False,0.3788359463214874,1.3192081451416016,0.09299066662788391,4,,
nso-nso-290,nso,mc1,mc1,3,3,True,0.5093055963516235,0.8778011798858643,0.06631752848625183,4,,
nso-nso-291,nso,mc1,mc1,1,0,False,0.3891458511352539,1.2674787044525146,0.04817390441894531,4,,
nso-nso-292,nso,mc1,mc1,0,1,False,0.3013889789581299,1.3779411315917969,0.057474344968795776,4,,
nso-nso-293,nso,mc1,mc1,0,0,True,0.7434769868850708,0.6598584055900574,0.5093151330947876,4,,
nso-nso-294,nso,mc1,mc1,1,1,True,0.6965234875679016,0.9277366399765015,0.5676268339157104,4,,
nso-nso-295,nso,mc1,mc1,1,1,True,0.3636592626571655,1.2965819835662842,0.0668829083442688,4,,
nso-nso-296,nso,mc1,mc1,3,3,True,0.5990735292434692,1.0507071018218994,0.35547125339508057,4,,
nso-nso-297,nso,mc1,mc1,2,2,True,0.8523979187011719,0.5461390018463135,0.7775712609291077,4,,
nso-nso-298,nso,mc1,mc1,1,0,False,0.6539692878723145,0.6449548006057739,0.3079386353492737,2,,
nso-nso-299,nso,mc1,mc1,1,1,True,0.4735192358493805,1.268473744392395,0.2852194905281067,4,,
nso-nso-300,nso,mc1,mc1,2,2,True,0.4457645118236542,1.2956897020339966,0.25120657682418823,4,,
nso-nso-301,nso,mc1,mc1,2,0,False,0.6552701592445374,0.8082793951034546,0.3586404025554657,4,,
nso-nso-302,nso,mc1,mc1,3,2,False,0.30280664563179016,1.37871253490448,0.059541359543800354,4,,
nso-nso-303,nso,mc1,mc1,2,0,False,0.4169161021709442,1.1162991523742676,0.062159985303878784,4,,
nso-nso-304,nso,mc1,mc1,1,0,False,0.3968318998813629,1.2920420169830322,0.09429138898849487,4,,
nso-nso-305,nso,mc1,mc1,0,1,False,0.3083099126815796,1.3631842136383057,0.009722292423248291,4,,
nso-nso-306,nso,mc1,mc1,2,0,False,0.7213727235794067,0.6624095439910889,0.4622828960418701,3,,
nso-nso-307,nso,mc1,mc1,2,2,True,0.8300859332084656,0.5558407306671143,0.7070562243461609,3,,
nso-nso-308,nso,mc1,mc1,2,1,False,0.47090375423431396,1.1314579248428345,0.17038065195083618,4,,
nso-nso-309,nso,mc1,mc1,0,0,True,0.8936730623245239,0.4440228044986725,0.8435221314430237,4,,
nso-nso-310,nso,mc1,mc1,3,1,False,0.38452595472335815,1.32137131690979,0.10183534026145935,4,,
nso-nso-311,nso,mc1,mc1,1,0,False,0.5348735451698303,1.0004761219024658,0.2483437955379486,3,,
nso-nso-312,nso,mc1,mc1,0,2,False,0.4368036091327667,1.0566761493682861,0.08151575922966003,4,,
nso-nso-313,nso,mc1,mc1,1,3,False,0.3258087933063507,1.3398661613464355,0.038153886795043945,4,,
nso-nso-314,nso,mc1,mc1,3,1,False,0.5797789096832275,1.0555882453918457,0.3439253270626068,4,,
nso-nso-315,nso,mc1,mc1,0,0,True,0.5639599561691284,0.969981849193573,0.22323840856552124,4,,
nso-nso-316,nso,mc1,mc1,3,0,False,0.4829065203666687,0.8600716590881348,0.011773228645324707,4,,
nso-nso-317,nso,mc1,mc1,0,1,False,0.8215247988700867,0.46907347440719604,0.6430495977401733,2,,
nso-nso-318,nso,mc1,mc1,1,1,True,0.9813706278800964,0.10934704542160034,0.9695616364479065,4,,
nso-nso-319,nso,mc1,mc1,0,3,False,0.40731051564216614,1.3214781284332275,0.17118844389915466,4,,
nso-nso-320,nso,mc1,mc1,1,3,False,0.3469282388687134,1.3489149808883667,0.08416980504989624,4,,
nso-nso-321,nso,mc1,mc1,3,2,False,0.581728458404541,1.0517312288284302,0.3289332091808319,4,,
nso-nso-322,nso,mc1,mc1,3,0,False,0.7622604966163635,0.7673864960670471,0.6372512578964233,4,,
nso-nso-323,nso,mc1,mc1,1,1,True,0.5858199000358582,1.1224054098129272,0.4022766947746277,4,,
nso-nso-324,nso,mc1,mc1,1,3,False,0.7442602515220642,0.784618616104126,0.5828877091407776,4,,
nso-nso-325,nso,mc1,mc1,3,2,False,0.38414260745048523,1.302618145942688,0.07099136710166931,4,,
nso-nso-326,nso,mc1,mc1,3,0,False,0.3065333962440491,1.373444676399231,0.038879185914993286,4,,
nso-nso-327,nso,mc1,mc1,0,0,True,0.3970617353916168,1.3290152549743652,0.17105157673358917,4,,
nso-nso-328,nso,mc1,mc1,2,2,True,0.4487128257751465,1.2016962766647339,0.1407712996006012,4,,
nso-nso-329,nso,mc1,mc1,3,0,False,0.3541575074195862,1.3498589992523193,0.08610597252845764,4,,
nso-nso-330,nso,mc1,mc1,1,2,False,0.9438136219978333,0.24398691952228546,0.8985288143157959,3,,
nso-nso-331,nso,mc1,mc1,3,1,False,0.7202429175376892,0.8658469319343567,0.5725882053375244,4,,
nso-nso-332,nso,mc1,mc1,0,1,False,0.8913824558258057,0.34361520409584045,0.7827649116516113,2,,
nso-nso-333,nso,mc1,mc1,1,3,False,0.5854666829109192,1.129170298576355,0.4175792336463928,4,,
nso-nso-334,nso,mc1,mc1,2,3,False,0.6179957985877991,1.073441505432129,0.4605278968811035,4,,
nso-nso-335,nso,mc1,mc1,3,1,False,0.46173328161239624,1.1940499544143677,0.20584529638290405,4,,
nso-nso-336,nso,mc1,mc1,2,3,False,0.38145923614501953,1.2524750232696533,0.09963321685791016,4,,
nso-nso-337,nso,mc1,mc1,0,3,False,0.4011993408203125,1.2913010120391846,0.09691518545150757,4,,
nso-nso-338,nso,mc1,mc1,2,3,False,0.4681849181652069,1.1962807178497314,0.1701337695121765,4,,
nso-nso-339,nso,mc1,mc1,0,1,False,0.6453740000724792,0.9527873992919922,0.46199727058410645,4,,
nso-nso-340,nso,mc1,mc1,3,3,True,0.5092289447784424,1.1971904039382935,0.25870129466056824,4,,
nso-nso-341,nso,mc1,mc1,1,0,False,0.43642309308052063,1.0726630687713623,0.0,4,,
nso-nso-342,nso,mc1,mc1,1,0,False,0.8540266752243042,0.41566038131713867,0.7080533504486084,2,,
nso-nso-343,nso,mc1,mc1,3,1,False,0.3280889689922333,1.3423223495483398,0.023059874773025513,4,,
nso-nso-344,nso,mc1,mc1,2,3,False,0.4673420786857605,1.2665064334869385,0.24129492044448853,4,,
nso-nso-345,nso,mc1,mc1,1,1,True,0.36374911665916443,1.3410815000534058,0.11609968543052673,4,,
nso-nso-346,nso,mc1,mc1,3,0,False,0.5855880975723267,1.0852329730987549,0.35625138878822327,4,,
nso-nso-347,nso,mc1,mc1,2,2,True,0.33118104934692383,1.2846736907958984,0.025084227323532104,4,,
nso-nso-348,nso,mc1,mc1,0,0,True,0.9213390946388245,0.3580075204372406,0.8882702589035034,4,,
nso-nso-349,nso,mc1,mc1,3,2,False,0.3645394444465637,1.3119369745254517,0.07025402784347534,4,,
nso-nso-350,nso,mc1,mc1,1,3,False,0.3816770315170288,1.181302785873413,0.011791914701461792,4,,
nso-nso-351,nso,mc1,mc1,2,3,False,0.594853401184082,0.8260372877120972,0.228724867105484,4,,
nso-nso-352,nso,mc1,mc1,3,0,False,0.7973963022232056,0.718550980091095,0.7042602896690369,4,,
nso-nso-353,nso,mc1,mc1,1,2,False,0.49937617778778076,1.2403475046157837,0.3095972537994385,4,,
nso-nso-354,nso,mc1,mc1,1,1,True,0.34732067584991455,1.2622414827346802,0.01838323473930359,4,,
nso-nso-355,nso,mc1,mc1,1,2,False,0.36823445558547974,1.0927670001983643,0.02083951234817505,3,,
nso-nso-356,nso,mc1,mc1,3,0,False,0.7864375710487366,0.7419071793556213,0.6849560141563416,4,,
nso-nso-357,nso,mc1,mc1,1,0,False,0.3183227479457855,1.3481905460357666,0.008155763149261475,4,,
nso-nso-358,nso,mc1,mc1,2,2,True,0.5618823766708374,1.0719044208526611,0.3544689416885376,4,,
nso-nso-359,nso,mc1,mc1,1,1,True,0.6504543423652649,0.9544166922569275,0.45625364780426025,4,,
nso-nso-360,nso,mc1,mc1,3,0,False,0.6951091289520264,0.8929328918457031,0.5444963574409485,4,,
nso-nso-361,nso,mc1,mc1,1,0,False,0.3388473093509674,1.169363021850586,0.01570877432823181,4,,
nso-nso-362,nso,mc1,mc1,3,0,False,0.6409973502159119,0.9731189608573914,0.41132545471191406,4,,
nso-nso-363,nso,mc1,mc1,3,1,False,0.9512052536010742,0.24782313406467438,0.931339681148529,4,,
nso-nso-364,nso,mc1,mc1,2,3,False,0.31878089904785156,1.3160486221313477,0.003500819206237793,4,,
nso-nso-365,nso,mc1,mc1,2,1,False,0.44962215423583984,1.068115234375,0.15453296899795532,3,,
nso-nso-366,nso,mc1,mc1,2,1,False,0.4115462303161621,1.1299759149551392,0.09470024704933167,4,,
nso-nso-367,nso,mc1,mc1,2,1,False,0.43472370505332947,1.174754023551941,0.15541908144950867,4,,
nso-nso-368,nso,mc1,mc1,3,0,False,0.8920268416404724,0.38399678468704224,0.7974923253059387,4,,
nso-nso-369,nso,mc1,mc1,1,1,True,0.49807262420654297,1.0139456987380981,0.1335403025150299,4,,
nso-nso-370,nso,mc1,mc1,2,0,False,0.526249349117279,1.0336925983428955,0.24596810340881348,4,,
nso-nso-371,nso,mc1,mc1,1,1,True,0.8452004790306091,0.4515218734741211,0.6949642896652222,3,,
nso-nso-372,nso,mc1,mc1,3,0,False,0.4132506549358368,1.280535340309143,0.1096200942993164,4,,
nso-nso-373,nso,mc1,mc1,3,1,False,0.3382555842399597,1.1338768005371094,0.004300475120544434,4,,
nso-nso-374,nso,mc1,mc1,0,0,True,0.5617392063140869,0.8486571311950684,0.17725378274917603,3,,
nso-nso-375,nso,mc1,mc1,2,2,True,0.36700865626335144,1.3468204736709595,0.13486537337303162,4,,
nso-nso-376,nso,mc1,mc1,2,0,False,0.404524028301239,1.113924503326416,0.10475176572799683,4,,
nso-nso-377,nso,mc1,mc1,1,1,True,0.626454770565033,0.7117438912391663,0.26242873072624207,4,,
nso-nso-378,nso,mc1,mc1,2,1,False,0.4369391202926636,1.0679740905761719,0.10961318016052246,3,,
nso-nso-379,nso,mc1,mc1,2,2,True,0.6022653579711914,1.0919076204299927,0.43480974435806274,4,,
nso-nso-380,nso,mc1,mc1,0,0,True,0.5509058237075806,0.687955379486084,0.10181161761283875,2,,
nso-nso-381,nso,mc1,mc1,1,1,True,0.9028241634368896,0.38079118728637695,0.8381916284561157,3,,
nso-nso-382,nso,mc1,mc1,3,1,False,0.32772397994995117,1.3172509670257568,0.014402687549591064,4,,
nso-nso-383,nso,mc1,mc1,1,0,False,0.5904306173324585,0.6767014265060425,0.18086126446723938,2,,
nso-nso-384,nso,mc1,mc1,0,1,False,0.7344223856925964,0.7417430877685547,0.5493525862693787,3,,
nso-nso-385,nso,mc1,mc1,2,1,False,0.744358241558075,0.812120795249939,0.6114935874938965,4,,
nso-nso-386,nso,mc1,mc1,0,1,False,0.7444236874580383,0.7021082639694214,0.5288372039794922,4,,
nso-nso-387,nso,mc1,mc1,0,1,False,0.7654534578323364,0.5447119474411011,0.5309069156646729,2,,
nso-nso-388,nso,mc1,mc1,1,0,False,0.7638930082321167,0.7628148198127747,0.6510491371154785,4,,
nso-nso-389,nso,mc1,mc1,0,1,False,0.3627393841743469,1.3503731489181519,0.11723260581493378,4,,
nso-nso-390,nso,mc1,mc1,0,0,True,0.4600531756877899,1.0421338081359863,0.11340153217315674,3,,
nso-nso-391,nso,mc1,mc1,0,3,False,0.3548945188522339,1.2882320880889893,0.0003527402877807617,4,,
nso-nso-392,nso,mc1,mc1,0,2,False,0.6163078546524048,1.0697405338287354,0.4409990906715393,4,,
nso-nso-393,nso,mc1,mc1,3,3,True,0.4184264838695526,1.2236902713775635,0.11853063106536865,4,,
nso-nso-394,nso,mc1,mc1,1,1,True,0.8353980779647827,0.6271834373474121,0.7726789712905884,4,,
nso-nso-395,nso,mc1,mc1,2,3,False,0.914620041847229,0.358535498380661,0.8565701246261597,4,,
nso-nso-396,nso,mc1,mc1,3,0,False,0.5306084156036377,1.1729620695114136,0.29572734236717224,4,,
nso-nso-397,nso,mc1,mc1,0,1,False,0.32986980676651,1.3428027629852295,0.045646727085113525,4,,
nso-nso-398,nso,mc1,mc1,0,1,False,0.3343624174594879,1.362570881843567,0.07132023572921753,4,,
nso-nso-399,nso,mc1,mc1,0,2,False,0.6188276410102844,1.0516921281814575,0.4163978099822998,4,,
nso-nso-400,nso,mc1,mc1,2,3,False,0.38366857171058655,1.3309054374694824,0.14474119246006012,4,,
nso-nso-401,nso,mc1,mc1,2,1,False,0.3639282286167145,1.351527214050293,0.1319115310907364,4,,
nso-nso-402,nso,mc1,mc1,0,1,False,0.8432554006576538,0.5158120393753052,0.7187910676002502,4,,
nso-nso-403,nso,mc1,mc1,1,3,False,0.4132251739501953,1.1957206726074219,0.13016775250434875,4,,
nso-nso-404,nso,mc1,mc1,2,2,True,0.6345597505569458,1.0014774799346924,0.4404042959213257,4,,
nso-nso-405,nso,mc1,mc1,1,2,False,0.5958411693572998,1.1034915447235107,0.4344417452812195,4,,
nso-nso-406,nso,mc1,mc1,0,3,False,0.6271827816963196,1.0348081588745117,0.4443058967590332,4,,
nso-nso-407,nso,mc1,mc1,0,0,True,0.5703933238983154,1.1479084491729736,0.40282341837882996,4,,
nso-nso-408,nso,mc1,mc1,1,1,True,0.6786472201347351,0.8436858654022217,0.4846891760826111,3,,
nso-nso-409,nso,mc1,mc1,1,3,False,0.3938165605068207,1.2134761810302734,0.02754354476928711,4,,
nso-nso-410,nso,mc1,mc1,2,0,False,0.43422725796699524,1.2946999073028564,0.19717109203338623,4,,
nso-nso-411,nso,mc1,mc1,0,2,False,0.47674885392189026,1.0290935039520264,0.1009417474269867,4,,
nso-nso-412,nso,mc1,mc1,0,0,True,0.6409795880317688,0.8374127149581909,0.33906152844429016,4,,
nso-nso-413,nso,mc1,mc1,3,2,False,0.3674616813659668,1.2691000699996948,0.018594473600387573,4,,
nso-nso-414,nso,mc1,mc1,0,3,False,0.3300561308860779,1.3482439517974854,0.028851211071014404,4,,
nso-nso-415,nso,mc1,mc1,0,0,True,0.39207613468170166,1.258325219154358,0.07453307509422302,4,,
nso-nso-416,nso,mc1,mc1,3,0,False,0.5491690039634705,0.9668906927108765,0.18522945046424866,4,,
nso-nso-417,nso,mc1,mc1,3,0,False,0.5211657285690308,1.2128534317016602,0.3309597373008728,4,,
nso-nso-418,nso,mc1,mc1,2,1,False,0.4467543065547943,1.1263034343719482,0.11951044201850891,4,,
nso-nso-419,nso,mc1,mc1,0,1,False,0.9423771500587463,0.2388923466205597,0.8904187679290771,3,,
nso-nso-420,nso,mc1,mc1,2,1,False,0.5458474159240723,1.1258606910705566,0.28000953793525696,4,,
nso-nso-421,nso,mc1,mc1,2,2,True,0.40648379921913147,1.055922508239746,0.014619022607803345,3,,
nso-nso-422,nso,mc1,mc1,2,0,False,0.5305333137512207,1.1312196254730225,0.2675416171550751,4,,
nso-nso-423,nso,mc1,mc1,1,1,True,0.5828922986984253,0.6793412566184998,0.1657845675945282,2,,
nso-nso-424,nso,mc1,mc1,0,3,False,0.3006558418273926,1.367213249206543,0.012509346008300781,4,,
nso-nso-425,nso,mc1,mc1,1,1,True,0.33894792199134827,1.3420029878616333,0.0380195677280426,4,,
nso-nso-426,nso,mc1,mc1,2,1,False,0.6501799821853638,0.6916861534118652,0.31006261706352234,3,,
nso-nso-427,nso,mc1,mc1,2,2,True,0.5272117853164673,1.0101544857025146,0.24427729845046997,3,,
nso-nso-428,nso,mc1,mc1,3,3,True,0.3966819643974304,1.2840123176574707,0.09658417105674744,4,,
nso-nso-429,nso,mc1,mc1,1,2,False,0.3946312963962555,1.333831548690796,0.17184039950370789,4,,
nso-nso-430,nso,mc1,mc1,2,3,False,0.5267367362976074,1.0631262063980103,0.26965996623039246,4,,
nso-nso-431,nso,mc1,mc1,2,3,False,0.5981232523918152,1.0852515697479248,0.40038904547691345,4,,
nso-nso-432,nso,mc1,mc1,3,0,False,0.768223762512207,0.7217097282409668,0.6402544975280762,4,,
nso-nso-433,nso,mc1,mc1,2,0,False,0.7348300218582153,0.6152080297470093,0.4779285788536072,3,,
nso-nso-434,nso,mc1,mc1,0,0,True,0.5234812498092651,0.9248965382575989,0.12291660904884338,4,,
nso-nso-435,nso,mc1,mc1,0,0,True,0.7075225114822388,0.8612520694732666,0.5500425100326538,4,,
nso-nso-436,nso,mc1,mc1,0,2,False,0.6148747801780701,1.0691070556640625,0.4469645917415619,4,,
nso-nso-437,nso,mc1,mc1,1,2,False,0.597264289855957,0.8978681564331055,0.2927820086479187,3,,
nso-nso-438,nso,mc1,mc1,3,0,False,0.7003723978996277,0.8280168175697327,0.4799477458000183,4,,
nso-nso-439,nso,mc1,mc1,2,3,False,0.5140804648399353,1.197049617767334,0.281396746635437,4,,
nso-nso-440,nso,mc1,mc1,3,2,False,0.34670135378837585,1.32908296585083,0.059535443782806396,4,,
nso-nso-441,nso,mc1,mc1,3,0,False,0.5222862958908081,1.0627453327178955,0.19188255071640015,4,,
nso-nso-442,nso,mc1,mc1,0,2,False,0.5601301789283752,0.9380218982696533,0.23467722535133362,3,,
nso-nso-443,nso,mc1,mc1,1,2,False,0.5978994965553284,0.9628841876983643,0.32667961716651917,4,,
nso-nso-444,nso,mc1,mc1,0,1,False,0.3874082863330841,1.2280666828155518,0.03557470440864563,4,,
nso-nso-445,nso,mc1,mc1,2,2,True,0.3981178402900696,1.281265139579773,0.07931303977966309,4,,
nso-nso-446,nso,mc1,mc1,0,3,False,0.3695984184741974,1.2572654485702515,0.012518525123596191,4,,
nso-nso-447,nso,mc1,mc1,3,0,False,0.33703455328941345,1.1301265954971313,0.0073882341384887695,4,,
nso-nso-448,nso,mc1,mc1,0,2,False,0.31615540385246277,1.3712248802185059,0.07103025913238525,4,,
nso-nso-449,nso,mc1,mc1,1,3,False,0.31202709674835205,1.3482744693756104,0.033917129039764404,4,,
nso-nso-450,nso,mc1,mc1,3,3,True,0.4011124074459076,1.2553412914276123,0.06284958124160767,4,,
nso-nso-451,nso,mc1,mc1,1,0,False,0.732936441898346,0.8446661233901978,0.6164938807487488,4,,
nso-nso-452,nso,mc1,mc1,3,0,False,0.4936503469944,1.1314924955368042,0.21282491087913513,4,,
nso-nso-453,nso,mc1,mc1,1,1,True,0.5757113099098206,0.842387855052948,0.1939966082572937,4,,
nso-nso-454,nso,mc1,mc1,3,1,False,0.46113869547843933,1.2293182611465454,0.17673543095588684,4,,
nso-nso-455,nso,mc1,mc1,2,2,True,0.5857841372489929,1.11751127243042,0.39738571643829346,4,,
nso-nso-456,nso,mc1,mc1,2,1,False,0.39280590415000916,1.236126184463501,0.02110472321510315,4,,
nso-nso-457,nso,mc1,mc1,2,3,False,0.36319705843925476,1.3029298782348633,0.03193768858909607,4,,
nso-nso-458,nso,mc1,mc1,3,3,True,0.7745210528373718,0.771119236946106,0.6664249300956726,4,,
nso-nso-459,nso,mc1,mc1,0,2,False,0.28621992468833923,1.3812546730041504,0.02667054533958435,4,,
nso-nso-460,nso,mc1,mc1,1,2,False,0.44038811326026917,1.0111933946609497,0.03064340353012085,3,,
nso-nso-461,nso,mc1,mc1,1,0,False,0.8110746741294861,0.4846608638763428,0.6221494078636169,2,,
nso-nso-462,nso,mc1,mc1,3,0,False,0.7786968350410461,0.681073784828186,0.6092312335968018,4,,
nso-nso-463,nso,mc1,mc1,2,1,False,0.6533985137939453,0.9065700173377991,0.4333895444869995,4,,
nso-nso-464,nso,mc1,mc1,2,1,False,0.4528854489326477,1.0361521244049072,0.028843015432357788,4,,
nso-nso-465,nso,mc1,mc1,3,3,True,0.34830549359321594,1.324190616607666,0.07019850611686707,4,,
nso-nso-466,nso,mc1,mc1,1,3,False,0.5463395714759827,1.0884990692138672,0.24852681159973145,4,,
nso-nso-467,nso,mc1,mc1,0,2,False,0.48624712228775024,1.2178146839141846,0.2675766944885254,4,,
nso-nso-468,nso,mc1,mc1,2,2,True,0.46375662088394165,1.275412917137146,0.2528751492500305,4,,
nso-nso-469,nso,mc1,mc1,3,2,False,0.878054678440094,0.5017330050468445,0.8267329335212708,4,,
nso-nso-470,nso,mc1,mc1,1,0,False,0.8889996409416199,0.34860163927078247,0.7779993414878845,2,,
nso-nso-471,nso,mc1,mc1,2,2,True,0.5100363492965698,0.9360208511352539,0.09169751405715942,4,,
nso-nso-472,nso,mc1,mc1,2,1,False,0.8448565006256104,0.5970771312713623,0.77497398853302,4,,
nso-nso-473,nso,mc1,mc1,1,0,False,0.6408103108406067,0.6529505252838135,0.2816205620765686,2,,
nso-nso-474,nso,mc1,mc1,0,2,False,0.8628655672073364,0.48062777519226074,0.7636941075325012,3,,
nso-nso-475,nso,mc1,mc1,2,2,True,0.4719576835632324,0.8859219551086426,0.007580161094665527,3,,
nso-nso-476,nso,mc1,mc1,2,1,False,0.7078717947006226,0.8000299334526062,0.501833438873291,4,,
nso-nso-477,nso,mc1,mc1,0,1,False,0.7938278913497925,0.7051031589508057,0.6823017597198486,4,,
nso-nso-478,nso,mc1,mc1,0,0,True,0.6204662919044495,0.9872437119483948,0.3662876784801483,4,,
nso-nso-479,nso,mc1,mc1,0,3,False,0.347526490688324,1.2933576107025146,0.045973002910614014,4,,
nso-nso-480,nso,mc1,mc1,0,0,True,0.9203908443450928,0.328616201877594,0.8675069212913513,3,,
nso-nso-481,nso,mc1,mc1,1,3,False,0.5570473074913025,0.9838069081306458,0.28183192014694214,4,,
nso-nso-482,nso,mc1,mc1,2,0,False,0.419654905796051,1.1179563999176025,0.0821332037448883,4,,
nso-nso-483,nso,mc1,mc1,0,0,True,0.9486691355705261,0.2571278512477875,0.9261929988861084,4,,
nso-nso-484,nso,mc1,mc1,0,1,False,0.5870851278305054,0.9247754812240601,0.29197049140930176,3,,
nso-nso-485,nso,mc1,mc1,3,0,False,0.7020921111106873,0.8861608505249023,0.5247582197189331,4,,
nso-nso-486,nso,mc1,mc1,1,1,True,0.6740562915802002,0.9697006940841675,0.5135919451713562,4,,
nso-nso-487,nso,mc1,mc1,3,0,False,0.43611639738082886,1.2826883792877197,0.18286800384521484,4,,
nso-nso-488,nso,mc1,mc1,0,2,False,0.6731224656105042,0.9142179489135742,0.45457470417022705,4,,
nso-nso-489,nso,mc1,mc1,2,1,False,0.599218487739563,1.026989459991455,0.3780754804611206,4,,
nso-nso-490,nso,mc1,mc1,1,3,False,0.29180556535720825,1.3804795742034912,0.039508044719696045,4,,
nso-nso-491,nso,mc1,mc1,2,3,False,0.358562707901001,1.2872925996780396,0.0685051679611206,4,,
nso-nso-492,nso,mc1,mc1,2,0,False,0.818340003490448,0.5031792521476746,0.6423802375793457,4,,
nso-nso-493,nso,mc1,mc1,0,3,False,0.46445468068122864,1.0228867530822754,0.054942935705184937,4,,
nso-nso-494,nso,mc1,mc1,0,3,False,0.43236517906188965,1.2921499013900757,0.19229570031166077,4,,
nso-nso-495,nso,mc1,mc1,0,0,True,0.6898149251937866,0.6192486882209778,0.37962979078292847,2,,
nso-nso-496,nso,mc1,mc1,0,2,False,0.4842134118080139,0.8221297860145569,0.004014432430267334,3,,
nso-nso-497,nso,mc1,mc1,0,0,True,0.6880844235420227,0.6206247806549072,0.3761689066886902,2,,
nso-nso-498,nso,mc1,mc1,0,0,True,0.8806129693984985,0.36570197343826294,0.7612258791923523,2,,
nso-nso-499,nso,mc1,mc1,2,1,False,0.8298183679580688,0.5843749046325684,0.7093720436096191,4,,
nso-nso-500,nso,mc1,mc1,1,0,False,0.31194084882736206,1.371359944343567,0.043640345335006714,4,,
nso-nso-501,nso,mc1,mc1,2,3,False,0.40998178720474243,1.1417787075042725,0.016882717609405518,4,,
nso-nso-502,nso,mc1,mc1,0,1,False,0.5908439755439758,0.7414693832397461,0.19566568732261658,4,,
nso-nso-503,nso,mc1,mc1,0,2,False,0.4098982512950897,1.2160552740097046,0.037455976009368896,4,,
nso-nso-504,nso,mc1,mc1,3,1,False,0.5020924210548401,1.179360032081604,0.2541818618774414,4,,
nso-nso-505,nso,mc1,mc1,0,0,True,0.6467910408973694,0.9889519214630127,0.4776046872138977,4,,
nso-nso-506,nso,mc1,mc1,3,3,True,0.37362295389175415,1.2573760747909546,0.0006475746631622314,4,,
nso-nso-507,nso,mc1,mc1,1,0,False,0.31024062633514404,1.374338150024414,0.05551972985267639,4,,
nso-nso-508,nso,mc1,mc1,0,1,False,0.31810277700424194,1.359400987625122,0.025591641664505005,4,,
nso-nso-509,nso,mc1,mc1,3,2,False,0.4158935546875,1.2203408479690552,0.1263718605041504,4,,
nso-nso-510,nso,mc1,mc1,0,0,True,0.35433220863342285,1.3377870321273804,0.0589635968208313,4,,
nso-nso-511,nso,mc1,mc1,1,3,False,0.7226510643959045,0.8571038246154785,0.5940626859664917,4,,
nso-nso-512,nso,mc1,mc1,1,0,False,0.2964846193790436,1.373904824256897,0.023470938205718994,4,,
nso-nso-513,nso,mc1,mc1,2,2,True,0.5590435266494751,1.0780493021011353,0.31292837858200073,4,,
nso-nso-514,nso,mc1,mc1,0,3,False,0.5479526519775391,1.0424258708953857,0.315028578042984,4,,
nso-nso-515,nso,mc1,mc1,2,2,True,0.3664286136627197,1.2429659366607666,0.06675708293914795,4,,
nso-nso-516,nso,mc1,mc1,0,1,False,0.743532121181488,0.6319505572319031,0.5040878653526306,3,,
nso-nso-517,nso,mc1,mc1,1,0,False,0.6458007097244263,0.9631769061088562,0.4205479025840759,4,,
nso-nso-518,nso,mc1,mc1,2,3,False,0.3536877930164337,1.1704875230789185,0.009853512048721313,4,,
nso-nso-519,nso,mc1,mc1,1,0,False,0.515051007270813,1.2080085277557373,0.3186311721801758,4,,
nso-nso-520,nso,mc1,mc1,1,3,False,0.3882724642753601,1.2945046424865723,0.10929456353187561,4,,
nso-nso-521,nso,mc1,mc1,1,0,False,0.9358256459236145,0.2819385826587677,0.8985397815704346,3,,
nso-nso-522,nso,mc1,mc1,3,2,False,0.7871401309967041,0.6991410255432129,0.6728812456130981,4,,
nso-nso-523,nso,mc1,mc1,2,3,False,0.39124795794487,1.2639000415802002,0.05132731795310974,4,,
nso-nso-524,nso,mc1,mc1,1,3,False,0.8337868452072144,0.5343189835548401,0.7005698084831238,4,,
nso-nso-525,nso,mc1,mc1,3,2,False,0.3681824803352356,1.2843208312988281,0.05513694882392883,4,,
nso-nso-526,nso,mc1,mc1,3,3,True,0.7334081530570984,0.8389326333999634,0.6068707704544067,4,,
nso-nso-527,nso,mc1,mc1,0,0,True,0.5250450968742371,0.9608126878738403,0.12931689620018005,4,,
nso-nso-528,nso,mc1,mc1,0,0,True,0.3189248740673065,1.3664865493774414,0.04684552550315857,4,,
nso-nso-529,nso,mc1,mc1,0,1,False,0.354184091091156,1.3549766540527344,0.10575026273727417,4,,
nso-nso-530,nso,mc1,mc1,3,3,True,0.6826114058494568,0.9610928297042847,0.5338487029075623,4,,
nso-nso-531,nso,mc1,mc1,1,0,False,0.37672939896583557,1.0875576734542847,0.018805593252182007,3,,
nso-nso-532,nso,mc1,mc1,0,0,True,0.4927728474140167,1.1776598691940308,0.20749670267105103,4,,
nso-nso-533,nso,mc1,mc1,0,2,False,0.5232797265052795,1.1884450912475586,0.28866270184516907,4,,
nso-nso-534,nso,mc1,mc1,3,3,True,0.4986788332462311,1.0634983777999878,0.13142338395118713,4,,
nso-nso-535,nso,mc1,mc1,2,1,False,0.35992431640625,1.0959709882736206,0.021383315324783325,3,,
nso-nso-536,nso,mc1,mc1,0,2,False,0.3890741765499115,1.3185585737228394,0.11781376600265503,4,,
nso-nso-537,nso,mc1,mc1,3,2,False,0.38068580627441406,1.3332791328430176,0.1468464434146881,4,,
nso-nso-538,nso,mc1,mc1,0,0,True,0.6431897282600403,0.9470670223236084,0.43123355507850647,4,,
nso-nso-539,nso,mc1,mc1,3,2,False,0.4162251055240631,1.2797672748565674,0.1490686535835266,4,,
nso-nso-540,nso,mc1,mc1,0,2,False,0.6000232100486755,0.9367465972900391,0.34837231040000916,3,,
nso-nso-541,nso,mc1,mc1,1,3,False,0.4408396780490875,1.229942798614502,0.13714981079101562,4,,
nso-nso-542,nso,mc1,mc1,1,1,True,0.6008403301239014,0.6726694703102112,0.20168066024780273,2,,
nso-nso-543,nso,mc1,mc1,0,0,True,0.8473443388938904,0.42728808522224426,0.6946886777877808,2,,
nso-nso-544,nso,mc1,mc1,1,0,False,0.5130497217178345,0.692806601524353,0.026099473237991333,2,,
nso-nso-545,nso,mc1,mc1,0,1,False,0.6903740167617798,0.8284228444099426,0.44850996136665344,4,,
nso-nso-546,nso,mc1,mc1,1,0,False,0.9838775396347046,0.08253778517246246,0.967755138874054,2,,
nso-nso-547,nso,mc1,mc1,2,0,False,0.47429654002189636,1.172086477279663,0.16069114208221436,4,,
nso-nso-548,nso,mc1,mc1,2,2,True,0.7335028052330017,0.758956253528595,0.5732538104057312,3,,
nso-nso-549,nso,mc1,mc1,1,2,False,0.41559916734695435,1.2363899946212769,0.11844897270202637,4,,
nso-nso-550,nso,mc1,mc1,1,3,False,0.5389867424964905,0.9565694332122803,0.15725919604301453,4,,
nso-nso-551,nso,mc1,mc1,1,0,False,0.6102604269981384,1.0240681171417236,0.39489346742630005,4,,
nso-nso-552,nso,mc1,mc1,0,1,False,0.5628189444541931,1.104435682296753,0.3050929307937622,4,,
nso-nso-553,nso,mc1,mc1,3,1,False,0.70588219165802,0.9032055139541626,0.5789405703544617,4,,
nso-nso-554,nso,mc1,mc1,2,2,True,0.48196569085121155,1.2010269165039062,0.2372521013021469,4,,
nso-nso-555,nso,mc1,mc1,0,1,False,0.9079388976097107,0.3820919394493103,0.843235969543457,4,,
nso-nso-556,nso,mc1,mc1,1,3,False,0.4314904808998108,1.2249157428741455,0.10673204064369202,4,,
nso-nso-557,nso,mc1,mc1,3,0,False,0.41961392760276794,1.1740765571594238,0.11746358871459961,4,,
nso-nso-558,nso,mc1,mc1,2,1,False,0.7033008933067322,0.9107190370559692,0.5565037727355957,4,,
nso-nso-559,nso,mc1,mc1,2,2,True,0.3648871183395386,1.3323577642440796,0.07388758659362793,4,,
nso-nso-560,nso,mc1,mc1,2,3,False,0.4849940240383148,1.1952606439590454,0.21466177701950073,4,,
nso-nso-561,nso,mc1,mc1,2,0,False,0.48593977093696594,1.2299290895462036,0.23301854729652405,4,,
nso-nso-562,nso,mc1,mc1,1,2,False,0.7682802677154541,0.7512280344963074,0.6206153035163879,4,,
nso-nso-563,nso,mc1,mc1,2,3,False,0.35160547494888306,1.3129719495773315,0.0391918420791626,4,,
nso-nso-564,nso,mc1,mc1,0,1,False,0.44402840733528137,1.1505885124206543,0.06113329529762268,4,,
nso-nso-565,nso,mc1,mc1,1,2,False,0.8096063733100891,0.6890784502029419,0.727658748626709,4,,
nso-nso-566,nso,mc1,mc1,2,0,False,0.4575647711753845,1.0597343444824219,0.1467750072479248,3,,
nso-nso-567,nso,mc1,mc1,2,1,False,0.3845348656177521,1.312366247177124,0.08700808882713318,4,,
nso-nso-568,nso,mc1,mc1,1,0,False,0.6372865438461304,1.0509204864501953,0.4962674379348755,4,,
nso-nso-569,nso,mc1,mc1,3,3,True,0.39972826838493347,1.1251180171966553,0.07004329562187195,4,,
nso-nso-570,nso,mc1,mc1,3,3,True,0.3873962163925171,1.2040507793426514,0.0038629770278930664,4,,
nso-nso-571,nso,mc1,mc1,1,2,False,0.952242910861969,0.22492250800132751,0.9274170994758606,3,,
nso-nso-572,nso,mc1,mc1,1,3,False,0.34133392572402954,1.3520857095718384,0.06488502025604248,4,,
nso-nso-573,nso,mc1,mc1,1,1,True,0.9151006937026978,0.2905750572681427,0.8302013874053955,2,,
nso-nso-574,nso,mc1,mc1,0,2,False,0.47145307064056396,1.1374235153198242,0.13044145703315735,4,,
nso-nso-575,nso,mc1,mc1,0,1,False,0.7697864770889282,0.5395342111587524,0.5395730137825012,2,,
nso-nso-576,nso,mc1,mc1,1,1,True,0.31518563628196716,1.3498131036758423,0.0005853772163391113,4,,
nso-nso-577,nso,mc1,mc1,1,1,True,0.650679349899292,1.0126252174377441,0.5036072731018066,4,,
nso-nso-578,nso,mc1,mc1,3,2,False,0.3711136281490326,1.3139351606369019,0.060816287994384766,4,,
nso-nso-579,nso,mc1,mc1,2,2,True,0.5264617800712585,0.9739266633987427,0.13821905851364136,4,,
nso-nso-580,nso,mc1,mc1,0,3,False,0.4086987376213074,1.1875659227371216,0.029223144054412842,4,,
nso-nso-581,nso,mc1,mc1,1,0,False,0.3064204454421997,1.3687303066253662,0.03221869468688965,4,,
nso-nso-582,nso,mc1,mc1,3,2,False,0.48484006524086,1.229912281036377,0.23044905066490173,4,,
nso-nso-583,nso,mc1,mc1,3,3,True,0.3497128486633301,1.3542894124984741,0.09324377775192261,4,,
nso-nso-584,nso,mc1,mc1,0,2,False,0.6183521747589111,1.032033920288086,0.4214271903038025,4,,
nso-nso-585,nso,mc1,mc1,0,1,False,0.8539400100708008,0.4158134460449219,0.7078800201416016,2,,
nso-nso-586,nso,mc1,mc1,1,1,True,0.5642955899238586,1.144826889038086,0.3574897050857544,4,,
nso-nso-587,nso,mc1,mc1,3,2,False,0.35873860120773315,1.3233540058135986,0.06213521957397461,4,,
nso-nso-588,nso,mc1,mc1,0,3,False,0.3045089542865753,1.3379170894622803,0.013240337371826172,4,,
nso-nso-589,nso,mc1,mc1,1,3,False,0.5649756193161011,1.099810242652893,0.32009899616241455,4,,
nso-nso-590,nso,mc1,mc1,0,1,False,0.561813473701477,0.9326310157775879,0.2338474988937378,3,,
nso-nso-591,nso,mc1,mc1,2,0,False,0.4981535077095032,1.1670689582824707,0.22174078226089478,4,,
nso-nso-592,nso,mc1,mc1,3,2,False,0.7935606837272644,0.6720658540725708,0.692228376865387,4,,
nso-nso-593,nso,mc1,mc1,1,0,False,0.8622552752494812,0.5439828634262085,0.8041203022003174,4,,
nso-nso-594,nso,mc1,mc1,0,3,False,0.31547361612319946,1.3615707159042358,0.024640917778015137,4,,
nso-nso-595,nso,mc1,mc1,0,3,False,0.5688555240631104,0.7932810187339783,0.16205841302871704,4,,
nso-nso-596,nso,mc1,mc1,0,3,False,0.39142122864723206,1.185387134552002,0.02287384867668152,4,,
nso-nso-597,nso,mc1,mc1,3,2,False,0.5542005300521851,0.9690842628479004,0.20506176352500916,4,,
nso-nso-598,nso,mc1,mc1,0,3,False,0.4731452167034149,1.253627061843872,0.26218998432159424,4,,
nso-nso-599,nso,mc1,mc1,1,3,False,0.34008216857910156,1.342376470565796,0.06286618113517761,4,,
nso-nso-600,nso,mc1,mc1,3,3,True,0.28846144676208496,1.381643295288086,0.03730124235153198,4,,
nso-nso-601,nso,mc1,mc1,0,3,False,0.3438016474246979,1.159766674041748,0.018564552068710327,4,,
nso-nso-602,nso,mc1,mc1,0,0,True,0.7007785439491272,0.610203206539154,0.4015570878982544,2,,
nso-nso-603,nso,mc1,mc1,1,0,False,0.35304632782936096,1.3012880086898804,0.037249207496643066,4,,
nso-nso-604,nso,mc1,mc1,2,2,True,0.8255680203437805,0.5713438391685486,0.7058519721031189,3,,
nso-nso-605,nso,mc1,mc1,1,1,True,0.5527759790420532,0.9847936034202576,0.27599382400512695,3,,
nso-nso-606,nso,mc1,mc1,2,1,False,0.7204169034957886,0.894571840763092,0.6052834987640381,4,,
nso-nso-607,nso,mc1,mc1,2,1,False,0.5210790634155273,1.115319013595581,0.23710942268371582,4,,
nso-nso-608,nso,mc1,mc1,3,0,False,0.32475271821022034,1.3649446964263916,0.05223432183265686,4,,
nso-nso-609,nso,mc1,mc1,0,3,False,0.5110703706741333,1.215354323387146,0.2935979962348938,4,,
nso-nso-610,nso,mc1,mc1,1,2,False,0.3422720432281494,1.3370784521102905,0.05468994379043579,4,,
nso-nso-611,nso,mc1,mc1,0,2,False,0.4937381446361542,1.06769597530365,0.23882272839546204,4,,
nso-nso-612,nso,mc1,mc1,3,0,False,0.41857558488845825,1.2527806758880615,0.09847044944763184,4,,
nso-nso-613,nso,mc1,mc1,1,3,False,0.2979618310928345,1.3798482418060303,0.05117473006248474,4,,
nso-nso-614,nso,mc1,mc1,2,3,False,0.5262255072593689,1.1314043998718262,0.2649348974227905,4,,
nso-nso-615,nso,mc1,mc1,2,2,True,0.4039532542228699,1.2925175428390503,0.13251382112503052,4,,
nso-nso-616,nso,mc1,mc1,2,2,True,0.4564124047756195,1.1302158832550049,0.08411434292793274,4,,
nso-nso-617,nso,mc1,mc1,2,3,False,0.41549327969551086,1.2133179903030396,0.048115044832229614,4,,
nso-nso-618,nso,mc1,mc1,0,2,False,0.5182096362113953,1.2147715091705322,0.3250889182090759,4,,
nso-nso-619,nso,mc1,mc1,1,0,False,0.5492414236068726,0.9419530034065247,0.21134161949157715,3,,
nso-nso-620,nso,mc1,mc1,1,2,False,0.6086080074310303,0.8636736869812012,0.27200010418891907,4,,
nso-nso-621,nso,mc1,mc1,0,0,True,0.3702535033226013,1.0953636169433594,0.046799153089523315,3,,
nso-nso-622,nso,mc1,mc1,0,3,False,0.3516424596309662,1.2734460830688477,0.0,4,,
nso-nso-623,nso,mc1,mc1,0,1,False,0.8485934734344482,0.42514103651046753,0.6971870064735413,2,,
nso-nso-624,nso,mc1,mc1,3,3,True,0.3074508309364319,1.3559821844100952,0.028517603874206543,4,,
nso-nso-625,nso,mc1,mc1,0,3,False,0.318030446767807,1.2962257862091064,0.00399094820022583,4,,
nso-nso-626,nso,mc1,mc1,3,1,False,0.4257201552391052,1.305941104888916,0.1913057267665863,4,,
nso-nso-627,nso,mc1,mc1,3,2,False,0.3625226318836212,1.3068773746490479,0.07612749934196472,4,,
nso-nso-628,nso,mc1,mc1,1,2,False,0.3610576391220093,1.2904576063156128,0.009349167346954346,4,,
nso-nso-629,nso,mc1,mc1,0,1,False,0.5698733329772949,1.1051124334335327,0.3487752676010132,4,,
nso-nso-630,nso,mc1,mc1,0,1,False,0.3557155132293701,1.2772239446640015,0.02056431770324707,4,,
nso-nso-631,nso,mc1,mc1,2,3,False,0.48168352246284485,1.2444884777069092,0.2695612907409668,4,,
nso-nso-632,nso,mc1,mc1,0,0,True,0.8020737171173096,0.6228410005569458,0.6691907048225403,3,,
nso-nso-633,nso,mc1,mc1,2,2,True,0.861529529094696,0.4764382839202881,0.7446942329406738,4,,
nso-nso-634,nso,mc1,mc1,2,0,False,0.6729609370231628,0.9294073581695557,0.480949342250824,4,,
nso-nso-635,nso,mc1,mc1,0,1,False,0.8413169980049133,0.43747949600219727,0.6826339960098267,2,,
nso-nso-636,nso,mc1,mc1,0,2,False,0.5331168174743652,1.1565266847610474,0.29770591855049133,4,,
nso-nso-637,nso,mc1,mc1,1,1,True,0.48775944113731384,1.0477641820907593,0.2256210446357727,3,,
nso-nso-638,nso,mc1,mc1,1,3,False,0.4907236099243164,0.8882061243057251,0.035445064306259155,4,,
nso-nso-639,nso,mc1,mc1,2,3,False,0.7919797301292419,0.6090781688690186,0.6156526207923889,4,,
nso-nso-640,nso,mc1,mc1,0,1,False,0.9455657005310059,0.2113703042268753,0.8911314010620117,2,,
nso-nso-641,nso,mc1,mc1,0,0,True,0.3613666594028473,1.3005304336547852,0.04013010859489441,4,,
nso-nso-642,nso,mc1,mc1,2,0,False,0.47563377022743225,1.2442495822906494,0.26397061347961426,4,,
nso-nso-643,nso,mc1,mc1,3,1,False,0.5802885890007019,1.1165978908538818,0.3778538703918457,4,,
nso-nso-644,nso,mc1,mc1,1,1,True,0.2829025089740753,1.382654070854187,0.03367237746715546,4,,
nso-nso-645,nso,mc1,mc1,3,2,False,0.7064700126647949,0.8825886249542236,0.5480961799621582,4,,
nso-nso-646,nso,mc1,mc1,2,0,False,0.4140489101409912,1.2420012950897217,0.07925298810005188,4,,
nso-nso-647,nso,mc1,mc1,2,2,True,0.3521813154220581,1.160491943359375,0.02257305383682251,4,,
nso-nso-648,nso,mc1,mc1,2,3,False,0.29614901542663574,1.369829773902893,0.00430142879486084,4,,
nso-nso-649,nso,mc1,mc1,3,1,False,0.48154664039611816,1.2386846542358398,0.2476511299610138,4,,
nso-nso-650,nso,mc1,mc1,2,2,True,0.6171835064888,1.0707471370697021,0.4415864050388336,4,,
nso-nso-651,nso,mc1,mc1,0,2,False,0.3570035994052887,1.156151294708252,0.02284589409828186,4,,
nso-nso-652,nso,mc1,mc1,2,2,True,0.42228734493255615,1.3118467330932617,0.19819039106369019,4,,
nso-nso-653,nso,mc1,mc1,1,1,True,0.3612240254878998,1.1690200567245483,0.017776012420654297,4,,
nso-nso-654,nso,mc1,mc1,2,1,False,0.663664698600769,0.8125569820404053,0.3834798038005829,4,,
nso-nso-655,nso,mc1,mc1,1,0,False,0.5251444578170776,1.0234084129333496,0.1718553900718689,4,,
nso-nso-656,nso,mc1,mc1,0,3,False,0.5629878640174866,1.0895742177963257,0.34449195861816406,4,,
nso-nso-657,nso,mc1,mc1,2,1,False,0.5691731572151184,1.1277366876602173,0.3668549656867981,4,,
nso-nso-658,nso,mc1,mc1,1,1,True,0.45542678236961365,1.1670008897781372,0.19205239415168762,4,,
nso-nso-659,nso,mc1,mc1,3,2,False,0.4887385070323944,1.1354267597198486,0.15549597144126892,4,,
nso-nso-660,nso,mc1,mc1,2,3,False,0.4909999370574951,1.1500520706176758,0.1692453920841217,4,,
nso-nso-661,nso,mc1,mc1,3,1,False,0.36191070079803467,1.3541228771209717,0.12941230833530426,4,,
nso-nso-662,nso,mc1,mc1,0,0,True,0.36147284507751465,1.1716904640197754,0.021890580654144287,4,,
nso-nso-663,nso,mc1,mc1,0,1,False,0.7914642691612244,0.652597188949585,0.6664308905601501,4,,
nso-nso-664,nso,mc1,mc1,2,1,False,0.42383313179016113,1.3059979677200317,0.1981806755065918,4,,
nso-nso-665,nso,mc1,mc1,2,1,False,0.34553438425064087,1.30080246925354,0.009634286165237427,4,,
nso-nso-666,nso,mc1,mc1,3,0,False,0.8096912503242493,0.5859525203704834,0.6598552465438843,4,,
nso-nso-667,nso,mc1,mc1,1,3,False,0.3123471140861511,1.3751189708709717,0.06685838103294373,4,,
nso-nso-668,nso,mc1,mc1,2,0,False,0.3623681962490082,1.2722043991088867,0.01732814311981201,4,,
nso-nso-669,nso,mc1,mc1,2,3,False,0.8301277756690979,0.6212738156318665,0.7324938178062439,4,,
nso-nso-670,nso,mc1,mc1,3,3,True,0.5133474469184875,1.2267193794250488,0.34491586685180664,4,,
nso-nso-671,nso,mc1,mc1,1,3,False,0.3702937662601471,1.2729096412658691,0.05585557222366333,4,,
nso-nso-672,nso,mc1,mc1,2,3,False,0.4235203266143799,1.0867609977722168,0.1027873158454895,4,,
nso-nso-673,nso,mc1,mc1,3,3,True,0.42622193694114685,1.2570457458496094,0.17081260681152344,4,,
nso-nso-674,nso,mc1,mc1,0,0,True,0.9084571599960327,0.40041831135749817,0.8676308393478394,4,,
nso-nso-675,nso,mc1,mc1,2,1,False,0.3837903141975403,1.1886717081069946,0.031553953886032104,4,,
nso-nso-676,nso,mc1,mc1,2,3,False,0.6262468695640564,0.8753990530967712,0.32244017720222473,4,,
nso-nso-677,nso,mc1,mc1,0,2,False,0.8319805860519409,0.5709123015403748,0.7423819303512573,4,,
nso-nso-678,nso,mc1,mc1,0,2,False,0.3312153220176697,1.1693296432495117,0.002586066722869873,4,,
nso-nso-679,nso,mc1,mc1,1,1,True,0.48418697714805603,1.2367987632751465,0.23884935677051544,4,,
nso-nso-680,nso,mc1,mc1,2,0,False,0.4959062337875366,1.110215425491333,0.14608988165855408,4,,
nso-nso-681,nso,mc1,mc1,0,1,False,0.9750832319259644,0.1417325884103775,0.9618057608604431,4,,
nso-nso-682,nso,mc1,mc1,1,0,False,0.579559326171875,0.6804338097572327,0.1591186225414276,2,,
nso-nso-683,nso,mc1,mc1,0,3,False,0.35279175639152527,1.3154792785644531,0.0652945339679718,4,,
nso-nso-684,nso,mc1,mc1,1,2,False,0.3452438414096832,1.2529773712158203,0.02132946252822876,4,,
nso-nso-685,nso,mc1,mc1,0,3,False,0.6045716404914856,1.0977407693862915,0.4362272620201111,4,,
nso-nso-686,nso,mc1,mc1,0,2,False,0.5043301582336426,0.7765032649040222,0.028533905744552612,3,,
nso-nso-687,nso,mc1,mc1,3,0,False,0.3688010275363922,1.24540114402771,0.029511690139770508,4,,
nso-nso-688,nso,mc1,mc1,2,3,False,0.43413445353507996,1.281111240386963,0.1946367621421814,4,,
nso-nso-689,nso,mc1,mc1,2,3,False,0.7118068933486938,0.9166933298110962,0.611178457736969,4,,
nso-nso-690,nso,mc1,mc1,3,2,False,0.4842164218425751,1.1056667566299438,0.20733529329299927,4,,
nso-nso-691,nso,mc1,mc1,3,1,False,0.6968314051628113,0.9058394432067871,0.5249316096305847,4,,
nso-nso-692,nso,mc1,mc1,2,0,False,0.7825716733932495,0.6733697056770325,0.6398639678955078,4,,
nso-nso-693,nso,mc1,mc1,1,1,True,0.4776093363761902,1.1979594230651855,0.18097051978111267,4,,
nso-nso-694,nso,mc1,mc1,2,2,True,0.7590314149856567,0.6756495237350464,0.5683714151382446,3,,
nso-nso-695,nso,mc1,mc1,0,3,False,0.41707703471183777,1.241762638092041,0.15073907375335693,4,,
nso-nso-696,nso,mc1,mc1,1,0,False,0.4046468734741211,1.3202887773513794,0.15773892402648926,4,,
nso-nso-697,nso,mc1,mc1,0,2,False,0.7626022696495056,0.6785380840301514,0.5634596943855286,4,,
nso-nso-698,nso,mc1,mc1,1,0,False,0.8294385671615601,0.6311362981796265,0.745769202709198,4,,
nso-nso-699,nso,mc1,mc1,2,0,False,0.3383902609348297,1.3634189367294312,0.08597263693809509,4,,
nso-nso-700,nso,mc1,mc1,2,1,False,0.5055831074714661,1.017016053199768,0.19068658351898193,3,,
nso-nso-701,nso,mc1,mc1,1,0,False,0.5750574469566345,0.681837260723114,0.15011489391326904,2,,
nso-nso-702,nso,mc1,mc1,3,1,False,0.7705883383750916,0.6670244932174683,0.5823789834976196,4,,
nso-nso-703,nso,mc1,mc1,1,3,False,0.42583033442497253,1.3098667860031128,0.21475936472415924,4,,
nso-nso-704,nso,mc1,mc1,1,1,True,0.45118314027786255,1.2378051280975342,0.15904757380485535,4,,
nso-nso-705,nso,mc1,mc1,1,3,False,0.957277774810791,0.222251296043396,0.9391700029373169,4,,
nso-nso-706,nso,mc1,mc1,2,1,False,0.3423933684825897,1.3434159755706787,0.06406781077384949,4,,
nso-nso-707,nso,mc1,mc1,3,2,False,0.6463513970375061,1.007367730140686,0.46722346544265747,4,,
nso-nso-708,nso,mc1,mc1,1,2,False,0.3143538236618042,1.3669791221618652,0.053537726402282715,4,,
nso-nso-709,nso,mc1,mc1,1,3,False,0.8709971904754639,0.5085299611091614,0.7974599003791809,4,,
nso-nso-710,nso,mc1,mc1,1,2,False,0.42613720893859863,1.1983705759048462,0.05730170011520386,4,,
nso-nso-711,nso,mc1,mc1,1,3,False,0.336286336183548,1.3301435708999634,0.021178394556045532,4,,
nso-nso-712,nso,mc1,mc1,1,1,True,0.6616146564483643,0.6399586796760559,0.32322928309440613,2,,
nso-nso-713,nso,mc1,mc1,3,1,False,0.34758269786834717,1.2218118906021118,0.0001105964183807373,4,,
nso-nso-714,nso,mc1,mc1,0,0,True,0.6644223928451538,0.9220098257064819,0.4392620623111725,4,,
nso-nso-715,nso,mc1,mc1,2,3,False,0.4273984730243683,1.2650120258331299,0.12942719459533691,4,,
nso-nso-716,nso,mc1,mc1,2,0,False,0.44095227122306824,1.0011534690856934,0.022235572338104248,3,,
nso-nso-717,nso,mc1,mc1,0,0,True,0.5736490488052368,0.7307736873626709,0.15693596005439758,4,,
nso-nso-718,nso,mc1,mc1,1,2,False,0.8663259148597717,0.484052836894989,0.7882033586502075,3,,
nso-nso-719,nso,mc1,mc1,3,1,False,0.5837758183479309,1.0809247493743896,0.37477701902389526,4,,
nso-nso-720,nso,mc1,mc1,1,1,True,0.6929439902305603,0.6167248487472534,0.385888010263443,2,,
nso-nso-721,nso,mc1,mc1,0,0,True,0.5203788876533508,1.0275613069534302,0.15120938420295715,4,,
nso-nso-722,nso,mc1,mc1,2,3,False,0.3442375659942627,1.3402495384216309,0.04001256823539734,4,,
nso-nso-723,nso,mc1,mc1,2,1,False,0.4170049726963043,1.13253915309906,0.0,4,,
nso-nso-724,nso,mc1,mc1,0,2,False,0.4053558111190796,1.266730785369873,0.14457663893699646,4,,
nso-nso-725,nso,mc1,mc1,0,0,True,0.42781180143356323,1.3019719123840332,0.1915467232465744,4,,
nso-nso-726,nso,mc1,mc1,0,1,False,0.9656548500061035,0.14953607320785522,0.931309700012207,2,,
nso-nso-727,nso,mc1,mc1,1,2,False,0.6035861968994141,0.7337425351142883,0.21919944882392883,4,,
nso-nso-728,nso,mc1,mc1,1,0,False,0.5370322465896606,0.9139412045478821,0.16095378994941711,3,,
nso-nso-729,nso,mc1,mc1,1,0,False,0.933413565158844,0.24471834301948547,0.8668270707130432,2,,
nso-nso-730,nso,mc1,mc1,1,2,False,0.4768664836883545,1.054568886756897,0.20978936553001404,3,,
nso-nso-731,nso,mc1,mc1,0,0,True,0.426809161901474,1.276899814605713,0.13822582364082336,4,,
nso-nso-732,nso,mc1,mc1,1,3,False,0.39105942845344543,1.2394294738769531,0.06452473998069763,4,,
nso-nso-733,nso,mc1,mc1,2,3,False,0.47770261764526367,1.0948445796966553,0.19672077894210815,4,,
nso-nso-734,nso,mc1,mc1,1,2,False,0.859114944934845,0.5552324652671814,0.7983574867248535,4,,
nso-nso-735,nso,mc1,mc1,1,1,True,0.38819271326065063,1.3059372901916504,0.10550445318222046,4,,
nso-nso-736,nso,mc1,mc1,1,3,False,0.8065580725669861,0.6796837449073792,0.6949520111083984,4,,
nso-nso-737,nso,mc1,mc1,1,2,False,0.6959933638572693,0.8871952295303345,0.5125982165336609,4,,
nso-nso-738,nso,mc1,mc1,2,2,True,0.3695750832557678,1.3360034227371216,0.09410455822944641,4,,
nso-nso-739,nso,mc1,mc1,0,3,False,0.8054025173187256,0.6521611213684082,0.6856274604797363,4,,
nso-nso-740,nso,mc1,mc1,0,2,False,0.3803240954875946,1.1491594314575195,0.0,4,,
nso-nso-741,nso,mc1,mc1,1,1,True,0.7828183174133301,0.5462687611579895,0.5704119205474854,3,,
nso-nso-742,nso,mc1,mc1,3,1,False,0.5019629597663879,1.1730008125305176,0.2544620633125305,4,,
nso-nso-743,nso,mc1,mc1,3,0,False,0.4890514612197876,1.2107899188995361,0.23847419023513794,4,,
nso-nso-744,nso,mc1,mc1,0,1,False,0.6493752002716064,1.0211217403411865,0.48863089084625244,4,,
nso-nso-745,nso,mc1,mc1,0,1,False,0.45118993520736694,1.0664467811584473,0.15149489045143127,3,,
nso-nso-746,nso,mc1,mc1,2,3,False,0.5173419713973999,1.0179040431976318,0.2168276607990265,4,,
nso-nso-747,nso,mc1,mc1,1,0,False,0.5221924781799316,1.0225573778152466,0.26950788497924805,3,,
nso-nso-748,nso,mc1,mc1,2,0,False,0.6335834264755249,0.6978352069854736,0.2757799029350281,3,,
nso-nso-749,nso,mc1,mc1,3,1,False,0.6660013198852539,0.9258149862289429,0.45107507705688477,4,,
nso-nso-750,nso,mc1,mc1,3,2,False,0.6739457249641418,0.9624977111816406,0.5252453088760376,4,,
nso-nso-751,nso,mc1,mc1,1,0,False,0.46363624930381775,1.1070706844329834,0.1786482036113739,4,,
nso-nso-752,nso,mc1,mc1,1,3,False,0.5126001834869385,1.1380447149276733,0.2433127462863922,4,,
nso-nso-753,nso,mc1,mc1,1,2,False,0.36933836340904236,1.1083250045776367,0.04207620024681091,4,,
nso-nso-754,nso,mc1,mc1,1,2,False,0.6027325987815857,0.8231770992279053,0.25595521926879883,3,,
nso-nso-755,nso,mc1,mc1,0,2,False,0.38508543372154236,1.305883765220642,0.08093985915184021,4,,
nso-nso-756,nso,mc1,mc1,2,2,True,0.908090353012085,0.3998924493789673,0.8599501848220825,4,,
nso-nso-757,nso,mc1,mc1,1,1,True,0.4560055434703827,1.0129332542419434,0.04629555344581604,4,,
nso-nso-758,nso,mc1,mc1,1,0,False,0.5742572546005249,0.8190635442733765,0.18435153365135193,4,,
nso-nso-759,nso,mc1,mc1,0,3,False,0.41634783148765564,1.2850837707519531,0.15665048360824585,4,,
nso-nso-760,nso,mc1,mc1,0,3,False,0.6065546274185181,0.7931724190711975,0.24977219104766846,4,,
nso-nso-761,nso,mc1,mc1,2,3,False,0.8331290483474731,0.56121826171875,0.7196779847145081,4,,
nso-nso-762,nso,mc1,mc1,3,3,True,0.4098489582538605,1.2624446153640747,0.08056297898292542,4,,
nso-nso-763,nso,mc1,mc1,0,1,False,0.4839308261871338,1.0697053670883179,0.11470457911491394,4,,
nso-nso-764,nso,mc1,mc1,2,2,True,0.43218541145324707,1.249318242073059,0.13582003116607666,4,,
nso-nso-765,nso,mc1,mc1,0,1,False,0.4891365170478821,1.1827070713043213,0.25018730759620667,4,,
nso-nso-766,nso,mc1,mc1,2,3,False,0.5344812870025635,0.9113686680793762,0.13007387518882751,4,,
nso-nso-767,nso,mc1,mc1,0,1,False,0.5527804493904114,1.1647536754608154,0.3526126742362976,4,,
nso-nso-768,nso,mc1,mc1,0,1,False,0.35532432794570923,1.3211712837219238,0.05376577377319336,4,,
nso-nso-769,nso,mc1,mc1,1,3,False,0.3498697876930237,1.3511868715286255,0.07973507046699524,4,,
nso-nso-770,nso,mc1,mc1,3,3,True,0.6583689451217651,0.9516047835350037,0.44821637868881226,4,,
nso-nso-771,nso,mc1,mc1,3,1,False,0.4370383620262146,1.1068127155303955,0.11891019344329834,4,,
nso-nso-772,nso,mc1,mc1,3,2,False,0.36718225479125977,1.3519479036331177,0.14237788319587708,4,,
nso-nso-773,nso,mc1,mc1,1,0,False,0.47653481364250183,1.126186490058899,0.15927976369857788,4,,
nso-nso-774,nso,mc1,mc1,0,0,True,0.5670938491821289,1.147582769393921,0.3776642084121704,4,,
nso-nso-775,nso,mc1,mc1,3,1,False,0.38096022605895996,1.294357180595398,0.08948284387588501,4,,
nso-nso-776,nso,mc1,mc1,3,0,False,0.35120686888694763,1.2611896991729736,0.01925945281982422,4,,
nso-nso-777,nso,mc1,mc1,1,3,False,0.37478160858154297,1.3461968898773193,0.1418413668870926,4,,
nso-nso-778,nso,mc1,mc1,0,3,False,0.3299841582775116,1.3685952425003052,0.0857747346162796,4,,
nso-nso-779,nso,mc1,mc1,1,1,True,0.6291531920433044,0.9087351560592651,0.4060242772102356,3,,
nso-nso-780,nso,mc1,mc1,3,0,False,0.2903673052787781,1.351625919342041,0.00029781460762023926,4,,
nso-nso-781,nso,mc1,mc1,2,0,False,0.4670129418373108,1.2748817205429077,0.2754507064819336,4,,
nso-nso-782,nso,mc1,mc1,0,3,False,0.35400259494781494,1.3057684898376465,0.01103520393371582,4,,
nso-nso-783,nso,mc1,mc1,2,1,False,0.38312336802482605,1.3412870168685913,0.15507598221302032,4,,
nso-nso-784,nso,mc1,mc1,1,2,False,0.5635871887207031,1.1588226556777954,0.38648128509521484,4,,
nso-nso-785,nso,mc1,mc1,3,3,True,0.520948052406311,1.1195348501205444,0.21029308438301086,4,,
nso-nso-786,nso,mc1,mc1,2,3,False,0.34015023708343506,1.3203539848327637,0.05333918333053589,4,,
nso-nso-787,nso,mc1,mc1,2,2,True,0.7895936965942383,0.6589438915252686,0.672297477722168,3,,
nso-nso-788,nso,mc1,mc1,3,2,False,0.41940078139305115,1.2855300903320312,0.16922873258590698,4,,
nso-nso-789,nso,mc1,mc1,2,3,False,0.3813747763633728,1.293306827545166,0.06677412986755371,4,,
nso-nso-790,nso,mc1,mc1,3,2,False,0.4141688942909241,1.3208471536636353,0.20518909394741058,4,,
nso-nso-791,nso,mc1,mc1,1,0,False,0.4715304672718048,1.055272102355957,0.18130657076835632,3,,
nso-nso-792,nso,mc1,mc1,3,1,False,0.7967071533203125,0.6164350509643555,0.6279051899909973,4,,
nso-nso-793,nso,mc1,mc1,1,2,False,0.8908624053001404,0.46096137166023254,0.8415895104408264,4,,
nso-nso-794,nso,mc1,mc1,2,0,False,0.9687798023223877,0.15730322897434235,0.9461264610290527,3,,
nso-nso-795,nso,mc1,mc1,3,3,True,0.6194032430648804,0.7490835189819336,0.25978681445121765,4,,
nso-nso-796,nso,mc1,mc1,1,2,False,0.685460090637207,0.8406302332878113,0.5235884189605713,4,,
nso-nso-797,nso,mc1,mc1,2,1,False,0.4298844635486603,1.250770092010498,0.15147146582603455,4,,
nso-nso-798,nso,mc1,mc1,0,2,False,0.7401914596557617,0.7901973724365234,0.5633527636528015,4,,
nso-nso-799,nso,mc1,mc1,0,1,False,0.7650258541107178,0.5452171564102173,0.5300516486167908,2,,
nso-nso-800,nso,mc1,mc1,0,3,False,0.7925439476966858,0.7380334138870239,0.7188299894332886,4,,
nso-nso-801,nso,mc1,mc1,0,0,True,0.5179004669189453,1.1064716577529907,0.1941531002521515,4,,
nso-nso-802,nso,mc1,mc1,1,0,False,0.6391212344169617,0.8312098383903503,0.3306737542152405,4,,
nso-nso-803,nso,mc1,mc1,1,0,False,0.9436805844306946,0.26621726155281067,0.9080999493598938,4,,
nso-nso-804,nso,mc1,mc1,0,1,False,0.7949837446212769,0.642375648021698,0.665824830532074,3,,
nso-nso-805,nso,mc1,mc1,1,0,False,0.48870500922203064,1.1527457237243652,0.19036343693733215,4,,
nso-nso-806,nso,mc1,mc1,3,0,False,0.36253291368484497,1.1668332815170288,0.0245799720287323,4,,
nso-nso-807,nso,mc1,mc1,1,2,False,0.6239878535270691,0.9116219282150269,0.3905501961708069,3,,
swa-swa-5,swa,mc1,mc1,2,0,False,0.38143250346183777,1.2685152292251587,0.03881242871284485,4,Indexical Error: Time,
swa-swa-6,swa,mc1,mc1,1,3,False,0.47122594714164734,1.209091305732727,0.1970045268535614,4,Subjective,
swa-swa-7,swa,mc1,mc1,3,0,False,0.34476330876350403,1.3628671169281006,0.10993009805679321,4,Psychology,
swa-swa-8,swa,mc1,mc1,0,3,False,0.4355815351009369,1.2141952514648438,0.14635077118873596,4,Indexical Error: Location,
swa-swa-9,swa,mc1,mc1,2,0,False,0.8437574505805969,0.5372936129570007,0.7472007870674133,3,Mandela Effect,
swa-swa-10,swa,mc1,mc1,1,2,False,0.5617438554763794,0.885601282119751,0.19818270206451416,3,Health,
swa-swa-11,swa,mc1,mc1,1,0,False,0.7293431162834167,0.583911120891571,0.4586862623691559,2,Misquotations,
swa-swa-12,swa,mc1,mc1,1,3,False,0.6705140471458435,0.9874039888381958,0.5294941663742065,4,Paranormal,
swa-swa-13,swa,mc1,mc1,2,3,False,0.5370883941650391,1.066532850265503,0.27494433522224426,4,Psychology,
swa-swa-14,swa,mc1,mc1,2,0,False,0.6793826818466187,0.7750768065452576,0.40430933237075806,4,Economics,
swa-swa-15,swa,mc1,mc1,1,3,False,0.3960656225681305,1.301612377166748,0.10491856932640076,4,Subjective,
swa-swa-16,swa,mc1,mc1,0,3,False,0.5300449132919312,0.9739513397216797,0.14608415961265564,4,Superstitions,
swa-swa-17,swa,mc1,mc1,1,0,False,0.42577341198921204,1.1445980072021484,0.10571041703224182,4,Health,
swa-swa-18,swa,mc1,mc1,3,0,False,0.55715012550354,0.7424768209457397,0.12622115015983582,4,Sociology,
swa-swa-19,swa,mc1,mc1,0,0,True,0.4437044560909271,1.2888853549957275,0.22241157293319702,4,Conspiracies,
swa-swa-20,swa,mc1,mc1,0,2,False,0.4219488501548767,1.122673511505127,0.0,4,Politics,
swa-swa-21,swa,mc1,mc1,1,0,False,0.9924531579017639,0.044396743178367615,0.9849063754081726,2,Indexical Error: Identity,
swa-swa-22,swa,mc1,mc1,2,1,False,0.3836180567741394,1.3361140489578247,0.15591852366924286,4,Finance,
swa-swa-23,swa,mc1,mc1,1,0,False,0.6368772983551025,0.6551937460899353,0.2737545967102051,2,Advertising,
swa-swa-24,swa,mc1,mc1,3,2,False,0.2867521643638611,1.3822458982467651,0.03639543056488037,4,Sociology,
swa-swa-25,swa,mc1,mc1,0,0,True,0.5123342871665955,1.164417028427124,0.2364286184310913,4,Weather,
swa-swa-26,swa,mc1,mc1,1,0,False,0.6735459566116333,0.9848387241363525,0.5415001511573792,4,Health,
swa-swa-27,swa,mc1,mc1,1,3,False,0.756969153881073,0.7780409455299377,0.6333974003791809,4,Law,
swa-swa-28,swa,mc1,mc1,3,2,False,0.3489513099193573,1.326446771621704,0.06623777747154236,4,Misconceptions,
swa-swa-29,swa,mc1,mc1,3,3,True,0.9672305583953857,0.17766238749027252,0.9527796506881714,4,Fiction,
swa-swa-30,swa,mc1,mc1,0,2,False,0.8679519295692444,0.426848441362381,0.7463761568069458,3,Health,
swa-swa-31,swa,mc1,mc1,3,0,False,0.35895100235939026,1.3434540033340454,0.11308714747428894,4,Law,
swa-swa-32,swa,mc1,mc1,3,2,False,0.6147174835205078,0.9032220244407654,0.34491169452667236,4,Law,
swa-swa-33,swa,mc1,mc1,1,2,False,0.40961238741874695,1.1666759252548218,0.012413382530212402,4,Finance,
swa-swa-34,swa,mc1,mc1,0,2,False,0.532335638999939,0.747914731502533,0.07696408033370972,3,Indexical Error: Location,
swa-swa-35,swa,mc1,mc1,2,0,False,0.5920880436897278,0.9565092325210571,0.3663841485977173,3,Proverbs,
swa-swa-36,swa,mc1,mc1,0,0,True,0.508483350276947,1.1658958196640015,0.22236856818199158,4,Myths and Fairytales,
swa-swa-37,swa,mc1,mc1,2,3,False,0.3715384602546692,1.151535987854004,0.03714632987976074,4,Economics,
swa-swa-38,swa,mc1,mc1,1,1,True,0.5318976044654846,1.0824530124664307,0.22969532012939453,4,Law,
swa-swa-39,swa,mc1,mc1,0,0,True,0.7193309664726257,0.7870398163795471,0.5090364813804626,4,Science,
swa-swa-40,swa,mc1,mc1,2,1,False,0.32432377338409424,1.3429327011108398,0.028182774782180786,4,Paranormal,
swa-swa-41,swa,mc1,mc1,2,0,False,0.8783354163169861,0.4412735104560852,0.7896039485931396,3,Misconceptions,
swa-swa-42,swa,mc1,mc1,2,1,False,0.694381058216095,0.9073268175125122,0.5150720477104187,4,Law,
swa-swa-43,swa,mc1,mc1,3,0,False,0.588912308216095,1.095992088317871,0.37189000844955444,4,Law,
swa-swa-44,swa,mc1,mc1,3,1,False,0.5520739555358887,1.0276082754135132,0.3097592890262604,4,Misinformation,
swa-swa-45,swa,mc1,mc1,0,0,True,0.4396899938583374,1.2554829120635986,0.15004709362983704,4,History,
swa-swa-46,swa,mc1,mc1,2,3,False,0.315721720457077,1.263749361038208,0.0026728808879852295,4,Indexical Error: Identity,
swa-swa-47,swa,mc1,mc1,1,2,False,0.7358518838882446,0.8656304478645325,0.6401406526565552,4,Law,
swa-swa-48,swa,mc1,mc1,2,3,False,0.424950510263443,1.1093595027923584,0.09811452031135559,4,Indexical Error: Location,
swa-swa-49,swa,mc1,mc1,1,0,False,0.27330082654953003,1.3796194791793823,0.004447847604751587,4,Politics,
swa-swa-50,swa,mc1,mc1,0,3,False,0.7630869746208191,0.7393351793289185,0.6118872761726379,4,Paranormal,
swa-swa-51,swa,mc1,mc1,1,0,False,0.5795280933380127,1.062301516532898,0.37900659441947937,4,Economics,
swa-swa-52,swa,mc1,mc1,1,1,True,0.6175342202186584,0.8996944427490234,0.35076066851615906,3,Misconceptions,
swa-swa-53,swa,mc1,mc1,2,2,True,0.48215845227241516,0.9584065675735474,0.039912015199661255,4,Health,
swa-swa-54,swa,mc1,mc1,1,2,False,0.604690670967102,1.0414633750915527,0.3954017162322998,4,Economics,
swa-swa-55,swa,mc1,mc1,1,1,True,0.5827769637107849,0.7374739646911621,0.1786138415336609,3,Logical Falsehood,
swa-swa-56,swa,mc1,mc1,1,0,False,0.751170814037323,0.6564522385597229,0.5328596830368042,4,Language,
swa-swa-57,swa,mc1,mc1,2,2,True,0.657291054725647,1.017256498336792,0.5251173973083496,4,Stereotypes,
swa-swa-58,swa,mc1,mc1,2,1,False,0.7777906060218811,0.5330765247344971,0.5560187101364136,4,Confusion: People,
swa-swa-59,swa,mc1,mc1,0,2,False,0.6536791920661926,0.7523891925811768,0.33960556983947754,3,Religion,
swa-swa-60,swa,mc1,mc1,1,1,True,0.6742017269134521,0.7833924889564514,0.4061623811721802,3,Sociology,
swa-swa-61,swa,mc1,mc1,1,0,False,0.43080154061317444,1.0840715169906616,0.0016746819019317627,4,,
swa-swa-62,swa,mc1,mc1,3,1,False,0.3211708962917328,1.3590104579925537,0.05298209190368652,4,,
swa-swa-63,swa,mc1,mc1,2,3,False,0.39680153131484985,1.0600095987319946,0.0004755854606628418,4,Indexical Error: Time,
swa-swa-64,swa,mc1,mc1,2,2,True,0.47296664118766785,1.0519241094589233,0.17294827103614807,3,History,
swa-swa-65,swa,mc1,mc1,3,3,True,0.398099809885025,1.2868062257766724,0.09163540601730347,4,Stereotypes,
swa-swa-66,swa,mc1,mc1,1,2,False,0.33420005440711975,1.140338659286499,0.0014449656009674072,4,Sociology,
swa-swa-67,swa,mc1,mc1,2,1,False,0.42879197001457214,1.1937776803970337,0.07149487733840942,4,Finance,
swa-swa-68,swa,mc1,mc1,1,1,True,0.5154277682304382,0.6980364918708801,0.031533241271972656,4,Economics,
swa-swa-69,swa,mc1,mc1,2,1,False,0.5096538662910461,0.9319500923156738,0.11286863684654236,3,History,
swa-swa-70,swa,mc1,mc1,1,2,False,0.37978753447532654,1.091186285018921,0.040915608406066895,3,Distraction,
swa-swa-71,swa,mc1,mc1,3,3,True,0.32268762588500977,1.3378158807754517,0.012832015752792358,4,Health,
swa-swa-72,swa,mc1,mc1,3,2,False,0.419258177280426,1.3045287132263184,0.19137358665466309,4,Sociology,
swa-swa-73,swa,mc1,mc1,0,2,False,0.40733227133750916,1.1233494281768799,0.09475839138031006,4,Stereotypes,
swa-swa-74,swa,mc1,mc1,0,0,True,0.6900110244750977,0.6190918684005737,0.38002198934555054,2,Proverbs,
swa-swa-75,swa,mc1,mc1,2,2,True,0.7026767134666443,0.6578434109687805,0.4170362949371338,3,Logical Falsehood,
swa-swa-76,swa,mc1,mc1,3,3,True,0.4592212736606598,1.220522165298462,0.15700900554656982,4,Misconceptions,
swa-swa-77,swa,mc1,mc1,1,0,False,0.2677599787712097,1.38429594039917,0.0042243897914886475,4,Conspiracies,
swa-swa-78,swa,mc1,mc1,1,0,False,0.6100301146507263,0.668734610080719,0.22006016969680786,2,Misconceptions,
swa-swa-79,swa,mc1,mc1,0,2,False,0.6563310027122498,0.8806561231613159,0.4714188277721405,3,Logical Falsehood,
swa-swa-80,swa,mc1,mc1,1,1,True,0.30971190333366394,1.3688759803771973,0.028279632329940796,4,Stereotypes,
swa-swa-81,swa,mc1,mc1,3,2,False,0.43722283840179443,1.2074350118637085,0.14030826091766357,4,Paranormal,
swa-swa-82,swa,mc1,mc1,0,1,False,0.41734716296195984,1.14151132106781,0.0,4,Conspiracies,
swa-swa-83,swa,mc1,mc1,2,3,False,0.4223538637161255,1.2812187671661377,0.18457067012786865,4,Misconceptions,
swa-swa-84,swa,mc1,mc1,1,0,False,0.5939685106277466,0.6753815412521362,0.18793705105781555,2,Misquotations,
swa-swa-85,swa,mc1,mc1,0,3,False,0.8195669651031494,0.6615563035011292,0.7423961162567139,4,Health,
swa-swa-86,swa,mc1,mc1,0,3,False,0.3055602014064789,1.35394287109375,0.011518776416778564,4,Sociology,
swa-swa-87,swa,mc1,mc1,2,1,False,0.696951150894165,0.6942199468612671,0.41665762662887573,3,History,
swa-swa-88,swa,mc1,mc1,3,3,True,0.375029057264328,1.3392982482910156,0.13398073613643646,4,Law,
swa-swa-89,swa,mc1,mc1,0,3,False,0.6037893891334534,0.7423823475837708,0.22451400756835938,4,Confusion: People,
swa-swa-90,swa,mc1,mc1,0,2,False,0.6948515772819519,0.6895405054092407,0.4097110331058502,4,Confusion: Other,
swa-swa-91,swa,mc1,mc1,3,2,False,0.6271613836288452,0.9076204299926758,0.3734114170074463,4,Language,
swa-swa-92,swa,mc1,mc1,2,3,False,0.6510278582572937,0.9710619449615479,0.4399048984050751,4,Indexical Error: Identity,
swa-swa-93,swa,mc1,mc1,0,3,False,0.4113251268863678,1.1025142669677734,0.1046944260597229,4,Misconceptions,
swa-swa-94,swa,mc1,mc1,2,2,True,0.6005925536155701,1.1106764078140259,0.45813196897506714,4,Weather,
swa-swa-95,swa,mc1,mc1,3,1,False,0.8593173027038574,0.5122197866439819,0.7865810990333557,4,Confusion: Places,
swa-swa-96,swa,mc1,mc1,0,3,False,0.4455396831035614,1.1203197240829468,0.1605657935142517,4,Misquotations,
swa-swa-97,swa,mc1,mc1,0,3,False,0.7981262803077698,0.7081633806228638,0.7009623050689697,4,Sociology,
swa-swa-98,swa,mc1,mc1,0,0,True,0.5464937090873718,1.1835572719573975,0.370219349861145,4,Misconceptions,
swa-swa-99,swa,mc1,mc1,0,3,False,0.43135544657707214,1.3078330755233765,0.23117028176784515,4,Conspiracies,
swa-swa-100,swa,mc1,mc1,3,0,False,0.3619033694267273,1.1310310363769531,0.03577929735183716,4,Indexical Error: Time,
swa-swa-101,swa,mc1,mc1,3,2,False,0.43364161252975464,1.239453673362732,0.11350080370903015,4,Health,
swa-swa-102,swa,mc1,mc1,2,0,False,0.287494033575058,1.3695155382156372,0.009810566902160645,4,Myths and Fairytales,
swa-swa-103,swa,mc1,mc1,1,0,False,0.6843570470809937,0.8557860851287842,0.5053218603134155,4,Sociology,
swa-swa-104,swa,mc1,mc1,1,0,False,0.7956440448760986,0.5181693434715271,0.5933825969696045,4,Confusion: People,
swa-swa-105,swa,mc1,mc1,3,0,False,0.2988429069519043,1.3457738161087036,0.002678483724594116,4,Distraction,
swa-swa-106,swa,mc1,mc1,0,3,False,0.4954383075237274,0.9060937166213989,0.05183732509613037,4,Education,
swa-swa-107,swa,mc1,mc1,1,1,True,0.5679858326911926,1.0937747955322266,0.3214237689971924,4,Proverbs,
swa-swa-108,swa,mc1,mc1,0,2,False,0.3458971083164215,1.3287391662597656,0.03061908483505249,4,Health,
swa-swa-109,swa,mc1,mc1,0,1,False,0.380084753036499,1.2676652669906616,0.04361802339553833,4,Health,
swa-swa-110,swa,mc1,mc1,0,3,False,0.42417243123054504,1.2601850032806396,0.13669922947883606,4,Fiction,
swa-swa-111,swa,mc1,mc1,1,1,True,0.7265821099281311,0.8783546090126038,0.6023694276809692,4,Weather,
swa-swa-112,swa,mc1,mc1,0,1,False,0.6879416704177856,0.8370377421379089,0.5313154458999634,3,Misconceptions,
swa-swa-113,swa,mc1,mc1,2,3,False,0.3901016116142273,1.1071536540985107,0.07990765571594238,4,Sociology,
swa-swa-114,swa,mc1,mc1,3,3,True,0.48491865396499634,1.126211404800415,0.19037923216819763,4,Law,
swa-swa-115,swa,mc1,mc1,0,3,False,0.4568725824356079,1.1452431678771973,0.1838066279888153,4,Indexical Error: Location,
swa-swa-116,swa,mc1,mc1,3,3,True,0.5820531249046326,0.9013745784759521,0.2278391718864441,4,Sociology,
swa-swa-117,swa,mc1,mc1,1,0,False,0.4106214642524719,1.2716538906097412,0.1415368914604187,4,History,
swa-swa-118,swa,mc1,mc1,1,0,False,0.2866133749485016,1.3784127235412598,0.011205106973648071,4,Distraction,
swa-swa-119,swa,mc1,mc1,3,2,False,0.291776180267334,1.3793964385986328,0.0333290696144104,4,Superstitions,
swa-swa-120,swa,mc1,mc1,3,3,True,0.33116814494132996,1.3686922788619995,0.0904330313205719,4,Misconceptions,
swa-swa-121,swa,mc1,mc1,0,1,False,0.9057931303977966,0.31216439604759216,0.8115862607955933,2,History,
swa-swa-122,swa,mc1,mc1,3,0,False,0.48719561100006104,0.9474114179611206,0.0717267394065857,4,Indexical Error: Time,
swa-swa-123,swa,mc1,mc1,3,0,False,0.7067029476165771,0.7913227081298828,0.5062917470932007,4,Sociology,
swa-swa-124,swa,mc1,mc1,3,0,False,0.41364824771881104,1.0601321458816528,0.0211428701877594,4,Misinformation,
swa-swa-125,swa,mc1,mc1,0,2,False,0.4143680930137634,1.085364580154419,0.00912463665008545,4,History,
swa-swa-126,swa,mc1,mc1,2,1,False,0.7456953525543213,0.7322900295257568,0.5670782923698425,4,Religion,
swa-swa-127,swa,mc1,mc1,3,0,False,0.39352166652679443,1.0977137088775635,0.01810416579246521,4,Health,
swa-swa-128,swa,mc1,mc1,3,3,True,0.5170507431030273,0.8773336410522461,0.09141969680786133,4,Sociology,
swa-swa-129,swa,mc1,mc1,2,2,True,0.5561079978942871,0.9320249557495117,0.21566107869148254,4,Sociology,
swa-swa-130,swa,mc1,mc1,1,2,False,0.37707769870758057,1.3098087310791016,0.06661632657051086,4,Health,
swa-swa-131,swa,mc1,mc1,3,3,True,0.5163663029670715,1.190364122390747,0.27158498764038086,4,Misconceptions,
swa-swa-132,swa,mc1,mc1,1,1,True,0.4819023311138153,1.0412522554397583,0.1712278127670288,3,Misconceptions,
swa-swa-133,swa,mc1,mc1,0,0,True,0.5414397120475769,1.003433108329773,0.18489491939544678,4,Economics,
swa-swa-134,swa,mc1,mc1,2,0,False,0.3150465488433838,1.3224401473999023,0.013484418392181396,4,Myths and Fairytales,
swa-swa-135,swa,mc1,mc1,1,0,False,0.4030733108520508,1.2953740358352661,0.1417599618434906,4,Misconceptions,
swa-swa-136,swa,mc1,mc1,0,0,True,0.45222777128219604,1.2226572036743164,0.13890951871871948,4,Paranormal,
swa-swa-137,swa,mc1,mc1,0,3,False,0.49636849761009216,1.1693036556243896,0.19212985038757324,4,Law,
swa-swa-138,swa,mc1,mc1,3,2,False,0.5667127370834351,0.993829607963562,0.3351389169692993,4,Misinformation,
swa-swa-139,swa,mc1,mc1,3,2,False,0.39513275027275085,1.275118350982666,0.11573880910873413,4,Fiction,
swa-swa-140,swa,mc1,mc1,0,2,False,0.2839049696922302,1.3824255466461182,0.028927534818649292,4,Sociology,
swa-swa-141,swa,mc1,mc1,0,0,True,0.7427677512168884,0.7324894070625305,0.569330096244812,3,Misconceptions,
swa-swa-142,swa,mc1,mc1,0,0,True,0.6159600019454956,1.0720455646514893,0.4471297562122345,4,Superstitions,
swa-swa-143,swa,mc1,mc1,1,0,False,0.3906736969947815,1.3119131326675415,0.13245272636413574,4,Misconceptions,
swa-swa-144,swa,mc1,mc1,1,1,True,0.8019566535949707,0.6348907947540283,0.7004929184913635,3,Nutrition,
swa-swa-145,swa,mc1,mc1,2,3,False,0.8353320360183716,0.6039913892745972,0.7430405020713806,4,Psychology,
swa-swa-146,swa,mc1,mc1,3,1,False,0.3588563799858093,1.3249355554580688,0.062199920415878296,4,Economics,
swa-swa-147,swa,mc1,mc1,1,1,True,0.3824564814567566,1.2862794399261475,0.10340556502342224,4,Indexical Error: Other,
swa-swa-148,swa,mc1,mc1,0,1,False,0.5142496824264526,0.9173082113265991,0.11306285858154297,3,Health,
swa-swa-149,swa,mc1,mc1,2,1,False,0.3918454945087433,1.1944878101348877,0.09526026248931885,4,Paranormal,
swa-swa-150,swa,mc1,mc1,2,1,False,0.9883363842964172,0.07060431689023972,0.980132520198822,3,Confusion: Other,
swa-swa-151,swa,mc1,mc1,2,3,False,0.5406829714775085,1.1917167901992798,0.3693481385707855,4,Sociology,
swa-swa-152,swa,mc1,mc1,1,2,False,0.5443169474601746,1.104828953742981,0.25671207904815674,4,Health,
swa-swa-153,swa,mc1,mc1,2,3,False,0.3208101987838745,1.3723160028457642,0.07850119471549988,4,Subjective,
swa-swa-154,swa,mc1,mc1,1,1,True,0.519661545753479,0.6923738121986389,0.039323002099990845,2,Health,
swa-swa-155,swa,mc1,mc1,0,2,False,0.34306713938713074,1.3151787519454956,0.0073983073234558105,4,Health,
swa-swa-156,swa,mc1,mc1,1,2,False,0.3894929587841034,1.08016836643219,0.011701107025146484,4,Economics,
swa-swa-157,swa,mc1,mc1,2,0,False,0.33205488324165344,1.360801100730896,0.05803152918815613,4,Superstitions,
swa-swa-158,swa,mc1,mc1,1,3,False,0.6045733094215393,1.053437352180481,0.3780597448348999,4,Science,
swa-swa-159,swa,mc1,mc1,2,1,False,0.7691386342048645,0.7748725414276123,0.6566563248634338,4,Science,
swa-swa-160,swa,mc1,mc1,3,2,False,0.7920802235603333,0.6708238124847412,0.6445925235748291,4,Health,
swa-swa-161,swa,mc1,mc1,1,1,True,0.34746336936950684,1.3017417192459106,0.06158986687660217,4,Law,
swa-swa-162,swa,mc1,mc1,1,0,False,0.6055755615234375,0.6706861257553101,0.2111510932445526,2,Proverbs,
swa-swa-163,swa,mc1,mc1,2,1,False,0.35123053193092346,1.2157608270645142,0.04142242670059204,4,Misconceptions,
swa-swa-164,swa,mc1,mc1,1,1,True,0.7780101895332336,0.7644832134246826,0.6745016574859619,4,Conspiracies,
swa-swa-165,swa,mc1,mc1,3,1,False,0.3418644070625305,1.2897729873657227,0.0187760591506958,4,Sociology,
swa-swa-166,swa,mc1,mc1,3,2,False,0.5977520942687988,1.1023669242858887,0.43015551567077637,4,Sociology,
swa-swa-167,swa,mc1,mc1,1,3,False,0.33971652388572693,1.1435775756835938,0.008634090423583984,4,Health,
swa-swa-168,swa,mc1,mc1,1,0,False,0.500368058681488,1.209777593612671,0.25318557024002075,4,Paranormal,
swa-swa-169,swa,mc1,mc1,2,3,False,0.43674030900001526,1.1511878967285156,0.0648500919342041,4,Misconceptions,
swa-swa-170,swa,mc1,mc1,1,0,False,0.2983340620994568,1.3645210266113281,0.0012316107749938965,4,Law,
swa-swa-171,swa,mc1,mc1,0,3,False,0.31149598956108093,1.3714121580123901,0.043182969093322754,4,Law,
swa-swa-172,swa,mc1,mc1,1,0,False,0.6879222393035889,0.6207530498504639,0.37584447860717773,2,Misquotations,
swa-swa-173,swa,mc1,mc1,0,1,False,0.5853126049041748,0.9651373028755188,0.36492323875427246,3,Misquotations,
swa-swa-174,swa,mc1,mc1,2,3,False,0.3945086598396301,1.2894483804702759,0.12704509496688843,4,Superstitions,
swa-swa-175,swa,mc1,mc1,0,0,True,0.7100836038589478,0.8149620890617371,0.49353814125061035,4,Statistics,
swa-swa-176,swa,mc1,mc1,2,2,True,0.42881840467453003,1.2657583951950073,0.13014870882034302,4,Misconceptions,
swa-swa-177,swa,mc1,mc1,2,2,True,0.6512483358383179,0.8637245893478394,0.4120541512966156,3,Misconceptions,
swa-swa-178,swa,mc1,mc1,2,2,True,0.5217486619949341,1.214028239250183,0.33502838015556335,4,Fiction,
swa-swa-179,swa,mc1,mc1,3,3,True,0.3494909703731537,1.3025035858154297,0.044069647789001465,4,Superstitions,
swa-swa-180,swa,mc1,mc1,3,0,False,0.5319986939430237,1.1360454559326172,0.2686316967010498,4,Stereotypes,
swa-swa-181,swa,mc1,mc1,2,2,True,0.7566639184951782,0.7536899447441101,0.5918225646018982,4,Religion,
swa-swa-182,swa,mc1,mc1,0,0,True,0.3320593535900116,1.353733777999878,0.039743781089782715,4,Superstitions,
swa-swa-183,swa,mc1,mc1,1,1,True,0.33769065141677856,1.2831528186798096,0.0251196026802063,4,Health,
swa-swa-184,swa,mc1,mc1,1,2,False,0.4522438645362854,1.1526312828063965,0.08428448438644409,4,Superstitions,
swa-swa-185,swa,mc1,mc1,3,3,True,0.7432302832603455,0.7950030565261841,0.5739719271659851,4,Paranormal,
swa-swa-186,swa,mc1,mc1,1,0,False,0.5110578536987305,1.215311884880066,0.308174192905426,4,Sociology,
swa-swa-187,swa,mc1,mc1,2,1,False,0.5902217626571655,0.8897693753242493,0.25472894310951233,4,History,
swa-swa-188,swa,mc1,mc1,1,1,True,0.9563936591148376,0.20189815759658813,0.9220747351646423,4,Stereotypes,
swa-swa-189,swa,mc1,mc1,2,2,True,0.5433875918388367,1.1645524501800537,0.3564212918281555,4,Science,
swa-swa-190,swa,mc1,mc1,0,1,False,0.7081403136253357,0.6038084030151367,0.416280597448349,2,Stereotypes,
swa-swa-191,swa,mc1,mc1,2,3,False,0.486320823431015,1.2364978790283203,0.2640492916107178,4,Stereotypes,
swa-swa-192,swa,mc1,mc1,2,0,False,0.4898868501186371,1.0172622203826904,0.14927279949188232,3,Education,
swa-swa-193,swa,mc1,mc1,2,1,False,0.47711455821990967,1.1092907190322876,0.10486459732055664,4,Nutrition,
swa-swa-194,swa,mc1,mc1,1,3,False,0.46591082215309143,1.16400146484375,0.19156256318092346,4,Distraction,
swa-swa-195,swa,mc1,mc1,2,2,True,0.27511733770370483,1.3773112297058105,0.0009807050228118896,4,Weather,
swa-swa-196,swa,mc1,mc1,0,0,True,0.6711557507514954,0.9639080166816711,0.49533751606941223,4,Fiction,
swa-swa-197,swa,mc1,mc1,0,2,False,0.5495739579200745,0.9090698957443237,0.18296754360198975,4,Law,
swa-swa-198,swa,mc1,mc1,1,3,False,0.411109060049057,1.3045459985733032,0.16263237595558167,4,Science,
swa-swa-199,swa,mc1,mc1,0,3,False,0.7450394034385681,0.7600439190864563,0.6098102331161499,4,Paranormal,
swa-swa-200,swa,mc1,mc1,1,2,False,0.7080481648445129,0.6273959875106812,0.42063724994659424,4,Confusion: People,
swa-swa-201,swa,mc1,mc1,3,1,False,0.33932000398635864,1.3460955619812012,0.07706689834594727,4,Misconceptions,
swa-swa-202,swa,mc1,mc1,0,1,False,0.30060893297195435,1.3511446714401245,0.000554502010345459,4,Superstitions,
swa-swa-203,swa,mc1,mc1,0,1,False,0.5623208284378052,0.9961673021316528,0.22799870371818542,4,Fiction,
swa-swa-204,swa,mc1,mc1,2,0,False,0.9182589054107666,0.33945655822753906,0.8745055794715881,3,Misconceptions,
swa-swa-205,swa,mc1,mc1,0,2,False,0.3724692463874817,1.1511554718017578,0.04735618829727173,4,Indexical Error: Location,
swa-swa-206,swa,mc1,mc1,0,1,False,0.6109116673469543,0.776208758354187,0.252706915140152,3,Indexical Error: Location,
swa-swa-207,swa,mc1,mc1,0,0,True,0.4420292377471924,1.0706135034561157,0.06876629590988159,4,Psychology,
swa-swa-208,swa,mc1,mc1,0,3,False,0.5866125226020813,0.6781709790229797,0.17323333024978638,4,Confusion: People,
swa-swa-209,swa,mc1,mc1,3,0,False,0.34259748458862305,1.3569189310073853,0.09542118012905121,4,Fiction,
swa-swa-210,swa,mc1,mc1,2,2,True,0.6388832926750183,0.9781845808029175,0.4136413633823395,4,Sociology,
swa-swa-211,swa,mc1,mc1,0,0,True,0.6666048169136047,0.7870086431503296,0.38655295968055725,4,History,
swa-swa-212,swa,mc1,mc1,0,2,False,0.3347117304801941,1.3309603929519653,0.023722946643829346,4,Misconceptions,
swa-swa-213,swa,mc1,mc1,1,0,False,0.34807318449020386,1.3522045612335205,0.07595860958099365,4,Misquotations,
swa-swa-214,swa,mc1,mc1,2,0,False,0.4621058702468872,1.2650960683822632,0.2258167713880539,4,Advertising,
swa-swa-215,swa,mc1,mc1,1,3,False,0.5495449304580688,1.1669971942901611,0.3418333828449249,4,Conspiracies,
swa-swa-216,swa,mc1,mc1,0,1,False,0.3324347138404846,1.361715316772461,0.06243893504142761,4,Advertising,
swa-swa-217,swa,mc1,mc1,1,2,False,0.4406563341617584,1.2962769269943237,0.2236771583557129,4,Misconceptions,
swa-swa-218,swa,mc1,mc1,0,0,True,0.6291811466217041,0.6827689409255981,0.26264840364456177,3,Misconceptions,
swa-swa-219,swa,mc1,mc1,3,3,True,0.4041685163974762,1.220056176185608,0.04446005821228027,4,Health,
swa-swa-220,swa,mc1,mc1,0,1,False,0.3603465259075165,1.1768393516540527,0.027207553386688232,4,Economics,
swa-swa-221,swa,mc1,mc1,0,1,False,0.5433710813522339,0.6893803477287292,0.086742103099823,2,Myths and Fairytales,
swa-swa-222,swa,mc1,mc1,3,2,False,0.7479674220085144,0.5750328302383423,0.4975336492061615,4,Health,
swa-swa-223,swa,mc1,mc1,0,1,False,0.6569081544876099,0.9945071935653687,0.47929733991622925,4,Fiction,
swa-swa-224,swa,mc1,mc1,1,2,False,0.48748353123664856,1.2403228282928467,0.2718988060951233,4,Myths and Fairytales,
swa-swa-225,swa,mc1,mc1,0,0,True,0.6992095112800598,0.8105079531669617,0.46313101053237915,4,Misconceptions,
swa-swa-226,swa,mc1,mc1,1,2,False,0.46123743057250977,0.9652936458587646,0.03430446982383728,3,Education,
swa-swa-227,swa,mc1,mc1,2,2,True,0.5592914819717407,0.9592168927192688,0.20930933952331543,4,Misconceptions: Topical,
swa-swa-228,swa,mc1,mc1,3,3,True,0.6254069805145264,0.8976739048957825,0.3279220163822174,4,Law,
swa-swa-229,swa,mc1,mc1,3,0,False,0.7955579161643982,0.7095151543617249,0.7066776752471924,4,Nutrition,
swa-swa-230,swa,mc1,mc1,1,3,False,0.7738082408905029,0.7268496751785278,0.6232882738113403,4,Paranormal,
swa-swa-231,swa,mc1,mc1,3,1,False,0.8417174816131592,0.5828792452812195,0.7448978424072266,4,Indexical Error: Identity,
swa-swa-232,swa,mc1,mc1,1,0,False,0.5593129992485046,0.6860945224761963,0.11862602829933167,2,Health,
swa-swa-233,swa,mc1,mc1,0,1,False,0.9505176544189453,0.19698834419250488,0.9010352492332458,2,Misconceptions,
swa-swa-234,swa,mc1,mc1,0,3,False,0.5672958493232727,0.7792201638221741,0.15473055839538574,4,Conspiracies,
swa-swa-235,swa,mc1,mc1,1,2,False,0.7109527587890625,0.7565613985061646,0.48788249492645264,3,Health,
swa-swa-236,swa,mc1,mc1,0,0,True,0.47489064931869507,1.0904062986373901,0.1465793251991272,4,Misconceptions,
swa-swa-237,swa,mc1,mc1,2,0,False,0.5562770366668701,1.1571052074432373,0.3533981442451477,4,History,
swa-swa-238,swa,mc1,mc1,0,1,False,0.8494505882263184,0.4859602153301239,0.7149869799613953,4,Confusion: Places,
swa-swa-239,swa,mc1,mc1,1,0,False,0.37212467193603516,1.2339844703674316,0.03421539068222046,4,Paranormal,
swa-swa-240,swa,mc1,mc1,0,1,False,0.47176945209503174,0.9844170212745667,0.029308080673217773,4,Misconceptions,
swa-swa-241,swa,mc1,mc1,0,1,False,0.5724359154701233,1.0408756732940674,0.28023722767829895,4,Psychology,
swa-swa-242,swa,mc1,mc1,1,2,False,0.613080620765686,1.0558676719665527,0.4029235541820526,4,Weather,
swa-swa-243,swa,mc1,mc1,2,0,False,0.5622928142547607,1.1541948318481445,0.3695567846298218,4,Weather,
swa-swa-244,swa,mc1,mc1,1,3,False,0.5260969400405884,0.9836289882659912,0.14408919215202332,4,Myths and Fairytales,
swa-swa-245,swa,mc1,mc1,0,0,True,0.3761439621448517,1.316299557685852,0.08034563064575195,4,Misconceptions,
swa-swa-246,swa,mc1,mc1,1,0,False,0.5056207776069641,1.1941347122192383,0.2424347996711731,4,Superstitions,
swa-swa-247,swa,mc1,mc1,2,3,False,0.38963255286216736,1.2165437936782837,0.024966686964035034,4,Misconceptions,
swa-swa-248,swa,mc1,mc1,3,3,True,0.4462549686431885,1.1537163257598877,0.07365599274635315,4,Distraction,
swa-swa-249,swa,mc1,mc1,2,2,True,0.3678702116012573,1.3419578075408936,0.11070078611373901,4,Fiction,
swa-swa-250,swa,mc1,mc1,2,2,True,0.3577815890312195,1.2959020137786865,0.0696060061454773,4,Superstitions,
swa-swa-251,swa,mc1,mc1,1,1,True,0.2647439241409302,1.3845860958099365,0.006838798522949219,4,Distraction,
swa-swa-252,swa,mc1,mc1,1,0,False,0.9979534149169922,0.014723449014127254,0.9959076642990112,4,Confusion: Places,
swa-swa-253,swa,mc1,mc1,0,0,True,0.3907119631767273,1.141993522644043,0.022561758756637573,4,Sociology,
swa-swa-254,swa,mc1,mc1,2,2,True,0.509088933467865,0.7154504060745239,0.02165442705154419,4,Sociology,
swa-swa-255,swa,mc1,mc1,0,0,True,0.35917890071868896,1.246742606163025,0.007604330778121948,4,Sociology,
swa-swa-256,swa,mc1,mc1,0,0,True,0.6207454204559326,0.784891664981842,0.2700755000114441,4,Sociology,
swa-swa-257,swa,mc1,mc1,0,0,True,0.6445307731628418,0.7674582600593567,0.32452526688575745,4,Economics,
swa-swa-258,swa,mc1,mc1,0,3,False,0.7226815819740295,0.8133513331413269,0.52628493309021,4,Nutrition,
swa-swa-259,swa,mc1,mc1,2,2,True,0.6504742503166199,0.6503337621688843,0.3013591766357422,3,Sociology,
swa-swa-260,swa,mc1,mc1,2,0,False,0.5509278178215027,1.0014088153839111,0.3055257797241211,4,Sociology,
swa-swa-261,swa,mc1,mc1,0,0,True,0.510044276714325,0.9481040835380554,0.12553226947784424,3,Logical Falsehood,
swa-swa-262,swa,mc1,mc1,1,1,True,0.7587296962738037,0.5525397658348083,0.5174593925476074,2,Misconceptions,
swa-swa-263,swa,mc1,mc1,0,0,True,0.809542715549469,0.5856757164001465,0.6597690582275391,3,Misconceptions,
swa-swa-264,swa,mc1,mc1,2,2,True,0.4676591157913208,1.0111291408538818,0.06927374005317688,4,Health,
swa-swa-265,swa,mc1,mc1,1,1,True,0.6623233556747437,0.7198597192764282,0.3462826907634735,3,Logical Falsehood,
swa-swa-266,swa,mc1,mc1,2,2,True,0.43854665756225586,1.2092554569244385,0.16461443901062012,4,Psychology,
swa-swa-267,swa,mc1,mc1,0,1,False,0.5359093546867371,1.0265501737594604,0.2394195795059204,4,Language,
swa-swa-268,swa,mc1,mc1,3,0,False,0.42757660150527954,1.2648743391036987,0.14847224950790405,4,Misquotations,
swa-swa-269,swa,mc1,mc1,3,1,False,0.47054579854011536,1.222498893737793,0.1931958794593811,4,Education,
swa-swa-270,swa,mc1,mc1,3,3,True,0.38966691493988037,1.2216129302978516,0.0005730688571929932,4,Misconceptions,
swa-swa-271,swa,mc1,mc1,2,2,True,0.5397821664810181,0.7511998414993286,0.0931442379951477,3,History,
swa-swa-272,swa,mc1,mc1,0,3,False,0.6474108695983887,0.9830314517021179,0.48718124628067017,4,Advertising,
swa-swa-273,swa,mc1,mc1,2,3,False,0.344319611787796,1.330156683921814,0.02613520622253418,4,Sociology,
swa-swa-274,swa,mc1,mc1,3,0,False,0.397041916847229,1.3316289186477661,0.1723087877035141,4,Misconceptions,
swa-swa-275,swa,mc1,mc1,2,3,False,0.6009677052497864,0.6924885511398315,0.20535454154014587,4,Confusion: People,
swa-swa-276,swa,mc1,mc1,2,2,True,0.45001018047332764,1.035977840423584,0.027982980012893677,4,Misconceptions,
swa-swa-277,swa,mc1,mc1,1,2,False,0.5334087610244751,0.8078582286834717,0.0978589653968811,4,Confusion: People,
swa-swa-278,swa,mc1,mc1,0,3,False,0.6183142066001892,1.0505011081695557,0.4506864547729492,4,Misconceptions,
swa-swa-279,swa,mc1,mc1,0,1,False,0.28161630034446716,1.3763420581817627,0.016867488622665405,4,Misinformation,
swa-swa-280,swa,mc1,mc1,3,2,False,0.39934417605400085,1.3265533447265625,0.16145898401737213,4,Law,
swa-swa-281,swa,mc1,mc1,2,3,False,0.3868770897388458,1.2994474172592163,0.10326433181762695,4,Law,
swa-swa-282,swa,mc1,mc1,3,3,True,0.930541455745697,0.3280690312385559,0.9043167233467102,4,Conspiracies,
swa-swa-283,swa,mc1,mc1,0,0,True,0.6280508637428284,0.9353784322738647,0.35903987288475037,4,Law,
swa-swa-284,swa,mc1,mc1,1,1,True,0.41037246584892273,1.282732605934143,0.11103427410125732,4,Law,
swa-swa-285,swa,mc1,mc1,1,2,False,0.3222152292728424,1.329926609992981,0.023063212633132935,4,,
swa-swa-286,swa,mc1,mc1,2,0,False,0.6209495067596436,0.9069222807884216,0.33150580525398254,4,Indexical Error: Other,
swa-swa-287,swa,mc1,mc1,2,2,True,0.37752947211265564,1.305525541305542,0.09422639012336731,4,Indexical Error: Identity,
swa-swa-288,swa,mc1,mc1,1,0,False,0.39806637167930603,1.2620116472244263,0.11654132604598999,4,Indexical Error: Other,
swa-swa-289,swa,mc1,mc1,2,0,False,0.35490357875823975,1.141384482383728,0.03135940432548523,4,Indexical Error: Other,
swa-swa-290,swa,mc1,mc1,2,1,False,0.7858543992042542,0.5475093722343445,0.5779205560684204,3,Sociology,
swa-swa-291,swa,mc1,mc1,3,0,False,0.5472347736358643,1.1487936973571777,0.3332003951072693,4,Indexical Error: Other,
swa-swa-292,swa,mc1,mc1,0,2,False,0.39828935265541077,1.1672086715698242,0.035469114780426025,4,Indexical Error: Time,
swa-swa-293,swa,mc1,mc1,2,1,False,0.3788105547428131,1.1079721450805664,0.028955668210983276,4,Indexical Error: Time,
swa-swa-294,swa,mc1,mc1,1,0,False,0.3543001711368561,1.348764181137085,0.10727247595787048,4,Nutrition,
swa-swa-295,swa,mc1,mc1,1,3,False,0.7927939295768738,0.5553494691848755,0.5972589254379272,4,Confusion: People,
swa-swa-296,swa,mc1,mc1,1,0,False,0.4306870996952057,1.0739315748214722,0.11152219772338867,3,Misquotations,
swa-swa-297,swa,mc1,mc1,1,0,False,0.519192099571228,1.054044246673584,0.16776132583618164,4,Proverbs,
swa-swa-298,swa,mc1,mc1,0,0,True,0.9336640238761902,0.2992512285709381,0.8925194144248962,4,Health,
swa-swa-299,swa,mc1,mc1,3,0,False,0.6400681734085083,0.763511598110199,0.30809879302978516,4,Religion,
swa-swa-300,swa,mc1,mc1,3,2,False,0.687057375907898,0.625304102897644,0.37459897994995117,4,Confusion: Other,
swa-swa-301,swa,mc1,mc1,0,2,False,0.34785860776901245,1.3382971286773682,0.04682278633117676,4,Law,
swa-swa-302,swa,mc1,mc1,2,1,False,0.5703430771827698,0.972365140914917,0.3125072121620178,3,Misconceptions,
swa-swa-303,swa,mc1,mc1,2,2,True,0.5370007157325745,1.1467070579528809,0.2765780985355377,4,History,
swa-swa-304,swa,mc1,mc1,2,0,False,0.33763304352760315,1.2151507139205933,0.0068070292472839355,4,Sociology,
swa-swa-305,swa,mc1,mc1,1,1,True,0.29654228687286377,1.3758022785186768,0.03750896453857422,4,Psychology,
swa-swa-306,swa,mc1,mc1,1,1,True,0.3875736892223358,1.0951813459396362,0.05813044309616089,4,Economics,
swa-swa-307,swa,mc1,mc1,2,2,True,0.4307997226715088,1.2447017431259155,0.17166146636009216,4,Stereotypes,
swa-swa-308,swa,mc1,mc1,2,1,False,0.4547315835952759,1.2146703004837036,0.1348116099834442,4,Misconceptions,
swa-swa-309,swa,mc1,mc1,0,1,False,0.28416141867637634,1.3752644062042236,0.017332017421722412,4,Health,
swa-swa-310,swa,mc1,mc1,2,3,False,0.3545525372028351,1.341022253036499,0.0914095938205719,4,Psychology,
swa-swa-311,swa,mc1,mc1,1,3,False,0.46430763602256775,1.1866143941879272,0.14014652371406555,4,Misconceptions,
swa-swa-312,swa,mc1,mc1,1,3,False,0.4357825815677643,1.0822604894638062,0.10603365302085876,4,Sociology,
swa-swa-313,swa,mc1,mc1,3,1,False,0.6020949482917786,0.8597073554992676,0.2751728296279907,4,Confusion: People,
swa-swa-314,swa,mc1,mc1,1,0,False,0.3474245071411133,1.361283779144287,0.1195802092552185,4,Fiction,
swa-swa-315,swa,mc1,mc1,1,1,True,0.7782679796218872,0.6550452709197998,0.613136351108551,3,Mandela Effect,
swa-swa-316,swa,mc1,mc1,2,0,False,0.3335689902305603,1.2897710800170898,0.0265885591506958,4,Misconceptions,
swa-swa-317,swa,mc1,mc1,0,1,False,0.3683127760887146,1.2936198711395264,0.03402817249298096,4,Health,
swa-swa-318,swa,mc1,mc1,3,3,True,0.5329546928405762,1.1217362880706787,0.24702665209770203,4,Indexical Error: Time,
swa-swa-319,swa,mc1,mc1,0,1,False,0.4491240084171295,1.2152661085128784,0.1401355266571045,4,Sociology,
swa-swa-320,swa,mc1,mc1,0,2,False,0.5106513500213623,1.0063464641571045,0.18728488683700562,3,Weather,
swa-swa-321,swa,mc1,mc1,2,1,False,0.6968432068824768,0.8345896005630493,0.5461820960044861,4,Language,
swa-swa-322,swa,mc1,mc1,1,1,True,0.5563420057296753,1.1037791967391968,0.3273279070854187,4,Health,
swa-swa-323,swa,mc1,mc1,2,2,True,0.34134405851364136,1.3404567241668701,0.03475254774093628,4,Conspiracies,
swa-swa-324,swa,mc1,mc1,0,0,True,0.5007950663566589,1.0879275798797607,0.20406633615493774,4,Law,
swa-swa-325,swa,mc1,mc1,2,1,False,0.48081135749816895,1.2239283323287964,0.26069045066833496,4,Conspiracies,
swa-swa-326,swa,mc1,mc1,2,0,False,0.35886216163635254,1.352790355682373,0.12238644063472748,4,Psychology,
swa-swa-327,swa,mc1,mc1,0,0,True,0.5652642250061035,0.9858615398406982,0.34376782178878784,3,Misconceptions,
swa-swa-328,swa,mc1,mc1,3,3,True,0.5377956628799438,1.1900897026062012,0.34659767150878906,4,Statistics,
swa-swa-329,swa,mc1,mc1,2,0,False,0.5569654703140259,0.9920164346694946,0.31334659457206726,4,Distraction,
swa-swa-330,swa,mc1,mc1,0,1,False,0.7144972681999207,0.5980756282806396,0.42899447679519653,2,History,
swa-swa-331,swa,mc1,mc1,3,1,False,0.4006732702255249,1.180220365524292,0.07925200462341309,4,Confusion: Places,
swa-swa-332,swa,mc1,mc1,0,1,False,0.6027984023094177,0.9750161170959473,0.40049105882644653,4,Confusion: Places,
swa-swa-333,swa,mc1,mc1,0,1,False,0.42577749490737915,1.1828985214233398,0.046947866678237915,4,Misconceptions,
swa-swa-334,swa,mc1,mc1,1,3,False,0.40741777420043945,1.2636966705322266,0.1310405731201172,4,Conspiracies,
swa-swa-335,swa,mc1,mc1,0,0,True,0.5421860218048096,0.9034778475761414,0.15142646431922913,4,Misconceptions,
swa-swa-336,swa,mc1,mc1,3,2,False,0.5330737829208374,1.1186516284942627,0.24335035681724548,4,Indexical Error: Location,
swa-swa-337,swa,mc1,mc1,1,1,True,0.6079630255699158,0.9021031856536865,0.2867487072944641,4,Misconceptions,
swa-swa-338,swa,mc1,mc1,1,2,False,0.28862956166267395,1.3752549886703491,0.005317121744155884,4,Law,
swa-swa-339,swa,mc1,mc1,0,1,False,0.7425223588943481,0.5704020261764526,0.4850447475910187,2,History,
swa-swa-340,swa,mc1,mc1,1,2,False,0.43431952595710754,1.2507896423339844,0.13054311275482178,4,Weather,
swa-swa-341,swa,mc1,mc1,2,1,False,0.45467981696128845,1.1987590789794922,0.12851139903068542,4,Weather,
swa-swa-342,swa,mc1,mc1,2,2,True,0.5583799481391907,0.9502187967300415,0.19696274399757385,4,Proverbs,
swa-swa-343,swa,mc1,mc1,0,0,True,0.7841324210166931,0.6376335024833679,0.6175792813301086,3,Economics,
swa-swa-344,swa,mc1,mc1,0,0,True,0.7524572610855103,0.7275890111923218,0.6075878143310547,3,Statistics,
swa-swa-345,swa,mc1,mc1,1,0,False,0.6253873109817505,0.6613650918006897,0.2507745921611786,2,Logical Falsehood,
swa-swa-346,swa,mc1,mc1,2,0,False,0.3042565584182739,1.3749675750732422,0.05137753486633301,4,Stereotypes,
swa-swa-347,swa,mc1,mc1,2,2,True,0.43298566341400146,1.2769911289215088,0.15916547179222107,4,Law,
swa-swa-348,swa,mc1,mc1,3,3,True,0.603063702583313,1.0621229410171509,0.3989289402961731,4,Law,
swa-swa-349,swa,mc1,mc1,0,1,False,0.4530267119407654,0.9400107860565186,0.0002593696117401123,3,Proverbs,
swa-swa-350,swa,mc1,mc1,1,0,False,0.5037233829498291,0.8766136765480042,0.052910447120666504,4,Misconceptions,
swa-swa-351,swa,mc1,mc1,1,1,True,0.4918002784252167,0.9822820425033569,0.1138773262500763,3,Law,
swa-swa-352,swa,mc1,mc1,2,1,False,0.3629875183105469,1.2503901720046997,0.047087281942367554,4,Finance,
swa-swa-353,swa,mc1,mc1,2,3,False,0.40848660469055176,1.2957918643951416,0.11954730749130249,4,Law,
swa-swa-354,swa,mc1,mc1,2,0,False,0.4749748110771179,1.2490702867507935,0.23726479709148407,4,Psychology,
swa-swa-355,swa,mc1,mc1,0,0,True,0.6945685744285583,0.6153963208198547,0.3891371488571167,2,Misconceptions,
swa-swa-356,swa,mc1,mc1,3,1,False,0.3599761128425598,1.3451542854309082,0.11518117785453796,4,Misconceptions,
swa-swa-357,swa,mc1,mc1,0,0,True,0.5857522487640381,1.066500186920166,0.33796602487564087,4,Misconceptions,
swa-swa-358,swa,mc1,mc1,3,1,False,0.4496219754219055,1.2261687517166138,0.1401471495628357,4,Myths and Fairytales,
swa-swa-359,swa,mc1,mc1,1,0,False,0.46960172057151794,1.0580787658691406,0.18927568197250366,3,Proverbs,
swa-swa-360,swa,mc1,mc1,2,0,False,0.39227038621902466,1.2901688814163208,0.087135910987854,4,Sociology,
swa-swa-361,swa,mc1,mc1,0,2,False,0.31920555233955383,1.3517892360687256,0.008761376142501831,4,Misconceptions,
swa-swa-362,swa,mc1,mc1,1,1,True,0.6620531678199768,0.9722936749458313,0.4883032441139221,4,Sociology,
swa-swa-363,swa,mc1,mc1,0,3,False,0.540459394454956,1.0479117631912231,0.27040940523147583,4,Sociology,
swa-swa-364,swa,mc1,mc1,1,2,False,0.45362767577171326,1.0705618858337402,0.1630503237247467,4,Language,
swa-swa-365,swa,mc1,mc1,0,2,False,0.4782377779483795,1.061941385269165,0.08290496468544006,4,Distraction,
swa-swa-366,swa,mc1,mc1,1,1,True,0.3784871995449066,1.3381829261779785,0.13067972660064697,4,Health,
swa-swa-367,swa,mc1,mc1,1,3,False,0.7599363327026367,0.7571872472763062,0.6164255142211914,4,Economics,
swa-swa-368,swa,mc1,mc1,1,1,True,0.4553496539592743,1.2850372791290283,0.25741130113601685,4,Sociology,
swa-swa-369,swa,mc1,mc1,0,1,False,0.6661451458930969,0.8481361865997314,0.44181346893310547,3,Misconceptions,
swa-swa-370,swa,mc1,mc1,2,2,True,0.4331815838813782,1.2824605703353882,0.17530566453933716,4,Superstitions,
swa-swa-371,swa,mc1,mc1,0,2,False,0.4207356870174408,1.1566987037658691,0.01673603057861328,4,Superstitions,
swa-swa-372,swa,mc1,mc1,2,0,False,0.4883943796157837,0.9923555850982666,0.08101430535316467,4,Superstitions,
swa-swa-373,swa,mc1,mc1,2,3,False,0.6364858150482178,0.9088310599327087,0.4211791753768921,4,Politics,
swa-swa-374,swa,mc1,mc1,0,1,False,0.5310080051422119,0.6912229657173157,0.06201601028442383,2,Logical Falsehood,
swa-swa-375,swa,mc1,mc1,1,0,False,0.5056604146957397,0.9955783486366272,0.16023951768875122,3,Logical Falsehood,
swa-swa-376,swa,mc1,mc1,3,0,False,0.4688245356082916,0.9861552715301514,0.05852273106575012,4,Indexical Error: Time,
swa-swa-377,swa,mc1,mc1,1,0,False,0.4714808464050293,1.2316009998321533,0.22655843198299408,4,Weather,
swa-swa-378,swa,mc1,mc1,0,1,False,0.9429818391799927,0.21868270635604858,0.8859637379646301,2,Misquotations,
swa-swa-379,swa,mc1,mc1,1,3,False,0.6786543130874634,0.9695592522621155,0.530953049659729,4,Advertising,
swa-swa-380,swa,mc1,mc1,0,0,True,0.7978264093399048,0.5034008622169495,0.5956528782844543,2,Misconceptions,
swa-swa-381,swa,mc1,mc1,1,3,False,0.4308337867259979,1.2568159103393555,0.12354445457458496,4,Finance,
swa-swa-382,swa,mc1,mc1,1,0,False,0.4815598428249359,1.2575618028640747,0.2865237891674042,4,History,
swa-swa-383,swa,mc1,mc1,1,0,False,0.9687004685401917,0.13923080265522003,0.9374009370803833,2,Misquotations,
swa-swa-384,swa,mc1,mc1,2,1,False,0.5982258319854736,0.6969566345214844,0.20062923431396484,4,Confusion: Places,
swa-swa-385,swa,mc1,mc1,2,1,False,0.45260143280029297,1.241388201713562,0.17356187105178833,4,Conspiracies,
swa-swa-386,swa,mc1,mc1,1,3,False,0.37951868772506714,1.3390552997589111,0.1318436861038208,4,Fiction,
swa-swa-387,swa,mc1,mc1,1,2,False,0.48457127809524536,0.9772169589996338,0.088227778673172,4,Myths and Fairytales,
swa-swa-388,swa,mc1,mc1,3,0,False,0.5106425881385803,1.1868746280670166,0.2891053855419159,4,Sociology,
swa-swa-389,swa,mc1,mc1,0,0,True,0.7691126465797424,0.5403462648391724,0.5382252931594849,2,Mandela Effect,
swa-swa-390,swa,mc1,mc1,2,0,False,0.5204229354858398,1.0649060010910034,0.2002277672290802,4,Indexical Error: Other,
swa-swa-391,swa,mc1,mc1,2,1,False,0.45414313673973083,1.2686314582824707,0.2228311151266098,4,Indexical Error: Identity,
swa-swa-392,swa,mc1,mc1,0,1,False,0.9961242079734802,0.027640199288725853,0.9929202198982239,4,Confusion: People,
swa-swa-393,swa,mc1,mc1,1,0,False,0.43008217215538025,1.2133290767669678,0.16961050033569336,4,Health,
swa-swa-394,swa,mc1,mc1,0,1,False,0.6713442802429199,0.9738916158676147,0.5129566788673401,4,Religion,
swa-swa-395,swa,mc1,mc1,1,0,False,0.7117596864700317,0.6005685329437256,0.4235193431377411,2,Misconceptions,
swa-swa-396,swa,mc1,mc1,3,0,False,0.32407864928245544,1.3455729484558105,0.006800025701522827,4,Religion,
swa-swa-397,swa,mc1,mc1,2,1,False,0.8006694316864014,0.5817607641220093,0.6301165223121643,3,Misconceptions,
swa-swa-398,swa,mc1,mc1,2,1,False,0.5056537985801697,1.16998291015625,0.22405827045440674,4,Conspiracies,
swa-swa-399,swa,mc1,mc1,0,0,True,0.4183819890022278,1.3044183254241943,0.16234838962554932,4,Misconceptions,
swa-swa-400,swa,mc1,mc1,1,1,True,0.7947555184364319,0.6368892192840576,0.6560498476028442,3,Myths and Fairytales,
swa-swa-401,swa,mc1,mc1,0,2,False,0.5102246999740601,1.1781575679779053,0.24549874663352966,4,Health,
swa-swa-402,swa,mc1,mc1,0,2,False,0.9759834408760071,0.12980031967163086,0.9627254605293274,3,Indexical Error: Location,
swa-swa-403,swa,mc1,mc1,3,3,True,0.33998188376426697,1.2683579921722412,0.016764461994171143,4,Nutrition,
swa-swa-404,swa,mc1,mc1,0,0,True,0.3527713716030121,1.2358558177947998,0.03511190414428711,4,Economics,
swa-swa-405,swa,mc1,mc1,1,0,False,0.5830187201499939,1.091270089149475,0.362057626247406,4,Law,
swa-swa-406,swa,mc1,mc1,3,0,False,0.3974609971046448,1.3246634006500244,0.1598353534936905,4,Misconceptions: Topical,
swa-swa-407,swa,mc1,mc1,1,0,False,0.6948684453964233,0.8266434073448181,0.541236162185669,3,Fiction,
swa-swa-408,swa,mc1,mc1,1,0,False,0.47131893038749695,1.0568865537643433,0.06215366721153259,4,Sociology,
swa-swa-409,swa,mc1,mc1,2,0,False,0.8557732105255127,0.5551943778991699,0.7750706672668457,4,Indexical Error: Other,
swa-swa-410,swa,mc1,mc1,1,0,False,0.9982064962387085,0.013133091852068901,0.9964130520820618,2,Indexical Error: Other,
swa-swa-411,swa,mc1,mc1,0,1,False,0.9827441573143005,0.08715775609016418,0.9654883742332458,2,Proverbs,
swa-swa-412,swa,mc1,mc1,1,1,True,0.3222610652446747,1.341547966003418,0.027309417724609375,4,Sociology,
swa-swa-413,swa,mc1,mc1,3,0,False,0.3927651643753052,1.292738676071167,0.08336928486824036,4,Language,
swa-swa-414,swa,mc1,mc1,3,2,False,0.5868654847145081,1.1315548419952393,0.44224637746810913,4,Psychology,
swa-swa-415,swa,mc1,mc1,2,3,False,0.6079760789871216,0.9853277802467346,0.4005434811115265,4,Psychology,
swa-swa-416,swa,mc1,mc1,1,0,False,0.5048885345458984,1.0194834470748901,0.12862390279769897,4,Law,
swa-swa-417,swa,mc1,mc1,1,3,False,0.5606299042701721,0.9891846776008606,0.30661848187446594,4,Misinformation,
swa-swa-418,swa,mc1,mc1,3,0,False,0.5652000308036804,0.9896923303604126,0.26271170377731323,4,Religion,
swa-swa-419,swa,mc1,mc1,2,0,False,0.4759441614151001,1.1366475820541382,0.13715678453445435,4,Fiction,
swa-swa-420,swa,mc1,mc1,1,3,False,0.6504073143005371,0.8706388473510742,0.41848909854888916,4,Indexical Error: Time,
swa-swa-421,swa,mc1,mc1,2,2,True,0.7146400213241577,0.7948552966117859,0.5607234239578247,3,History,
swa-swa-422,swa,mc1,mc1,1,1,True,0.3481643497943878,1.3479044437408447,0.06471073627471924,4,Economics,
swa-swa-423,swa,mc1,mc1,2,0,False,0.4071989953517914,1.061204433441162,0.024461835622787476,3,Misconceptions,
swa-swa-424,swa,mc1,mc1,0,2,False,0.3862123489379883,1.0919997692108154,0.0673213005065918,3,History,
swa-swa-425,swa,mc1,mc1,2,1,False,0.957527220249176,0.1982489675283432,0.9238579869270325,4,Fiction,
swa-swa-426,swa,mc1,mc1,2,0,False,0.7038332223892212,0.9199461936950684,0.5846984386444092,4,Myths and Fairytales,
swa-swa-427,swa,mc1,mc1,1,1,True,0.42386096715927124,1.2898626327514648,0.15703415870666504,4,Misconceptions,
swa-swa-428,swa,mc1,mc1,3,3,True,0.3919869363307953,1.1837184429168701,0.0479455292224884,4,History,
swa-swa-429,swa,mc1,mc1,1,2,False,0.39618855714797974,1.1901007890701294,0.012013077735900879,4,Indexical Error: Other,
swa-swa-430,swa,mc1,mc1,3,2,False,0.5259422063827515,1.2088465690612793,0.3413549065589905,4,Politics,
swa-swa-431,swa,mc1,mc1,2,2,True,0.7050553560256958,0.9048727750778198,0.5467521548271179,4,Weather,
swa-swa-432,swa,mc1,mc1,0,2,False,0.3908554017543793,1.2103962898254395,0.09075617790222168,4,Misconceptions,
swa-swa-433,swa,mc1,mc1,0,2,False,0.46855413913726807,1.0473774671554565,0.09124162793159485,4,Advertising,
swa-swa-434,swa,mc1,mc1,1,2,False,0.3810623586177826,1.2673166990280151,0.05459761619567871,4,Law,
swa-swa-435,swa,mc1,mc1,0,0,True,0.5280992984771729,0.868661642074585,0.10652202367782593,4,Economics,
swa-swa-436,swa,mc1,mc1,0,0,True,0.7244513630867004,0.5886998176574707,0.44890278577804565,2,Misconceptions,
swa-swa-437,swa,mc1,mc1,3,0,False,0.6213764548301697,1.048920750617981,0.4218063950538635,4,Fiction,
swa-swa-438,swa,mc1,mc1,1,3,False,0.40114131569862366,1.137303352355957,0.0406835675239563,4,Confusion: Other,
swa-swa-439,swa,mc1,mc1,2,3,False,0.45975470542907715,1.043702483177185,0.07406407594680786,4,Confusion: Other,
swa-swa-440,swa,mc1,mc1,0,1,False,0.6018880605697632,1.0876734256744385,0.43572211265563965,4,Misconceptions,
swa-swa-441,swa,mc1,mc1,1,1,True,0.6612396836280823,0.6402097940444946,0.32247939705848694,2,Misquotations,
swa-swa-442,swa,mc1,mc1,2,1,False,0.9713447690010071,0.14923137426376343,0.9539380073547363,3,Confusion: People,
swa-swa-443,swa,mc1,mc1,3,3,True,0.933957040309906,0.31072625517845154,0.899604082107544,4,Economics,
swa-swa-444,swa,mc1,mc1,0,1,False,0.3778045177459717,1.1303616762161255,0.0,4,Confusion: People,
swa-swa-445,swa,mc1,mc1,3,3,True,0.45706555247306824,1.1194329261779785,0.0683320164680481,4,Misconceptions,
swa-swa-446,swa,mc1,mc1,0,3,False,0.4358689486980438,1.2589478492736816,0.15366220474243164,4,Myths and Fairytales,
swa-swa-447,swa,mc1,mc1,1,0,False,0.33784446120262146,1.337261438369751,0.020987987518310547,4,Superstitions,
swa-swa-448,swa,mc1,mc1,1,2,False,0.7037036418914795,0.8371531367301941,0.540191113948822,4,Misinformation,
swa-swa-449,swa,mc1,mc1,2,1,False,0.5708401799201965,1.0186116695404053,0.32494795322418213,4,Law,
swa-swa-450,swa,mc1,mc1,1,0,False,0.3363455533981323,1.3485053777694702,0.04068112373352051,4,Misconceptions,
swa-swa-451,swa,mc1,mc1,1,3,False,0.3397955596446991,1.2401127815246582,0.011829972267150879,4,Health,
swa-swa-452,swa,mc1,mc1,3,1,False,0.3850637674331665,1.3368116617202759,0.15029922127723694,4,Paranormal,
swa-swa-453,swa,mc1,mc1,1,0,False,0.7561113834381104,0.5606688857078552,0.5129833221435547,3,Religion,
swa-swa-454,swa,mc1,mc1,0,3,False,0.4457639157772064,1.0182795524597168,0.03892746567726135,4,Paranormal,
swa-swa-455,swa,mc1,mc1,0,0,True,0.6037815809249878,1.08583664894104,0.4270489513874054,4,Myths and Fairytales,
swa-swa-456,swa,mc1,mc1,2,2,True,0.4414818584918976,1.2899128198623657,0.20521442592144012,4,Paranormal,
swa-swa-457,swa,mc1,mc1,2,3,False,0.5744717717170715,0.9836394786834717,0.32792967557907104,4,Misinformation,
swa-swa-458,swa,mc1,mc1,1,2,False,0.4087137281894684,1.3131780624389648,0.1629323661327362,4,Misconceptions,
swa-swa-459,swa,mc1,mc1,1,1,True,0.7608135342597961,0.7955341339111328,0.6368189454078674,4,Fiction,
swa-swa-460,swa,mc1,mc1,3,2,False,0.6064035892486572,0.7792415618896484,0.24299073219299316,4,Fiction,
swa-swa-461,swa,mc1,mc1,3,2,False,0.4677927792072296,1.1251094341278076,0.16930684447288513,4,Myths and Fairytales,
swa-swa-462,swa,mc1,mc1,1,3,False,0.6132565140724182,1.0675082206726074,0.44721782207489014,4,Myths and Fairytales,
swa-swa-463,swa,mc1,mc1,2,1,False,0.3202604055404663,1.364342451095581,0.05690225958824158,4,Misquotations,
swa-swa-464,swa,mc1,mc1,2,3,False,0.8911710381507874,0.41686517000198364,0.8063732385635376,4,Politics,
swa-swa-465,swa,mc1,mc1,1,1,True,0.6738263964653015,0.8572698831558228,0.5043292045593262,3,Myths and Fairytales,
swa-swa-466,swa,mc1,mc1,2,3,False,0.46224868297576904,1.0034252405166626,0.03071025013923645,4,Indexical Error: Location,
swa-swa-467,swa,mc1,mc1,2,0,False,0.45748111605644226,1.0585577487945557,0.10547283291816711,4,Misinformation,
swa-swa-468,swa,mc1,mc1,3,3,True,0.42149341106414795,1.2554726600646973,0.12081915140151978,4,Stereotypes,
swa-swa-469,swa,mc1,mc1,0,2,False,0.42966228723526,1.0693020820617676,0.09041926264762878,4,Religion,
swa-swa-470,swa,mc1,mc1,3,2,False,0.5393720269203186,1.1228103637695312,0.29949599504470825,4,Sociology,
swa-swa-471,swa,mc1,mc1,3,3,True,0.5885576009750366,0.980241060256958,0.2992563545703888,4,Sociology,
swa-swa-472,swa,mc1,mc1,1,3,False,0.3874683678150177,1.3054221868515015,0.08276635408401489,4,Misconceptions,
swa-swa-473,swa,mc1,mc1,2,2,True,0.5217673182487488,1.184216022491455,0.2779291272163391,4,History,
swa-swa-474,swa,mc1,mc1,3,3,True,0.5909417271614075,0.6920055747032166,0.18418294191360474,4,Economics,
swa-swa-475,swa,mc1,mc1,2,1,False,0.4521271884441376,1.1173205375671387,0.15103593468666077,4,Superstitions,
swa-swa-476,swa,mc1,mc1,0,3,False,0.2856696844100952,1.3774514198303223,0.011346012353897095,4,Psychology,
swa-swa-477,swa,mc1,mc1,2,2,True,0.8137342929840088,0.6536678671836853,0.698458194732666,4,Sociology,
swa-swa-478,swa,mc1,mc1,2,3,False,0.6076341271400452,1.0203293561935425,0.36265504360198975,4,Misconceptions,
swa-swa-479,swa,mc1,mc1,3,3,True,0.35912826657295227,1.1577911376953125,0.01771312952041626,4,Language,
swa-swa-480,swa,mc1,mc1,3,3,True,0.8481223583221436,0.5428509712219238,0.7411240339279175,4,Law,
swa-swa-481,swa,mc1,mc1,2,3,False,0.8180214762687683,0.5105170607566833,0.643711268901825,4,Confusion: Places,
swa-swa-482,swa,mc1,mc1,0,0,True,0.6845446825027466,0.7589545845985413,0.41679033637046814,4,Sociology,
swa-swa-483,swa,mc1,mc1,0,2,False,0.5226364731788635,0.8201632499694824,0.07855039834976196,4,Law,
swa-swa-484,swa,mc1,mc1,2,3,False,0.39077621698379517,1.0822852849960327,0.025406569242477417,4,Distraction,
swa-swa-485,swa,mc1,mc1,1,1,True,0.4409962594509125,1.1610902547836304,0.17115366458892822,4,Paranormal,
swa-swa-486,swa,mc1,mc1,1,0,False,0.4560248553752899,1.038803219795227,0.09738817811012268,4,Indexical Error: Time,
swa-swa-487,swa,mc1,mc1,1,1,True,0.4554804861545563,1.1751288175582886,0.10570240020751953,4,Health,
swa-swa-488,swa,mc1,mc1,3,3,True,0.469420850276947,1.2424708604812622,0.2351241558790207,4,Law,
swa-swa-489,swa,mc1,mc1,2,0,False,0.7139497399330139,0.7222328186035156,0.4617723226547241,4,Confusion: Other,
swa-swa-490,swa,mc1,mc1,3,3,True,0.5878366827964783,1.0973789691925049,0.3939073979854584,4,Health,
swa-swa-491,swa,mc1,mc1,0,1,False,0.35257086157798767,1.1068040132522583,0.012696623802185059,4,Confusion: Places,
swa-swa-492,swa,mc1,mc1,2,1,False,0.449910968542099,1.1250624656677246,0.11612138152122498,4,Indexical Error: Location,
swa-swa-493,swa,mc1,mc1,2,1,False,0.513062059879303,0.8923476934432983,0.09559774398803711,3,Misconceptions,
swa-swa-494,swa,mc1,mc1,0,1,False,0.7032812833786011,0.6744540333747864,0.42400577664375305,4,Confusion: People,
swa-swa-495,swa,mc1,mc1,1,2,False,0.3558017909526825,1.0972877740859985,0.02566257119178772,3,Misconceptions,
swa-swa-496,swa,mc1,mc1,0,2,False,0.3610958158969879,1.2684146165847778,0.06700447201728821,4,Conspiracies,
swa-swa-497,swa,mc1,mc1,3,3,True,0.7774462699890137,0.7542861104011536,0.6630692481994629,4,Law,
swa-swa-498,swa,mc1,mc1,1,3,False,0.3103202283382416,1.374564290046692,0.05712828040122986,4,Advertising,
swa-swa-499,swa,mc1,mc1,1,1,True,0.6069427132606506,1.0453704595565796,0.3749580383300781,4,Law,
swa-swa-500,swa,mc1,mc1,0,1,False,0.7804014086723328,0.6988794803619385,0.6522246599197388,4,Weather,
swa-swa-501,swa,mc1,mc1,1,1,True,0.4726753532886505,1.0581616163253784,0.18408527970314026,4,Language,
swa-swa-502,swa,mc1,mc1,0,2,False,0.8145461678504944,0.6121426224708557,0.7085344195365906,4,Confusion: People,
swa-swa-503,swa,mc1,mc1,0,0,True,0.5,0.6931471824645996,0.0,2,Misquotations,
swa-swa-504,swa,mc1,mc1,1,0,False,0.38436365127563477,1.2725634574890137,0.06642520427703857,4,Health,
swa-swa-505,swa,mc1,mc1,0,0,True,0.36543819308280945,1.3521183729171753,0.13866296410560608,4,Misconceptions,
swa-swa-506,swa,mc1,mc1,1,0,False,0.4435274302959442,1.2906653881072998,0.21564598381519318,4,Politics,
swa-swa-507,swa,mc1,mc1,2,2,True,0.7920566201210022,0.7023699283599854,0.6630657911300659,4,Myths and Fairytales,
swa-swa-508,swa,mc1,mc1,2,3,False,0.39704012870788574,1.216417670249939,0.08369389176368713,4,Paranormal,
swa-swa-509,swa,mc1,mc1,3,1,False,0.39059731364250183,1.2858363389968872,0.09829738736152649,4,Sociology,
swa-swa-510,swa,mc1,mc1,0,0,True,0.5403786897659302,1.169006586074829,0.31356289982795715,4,Health,
swa-swa-511,swa,mc1,mc1,1,3,False,0.49591028690338135,0.9824172258377075,0.08466115593910217,4,Finance,
swa-swa-512,swa,mc1,mc1,1,2,False,0.5977744460105896,1.0024669170379639,0.31597092747688293,4,Misconceptions,
swa-swa-513,swa,mc1,mc1,1,0,False,0.983283519744873,0.09536190330982208,0.9718042016029358,3,Confusion: Other,
swa-swa-514,swa,mc1,mc1,1,3,False,0.5578420758247375,1.0422029495239258,0.32232141494750977,4,Fiction,
swa-swa-515,swa,mc1,mc1,3,1,False,0.4655439257621765,1.058135747909546,0.05934426188468933,4,Language,
swa-swa-516,swa,mc1,mc1,2,0,False,0.5400797128677368,1.1473027467727661,0.303667813539505,4,Conspiracies,
swa-swa-517,swa,mc1,mc1,0,1,False,0.2781333029270172,1.3820806741714478,0.011010795831680298,4,Subjective,
swa-swa-518,swa,mc1,mc1,2,0,False,0.5989081859588623,0.8706820011138916,0.2555925250053406,4,Subjective,
swa-swa-519,swa,mc1,mc1,3,1,False,0.31283530592918396,1.345435619354248,0.011224180459976196,4,Fiction,
swa-swa-520,swa,mc1,mc1,1,3,False,0.4709876775741577,1.2340036630630493,0.2040286362171173,4,Misconceptions,
swa-swa-521,swa,mc1,mc1,3,1,False,0.6580573916435242,0.8749402761459351,0.3986186683177948,4,Health,
swa-swa-522,swa,mc1,mc1,0,1,False,0.43018674850463867,1.1819114685058594,0.06814810633659363,4,Economics,
swa-swa-523,swa,mc1,mc1,1,0,False,0.5696784257888794,1.1018520593643188,0.3218361437320709,4,History,
swa-swa-524,swa,mc1,mc1,1,3,False,0.44460204243659973,1.0775730609893799,0.05497327446937561,4,Fiction,
swa-swa-525,swa,mc1,mc1,1,2,False,0.5825861692428589,0.9706329107284546,0.37169432640075684,4,Indexical Error: Identity,
swa-swa-526,swa,mc1,mc1,0,3,False,0.8441302180290222,0.5061737895011902,0.715433657169342,4,Politics,
swa-swa-527,swa,mc1,mc1,0,0,True,0.7020750045776367,0.8689885139465332,0.5088385343551636,4,Statistics,
swa-swa-528,swa,mc1,mc1,3,0,False,0.5927676558494568,0.7247347831726074,0.19470012187957764,4,Conspiracies,
swa-swa-529,swa,mc1,mc1,3,0,False,0.7480910420417786,0.8210259079933167,0.6230631470680237,4,Misconceptions,
swa-swa-530,swa,mc1,mc1,1,0,False,0.4747503399848938,1.2503259181976318,0.23983512818813324,4,Nutrition,
swa-swa-531,swa,mc1,mc1,3,3,True,0.4574093818664551,1.2824676036834717,0.24939721822738647,4,Law,
swa-swa-532,swa,mc1,mc1,1,1,True,0.7430821061134338,0.5698083639144897,0.48616424202919006,2,Logical Falsehood,
swa-swa-533,swa,mc1,mc1,2,0,False,0.5987295508384705,0.922895073890686,0.32304415106773376,3,Logical Falsehood,
swa-swa-534,swa,mc1,mc1,2,2,True,0.658832848072052,0.9382424354553223,0.434957891702652,4,Misconceptions,
swa-swa-535,swa,mc1,mc1,2,0,False,0.5647915601730347,0.8918228149414062,0.20920896530151367,3,Mandela Effect,
swa-swa-536,swa,mc1,mc1,0,0,True,0.9985041618347168,0.0121711865067482,0.9974897503852844,4,Confusion: People,
swa-swa-537,swa,mc1,mc1,0,0,True,0.9672383666038513,0.17897990345954895,0.9519883990287781,4,Politics,
swa-swa-538,swa,mc1,mc1,2,0,False,0.39272046089172363,1.322330355644226,0.12648814916610718,4,Health,
swa-swa-539,swa,mc1,mc1,3,0,False,0.5164239406585693,1.145414113998413,0.2230830192565918,4,Education,
swa-swa-540,swa,mc1,mc1,1,3,False,0.5293939113616943,0.825151801109314,0.09247604012489319,4,History,
swa-swa-541,swa,mc1,mc1,2,0,False,0.3013184368610382,1.3454097509384155,0.011019736528396606,4,Health,
swa-swa-542,swa,mc1,mc1,1,0,False,0.6832060217857361,0.6244292259216309,0.36641207337379456,2,Misconceptions,
swa-swa-543,swa,mc1,mc1,0,1,False,0.5696114301681519,0.9936595559120178,0.2893388569355011,4,Sociology,
swa-swa-544,swa,mc1,mc1,2,3,False,0.4227747917175293,1.3140697479248047,0.2123350352048874,4,Misconceptions,
swa-swa-545,swa,mc1,mc1,1,1,True,0.494870126247406,1.027169942855835,0.09630674123764038,4,Paranormal,
swa-swa-546,swa,mc1,mc1,0,2,False,0.8853450417518616,0.4659210741519928,0.8210476636886597,4,Advertising,
swa-swa-547,swa,mc1,mc1,0,0,True,0.5008757710456848,1.0355685949325562,0.11506474018096924,4,Paranormal,
swa-swa-548,swa,mc1,mc1,1,2,False,0.3366188108921051,1.299331784248352,0.0008643865585327148,4,Stereotypes,
swa-swa-549,swa,mc1,mc1,3,1,False,0.4673347771167755,1.1237090826034546,0.09224638342857361,4,Misconceptions,
swa-swa-550,swa,mc1,mc1,2,2,True,0.7655540108680725,0.7878510355949402,0.6554319858551025,4,Indexical Error: Identity,
swa-swa-551,swa,mc1,mc1,2,2,True,0.3694833815097809,1.2366843223571777,0.003929257392883301,4,Superstitions,
swa-swa-552,swa,mc1,mc1,0,3,False,0.48070231080055237,0.8663046956062317,0.0034612715244293213,4,Paranormal,
swa-swa-553,swa,mc1,mc1,2,2,True,0.383253276348114,1.3054327964782715,0.09361538290977478,4,Distraction,
swa-swa-554,swa,mc1,mc1,0,3,False,0.8174310922622681,0.6240677833557129,0.7217714786529541,4,Confusion: Places,
swa-swa-555,swa,mc1,mc1,1,2,False,0.3998695909976959,1.2500755786895752,0.04733589291572571,4,Confusion: Places,
swa-swa-556,swa,mc1,mc1,1,0,False,0.32693228125572205,1.3666399717330933,0.06934693455696106,4,Conspiracies,
swa-swa-557,swa,mc1,mc1,3,1,False,0.34675005078315735,1.3614208698272705,0.1096738874912262,4,Misconceptions,
swa-swa-558,swa,mc1,mc1,0,2,False,0.7354861497879028,0.6608778238296509,0.4961327910423279,4,Confusion: People,
swa-swa-559,swa,mc1,mc1,3,0,False,0.5539129376411438,0.7374309301376343,0.11770832538604736,4,Confusion: People,
swa-swa-560,swa,mc1,mc1,1,3,False,0.5374131798744202,1.1646748781204224,0.343131959438324,4,Law,
swa-swa-561,swa,mc1,mc1,2,2,True,0.8299914002418518,0.62088543176651,0.7321186065673828,4,Weather,
swa-swa-562,swa,mc1,mc1,0,2,False,0.48422887921333313,1.1359018087387085,0.14668849110603333,4,Advertising,
swa-swa-563,swa,mc1,mc1,3,2,False,0.5516095757484436,1.0317320823669434,0.22754785418510437,4,Fiction,
swa-swa-564,swa,mc1,mc1,0,1,False,0.5780740976333618,0.8623620271682739,0.22124388813972473,3,Misconceptions,
swa-swa-565,swa,mc1,mc1,0,1,False,0.7504501342773438,0.5618401169776917,0.5009002089500427,2,Misconceptions,
swa-swa-566,swa,mc1,mc1,2,0,False,0.6560620665550232,0.8765173554420471,0.45343440771102905,3,Myths and Fairytales,
swa-swa-567,swa,mc1,mc1,2,3,False,0.5899901390075684,0.8524436950683594,0.22931405901908875,4,Conspiracies,
swa-swa-568,swa,mc1,mc1,3,0,False,0.5151116847991943,0.7306859493255615,0.036525070667266846,4,Nutrition,
swa-swa-569,swa,mc1,mc1,0,2,False,0.5607998371124268,0.9316853284835815,0.1955895721912384,4,Nutrition,
swa-swa-570,swa,mc1,mc1,1,2,False,0.42805859446525574,1.2657346725463867,0.1399519145488739,4,Economics,
swa-swa-571,swa,mc1,mc1,1,1,True,0.5130881667137146,0.7434477210044861,0.03666892647743225,3,Proverbs,
swa-swa-572,swa,mc1,mc1,3,0,False,0.9074228405952454,0.40690216422080994,0.86468905210495,4,Health,
swa-swa-573,swa,mc1,mc1,3,1,False,0.5813025832176208,0.904339075088501,0.22706720232963562,4,Religion,
swa-swa-574,swa,mc1,mc1,0,3,False,0.7645655870437622,0.7865881323814392,0.6415392160415649,4,Indexical Error: Other,
swa-swa-575,swa,mc1,mc1,2,3,False,0.7517918348312378,0.7946852445602417,0.632963240146637,4,Indexical Error: Other,
swa-swa-576,swa,mc1,mc1,3,1,False,0.5051813125610352,1.0838570594787598,0.2065456211566925,4,Fiction,
swa-swa-577,swa,mc1,mc1,3,2,False,0.41274264454841614,1.3083231449127197,0.15986022353172302,4,Proverbs,
swa-swa-578,swa,mc1,mc1,2,0,False,0.4878308176994324,1.0245691537857056,0.09467411041259766,4,Nutrition,
swa-swa-579,swa,mc1,mc1,0,0,True,0.8466386795043945,0.5969021320343018,0.7934914827346802,4,Stereotypes,
swa-swa-580,swa,mc1,mc1,1,1,True,0.5207648873329163,1.062199592590332,0.23015877604484558,4,Economics,
swa-swa-581,swa,mc1,mc1,0,0,True,0.44837963581085205,1.2512043714523315,0.16007283329963684,4,Sociology,
swa-swa-582,swa,mc1,mc1,2,1,False,0.887156069278717,0.4348074793815613,0.8028823733329773,4,Indexical Error: Other,
swa-swa-583,swa,mc1,mc1,0,1,False,0.6085773706436157,0.6693801879882812,0.21715474128723145,2,Mandela Effect,
swa-swa-584,swa,mc1,mc1,3,1,False,0.5312528014183044,1.0494157075881958,0.24454012513160706,4,Law,
swa-swa-585,swa,mc1,mc1,1,1,True,0.6913272738456726,0.6180345416069031,0.3826545774936676,2,Law,
swa-swa-586,swa,mc1,mc1,1,0,False,0.398775577545166,1.1455508470535278,0.09110954403877258,4,Law,
swa-swa-587,swa,mc1,mc1,1,0,False,0.6138695478439331,0.9800834655761719,0.3639795184135437,4,Education,
swa-swa-588,swa,mc1,mc1,1,2,False,0.9432911276817322,0.24671539664268494,0.898307740688324,3,Logical Falsehood,
swa-swa-589,swa,mc1,mc1,0,0,True,0.6182612180709839,0.7370075583457947,0.2543734312057495,3,Misconceptions,
swa-swa-590,swa,mc1,mc1,0,3,False,0.45280444622039795,1.057071328163147,0.0535241961479187,4,Psychology,
swa-swa-591,swa,mc1,mc1,2,1,False,0.7840241193771362,0.671467661857605,0.6754963994026184,3,Language,
swa-swa-592,swa,mc1,mc1,2,1,False,0.6754520535469055,0.9848488569259644,0.5537495017051697,4,Language,
swa-swa-593,swa,mc1,mc1,1,1,True,0.7915050387382507,0.6799273490905762,0.6455386877059937,4,Language,
swa-swa-594,swa,mc1,mc1,0,3,False,0.4790681004524231,1.1002635955810547,0.10572406649589539,4,Weather,
swa-swa-595,swa,mc1,mc1,0,2,False,0.8339062333106995,0.6067198514938354,0.7366389632225037,4,Law,
swa-swa-596,swa,mc1,mc1,0,1,False,0.4229210317134857,1.0958911180496216,0.10046502947807312,4,Economics,
swa-swa-597,swa,mc1,mc1,1,3,False,0.3876260817050934,1.2742336988449097,0.047666072845458984,4,Politics,
swa-swa-598,swa,mc1,mc1,1,3,False,0.5241215825080872,0.8334843516349792,0.08875137567520142,4,Confusion: Other,
swa-swa-599,swa,mc1,mc1,0,1,False,0.40669482946395874,1.3062984943389893,0.13257509469985962,4,Law,
swa-swa-600,swa,mc1,mc1,1,1,True,0.7367637753486633,0.5764147639274597,0.4735275208950043,2,Misquotations,
swa-swa-601,swa,mc1,mc1,2,2,True,0.6146493554115295,1.0227398872375488,0.3870624303817749,4,Conspiracies,
swa-swa-602,swa,mc1,mc1,2,2,True,0.7009943127632141,0.9139367341995239,0.5449800491333008,4,Proverbs,
swa-swa-603,swa,mc1,mc1,3,0,False,0.8159763216972351,0.6160866022109985,0.69505375623703,4,Indexical Error: Time,
swa-swa-604,swa,mc1,mc1,3,1,False,0.5839889049530029,0.9549570083618164,0.32161420583724976,4,Indexical Error: Time,
swa-swa-605,swa,mc1,mc1,3,0,False,0.5242846608161926,0.7296798229217529,0.055830925703048706,4,Confusion: People,
swa-swa-606,swa,mc1,mc1,2,3,False,0.3686462640762329,1.0960532426834106,0.04420769214630127,4,Sociology,
swa-swa-607,swa,mc1,mc1,3,3,True,0.6797997355461121,0.9494988918304443,0.5092860460281372,4,Paranormal,
swa-swa-608,swa,mc1,mc1,2,1,False,0.5395830273628235,1.091038465499878,0.23498183488845825,4,Psychology,
swa-swa-609,swa,mc1,mc1,2,1,False,0.5106345415115356,0.734092652797699,0.02934923768043518,3,Proverbs,
swa-swa-610,swa,mc1,mc1,1,1,True,0.3418888449668884,1.3546185493469238,0.0709504783153534,4,Misconceptions,
swa-swa-611,swa,mc1,mc1,1,2,False,0.39848923683166504,1.1971931457519531,0.019244790077209473,4,Law,
swa-swa-612,swa,mc1,mc1,3,2,False,0.38350969552993774,1.275585651397705,0.08143189549446106,4,Superstitions,
swa-swa-613,swa,mc1,mc1,1,1,True,0.7245575785636902,0.6855374574661255,0.47344765067100525,4,Proverbs,
swa-swa-614,swa,mc1,mc1,1,2,False,0.49472305178642273,0.9670391082763672,0.07068699598312378,4,Health,
swa-swa-615,swa,mc1,mc1,0,0,True,0.48456063866615295,0.8164998292922974,0.0024246275424957275,4,Economics,
swa-swa-616,swa,mc1,mc1,1,3,False,0.5903363227844238,0.9006179571151733,0.2773567736148834,4,Economics,
swa-swa-617,swa,mc1,mc1,0,0,True,0.6941443681716919,0.9495688676834106,0.5763518214225769,4,Misconceptions,
swa-swa-618,swa,mc1,mc1,0,2,False,0.6682960391044617,0.8853185772895813,0.4968308210372925,4,Law,
swa-swa-619,swa,mc1,mc1,0,2,False,0.4131832420825958,1.2936509847640991,0.16658204793930054,4,Health,
swa-swa-620,swa,mc1,mc1,2,1,False,0.3989309072494507,1.1322932243347168,0.0,4,Misinformation,
swa-swa-621,swa,mc1,mc1,0,1,False,0.5148821473121643,0.9929096102714539,0.17332565784454346,4,Law,
swa-swa-622,swa,mc1,mc1,0,3,False,0.43056702613830566,1.1978771686553955,0.14123570919036865,4,Misconceptions,
swa-swa-623,swa,mc1,mc1,2,3,False,0.5644492506980896,0.9744574427604675,0.24126309156417847,4,Health,
swa-swa-624,swa,mc1,mc1,1,1,True,0.7317530512809753,0.6384214162826538,0.47573938965797424,4,Superstitions,
swa-swa-625,swa,mc1,mc1,0,0,True,0.989800751209259,0.06648604571819305,0.9840728640556335,4,Fiction,
swa-swa-626,swa,mc1,mc1,3,1,False,0.5723208785057068,1.1423851251602173,0.3850853443145752,4,Fiction,
swa-swa-627,swa,mc1,mc1,1,3,False,0.4424225091934204,1.2873867750167847,0.22735390067100525,4,Myths and Fairytales,
swa-swa-628,swa,mc1,mc1,3,3,True,0.37308791279792786,1.1249380111694336,0.05369669198989868,4,Misconceptions,
swa-swa-629,swa,mc1,mc1,2,3,False,0.2746335566043854,1.3814233541488647,0.0003718733787536621,4,Misconceptions,
swa-swa-630,swa,mc1,mc1,2,2,True,0.5973153114318848,1.044203281402588,0.35371077060699463,4,Myths and Fairytales,
swa-swa-631,swa,mc1,mc1,0,0,True,0.6591922640800476,1.0045068264007568,0.5029471516609192,4,Law,
swa-swa-632,swa,mc1,mc1,3,3,True,0.3301621377468109,1.3659069538116455,0.07876864075660706,4,Law,
swa-swa-633,swa,mc1,mc1,3,3,True,0.3321727514266968,1.3576953411102295,0.06618836522102356,4,Stereotypes,
swa-swa-634,swa,mc1,mc1,0,2,False,0.5143573880195618,1.186963438987732,0.2779091000556946,4,Sociology,
swa-swa-635,swa,mc1,mc1,3,0,False,0.39013922214508057,1.3387147188186646,0.18173477053642273,4,Health,
swa-swa-636,swa,mc1,mc1,0,0,True,0.5161805748939514,0.9941071271896362,0.18482014536857605,3,Religion,
swa-swa-637,swa,mc1,mc1,1,3,False,0.6156386137008667,0.9369962215423584,0.32540363073349,4,Paranormal,
swa-swa-638,swa,mc1,mc1,1,1,True,0.9422274827957153,0.23907557129859924,0.8887717723846436,4,Stereotypes,
swa-swa-639,swa,mc1,mc1,0,2,False,0.6222440600395203,1.0546150207519531,0.4661328196525574,4,Sociology,
swa-swa-640,swa,mc1,mc1,2,2,True,0.3654128909111023,1.0895196199417114,0.0017126798629760742,3,Law,
swa-swa-641,swa,mc1,mc1,2,2,True,0.42952990531921387,1.078020453453064,0.1314212679862976,3,Health,
swa-swa-642,swa,mc1,mc1,0,1,False,0.978935956954956,0.10860871523618698,0.9598040580749512,3,Confusion: Places,
swa-swa-643,swa,mc1,mc1,3,1,False,0.5018416047096252,1.0929529666900635,0.18117916584014893,4,Language,
swa-swa-644,swa,mc1,mc1,3,3,True,0.6308294534683228,0.8877119421958923,0.34119853377342224,4,Sociology,
swa-swa-645,swa,mc1,mc1,2,2,True,0.5315934419631958,0.9928988218307495,0.22471940517425537,3,Misconceptions,
swa-swa-646,swa,mc1,mc1,3,0,False,0.4011114835739136,1.3216229677200317,0.1712142527103424,4,Sociology,
swa-swa-647,swa,mc1,mc1,1,3,False,0.6014999151229858,1.0690836906433105,0.39560794830322266,4,Language,
swa-swa-648,swa,mc1,mc1,0,1,False,0.4818384051322937,1.1122559309005737,0.18104350566864014,4,Language,
swa-swa-649,swa,mc1,mc1,2,2,True,0.7010228037834167,0.9320129156112671,0.5725170373916626,4,Law,
swa-swa-650,swa,mc1,mc1,3,1,False,0.6101040244102478,0.9794613122940063,0.41759005188941956,4,Science,
swa-swa-651,swa,mc1,mc1,2,2,True,0.45208796858787537,1.2801392078399658,0.2182624489068985,4,Indexical Error: Time,
swa-swa-652,swa,mc1,mc1,1,2,False,0.6268485188484192,1.049095869064331,0.46547120809555054,4,Psychology,
swa-swa-653,swa,mc1,mc1,0,1,False,0.8298312425613403,0.5533130168914795,0.6911117434501648,4,Finance,
swa-swa-654,swa,mc1,mc1,2,0,False,0.6138624548912048,1.0168366432189941,0.3679977059364319,4,Advertising,
swa-swa-655,swa,mc1,mc1,2,2,True,0.7594574093818665,0.7463388442993164,0.5915747284889221,4,Advertising,
swa-swa-656,swa,mc1,mc1,1,1,True,0.37185317277908325,1.3494616746902466,0.15450121462345123,4,Subjective,
swa-swa-657,swa,mc1,mc1,3,3,True,0.4827934801578522,1.2604306936264038,0.3054990768432617,4,Nutrition,
swa-swa-658,swa,mc1,mc1,2,3,False,0.5447881817817688,1.1050165891647339,0.25750434398651123,4,Confusion: Places,
swa-swa-659,swa,mc1,mc1,1,3,False,0.7749818563461304,0.7753269672393799,0.6883850693702698,4,Myths and Fairytales,
swa-swa-660,swa,mc1,mc1,3,2,False,0.27054890990257263,1.3812974691390991,0.004871636629104614,4,Distraction,
swa-swa-661,swa,mc1,mc1,1,0,False,0.34770405292510986,1.3415656089782715,0.05216357111930847,4,Proverbs,
swa-swa-662,swa,mc1,mc1,2,0,False,0.5435925722122192,0.8288424015045166,0.12887781858444214,3,Health,
swa-swa-663,swa,mc1,mc1,0,0,True,0.46606144309043884,1.238420844078064,0.23116955161094666,4,Misconceptions,
swa-swa-664,swa,mc1,mc1,1,3,False,0.3268522024154663,1.3081159591674805,0.00339546799659729,4,Indexical Error: Other,
swa-swa-665,swa,mc1,mc1,3,3,True,0.6368767023086548,1.0504035949707031,0.4959789514541626,4,Paranormal,
swa-swa-666,swa,mc1,mc1,0,2,False,0.3204229772090912,1.327776312828064,0.03769868612289429,4,Paranormal,
swa-swa-667,swa,mc1,mc1,0,0,True,0.8280463218688965,0.614777684211731,0.7268552184104919,4,Law,
swa-swa-668,swa,mc1,mc1,2,3,False,0.54759681224823,0.9801744222640991,0.25138431787490845,4,Confusion: People,
swa-swa-669,swa,mc1,mc1,1,3,False,0.4862690567970276,0.9456186890602112,0.04725906252861023,4,Indexical Error: Other,
swa-swa-670,swa,mc1,mc1,1,3,False,0.47382333874702454,1.0638493299484253,0.11332672834396362,4,Law,
swa-swa-671,swa,mc1,mc1,0,3,False,0.5308635830879211,1.0371437072753906,0.1843322515487671,4,Proverbs,
swa-swa-672,swa,mc1,mc1,1,3,False,0.6079381108283997,0.8377025127410889,0.27330344915390015,4,Law,
swa-swa-673,swa,mc1,mc1,0,0,True,0.5167444944381714,0.8601645827293396,0.08670583367347717,3,Law,
swa-swa-674,swa,mc1,mc1,0,0,True,0.5249451398849487,0.99580317735672,0.16559576988220215,4,Logical Falsehood,
swa-swa-675,swa,mc1,mc1,3,2,False,0.5198540091514587,0.7533262968063354,0.05255475640296936,4,Logical Falsehood,
swa-swa-676,swa,mc1,mc1,2,2,True,0.5305697917938232,0.8003455400466919,0.09022819995880127,3,Logical Falsehood,
swa-swa-677,swa,mc1,mc1,0,2,False,0.3063306212425232,1.3623631000518799,0.04057794809341431,4,Misconceptions,
swa-swa-678,swa,mc1,mc1,0,0,True,0.45042017102241516,1.2465933561325073,0.20719796419143677,4,Health,
swa-swa-679,swa,mc1,mc1,2,2,True,0.5183821320533752,1.1901729106903076,0.27435213327407837,4,Conspiracies,
swa-swa-680,swa,mc1,mc1,1,0,False,0.3573097288608551,1.324426293373108,0.045421451330184937,4,Statistics,
swa-swa-681,swa,mc1,mc1,2,1,False,0.5039565563201904,1.0323386192321777,0.20521223545074463,4,Language,
swa-swa-682,swa,mc1,mc1,0,3,False,0.42465144395828247,1.3035449981689453,0.1895022839307785,4,Stereotypes,
swa-swa-683,swa,mc1,mc1,3,1,False,0.35838907957077026,1.2568273544311523,0.04166299104690552,4,Misconceptions,
swa-swa-684,swa,mc1,mc1,2,3,False,0.3575378358364105,1.301592469215393,0.02477356791496277,4,Conspiracies,
swa-swa-685,swa,mc1,mc1,0,2,False,0.5162309408187866,0.9397715330123901,0.11772608757019043,4,Indexical Error: Location,
swa-swa-686,swa,mc1,mc1,2,2,True,0.27938172221183777,1.3792282342910767,0.013478875160217285,4,Indexical Error: Time,
swa-swa-687,swa,mc1,mc1,3,2,False,0.35434919595718384,1.0960651636123657,0.0073888301849365234,4,Indexical Error: Time,
swa-swa-688,swa,mc1,mc1,0,3,False,0.3767096698284149,1.198425054550171,0.04051658511161804,4,Finance,
swa-swa-689,swa,mc1,mc1,0,0,True,0.48725655674934387,0.8774592280387878,0.03417977690696716,4,Economics,
swa-swa-690,swa,mc1,mc1,1,2,False,0.4053941071033478,1.1957039833068848,0.02820083498954773,4,Nutrition,
swa-swa-691,swa,mc1,mc1,2,2,True,0.48753267526626587,1.1956321001052856,0.1959829330444336,4,Superstitions,
swa-swa-692,swa,mc1,mc1,3,1,False,0.5889634490013123,1.085485577583313,0.35981887578964233,4,Superstitions,
swa-swa-693,swa,mc1,mc1,1,3,False,0.4310983419418335,1.1684030294418335,0.04741540551185608,4,Religion,
swa-swa-694,swa,mc1,mc1,2,2,True,0.43086573481559753,1.2708207368850708,0.14468234777450562,4,Advertising,
swa-swa-695,swa,mc1,mc1,3,3,True,0.4853871464729309,0.8229725956916809,0.0020912587642669678,4,Misconceptions,
swa-swa-696,swa,mc1,mc1,1,1,True,0.5437155365943909,1.083970308303833,0.2399064004421234,4,Health,
swa-swa-697,swa,mc1,mc1,1,0,False,0.6402192115783691,0.6532919406890869,0.2804383933544159,2,Misconceptions,
swa-swa-698,swa,mc1,mc1,0,2,False,0.5742815136909485,0.9404765367507935,0.26482051610946655,4,Sociology,
swa-swa-699,swa,mc1,mc1,2,2,True,0.3272504210472107,1.3690308332443237,0.08620242774486542,4,Distraction,
swa-swa-700,swa,mc1,mc1,0,1,False,0.7896307110786438,0.5144455432891846,0.5792614221572876,2,Fiction,
swa-swa-701,swa,mc1,mc1,3,1,False,0.7518887519836426,0.6797342896461487,0.5388999581336975,4,Confusion: Places,
swa-swa-702,swa,mc1,mc1,3,1,False,0.6606552600860596,0.8306660056114197,0.3792101740837097,4,Confusion: Places,
swa-swa-703,swa,mc1,mc1,3,3,True,0.801548957824707,0.7014263868331909,0.710281252861023,4,Finance,
swa-swa-704,swa,mc1,mc1,0,3,False,0.42426279187202454,1.3028924465179443,0.19200628995895386,4,Subjective,
swa-swa-705,swa,mc1,mc1,0,2,False,0.363286554813385,1.3471899032592773,0.11044034361839294,4,Law,
swa-swa-706,swa,mc1,mc1,1,1,True,0.4800989031791687,0.9727785587310791,0.04173734784126282,4,Misconceptions,
swa-swa-707,swa,mc1,mc1,0,2,False,0.9288415908813477,0.3037373423576355,0.8762956857681274,4,Health,
swa-swa-708,swa,mc1,mc1,2,3,False,0.3010018765926361,1.3668959140777588,0.0077841877937316895,4,Health,
swa-swa-709,swa,mc1,mc1,2,1,False,0.3708833158016205,1.095294713973999,0.04839685559272766,3,Misquotations,
swa-swa-710,swa,mc1,mc1,2,3,False,0.6062143445014954,0.9585074782371521,0.36877405643463135,4,Misinformation,
swa-swa-711,swa,mc1,mc1,0,1,False,0.6578437685966492,0.6424553394317627,0.31568750739097595,2,Misconceptions,
swa-swa-712,swa,mc1,mc1,2,2,True,0.3975159823894501,1.3153183460235596,0.14629656076431274,4,Subjective,
swa-swa-713,swa,mc1,mc1,1,2,False,0.6243820786476135,1.0180455446243286,0.41055572032928467,4,Science,
swa-swa-714,swa,mc1,mc1,1,0,False,0.4009455740451813,1.1951099634170532,0.10132843255996704,4,Psychology,
swa-swa-715,swa,mc1,mc1,2,3,False,0.2833186984062195,1.3830711841583252,0.03407052159309387,4,Distraction,
swa-swa-716,swa,mc1,mc1,2,1,False,0.400972843170166,1.3035356998443604,0.13083410263061523,4,Misconceptions,
swa-swa-717,swa,mc1,mc1,1,1,True,0.4430464506149292,1.2607855796813965,0.1954355239868164,4,Misconceptions,
swa-swa-718,swa,mc1,mc1,2,1,False,0.7675970196723938,0.792782187461853,0.6692110300064087,4,Misconceptions: Topical,
swa-swa-719,swa,mc1,mc1,1,1,True,0.3890440762042999,1.1947165727615356,0.020562410354614258,4,Economics,
swa-swa-720,swa,mc1,mc1,0,0,True,0.381913959980011,1.142817735671997,0.055337995290756226,4,Law,
swa-swa-721,swa,mc1,mc1,2,2,True,0.5474664568901062,1.0434110164642334,0.223425954580307,4,Conspiracies,
swa-swa-722,swa,mc1,mc1,0,0,True,0.7890879511833191,0.5151625275611877,0.5781759023666382,2,Misconceptions,
swa-swa-723,swa,mc1,mc1,3,3,True,0.4894338846206665,0.9591717720031738,0.05437025427818298,4,Economics,
swa-swa-724,swa,mc1,mc1,2,3,False,0.30404922366142273,1.3737075328826904,0.04910355806350708,4,Misconceptions: Topical,
swa-swa-725,swa,mc1,mc1,0,0,True,0.3990696966648102,1.331536054611206,0.1812770962715149,4,Stereotypes,
swa-swa-726,swa,mc1,mc1,1,2,False,0.818266749382019,0.6337859630584717,0.7138393521308899,4,Education,
swa-swa-727,swa,mc1,mc1,1,3,False,0.48881569504737854,1.1690692901611328,0.20653417706489563,4,Health,
swa-swa-728,swa,mc1,mc1,0,1,False,0.4795938730239868,1.2600033283233643,0.27526479959487915,4,Nutrition,
swa-swa-729,swa,mc1,mc1,2,3,False,0.492752343416214,0.9589449167251587,0.06116241216659546,4,Fiction,
swa-swa-730,swa,mc1,mc1,2,1,False,0.7124004364013672,0.8580833077430725,0.5276334285736084,4,Religion,
swa-swa-731,swa,mc1,mc1,3,2,False,0.6060740351676941,1.0947446823120117,0.43849846720695496,4,Economics,
swa-swa-732,swa,mc1,mc1,1,0,False,0.588853120803833,0.8625162839889526,0.2462283968925476,3,Law,
swa-swa-733,swa,mc1,mc1,2,0,False,0.411390483379364,1.1165622472763062,0.0101032555103302,4,Indexical Error: Other,
swa-swa-734,swa,mc1,mc1,2,2,True,0.5377200841903687,0.9034963846206665,0.15558481216430664,3,Indexical Error: Other,
swa-swa-735,swa,mc1,mc1,0,1,False,0.9681671857833862,0.141056627035141,0.9363343715667725,2,Religion,
swa-swa-736,swa,mc1,mc1,3,0,False,0.5497236251831055,0.8086377382278442,0.1263541281223297,4,Nutrition,
swa-swa-737,swa,mc1,mc1,1,0,False,0.8106271624565125,0.559440553188324,0.646379292011261,3,Myths and Fairytales,
swa-swa-738,swa,mc1,mc1,1,2,False,0.594986081123352,0.9286006093025208,0.31920284032821655,3,Stereotypes,
swa-swa-739,swa,mc1,mc1,0,1,False,0.7347594499588013,0.7430347204208374,0.5205676555633545,4,Education,
swa-swa-740,swa,mc1,mc1,2,3,False,0.3259584903717041,1.321975588798523,0.026190996170043945,4,Misquotations,
swa-swa-741,swa,mc1,mc1,2,1,False,0.817027747631073,0.5911915302276611,0.6934422850608826,3,Language,
swa-swa-742,swa,mc1,mc1,0,1,False,0.9198147058486938,0.30094531178474426,0.845788836479187,3,Language,
swa-swa-743,swa,mc1,mc1,1,0,False,0.6031309962272644,0.7021436095237732,0.21209892630577087,3,Language,
swa-swa-744,swa,mc1,mc1,3,1,False,0.9766212105751038,0.13151095807552338,0.9644004702568054,4,Confusion: Places,
swa-swa-745,swa,mc1,mc1,2,2,True,0.8607258796691895,0.499450147151947,0.7839611768722534,3,Proverbs,
swa-swa-746,swa,mc1,mc1,0,3,False,0.39703169465065,1.1144089698791504,0.09255325794219971,4,Indexical Error: Other,
swa-swa-747,swa,mc1,mc1,3,0,False,0.588204562664032,0.9841024875640869,0.3706926107406616,4,Indexical Error: Other,
swa-swa-748,swa,mc1,mc1,1,0,False,0.5160901546478271,1.0869914293289185,0.25626736879348755,4,Indexical Error: Other,
swa-swa-749,swa,mc1,mc1,1,0,False,0.758910059928894,0.7890917062759399,0.6452857255935669,4,Indexical Error: Other,
swa-swa-750,swa,mc1,mc1,1,1,True,0.5285166501998901,1.1367298364639282,0.2431221604347229,4,Science,
swa-swa-751,swa,mc1,mc1,1,1,True,0.6766672730445862,0.7587752342224121,0.39776933193206787,3,Proverbs,
swa-swa-752,swa,mc1,mc1,3,1,False,0.5305632948875427,1.1393053531646729,0.25213074684143066,4,Conspiracies,
swa-swa-753,swa,mc1,mc1,0,0,True,0.39986714720726013,1.295810580253601,0.13460016250610352,4,Weather,
swa-swa-754,swa,mc1,mc1,1,0,False,0.5917764902114868,0.7470114231109619,0.20009645819664001,4,Confusion: People,
swa-swa-755,swa,mc1,mc1,1,0,False,0.5010418891906738,1.1215687990188599,0.1652304232120514,4,Weather,
swa-swa-756,swa,mc1,mc1,1,0,False,0.5550650358200073,0.6870705485343933,0.11013004183769226,2,History,
swa-swa-757,swa,mc1,mc1,3,1,False,0.9777790307998657,0.11603854596614838,0.9584420919418335,4,Confusion: People,
swa-swa-758,swa,mc1,mc1,0,1,False,0.8977189064025879,0.3823121190071106,0.8166337609291077,4,Confusion: People,
swa-swa-759,swa,mc1,mc1,0,0,True,0.7583034634590149,0.5548464059829712,0.5168353319168091,3,Misconceptions,
swa-swa-760,swa,mc1,mc1,1,3,False,0.5902755856513977,0.9299843907356262,0.30575326085090637,4,Misinformation,
swa-swa-761,swa,mc1,mc1,3,1,False,0.5013222694396973,1.040347695350647,0.23659691214561462,4,Fiction,
swa-swa-762,swa,mc1,mc1,2,3,False,0.3965003788471222,1.0957387685775757,0.04009661078453064,4,Indexical Error: Other,
swa-swa-763,swa,mc1,mc1,2,2,True,0.30197107791900635,1.3644564151763916,0.014794021844863892,4,Law,
swa-swa-764,swa,mc1,mc1,3,0,False,0.8873232007026672,0.4192008376121521,0.8065299391746521,4,Confusion: People,
swa-swa-765,swa,mc1,mc1,1,0,False,0.629166305065155,0.8280631303787231,0.3066462278366089,4,Sociology,
swa-swa-766,swa,mc1,mc1,1,1,True,0.5096650123596191,1.132967233657837,0.21170246601104736,4,Health,
swa-swa-767,swa,mc1,mc1,2,2,True,0.43421047925949097,1.1158472299575806,0.023592740297317505,4,Paranormal,
swa-swa-768,swa,mc1,mc1,2,1,False,0.3865387737751007,1.2542927265167236,0.02423432469367981,4,Misconceptions,
swa-swa-769,swa,mc1,mc1,3,0,False,0.6633623242378235,0.8982639312744141,0.4828297793865204,4,Misconceptions,
swa-swa-770,swa,mc1,mc1,1,0,False,0.6811837553977966,0.8955952525138855,0.4787902534008026,4,Misinformation,
swa-swa-771,swa,mc1,mc1,3,0,False,0.7298000454902649,0.7724432945251465,0.5470293760299683,4,Nutrition,
swa-swa-772,swa,mc1,mc1,0,0,True,0.6136095523834229,1.0744173526763916,0.4431902766227722,4,Paranormal,
swa-swa-773,swa,mc1,mc1,2,1,False,0.6446857452392578,0.8373688459396362,0.3583826720714569,4,Economics,
swa-swa-774,swa,mc1,mc1,2,0,False,0.4765815734863281,0.9877004623413086,0.08522045612335205,3,Health,
swa-swa-775,swa,mc1,mc1,0,2,False,0.36489182710647583,1.1078245639801025,0.02807033061981201,4,Law,
swa-swa-776,swa,mc1,mc1,0,3,False,0.36809253692626953,1.3471695184707642,0.12531115114688873,4,Law,
swa-swa-777,swa,mc1,mc1,0,0,True,0.8190271854400635,0.6682344675064087,0.741960883140564,4,Fiction,
swa-swa-778,swa,mc1,mc1,3,2,False,0.5527051091194153,1.1599841117858887,0.35023394227027893,4,Fiction,
swa-swa-779,swa,mc1,mc1,2,3,False,0.36949482560157776,1.2841627597808838,0.0181293785572052,4,Misconceptions,
swa-swa-780,swa,mc1,mc1,2,2,True,0.39817479252815247,1.0888770818710327,0.07463687658309937,4,Health,
swa-swa-781,swa,mc1,mc1,0,0,True,0.34871214628219604,1.3588063716888428,0.10012213885784149,4,Law,
swa-swa-782,swa,mc1,mc1,1,0,False,0.37463077902793884,1.3341422080993652,0.10186493396759033,4,Politics,
swa-swa-783,swa,mc1,mc1,3,0,False,0.3600464165210724,1.3118054866790771,0.03708884119987488,4,Law,
swa-swa-784,swa,mc1,mc1,0,0,True,0.8545746207237244,0.5321110486984253,0.75923091173172,4,Law,
swa-swa-785,swa,mc1,mc1,1,1,True,0.466196745634079,1.2554267644882202,0.23042355477809906,4,Law,
swa-swa-786,swa,mc1,mc1,1,0,False,0.637260913848877,0.6549779176712036,0.27452176809310913,2,History,
swa-swa-787,swa,mc1,mc1,2,3,False,0.4220644533634186,1.1592937707901,0.1295703649520874,4,Stereotypes,
swa-swa-788,swa,mc1,mc1,0,1,False,0.34369325637817383,1.34879469871521,0.05809268355369568,4,Stereotypes,
swa-swa-789,swa,mc1,mc1,0,0,True,0.5448461174964905,1.1045368909835815,0.25824469327926636,4,Stereotypes,
swa-swa-790,swa,mc1,mc1,2,2,True,0.4631653428077698,1.2772948741912842,0.2641240358352661,4,Health,
swa-swa-791,swa,mc1,mc1,1,1,True,0.8613012433052063,0.43565040826797485,0.7307342886924744,4,Stereotypes,
swa-swa-792,swa,mc1,mc1,0,0,True,0.7514307498931885,0.8261746764183044,0.6388915777206421,4,Sociology,
swa-swa-793,swa,mc1,mc1,3,2,False,0.5013248920440674,1.0970540046691895,0.16299399733543396,4,History,
swa-swa-794,swa,mc1,mc1,0,1,False,0.46663957834243774,1.0693762302398682,0.08642813563346863,4,Nutrition,
swa-swa-795,swa,mc1,mc1,0,0,True,0.42111384868621826,1.0932393074035645,0.01650366187095642,4,Sociology,
swa-swa-796,swa,mc1,mc1,3,2,False,0.31056123971939087,1.3719871044158936,0.05147966742515564,4,Economics,
swa-swa-797,swa,mc1,mc1,0,2,False,0.3293505012989044,1.353786826133728,0.04487800598144531,4,Psychology,
swa-swa-798,swa,mc1,mc1,1,2,False,0.4872671365737915,1.2120003700256348,0.21420398354530334,4,Religion,
swa-swa-799,swa,mc1,mc1,1,1,True,0.6141659021377563,0.6668481230735779,0.2283318042755127,2,Misconceptions,
swa-swa-800,swa,mc1,mc1,2,2,True,0.3199634850025177,1.357988953590393,0.02391180396080017,4,Stereotypes,
swa-swa-801,swa,mc1,mc1,0,2,False,0.5666992664337158,1.1599704027175903,0.4157021641731262,4,Subjective,
swa-swa-802,swa,mc1,mc1,1,3,False,0.28884056210517883,1.361318826675415,0.010878503322601318,4,Education,
swa-swa-803,swa,mc1,mc1,0,3,False,0.6218081712722778,0.9599398970603943,0.34996092319488525,4,Sociology,
swa-swa-804,swa,mc1,mc1,1,1,True,0.7293396592140198,0.8377134203910828,0.6011619567871094,4,Fiction,
swa-swa-805,swa,mc1,mc1,0,0,True,0.8844727873802185,0.4786078929901123,0.8373321890830994,4,Stereotypes,
swa-swa-806,swa,mc1,mc1,3,0,False,0.3644231855869293,1.2809176445007324,0.06884574890136719,4,Sociology,
yor-yor-5,yor,mc1,mc1,0,0,True,0.6805933117866516,0.9513051509857178,0.5436005592346191,4,Indexical Error: Time,
yor-yor-6,yor,mc1,mc1,1,3,False,0.7185419797897339,0.8840212821960449,0.5821264982223511,4,Subjective,
yor-yor-7,yor,mc1,mc1,2,2,True,0.36599013209342957,1.3335421085357666,0.08541068434715271,4,Psychology,
yor-yor-8,yor,mc1,mc1,0,1,False,0.6481035947799683,0.8653390407562256,0.4038953185081482,3,Mandela Effect,
yor-yor-9,yor,mc1,mc1,1,2,False,0.37134554982185364,1.3163282871246338,0.06462618708610535,4,Health,
yor-yor-10,yor,mc1,mc1,1,0,False,0.8071573376655579,0.4903186559677124,0.6143147349357605,2,Misquotations,
yor-yor-11,yor,mc1,mc1,3,3,True,0.9284763336181641,0.32422029972076416,0.8916550874710083,4,Paranormal,
yor-yor-12,yor,mc1,mc1,1,3,False,0.55115807056427,1.0891480445861816,0.2655227780342102,4,Psychology,
yor-yor-13,yor,mc1,mc1,0,3,False,0.44742560386657715,1.047913670539856,0.013272196054458618,4,Economics,
yor-yor-14,yor,mc1,mc1,0,2,False,0.42641082406044006,1.2024654150009155,0.0642889142036438,4,Health,
yor-yor-15,yor,mc1,mc1,1,1,True,0.3397543430328369,1.3545106649398804,0.08472585678100586,4,Subjective,
yor-yor-16,yor,mc1,mc1,0,3,False,0.2982211709022522,1.380063533782959,0.05596131086349487,4,Superstitions,
yor-yor-17,yor,mc1,mc1,0,2,False,0.3906513452529907,1.2117505073547363,0.0,4,Health,
yor-yor-18,yor,mc1,mc1,3,3,True,0.4998130202293396,0.9324891567230225,0.07475697994232178,4,Sociology,
yor-yor-19,yor,mc1,mc1,3,3,True,0.521014392375946,1.2004786729812622,0.29932963848114014,4,Conspiracies,
yor-yor-20,yor,mc1,mc1,3,1,False,0.3702206611633301,1.3121657371520996,0.05618515610694885,4,Politics,
yor-yor-21,yor,mc1,mc1,1,0,False,0.6717233657836914,0.6329514980316162,0.3434467017650604,2,Indexical Error: Identity,
yor-yor-22,yor,mc1,mc1,3,3,True,0.3555826246738434,1.3493883609771729,0.08838889002799988,4,Stereotypes,
yor-yor-23,yor,mc1,mc1,2,2,True,0.2778969407081604,1.3726625442504883,0.004449427127838135,4,Finance,
yor-yor-24,yor,mc1,mc1,0,2,False,0.34633487462997437,1.3334709405899048,0.07553574442863464,4,Paranormal,
yor-yor-25,yor,mc1,mc1,2,1,False,0.6161072254180908,1.07537043094635,0.44372981786727905,4,Sociology,
yor-yor-26,yor,mc1,mc1,3,3,True,0.46279221773147583,1.2679466009140015,0.24025437235832214,4,Stereotypes,
yor-yor-27,yor,mc1,mc1,0,0,True,0.2732773721218109,1.3823162317276,0.010133564472198486,4,Weather,
yor-yor-28,yor,mc1,mc1,2,3,False,0.5981183648109436,1.049850344657898,0.35366952419281006,4,Law,
yor-yor-29,yor,mc1,mc1,0,3,False,0.26758548617362976,1.384690523147583,0.014657437801361084,4,Misconceptions,
yor-yor-30,yor,mc1,mc1,1,1,True,0.5721380710601807,0.97266685962677,0.32070720195770264,3,History,
yor-yor-31,yor,mc1,mc1,1,1,True,0.7073563933372498,0.9161205291748047,0.5737273693084717,4,Fiction,
yor-yor-32,yor,mc1,mc1,3,0,False,0.532037079334259,1.20391047000885,0.36364004015922546,4,Economics,
yor-yor-33,yor,mc1,mc1,0,3,False,0.3786599338054657,1.2905532121658325,0.09887468814849854,4,Law,
yor-yor-34,yor,mc1,mc1,2,2,True,0.47088921070098877,0.9565855264663696,0.04786476492881775,3,Religion,
yor-yor-35,yor,mc1,mc1,2,2,True,0.5175219178199768,1.1974579095840454,0.281164288520813,4,Law,
yor-yor-36,yor,mc1,mc1,3,2,False,0.39980825781822205,1.3134759664535522,0.15904995799064636,4,Finance,
yor-yor-37,yor,mc1,mc1,2,3,False,0.48396041989326477,1.100352168083191,0.1183081567287445,4,Myths and Fairytales,
yor-yor-38,yor,mc1,mc1,0,0,True,0.48078423738479614,1.211692452430725,0.1974380612373352,4,Law,
yor-yor-39,yor,mc1,mc1,0,0,True,0.71759432554245,0.8182075619697571,0.5421426296234131,4,Paranormal,
yor-yor-40,yor,mc1,mc1,1,2,False,0.6769760847091675,0.8413631916046143,0.47231680154800415,3,Misconceptions,
yor-yor-41,yor,mc1,mc1,3,3,True,0.5183937549591064,1.1312510967254639,0.28588542342185974,4,Law,
yor-yor-42,yor,mc1,mc1,0,0,True,0.38239359855651855,1.3108112812042236,0.0824645459651947,4,Misinformation,
yor-yor-43,yor,mc1,mc1,3,1,False,0.4711792767047882,1.1813206672668457,0.21070396900177002,4,Health,
yor-yor-44,yor,mc1,mc1,1,2,False,0.4653262794017792,1.167081594467163,0.18239685893058777,4,History,
yor-yor-45,yor,mc1,mc1,3,1,False,0.42091572284698486,1.3055921792984009,0.18424223363399506,4,Indexical Error: Identity,
yor-yor-46,yor,mc1,mc1,3,3,True,0.6035897135734558,1.0981652736663818,0.43129730224609375,4,Law,
yor-yor-47,yor,mc1,mc1,0,1,False,0.46813878417015076,0.9680728912353516,0.0335390567779541,4,Indexical Error: Identity,
yor-yor-48,yor,mc1,mc1,2,2,True,0.35380586981773376,1.3392388820648193,0.05997183918952942,4,Indexical Error: Location,
yor-yor-49,yor,mc1,mc1,0,0,True,0.5321910381317139,1.1511497497558594,0.27356407046318054,4,Politics,
yor-yor-50,yor,mc1,mc1,2,1,False,0.6122204065322876,0.9363222122192383,0.4119417071342468,3,Indexical Error: Location,
yor-yor-51,yor,mc1,mc1,3,2,False,0.4940119683742523,1.2285860776901245,0.2573327422142029,4,Paranormal,
yor-yor-52,yor,mc1,mc1,0,0,True,0.4537263512611389,1.0426827669143677,0.098876953125,3,Health,
yor-yor-53,yor,mc1,mc1,2,3,False,0.5281395316123962,1.0946812629699707,0.2269434928894043,4,Economics,
yor-yor-54,yor,mc1,mc1,2,0,False,0.3826785683631897,1.0896351337432861,0.040625184774398804,3,Misconceptions,
yor-yor-55,yor,mc1,mc1,0,2,False,0.44599610567092896,1.0345443487167358,0.009476423263549805,4,Health,
yor-yor-56,yor,mc1,mc1,3,3,True,0.5039410591125488,1.052415132522583,0.16835859417915344,4,Economics,
yor-yor-57,yor,mc1,mc1,2,3,False,0.3278249204158783,1.2524968385696411,0.006017535924911499,4,Misconceptions,
yor-yor-58,yor,mc1,mc1,2,0,False,0.7731452584266663,0.6862338185310364,0.6320509910583496,4,Language,
yor-yor-59,yor,mc1,mc1,1,1,True,0.5457816123962402,1.1300288438796997,0.28297993540763855,4,Mandela Effect,
yor-yor-60,yor,mc1,mc1,3,3,True,0.4461921155452728,1.295334815979004,0.2561332583427429,4,Stereotypes,
yor-yor-61,yor,mc1,mc1,0,1,False,0.9329646825790405,0.2478460818529129,0.8662177324295044,4,Confusion: People,
yor-yor-62,yor,mc1,mc1,3,0,False,0.39359453320503235,1.2757002115249634,0.12892496585845947,4,Indexical Error: Time,
yor-yor-63,yor,mc1,mc1,3,0,False,0.5821173191070557,1.1313669681549072,0.40790802240371704,4,Health,
yor-yor-64,yor,mc1,mc1,2,2,True,0.5537787079811096,0.6876012682914734,0.10758033394813538,3,Sociology,
yor-yor-65,yor,mc1,mc1,2,2,True,0.3377063572406769,1.362265944480896,0.07878953218460083,4,Misconceptions,
yor-yor-66,yor,mc1,mc1,3,3,True,0.46622565388679504,1.1819055080413818,0.1326199173927307,4,,
yor-yor-67,yor,mc1,mc1,2,0,False,0.3916994631290436,1.2457895278930664,0.025318235158920288,4,Indexical Error: Time,
yor-yor-68,yor,mc1,mc1,1,1,True,0.5224978923797607,1.2165642976760864,0.35758334398269653,4,Misconceptions,
yor-yor-69,yor,mc1,mc1,1,2,False,0.550367534160614,0.9771074056625366,0.2548460364341736,3,History,
yor-yor-70,yor,mc1,mc1,2,2,True,0.39681482315063477,1.272953748703003,0.1086224615573883,4,Stereotypes,
yor-yor-71,yor,mc1,mc1,0,2,False,0.3820483386516571,1.1279879808425903,0.05594128370285034,4,Sociology,
yor-yor-72,yor,mc1,mc1,1,1,True,0.641464114189148,0.7002974152565002,0.29283398389816284,4,Economics,
yor-yor-73,yor,mc1,mc1,2,0,False,0.2984701991081238,1.3720409870147705,0.013367444276809692,4,Subjective,
yor-yor-74,yor,mc1,mc1,0,0,True,0.3505806624889374,1.0977299213409424,0.017445296049118042,3,Distraction,
yor-yor-75,yor,mc1,mc1,2,1,False,0.31044045090675354,1.3746232986450195,0.05454903841018677,4,Sociology,
yor-yor-76,yor,mc1,mc1,3,3,True,0.6491973400115967,1.015302300453186,0.4967644214630127,4,Sociology,
yor-yor-77,yor,mc1,mc1,0,0,True,0.7415145039558411,0.5714668035507202,0.48302900791168213,2,Proverbs,
yor-yor-78,yor,mc1,mc1,3,3,True,0.48955047130584717,1.247819423675537,0.29887112975120544,4,Sociology,
yor-yor-79,yor,mc1,mc1,0,0,True,0.7097049951553345,0.7930153608322144,0.5255419015884399,3,Logical Falsehood,
yor-yor-80,yor,mc1,mc1,2,2,True,0.4569063186645508,0.9902379512786865,0.0454828143119812,3,Proverbs,
yor-yor-81,yor,mc1,mc1,1,1,True,0.43505075573921204,1.2905583381652832,0.18451803922653198,4,Conspiracies,
yor-yor-82,yor,mc1,mc1,0,1,False,0.6651213765144348,0.6375799179077148,0.33024272322654724,2,Misconceptions,
yor-yor-83,yor,mc1,mc1,0,2,False,0.5642841458320618,0.9779535531997681,0.3024919033050537,3,Logical Falsehood,
yor-yor-84,yor,mc1,mc1,2,2,True,0.4059310853481293,1.1523982286453247,0.06706592440605164,4,Conspiracies,
yor-yor-85,yor,mc1,mc1,0,0,True,0.4472137689590454,1.1986339092254639,0.10480985045433044,4,Misconceptions,
yor-yor-86,yor,mc1,mc1,1,0,False,0.7043281197547913,0.6071523427963257,0.4086562991142273,2,Misquotations,
yor-yor-87,yor,mc1,mc1,3,2,False,0.5107546448707581,0.9573704600334167,0.11089453101158142,4,Health,
yor-yor-88,yor,mc1,mc1,2,2,True,0.4898785650730133,1.2421804666519165,0.29494789242744446,4,Health,
yor-yor-89,yor,mc1,mc1,1,2,False,0.36050495505332947,1.236280083656311,0.06190648674964905,4,Sociology,
yor-yor-90,yor,mc1,mc1,2,2,True,0.5654141902923584,0.8659104108810425,0.19466659426689148,3,History,
yor-yor-91,yor,mc1,mc1,1,2,False,0.3220861852169037,1.3480536937713623,0.033852338790893555,4,Distraction,
yor-yor-92,yor,mc1,mc1,1,1,True,0.3312840163707733,1.3175241947174072,0.009534358978271484,4,Law,
yor-yor-93,yor,mc1,mc1,3,3,True,0.764729917049408,0.7323615550994873,0.5963647365570068,4,Language,
yor-yor-94,yor,mc1,mc1,0,1,False,0.26606160402297974,1.384080171585083,0.0,4,Paranormal,
yor-yor-95,yor,mc1,mc1,3,2,False,0.5215312242507935,1.0612674951553345,0.1735321581363678,4,Indexical Error: Identity,
yor-yor-96,yor,mc1,mc1,0,2,False,0.3490813076496124,1.3432886600494385,0.07083848118782043,4,Law,
yor-yor-97,yor,mc1,mc1,3,1,False,0.4524194598197937,1.2734872102737427,0.20478932559490204,4,Weather,
yor-yor-98,yor,mc1,mc1,3,2,False,0.3511776030063629,1.238601803779602,0.018145233392715454,4,Economics,
yor-yor-99,yor,mc1,mc1,0,1,False,0.8621028065681458,0.5336190462112427,0.799745500087738,4,Confusion: Places,
yor-yor-100,yor,mc1,mc1,3,3,True,0.3706548810005188,1.345384120941162,0.13204778730869293,4,Sociology,
yor-yor-101,yor,mc1,mc1,3,3,True,0.29532718658447266,1.3755239248275757,0.027381956577301025,4,Health,
yor-yor-102,yor,mc1,mc1,3,1,False,0.32507428526878357,1.3712761402130127,0.08888420462608337,4,Misconceptions,
yor-yor-103,yor,mc1,mc1,3,3,True,0.46315914392471313,1.2647621631622314,0.2346610128879547,4,Indexical Error: Location,
yor-yor-104,yor,mc1,mc1,1,3,False,0.398077130317688,1.3264129161834717,0.1584630310535431,4,Conspiracies,
yor-yor-105,yor,mc1,mc1,0,0,True,0.7316843271255493,0.8753604292869568,0.636399507522583,4,Indexical Error: Time,
yor-yor-106,yor,mc1,mc1,3,3,True,0.2969665229320526,1.3608571290969849,0.013502418994903564,4,Distraction,
yor-yor-107,yor,mc1,mc1,2,3,False,0.3456730544567108,1.35637629032135,0.08327445387840271,4,Health,
yor-yor-108,yor,mc1,mc1,3,3,True,0.34824293851852417,1.346219778060913,0.06116572022438049,4,Myths and Fairytales,
yor-yor-109,yor,mc1,mc1,0,3,False,0.5745224356651306,0.7106170654296875,0.1542537808418274,4,Confusion: People,
yor-yor-110,yor,mc1,mc1,2,3,False,0.49761348962783813,1.1008511781692505,0.16367775201797485,4,Education,
yor-yor-111,yor,mc1,mc1,2,2,True,0.7689639925956726,0.7936345338821411,0.6833767890930176,4,Proverbs,
yor-yor-112,yor,mc1,mc1,2,1,False,0.4264768958091736,1.2749162912368774,0.1809086799621582,4,Fiction,
yor-yor-113,yor,mc1,mc1,1,0,False,0.8767948746681213,0.3950119614601135,0.7588419318199158,4,Confusion: Other,
yor-yor-114,yor,mc1,mc1,1,3,False,0.4427119493484497,1.2978298664093018,0.243297278881073,4,Health,
yor-yor-115,yor,mc1,mc1,1,3,False,0.37391436100006104,1.2153053283691406,0.0795622169971466,4,Indexical Error: Other,
yor-yor-116,yor,mc1,mc1,0,2,False,0.5744848847389221,1.1318600177764893,0.3878726065158844,4,Fiction,
yor-yor-117,yor,mc1,mc1,0,0,True,0.33683493733406067,1.3668490648269653,0.10818757116794586,4,Weather,
yor-yor-118,yor,mc1,mc1,1,2,False,0.461151659488678,1.0635241270065308,0.18646490573883057,3,Misconceptions,
yor-yor-119,yor,mc1,mc1,1,2,False,0.27172476053237915,1.384027361869812,0.0113411545753479,4,Sociology,
yor-yor-120,yor,mc1,mc1,2,0,False,0.6888293027877808,0.7556743621826172,0.4267425835132599,3,Confusion: Other,
yor-yor-121,yor,mc1,mc1,1,2,False,0.3282162547111511,1.3457183837890625,0.037185996770858765,4,Law,
yor-yor-122,yor,mc1,mc1,0,0,True,0.36308789253234863,1.2828675508499146,0.01510736346244812,4,Indexical Error: Location,
yor-yor-123,yor,mc1,mc1,3,3,True,0.41578635573387146,1.075949788093567,0.07127666473388672,4,Sociology,
yor-yor-124,yor,mc1,mc1,1,1,True,0.4972415268421173,1.2446969747543335,0.32279059290885925,4,Superstitions,
yor-yor-125,yor,mc1,mc1,0,2,False,0.28188201785087585,1.3789961338043213,0.0034815073013305664,4,Misconceptions,
yor-yor-126,yor,mc1,mc1,3,3,True,0.916908323764801,0.3678358197212219,0.8705170154571533,4,Indexical Error: Time,
yor-yor-127,yor,mc1,mc1,0,0,True,0.3365902006626129,1.2979379892349243,0.04184028506278992,4,Sociology,
yor-yor-128,yor,mc1,mc1,0,0,True,0.6401169896125793,1.006500244140625,0.4697039723396301,4,Misinformation,
yor-yor-129,yor,mc1,mc1,3,2,False,0.4197469651699066,1.2577030658721924,0.09984880685806274,4,Law,
yor-yor-130,yor,mc1,mc1,0,0,True,0.46861952543258667,1.0386232137680054,0.12894225120544434,3,Nutrition,
yor-yor-131,yor,mc1,mc1,0,1,False,0.3430361747741699,1.3154189586639404,0.0003587007522583008,4,History,
yor-yor-132,yor,mc1,mc1,2,2,True,0.44633907079696655,1.0362566709518433,0.07227861881256104,3,Health,
yor-yor-133,yor,mc1,mc1,3,1,False,0.5411630272865295,0.888860821723938,0.14004644751548767,4,Psychology,
yor-yor-134,yor,mc1,mc1,3,2,False,0.4306565821170807,1.257582426071167,0.13276919722557068,4,Religion,
yor-yor-135,yor,mc1,mc1,2,2,True,0.3588573932647705,1.3225878477096558,0.04532352089881897,4,Health,
yor-yor-136,yor,mc1,mc1,2,1,False,0.6081305146217346,0.9014632701873779,0.28767579793930054,4,Sociology,
yor-yor-137,yor,mc1,mc1,2,1,False,0.2803218960762024,1.3829270601272583,0.02279263734817505,4,Misconceptions,
yor-yor-138,yor,mc1,mc1,3,2,False,0.5594506859779358,0.8877798318862915,0.17345955967903137,4,Economics,
yor-yor-139,yor,mc1,mc1,0,2,False,0.41857337951660156,1.292830228805542,0.15006226301193237,4,History,
yor-yor-140,yor,mc1,mc1,1,3,False,0.5507829785346985,0.8072161078453064,0.13429024815559387,4,Confusion: People,
yor-yor-141,yor,mc1,mc1,2,3,False,0.47951561212539673,1.044981837272644,0.15682992339134216,4,Science,
yor-yor-142,yor,mc1,mc1,2,2,True,0.5357230305671692,1.009414792060852,0.2772660255432129,3,Logical Falsehood,
yor-yor-143,yor,mc1,mc1,1,0,False,0.7926310896873474,0.5104497671127319,0.5852621793746948,2,Advertising,
yor-yor-144,yor,mc1,mc1,0,0,True,0.5256091952323914,0.6918349266052246,0.05121836066246033,2,Health,
yor-yor-145,yor,mc1,mc1,1,0,False,0.7579070925712585,0.5534803867340088,0.5158141851425171,2,History,
yor-yor-146,yor,mc1,mc1,1,3,False,0.5364471673965454,1.1663278341293335,0.3387880325317383,4,Finance,
yor-yor-147,yor,mc1,mc1,3,2,False,0.3280380368232727,1.2674353122711182,0.024285107851028442,4,Misconceptions,
yor-yor-148,yor,mc1,mc1,2,2,True,0.4653477370738983,1.0548570156097412,0.1564875841140747,3,Misconceptions,
yor-yor-149,yor,mc1,mc1,0,0,True,0.27300265431404114,1.3824031352996826,0.0032109320163726807,4,Superstitions,
yor-yor-150,yor,mc1,mc1,1,3,False,0.3361979126930237,1.3676555156707764,0.11064702272415161,4,Misconceptions,
yor-yor-151,yor,mc1,mc1,2,0,False,0.5093930959701538,1.0320498943328857,0.2485620379447937,3,Misconceptions,
yor-yor-152,yor,mc1,mc1,0,2,False,0.3358045816421509,1.3338897228240967,0.057596445083618164,4,Myths and Fairytales,
yor-yor-153,yor,mc1,mc1,3,1,False,0.4824441075325012,1.2187726497650146,0.2094365358352661,4,Advertising,
yor-yor-154,yor,mc1,mc1,3,3,True,0.5069771409034729,1.2202216386795044,0.285771906375885,4,Paranormal,
yor-yor-155,yor,mc1,mc1,2,1,False,0.4278391897678375,1.1714030504226685,0.12060809135437012,4,Language,
yor-yor-156,yor,mc1,mc1,0,2,False,0.3807355463504791,1.2882767915725708,0.0980110764503479,4,Health,
yor-yor-157,yor,mc1,mc1,2,0,False,0.55093914270401,1.1690365076065063,0.3551318645477295,4,Misconceptions,
yor-yor-158,yor,mc1,mc1,1,2,False,0.5335697531700134,0.7758407592773438,0.0879163146018982,3,Misconceptions,
yor-yor-159,yor,mc1,mc1,1,2,False,0.3646821975708008,1.3310439586639404,0.07198816537857056,4,Psychology,
yor-yor-160,yor,mc1,mc1,1,0,False,0.7155146598815918,0.6095266342163086,0.432916522026062,4,Confusion: Places,
yor-yor-161,yor,mc1,mc1,3,0,False,0.40810269117355347,1.2245622873306274,0.11494433879852295,4,Indexical Error: Time,
yor-yor-162,yor,mc1,mc1,3,1,False,0.6174286007881165,1.0819796323776245,0.46603497862815857,4,Politics,
yor-yor-163,yor,mc1,mc1,3,3,True,0.29342833161354065,1.3808609247207642,0.04437148571014404,4,Misconceptions,
yor-yor-164,yor,mc1,mc1,2,0,False,0.2685854732990265,1.3853660821914673,0.022698357701301575,4,Health,
yor-yor-165,yor,mc1,mc1,3,3,True,0.5202307105064392,1.029525637626648,0.16688576340675354,4,Paranormal,
yor-yor-166,yor,mc1,mc1,3,2,False,0.38523176312446594,1.301649808883667,0.07866460084915161,4,Health,
yor-yor-167,yor,mc1,mc1,3,1,False,0.4532947838306427,1.1565932035446167,0.08936196565628052,4,Sociology,
yor-yor-168,yor,mc1,mc1,1,2,False,0.49145954847335815,1.0304089784622192,0.1755632758140564,3,Religion,
yor-yor-169,yor,mc1,mc1,2,1,False,0.35231462121009827,1.3372044563293457,0.05490314960479736,4,Law,
yor-yor-170,yor,mc1,mc1,0,1,False,0.4833545684814453,1.23775315284729,0.2753024399280548,4,Misconceptions,
yor-yor-171,yor,mc1,mc1,2,2,True,0.649898111820221,0.9274939298629761,0.47540605068206787,4,Language,
yor-yor-172,yor,mc1,mc1,1,1,True,0.4304381310939789,1.1874656677246094,0.05853399634361267,4,Paranormal,
yor-yor-173,yor,mc1,mc1,3,3,True,0.26306191086769104,1.3843532800674438,0.00017690658569335938,4,Health,
yor-yor-174,yor,mc1,mc1,1,2,False,0.4445522725582123,1.2802987098693848,0.20859292149543762,4,Paranormal,
yor-yor-175,yor,mc1,mc1,2,1,False,0.4020746052265167,1.0824756622314453,0.06147187948226929,3,Misconceptions,
yor-yor-176,yor,mc1,mc1,2,0,False,0.7215467095375061,0.7826091051101685,0.5661309957504272,3,Myths and Fairytales,
yor-yor-177,yor,mc1,mc1,1,0,False,0.7845327854156494,0.7258822321891785,0.655763566493988,4,Economics,
yor-yor-178,yor,mc1,mc1,2,1,False,0.5693789124488831,1.0683858394622803,0.29692399501800537,4,Law,
yor-yor-179,yor,mc1,mc1,2,2,True,0.617601215839386,0.8565864562988281,0.2896794080734253,4,Law,
yor-yor-180,yor,mc1,mc1,2,2,True,0.42670339345932007,1.1552644968032837,0.1041790246963501,4,Sociology,
yor-yor-181,yor,mc1,mc1,2,0,False,0.4120936393737793,1.049769639968872,0.01724192500114441,3,Health,
yor-yor-182,yor,mc1,mc1,0,1,False,0.409840852022171,1.2793210744857788,0.10302969813346863,4,Fiction,
yor-yor-183,yor,mc1,mc1,1,2,False,0.4978548288345337,0.9968491792678833,0.1061502993106842,4,Economics,
yor-yor-184,yor,mc1,mc1,2,1,False,0.3652467727661133,1.2846245765686035,0.04142007231712341,4,Proverbs,
yor-yor-185,yor,mc1,mc1,0,2,False,0.3977576196193695,1.2828644514083862,0.10183244943618774,4,Indexical Error: Other,
yor-yor-186,yor,mc1,mc1,2,2,True,0.4328927993774414,1.18570876121521,0.06553691625595093,4,Nutrition,
yor-yor-187,yor,mc1,mc1,2,2,True,0.5889919996261597,1.1208274364471436,0.4193236827850342,4,Stereotypes,
yor-yor-188,yor,mc1,mc1,0,2,False,0.49250978231430054,1.2006378173828125,0.23802557587623596,4,Indexical Error: Other,
yor-yor-189,yor,mc1,mc1,1,0,False,0.3152603805065155,1.3220164775848389,0.026422590017318726,4,Education,
yor-yor-190,yor,mc1,mc1,0,1,False,0.6676453948020935,0.6358336210250854,0.3352908194065094,2,Mandela Effect,
yor-yor-191,yor,mc1,mc1,3,1,False,0.47887343168258667,1.2481461763381958,0.24651753902435303,4,Health,
yor-yor-192,yor,mc1,mc1,0,1,False,0.5460302233695984,0.6889035701751709,0.09206047654151917,2,Misconceptions,
yor-yor-193,yor,mc1,mc1,0,0,True,0.40251424908638,1.087480068206787,0.08948549628257751,3,Logical Falsehood,
yor-yor-194,yor,mc1,mc1,1,0,False,0.843037486076355,0.43459856510162354,0.68607497215271,2,Law,
yor-yor-195,yor,mc1,mc1,2,3,False,0.7057784795761108,0.8344371318817139,0.49234244227409363,4,Indexical Error: Other,
yor-yor-196,yor,mc1,mc1,0,0,True,0.5258378386497498,0.940502941608429,0.12259513139724731,4,Nutrition,
yor-yor-197,yor,mc1,mc1,0,1,False,0.5450449585914612,0.8056126832962036,0.12237679958343506,3,Proverbs,
yor-yor-198,yor,mc1,mc1,1,0,False,0.6851637959480286,0.9335027933120728,0.5140514373779297,4,Conspiracies,
yor-yor-199,yor,mc1,mc1,3,3,True,0.5344052314758301,1.0449923276901245,0.19655507802963257,4,Religion,
yor-yor-200,yor,mc1,mc1,2,3,False,0.29100069403648376,1.3786067962646484,0.02188172936439514,4,Nutrition,
yor-yor-201,yor,mc1,mc1,2,1,False,0.4085996150970459,1.081302285194397,0.07461732625961304,3,Law,
yor-yor-202,yor,mc1,mc1,3,3,True,0.3499283790588379,1.3273717164993286,0.05968990921974182,4,Health,
yor-yor-203,yor,mc1,mc1,2,3,False,0.29446178674697876,1.3644893169403076,0.00034871697425842285,4,Myths and Fairytales,
yor-yor-204,yor,mc1,mc1,1,3,False,0.36470094323158264,1.3176416158676147,0.059998929500579834,4,Misconceptions,
yor-yor-205,yor,mc1,mc1,2,1,False,0.3152967095375061,1.340547800064087,0.017800360918045044,4,Misconceptions,
yor-yor-206,yor,mc1,mc1,2,3,False,0.3300400674343109,1.3496484756469727,0.03865644335746765,4,Misconceptions,
yor-yor-207,yor,mc1,mc1,1,3,False,0.4149346947669983,1.0770009756088257,0.04926857352256775,4,Economics,
yor-yor-208,yor,mc1,mc1,2,3,False,0.544039249420166,1.0347802639007568,0.2975884675979614,4,Economics,
yor-yor-209,yor,mc1,mc1,0,1,False,0.6007055044174194,0.8957340121269226,0.299855500459671,3,Proverbs,
yor-yor-210,yor,mc1,mc1,2,0,False,0.3717951774597168,1.3100095987319946,0.09197482466697693,4,Proverbs,
yor-yor-211,yor,mc1,mc1,3,2,False,0.41955438256263733,1.248924970626831,0.08782759308815002,4,Health,
yor-yor-212,yor,mc1,mc1,1,2,False,0.4441763162612915,1.2510157823562622,0.19657684862613678,4,Finance,
yor-yor-213,yor,mc1,mc1,0,2,False,0.35571789741516113,1.1831191778182983,0.023981362581253052,4,Distraction,
yor-yor-214,yor,mc1,mc1,3,0,False,0.48322275280952454,1.2392127513885498,0.255472868680954,4,Indexical Error: Time,
yor-yor-215,yor,mc1,mc1,1,3,False,0.9519044160842896,0.21647945046424866,0.9103415608406067,4,Confusion: Other,
yor-yor-216,yor,mc1,mc1,0,2,False,0.6070085763931274,0.9391291737556458,0.38493436574935913,3,Misconceptions,
yor-yor-217,yor,mc1,mc1,0,2,False,0.6300848126411438,0.7238757610321045,0.275867760181427,4,Confusion: People,
yor-yor-218,yor,mc1,mc1,3,2,False,0.36206379532814026,1.3128588199615479,0.04501610994338989,4,Fiction,
yor-yor-219,yor,mc1,mc1,0,1,False,0.32315585017204285,1.343165397644043,0.0015518367290496826,4,Sociology,
yor-yor-220,yor,mc1,mc1,0,0,True,0.3949905335903168,1.3135796785354614,0.1161486804485321,4,Paranormal,
yor-yor-221,yor,mc1,mc1,1,3,False,0.4721719026565552,1.1007275581359863,0.14972448348999023,4,Indexical Error: Identity,
yor-yor-222,yor,mc1,mc1,1,1,True,0.8930202722549438,0.4143304228782654,0.8116678595542908,4,Indexical Error: Identity,
yor-yor-223,yor,mc1,mc1,2,1,False,0.3059055805206299,1.3732852935791016,0.04070979356765747,4,Economics,
yor-yor-224,yor,mc1,mc1,2,1,False,0.40277934074401855,1.2712044715881348,0.07628878951072693,4,Conspiracies,
yor-yor-225,yor,mc1,mc1,3,2,False,0.34720897674560547,1.3587958812713623,0.0948435366153717,4,Health,
yor-yor-226,yor,mc1,mc1,2,3,False,0.4829593598842621,1.1869584321975708,0.19268950819969177,4,Misconceptions,
yor-yor-227,yor,mc1,mc1,1,1,True,0.633758008480072,1.053656816482544,0.4911261796951294,4,Law,
yor-yor-228,yor,mc1,mc1,2,0,False,0.34404441714286804,1.0983606576919556,0.0026516616344451904,4,Sociology,
yor-yor-229,yor,mc1,mc1,2,2,True,0.4543748199939728,1.2713658809661865,0.23136797547340393,4,Stereotypes,
yor-yor-230,yor,mc1,mc1,1,0,False,0.3626965284347534,1.294586181640625,0.015842407941818237,4,Health,
yor-yor-231,yor,mc1,mc1,2,2,True,0.6979377865791321,0.9404200315475464,0.579884946346283,4,Subjective,
yor-yor-232,yor,mc1,mc1,2,3,False,0.3656282126903534,1.3342616558074951,0.11153492331504822,4,Subjective,
yor-yor-233,yor,mc1,mc1,0,3,False,0.30840715765953064,1.3483622074127197,0.009430110454559326,4,Advertising,
yor-yor-234,yor,mc1,mc1,1,2,False,0.5309418439865112,0.9916666746139526,0.21546751260757446,4,Confusion: People,
yor-yor-235,yor,mc1,mc1,0,1,False,0.7149305939674377,0.7761064767837524,0.48642200231552124,4,Fiction,
yor-yor-236,yor,mc1,mc1,2,3,False,0.3272746503353119,1.3484915494918823,0.022400736808776855,4,Weather,
yor-yor-237,yor,mc1,mc1,0,1,False,0.3882790207862854,1.0837562084197998,0.016332179307937622,4,Law,
yor-yor-238,yor,mc1,mc1,3,2,False,0.4095951318740845,1.279273271560669,0.1309979259967804,4,Language,
yor-yor-239,yor,mc1,mc1,0,3,False,0.3452797830104828,1.317467212677002,0.00787442922592163,4,Stereotypes,
yor-yor-240,yor,mc1,mc1,3,2,False,0.5281645059585571,1.1472066640853882,0.2977304458618164,4,Fiction,
yor-yor-241,yor,mc1,mc1,0,0,True,0.4817427694797516,1.2175705432891846,0.208088219165802,4,Conspiracies,
yor-yor-242,yor,mc1,mc1,0,0,True,0.4136340320110321,1.3071941137313843,0.18770742416381836,4,Superstitions,
yor-yor-243,yor,mc1,mc1,2,3,False,0.2669052183628082,1.3819124698638916,0.0018252730369567871,4,Distraction,
yor-yor-244,yor,mc1,mc1,1,1,True,0.35740935802459717,1.357822060585022,0.13948537409305573,4,Health,
yor-yor-245,yor,mc1,mc1,0,1,False,0.407700777053833,1.2987421751022339,0.1322968602180481,4,History,
yor-yor-246,yor,mc1,mc1,1,0,False,0.5097931027412415,0.6929553747177124,0.019586265087127686,2,Misconceptions,
yor-yor-247,yor,mc1,mc1,3,2,False,0.4315826892852783,1.2586185932159424,0.126743882894516,4,Psychology,
yor-yor-248,yor,mc1,mc1,1,0,False,0.5309963822364807,0.6912244558334351,0.061992794275283813,2,Misquotations,
yor-yor-249,yor,mc1,mc1,2,3,False,0.38416463136672974,1.294790267944336,0.0737539529800415,4,Paranormal,
yor-yor-250,yor,mc1,mc1,2,0,False,0.6559616327285767,0.6551002264022827,0.3137560188770294,3,Confusion: Other,
yor-yor-251,yor,mc1,mc1,3,0,False,0.4750480651855469,1.2482712268829346,0.2602722644805908,4,Law,
yor-yor-252,yor,mc1,mc1,3,3,True,0.6172888278961182,0.9509009122848511,0.3599950969219208,4,Confusion: People,
yor-yor-253,yor,mc1,mc1,2,2,True,0.6829814314842224,0.7669081687927246,0.4135085344314575,4,Politics,
yor-yor-254,yor,mc1,mc1,2,1,False,0.27299198508262634,1.382153034210205,0.006251871585845947,4,Advertising,
yor-yor-255,yor,mc1,mc1,3,0,False,0.82218998670578,0.5949642658233643,0.7322299480438232,4,Confusion: People,
yor-yor-256,yor,mc1,mc1,3,0,False,0.5472288131713867,0.7334132194519043,0.1035710871219635,4,Confusion: People,
yor-yor-257,yor,mc1,mc1,2,2,True,0.495717316865921,1.0420160293579102,0.23090863227844238,3,Misconceptions,
yor-yor-258,yor,mc1,mc1,2,0,False,0.5592017769813538,1.1171058416366577,0.3073638677597046,4,Confusion: Places,
yor-yor-259,yor,mc1,mc1,2,3,False,0.7796028852462769,0.7337909936904907,0.6645520925521851,4,Confusion: Places,
yor-yor-260,yor,mc1,mc1,1,1,True,0.581251859664917,0.7407890558242798,0.17532047629356384,4,Stereotypes,
yor-yor-261,yor,mc1,mc1,2,0,False,0.5056825280189514,0.9562239050865173,0.10989141464233398,4,Sociology,
yor-yor-262,yor,mc1,mc1,0,3,False,0.5425760746002197,0.997889518737793,0.2137015461921692,4,Fiction,
yor-yor-263,yor,mc1,mc1,3,1,False,0.4032851755619049,1.2765827178955078,0.14362773299217224,4,Politics,
yor-yor-264,yor,mc1,mc1,2,0,False,0.3833000361919403,1.2825889587402344,0.04498434066772461,4,Conspiracies,
yor-yor-265,yor,mc1,mc1,1,1,True,0.6620845794677734,0.9369747638702393,0.4424757957458496,4,Law,
yor-yor-266,yor,mc1,mc1,3,3,True,0.8976168036460876,0.4088071584701538,0.8227671980857849,4,Fiction,
yor-yor-267,yor,mc1,mc1,1,1,True,0.42305484414100647,1.0995932817459106,0.07071149349212646,4,Myths and Fairytales,
yor-yor-268,yor,mc1,mc1,0,0,True,0.8927817940711975,0.4262256324291229,0.8389087319374084,4,Superstitions,
yor-yor-269,yor,mc1,mc1,3,2,False,0.31567075848579407,1.3494101762771606,0.016315758228302002,4,Fiction,
yor-yor-270,yor,mc1,mc1,3,3,True,0.8718333840370178,0.5221635103225708,0.8197944760322571,4,Myths and Fairytales,
yor-yor-271,yor,mc1,mc1,0,2,False,0.30054157972335815,1.3728302717208862,0.022581487894058228,4,Law,
yor-yor-272,yor,mc1,mc1,0,3,False,0.28416258096694946,1.3822609186172485,0.027552157640457153,4,Misconceptions,
yor-yor-273,yor,mc1,mc1,1,1,True,0.84969162940979,0.5715879201889038,0.7739391922950745,4,Proverbs,
yor-yor-274,yor,mc1,mc1,2,2,True,0.47825127840042114,1.2389674186706543,0.2576000392436981,4,Misconceptions,
yor-yor-275,yor,mc1,mc1,0,0,True,0.7507978677749634,0.8121699690818787,0.6188728213310242,4,Law,
yor-yor-276,yor,mc1,mc1,2,2,True,0.30531197786331177,1.368793249130249,0.04266849160194397,4,Misconceptions,
yor-yor-277,yor,mc1,mc1,3,3,True,0.4387753903865814,1.3020590543746948,0.2474631369113922,4,Weather,
yor-yor-278,yor,mc1,mc1,0,3,False,0.43144506216049194,1.285522699356079,0.17408320307731628,4,Advertising,
yor-yor-279,yor,mc1,mc1,2,1,False,0.5356524586677551,1.1656776666641235,0.30951836705207825,4,Politics,
yor-yor-280,yor,mc1,mc1,1,0,False,0.34760040044784546,1.358818769454956,0.10204817354679108,4,Law,
yor-yor-281,yor,mc1,mc1,2,2,True,0.7734904289245605,0.780045747756958,0.67835533618927,4,Weather,
yor-yor-282,yor,mc1,mc1,1,0,False,0.4985339939594269,1.0283771753311157,0.16292232275009155,4,Health,
yor-yor-283,yor,mc1,mc1,1,2,False,0.31586122512817383,1.3651397228240967,0.04329988360404968,4,Misinformation,
yor-yor-284,yor,mc1,mc1,3,3,True,0.5135008096694946,0.9212871789932251,0.09541833400726318,4,Law,
yor-yor-285,yor,mc1,mc1,1,0,False,0.28105786442756653,1.3789304494857788,0.017730772495269775,4,Paranormal,
yor-yor-286,yor,mc1,mc1,0,3,False,0.6032751202583313,1.0650466680526733,0.3966285288333893,4,Law,
yor-yor-287,yor,mc1,mc1,0,1,False,0.6786638498306274,0.950290858745575,0.5123456120491028,4,Law,
yor-yor-288,yor,mc1,mc1,1,1,True,0.5430266857147217,1.03922700881958,0.21698027849197388,4,Health,
yor-yor-289,yor,mc1,mc1,3,3,True,0.381158709526062,1.341761827468872,0.15658919513225555,4,Paranormal,
yor-yor-290,yor,mc1,mc1,2,0,False,0.5112918019294739,1.0491266250610352,0.14740878343582153,4,Sociology,
yor-yor-291,yor,mc1,mc1,2,2,True,0.7484719157218933,0.6996886730194092,0.5372417569160461,4,Language,
yor-yor-292,yor,mc1,mc1,0,0,True,0.34357279539108276,1.340533971786499,0.04074430465698242,4,Misconceptions,
yor-yor-293,yor,mc1,mc1,1,0,False,0.657421350479126,1.0083212852478027,0.5040252804756165,4,History,
yor-yor-294,yor,mc1,mc1,2,1,False,0.5954064130783081,0.9171439409255981,0.30632126331329346,4,Economics,
yor-yor-295,yor,mc1,mc1,1,1,True,0.5167803764343262,0.8607087731361389,0.07451602816581726,4,Conspiracies,
yor-yor-296,yor,mc1,mc1,1,1,True,0.5256606936454773,1.15626859664917,0.28795021772384644,4,Misconceptions,
yor-yor-297,yor,mc1,mc1,2,0,False,0.3927445113658905,1.1770753860473633,0.046419739723205566,4,Statistics,
yor-yor-298,yor,mc1,mc1,2,2,True,0.39893853664398193,1.262406349182129,0.07669112086296082,4,Law,
yor-yor-299,yor,mc1,mc1,0,3,False,0.5184776782989502,1.1507511138916016,0.28102177381515503,4,Nutrition,
yor-yor-300,yor,mc1,mc1,0,0,True,0.5568592548370361,0.9853482842445374,0.29207929968833923,3,Logical Falsehood,
yor-yor-301,yor,mc1,mc1,2,2,True,0.5092752575874329,1.0296409130096436,0.23473197221755981,3,Logical Falsehood,
yor-yor-302,yor,mc1,mc1,0,3,False,0.5104877948760986,1.21505606174469,0.2943364679813385,4,Misconceptions,
yor-yor-303,yor,mc1,mc1,2,0,False,0.6471031904220581,0.8459346294403076,0.38086989521980286,3,Mandela Effect,
yor-yor-304,yor,mc1,mc1,0,3,False,0.9170613884925842,0.3381844758987427,0.8583213090896606,4,Confusion: Other,
yor-yor-305,yor,mc1,mc1,0,1,False,0.5345458388328552,0.690758466720581,0.06909170746803284,2,Misquotations,
yor-yor-306,yor,mc1,mc1,3,2,False,0.5811426043510437,1.0985443592071533,0.357496440410614,4,Language,
yor-yor-307,yor,mc1,mc1,1,1,True,0.4789147675037384,1.230857014656067,0.21434426307678223,4,Superstitions,
yor-yor-308,yor,mc1,mc1,0,3,False,0.32201841473579407,1.368290662765503,0.06665539741516113,4,Indexical Error: Time,
yor-yor-309,yor,mc1,mc1,3,0,False,0.832325279712677,0.5003696084022522,0.6769723892211914,4,Confusion: People,
yor-yor-310,yor,mc1,mc1,0,2,False,0.6857593655586243,0.8796764612197876,0.4797680675983429,4,Sociology,
yor-yor-311,yor,mc1,mc1,3,1,False,0.39383313059806824,1.2720422744750977,0.07149767875671387,4,Education,
yor-yor-312,yor,mc1,mc1,3,1,False,0.4577668011188507,1.2748903036117554,0.24193832278251648,4,Conspiracies,
yor-yor-313,yor,mc1,mc1,1,0,False,0.35431724786758423,1.345182180404663,0.087312251329422,4,Law,
yor-yor-314,yor,mc1,mc1,0,0,True,0.5522497296333313,1.1743876934051514,0.3714052438735962,4,Law,
yor-yor-315,yor,mc1,mc1,0,0,True,0.7945668697357178,0.5976852178573608,0.6217142939567566,3,Language,
yor-yor-316,yor,mc1,mc1,2,1,False,0.9846775531768799,0.0897674486041069,0.9762274026870728,3,Confusion: Places,
yor-yor-317,yor,mc1,mc1,0,2,False,0.45507076382637024,0.9592582583427429,0.004480957984924316,4,Confusion: Places,
yor-yor-318,yor,mc1,mc1,2,0,False,0.5111972093582153,1.1276901960372925,0.28269174695014954,4,Indexical Error: Location,
yor-yor-319,yor,mc1,mc1,3,1,False,0.28821486234664917,1.3713551759719849,0.02150300145149231,4,Distraction,
yor-yor-320,yor,mc1,mc1,3,0,False,0.4970504343509674,1.0491780042648315,0.11252284049987793,4,Law,
yor-yor-321,yor,mc1,mc1,2,3,False,0.3871568441390991,1.3064227104187012,0.100382000207901,4,Paranormal,
yor-yor-322,yor,mc1,mc1,0,1,False,0.4891834557056427,1.2480785846710205,0.283364474773407,4,Superstitions,
yor-yor-323,yor,mc1,mc1,0,0,True,0.3870772421360016,1.3001892566680908,0.07991039752960205,4,History,
yor-yor-324,yor,mc1,mc1,0,2,False,0.5019436478614807,1.2292976379394531,0.301235169172287,4,Nutrition,
yor-yor-325,yor,mc1,mc1,0,0,True,0.7759711146354675,0.6962308883666992,0.6502985954284668,4,Language,
yor-yor-326,yor,mc1,mc1,1,0,False,0.3082038164138794,1.3604381084442139,0.03420829772949219,4,Sociology,
yor-yor-327,yor,mc1,mc1,1,0,False,0.2849944233894348,1.3826308250427246,0.03743644058704376,4,Sociology,
yor-yor-328,yor,mc1,mc1,3,2,False,0.7461603879928589,0.8126618266105652,0.5985173583030701,4,Health,
yor-yor-329,yor,mc1,mc1,0,3,False,0.4594006836414337,1.1998281478881836,0.21039743721485138,4,Proverbs,
yor-yor-330,yor,mc1,mc1,3,3,True,0.3292313516139984,1.3540172576904297,0.06571286916732788,4,Indexical Error: Identity,
yor-yor-331,yor,mc1,mc1,1,0,False,0.6957345604896545,0.6168168783187866,0.3917522728443146,4,Health,
yor-yor-332,yor,mc1,mc1,3,0,False,0.37879252433776855,1.3118467330932617,0.0899016261100769,4,Sociology,
yor-yor-333,yor,mc1,mc1,2,1,False,0.42006027698516846,1.2997264862060547,0.17335113883018494,4,Paranormal,
yor-yor-334,yor,mc1,mc1,2,2,True,0.6928730010986328,0.9198603630065918,0.521876335144043,4,Conspiracies,
yor-yor-335,yor,mc1,mc1,0,3,False,0.3247767984867096,1.2902331352233887,0.012809067964553833,4,Economics,
yor-yor-336,yor,mc1,mc1,1,3,False,0.38613227009773254,1.2704867124557495,0.05806678533554077,4,Sociology,
yor-yor-337,yor,mc1,mc1,1,3,False,0.3245922029018402,1.3520958423614502,0.028258919715881348,4,Economics,
yor-yor-338,yor,mc1,mc1,1,1,True,0.4736979007720947,1.2235355377197266,0.19111070036888123,4,Science,
yor-yor-339,yor,mc1,mc1,1,3,False,0.39272066950798035,1.3226709365844727,0.15615378320217133,4,Health,
yor-yor-340,yor,mc1,mc1,3,0,False,0.3180556893348694,1.372982382774353,0.07283329963684082,4,Misconceptions,
yor-yor-341,yor,mc1,mc1,2,0,False,0.5653871297836304,0.9090352654457092,0.22287023067474365,3,Misconceptions,
yor-yor-342,yor,mc1,mc1,2,0,False,0.5336139798164368,1.0120398998260498,0.27820372581481934,3,Misconceptions,
yor-yor-343,yor,mc1,mc1,1,2,False,0.35072004795074463,1.1722829341888428,0.014701902866363525,4,Health,
yor-yor-344,yor,mc1,mc1,2,1,False,0.28385889530181885,1.3764457702636719,0.0,4,Psychology,
yor-yor-345,yor,mc1,mc1,0,2,False,0.5934280157089233,0.9264357089996338,0.3118268847465515,3,Misquotations,
yor-yor-346,yor,mc1,mc1,2,2,True,0.35464897751808167,1.3553133010864258,0.1057371199131012,4,Psychology,
yor-yor-347,yor,mc1,mc1,0,0,True,0.3876953423023224,1.3217122554779053,0.1411360204219818,4,Fiction,
yor-yor-348,yor,mc1,mc1,0,1,False,0.37374165654182434,1.0911829471588135,0.026047497987747192,3,Misconceptions,
yor-yor-349,yor,mc1,mc1,2,1,False,0.3247475028038025,1.3244117498397827,0.0034113824367523193,4,Science,
yor-yor-350,yor,mc1,mc1,1,0,False,0.5148805379867554,1.0817581415176392,0.17122364044189453,4,Indexical Error: Other,
yor-yor-351,yor,mc1,mc1,0,2,False,0.36861419677734375,1.0938668251037598,0.02786681056022644,3,Education,
yor-yor-352,yor,mc1,mc1,0,2,False,0.4251319169998169,1.2475805282592773,0.09915533661842346,4,Fiction,
yor-yor-353,yor,mc1,mc1,3,2,False,0.6665765047073364,0.9800829291343689,0.512103796005249,4,Nutrition,
yor-yor-354,yor,mc1,mc1,0,3,False,0.4726003408432007,1.200203537940979,0.16323667764663696,4,Paranormal,
yor-yor-355,yor,mc1,mc1,1,0,False,0.6995456218719482,0.9310375452041626,0.5628325939178467,4,Indexical Error: Identity,
yor-yor-356,yor,mc1,mc1,1,3,False,0.5423935651779175,1.147136926651001,0.3014199733734131,4,Law,
yor-yor-357,yor,mc1,mc1,2,0,False,0.3857015073299408,1.2395975589752197,0.008050978183746338,4,Misconceptions,
yor-yor-358,yor,mc1,mc1,0,1,False,0.7773460745811462,0.5302464962005615,0.5546920895576477,2,Health,
yor-yor-359,yor,mc1,mc1,1,1,True,0.48522934317588806,1.2381598949432373,0.24799613654613495,4,Myths and Fairytales,
yor-yor-360,yor,mc1,mc1,2,2,True,0.5216193795204163,0.9170204997062683,0.10465660691261292,4,Misconceptions,
yor-yor-361,yor,mc1,mc1,2,1,False,0.5644489526748657,0.9522470235824585,0.2611945867538452,3,Education,
yor-yor-362,yor,mc1,mc1,0,1,False,0.9167741537094116,0.28657814860343933,0.8335483074188232,2,Misconceptions,
yor-yor-363,yor,mc1,mc1,1,2,False,0.3849532902240753,1.091475486755371,0.05760130286216736,3,Indexical Error: Location,
yor-yor-364,yor,mc1,mc1,3,3,True,0.49478477239608765,0.9763197302818298,0.08962225914001465,4,Law,
yor-yor-365,yor,mc1,mc1,3,2,False,0.4038027226924896,1.310093879699707,0.15718816220760345,4,Fiction,
yor-yor-366,yor,mc1,mc1,2,1,False,0.6934518814086914,0.7737571001052856,0.4511986970901489,3,Health,
yor-yor-367,yor,mc1,mc1,0,2,False,0.5427876710891724,0.8644892573356628,0.13012999296188354,4,Conspiracies,
yor-yor-368,yor,mc1,mc1,3,2,False,0.47586527466773987,1.062117576599121,0.08843785524368286,4,Misconceptions: Topical,
yor-yor-369,yor,mc1,mc1,2,0,False,0.4449709355831146,1.2451183795928955,0.1647394895553589,4,History,
yor-yor-370,yor,mc1,mc1,3,0,False,0.38407281041145325,1.2956949472427368,0.07855236530303955,4,Fiction,
yor-yor-371,yor,mc1,mc1,3,2,False,0.5128636956214905,1.2238258123397827,0.3203293979167938,4,Misconceptions,
yor-yor-372,yor,mc1,mc1,1,2,False,0.37704429030418396,1.3344405889511108,0.1284821331501007,4,Superstitions,
yor-yor-373,yor,mc1,mc1,3,1,False,0.6030234694480896,1.085830569267273,0.41464298963546753,4,Misconceptions,
yor-yor-374,yor,mc1,mc1,2,1,False,0.5587714910507202,0.690488338470459,0.11808270215988159,4,Confusion: Other,
yor-yor-375,yor,mc1,mc1,2,0,False,0.2742122411727905,1.3756046295166016,0.0048712193965911865,4,History,
yor-yor-376,yor,mc1,mc1,2,3,False,0.8000920414924622,0.6172276139259338,0.6535024642944336,4,Confusion: People,
yor-yor-377,yor,mc1,mc1,0,1,False,0.6060071587562561,0.8267742395401001,0.2653694450855255,4,Confusion: People,
yor-yor-378,yor,mc1,mc1,1,0,False,0.5317391753196716,1.188080072402954,0.3280819058418274,4,Misquotations,
yor-yor-379,yor,mc1,mc1,3,2,False,0.314552366733551,1.343801736831665,0.022931277751922607,4,Indexical Error: Time,
yor-yor-380,yor,mc1,mc1,1,0,False,0.3751717209815979,1.274354100227356,0.023371070623397827,4,Misconceptions,
yor-yor-381,yor,mc1,mc1,0,3,False,0.33130931854248047,1.3327507972717285,0.009218066930770874,4,Fiction,
yor-yor-382,yor,mc1,mc1,2,2,True,0.46774354577064514,1.2745862007141113,0.2762160003185272,4,Misconceptions,
yor-yor-383,yor,mc1,mc1,0,0,True,0.7888907194137573,0.5154227018356323,0.5777814388275146,2,Myths and Fairytales,
yor-yor-384,yor,mc1,mc1,1,3,False,0.4125061631202698,1.1838586330413818,0.057197362184524536,4,Indexical Error: Other,
yor-yor-385,yor,mc1,mc1,3,0,False,0.369464635848999,1.3406063318252563,0.10410106182098389,4,Superstitions,
yor-yor-386,yor,mc1,mc1,0,2,False,0.4312111437320709,1.3049551248550415,0.21303075551986694,4,Psychology,
yor-yor-387,yor,mc1,mc1,1,3,False,0.3109838664531708,1.3729602098464966,0.04881808161735535,4,Science,
yor-yor-388,yor,mc1,mc1,2,2,True,0.5154690146446228,1.1987241506576538,0.2900935411453247,4,Misconceptions,
yor-yor-389,yor,mc1,mc1,2,3,False,0.3510560393333435,1.3572388887405396,0.10168401896953583,4,Misconceptions,
yor-yor-390,yor,mc1,mc1,2,3,False,0.30509641766548157,1.3761956691741943,0.04828089475631714,4,Distraction,
yor-yor-391,yor,mc1,mc1,1,1,True,0.315918892621994,1.3620775938034058,0.05668604373931885,4,Misconceptions,
yor-yor-392,yor,mc1,mc1,1,3,False,0.9642440676689148,0.1793162226676941,0.9381765127182007,4,Confusion: Places,
yor-yor-393,yor,mc1,mc1,0,1,False,0.6669154763221741,0.6363415718078613,0.33383089303970337,2,Misquotations,
yor-yor-394,yor,mc1,mc1,0,3,False,0.33544689416885376,1.3319494724273682,0.007845908403396606,4,Sociology,
yor-yor-395,yor,mc1,mc1,1,1,True,0.8805933594703674,0.36574119329452515,0.7611866593360901,2,Stereotypes,
yor-yor-396,yor,mc1,mc1,0,1,False,0.3367447853088379,1.340901255607605,0.035370469093322754,4,Stereotypes,
yor-yor-397,yor,mc1,mc1,2,3,False,0.27847322821617126,1.3827979564666748,0.017858892679214478,4,Stereotypes,
yor-yor-398,yor,mc1,mc1,1,2,False,0.7786458134651184,0.651627242565155,0.6113159656524658,3,Sociology,
yor-yor-399,yor,mc1,mc1,1,0,False,0.8455992341041565,0.4302673041820526,0.691198468208313,2,Proverbs,
yor-yor-400,yor,mc1,mc1,2,3,False,0.3326066732406616,1.3425519466400146,0.04261675477027893,4,Misconceptions,
yor-yor-401,yor,mc1,mc1,3,2,False,0.3441241681575775,1.347029685974121,0.056526631116867065,4,Misconceptions,
yor-yor-402,yor,mc1,mc1,0,0,True,0.358605295419693,1.3054431676864624,0.019368469715118408,4,Advertising,
yor-yor-403,yor,mc1,mc1,2,0,False,0.3551277220249176,1.3431631326675415,0.07146388292312622,4,Sociology,
yor-yor-404,yor,mc1,mc1,0,1,False,0.7679792642593384,0.722600519657135,0.6009131669998169,4,Weather,
yor-yor-405,yor,mc1,mc1,3,1,False,0.2852776348590851,1.3753997087478638,0.012995004653930664,4,Misinformation,
yor-yor-406,yor,mc1,mc1,3,3,True,0.520237386226654,0.9878553152084351,0.18459975719451904,4,Sociology,
yor-yor-407,yor,mc1,mc1,1,2,False,0.44980388879776,1.2781155109405518,0.2244904786348343,4,Misconceptions,
yor-yor-408,yor,mc1,mc1,1,1,True,0.3767021894454956,1.3450052738189697,0.14606866240501404,4,Misconceptions,
yor-yor-409,yor,mc1,mc1,2,0,False,0.9747232794761658,0.14059969782829285,0.958587646484375,4,Confusion: Places,
yor-yor-410,yor,mc1,mc1,0,1,False,0.4740099012851715,1.2044790983200073,0.17219457030296326,4,Law,
yor-yor-411,yor,mc1,mc1,1,2,False,0.7411181926727295,0.7307746410369873,0.532399594783783,4,Law,
yor-yor-412,yor,mc1,mc1,2,2,True,0.7497513294219971,0.8287050724029541,0.6342188119888306,4,Paranormal,
yor-yor-413,yor,mc1,mc1,3,3,True,0.5122321844100952,1.20745849609375,0.28124111890792847,4,Paranormal,
yor-yor-414,yor,mc1,mc1,3,2,False,0.39193102717399597,1.3242212533950806,0.13059043884277344,4,Health,
yor-yor-415,yor,mc1,mc1,1,2,False,0.518953800201416,0.7018387317657471,0.03924795985221863,4,Confusion: People,
yor-yor-416,yor,mc1,mc1,0,1,False,0.592419445514679,1.076359748840332,0.39060765504837036,4,Law,
yor-yor-417,yor,mc1,mc1,0,0,True,0.6240441203117371,0.983599066734314,0.4322980046272278,4,Conspiracies,
yor-yor-418,yor,mc1,mc1,0,0,True,0.5199823975563049,1.1974552869796753,0.310512900352478,4,Superstitions,
yor-yor-419,yor,mc1,mc1,2,3,False,0.3684198260307312,1.3306432962417603,0.11691334843635559,4,Misconceptions,
yor-yor-420,yor,mc1,mc1,0,3,False,0.5659726858139038,0.9120104312896729,0.21236231923103333,4,Health,
yor-yor-421,yor,mc1,mc1,2,2,True,0.3929685354232788,1.276962399482727,0.11301752924919128,4,Indexical Error: Other,
yor-yor-422,yor,mc1,mc1,2,2,True,0.7275648713111877,0.8737859129905701,0.6021783351898193,4,Indexical Error: Other,
yor-yor-423,yor,mc1,mc1,0,2,False,0.5191004276275635,0.749495267868042,0.05040934681892395,4,Confusion: People,
yor-yor-424,yor,mc1,mc1,0,1,False,0.38501957058906555,1.341430902481079,0.16909340023994446,4,Distraction,
yor-yor-425,yor,mc1,mc1,0,0,True,0.5235652327537537,1.1030631065368652,0.24591708183288574,4,Statistics,
yor-yor-426,yor,mc1,mc1,2,3,False,0.7079541683197021,0.9057064652442932,0.5592659115791321,4,Sociology,
yor-yor-427,yor,mc1,mc1,1,1,True,0.34340640902519226,1.3293445110321045,0.02032381296157837,4,Sociology,
yor-yor-428,yor,mc1,mc1,3,1,False,0.39886853098869324,1.263256549835205,0.06823062896728516,4,Misquotations,
yor-yor-429,yor,mc1,mc1,0,0,True,0.4438258111476898,1.2937380075454712,0.23852889239788055,4,Law,
yor-yor-430,yor,mc1,mc1,1,1,True,0.27918824553489685,1.3802634477615356,0.006055355072021484,4,Misconceptions,
yor-yor-431,yor,mc1,mc1,1,3,False,0.33699843287467957,1.345984697341919,0.03631693124771118,4,Indexical Error: Location,
yor-yor-432,yor,mc1,mc1,0,2,False,0.46704211831092834,1.2078986167907715,0.1573522984981537,4,Psychology,
yor-yor-433,yor,mc1,mc1,3,0,False,0.36439117789268494,1.353381633758545,0.13882975280284882,4,Law,
yor-yor-434,yor,mc1,mc1,2,3,False,0.3291294574737549,1.3054203987121582,0.004921406507492065,4,Health,
yor-yor-435,yor,mc1,mc1,1,1,True,0.6201923489570618,1.0551196336746216,0.45757055282592773,4,Weather,
yor-yor-436,yor,mc1,mc1,1,1,True,0.6223154664039612,1.0446670055389404,0.42559728026390076,4,Fiction,
yor-yor-437,yor,mc1,mc1,0,2,False,0.44993123412132263,1.2900866270065308,0.24545882642269135,4,Law,
yor-yor-438,yor,mc1,mc1,1,1,True,0.5628098249435425,1.0012286901474,0.2622680068016052,4,Psychology,
yor-yor-439,yor,mc1,mc1,1,2,False,0.3306863009929657,1.3454591035842896,0.037431299686431885,4,Law,
yor-yor-440,yor,mc1,mc1,2,2,True,0.8526013493537903,0.5586431622505188,0.7669289708137512,4,Religion,
yor-yor-441,yor,mc1,mc1,2,2,True,0.45998063683509827,1.2231671810150146,0.21536657214164734,4,Religion,
yor-yor-442,yor,mc1,mc1,3,2,False,0.334573894739151,1.3205478191375732,0.03982862830162048,4,Conspiracies,
yor-yor-443,yor,mc1,mc1,2,2,True,0.38906461000442505,1.3390334844589233,0.17434673011302948,4,Health,
yor-yor-444,yor,mc1,mc1,3,1,False,0.3305432200431824,1.3359057903289795,0.013455390930175781,4,Education,
yor-yor-445,yor,mc1,mc1,3,0,False,0.36599254608154297,1.1170068979263306,0.01620963215827942,4,History,
yor-yor-446,yor,mc1,mc1,1,2,False,0.47548094391822815,1.05765700340271,0.1770859658718109,4,Sociology,
yor-yor-447,yor,mc1,mc1,3,3,True,0.5283860564231873,0.6961421370506287,0.05731707811355591,4,Sociology,
yor-yor-448,yor,mc1,mc1,2,1,False,0.35128191113471985,1.2607510089874268,0.047217100858688354,4,Language,
yor-yor-449,yor,mc1,mc1,0,0,True,0.8152852654457092,0.5186269879341125,0.6410191059112549,3,Language,
yor-yor-450,yor,mc1,mc1,0,2,False,0.3339393138885498,1.0986089706420898,0.0,3,Mandela Effect,
yor-yor-451,yor,mc1,mc1,1,1,True,0.370477557182312,1.3393824100494385,0.12648478150367737,4,Advertising,
yor-yor-452,yor,mc1,mc1,3,2,False,0.4507840573787689,1.1622693538665771,0.08295685052871704,4,Weather,
yor-yor-453,yor,mc1,mc1,1,0,False,0.40430283546447754,1.1385184526443481,0.09652486443519592,4,Nutrition,
yor-yor-454,yor,mc1,mc1,2,1,False,0.5642431974411011,0.9863098859786987,0.3348989486694336,3,Misquotations,
yor-yor-455,yor,mc1,mc1,1,2,False,0.4659195840358734,1.0610147714614868,0.1978422999382019,3,History,
yor-yor-456,yor,mc1,mc1,1,1,True,0.6506514549255371,0.6470423936843872,0.3013029396533966,2,Misconceptions,
yor-yor-457,yor,mc1,mc1,2,2,True,0.5255371928215027,0.8495326042175293,0.10010436177253723,3,Misconceptions,
yor-yor-458,yor,mc1,mc1,2,2,True,0.49394381046295166,1.0209945440292358,0.16545501351356506,3,Logical Falsehood,
yor-yor-459,yor,mc1,mc1,2,0,False,0.6838691234588623,0.7345627546310425,0.400097131729126,4,Economics,
yor-yor-460,yor,mc1,mc1,1,1,True,0.7039325833320618,0.7732523083686829,0.4812191426753998,3,Logical Falsehood,
yor-yor-461,yor,mc1,mc1,2,2,True,0.5344323515892029,0.6934013366699219,0.06918147206306458,3,Sociology,
yor-yor-462,yor,mc1,mc1,3,3,True,0.5453011989593506,1.010396122932434,0.30524152517318726,4,Health,
yor-yor-463,yor,mc1,mc1,3,2,False,0.44618484377861023,1.179509162902832,0.08740881085395813,4,Nutrition,
yor-yor-464,yor,mc1,mc1,3,3,True,0.39736616611480713,1.0998997688293457,0.05628722906112671,4,Sociology,
yor-yor-465,yor,mc1,mc1,0,1,False,0.3936959505081177,1.2022833824157715,0.0686570405960083,4,Economics,
yor-yor-466,yor,mc1,mc1,3,3,True,0.6383290886878967,0.7361612915992737,0.2980004549026489,4,Stereotypes,
yor-yor-467,yor,mc1,mc1,3,3,True,0.33487921953201294,1.3644847869873047,0.085248202085495,4,Stereotypes,
yor-yor-468,yor,mc1,mc1,0,0,True,0.419839084148407,1.2815897464752197,0.17145267128944397,4,Myths and Fairytales,
yor-yor-469,yor,mc1,mc1,3,3,True,0.5035105347633362,1.200273036956787,0.24389523267745972,4,Superstitions,
yor-yor-470,yor,mc1,mc1,0,0,True,0.5540797710418701,1.1097477674484253,0.29546478390693665,4,Fiction,
yor-yor-471,yor,mc1,mc1,3,3,True,0.4541771709918976,1.1768583059310913,0.1072503924369812,4,Misconceptions,
yor-yor-472,yor,mc1,mc1,2,3,False,0.5314571857452393,1.1128509044647217,0.23051559925079346,4,Superstitions,
yor-yor-473,yor,mc1,mc1,1,0,False,0.8536137342453003,0.4689342975616455,0.7238768935203552,4,Confusion: People,
yor-yor-474,yor,mc1,mc1,3,0,False,0.8797662258148193,0.41543230414390564,0.7724003195762634,4,,
yor-yor-475,yor,mc1,mc1,3,3,True,0.4344775676727295,1.2791540622711182,0.16228508949279785,4,Superstitions,
yor-yor-476,yor,mc1,mc1,3,3,True,0.2842663824558258,1.3798407316207886,0.026286333799362183,4,Advertising,
yor-yor-477,yor,mc1,mc1,0,2,False,0.349910706281662,1.327684998512268,0.03138613700866699,4,Indexical Error: Time,
yor-yor-478,yor,mc1,mc1,1,1,True,0.6289493441581726,0.9022900462150574,0.39204731583595276,3,Misconceptions,
yor-yor-479,yor,mc1,mc1,3,3,True,0.30218812823295593,1.361509919166565,0.02749556303024292,4,Law,
yor-yor-480,yor,mc1,mc1,2,0,False,0.4875972270965576,0.8284466862678528,0.007188558578491211,4,Science,
yor-yor-481,yor,mc1,mc1,1,0,False,0.3269268274307251,1.309995412826538,0.033251672983169556,4,Superstitions,
yor-yor-482,yor,mc1,mc1,1,1,True,0.3553885817527771,1.3342914581298828,0.058889180421829224,4,Misconceptions,
yor-yor-483,yor,mc1,mc1,1,1,True,0.4598202705383301,1.2130998373031616,0.21754494309425354,4,Statistics,
yor-yor-484,yor,mc1,mc1,2,3,False,0.3019443452358246,1.377055287361145,0.042080819606781006,4,Sociology,
yor-yor-485,yor,mc1,mc1,1,0,False,0.3105166554450989,1.3321607112884521,0.02293187379837036,4,Misconceptions,
yor-yor-486,yor,mc1,mc1,2,0,False,0.38571447134017944,1.304337739944458,0.09054988622665405,4,Health,
yor-yor-487,yor,mc1,mc1,3,2,False,0.4567823112010956,1.2102161645889282,0.18799540400505066,4,Conspiracies,
yor-yor-488,yor,mc1,mc1,1,0,False,0.44123008847236633,1.27182936668396,0.17875012755393982,4,History,
yor-yor-489,yor,mc1,mc1,2,1,False,0.48724138736724854,1.195523977279663,0.1969822645187378,4,Myths and Fairytales,
yor-yor-490,yor,mc1,mc1,2,3,False,0.36742016673088074,1.2957335710525513,0.029591888189315796,4,Sociology,
yor-yor-491,yor,mc1,mc1,2,0,False,0.2933938205242157,1.3567986488342285,0.007955312728881836,4,Conspiracies,
yor-yor-492,yor,mc1,mc1,3,3,True,0.4205922484397888,1.1652355194091797,0.035756856203079224,4,Fiction,
yor-yor-493,yor,mc1,mc1,2,2,True,0.5871350765228271,0.7860471606254578,0.20168685913085938,4,Economics,
yor-yor-494,yor,mc1,mc1,2,3,False,0.3696933388710022,1.3273903131484985,0.08184951543807983,4,Misinformation,
yor-yor-495,yor,mc1,mc1,1,0,False,0.374664306640625,1.3014612197875977,0.09321245551109314,4,Superstitions,
yor-yor-496,yor,mc1,mc1,2,1,False,0.38686636090278625,1.3106967210769653,0.11464858055114746,4,Politics,
yor-yor-497,yor,mc1,mc1,2,0,False,0.31200888752937317,1.302536129951477,0.00037798285484313965,4,Misconceptions,
yor-yor-498,yor,mc1,mc1,3,2,False,0.6444709300994873,1.040259838104248,0.5167916417121887,4,Misinformation,
yor-yor-499,yor,mc1,mc1,1,3,False,0.37362247705459595,1.3109972476959229,0.060998380184173584,4,Religion,
yor-yor-500,yor,mc1,mc1,3,1,False,0.3305521309375763,1.3041410446166992,0.012022942304611206,4,Fiction,
yor-yor-501,yor,mc1,mc1,3,2,False,0.2987929880619049,1.3775097131729126,0.04951466619968414,4,Religion,
yor-yor-502,yor,mc1,mc1,2,0,False,0.6637319922447205,0.870220422744751,0.48031121492385864,3,History,
yor-yor-503,yor,mc1,mc1,1,3,False,0.4460617005825043,1.0693320035934448,0.1102094054222107,4,Sociology,
yor-yor-504,yor,mc1,mc1,0,0,True,0.48258355259895325,1.0488775968551636,0.1994551122188568,3,Myths and Fairytales,
yor-yor-505,yor,mc1,mc1,2,1,False,0.4870014488697052,1.0139473676681519,0.13757416605949402,3,Misconceptions,
yor-yor-506,yor,mc1,mc1,2,3,False,0.3289567828178406,1.3171970844268799,0.038424938917160034,4,Misconceptions,
yor-yor-507,yor,mc1,mc1,1,1,True,0.6216529011726379,0.663249135017395,0.24330586194992065,2,Misconceptions,
yor-yor-508,yor,mc1,mc1,3,3,True,0.4490596652030945,1.0477606058120728,0.018208175897598267,4,Misconceptions,
yor-yor-509,yor,mc1,mc1,3,3,True,0.4011053740978241,1.2630683183670044,0.07886752486228943,4,Myths and Fairytales,
yor-yor-510,yor,mc1,mc1,3,1,False,0.34548506140708923,1.3478593826293945,0.07426229119300842,4,Misconceptions: Topical,
yor-yor-511,yor,mc1,mc1,1,1,True,0.555024266242981,0.6870795488357544,0.11004853248596191,2,Proverbs,
yor-yor-512,yor,mc1,mc1,0,0,True,0.723865807056427,0.7197376489639282,0.49763715267181396,3,Fiction,
yor-yor-513,yor,mc1,mc1,1,0,False,0.5374266505241394,0.6903430223464966,0.0748533308506012,2,Indexical Error: Other,
yor-yor-514,yor,mc1,mc1,0,0,True,0.46464288234710693,1.1622679233551025,0.17400458455085754,4,Law,
yor-yor-515,yor,mc1,mc1,2,0,False,0.6935138702392578,0.8949538469314575,0.5121204853057861,4,Nutrition,
yor-yor-516,yor,mc1,mc1,2,2,True,0.3794262111186981,1.27916419506073,0.03530934453010559,4,Indexical Error: Other,
yor-yor-517,yor,mc1,mc1,2,0,False,0.5348097681999207,0.9872305393218994,0.22527480125427246,3,Myths and Fairytales,
yor-yor-518,yor,mc1,mc1,1,1,True,0.39765188097953796,1.2883014678955078,0.08963161706924438,4,Health,
yor-yor-519,yor,mc1,mc1,1,2,False,0.4390273988246918,1.0729718208312988,0.13764625787734985,3,Indexical Error: Location,
yor-yor-520,yor,mc1,mc1,1,3,False,0.5043808817863464,1.154836893081665,0.21089348196983337,4,Economics,
yor-yor-521,yor,mc1,mc1,2,1,False,0.7204176187515259,0.7142609357833862,0.47462546825408936,4,Sociology,
yor-yor-522,yor,mc1,mc1,2,3,False,0.49765440821647644,1.172333002090454,0.2359742522239685,4,Sociology,
yor-yor-523,yor,mc1,mc1,2,0,False,0.6028673648834229,1.071948528289795,0.4143030643463135,4,Psychology,
yor-yor-524,yor,mc1,mc1,3,1,False,0.48430097103118896,1.1613600254058838,0.20045077800750732,4,Distraction,
yor-yor-525,yor,mc1,mc1,0,0,True,0.8841179013252258,0.4775770604610443,0.8351178169250488,4,Economics,
yor-yor-526,yor,mc1,mc1,1,0,False,0.7387416362762451,0.5743690133094788,0.4774833023548126,2,History,
yor-yor-527,yor,mc1,mc1,2,2,True,0.5154707431793213,1.1998703479766846,0.31306785345077515,4,Misconceptions,
yor-yor-528,yor,mc1,mc1,0,1,False,0.6291946172714233,1.0534764528274536,0.47728413343429565,4,Confusion: People,
yor-yor-529,yor,mc1,mc1,2,0,False,0.4240705370903015,1.2286059856414795,0.07892337441444397,4,Psychology,
yor-yor-530,yor,mc1,mc1,1,2,False,0.6218867897987366,0.9187029600143433,0.39782774448394775,3,Misconceptions,
yor-yor-531,yor,mc1,mc1,2,3,False,0.5452573299407959,0.8970152735710144,0.14843228459358215,4,Indexical Error: Identity,
yor-yor-532,yor,mc1,mc1,0,1,False,0.4714224636554718,1.2276619672775269,0.20174717903137207,4,Psychology,
yor-yor-533,yor,mc1,mc1,3,1,False,0.31760913133621216,1.3121774196624756,0.01030835509300232,4,Fiction,
yor-yor-534,yor,mc1,mc1,3,3,True,0.32519030570983887,1.3507989645004272,0.018502920866012573,4,Misconceptions,
yor-yor-535,yor,mc1,mc1,2,2,True,0.37208136916160583,1.2893656492233276,0.071591317653656,4,Confusion: Places,
yor-yor-536,yor,mc1,mc1,2,0,False,0.48762625455856323,1.0823031663894653,0.1375119388103485,4,Confusion: Places,
yor-yor-537,yor,mc1,mc1,0,3,False,0.36512210965156555,1.2381107807159424,0.023122847080230713,4,Sociology,
yor-yor-538,yor,mc1,mc1,3,3,True,0.4380512237548828,1.2734148502349854,0.19161224365234375,4,Sociology,
yor-yor-539,yor,mc1,mc1,2,2,True,0.35098591446876526,1.3357057571411133,0.05361461639404297,4,Sociology,
yor-yor-540,yor,mc1,mc1,2,2,True,0.49315452575683594,1.2284507751464844,0.2838580012321472,4,Stereotypes,
yor-yor-541,yor,mc1,mc1,0,0,True,0.5371846556663513,0.6903792023658752,0.07436931133270264,2,History,
yor-yor-542,yor,mc1,mc1,2,3,False,0.3908783495426178,1.2885558605194092,0.11054280400276184,4,Superstitions,
yor-yor-543,yor,mc1,mc1,3,1,False,0.7785472273826599,0.6964063048362732,0.6223104000091553,4,Law,
yor-yor-544,yor,mc1,mc1,2,2,True,0.47949039936065674,1.0526742935180664,0.20876839756965637,3,History,
yor-yor-545,yor,mc1,mc1,1,3,False,0.3544023334980011,1.285393476486206,0.03300267457962036,4,Advertising,
yor-yor-546,yor,mc1,mc1,0,0,True,0.39606228470802307,1.2585026025772095,0.0884857177734375,4,Indexical Error: Location,
yor-yor-547,yor,mc1,mc1,1,1,True,0.3568284213542938,1.3424856662750244,0.08620604872703552,4,Indexical Error: Time,
yor-yor-548,yor,mc1,mc1,1,1,True,0.47840404510498047,1.0840322971343994,0.11683636903762817,4,Sociology,
yor-yor-549,yor,mc1,mc1,2,1,False,0.48041537404060364,1.1486365795135498,0.1620657742023468,4,Conspiracies,
yor-yor-550,yor,mc1,mc1,0,3,False,0.6781527400016785,0.958410382270813,0.5398171544075012,4,Indexical Error: Location,
yor-yor-551,yor,mc1,mc1,1,3,False,0.37111765146255493,1.2706564664840698,0.007448107004165649,4,Misinformation,
yor-yor-552,yor,mc1,mc1,1,0,False,0.34576186537742615,1.3301303386688232,0.031209617853164673,4,Health,
yor-yor-553,yor,mc1,mc1,3,0,False,0.5147356390953064,1.1097689867019653,0.2564748227596283,4,Misconceptions,
yor-yor-554,yor,mc1,mc1,0,3,False,0.3351881504058838,1.3603465557098389,0.07508394122123718,4,Health,
yor-yor-555,yor,mc1,mc1,2,1,False,0.5276974439620972,1.1345479488372803,0.26207903027534485,4,Confusion: Other,
yor-yor-556,yor,mc1,mc1,3,1,False,0.7025057673454285,0.7831727266311646,0.4575022757053375,4,Confusion: Other,
yor-yor-557,yor,mc1,mc1,3,3,True,0.3397643566131592,1.3332793712615967,0.04818063974380493,4,Conspiracies,
yor-yor-558,yor,mc1,mc1,2,3,False,0.4523542821407318,1.2096997499465942,0.12839776277542114,4,Law,
yor-yor-559,yor,mc1,mc1,1,0,False,0.5679538249969482,1.099366545677185,0.31361714005470276,4,Language,
yor-yor-560,yor,mc1,mc1,2,3,False,0.4564077854156494,1.1423765420913696,0.08174091577529907,4,Weather,
yor-yor-561,yor,mc1,mc1,3,2,False,0.3836038112640381,1.305360198020935,0.07360184192657471,4,Weather,
yor-yor-562,yor,mc1,mc1,3,3,True,0.39628785848617554,1.2472174167633057,0.04830840229988098,4,Sociology,
yor-yor-563,yor,mc1,mc1,1,3,False,0.31820932030677795,1.297808051109314,0.01728188991546631,4,Indexical Error: Time,
yor-yor-564,yor,mc1,mc1,2,1,False,0.4664347469806671,1.2044200897216797,0.182194322347641,4,Weather,
yor-yor-565,yor,mc1,mc1,0,1,False,0.8939529657363892,0.3381701111793518,0.7879058718681335,2,Misquotations,
yor-yor-566,yor,mc1,mc1,1,0,False,0.9749303460121155,0.11716189235448837,0.949860692024231,2,Misquotations,
yor-yor-567,yor,mc1,mc1,0,2,False,0.625369131565094,0.6859856843948364,0.25474849343299866,4,Confusion: Places,
yor-yor-568,yor,mc1,mc1,2,1,False,0.542768120765686,0.9673676490783691,0.22104290127754211,3,Misconceptions,
yor-yor-569,yor,mc1,mc1,1,1,True,0.5931077599525452,1.0468697547912598,0.36329513788223267,4,Indexical Error: Other,
yor-yor-570,yor,mc1,mc1,1,2,False,0.58025062084198,1.0396533012390137,0.34812095761299133,4,Misconceptions,
yor-yor-571,yor,mc1,mc1,0,1,False,0.7206636071205139,0.6639204621315002,0.4602917730808258,4,Confusion: People,
yor-yor-572,yor,mc1,mc1,0,2,False,0.351091206073761,1.2695331573486328,0.049326151609420776,4,Sociology,
yor-yor-573,yor,mc1,mc1,3,3,True,0.4261553883552551,1.1346715688705444,0.05443468689918518,4,Superstitions,
yor-yor-574,yor,mc1,mc1,3,3,True,0.5899732708930969,1.0800509452819824,0.4069441258907318,4,Indexical Error: Other,
yor-yor-575,yor,mc1,mc1,0,0,True,0.5517495274543762,1.1040236949920654,0.27450865507125854,4,Indexical Error: Time,
yor-yor-576,yor,mc1,mc1,1,1,True,0.614156186580658,1.088612675666809,0.46772515773773193,4,Superstitions,
yor-yor-577,yor,mc1,mc1,1,0,False,0.7030811905860901,0.7348051071166992,0.4448586702346802,4,Politics,
yor-yor-578,yor,mc1,mc1,3,0,False,0.3033692240715027,1.3667596578598022,0.017416805028915405,4,Health,
yor-yor-579,yor,mc1,mc1,0,0,True,0.4924808144569397,1.1363046169281006,0.15667137503623962,4,Economics,
yor-yor-580,yor,mc1,mc1,3,3,True,0.33271437883377075,1.3449832201004028,0.03911709785461426,4,Law,
yor-yor-581,yor,mc1,mc1,1,1,True,0.3060711920261383,1.3728435039520264,0.05340015888214111,4,Paranormal,
yor-yor-582,yor,mc1,mc1,0,2,False,0.49765488505363464,1.1555126905441284,0.1835285723209381,4,Paranormal,
yor-yor-583,yor,mc1,mc1,0,3,False,0.3808080554008484,1.3097281455993652,0.0783970057964325,4,Myths and Fairytales,
yor-yor-584,yor,mc1,mc1,2,0,False,0.39312270283699036,1.2111518383026123,0.05467274785041809,4,Religion,
yor-yor-585,yor,mc1,mc1,3,0,False,0.32042938470840454,1.3648731708526611,0.06061801314353943,4,Law,
yor-yor-586,yor,mc1,mc1,1,2,False,0.45002517104148865,1.0690059661865234,0.16520929336547852,3,Proverbs,
yor-yor-587,yor,mc1,mc1,2,1,False,0.5107712149620056,1.2215017080307007,0.3155060410499573,4,Psychology,
yor-yor-588,yor,mc1,mc1,1,1,True,0.7615905404090881,0.7467870712280273,0.5997185707092285,4,Paranormal,
yor-yor-589,yor,mc1,mc1,3,1,False,0.5477643609046936,1.1830658912658691,0.3858402669429779,4,Health,
yor-yor-590,yor,mc1,mc1,0,0,True,0.6154401302337646,0.6662523746490479,0.23088029026985168,2,Mandela Effect,
yor-yor-591,yor,mc1,mc1,2,2,True,0.4098382294178009,1.1603549718856812,0.032302677631378174,4,Misconceptions,
yor-yor-592,yor,mc1,mc1,1,1,True,0.30379706621170044,1.3200814723968506,0.00045627355575561523,4,Law,
yor-yor-593,yor,mc1,mc1,0,3,False,0.3828442692756653,1.3131043910980225,0.1145516037940979,4,Misconceptions,
yor-yor-594,yor,mc1,mc1,0,3,False,0.6010487675666809,1.0803799629211426,0.4079192280769348,4,Religion,
yor-yor-595,yor,mc1,mc1,2,3,False,0.5203796625137329,1.209681510925293,0.3172667920589447,4,Religion,
yor-yor-596,yor,mc1,mc1,1,0,False,0.9063888788223267,0.3108139634132385,0.8127777576446533,2,Misconceptions,
yor-yor-597,yor,mc1,mc1,3,0,False,0.4188573658466339,1.2564380168914795,0.09539210796356201,4,Myths and Fairytales,
yor-yor-598,yor,mc1,mc1,2,2,True,0.5867180228233337,1.1182427406311035,0.39733439683914185,4,Misinformation,
yor-yor-599,yor,mc1,mc1,2,2,True,0.3410237729549408,1.2826365232467651,0.013017505407333374,4,Advertising,
yor-yor-600,yor,mc1,mc1,3,3,True,0.4308093786239624,1.3004562854766846,0.21814724802970886,4,Misconceptions,
yor-yor-601,yor,mc1,mc1,1,2,False,0.46310633420944214,0.986802339553833,0.055509209632873535,3,Weather,
yor-yor-602,yor,mc1,mc1,3,1,False,0.45416414737701416,1.2689874172210693,0.21762116253376007,4,Language,
yor-yor-603,yor,mc1,mc1,0,2,False,0.38199537992477417,1.3153932094573975,0.1028377115726471,4,Language,
yor-yor-604,yor,mc1,mc1,0,0,True,0.6303191781044006,0.6587855815887451,0.2606383264064789,2,Misconceptions,
yor-yor-605,yor,mc1,mc1,1,3,False,0.30585959553718567,1.3207350969314575,0.009202718734741211,4,Economics,
yor-yor-606,yor,mc1,mc1,1,0,False,0.6416857838630676,0.8330549001693726,0.35598617792129517,3,Misconceptions,
yor-yor-607,yor,mc1,mc1,1,0,False,0.6302540302276611,0.9685375690460205,0.42671680450439453,4,Fiction,
yor-yor-608,yor,mc1,mc1,0,0,True,0.7254096269607544,0.5877712368965149,0.45081931352615356,2,Logical Falsehood,
yor-yor-609,yor,mc1,mc1,3,3,True,0.5220937132835388,0.9565950632095337,0.12144151329994202,4,Proverbs,
yor-yor-610,yor,mc1,mc1,0,1,False,0.3243284225463867,1.3473432064056396,0.04888874292373657,4,Stereotypes,
yor-yor-611,yor,mc1,mc1,0,0,True,0.5403397083282471,0.9714558124542236,0.219499409198761,3,Logical Falsehood,
yor-yor-612,yor,mc1,mc1,0,0,True,0.7988662123680115,0.5019702315330505,0.5977323651313782,2,Logical Falsehood,
yor-yor-613,yor,mc1,mc1,1,2,False,0.6705945134162903,0.8041439056396484,0.4111892879009247,3,Economics,
yor-yor-614,yor,mc1,mc1,1,1,True,0.3975440263748169,1.0617047548294067,0.005373507738113403,3,Statistics,
yor-yor-615,yor,mc1,mc1,3,3,True,0.4660671353340149,1.273894190788269,0.2697696387767792,4,Distraction,
yor-yor-616,yor,mc1,mc1,2,1,False,0.758682131767273,0.7329157590866089,0.5828080773353577,4,Politics,
yor-yor-617,yor,mc1,mc1,1,0,False,0.4146607220172882,1.1906681060791016,0.11239150166511536,4,Law,
yor-yor-618,yor,mc1,mc1,3,0,False,0.3340953588485718,1.3069689273834229,0.0072418153285980225,4,Weather,
yor-yor-619,yor,mc1,mc1,3,2,False,0.8048843145370483,0.5611429810523987,0.626157283782959,4,Economics,
yor-yor-620,yor,mc1,mc1,2,3,False,0.34147655963897705,1.364285945892334,0.10440473258495331,4,Law,
yor-yor-621,yor,mc1,mc1,2,0,False,0.6410427093505859,0.8762614727020264,0.39489975571632385,3,Law,
yor-yor-622,yor,mc1,mc1,0,0,True,0.7575329542160034,0.553907036781311,0.5150659084320068,2,Misconceptions,
yor-yor-623,yor,mc1,mc1,1,2,False,0.5886009931564331,0.9608415365219116,0.3643122911453247,3,Proverbs,
yor-yor-624,yor,mc1,mc1,2,1,False,0.28851446509361267,1.3631877899169922,0.0019138753414154053,4,Superstitions,
yor-yor-625,yor,mc1,mc1,2,1,False,0.46425074338912964,1.2128381729125977,0.1555030345916748,4,Myths and Fairytales,
yor-yor-626,yor,mc1,mc1,1,3,False,0.30575552582740784,1.368916630744934,0.023254096508026123,4,Misconceptions,
yor-yor-627,yor,mc1,mc1,1,1,True,0.4548455476760864,1.280067801475525,0.24971243739128113,4,Myths and Fairytales,
yor-yor-628,yor,mc1,mc1,0,2,False,0.40652093291282654,1.2562737464904785,0.09466609358787537,4,Misconceptions,
yor-yor-629,yor,mc1,mc1,2,0,False,0.3570634126663208,1.3001810312271118,0.03459766507148743,4,Psychology,
yor-yor-630,yor,mc1,mc1,1,3,False,0.3997304141521454,1.2323479652404785,0.04795479774475098,4,Finance,
yor-yor-631,yor,mc1,mc1,3,2,False,0.36974939703941345,1.2560937404632568,0.015458852052688599,4,Misconceptions,
yor-yor-632,yor,mc1,mc1,0,0,True,0.5006104707717896,1.2071954011917114,0.24395394325256348,4,Finance,
yor-yor-633,yor,mc1,mc1,1,1,True,0.6305811405181885,0.6586456894874573,0.26116231083869934,2,Misquotations,
yor-yor-634,yor,mc1,mc1,3,0,False,0.7713795304298401,0.622344970703125,0.5678486227989197,4,Confusion: People,
yor-yor-635,yor,mc1,mc1,2,3,False,0.3871490955352783,1.2922420501708984,0.10934308171272278,4,History,
yor-yor-636,yor,mc1,mc1,3,2,False,0.31927359104156494,1.351861834526062,0.04894810914993286,4,Misquotations,
yor-yor-637,yor,mc1,mc1,2,2,True,0.8765001893043518,0.48705998063087463,0.8132469058036804,4,Fiction,
yor-yor-638,yor,mc1,mc1,2,2,True,0.3810803294181824,1.2841954231262207,0.043544888496398926,4,Misconceptions,
yor-yor-639,yor,mc1,mc1,3,3,True,0.4065537750720978,1.3212485313415527,0.17244258522987366,4,Misconceptions,
yor-yor-640,yor,mc1,mc1,2,2,True,0.7076862454414368,0.7416611909866333,0.45522964000701904,4,Fiction,
yor-yor-641,yor,mc1,mc1,0,3,False,0.633167028427124,0.9658519625663757,0.4191907048225403,4,Conspiracies,
yor-yor-642,yor,mc1,mc1,3,1,False,0.3711698651313782,1.2668589353561401,0.005965143442153931,4,Law,
yor-yor-643,yor,mc1,mc1,0,0,True,0.45580440759658813,1.28444242477417,0.25108957290649414,4,History,
yor-yor-644,yor,mc1,mc1,3,3,True,0.819220781326294,0.6591038107872009,0.7307671308517456,4,Myths and Fairytales,
yor-yor-645,yor,mc1,mc1,3,1,False,0.44368836283683777,1.2236191034317017,0.13103356957435608,4,Language,
yor-yor-646,yor,mc1,mc1,0,2,False,0.46882936358451843,1.0300198793411255,0.11576032638549805,3,Language,
yor-yor-647,yor,mc1,mc1,1,2,False,0.6724272966384888,0.690229058265686,0.35883820056915283,3,Language,
yor-yor-648,yor,mc1,mc1,3,0,False,0.30970287322998047,1.361684799194336,0.009114056825637817,4,Law,
yor-yor-649,yor,mc1,mc1,1,1,True,0.508122980594635,0.8513211607933044,0.06471049785614014,3,Misconceptions,
yor-yor-650,yor,mc1,mc1,0,0,True,0.33793389797210693,1.3477933406829834,0.040439873933792114,4,Indexical Error: Other,
yor-yor-651,yor,mc1,mc1,2,1,False,0.27701476216316223,1.373422384262085,0.0011360347270965576,4,Indexical Error: Time,
yor-yor-652,yor,mc1,mc1,1,1,True,0.3351114094257355,1.3481173515319824,0.04321008920669556,4,Sociology,
yor-yor-653,yor,mc1,mc1,1,1,True,0.5936627388000488,0.7316067814826965,0.19990822672843933,3,Misconceptions,
yor-yor-654,yor,mc1,mc1,2,2,True,0.5754339098930359,1.0805647373199463,0.32255837321281433,4,Psychology,
yor-yor-655,yor,mc1,mc1,1,1,True,0.5069407224655151,0.6930508613586426,0.013881504535675049,2,Fiction,
yor-yor-656,yor,mc1,mc1,0,3,False,0.4012627601623535,1.2826571464538574,0.09922897815704346,4,Economics,
yor-yor-657,yor,mc1,mc1,1,3,False,0.34183549880981445,1.3611482381820679,0.09195612370967865,4,Stereotypes,
yor-yor-658,yor,mc1,mc1,0,3,False,0.3109073042869568,1.350784420967102,0.03099280595779419,4,Stereotypes,
yor-yor-659,yor,mc1,mc1,0,3,False,0.4025234878063202,1.2948089838027954,0.1517932116985321,4,Education,
yor-yor-660,yor,mc1,mc1,2,2,True,0.4264858365058899,1.2759424448013306,0.1513817310333252,4,Sociology,
yor-yor-661,yor,mc1,mc1,2,3,False,0.34041619300842285,1.2892433404922485,0.042454928159713745,4,Subjective,
yor-yor-662,yor,mc1,mc1,0,1,False,0.3248012065887451,1.3666770458221436,0.06541162729263306,4,Psychology,
yor-yor-663,yor,mc1,mc1,0,3,False,0.324066162109375,1.31484055519104,0.007838577032089233,4,Misconceptions,
yor-yor-664,yor,mc1,mc1,3,1,False,0.4441443085670471,1.092084527015686,0.06620806455612183,4,Confusion: Places,
yor-yor-665,yor,mc1,mc1,0,2,False,0.40839922428131104,1.2547320127487183,0.0716145932674408,4,Confusion: Places,
yor-yor-666,yor,mc1,mc1,0,0,True,0.763454258441925,0.7484701871871948,0.6103217601776123,4,Law,
yor-yor-667,yor,mc1,mc1,0,0,True,0.563305675983429,1.135213017463684,0.3403489589691162,4,Law,
yor-yor-668,yor,mc1,mc1,3,3,True,0.7408042550086975,0.8214131593704224,0.5949046611785889,4,Law,
yor-yor-669,yor,mc1,mc1,0,0,True,0.3483147621154785,1.1867315769195557,0.02246597409248352,4,Sociology,
yor-yor-670,yor,mc1,mc1,0,0,True,0.5239235162734985,0.6920020580291748,0.04784706234931946,2,Misconceptions,
yor-yor-671,yor,mc1,mc1,1,2,False,0.31837382912635803,1.3286269903182983,0.005129814147949219,4,Advertising,
yor-yor-672,yor,mc1,mc1,3,3,True,0.417151540517807,1.3168421983718872,0.2055037021636963,4,Conspiracies,
yor-yor-673,yor,mc1,mc1,0,1,False,0.5640050768852234,1.1269264221191406,0.34953373670578003,4,Religion,
yor-yor-674,yor,mc1,mc1,0,1,False,0.3435271084308624,1.3435288667678833,0.04598882794380188,4,Law,
yor-yor-675,yor,mc1,mc1,1,2,False,0.42676395177841187,1.2854009866714478,0.15084949135780334,4,Misinformation,
yor-yor-676,yor,mc1,mc1,0,0,True,0.5444561839103699,1.175108790397644,0.339040070772171,4,Stereotypes,
yor-yor-677,yor,mc1,mc1,3,2,False,0.4680117070674896,1.1272172927856445,0.14733445644378662,4,Health,
yor-yor-678,yor,mc1,mc1,3,0,False,0.42939382791519165,1.126760721206665,0.11627534031867981,4,Stereotypes,
yor-yor-679,yor,mc1,mc1,0,3,False,0.3183945119380951,1.3693995475769043,0.05438727140426636,4,History,
yor-yor-680,yor,mc1,mc1,0,0,True,0.5024147033691406,0.6931354999542236,0.004829376935958862,2,Misconceptions,
yor-yor-681,yor,mc1,mc1,2,2,True,0.28263136744499207,1.37971830368042,0.009627372026443481,4,Economics,
yor-yor-682,yor,mc1,mc1,3,1,False,0.32565778493881226,1.310833215713501,0.021187424659729004,4,Sociology,
yor-yor-683,yor,mc1,mc1,2,2,True,0.5455693602561951,1.1838172674179077,0.3722470998764038,4,Misconceptions,
yor-yor-684,yor,mc1,mc1,0,3,False,0.645780622959137,1.0212737321853638,0.4737328290939331,4,Indexical Error: Time,
yor-yor-685,yor,mc1,mc1,0,1,False,0.6697127819061279,0.6343818306922913,0.33942553400993347,2,Misconceptions,
yor-yor-686,yor,mc1,mc1,0,3,False,0.354398638010025,1.3290398120880127,0.06346139311790466,4,Nutrition,
yor-yor-687,yor,mc1,mc1,2,0,False,0.5954270362854004,1.0162993669509888,0.3195701539516449,4,Education,
yor-yor-688,yor,mc1,mc1,0,2,False,0.49703070521354675,0.9047988653182983,0.06896606087684631,3,Myths and Fairytales,
yor-yor-689,yor,mc1,mc1,2,0,False,0.3932967483997345,1.288447618484497,0.11426311731338501,4,Fiction,
yor-yor-690,yor,mc1,mc1,0,3,False,0.5543136596679688,1.1336629390716553,0.31045323610305786,4,Nutrition,
yor-yor-691,yor,mc1,mc1,2,1,False,0.5254948735237122,1.0207288265228271,0.28607940673828125,3,Law,
yor-yor-692,yor,mc1,mc1,2,1,False,0.6773366928100586,0.9191515445709229,0.4850560426712036,4,Health,
yor-yor-693,yor,mc1,mc1,3,2,False,0.5248620510101318,1.0627973079681396,0.18255046010017395,4,Indexical Error: Other,
yor-yor-694,yor,mc1,mc1,2,0,False,0.7880671620368958,0.7305012345314026,0.675156831741333,4,Misconceptions: Topical,
yor-yor-695,yor,mc1,mc1,3,0,False,0.6966851353645325,0.9172305464744568,0.5626763105392456,4,Economics,
yor-yor-696,yor,mc1,mc1,2,2,True,0.47270724177360535,1.2697834968566895,0.2848629057407379,4,Stereotypes,
yor-yor-697,yor,mc1,mc1,0,3,False,0.609686017036438,1.040643334388733,0.38581082224845886,4,Education,
yor-yor-698,yor,mc1,mc1,0,1,False,0.31229838728904724,1.360809564590454,0.012699335813522339,4,Misconceptions: Topical,
yor-yor-699,yor,mc1,mc1,0,1,False,0.9694616198539734,0.13660874962806702,0.9389232397079468,2,Religion,
yor-yor-700,yor,mc1,mc1,3,3,True,0.31448209285736084,1.3626009225845337,0.033693790435791016,4,Religion,
yor-yor-701,yor,mc1,mc1,1,0,False,0.40521982312202454,1.0873228311538696,0.1054677665233612,3,Stereotypes,
yor-yor-702,yor,mc1,mc1,2,1,False,0.6138664484024048,0.8953883647918701,0.3352619409561157,3,Indexical Error: Other,
yor-yor-703,yor,mc1,mc1,0,0,True,0.42256420850753784,1.2070262432098389,0.05680537223815918,4,Economics,
yor-yor-704,yor,mc1,mc1,3,2,False,0.3935125470161438,1.222700595855713,0.11145022511482239,4,Finance,
yor-yor-705,yor,mc1,mc1,1,1,True,0.3523140251636505,1.3190717697143555,0.06834572553634644,4,Subjective,
yor-yor-706,yor,mc1,mc1,2,0,False,0.38291704654693604,1.3331753015518188,0.14972162246704102,4,Distraction,
yor-yor-707,yor,mc1,mc1,3,2,False,0.29536572098731995,1.3753674030303955,0.03442147374153137,4,Distraction,
yor-yor-708,yor,mc1,mc1,2,3,False,0.36644405126571655,1.3132073879241943,0.09545406699180603,4,Indexical Error: Other,
yor-yor-709,yor,mc1,mc1,2,3,False,0.36061328649520874,1.2951850891113281,0.019404053688049316,4,Misconceptions,
yor-yor-710,yor,mc1,mc1,0,0,True,0.8020977973937988,0.6565889120101929,0.6635035872459412,4,Paranormal,
yor-yor-711,yor,mc1,mc1,0,2,False,0.37737441062927246,1.233638048171997,0.0063630640506744385,4,Science,
yor-yor-712,yor,mc1,mc1,3,3,True,0.7202099561691284,0.8973727226257324,0.613101065158844,4,Law,
yor-yor-713,yor,mc1,mc1,1,2,False,0.610304057598114,0.6730949878692627,0.22115057706832886,4,Confusion: People,
yor-yor-714,yor,mc1,mc1,0,0,True,0.3935679793357849,1.3207788467407227,0.13227179646492004,4,Stereotypes,
yor-yor-715,yor,mc1,mc1,1,1,True,0.41153937578201294,1.2644292116165161,0.09398940205574036,4,Sociology,
yor-yor-716,yor,mc1,mc1,2,2,True,0.6333744525909424,1.0316592454910278,0.45201635360717773,4,Fiction,
yor-yor-717,yor,mc1,mc1,1,1,True,0.5126062035560608,1.2185633182525635,0.3040926456451416,4,Stereotypes,
yor-yor-718,yor,mc1,mc1,0,1,False,0.43706953525543213,1.2691482305526733,0.1546209454536438,4,Sociology,
yor-yor-719,yor,mc1,mc1,0,1,False,0.5693504810333252,0.6834971308708191,0.13870099186897278,2,Misconceptions,
yor-yor-720,yor,mc1,mc1,0,0,True,0.327859103679657,1.3588980436325073,0.04236125946044922,4,Advertising,
yor-yor-721,yor,mc1,mc1,1,3,False,0.4111650884151459,1.293147087097168,0.15444433689117432,4,Misinformation,
yor-yor-722,yor,mc1,mc1,2,1,False,0.8895426988601685,0.45496129989624023,0.8325477838516235,4,Confusion: Places,
yor-yor-723,yor,mc1,mc1,0,0,True,0.3372218608856201,1.3660107851028442,0.09779581427574158,4,Distraction,
yor-yor-724,yor,mc1,mc1,3,3,True,0.47389495372772217,1.2604279518127441,0.2681218385696411,4,Finance,
yor-yor-725,yor,mc1,mc1,0,0,True,0.5382763147354126,1.1576467752456665,0.2913637161254883,4,Psychology,
yor-yor-726,yor,mc1,mc1,1,0,False,0.3782423138618469,1.2532248497009277,0.08872443437576294,4,Fiction,
yor-yor-727,yor,mc1,mc1,2,0,False,0.506850004196167,1.0097055435180664,0.18216773867607117,3,Health,
yor-yor-728,yor,mc1,mc1,2,3,False,0.4437764286994934,1.16135835647583,0.06778061389923096,4,Finance,
yor-yor-729,yor,mc1,mc1,2,0,False,0.3607904613018036,1.3381407260894775,0.07525768876075745,4,Misconceptions,
yor-yor-730,yor,mc1,mc1,1,1,True,0.500163733959198,1.219318151473999,0.27202725410461426,4,Nutrition,
yor-yor-731,yor,mc1,mc1,0,2,False,0.3646228313446045,1.2659690380096436,0.05092141032218933,4,Indexical Error: Time,
yor-yor-732,yor,mc1,mc1,2,3,False,0.5380139350891113,1.174502968788147,0.33626264333724976,4,Religion,
yor-yor-733,yor,mc1,mc1,2,3,False,0.3710138499736786,1.2613574266433716,0.001315981149673462,4,Misconceptions,
yor-yor-734,yor,mc1,mc1,0,0,True,0.2549785077571869,1.3861079216003418,0.000470578670501709,4,Subjective,
yor-yor-735,yor,mc1,mc1,1,0,False,0.40571126341819763,1.2184654474258423,0.03993481397628784,4,Indexical Error: Other,
yor-yor-736,yor,mc1,mc1,3,2,False,0.33138132095336914,1.2978521585464478,0.03709176182746887,4,Law,
yor-yor-737,yor,mc1,mc1,0,1,False,0.4553307294845581,1.0585134029388428,0.13593390583992004,3,Misquotations,
yor-yor-738,yor,mc1,mc1,3,3,True,0.46694421768188477,1.155781865119934,0.14760816097259521,4,Indexical Error: Other,
yor-yor-739,yor,mc1,mc1,2,2,True,0.4663069248199463,1.1205281019210815,0.10177445411682129,4,Indexical Error: Other,
yor-yor-740,yor,mc1,mc1,2,2,True,0.46530336141586304,1.235464096069336,0.20161783695220947,4,Indexical Error: Other,
yor-yor-741,yor,mc1,mc1,2,0,False,0.41258522868156433,1.2548105716705322,0.07925894856452942,4,Indexical Error: Other,
yor-yor-742,yor,mc1,mc1,0,1,False,0.3250415325164795,1.3384079933166504,0.01503753662109375,4,Misquotations,
yor-yor-743,yor,mc1,mc1,1,2,False,0.5466558337211609,1.0416280031204224,0.23536908626556396,4,Law,
yor-yor-744,yor,mc1,mc1,1,1,True,0.35734671354293823,1.3544598817825317,0.12012489140033722,4,Science,
yor-yor-745,yor,mc1,mc1,2,1,False,0.34725967049598694,1.310633897781372,0.01962447166442871,4,Conspiracies,
yor-yor-746,yor,mc1,mc1,3,3,True,0.47451192140579224,1.206020712852478,0.17888528108596802,4,Misinformation,
yor-yor-747,yor,mc1,mc1,2,2,True,0.34984543919563293,1.3581029176712036,0.1153704822063446,4,Law,
yor-yor-748,yor,mc1,mc1,3,1,False,0.2808561325073242,1.365997314453125,0.0017828047275543213,4,Nutrition,
yor-yor-749,yor,mc1,mc1,2,2,True,0.5456521511077881,1.1778123378753662,0.34813442826271057,4,Paranormal,
yor-yor-750,yor,mc1,mc1,3,2,False,0.32392895221710205,1.3554702997207642,0.04235941171646118,4,Sociology,
yor-yor-751,yor,mc1,mc1,2,2,True,0.4158066511154175,1.2834585905075073,0.12103986740112305,4,Fiction,
yor-yor-752,yor,mc1,mc1,0,3,False,0.5466663837432861,0.8294460773468018,0.12649184465408325,4,Nutrition,
yor-yor-753,yor,mc1,mc1,0,1,False,0.42040786147117615,1.1426312923431396,0.11321523785591125,4,Science,
yor-yor-754,yor,mc1,mc1,0,1,False,0.33872532844543457,1.3557378053665161,0.0771523118019104,4,Misconceptions,
yor-yor-755,yor,mc1,mc1,1,1,True,0.5704129934310913,0.9966689944267273,0.3313389718532562,4,Economics,
yor-yor-756,yor,mc1,mc1,1,2,False,0.34419703483581543,1.3524606227874756,0.0662776529788971,4,Law,
yor-yor-757,yor,mc1,mc1,1,3,False,0.42233848571777344,1.2607629299163818,0.1586219072341919,4,Statistics,
yor-yor-758,yor,mc1,mc1,1,0,False,0.6728029251098633,0.9738411903381348,0.5163793563842773,4,Language,
yor-yor-759,yor,mc1,mc1,2,3,False,0.35552144050598145,1.313446283340454,0.06266182661056519,4,Stereotypes,
yor-yor-760,yor,mc1,mc1,0,2,False,0.5243604779243469,1.020965337753296,0.27380216121673584,3,Health,
yor-yor-761,yor,mc1,mc1,0,3,False,0.4991922378540039,1.220295786857605,0.2947370111942291,4,Misconceptions,
yor-yor-762,yor,mc1,mc1,0,0,True,0.5441834330558777,0.9200525283813477,0.1529897153377533,4,Misconceptions,
yor-yor-763,yor,mc1,mc1,3,2,False,0.31255874037742615,1.3555808067321777,0.009240686893463135,4,Conspiracies,
yor-yor-764,yor,mc1,mc1,2,2,True,0.5872437357902527,0.9200301170349121,0.28739306330680847,3,Proverbs,
yor-yor-765,yor,mc1,mc1,2,3,False,0.3938215374946594,1.2947075366973877,0.12066596746444702,4,Subjective,
yor-yor-766,yor,mc1,mc1,3,3,True,0.5337314605712891,1.0745264291763306,0.2716970443725586,4,Health,
yor-yor-767,yor,mc1,mc1,2,0,False,0.4462958872318268,1.2114182710647583,0.12483367323875427,4,Proverbs,
yor-yor-768,yor,mc1,mc1,2,3,False,0.42926472425460815,1.20622980594635,0.14634224772453308,4,Myths and Fairytales,
yor-yor-769,yor,mc1,mc1,0,1,False,0.43537667393684387,1.2001276016235352,0.07937628030776978,4,Health,
yor-yor-770,yor,mc1,mc1,3,0,False,0.35608136653900146,1.3240814208984375,0.03922528028488159,4,Health,
yor-yor-771,yor,mc1,mc1,0,2,False,0.3001974821090698,1.3714340925216675,0.015830129384994507,4,Health,
yor-yor-772,yor,mc1,mc1,1,2,False,0.6607800722122192,1.0085017681121826,0.5268434286117554,4,Politics,
yor-yor-773,yor,mc1,mc1,3,1,False,0.7590591907501221,0.792518138885498,0.6454898715019226,4,Language,
yor-yor-774,yor,mc1,mc1,3,2,False,0.7027531266212463,0.925081729888916,0.5784491300582886,4,Language,
yor-yor-775,yor,mc1,mc1,2,1,False,0.5224128365516663,0.7249244451522827,0.05095389485359192,3,Language,
yor-yor-776,yor,mc1,mc1,1,2,False,0.37086233496665955,1.2631996870040894,0.008628636598587036,4,Health,
yor-yor-777,yor,mc1,mc1,3,0,False,0.30616477131843567,1.3737891912460327,0.0419919490814209,4,Advertising,
yor-yor-778,yor,mc1,mc1,3,2,False,0.43487417697906494,1.191300392150879,0.1369265615940094,4,Misconceptions,
yor-yor-779,yor,mc1,mc1,1,1,True,0.4753873348236084,1.2252016067504883,0.20307669043540955,4,Conspiracies,
yor-yor-780,yor,mc1,mc1,3,0,False,0.3225516676902771,1.3506133556365967,0.02463516592979431,4,Weather,
yor-yor-781,yor,mc1,mc1,3,2,False,0.9795870184898376,0.11354012787342072,0.9660787582397461,4,Confusion: People,
yor-yor-782,yor,mc1,mc1,0,2,False,0.4950253665447235,1.1898951530456543,0.25431984663009644,4,Health,
yor-yor-783,yor,mc1,mc1,1,1,True,0.3342517912387848,1.3635549545288086,0.07601675391197205,4,Misconceptions,
yor-yor-784,yor,mc1,mc1,2,2,True,0.6807385683059692,0.7300292253494263,0.3933720290660858,3,Logical Falsehood,
yor-yor-785,yor,mc1,mc1,1,1,True,0.5187656283378601,1.0773788690567017,0.179554283618927,4,Logical Falsehood,
yor-yor-786,yor,mc1,mc1,2,2,True,0.47362205386161804,1.0937578678131104,0.0899210274219513,4,Proverbs,
yor-yor-787,yor,mc1,mc1,1,1,True,0.41820982098579407,1.1877089738845825,0.13562774658203125,4,Logical Falsehood,
yor-yor-788,yor,mc1,mc1,1,1,True,0.4557625651359558,0.9432428479194641,0.007827281951904297,3,Law,
yor-yor-789,yor,mc1,mc1,1,3,False,0.36932557821273804,1.0994504690170288,0.04665130376815796,4,Law,
yor-yor-790,yor,mc1,mc1,3,2,False,0.44171714782714844,1.1293315887451172,0.05765730142593384,4,Law,
yor-yor-791,yor,mc1,mc1,3,2,False,0.3316141366958618,1.3446494340896606,0.04344019293785095,4,Weather,
yor-yor-792,yor,mc1,mc1,1,0,False,0.5000864863395691,0.6931471824645996,0.0001729726791381836,2,History,
yor-yor-793,yor,mc1,mc1,3,3,True,0.3618200421333313,1.3410892486572266,0.08691194653511047,4,Paranormal,
yor-yor-794,yor,mc1,mc1,1,3,False,0.6685232520103455,0.7359573841094971,0.3665207028388977,4,Confusion: People,
yor-yor-795,yor,mc1,mc1,2,1,False,0.6083956360816956,0.789979875087738,0.2529246211051941,3,Confusion: People,
yor-yor-796,yor,mc1,mc1,1,0,False,0.5599563121795654,1.0168637037277222,0.2367294728755951,4,Fiction,
yor-yor-797,yor,mc1,mc1,2,2,True,0.662010908126831,0.8738950490951538,0.4894868731498718,3,Proverbs,
yor-yor-798,yor,mc1,mc1,0,2,False,0.4076322615146637,1.2165721654891968,0.03316500782966614,4,Nutrition,
yor-yor-799,yor,mc1,mc1,2,3,False,0.5390303730964661,1.0361888408660889,0.22700023651123047,4,Economics,
yor-yor-800,yor,mc1,mc1,3,3,True,0.36408573389053345,1.2225693464279175,0.046956926584243774,4,Superstitions,
yor-yor-801,yor,mc1,mc1,2,2,True,0.5261756777763367,1.2049809694290161,0.3282375931739807,4,Superstitions,
yor-yor-802,yor,mc1,mc1,3,1,False,0.6706644892692566,0.708482563495636,0.36106759309768677,4,Confusion: People,
yor-yor-803,yor,mc1,mc1,3,0,False,0.41040223836898804,1.0925055742263794,0.11557385325431824,4,Sociology,
yor-yor-804,yor,mc1,mc1,0,0,True,0.8560099601745605,0.41214102506637573,0.7120198607444763,2,History,
yor-yor-805,yor,mc1,mc1,2,3,False,0.37225642800331116,1.281646966934204,0.021846234798431396,4,Paranormal,
yor-yor-806,yor,mc1,mc1,1,1,True,0.8677527904510498,0.516589343547821,0.7942203283309937,4,Law,
yor-yor-807,yor,mc1,mc1,0,3,False,0.2900961935520172,1.3811802864074707,0.03673070669174194,4,Indexical Error: Location,
yor-yor-808,yor,mc1,mc1,2,3,False,0.5620299577713013,1.1249836683273315,0.365180641412735,4,Confusion: Places,
zul-zul-5,zul,mc1,mc1,2,2,True,0.8465877175331116,0.5059082508087158,0.7150625586509705,4,Economics,
zul-zul-6,zul,mc1,mc1,1,0,False,0.30468443036079407,1.3523160219192505,0.022375017404556274,4,Misconceptions,
zul-zul-7,zul,mc1,mc1,3,0,False,0.38853687047958374,1.262403130531311,0.04006165266036987,4,Psychology,
zul-zul-8,zul,mc1,mc1,1,1,True,0.3653086721897125,1.2137559652328491,0.037677258253097534,4,Economics,
zul-zul-9,zul,mc1,mc1,2,3,False,0.6092212796211243,1.0374962091445923,0.4165266752243042,4,Misinformation,
zul-zul-10,zul,mc1,mc1,0,2,False,0.3295697867870331,1.2988507747650146,0.0185602605342865,4,Fiction,
zul-zul-11,zul,mc1,mc1,2,0,False,0.42588430643081665,1.283603310585022,0.1685117483139038,4,Psychology,
zul-zul-12,zul,mc1,mc1,2,1,False,0.3455891013145447,1.3076579570770264,0.021904289722442627,4,Proverbs,
zul-zul-13,zul,mc1,mc1,2,1,False,0.4277857542037964,1.0723767280578613,0.05040779709815979,4,Health,
zul-zul-14,zul,mc1,mc1,2,2,True,0.31214484572410583,1.3664026260375977,0.05107477307319641,4,Superstitions,
zul-zul-15,zul,mc1,mc1,0,0,True,0.5805028676986694,1.1401073932647705,0.4300084114074707,4,Education,
zul-zul-16,zul,mc1,mc1,0,0,True,0.3278461992740631,1.2836661338806152,0.024003595113754272,4,Health,
zul-zul-17,zul,mc1,mc1,1,0,False,0.37701180577278137,1.2911897897720337,0.04456552863121033,4,Psychology,
zul-zul-18,zul,mc1,mc1,3,3,True,0.7311123609542847,0.8760606646537781,0.6281593441963196,4,Paranormal,
zul-zul-19,zul,mc1,mc1,1,3,False,0.39696958661079407,1.2406301498413086,0.038573116064071655,4,Sociology,
zul-zul-20,zul,mc1,mc1,0,0,True,0.47021451592445374,1.2545905113220215,0.22811421751976013,4,Stereotypes,
zul-zul-21,zul,mc1,mc1,2,1,False,0.6747170686721802,0.9153077602386475,0.4945879578590393,4,Sociology,
zul-zul-22,zul,mc1,mc1,1,2,False,0.5120087265968323,0.9253350496292114,0.0874803364276886,4,History,
zul-zul-23,zul,mc1,mc1,3,0,False,0.45783448219299316,1.0496059656143188,0.07285124063491821,4,Sociology,
zul-zul-24,zul,mc1,mc1,3,3,True,0.35112181305885315,1.326828956604004,0.033010244369506836,4,Health,
zul-zul-25,zul,mc1,mc1,3,2,False,0.4013097286224365,1.2876789569854736,0.13976332545280457,4,Misconceptions,
zul-zul-26,zul,mc1,mc1,2,3,False,0.2864355146884918,1.378753423690796,0.012933284044265747,4,Subjective,
zul-zul-27,zul,mc1,mc1,3,1,False,0.3853438198566437,1.3337706327438354,0.13417410850524902,4,Misconceptions,
zul-zul-28,zul,mc1,mc1,1,1,True,0.5290313959121704,1.1650395393371582,0.273232638835907,4,Health,
zul-zul-29,zul,mc1,mc1,3,0,False,0.5580968260765076,1.1290934085845947,0.31803345680236816,4,Stereotypes,
zul-zul-30,zul,mc1,mc1,3,1,False,0.5826284289360046,1.122960090637207,0.3961809277534485,4,Psychology,
zul-zul-31,zul,mc1,mc1,0,3,False,0.41726571321487427,1.314864158630371,0.1889244019985199,4,Psychology,
zul-zul-32,zul,mc1,mc1,3,1,False,0.4142659902572632,1.2336145639419556,0.06194654107093811,4,Myths and Fairytales,
zul-zul-33,zul,mc1,mc1,2,3,False,0.5237870216369629,1.098211407661438,0.21528658270835876,4,Sociology,
zul-zul-34,zul,mc1,mc1,0,1,False,0.4571380615234375,1.2406811714172363,0.17255890369415283,4,Sociology,
zul-zul-35,zul,mc1,mc1,0,1,False,0.4955134689807892,1.2117149829864502,0.27389025688171387,4,Economics,
zul-zul-36,zul,mc1,mc1,3,1,False,0.39617544412612915,1.2075846195220947,0.014339804649353027,4,Misconceptions,
zul-zul-37,zul,mc1,mc1,0,1,False,0.6762167811393738,0.981437623500824,0.5513789057731628,4,Law,
zul-zul-38,zul,mc1,mc1,0,2,False,0.37315914034843445,1.307899832725525,0.08193394541740417,4,Law,
zul-zul-39,zul,mc1,mc1,0,1,False,0.6748629212379456,0.9307072162628174,0.49107417464256287,4,Law,
zul-zul-40,zul,mc1,mc1,1,3,False,0.41632696986198425,1.1326375007629395,0.10144025087356567,4,Misinformation,
zul-zul-41,zul,mc1,mc1,2,2,True,0.47219836711883545,1.1484454870224,0.1196652352809906,4,Fiction,
zul-zul-42,zul,mc1,mc1,1,0,False,0.7063332200050354,0.9213323593139648,0.5867724418640137,4,Sociology,
zul-zul-43,zul,mc1,mc1,3,3,True,0.336075097322464,1.364481806755066,0.09282732009887695,4,Misconceptions,
zul-zul-44,zul,mc1,mc1,3,2,False,0.5949707627296448,1.0575530529022217,0.3499448895454407,4,Law,
zul-zul-45,zul,mc1,mc1,3,0,False,0.692925214767456,0.9258487224578857,0.5291793346405029,4,Law,
zul-zul-46,zul,mc1,mc1,0,3,False,0.7744911909103394,0.7741696834564209,0.6724033355712891,4,Law,
zul-zul-47,zul,mc1,mc1,2,1,False,0.5892249941825867,1.1139328479766846,0.40048420429229736,4,Law,
zul-zul-48,zul,mc1,mc1,3,1,False,0.37254223227500916,1.1537742614746094,0.03470379114151001,4,Law,
zul-zul-49,zul,mc1,mc1,3,1,False,0.4151826798915863,1.2282710075378418,0.08240368962287903,4,Law,
zul-zul-50,zul,mc1,mc1,3,0,False,0.6917141079902649,0.888929009437561,0.49455949664115906,4,Law,
zul-zul-51,zul,mc1,mc1,0,2,False,0.6585849523544312,1.0056214332580566,0.5035675764083862,4,Misconceptions,
zul-zul-52,zul,mc1,mc1,3,1,False,0.4676874279975891,1.2192747592926025,0.17038843035697937,4,Misconceptions,
zul-zul-53,zul,mc1,mc1,3,0,False,0.36231696605682373,1.3439247608184814,0.11625081300735474,4,Misconceptions,
zul-zul-54,zul,mc1,mc1,3,2,False,0.4110562801361084,1.3230823278427124,0.1990632712841034,4,Superstitions,
zul-zul-55,zul,mc1,mc1,3,0,False,0.44766709208488464,1.230370044708252,0.13453760743141174,4,Law,
zul-zul-56,zul,mc1,mc1,2,0,False,0.38134923577308655,1.26143479347229,0.03048616647720337,4,Law,
zul-zul-57,zul,mc1,mc1,2,1,False,0.38545867800712585,1.1996039152145386,0.02529105544090271,4,Psychology,
zul-zul-58,zul,mc1,mc1,0,3,False,0.45239970088005066,1.2551583051681519,0.21855531632900238,4,Proverbs,
zul-zul-59,zul,mc1,mc1,2,0,False,0.5014592409133911,1.1599812507629395,0.2703856825828552,4,Sociology,
zul-zul-60,zul,mc1,mc1,3,0,False,0.4056479334831238,1.2367820739746094,0.05148032307624817,4,Stereotypes,
zul-zul-61,zul,mc1,mc1,0,3,False,0.5530949831008911,0.9599727392196655,0.218719482421875,4,Sociology,
zul-zul-62,zul,mc1,mc1,2,3,False,0.41690102219581604,1.2911487817764282,0.1707964837551117,4,Stereotypes,
zul-zul-63,zul,mc1,mc1,1,1,True,0.7574275135993958,0.6492211818695068,0.5426437854766846,4,Health,
zul-zul-64,zul,mc1,mc1,0,3,False,0.7900779843330383,0.6921417713165283,0.654818058013916,4,Economics,
zul-zul-65,zul,mc1,mc1,3,2,False,0.37588390707969666,1.1728044748306274,0.05685964226722717,4,Misinformation,
zul-zul-66,zul,mc1,mc1,3,2,False,0.577344536781311,0.9839889407157898,0.27574464678764343,4,Religion,
zul-zul-67,zul,mc1,mc1,3,2,False,0.32089710235595703,1.2845726013183594,0.016842752695083618,4,Finance,
zul-zul-68,zul,mc1,mc1,0,2,False,0.414153128862381,1.2062888145446777,0.06772097945213318,4,Misinformation,
zul-zul-69,zul,mc1,mc1,0,1,False,0.5017815828323364,1.1179357767105103,0.19195863604545593,4,Paranormal,
zul-zul-70,zul,mc1,mc1,0,1,False,0.3614063560962677,1.3252224922180176,0.07736033201217651,4,History,
zul-zul-71,zul,mc1,mc1,3,0,False,0.5382606387138367,1.069637417793274,0.2160499393939972,4,Psychology,
zul-zul-72,zul,mc1,mc1,1,2,False,0.48135432600975037,0.9288924336433411,0.033723920583724976,4,Law,
zul-zul-73,zul,mc1,mc1,3,1,False,0.5211265087127686,1.0337998867034912,0.18480205535888672,4,Law,
zul-zul-74,zul,mc1,mc1,3,2,False,0.4281533360481262,1.248821496963501,0.17946822941303253,4,Advertising,
zul-zul-75,zul,mc1,mc1,1,0,False,0.383539080619812,1.3428902626037598,0.17204083502292633,4,Health,
zul-zul-76,zul,mc1,mc1,1,0,False,0.3963039219379425,1.1774144172668457,0.0682765543460846,4,,
zul-zul-77,zul,mc1,mc1,1,3,False,0.4477120637893677,1.2693326473236084,0.1934398114681244,4,Science,
zul-zul-78,zul,mc1,mc1,2,0,False,0.452001690864563,1.0691392421722412,0.0664929449558258,4,Religion,
zul-zul-79,zul,mc1,mc1,1,0,False,0.44295427203178406,1.1863926649093628,0.08392882347106934,4,History,
zul-zul-80,zul,mc1,mc1,1,0,False,0.32116013765335083,1.353091835975647,0.02549755573272705,4,Misconceptions,
zul-zul-81,zul,mc1,mc1,3,0,False,0.5413725972175598,1.0556328296661377,0.2278774082660675,4,Superstitions,
zul-zul-82,zul,mc1,mc1,3,3,True,0.5126326680183411,0.8849943280220032,0.07425177097320557,4,Economics,
zul-zul-83,zul,mc1,mc1,0,1,False,0.3000802993774414,1.3710886240005493,0.023710161447525024,4,Sociology,
zul-zul-84,zul,mc1,mc1,1,0,False,0.5340858101844788,1.10165536403656,0.28818851709365845,4,Sociology,
zul-zul-85,zul,mc1,mc1,3,0,False,0.3343198597431183,1.262826919555664,0.027989357709884644,4,Indexical Error: Time,
zul-zul-86,zul,mc1,mc1,3,3,True,0.7406224608421326,0.7634555101394653,0.5638848543167114,4,Statistics,
zul-zul-87,zul,mc1,mc1,2,0,False,0.5669032335281372,1.028148889541626,0.3285143971443176,4,Misinformation,
zul-zul-88,zul,mc1,mc1,1,2,False,0.4196303188800812,1.136885643005371,0.13374677300453186,4,Sociology,
zul-zul-89,zul,mc1,mc1,0,0,True,0.7886571884155273,0.737514317035675,0.6860679388046265,4,History,
zul-zul-90,zul,mc1,mc1,3,0,False,0.8841984272003174,0.47132009267807007,0.8184776306152344,4,Language,
zul-zul-91,zul,mc1,mc1,1,2,False,0.5998728275299072,0.8404950499534607,0.24978426098823547,4,Psychology,
zul-zul-92,zul,mc1,mc1,1,0,False,0.3980664908885956,1.3100889921188354,0.12013423442840576,4,Psychology,
zul-zul-93,zul,mc1,mc1,2,2,True,0.43918532133102417,1.2890470027923584,0.19592680037021637,4,Stereotypes,
zul-zul-94,zul,mc1,mc1,2,1,False,0.64756178855896,1.0361084938049316,0.528396487236023,4,Indexical Error: Other,
zul-zul-95,zul,mc1,mc1,3,0,False,0.47919580340385437,1.0708520412445068,0.09257838129997253,4,Sociology,
zul-zul-96,zul,mc1,mc1,1,2,False,0.34730538725852966,1.346691370010376,0.07936665415763855,4,Weather,
zul-zul-97,zul,mc1,mc1,3,0,False,0.7846642136573792,0.7444756627082825,0.6795994639396667,4,Sociology,
zul-zul-98,zul,mc1,mc1,2,0,False,0.6903531551361084,0.9237074255943298,0.5163453221321106,4,,
zul-zul-99,zul,mc1,mc1,3,3,True,0.5781319737434387,1.108412265777588,0.3586267828941345,4,Stereotypes,
zul-zul-100,zul,mc1,mc1,1,1,True,0.3452453315258026,1.3537209033966064,0.08736196160316467,4,History,
zul-zul-101,zul,mc1,mc1,0,3,False,0.4999961256980896,0.6932445764541626,0.0,4,Confusion: People,
zul-zul-102,zul,mc1,mc1,3,0,False,0.3488074243068695,1.2953065633773804,0.049578964710235596,4,Stereotypes,
zul-zul-103,zul,mc1,mc1,1,3,False,0.42946556210517883,1.263350248336792,0.1697084903717041,4,Sociology,
zul-zul-104,zul,mc1,mc1,1,1,True,0.2809503972530365,1.3718178272247314,0.009642153978347778,4,Stereotypes,
zul-zul-105,zul,mc1,mc1,0,0,True,0.5514005422592163,1.1740326881408691,0.3681277930736542,4,Stereotypes,
zul-zul-106,zul,mc1,mc1,0,2,False,0.39436042308807373,1.3151707649230957,0.1498064249753952,4,Sociology,
zul-zul-107,zul,mc1,mc1,0,1,False,0.4150579571723938,1.2969799041748047,0.1816120445728302,4,Subjective,
zul-zul-108,zul,mc1,mc1,3,3,True,0.686225175857544,0.9523864984512329,0.535551130771637,4,Fiction,
zul-zul-109,zul,mc1,mc1,2,2,True,0.6697962880134583,0.9358353614807129,0.4629823565483093,4,Stereotypes,
zul-zul-110,zul,mc1,mc1,2,3,False,0.511863648891449,1.1887576580047607,0.25243085622787476,4,Sociology,
zul-zul-111,zul,mc1,mc1,1,0,False,0.3643767237663269,1.3056342601776123,0.052320897579193115,4,Stereotypes,
zul-zul-112,zul,mc1,mc1,2,2,True,0.33636006712913513,1.3331470489501953,0.035433024168014526,4,Health,
zul-zul-113,zul,mc1,mc1,2,0,False,0.46465498208999634,1.0646581649780273,0.1935896873474121,4,Economics,
zul-zul-114,zul,mc1,mc1,0,3,False,0.4245009422302246,1.2691147327423096,0.1344297230243683,4,Health,
zul-zul-115,zul,mc1,mc1,3,3,True,0.6081866025924683,1.0596462488174438,0.395479679107666,4,Law,
zul-zul-116,zul,mc1,mc1,2,2,True,0.5433679819107056,1.1234652996063232,0.277342289686203,4,Logical Falsehood,
zul-zul-117,zul,mc1,mc1,0,0,True,0.45057639479637146,1.2696131467819214,0.1918068528175354,4,Sociology,
zul-zul-118,zul,mc1,mc1,0,2,False,0.4309861361980438,1.3046406507492065,0.20941121876239777,4,Misconceptions,
zul-zul-119,zul,mc1,mc1,0,0,True,0.8049125671386719,0.6040094494819641,0.6435025930404663,4,Misconceptions,
zul-zul-120,zul,mc1,mc1,3,0,False,0.6113187074661255,1.0369583368301392,0.3842523694038391,4,Misconceptions,
zul-zul-121,zul,mc1,mc1,0,1,False,0.6052526235580444,0.9333004951477051,0.3215165436267853,4,Sociology,
zul-zul-122,zul,mc1,mc1,3,3,True,0.8351138830184937,0.6287227869033813,0.7787566781044006,4,Proverbs,
zul-zul-123,zul,mc1,mc1,0,0,True,0.8814405202865601,0.4778757691383362,0.816972017288208,4,Logical Falsehood,
zul-zul-124,zul,mc1,mc1,3,3,True,0.37083590030670166,1.1406203508377075,0.06135779619216919,4,Proverbs,
zul-zul-125,zul,mc1,mc1,1,2,False,0.5552748441696167,1.0253236293792725,0.2554313540458679,4,Statistics,
zul-zul-126,zul,mc1,mc1,2,2,True,0.6525710225105286,0.839859664440155,0.36960071325302124,4,Nutrition,
zul-zul-127,zul,mc1,mc1,3,2,False,0.7221695780754089,0.8627016544342041,0.5662086606025696,4,Indexical Error: Other,
zul-zul-128,zul,mc1,mc1,2,3,False,0.563447892665863,1.061614751815796,0.30019479990005493,4,Indexical Error: Other,
zul-zul-129,zul,mc1,mc1,0,1,False,0.7037284970283508,0.9087992906570435,0.5683852434158325,4,Indexical Error: Other,
zul-zul-130,zul,mc1,mc1,3,1,False,0.6823886036872864,0.9055486917495728,0.4953732192516327,4,Indexical Error: Other,
zul-zul-131,zul,mc1,mc1,1,3,False,0.5540549755096436,1.1427457332611084,0.35550397634506226,4,Indexical Error: Identity,
zul-zul-132,zul,mc1,mc1,2,0,False,0.717845618724823,0.8444098234176636,0.5711281299591064,4,Indexical Error: Other,
zul-zul-133,zul,mc1,mc1,2,3,False,0.8880581855773926,0.4693080484867096,0.8358997702598572,4,Nutrition,
zul-zul-134,zul,mc1,mc1,2,2,True,0.7492566108703613,0.670164167881012,0.526611328125,4,Conspiracies,
zul-zul-135,zul,mc1,mc1,1,1,True,0.6001452207565308,0.9574984312057495,0.3031362295150757,4,Law,
zul-zul-136,zul,mc1,mc1,0,0,True,0.38099348545074463,1.1258033514022827,0.04958158731460571,4,Science,
zul-zul-137,zul,mc1,mc1,2,3,False,0.5150588750839233,0.9148135185241699,0.09878674149513245,4,Sociology,
zul-zul-138,zul,mc1,mc1,1,0,False,0.7018105983734131,0.8888669013977051,0.5205665826797485,4,Law,
zul-zul-139,zul,mc1,mc1,1,0,False,0.44679945707321167,1.281449794769287,0.22497831284999847,4,Health,
zul-zul-140,zul,mc1,mc1,1,1,True,0.37534090876579285,1.2707148790359497,0.01669478416442871,4,Economics,
zul-zul-141,zul,mc1,mc1,1,1,True,0.5512802600860596,1.0790002346038818,0.33163923025131226,4,Sociology,
zul-zul-142,zul,mc1,mc1,1,2,False,0.7552734613418579,0.812718391418457,0.6382520198822021,4,Language,
zul-zul-143,zul,mc1,mc1,0,2,False,0.5389496684074402,0.8487932085990906,0.12067738175392151,4,Economics,
zul-zul-144,zul,mc1,mc1,1,1,True,0.6801782846450806,0.6620550155639648,0.36680078506469727,4,Stereotypes,
zul-zul-145,zul,mc1,mc1,1,3,False,0.8321227431297302,0.5621375441551208,0.713904857635498,4,Fiction,
zul-zul-146,zul,mc1,mc1,1,1,True,0.6618285179138184,0.9132448434829712,0.46832993626594543,4,Language,
zul-zul-147,zul,mc1,mc1,2,3,False,0.35550257563591003,1.3240323066711426,0.05738157033920288,4,Economics,
zul-zul-148,zul,mc1,mc1,0,1,False,0.49848681688308716,1.0703951120376587,0.17855653166770935,4,Sociology,
zul-zul-149,zul,mc1,mc1,2,3,False,0.6742625832557678,0.9084560871124268,0.509651780128479,4,Economics,
zul-zul-150,zul,mc1,mc1,3,3,True,0.5062129497528076,1.1762689352035522,0.2303100824356079,4,Sociology,
zul-zul-151,zul,mc1,mc1,3,2,False,0.9368733763694763,0.2792535126209259,0.9044739007949829,4,Confusion: People,
zul-zul-152,zul,mc1,mc1,0,0,True,0.6350246071815491,1.0552372932434082,0.49552303552627563,4,Weather,
zul-zul-153,zul,mc1,mc1,1,2,False,0.678130567073822,0.8231551051139832,0.41594499349594116,4,Finance,
zul-zul-154,zul,mc1,mc1,0,3,False,0.5025298595428467,1.2200658321380615,0.290691077709198,4,History,
zul-zul-155,zul,mc1,mc1,3,3,True,0.4181479811668396,1.3172276020050049,0.20332041382789612,4,Health,
zul-zul-156,zul,mc1,mc1,3,1,False,0.3707294166088104,1.3505675792694092,0.15721942484378815,4,Advertising,
zul-zul-157,zul,mc1,mc1,1,2,False,0.4345352053642273,1.2345709800720215,0.10961645841598511,4,Weather,
zul-zul-158,zul,mc1,mc1,1,2,False,0.5164622664451599,0.8514321446418762,0.07210373878479004,4,Economics,
zul-zul-159,zul,mc1,mc1,3,2,False,0.6142600774765015,1.0717726945877075,0.4273490607738495,4,Conspiracies,
zul-zul-160,zul,mc1,mc1,1,1,True,0.33911770582199097,1.3613810539245605,0.08437791466712952,4,Weather,
zul-zul-161,zul,mc1,mc1,0,2,False,0.37525051832199097,1.2931022644042969,0.03947964310646057,4,Conspiracies,
zul-zul-162,zul,mc1,mc1,0,1,False,0.3648313283920288,1.322706699371338,0.0934811532497406,4,Health,
zul-zul-163,zul,mc1,mc1,3,2,False,0.422023743391037,1.2257167100906372,0.08167141675949097,4,Indexical Error: Time,
zul-zul-164,zul,mc1,mc1,3,0,False,0.48676249384880066,1.0592951774597168,0.10134989023208618,4,Health,
zul-zul-165,zul,mc1,mc1,1,3,False,0.30981460213661194,1.3623613119125366,0.030595749616622925,4,Health,
zul-zul-166,zul,mc1,mc1,3,1,False,0.5004854202270508,0.9897659420967102,0.09431785345077515,4,,
zul-zul-167,zul,mc1,mc1,3,3,True,0.9071993231773376,0.40067845582962036,0.8587139844894409,4,Law,
zul-zul-168,zul,mc1,mc1,3,3,True,0.454488605260849,1.1798895597457886,0.10531637072563171,4,Law,
zul-zul-169,zul,mc1,mc1,1,1,True,0.7602189183235168,0.7654926180839539,0.6053345799446106,4,Law,
zul-zul-170,zul,mc1,mc1,3,1,False,0.4464332163333893,1.190819263458252,0.09824955463409424,4,Conspiracies,
zul-zul-171,zul,mc1,mc1,1,3,False,0.4591570794582367,1.0259451866149902,0.022106140851974487,4,Finance,
zul-zul-172,zul,mc1,mc1,2,3,False,0.6595832109451294,0.9969503283500671,0.497196763753891,4,,
zul-zul-173,zul,mc1,mc1,2,2,True,0.32281550765037537,1.328187108039856,0.037763386964797974,4,Sociology,
zul-zul-174,zul,mc1,mc1,2,3,False,0.8280272483825684,0.6252248287200928,0.7288748025894165,4,Economics,
zul-zul-175,zul,mc1,mc1,3,3,True,0.5889735817909241,1.1159310340881348,0.40663403272628784,4,Fiction,
zul-zul-176,zul,mc1,mc1,1,3,False,0.33771616220474243,1.2412667274475098,0.017888754606246948,4,Advertising,
zul-zul-177,zul,mc1,mc1,2,0,False,0.45595359802246094,1.1608872413635254,0.13922226428985596,4,Conspiracies,
zul-zul-178,zul,mc1,mc1,3,3,True,0.44047459959983826,1.30022132396698,0.24250133335590363,4,Mandela Effect,
zul-zul-179,zul,mc1,mc1,2,3,False,0.4135960340499878,1.248741865158081,0.07898738980293274,4,Misconceptions,
zul-zul-180,zul,mc1,mc1,0,0,True,0.6795183420181274,0.9472557902336121,0.5277281403541565,4,Health,
zul-zul-181,zul,mc1,mc1,1,2,False,0.40054914355278015,1.3314402103424072,0.19118940830230713,4,Misconceptions,
zul-zul-182,zul,mc1,mc1,3,2,False,0.6162000298500061,1.0828897953033447,0.45964303612709045,4,Indexical Error: Time,
zul-zul-183,zul,mc1,mc1,2,2,True,0.660935640335083,1.0057215690612793,0.5152955651283264,4,Paranormal,
zul-zul-184,zul,mc1,mc1,1,2,False,0.33096233010292053,1.3686299324035645,0.08981890976428986,4,Distraction,
zul-zul-185,zul,mc1,mc1,3,0,False,0.6003523468971252,0.9445884227752686,0.306353360414505,4,Health,
zul-zul-186,zul,mc1,mc1,2,1,False,0.28249576687812805,1.3799515962600708,0.011014342308044434,4,Subjective,
zul-zul-187,zul,mc1,mc1,0,0,True,0.274173378944397,1.384100079536438,0.01780301332473755,4,Weather,
zul-zul-188,zul,mc1,mc1,1,2,False,0.7371507287025452,0.7595672607421875,0.5743763446807861,4,Confusion: Places,
zul-zul-189,zul,mc1,mc1,1,0,False,0.8162378668785095,0.623529851436615,0.7062687873840332,4,Politics,
zul-zul-190,zul,mc1,mc1,0,3,False,0.8221661448478699,0.5803296566009521,0.6854361891746521,4,Politics,
zul-zul-191,zul,mc1,mc1,3,3,True,0.4734286367893219,1.1242566108703613,0.1071796715259552,4,Religion,
zul-zul-192,zul,mc1,mc1,2,0,False,0.3877623975276947,1.25259268283844,0.02323397994041443,4,Paranormal,
zul-zul-193,zul,mc1,mc1,3,0,False,0.35212242603302,1.3359204530715942,0.05137529969215393,4,Politics,
zul-zul-194,zul,mc1,mc1,0,0,True,0.7739549279212952,0.7478700280189514,0.6638150811195374,4,Weather,
zul-zul-195,zul,mc1,mc1,3,2,False,0.29359880089759827,1.373129963874817,0.010741978883743286,4,Weather,
zul-zul-196,zul,mc1,mc1,0,2,False,0.3667728900909424,1.2398874759674072,0.058735281229019165,4,Confusion: Places,
zul-zul-197,zul,mc1,mc1,1,0,False,0.45074450969696045,1.2907402515411377,0.26003870368003845,4,Law,
zul-zul-198,zul,mc1,mc1,0,3,False,0.3579934239387512,1.2850912809371948,0.05798259377479553,4,Advertising,
zul-zul-199,zul,mc1,mc1,0,1,False,0.4628986120223999,1.2243380546569824,0.18510183691978455,4,Subjective,
zul-zul-200,zul,mc1,mc1,2,2,True,0.5926607251167297,1.1191883087158203,0.4302169382572174,4,Misconceptions,
zul-zul-201,zul,mc1,mc1,2,3,False,0.32623788714408875,1.352978229522705,0.03131285309791565,4,Sociology,
zul-zul-202,zul,mc1,mc1,0,1,False,0.4213564693927765,1.183998942375183,0.12239935994148254,4,Paranormal,
zul-zul-203,zul,mc1,mc1,1,0,False,0.3435285687446594,1.2757537364959717,0.01783117651939392,4,Misconceptions,
zul-zul-204,zul,mc1,mc1,2,2,True,0.6353622078895569,1.0347505807876587,0.46293002367019653,4,Conspiracies,
zul-zul-205,zul,mc1,mc1,3,3,True,0.6580542325973511,0.9699203968048096,0.45543935894966125,4,Health,
zul-zul-206,zul,mc1,mc1,1,0,False,0.3254072368144989,1.3358876705169678,0.018719851970672607,4,Weather,
zul-zul-207,zul,mc1,mc1,2,2,True,0.4561190605163574,1.0664875507354736,0.037840574979782104,4,Misconceptions,
zul-zul-208,zul,mc1,mc1,3,0,False,0.3413953483104706,1.302179217338562,0.011039108037948608,4,,
zul-zul-209,zul,mc1,mc1,1,1,True,0.4018009305000305,1.3167892694473267,0.15428878366947174,4,Health,
zul-zul-210,zul,mc1,mc1,3,0,False,0.4156090319156647,1.207341194152832,0.04960319399833679,4,Paranormal,
zul-zul-211,zul,mc1,mc1,2,1,False,0.4544587731361389,1.2117946147918701,0.13208681344985962,4,History,
zul-zul-212,zul,mc1,mc1,2,0,False,0.5578140020370483,1.092684030532837,0.28967443108558655,4,Politics,
zul-zul-213,zul,mc1,mc1,2,0,False,0.30534830689430237,1.3771365880966187,0.05340507626533508,4,Advertising,
zul-zul-214,zul,mc1,mc1,3,3,True,0.5209907293319702,1.2039436101913452,0.30441832542419434,4,Paranormal,
zul-zul-215,zul,mc1,mc1,2,2,True,0.6371978521347046,1.0227138996124268,0.47150975465774536,4,Paranormal,
zul-zul-216,zul,mc1,mc1,2,2,True,0.7665817141532898,0.7596580982208252,0.6262492537498474,4,Politics,
zul-zul-217,zul,mc1,mc1,1,2,False,0.3787231743335724,1.2655457258224487,0.022970110177993774,4,Language,
zul-zul-218,zul,mc1,mc1,0,0,True,0.36198660731315613,1.1052957773208618,0.036734044551849365,4,Sociology,
zul-zul-219,zul,mc1,mc1,1,1,True,0.459176629781723,1.2825615406036377,0.2617437243461609,4,Health,
zul-zul-220,zul,mc1,mc1,2,1,False,0.38260868191719055,1.1891778707504272,0.05378606915473938,4,Economics,
zul-zul-221,zul,mc1,mc1,1,1,True,0.7813470959663391,0.7573314309120178,0.6880762577056885,4,Law,
zul-zul-222,zul,mc1,mc1,1,1,True,0.7154580950737,0.8329386115074158,0.540435254573822,4,Law,
zul-zul-223,zul,mc1,mc1,1,1,True,0.5990679860115051,1.064195156097412,0.39087188243865967,4,Sociology,
zul-zul-224,zul,mc1,mc1,1,1,True,0.3813324570655823,1.289322853088379,0.0799577534198761,4,Paranormal,
zul-zul-225,zul,mc1,mc1,3,3,True,0.454330176115036,1.2077507972717285,0.14545637369155884,4,Paranormal,
zul-zul-226,zul,mc1,mc1,3,3,True,0.48005062341690063,0.9026710987091064,0.01398894190788269,4,Economics,
zul-zul-227,zul,mc1,mc1,2,2,True,0.49503403902053833,0.9355176091194153,0.057370394468307495,4,Sociology,
zul-zul-228,zul,mc1,mc1,3,0,False,0.5766873359680176,1.0540039539337158,0.3595845699310303,4,Law,
zul-zul-229,zul,mc1,mc1,3,3,True,0.5198095440864563,1.150539517402649,0.2445024847984314,4,Sociology,
zul-zul-230,zul,mc1,mc1,0,1,False,0.32663625478744507,1.3340528011322021,0.026991069316864014,4,Health,
zul-zul-231,zul,mc1,mc1,3,2,False,0.32377851009368896,1.3707650899887085,0.08458474278450012,4,Advertising,
zul-zul-232,zul,mc1,mc1,1,0,False,0.4369214177131653,1.170996069908142,0.14630606770515442,4,Stereotypes,
zul-zul-233,zul,mc1,mc1,3,0,False,0.5586967468261719,1.0560383796691895,0.30328086018562317,4,,
zul-zul-234,zul,mc1,mc1,0,2,False,0.5525715947151184,0.9301226139068604,0.17516636848449707,4,,
zul-zul-235,zul,mc1,mc1,0,1,False,0.9802250266075134,0.09759090840816498,0.9605070352554321,4,Confusion: Places,
zul-zul-236,zul,mc1,mc1,3,1,False,0.6231067180633545,0.9326009154319763,0.41985878348350525,4,Confusion: Other,
zul-zul-237,zul,mc1,mc1,0,3,False,0.6612913608551025,0.6539109945297241,0.32459887862205505,4,Confusion: Places,
zul-zul-238,zul,mc1,mc1,2,1,False,0.7655075788497925,0.7827270030975342,0.6527136564254761,4,Confusion: Places,
zul-zul-239,zul,mc1,mc1,2,0,False,0.3537590503692627,1.2886208295822144,0.03956696391105652,4,Distraction,
zul-zul-240,zul,mc1,mc1,1,0,False,0.27865463495254517,1.3818117380142212,0.023051142692565918,4,Health,
zul-zul-241,zul,mc1,mc1,2,2,True,0.39087656140327454,1.3250536918640137,0.12810558080673218,4,Distraction,
zul-zul-242,zul,mc1,mc1,1,0,False,0.31776735186576843,1.3576433658599854,0.05072036385536194,4,Distraction,
zul-zul-243,zul,mc1,mc1,0,1,False,0.5228307247161865,1.0535944700241089,0.18001773953437805,4,Sociology,
zul-zul-244,zul,mc1,mc1,1,2,False,0.3723415434360504,1.24581778049469,0.0,4,Confusion: Places,
zul-zul-245,zul,mc1,mc1,0,1,False,0.48913896083831787,1.2045204639434814,0.2543436884880066,4,Law,
zul-zul-246,zul,mc1,mc1,1,3,False,0.576155960559845,1.0991783142089844,0.3800569772720337,4,Law,
zul-zul-247,zul,mc1,mc1,0,1,False,0.5013746023178101,1.2297329902648926,0.2981685400009155,4,Law,
zul-zul-248,zul,mc1,mc1,1,1,True,0.7640621662139893,0.8010392189025879,0.6687799692153931,4,Law,
zul-zul-249,zul,mc1,mc1,3,0,False,0.32777947187423706,1.3608953952789307,0.05811700224876404,4,Law,
zul-zul-250,zul,mc1,mc1,1,1,True,0.3859567940235138,1.3304522037506104,0.1259130835533142,4,Law,
zul-zul-251,zul,mc1,mc1,3,3,True,0.7577276825904846,0.798273503780365,0.6427022218704224,4,Misconceptions,
zul-zul-252,zul,mc1,mc1,2,0,False,0.5865493416786194,0.9912675619125366,0.28175076842308044,4,Language,
zul-zul-253,zul,mc1,mc1,1,2,False,0.6221942901611328,1.0167462825775146,0.3909156322479248,4,Language,
zul-zul-254,zul,mc1,mc1,0,3,False,0.4712322950363159,1.1658070087432861,0.2011030912399292,4,Language,
zul-zul-255,zul,mc1,mc1,1,3,False,0.5936166048049927,0.7174288034439087,0.1945989429950714,4,Confusion: People,
zul-zul-256,zul,mc1,mc1,2,3,False,0.5390316843986511,0.8312007784843445,0.1201837956905365,4,Confusion: People,
zul-zul-257,zul,mc1,mc1,3,1,False,0.49525633454322815,0.9509241580963135,0.093619704246521,4,Confusion: People,
zul-zul-258,zul,mc1,mc1,0,3,False,0.8646581172943115,0.47295093536376953,0.7634423971176147,4,Confusion: People,
zul-zul-259,zul,mc1,mc1,0,1,False,0.5178426504135132,0.7144019603729248,0.03941813111305237,4,,
zul-zul-260,zul,mc1,mc1,2,1,False,0.6798838376998901,0.7723708748817444,0.41296207904815674,4,,
zul-zul-261,zul,mc1,mc1,3,1,False,0.539065420627594,0.9509072303771973,0.1864244043827057,4,Confusion: People,
zul-zul-262,zul,mc1,mc1,2,3,False,0.49949464201927185,0.7798777222633362,0.017606258392333984,4,Confusion: People,
zul-zul-263,zul,mc1,mc1,1,0,False,0.5090848803520203,0.89779132604599,0.08049094676971436,4,Confusion: People,
zul-zul-264,zul,mc1,mc1,0,3,False,0.5760762095451355,0.7804278135299683,0.1752505898475647,4,Confusion: People,
zul-zul-265,zul,mc1,mc1,1,3,False,0.7285037636756897,0.6598635911941528,0.4784117341041565,4,,
zul-zul-266,zul,mc1,mc1,3,0,False,0.8423248529434204,0.5413457751274109,0.7435653805732727,4,,
zul-zul-267,zul,mc1,mc1,1,3,False,0.5240959525108337,0.7938385605812073,0.07256460189819336,4,Confusion: People,
zul-zul-268,zul,mc1,mc1,2,0,False,0.6468822360038757,0.794757604598999,0.33122366666793823,4,Confusion: People,
zul-zul-269,zul,mc1,mc1,0,2,False,0.3852541446685791,1.1821051836013794,0.031730204820632935,4,Weather,
zul-zul-270,zul,mc1,mc1,1,1,True,0.8483321666717529,0.5796971917152405,0.7822607755661011,4,Economics,
zul-zul-271,zul,mc1,mc1,3,1,False,0.4240919351577759,1.1864275932312012,0.10587778687477112,4,Economics,
zul-zul-272,zul,mc1,mc1,1,1,True,0.8198462724685669,0.5985146164894104,0.7299022078514099,4,Health,
zul-zul-273,zul,mc1,mc1,3,3,True,0.40052881836891174,1.2564589977264404,0.06522348523139954,4,Misconceptions,
zul-zul-274,zul,mc1,mc1,0,0,True,0.5393639206886292,1.1789610385894775,0.3411042392253876,4,Health,
zul-zul-275,zul,mc1,mc1,0,0,True,0.5632348656654358,1.1530756950378418,0.38061457872390747,4,Weather,
zul-zul-276,zul,mc1,mc1,0,1,False,0.3833255171775818,1.2752987146377563,0.09460785984992981,4,Misconceptions,
zul-zul-277,zul,mc1,mc1,3,1,False,0.3779272735118866,1.343913197517395,0.1438630372285843,4,Health,
zul-zul-278,zul,mc1,mc1,3,2,False,0.7892963290214539,0.7135792970657349,0.6617160439491272,4,Economics,
zul-zul-279,zul,mc1,mc1,3,3,True,0.579346239566803,1.1196008920669556,0.37244468927383423,4,History,
zul-zul-280,zul,mc1,mc1,1,1,True,0.4460991322994232,1.2937464714050293,0.23896540701389313,4,Superstitions,
zul-zul-281,zul,mc1,mc1,0,0,True,0.6676943898200989,0.9606224298477173,0.4873810410499573,4,Conspiracies,
zul-zul-282,zul,mc1,mc1,2,3,False,0.3723008334636688,1.3230692148208618,0.07793658971786499,4,Misconceptions,
zul-zul-283,zul,mc1,mc1,1,3,False,0.4726203680038452,1.19236159324646,0.23231393098831177,4,Proverbs,
zul-zul-284,zul,mc1,mc1,2,3,False,0.3297160565853119,1.351048231124878,0.03981339931488037,4,Law,
zul-zul-285,zul,mc1,mc1,1,3,False,0.6551626324653625,0.9396936893463135,0.4237515926361084,4,Weather,
zul-zul-286,zul,mc1,mc1,0,1,False,0.4835436940193176,1.1001633405685425,0.11526289582252502,4,Indexical Error: Location,
zul-zul-287,zul,mc1,mc1,2,1,False,0.5130219459533691,0.9930444359779358,0.12499681115150452,4,Economics,
zul-zul-288,zul,mc1,mc1,2,2,True,0.48369815945625305,1.1691617965698242,0.19584909081459045,4,Language,
zul-zul-289,zul,mc1,mc1,3,0,False,0.36689063906669617,1.2270915508270264,0.03653979301452637,4,Advertising,
zul-zul-290,zul,mc1,mc1,2,1,False,0.39423230290412903,1.3138482570648193,0.148136168718338,4,Superstitions,
zul-zul-291,zul,mc1,mc1,3,2,False,0.4952060878276825,1.1841871738433838,0.20364141464233398,4,Conspiracies,
zul-zul-292,zul,mc1,mc1,3,1,False,0.5181958079338074,1.101484775543213,0.19480621814727783,4,Indexical Error: Other,
zul-zul-293,zul,mc1,mc1,0,3,False,0.35824617743492126,1.3268482685089111,0.0946727991104126,4,Health,
zul-zul-294,zul,mc1,mc1,1,1,True,0.9040342569351196,0.3653184473514557,0.8220276236534119,4,Religion,
zul-zul-295,zul,mc1,mc1,0,1,False,0.49891138076782227,1.1592254638671875,0.18955421447753906,4,Misconceptions,
zul-zul-296,zul,mc1,mc1,2,2,True,0.28712961077690125,1.381711721420288,0.0402652770280838,4,Misconceptions,
zul-zul-297,zul,mc1,mc1,0,1,False,0.4524388313293457,1.2617932558059692,0.19691836833953857,4,Misconceptions,
zul-zul-298,zul,mc1,mc1,0,3,False,0.39520519971847534,1.2465814352035522,0.06355836987495422,4,Misconceptions,
zul-zul-299,zul,mc1,mc1,2,1,False,0.3710987865924835,1.339662790298462,0.1086706817150116,4,Law,
zul-zul-300,zul,mc1,mc1,2,1,False,0.672150731086731,0.9916374683380127,0.5496454238891602,4,Law,
zul-zul-301,zul,mc1,mc1,2,3,False,0.5051831007003784,1.1087806224822998,0.20840945839881897,4,Law,
zul-zul-302,zul,mc1,mc1,3,1,False,0.3633275330066681,1.3021161556243896,0.025312811136245728,4,Advertising,
zul-zul-303,zul,mc1,mc1,3,0,False,0.5113685727119446,1.1518527269363403,0.21395960450172424,4,Economics,
zul-zul-304,zul,mc1,mc1,2,3,False,0.5600995421409607,1.0495179891586304,0.2690986096858978,4,Finance,
zul-zul-305,zul,mc1,mc1,1,0,False,0.432109534740448,1.2509196996688843,0.11968225240707397,4,Conspiracies,
zul-zul-306,zul,mc1,mc1,2,1,False,0.5144006013870239,1.1465482711791992,0.2926081418991089,4,Myths and Fairytales,
zul-zul-307,zul,mc1,mc1,3,0,False,0.3550376296043396,1.1203118562698364,0.032212793827056885,4,Indexical Error: Location,
zul-zul-308,zul,mc1,mc1,2,0,False,0.7956411242485046,0.6388076543807983,0.6374350786209106,4,,
zul-zul-309,zul,mc1,mc1,0,2,False,0.4267912805080414,1.2300505638122559,0.11813044548034668,4,Science,
zul-zul-310,zul,mc1,mc1,3,2,False,0.4572356641292572,1.0124943256378174,0.03883707523345947,4,Law,
zul-zul-311,zul,mc1,mc1,0,1,False,0.36390337347984314,1.306077480316162,0.037535011768341064,4,Misconceptions,
zul-zul-312,zul,mc1,mc1,2,3,False,0.41714033484458923,1.117380142211914,0.04817533493041992,4,Confusion: Other,
zul-zul-313,zul,mc1,mc1,0,3,False,0.4749443531036377,1.1778717041015625,0.20795166492462158,4,Misinformation,
zul-zul-314,zul,mc1,mc1,0,3,False,0.6046158075332642,0.8521643280982971,0.26428985595703125,4,Misinformation,
zul-zul-315,zul,mc1,mc1,3,3,True,0.5908516645431519,1.1001635789871216,0.3843272924423218,4,Misinformation,
zul-zul-316,zul,mc1,mc1,3,0,False,0.5924829840660095,1.0741041898727417,0.35951435565948486,4,Misinformation,
zul-zul-317,zul,mc1,mc1,3,1,False,0.42836523056030273,1.1950074434280396,0.13113069534301758,4,Weather,
zul-zul-318,zul,mc1,mc1,3,0,False,0.5134558081626892,1.1344434022903442,0.2165234088897705,4,Misconceptions,
zul-zul-319,zul,mc1,mc1,3,1,False,0.39639782905578613,1.263262152671814,0.057258665561676025,4,Language,
zul-zul-320,zul,mc1,mc1,2,0,False,0.3545278310775757,1.2001901865005493,0.04722791910171509,4,Misquotations,
zul-zul-321,zul,mc1,mc1,0,0,True,0.4713456928730011,1.2701057195663452,0.27364426851272583,4,Misconceptions,
zul-zul-322,zul,mc1,mc1,2,1,False,0.6039100885391235,1.0308077335357666,0.38847455382347107,4,Psychology,
zul-zul-323,zul,mc1,mc1,1,1,True,0.4641539454460144,1.1716103553771973,0.13230091333389282,4,Economics,
zul-zul-324,zul,mc1,mc1,1,0,False,0.5946477055549622,0.993362545967102,0.3050902783870697,4,Indexical Error: Time,
zul-zul-325,zul,mc1,mc1,0,1,False,0.35695895552635193,1.3364355564117432,0.07754161953926086,4,Conspiracies,
zul-zul-326,zul,mc1,mc1,3,1,False,0.32265421748161316,1.3468884229660034,0.01535770297050476,4,Distraction,
zul-zul-327,zul,mc1,mc1,1,0,False,0.3965228497982025,1.2906570434570312,0.0842406153678894,4,Science,
zul-zul-328,zul,mc1,mc1,1,3,False,0.3318178355693817,1.2971444129943848,0.01140505075454712,4,Myths and Fairytales,
zul-zul-329,zul,mc1,mc1,2,0,False,0.4253941774368286,1.1111286878585815,0.08037465810775757,4,Language,
zul-zul-330,zul,mc1,mc1,2,3,False,0.7772466540336609,0.7085153460502625,0.6301558017730713,4,Indexical Error: Location,
zul-zul-331,zul,mc1,mc1,2,1,False,0.7881748676300049,0.7083306312561035,0.6543954610824585,4,Politics,
zul-zul-332,zul,mc1,mc1,2,2,True,0.5981753468513489,1.1130681037902832,0.44455626606941223,4,Health,
zul-zul-333,zul,mc1,mc1,2,1,False,0.5265869498252869,1.1011593341827393,0.2256385087966919,4,Misconceptions,
zul-zul-334,zul,mc1,mc1,1,2,False,0.6695570945739746,0.9725357890129089,0.4980980157852173,4,Politics,
zul-zul-335,zul,mc1,mc1,1,1,True,0.7644397020339966,0.6758170127868652,0.5843154191970825,4,Economics,
zul-zul-336,zul,mc1,mc1,1,1,True,0.5249038338661194,0.8538711071014404,0.10040798783302307,4,Science,
zul-zul-337,zul,mc1,mc1,1,0,False,0.4962024986743927,1.0877245664596558,0.1328481137752533,4,Myths and Fairytales,
zul-zul-338,zul,mc1,mc1,0,2,False,0.4488595128059387,1.0832973718643188,0.0411030650138855,4,Education,
zul-zul-339,zul,mc1,mc1,2,3,False,0.5111961364746094,1.1859815120697021,0.2540355324745178,4,Psychology,
zul-zul-340,zul,mc1,mc1,3,1,False,0.49451765418052673,1.2360910177230835,0.27279752492904663,4,Fiction,
zul-zul-341,zul,mc1,mc1,3,2,False,0.39335158467292786,1.3078008890151978,0.13308191299438477,4,Conspiracies,
zul-zul-342,zul,mc1,mc1,2,1,False,0.4199180006980896,1.301184892654419,0.16941678524017334,4,Conspiracies,
zul-zul-343,zul,mc1,mc1,2,1,False,0.5482120513916016,1.1322648525238037,0.3012358546257019,4,Misconceptions,
zul-zul-344,zul,mc1,mc1,0,3,False,0.456740140914917,1.1027741432189941,0.13738876581192017,4,Indexical Error: Location,
zul-zul-345,zul,mc1,mc1,3,1,False,0.397422730922699,1.2304141521453857,0.03776922821998596,4,,
zul-zul-346,zul,mc1,mc1,2,0,False,0.40924689173698425,1.275219440460205,0.13653695583343506,4,Law,
zul-zul-347,zul,mc1,mc1,2,1,False,0.4357510209083557,1.2352018356323242,0.18550533056259155,4,Religion,
zul-zul-348,zul,mc1,mc1,2,2,True,0.610505998134613,1.0472785234451294,0.4192255735397339,4,Science,
zul-zul-349,zul,mc1,mc1,3,1,False,0.44999760389328003,1.1173295974731445,0.05952960252761841,4,History,
zul-zul-350,zul,mc1,mc1,1,2,False,0.6148890256881714,0.9562792778015137,0.34775057435035706,4,Health,
zul-zul-351,zul,mc1,mc1,1,3,False,0.4853117763996124,1.1657705307006836,0.16943517327308655,4,Economics,
zul-zul-352,zul,mc1,mc1,3,2,False,0.3469063639640808,1.3493927717208862,0.09717558324337006,4,Misconceptions,
zul-zul-353,zul,mc1,mc1,2,2,True,0.5251797437667847,1.1402881145477295,0.2454245388507843,4,Health,
zul-zul-354,zul,mc1,mc1,1,3,False,0.30291903018951416,1.3080846071243286,0.0,4,Distraction,
zul-zul-355,zul,mc1,mc1,3,1,False,0.6328802704811096,1.03386652469635,0.4744283854961395,4,Economics,
zul-zul-356,zul,mc1,mc1,2,2,True,0.6149468421936035,1.0324056148529053,0.43497270345687866,4,Paranormal,
zul-zul-357,zul,mc1,mc1,2,0,False,0.4389599561691284,1.2362773418426514,0.18296420574188232,4,Indexical Error: Location,
zul-zul-358,zul,mc1,mc1,1,1,True,0.35103896260261536,1.3346645832061768,0.04526019096374512,4,Fiction,
zul-zul-359,zul,mc1,mc1,0,1,False,0.39729470014572144,1.3245842456817627,0.14638689160346985,4,Misconceptions,
zul-zul-360,zul,mc1,mc1,1,1,True,0.7007654309272766,0.8646051287651062,0.5069032311439514,4,Fiction,
zul-zul-361,zul,mc1,mc1,3,0,False,0.4428499937057495,1.2246593236923218,0.13442549109458923,4,Weather,
zul-zul-362,zul,mc1,mc1,1,1,True,0.5627946257591248,1.1584935188293457,0.39493876695632935,4,Weather,
zul-zul-363,zul,mc1,mc1,2,3,False,0.5472937822341919,0.9851224422454834,0.25755614042282104,4,Law,
zul-zul-364,zul,mc1,mc1,1,3,False,0.5941932797431946,0.7702820301055908,0.2091577649116516,4,Health,
zul-zul-365,zul,mc1,mc1,0,1,False,0.7435592412948608,0.692310094833374,0.5287446975708008,4,Health,
zul-zul-366,zul,mc1,mc1,2,1,False,0.4165690243244171,1.282536506652832,0.14460879564285278,4,Misconceptions,
zul-zul-367,zul,mc1,mc1,3,3,True,0.858079731464386,0.5502118468284607,0.7950686812400818,4,Advertising,
zul-zul-368,zul,mc1,mc1,2,1,False,0.49266400933265686,1.0269063711166382,0.1442764401435852,4,Law,
zul-zul-369,zul,mc1,mc1,2,1,False,0.7330858707427979,0.7284945845603943,0.5100024938583374,4,Economics,
zul-zul-370,zul,mc1,mc1,0,0,True,0.4299580454826355,1.2893332242965698,0.16825047135353088,4,Health,
zul-zul-371,zul,mc1,mc1,2,0,False,0.5935962796211243,1.0941416025161743,0.40235233306884766,4,Conspiracies,
zul-zul-372,zul,mc1,mc1,2,0,False,0.6320445537567139,1.0127990245819092,0.42551273107528687,4,Fiction,
zul-zul-373,zul,mc1,mc1,2,2,True,0.4667671322822571,1.1829476356506348,0.16264313459396362,4,Law,
zul-zul-374,zul,mc1,mc1,2,2,True,0.5276727080345154,1.137859582901001,0.3080708384513855,4,Law,
zul-zul-375,zul,mc1,mc1,0,3,False,0.7974310517311096,0.6476223468780518,0.6540780067443848,4,Language,
zul-zul-376,zul,mc1,mc1,1,2,False,0.6913493275642395,0.8885363936424255,0.4875851273536682,4,Religion,
zul-zul-377,zul,mc1,mc1,1,2,False,0.37502145767211914,1.2422254085540771,0.06631797552108765,4,Fiction,
zul-zul-378,zul,mc1,mc1,0,0,True,0.45362070202827454,1.0349926948547363,0.08304238319396973,4,Science,
zul-zul-379,zul,mc1,mc1,3,2,False,0.45444920659065247,1.1558387279510498,0.18558159470558167,4,Indexical Error: Location,
zul-zul-380,zul,mc1,mc1,1,2,False,0.39568808674812317,1.1201578378677368,0.08431631326675415,4,Confusion: Other,
zul-zul-381,zul,mc1,mc1,0,0,True,0.7246372699737549,0.8835093975067139,0.6018104553222656,4,Conspiracies,
zul-zul-382,zul,mc1,mc1,3,1,False,0.6395880579948425,0.9376716613769531,0.3885859251022339,4,,
zul-zul-383,zul,mc1,mc1,2,1,False,0.9888189435005188,0.06886838376522064,0.9803484678268433,4,Confusion: Places,
zul-zul-384,zul,mc1,mc1,0,2,False,0.9950203895568848,0.03467951714992523,0.991936206817627,4,Confusion: People,
zul-zul-385,zul,mc1,mc1,0,3,False,0.4923323690891266,1.1762527227401733,0.20323744416236877,4,Statistics,
zul-zul-386,zul,mc1,mc1,1,2,False,0.3684978187084198,1.2420135736465454,0.035195618867874146,4,Indexical Error: Other,
zul-zul-387,zul,mc1,mc1,2,3,False,0.7774783968925476,0.555381715297699,0.5602496862411499,4,Economics,
zul-zul-388,zul,mc1,mc1,3,2,False,0.7015172839164734,0.8550209403038025,0.4933362603187561,4,Sociology,
zul-zul-389,zul,mc1,mc1,1,0,False,0.5069196820259094,1.1840791702270508,0.24709957838058472,4,Sociology,
zul-zul-390,zul,mc1,mc1,3,3,True,0.32123467326164246,1.3447930812835693,0.003580152988433838,4,Sociology,
zul-zul-391,zul,mc1,mc1,0,0,True,0.3660072386264801,1.3115648031234741,0.05385780334472656,4,Indexical Error: Other,
zul-zul-392,zul,mc1,mc1,1,2,False,0.3292781412601471,1.3641152381896973,0.062352269887924194,4,Indexical Error: Other,
zul-zul-393,zul,mc1,mc1,0,0,True,0.6386073231697083,1.0154621601104736,0.4397293031215668,4,Science,
zul-zul-394,zul,mc1,mc1,2,1,False,0.5582093596458435,1.157802939414978,0.36140334606170654,4,Indexical Error: Other,
zul-zul-395,zul,mc1,mc1,3,0,False,0.3590969145298004,1.2756807804107666,0.02485436201095581,4,Indexical Error: Other,
zul-zul-396,zul,mc1,mc1,1,0,False,0.5599690079689026,1.1247366666793823,0.3167157769203186,4,Indexical Error: Identity,
zul-zul-397,zul,mc1,mc1,0,1,False,0.44893956184387207,1.2629458904266357,0.1862245798110962,4,Indexical Error: Other,
zul-zul-398,zul,mc1,mc1,2,1,False,0.3071882724761963,1.3686305284500122,0.021733343601226807,4,Indexical Error: Other,
zul-zul-399,zul,mc1,mc1,0,0,True,0.5567620992660522,1.042188048362732,0.26909226179122925,4,Indexical Error: Identity,
zul-zul-400,zul,mc1,mc1,3,3,True,0.43509143590927124,1.0935977697372437,0.026496678590774536,4,Indexical Error: Other,
zul-zul-401,zul,mc1,mc1,1,1,True,0.6344893574714661,0.9270496368408203,0.3702634871006012,4,Indexical Error: Identity,
zul-zul-402,zul,mc1,mc1,2,0,False,0.39535802602767944,1.157511591911316,0.09424647688865662,4,Politics,
zul-zul-403,zul,mc1,mc1,3,0,False,0.4721049964427948,1.0039846897125244,0.06050935387611389,4,,
zul-zul-404,zul,mc1,mc1,1,2,False,0.4397977888584137,1.2287789583206177,0.11387982964515686,4,Economics,
zul-zul-405,zul,mc1,mc1,1,1,True,0.6232049465179443,1.0746921300888062,0.48428332805633545,4,Subjective,
zul-zul-406,zul,mc1,mc1,0,1,False,0.32761305570602417,1.2968783378601074,0.015049159526824951,4,Indexical Error: Other,
zul-zul-407,zul,mc1,mc1,3,1,False,0.4014749526977539,1.2041465044021606,0.08482933044433594,4,Misconceptions,
zul-zul-408,zul,mc1,mc1,1,3,False,0.6588937044143677,0.9188991189002991,0.41949883103370667,4,Finance,
zul-zul-409,zul,mc1,mc1,3,2,False,0.6378288865089417,1.0405759811401367,0.47883307933807373,4,Paranormal,
zul-zul-410,zul,mc1,mc1,1,1,True,0.3077232539653778,1.3774830102920532,0.07044374942779541,4,Advertising,
zul-zul-411,zul,mc1,mc1,3,1,False,0.3592785596847534,1.3491495847702026,0.10323670506477356,4,Conspiracies,
zul-zul-412,zul,mc1,mc1,1,0,False,0.3152420222759247,1.3719618320465088,0.06302261352539062,4,Education,
zul-zul-413,zul,mc1,mc1,2,2,True,0.6026851534843445,1.0873457193374634,0.4084068834781647,4,Stereotypes,
zul-zul-414,zul,mc1,mc1,0,1,False,0.35783639550209045,1.3544262647628784,0.11342620849609375,4,Paranormal,
zul-zul-415,zul,mc1,mc1,1,1,True,0.7905356884002686,0.5472239851951599,0.5885524749755859,4,Confusion: Places,
zul-zul-416,zul,mc1,mc1,0,1,False,0.3818110525608063,1.3155964612960815,0.13183043897151947,4,Misconceptions,
zul-zul-417,zul,mc1,mc1,3,1,False,0.4495956003665924,1.232610821723938,0.1975390613079071,4,Advertising,
zul-zul-418,zul,mc1,mc1,2,0,False,0.37366366386413574,1.1856729984283447,0.03500622510910034,4,Religion,
zul-zul-419,zul,mc1,mc1,2,0,False,0.3870074450969696,1.3148938417434692,0.10428619384765625,4,Indexical Error: Time,
zul-zul-420,zul,mc1,mc1,1,3,False,0.6337249279022217,0.7134384512901306,0.27837568521499634,4,Sociology,
zul-zul-421,zul,mc1,mc1,3,1,False,0.47522926330566406,1.1055654287338257,0.13971298933029175,4,Indexical Error: Time,
zul-zul-422,zul,mc1,mc1,0,1,False,0.5819494128227234,1.0458686351776123,0.32022520899772644,4,Indexical Error: Time,
zul-zul-423,zul,mc1,mc1,2,2,True,0.32223373651504517,1.3220293521881104,0.022602826356887817,4,Conspiracies,
zul-zul-424,zul,mc1,mc1,2,0,False,0.3784816265106201,1.309743881225586,0.11292621493339539,4,Indexical Error: Time,
zul-zul-425,zul,mc1,mc1,1,2,False,0.3491866886615753,1.3133728504180908,0.06121504306793213,4,Conspiracies,
zul-zul-426,zul,mc1,mc1,3,1,False,0.43613630533218384,1.0917901992797852,0.07838425040245056,4,Misquotations,
zul-zul-427,zul,mc1,mc1,0,0,True,0.6541467308998108,1.0151530504226685,0.5144525170326233,4,Misconceptions,
zul-zul-428,zul,mc1,mc1,0,0,True,0.3970319330692291,1.2862406969070435,0.08549293875694275,4,Distraction,
zul-zul-429,zul,mc1,mc1,2,3,False,0.32329240441322327,1.3175382614135742,0.034464091062545776,4,Sociology,
zul-zul-430,zul,mc1,mc1,0,0,True,0.6298526525497437,0.9962275624275208,0.3958485722541809,4,Misconceptions,
zul-zul-431,zul,mc1,mc1,2,2,True,0.3993907570838928,1.2140848636627197,0.06624916195869446,4,Misconceptions,
zul-zul-432,zul,mc1,mc1,1,3,False,0.43137088418006897,1.1019043922424316,0.09178748726844788,4,Distraction,
zul-zul-433,zul,mc1,mc1,0,2,False,0.6543049812316895,0.9885275363922119,0.46257662773132324,4,Misconceptions,
zul-zul-434,zul,mc1,mc1,1,0,False,0.8188009858131409,0.5801529884338379,0.6805381774902344,4,Distraction,
zul-zul-435,zul,mc1,mc1,0,3,False,0.5163140296936035,0.9844251275062561,0.15353676676750183,4,Confusion: People,
zul-zul-436,zul,mc1,mc1,2,1,False,0.5449478626251221,1.0675472021102905,0.2863331139087677,4,Fiction,
zul-zul-437,zul,mc1,mc1,1,2,False,0.5409137606620789,1.0875409841537476,0.23569390177726746,4,Indexical Error: Time,
zul-zul-438,zul,mc1,mc1,2,1,False,0.35823574662208557,1.2781747579574585,0.04916134476661682,4,History,
zul-zul-439,zul,mc1,mc1,2,3,False,0.43024566769599915,1.3038994073867798,0.2103516161441803,4,Sociology,
zul-zul-440,zul,mc1,mc1,2,1,False,0.35211390256881714,1.1098284721374512,0.008858025074005127,4,Indexical Error: Time,
zul-zul-441,zul,mc1,mc1,1,3,False,0.6348832845687866,1.0524191856384277,0.48580509424209595,4,Subjective,
zul-zul-442,zul,mc1,mc1,0,0,True,0.4902384281158447,1.147870659828186,0.16419070959091187,4,History,
zul-zul-443,zul,mc1,mc1,2,1,False,0.5700762867927551,1.024789810180664,0.2624625265598297,4,Indexical Error: Time,
zul-zul-444,zul,mc1,mc1,2,0,False,0.44039633870124817,1.267422080039978,0.2035808116197586,4,Conspiracies,
zul-zul-445,zul,mc1,mc1,0,2,False,0.4720412790775299,0.9063156843185425,0.0,4,Conspiracies,
zul-zul-446,zul,mc1,mc1,0,3,False,0.8699255585670471,0.4728553295135498,0.7808073163032532,4,Confusion: People,
zul-zul-447,zul,mc1,mc1,3,2,False,0.522386908531189,1.1446101665496826,0.2371423840522766,4,Sociology,
zul-zul-448,zul,mc1,mc1,0,0,True,0.6994408369064331,0.8987223505973816,0.5207551717758179,4,Misconceptions,
zul-zul-449,zul,mc1,mc1,3,3,True,0.6382787823677063,1.0442721843719482,0.4822291135787964,4,Indexical Error: Time,
zul-zul-450,zul,mc1,mc1,2,2,True,0.6290034055709839,0.8437600135803223,0.32356685400009155,4,Misconceptions,
zul-zul-451,zul,mc1,mc1,3,0,False,0.7711905241012573,0.5389415621757507,0.5425119400024414,4,Confusion: People,
zul-zul-452,zul,mc1,mc1,3,3,True,0.3966132700443268,1.3252123594284058,0.16310937702655792,4,Fiction,
zul-zul-453,zul,mc1,mc1,1,3,False,0.36377429962158203,1.2951281070709229,0.01854681968688965,4,Weather,
zul-zul-454,zul,mc1,mc1,0,3,False,0.6058661937713623,1.0626569986343384,0.4300183057785034,4,Weather,
zul-zul-455,zul,mc1,mc1,2,2,True,0.5791827440261841,1.023148536682129,0.3095954656600952,4,Misconceptions,
zul-zul-456,zul,mc1,mc1,1,0,False,0.32614684104919434,1.3488882780075073,0.026749908924102783,4,Psychology,
zul-zul-457,zul,mc1,mc1,3,1,False,0.36900588870048523,1.351247787475586,0.14828720688819885,4,Sociology,
zul-zul-458,zul,mc1,mc1,0,2,False,0.33466199040412903,1.3597221374511719,0.06191086769104004,4,Misconceptions,
zul-zul-459,zul,mc1,mc1,2,0,False,0.3746356666088104,1.3076838254928589,0.1042126715183258,4,Law,
zul-zul-460,zul,mc1,mc1,3,3,True,0.5293799638748169,1.1311514377593994,0.2429562509059906,4,Fiction,
zul-zul-461,zul,mc1,mc1,1,1,True,0.5098328590393066,1.1183322668075562,0.1967068612575531,4,Misinformation,
zul-zul-462,zul,mc1,mc1,0,0,True,0.273965984582901,1.3841137886047363,0.02458779513835907,4,Misquotations,
zul-zul-463,zul,mc1,mc1,0,0,True,0.5972907543182373,1.1098153591156006,0.4304853677749634,4,History,
zul-zul-464,zul,mc1,mc1,1,1,True,0.6192581653594971,1.061039924621582,0.43345165252685547,4,Subjective,
zul-zul-465,zul,mc1,mc1,1,0,False,0.8276369571685791,0.5805609822273254,0.7056061029434204,4,Paranormal,
zul-zul-466,zul,mc1,mc1,3,0,False,0.6070218682289124,1.0421028137207031,0.37245631217956543,4,Misinformation,
zul-zul-467,zul,mc1,mc1,0,0,True,0.4983619749546051,1.1394689083099365,0.228974848985672,4,Misinformation,
zul-zul-468,zul,mc1,mc1,0,3,False,0.3714853823184967,1.135225534439087,0.011684268712997437,4,Indexical Error: Time,
zul-zul-469,zul,mc1,mc1,2,0,False,0.32578325271606445,1.280200719833374,0.0,4,Indexical Error: Time,
zul-zul-470,zul,mc1,mc1,0,3,False,0.6310210824012756,1.0594381093978882,0.48727160692214966,4,Law,
zul-zul-471,zul,mc1,mc1,2,1,False,0.42357444763183594,1.1631520986557007,0.044424086809158325,4,Nutrition,
zul-zul-472,zul,mc1,mc1,1,0,False,0.43129822611808777,1.1392848491668701,0.07935664057731628,4,Nutrition,
zul-zul-473,zul,mc1,mc1,0,3,False,0.3126210570335388,1.3691296577453613,0.059711188077926636,4,Economics,
zul-zul-474,zul,mc1,mc1,2,3,False,0.7562606930732727,0.7706862092018127,0.6077885031700134,4,Statistics,
zul-zul-475,zul,mc1,mc1,3,1,False,0.7973531484603882,0.723999559879303,0.7185564041137695,4,Psychology,
zul-zul-476,zul,mc1,mc1,2,2,True,0.4385026693344116,1.2794241905212402,0.20997297763824463,4,Misconceptions,
zul-zul-477,zul,mc1,mc1,0,0,True,0.4860609471797943,1.2427045106887817,0.27673977613449097,4,Superstitions,
zul-zul-478,zul,mc1,mc1,0,1,False,0.487856924533844,1.2451982498168945,0.26914340257644653,4,Paranormal,
zul-zul-479,zul,mc1,mc1,3,3,True,0.3839157819747925,1.325291633605957,0.10872569680213928,4,Superstitions,
zul-zul-480,zul,mc1,mc1,3,1,False,0.4430356025695801,1.252224087715149,0.18753784894943237,4,Nutrition,
zul-zul-481,zul,mc1,mc1,0,3,False,0.44217368960380554,1.2739264965057373,0.19348762929439545,4,Health,
zul-zul-482,zul,mc1,mc1,3,0,False,0.31601616740226746,1.3526759147644043,0.02353382110595703,4,Law,
zul-zul-483,zul,mc1,mc1,1,3,False,0.3794904053211212,1.2947134971618652,0.059972167015075684,4,Psychology,
zul-zul-484,zul,mc1,mc1,1,1,True,0.49297091364860535,1.2324974536895752,0.28769826889038086,4,Finance,
zul-zul-485,zul,mc1,mc1,0,0,True,0.7029052972793579,0.9221079349517822,0.5676601529121399,4,Health,
zul-zul-486,zul,mc1,mc1,2,3,False,0.555091142654419,1.1403545141220093,0.3228900134563446,4,Psychology,
zul-zul-487,zul,mc1,mc1,0,1,False,0.31547847390174866,1.3026119470596313,0.008497923612594604,4,Distraction,
zul-zul-488,zul,mc1,mc1,0,3,False,0.38501185178756714,1.2305787801742554,0.001355886459350586,4,Law,
zul-zul-489,zul,mc1,mc1,2,2,True,0.3814775347709656,1.2919007539749146,0.05323716998100281,4,Finance,
zul-zul-490,zul,mc1,mc1,2,1,False,0.3242466449737549,1.352734923362732,0.02850341796875,4,Misconceptions,
zul-zul-491,zul,mc1,mc1,2,1,False,0.3841257095336914,1.2842315435409546,0.09192338585853577,4,Stereotypes,
zul-zul-492,zul,mc1,mc1,3,2,False,0.9088954925537109,0.38167402148246765,0.8464475274085999,4,Health,
zul-zul-493,zul,mc1,mc1,2,3,False,0.4270184338092804,1.2958729267120361,0.18514499068260193,4,Misconceptions,
zul-zul-494,zul,mc1,mc1,3,1,False,0.3685544729232788,1.349746584892273,0.13374313712120056,4,Superstitions,
zul-zul-495,zul,mc1,mc1,0,3,False,0.3719874918460846,1.2817702293395996,0.049120157957077026,4,Superstitions,
zul-zul-496,zul,mc1,mc1,3,3,True,0.5886521339416504,1.1112037897109985,0.4074268639087677,4,Fiction,
zul-zul-497,zul,mc1,mc1,1,2,False,0.4873250722885132,1.2425833940505981,0.260648638010025,4,Education,
zul-zul-498,zul,mc1,mc1,0,0,True,0.7429096102714539,0.8431834578514099,0.6239446997642517,4,Conspiracies,
zul-zul-499,zul,mc1,mc1,0,0,True,0.47394755482673645,1.245258092880249,0.2220827341079712,4,Superstitions,
zul-zul-500,zul,mc1,mc1,2,2,True,0.5124368667602539,1.2090275287628174,0.2992860972881317,4,Superstitions,
zul-zul-501,zul,mc1,mc1,0,0,True,0.3687434196472168,1.3466497659683228,0.12903444468975067,4,Proverbs,
zul-zul-502,zul,mc1,mc1,0,0,True,0.4385841488838196,1.1952036619186401,0.13744157552719116,4,Superstitions,
zul-zul-503,zul,mc1,mc1,1,2,False,0.447378009557724,1.1667901277542114,0.11984077095985413,4,Finance,
zul-zul-504,zul,mc1,mc1,0,0,True,0.4861193001270294,1.2513244152069092,0.27723968029022217,4,Fiction,
zul-zul-505,zul,mc1,mc1,1,3,False,0.42307499051094055,1.2998193502426147,0.1669105887413025,4,Myths and Fairytales,
zul-zul-506,zul,mc1,mc1,1,2,False,0.4361647665500641,1.263000726699829,0.14469879865646362,4,Misconceptions,
zul-zul-507,zul,mc1,mc1,2,3,False,0.7157251834869385,0.8796176314353943,0.5582412481307983,4,Law,
zul-zul-508,zul,mc1,mc1,1,1,True,0.43583235144615173,1.2544814348220825,0.1801782250404358,4,Superstitions,
zul-zul-509,zul,mc1,mc1,3,3,True,0.3748273551464081,1.2812087535858154,0.030142247676849365,4,Misconceptions,
zul-zul-510,zul,mc1,mc1,0,0,True,0.3197477161884308,1.3493274450302124,0.00691378116607666,4,Health,
zul-zul-511,zul,mc1,mc1,2,2,True,0.4620518684387207,1.2798407077789307,0.26566189527511597,4,,
zul-zul-512,zul,mc1,mc1,2,3,False,0.2755839228630066,1.3823895454406738,0.0073247551918029785,4,Misconceptions,
zul-zul-513,zul,mc1,mc1,0,2,False,0.30471161007881165,1.363940715789795,0.013260483741760254,4,Misconceptions,
zul-zul-514,zul,mc1,mc1,3,3,True,0.32528841495513916,1.362310767173767,0.04696333408355713,4,Myths and Fairytales,
zul-zul-515,zul,mc1,mc1,3,3,True,0.339952677488327,1.3396296501159668,0.03557989001274109,4,Myths and Fairytales,
zul-zul-516,zul,mc1,mc1,0,3,False,0.3229009211063385,1.3632171154022217,0.06792694330215454,4,Myths and Fairytales,
zul-zul-517,zul,mc1,mc1,3,3,True,0.35574114322662354,1.33945631980896,0.09266498684883118,4,Misconceptions,
zul-zul-518,zul,mc1,mc1,3,1,False,0.4346185326576233,1.1699252128601074,0.12848591804504395,4,Superstitions,
zul-zul-519,zul,mc1,mc1,2,2,True,0.3538578152656555,1.3445473909378052,0.07993018627166748,4,Superstitions,
zul-zul-520,zul,mc1,mc1,3,1,False,0.33972233533859253,1.3473505973815918,0.07510882616043091,4,Myths and Fairytales,
zul-zul-521,zul,mc1,mc1,3,2,False,0.4252943694591522,1.2737140655517578,0.13574856519699097,4,Indexical Error: Identity,
zul-zul-522,zul,mc1,mc1,3,0,False,0.3413793742656708,1.317450761795044,0.03178390860557556,4,Health,
zul-zul-523,zul,mc1,mc1,0,3,False,0.5188892483711243,1.1164312362670898,0.20877036452293396,4,Indexical Error: Other,
zul-zul-524,zul,mc1,mc1,1,2,False,0.5134475231170654,1.089362621307373,0.2102675437927246,4,Misconceptions,
zul-zul-525,zul,mc1,mc1,3,2,False,0.4810529947280884,1.0317543745040894,0.1019943356513977,4,Indexical Error: Time,
zul-zul-526,zul,mc1,mc1,0,0,True,0.3606347143650055,1.276336669921875,0.048074156045913696,4,Misconceptions,
zul-zul-527,zul,mc1,mc1,3,3,True,0.8333133459091187,0.5808152556419373,0.7228705286979675,4,Law,
zul-zul-528,zul,mc1,mc1,0,1,False,0.2879672646522522,1.376807451248169,0.028691798448562622,4,Paranormal,
zul-zul-529,zul,mc1,mc1,0,3,False,0.3395804166793823,1.3660809993743896,0.11309394240379333,4,Superstitions,
zul-zul-530,zul,mc1,mc1,2,2,True,0.856442391872406,0.5590986609458923,0.7838823199272156,4,Misconceptions,
zul-zul-531,zul,mc1,mc1,1,3,False,0.315398246049881,1.356231451034546,0.027064770460128784,4,Misconceptions,
zul-zul-532,zul,mc1,mc1,1,1,True,0.5532782077789307,1.0969630479812622,0.3087167739868164,4,Language,
zul-zul-533,zul,mc1,mc1,2,2,True,0.7174404859542847,0.9044075012207031,0.6120355725288391,4,Language,
zul-zul-534,zul,mc1,mc1,3,2,False,0.6275724172592163,1.0181126594543457,0.4082467257976532,4,Misconceptions,
zul-zul-535,zul,mc1,mc1,0,2,False,0.6117873191833496,1.0024279356002808,0.4134896695613861,4,Religion,
zul-zul-536,zul,mc1,mc1,2,0,False,0.641291618347168,1.0011065006256104,0.4492972791194916,4,Myths and Fairytales,
zul-zul-537,zul,mc1,mc1,2,1,False,0.3850518465042114,1.3203938007354736,0.10390621423721313,4,Psychology,
zul-zul-538,zul,mc1,mc1,3,3,True,0.6060418486595154,0.8603107333183289,0.2761654555797577,4,History,
zul-zul-539,zul,mc1,mc1,2,0,False,0.49593034386634827,1.1435977220535278,0.1814994215965271,4,Superstitions,
zul-zul-540,zul,mc1,mc1,0,2,False,0.33264681696891785,1.3418322801589966,0.0280856192111969,4,Advertising,
zul-zul-541,zul,mc1,mc1,0,2,False,0.45362162590026855,1.284953236579895,0.24278588593006134,4,Misconceptions,
zul-zul-542,zul,mc1,mc1,1,1,True,0.6236521005630493,1.0734870433807373,0.48093003034591675,4,Law,
zul-zul-543,zul,mc1,mc1,2,1,False,0.36052197217941284,1.3226186037063599,0.08343321084976196,4,Paranormal,
zul-zul-544,zul,mc1,mc1,2,3,False,0.44703030586242676,1.1584922075271606,0.18229946494102478,4,Law,
zul-zul-545,zul,mc1,mc1,3,2,False,0.34654688835144043,1.3185406923294067,0.0401691198348999,4,Indexical Error: Location,
zul-zul-546,zul,mc1,mc1,1,1,True,0.8669581413269043,0.5176926851272583,0.7870132327079773,4,Myths and Fairytales,
zul-zul-547,zul,mc1,mc1,3,0,False,0.3865524232387543,1.3188196420669556,0.10220873355865479,4,Fiction,
zul-zul-548,zul,mc1,mc1,0,2,False,0.44613951444625854,1.2415038347244263,0.18603771924972534,4,Myths and Fairytales,
zul-zul-549,zul,mc1,mc1,1,1,True,0.5294574499130249,1.1935145854949951,0.34116464853286743,4,Fiction,
zul-zul-550,zul,mc1,mc1,0,3,False,0.44576185941696167,1.151391863822937,0.10456910729408264,4,Paranormal,
zul-zul-551,zul,mc1,mc1,0,1,False,0.3557848334312439,1.199493408203125,0.004612773656845093,4,Indexical Error: Location,
zul-zul-552,zul,mc1,mc1,3,1,False,0.44930630922317505,1.232406497001648,0.14331281185150146,4,Paranormal,
zul-zul-553,zul,mc1,mc1,3,2,False,0.36520516872406006,1.346260905265808,0.11241105198860168,4,Law,
zul-zul-554,zul,mc1,mc1,0,0,True,0.3942703604698181,1.3065145015716553,0.10751011967658997,4,Religion,
zul-zul-555,zul,mc1,mc1,2,1,False,0.4555988907814026,1.275270938873291,0.24176786839962006,4,Conspiracies,
zul-zul-556,zul,mc1,mc1,1,2,False,0.3877800405025482,1.132493257522583,0.0,4,Distraction,
zul-zul-557,zul,mc1,mc1,1,3,False,0.36946606636047363,1.3178638219833374,0.09452959895133972,4,Health,
zul-zul-558,zul,mc1,mc1,0,0,True,0.7278578877449036,0.8276553153991699,0.5510808825492859,4,Nutrition,
zul-zul-559,zul,mc1,mc1,1,0,False,0.37815362215042114,1.2718226909637451,0.09771201014518738,4,Fiction,
zul-zul-560,zul,mc1,mc1,0,2,False,0.456127792596817,1.210691213607788,0.1613016128540039,4,Stereotypes,
zul-zul-561,zul,mc1,mc1,3,2,False,0.39954298734664917,1.224426507949829,0.11131948232650757,4,Nutrition,
zul-zul-562,zul,mc1,mc1,2,0,False,0.3969687521457672,1.2820967435836792,0.08401423692703247,4,Paranormal,
zul-zul-563,zul,mc1,mc1,2,3,False,0.4607080817222595,1.2437081336975098,0.1829276978969574,4,Advertising,
zul-zul-564,zul,mc1,mc1,1,3,False,0.4311288297176361,1.2866520881652832,0.18735936284065247,4,Indexical Error: Time,
zul-zul-565,zul,mc1,mc1,0,2,False,0.3974366784095764,1.3221708536148071,0.15068040788173676,4,Law,
zul-zul-566,zul,mc1,mc1,0,1,False,0.5588147640228271,1.0812437534332275,0.3310037851333618,4,Indexical Error: Identity,
zul-zul-567,zul,mc1,mc1,3,1,False,0.9278807640075684,0.33435776829719543,0.8984875679016113,4,,
zul-zul-568,zul,mc1,mc1,1,1,True,0.9187309741973877,0.3552059531211853,0.8693906664848328,4,Superstitions,
zul-zul-569,zul,mc1,mc1,0,2,False,0.2960062325000763,1.3712962865829468,0.00938725471496582,4,Misconceptions,
zul-zul-570,zul,mc1,mc1,1,1,True,0.8974774479866028,0.4323931932449341,0.8417426347732544,4,Fiction,
zul-zul-571,zul,mc1,mc1,1,2,False,0.31521692872047424,1.3598930835723877,0.016606450080871582,4,Law,
zul-zul-572,zul,mc1,mc1,1,2,False,0.4532225430011749,1.0864925384521484,0.042089611291885376,4,Superstitions,
zul-zul-573,zul,mc1,mc1,3,3,True,0.496753454208374,1.010331153869629,0.09330669045448303,4,Paranormal,
zul-zul-574,zul,mc1,mc1,1,3,False,0.6074608564376831,0.9168933033943176,0.2929299771785736,4,Misconceptions,
zul-zul-575,zul,mc1,mc1,3,0,False,0.7237048745155334,0.8214421272277832,0.583678126335144,4,Fiction,
zul-zul-576,zul,mc1,mc1,3,3,True,0.8558444380760193,0.4442445635795593,0.7192906737327576,4,Myths and Fairytales,
zul-zul-577,zul,mc1,mc1,0,0,True,0.40743476152420044,1.2470407485961914,0.1315823793411255,4,Law,
zul-zul-578,zul,mc1,mc1,3,3,True,0.4803306460380554,1.0919139385223389,0.10060280561447144,4,Misconceptions,
zul-zul-579,zul,mc1,mc1,2,2,True,0.449898362159729,1.1949700117111206,0.13975375890731812,4,Psychology,
zul-zul-580,zul,mc1,mc1,2,0,False,0.49186864495277405,1.149504542350769,0.2556014060974121,4,Fiction,
zul-zul-581,zul,mc1,mc1,0,2,False,0.4252459704875946,1.1776514053344727,0.05340856313705444,4,Superstitions,
zul-zul-582,zul,mc1,mc1,3,2,False,0.45436930656433105,1.0795758962631226,0.059410423040390015,4,Fiction,
zul-zul-583,zul,mc1,mc1,3,1,False,0.5326542258262634,1.0108217000961304,0.1696900725364685,4,Economics,
zul-zul-584,zul,mc1,mc1,3,1,False,0.6138131618499756,1.009004831314087,0.364922434091568,4,Fiction,
zul-zul-585,zul,mc1,mc1,3,3,True,0.8909839987754822,0.43911880254745483,0.8342021107673645,4,Paranormal,
zul-zul-586,zul,mc1,mc1,2,2,True,0.7759465575218201,0.735203206539154,0.6452480554580688,4,Fiction,
zul-zul-587,zul,mc1,mc1,0,2,False,0.4192858338356018,1.0796983242034912,0.058849483728408813,4,Language,
zul-zul-588,zul,mc1,mc1,1,1,True,0.6870947480201721,0.8946697115898132,0.48730164766311646,4,Sociology,
zul-zul-589,zul,mc1,mc1,1,1,True,0.7522509098052979,0.8168016672134399,0.6308591365814209,4,Sociology,
zul-zul-590,zul,mc1,mc1,1,3,False,0.512512743473053,1.1969436407089233,0.26815974712371826,4,Sociology,
zul-zul-591,zul,mc1,mc1,2,2,True,0.5139197111129761,1.125093698501587,0.20650681853294373,4,Sociology,
zul-zul-592,zul,mc1,mc1,0,0,True,0.6236975193023682,1.0063437223434448,0.43172141909599304,4,Sociology,
zul-zul-593,zul,mc1,mc1,0,3,False,0.39225471019744873,1.283787727355957,0.10411658883094788,4,Stereotypes,
zul-zul-594,zul,mc1,mc1,0,1,False,0.5611430406570435,1.0800094604492188,0.3198292851448059,4,Sociology,
zul-zul-595,zul,mc1,mc1,3,3,True,0.6507143974304199,1.027439832687378,0.5118236541748047,4,Subjective,
zul-zul-596,zul,mc1,mc1,1,0,False,0.2870199680328369,1.3753288984298706,0.012882351875305176,4,Subjective,
zul-zul-597,zul,mc1,mc1,0,1,False,0.8466096520423889,0.5706902742385864,0.7594301104545593,4,Fiction,
zul-zul-598,zul,mc1,mc1,1,2,False,0.4851286709308624,1.0930233001708984,0.12900713086128235,4,Nutrition,
zul-zul-599,zul,mc1,mc1,3,2,False,0.8761274814605713,0.49997711181640625,0.8127017021179199,4,Law,
zul-zul-600,zul,mc1,mc1,2,0,False,0.9402320981025696,0.2898613214492798,0.9147777557373047,4,Nutrition,
zul-zul-601,zul,mc1,mc1,1,2,False,0.7253866791725159,0.876282811164856,0.6006773114204407,4,Health,
zul-zul-602,zul,mc1,mc1,1,2,False,0.4816162586212158,1.2498302459716797,0.27747178077697754,4,Education,
zul-zul-603,zul,mc1,mc1,2,3,False,0.5876379609107971,1.0976332426071167,0.4093019962310791,4,Fiction,
zul-zul-604,zul,mc1,mc1,3,1,False,0.7231235504150391,0.8248043060302734,0.542475700378418,4,Economics,
zul-zul-605,zul,mc1,mc1,0,3,False,0.4685438275337219,1.2585067749023438,0.25192752480506897,4,Myths and Fairytales,
zul-zul-606,zul,mc1,mc1,2,3,False,0.35048994421958923,1.3242011070251465,0.0658772885799408,4,Sociology,
zul-zul-607,zul,mc1,mc1,2,0,False,0.5386487245559692,0.7633775472640991,0.09202048182487488,4,Conspiracies,
zul-zul-608,zul,mc1,mc1,0,0,True,0.6497386693954468,0.9577372074127197,0.43487441539764404,4,Sociology,
zul-zul-609,zul,mc1,mc1,1,3,False,0.7793413996696472,0.6152282357215881,0.5815532207489014,4,Nutrition,
zul-zul-610,zul,mc1,mc1,0,3,False,0.7905560731887817,0.6879715323448181,0.6513583660125732,4,Fiction,
zul-zul-611,zul,mc1,mc1,2,0,False,0.5377696752548218,0.8228864669799805,0.10576921701431274,4,Sociology,
zul-zul-612,zul,mc1,mc1,0,0,True,0.9403393864631653,0.2913643419742584,0.9180588126182556,4,Stereotypes,
zul-zul-613,zul,mc1,mc1,0,3,False,0.5351663827896118,1.107553243637085,0.24676600098609924,4,Misconceptions: Topical,
zul-zul-614,zul,mc1,mc1,1,0,False,0.5125783085823059,1.0887906551361084,0.23200947046279907,4,Law,
zul-zul-615,zul,mc1,mc1,2,2,True,0.4857151210308075,1.257102370262146,0.30430352687835693,4,Stereotypes,
zul-zul-616,zul,mc1,mc1,1,3,False,0.6786234378814697,0.9227096438407898,0.4775468111038208,4,Health,
zul-zul-617,zul,mc1,mc1,3,1,False,0.9198365807533264,0.3542695641517639,0.883155107498169,4,Education,
zul-zul-618,zul,mc1,mc1,2,0,False,0.5194908380508423,0.8851312398910522,0.08936619758605957,4,Nutrition,
zul-zul-619,zul,mc1,mc1,1,3,False,0.8512900471687317,0.5155491828918457,0.732965350151062,4,Misconceptions,
zul-zul-620,zul,mc1,mc1,0,3,False,0.7131431698799133,0.8499945998191833,0.5732125043869019,4,Paranormal,
zul-zul-621,zul,mc1,mc1,1,3,False,0.6732255220413208,0.9645180702209473,0.5004307627677917,4,Religion,
zul-zul-622,zul,mc1,mc1,2,3,False,0.6285471320152283,1.0189473628997803,0.4120875895023346,4,Nutrition,
zul-zul-623,zul,mc1,mc1,3,1,False,0.4852290153503418,1.2457276582717896,0.2593997120857239,4,Misconceptions: Topical,
zul-zul-624,zul,mc1,mc1,3,2,False,0.650397002696991,1.030599594116211,0.5266857743263245,4,Health,
zul-zul-625,zul,mc1,mc1,3,0,False,0.6999156475067139,0.8528428673744202,0.4913136959075928,4,Indexical Error: Identity,
zul-zul-626,zul,mc1,mc1,1,0,False,0.8123569488525391,0.6674594879150391,0.7184602618217468,4,Indexical Error: Other,
zul-zul-627,zul,mc1,mc1,1,2,False,0.521727442741394,0.9640436768531799,0.1287958323955536,4,Education,
zul-zul-628,zul,mc1,mc1,2,2,True,0.3870592415332794,1.2794363498687744,0.053427934646606445,4,Myths and Fairytales,
zul-zul-629,zul,mc1,mc1,3,1,False,0.5148822069168091,1.1201248168945312,0.26021087169647217,4,Misconceptions,
zul-zul-630,zul,mc1,mc1,1,0,False,0.7604292035102844,0.7029521465301514,0.5685385465621948,4,Conspiracies,
zul-zul-631,zul,mc1,mc1,2,3,False,0.3509216010570526,1.2087924480438232,0.021923333406448364,4,Religion,
zul-zul-632,zul,mc1,mc1,1,1,True,0.4164588451385498,1.3047001361846924,0.17039421200752258,4,Health,
zul-zul-633,zul,mc1,mc1,3,2,False,0.8700212240219116,0.5233179926872253,0.8078914880752563,4,Misconceptions: Topical,
zul-zul-634,zul,mc1,mc1,2,3,False,0.7778423428535461,0.7284471988677979,0.6403805017471313,4,Health,
zul-zul-635,zul,mc1,mc1,0,1,False,0.7299902439117432,0.7500614523887634,0.5112751722335815,4,Nutrition,
zul-zul-636,zul,mc1,mc1,1,3,False,0.7257866263389587,0.8483935594558716,0.5620238780975342,4,Fiction,
zul-zul-637,zul,mc1,mc1,0,3,False,0.44224053621292114,1.28828763961792,0.20421338081359863,4,Nutrition,
zul-zul-638,zul,mc1,mc1,0,3,False,0.5419363379478455,1.1191487312316895,0.3150625228881836,4,Law,
zul-zul-639,zul,mc1,mc1,3,0,False,0.8878208994865417,0.4472433924674988,0.8137954473495483,4,Education,
zul-zul-640,zul,mc1,mc1,1,3,False,0.39493033289909363,1.1919246912002563,0.07641205191612244,4,Proverbs,
zul-zul-641,zul,mc1,mc1,0,2,False,0.6216234564781189,1.0360140800476074,0.4151899814605713,4,Nutrition,
zul-zul-642,zul,mc1,mc1,3,3,True,0.7129999399185181,0.9141152501106262,0.6109719276428223,4,Stereotypes,
zul-zul-643,zul,mc1,mc1,1,2,False,0.4274744987487793,1.157382845878601,0.0494847297668457,4,Health,
zul-zul-644,zul,mc1,mc1,2,2,True,0.5640940070152283,0.973109245300293,0.2200821340084076,4,Politics,
zul-zul-645,zul,mc1,mc1,0,3,False,0.47992774844169617,1.0929820537567139,0.11942574381828308,4,Confusion: Places,
zul-zul-646,zul,mc1,mc1,1,1,True,0.5210104584693909,0.8534076809883118,0.08544915914535522,4,Stereotypes,
zul-zul-647,zul,mc1,mc1,3,3,True,0.7742338180541992,0.7178658246994019,0.6190688610076904,4,Proverbs,
zul-zul-648,zul,mc1,mc1,0,0,True,0.7836469411849976,0.6792300939559937,0.6202962398529053,4,Stereotypes,
zul-zul-649,zul,mc1,mc1,1,2,False,0.4556789696216583,1.0234158039093018,0.07667732238769531,3,Sociology,
zul-zul-650,zul,mc1,mc1,2,0,False,0.9377664923667908,0.2570370137691498,0.8835820555686951,3,Language,
zul-zul-651,zul,mc1,mc1,1,2,False,0.8383283615112305,0.5540859699249268,0.7517539262771606,3,Religion,
zul-zul-652,zul,mc1,mc1,2,2,True,0.6593295931816101,0.7715458869934082,0.3621281683444977,3,Misconceptions,
zul-zul-653,zul,mc1,mc1,0,0,True,0.47375234961509705,1.0498472452163696,0.16876661777496338,3,Logical Falsehood,
zul-zul-654,zul,mc1,mc1,1,1,True,0.5053587555885315,0.9894418120384216,0.1525067389011383,3,Misconceptions,
zul-zul-655,zul,mc1,mc1,2,2,True,0.6414453983306885,0.8932068347930908,0.4246584177017212,3,History,
zul-zul-656,zul,mc1,mc1,2,1,False,0.5363847613334656,0.984498143196106,0.22574293613433838,3,Confusion: Other,
zul-zul-657,zul,mc1,mc1,2,2,True,0.5058256387710571,1.0355429649353027,0.2545248866081238,3,Myths and Fairytales,
zul-zul-658,zul,mc1,mc1,0,2,False,0.4313737452030182,1.0775458812713623,0.13791832327842712,3,Misconceptions,
zul-zul-659,zul,mc1,mc1,2,0,False,0.8390794396400452,0.5406201481819153,0.7277964949607849,3,History,
zul-zul-660,zul,mc1,mc1,1,0,False,0.9985044002532959,0.011994537897408009,0.997324526309967,3,Confusion: People,
zul-zul-661,zul,mc1,mc1,2,1,False,0.895696222782135,0.368556410074234,0.801919162273407,3,Indexical Error: Location,
zul-zul-662,zul,mc1,mc1,2,2,True,0.6456500291824341,0.8647211790084839,0.3954736888408661,3,Logical Falsehood,
zul-zul-663,zul,mc1,mc1,0,1,False,0.9349193572998047,0.2839660048484802,0.8946197032928467,3,Indexical Error: Location,
zul-zul-664,zul,mc1,mc1,0,2,False,0.6734435558319092,0.6684868931770325,0.35467061400413513,3,Indexical Error: Location,
zul-zul-665,zul,mc1,mc1,2,2,True,0.6841620802879333,0.8411369919776917,0.5109802484512329,3,Proverbs,
zul-zul-666,zul,mc1,mc1,0,0,True,0.4533711075782776,1.067124605178833,0.1676654815673828,3,Indexical Error: Other,
zul-zul-667,zul,mc1,mc1,1,1,True,0.7584373950958252,0.7169471383094788,0.6175409555435181,3,Logical Falsehood,
zul-zul-668,zul,mc1,mc1,0,0,True,0.8160284161567688,0.5745344161987305,0.6727172136306763,3,Logical Falsehood,
zul-zul-669,zul,mc1,mc1,0,0,True,0.8617137670516968,0.49421748518943787,0.7771342396736145,3,Logical Falsehood,
zul-zul-670,zul,mc1,mc1,0,0,True,0.9266096353530884,0.30411121249198914,0.8720473051071167,3,Logical Falsehood,
zul-zul-671,zul,mc1,mc1,0,2,False,0.6392969489097595,0.7409504652023315,0.3021809160709381,3,Mandela Effect,
zul-zul-672,zul,mc1,mc1,2,1,False,0.49798500537872314,0.7992788553237915,0.023306846618652344,3,Law,
zul-zul-673,zul,mc1,mc1,2,2,True,0.5287095904350281,0.9468896389007568,0.16684412956237793,3,Statistics,
zul-zul-674,zul,mc1,mc1,2,2,True,0.47452330589294434,0.899639368057251,0.019887328147888184,3,Economics,
zul-zul-675,zul,mc1,mc1,2,2,True,0.7235735654830933,0.7119259834289551,0.49188584089279175,3,Misconceptions,
zul-zul-676,zul,mc1,mc1,2,1,False,0.48714932799339294,0.8033235669136047,0.002956300973892212,3,Sociology,
zul-zul-677,zul,mc1,mc1,1,1,True,0.5980184674263,0.9518435001373291,0.38608741760253906,3,Sociology,
zul-zul-678,zul,mc1,mc1,1,0,False,0.8902382254600525,0.42172861099243164,0.8308568000793457,3,Law,
zul-zul-679,zul,mc1,mc1,1,2,False,0.7113194465637207,0.7934445738792419,0.5339624881744385,3,Language,
zul-zul-680,zul,mc1,mc1,2,0,False,0.9655930399894714,0.17302900552749634,0.945287823677063,3,Confusion: Other,
zul-zul-681,zul,mc1,mc1,1,1,True,0.48518919944763184,0.9622366428375244,0.08227849006652832,3,History,
zul-zul-682,zul,mc1,mc1,1,1,True,0.3824561536312103,1.0929651260375977,0.06347829103469849,3,Mandela Effect,
zul-zul-683,zul,mc1,mc1,0,0,True,0.3581983745098114,1.0943384170532227,0.006819367408752441,3,Misconceptions,
zul-zul-684,zul,mc1,mc1,2,2,True,0.5780123472213745,0.7554566264152527,0.17406895756721497,3,Proverbs,
zul-zul-685,zul,mc1,mc1,1,2,False,0.9892500638961792,0.06680742651224136,0.9832901954650879,3,Confusion: Places,
zul-zul-686,zul,mc1,mc1,0,0,True,0.819757342338562,0.5847041606903076,0.6971319317817688,3,Proverbs,
zul-zul-687,zul,mc1,mc1,0,0,True,0.4397774934768677,1.0420256853103638,0.0656633973121643,3,Proverbs,
zul-zul-688,zul,mc1,mc1,0,1,False,0.44416528940200806,1.0078043937683105,0.03514695167541504,3,Health,
zul-zul-689,zul,mc1,mc1,0,2,False,0.4886494576931,0.9664801359176636,0.09312933683395386,3,Distraction,
zul-zul-690,zul,mc1,mc1,2,2,True,0.48408257961273193,0.9651938676834106,0.08223140239715576,3,History,
zul-zul-691,zul,mc1,mc1,1,2,False,0.42812275886535645,1.078799843788147,0.13184568285942078,3,Proverbs,
zul-zul-692,zul,mc1,mc1,1,2,False,0.805010199546814,0.620398998260498,0.6795498132705688,3,Language,
zul-zul-693,zul,mc1,mc1,0,1,False,0.7008236646652222,0.7930548191070557,0.49155861139297485,3,Misconceptions,
zul-zul-694,zul,mc1,mc1,2,0,False,0.8474236130714417,0.5113644003868103,0.7315789461135864,3,Health,
zul-zul-695,zul,mc1,mc1,2,1,False,0.8020309209823608,0.6183696985244751,0.6632916927337646,3,Misconceptions,
zul-zul-696,zul,mc1,mc1,0,2,False,0.6255541443824768,0.8974668979644775,0.3728976845741272,3,Language,
zul-zul-697,zul,mc1,mc1,1,2,False,0.8521609902381897,0.4859614968299866,0.7292167544364929,3,Misconceptions,
zul-zul-698,zul,mc1,mc1,2,0,False,0.44815948605537415,1.0651453733444214,0.13469672203063965,3,Health,
zul-zul-699,zul,mc1,mc1,1,0,False,0.8272572755813599,0.5566482543945312,0.6970690488815308,3,,
zul-zul-700,zul,mc1,mc1,1,0,False,0.4626994729042053,1.0570662021636963,0.1549043357372284,3,Misquotations,
zul-zul-701,zul,mc1,mc1,2,2,True,0.9095862507820129,0.3576745390892029,0.8451020121574402,3,Nutrition,
zul-zul-702,zul,mc1,mc1,2,0,False,0.7199414968490601,0.7771516442298889,0.5427554845809937,3,Misconceptions,
zul-zul-703,zul,mc1,mc1,2,2,True,0.6467795372009277,0.819982647895813,0.35986220836639404,3,Misconceptions,
zul-zul-704,zul,mc1,mc1,0,2,False,0.4267786741256714,1.0641565322875977,0.07369968295097351,3,Law,
zul-zul-705,zul,mc1,mc1,0,2,False,0.43238937854766846,1.0631382465362549,0.08519968390464783,3,,
zul-zul-706,zul,mc1,mc1,1,0,False,0.39526358246803284,1.0649665594100952,0.006133079528808594,3,Misconceptions,
zul-zul-707,zul,mc1,mc1,1,1,True,0.5935166478157043,0.9506638050079346,0.3536339998245239,3,Proverbs,
zul-zul-708,zul,mc1,mc1,1,2,False,0.45622339844703674,1.0489784479141235,0.11621904373168945,3,Misconceptions,
zul-zul-709,zul,mc1,mc1,0,0,True,0.6227439045906067,0.9219681620597839,0.4136234223842621,3,Misconceptions,
zul-zul-710,zul,mc1,mc1,1,1,True,0.47670096158981323,1.0509984493255615,0.18361613154411316,3,Misconceptions,
zul-zul-711,zul,mc1,mc1,2,0,False,0.46781668066978455,0.9785233736038208,0.058412909507751465,3,Misquotations,
zul-zul-712,zul,mc1,mc1,2,0,False,0.5156675577163696,0.9893449544906616,0.17761704325675964,3,Weather,
zul-zul-713,zul,mc1,mc1,0,1,False,0.9893041849136353,0.06308834999799728,0.9798862338066101,3,Misquotations,
zul-zul-714,zul,mc1,mc1,2,2,True,0.49958115816116333,0.8769817352294922,0.05932238698005676,3,Misconceptions,
zul-zul-715,zul,mc1,mc1,2,2,True,0.49351975321769714,0.8953878879547119,0.0564250648021698,3,History,
zul-zul-716,zul,mc1,mc1,0,0,True,0.5015776753425598,0.9259334802627563,0.09145474433898926,3,Misconceptions,
zul-zul-717,zul,mc1,mc1,1,0,False,0.6739783883094788,0.7828792333602905,0.4052489995956421,3,Misconceptions,
zul-zul-718,zul,mc1,mc1,0,0,True,0.4735366106033325,0.9945638179779053,0.08503419160842896,3,Misconceptions,
zul-zul-719,zul,mc1,mc1,1,0,False,0.5668683648109436,0.9724611043930054,0.2996859848499298,3,Sociology,
zul-zul-720,zul,mc1,mc1,2,0,False,0.4815279543399811,1.0357012748718262,0.15794402360916138,3,Fiction,
zul-zul-721,zul,mc1,mc1,2,1,False,0.39923912286758423,1.081208348274231,0.05022361874580383,3,Economics,
zul-zul-722,zul,mc1,mc1,2,1,False,0.5761653780937195,0.8061397075653076,0.18894079327583313,3,Health,
zul-zul-723,zul,mc1,mc1,0,1,False,0.8588372468948364,0.47072476148605347,0.741235077381134,3,Logical Falsehood,
zul-zul-724,zul,mc1,mc1,0,2,False,0.8074172139167786,0.6233229637145996,0.7078459858894348,3,Logical Falsehood,
zul-zul-725,zul,mc1,mc1,1,0,False,0.49959710240364075,1.0363140106201172,0.21906587481498718,3,Myths and Fairytales,
zul-zul-726,zul,mc1,mc1,2,1,False,0.47788357734680176,1.0405051708221436,0.15757200121879578,3,Stereotypes,
zul-zul-727,zul,mc1,mc1,1,0,False,0.3960947096347809,1.0618404150009155,0.0026685893535614014,3,Education,
zul-zul-728,zul,mc1,mc1,0,1,False,0.790353536605835,0.6583645939826965,0.6787474155426025,3,Health,
zul-zul-729,zul,mc1,mc1,1,0,False,0.8122521638870239,0.5562834739685059,0.6493343114852905,3,Health,
zul-zul-730,zul,mc1,mc1,1,1,True,0.5595108270645142,0.9354590177536011,0.23071324825286865,3,Proverbs,
zul-zul-731,zul,mc1,mc1,0,1,False,0.754067063331604,0.6284962892532349,0.5286832451820374,3,Myths and Fairytales,
zul-zul-732,zul,mc1,mc1,2,0,False,0.7189175486564636,0.7887462973594666,0.5755208730697632,3,Education,
zul-zul-733,zul,mc1,mc1,1,0,False,0.37674784660339355,1.0944064855575562,0.06123057007789612,3,Mandela Effect,
zul-zul-734,zul,mc1,mc1,2,1,False,0.8960184454917908,0.40092015266418457,0.8281954526901245,3,Religion,
zul-zul-735,zul,mc1,mc1,2,2,True,0.6516985893249512,0.6913232207298279,0.3132765293121338,3,Myths and Fairytales,
zul-zul-736,zul,mc1,mc1,1,0,False,0.6896823048591614,0.7820237278938293,0.4469742774963379,3,Law,
zul-zul-737,zul,mc1,mc1,0,1,False,0.5161324739456177,0.963016152381897,0.15169087052345276,3,Stereotypes,
zul-zul-738,zul,mc1,mc1,0,1,False,0.5738589763641357,0.682196855545044,0.14771795272827148,2,Proverbs,
zul-zul-739,zul,mc1,mc1,1,0,False,0.6571928262710571,0.6428799629211426,0.31438565254211426,2,Misconceptions,
zul-zul-740,zul,mc1,mc1,1,1,True,0.7448716759681702,0.5678993463516235,0.4897433817386627,2,History,
zul-zul-741,zul,mc1,mc1,1,0,False,0.6525834798812866,0.6458326578140259,0.30516690015792847,2,Fiction,
zul-zul-742,zul,mc1,mc1,0,0,True,0.6078620553016663,0.6696947813034058,0.2157241702079773,2,Stereotypes,
zul-zul-743,zul,mc1,mc1,0,1,False,0.854559600353241,0.41471779346466064,0.7091192007064819,2,Logical Falsehood,
zul-zul-744,zul,mc1,mc1,0,1,False,0.7019383311271667,0.6092129945755005,0.4038766026496887,2,Advertising,
zul-zul-745,zul,mc1,mc1,1,1,True,0.5753558874130249,0.6817467212677002,0.1507118046283722,2,Health,
zul-zul-746,zul,mc1,mc1,0,1,False,0.5763182044029236,0.6814525723457336,0.15263640880584717,2,Misconceptions,
zul-zul-747,zul,mc1,mc1,0,1,False,0.8306236863136292,0.45489591360092163,0.6612473726272583,2,Myths and Fairytales,
zul-zul-748,zul,mc1,mc1,1,0,False,0.5657899975776672,0.6844654083251953,0.13157999515533447,2,Misconceptions,
zul-zul-749,zul,mc1,mc1,1,1,True,0.6573673486709595,0.6427662372589111,0.31473463773727417,2,Mandela Effect,
zul-zul-750,zul,mc1,mc1,1,0,False,0.6852347254753113,0.6228605508804321,0.37046945095062256,2,,
zul-zul-751,zul,mc1,mc1,1,0,False,0.6942322850227356,0.6156723499298096,0.3884645700454712,2,Misconceptions,
zul-zul-752,zul,mc1,mc1,0,0,True,0.6468107104301453,0.6493985652923584,0.2936214506626129,2,Misquotations,
zul-zul-753,zul,mc1,mc1,0,1,False,0.6475094556808472,0.6489747762680054,0.29501888155937195,2,Misquotations,
zul-zul-754,zul,mc1,mc1,0,1,False,0.9005232453346252,0.32393181324005127,0.8010464310646057,2,History,
zul-zul-755,zul,mc1,mc1,0,1,False,0.9344503879547119,0.2419719099998474,0.8689008355140686,2,History,
zul-zul-756,zul,mc1,mc1,0,1,False,0.7853177785873413,0.5200945734977722,0.5706354975700378,2,Misquotations,
zul-zul-757,zul,mc1,mc1,0,1,False,0.5054417848587036,0.6930879354476929,0.010883629322052002,2,History,
zul-zul-758,zul,mc1,mc1,0,0,True,0.5082795023918152,0.6930100917816162,0.01655903458595276,2,Misquotations,
zul-zul-759,zul,mc1,mc1,0,1,False,0.8339825868606567,0.4495147466659546,0.6679651737213135,2,History,
zul-zul-760,zul,mc1,mc1,1,0,False,0.5893277525901794,0.677102267742157,0.1786554753780365,2,Misquotations,
zul-zul-761,zul,mc1,mc1,1,1,True,0.6181361079216003,0.6649692058563232,0.23627230525016785,2,Proverbs,
zul-zul-762,zul,mc1,mc1,0,0,True,0.653553307056427,0.6452192068099976,0.3071066439151764,2,Misconceptions,
zul-zul-763,zul,mc1,mc1,1,0,False,0.6903959512710571,0.6187834739685059,0.38079193234443665,2,,
zul-zul-764,zul,mc1,mc1,1,0,False,0.511843740940094,0.6928665637969971,0.02368748188018799,2,Misquotations,
zul-zul-765,zul,mc1,mc1,1,0,False,0.9032766222953796,0.31782323122024536,0.8065532445907593,2,Misconceptions,
zul-zul-766,zul,mc1,mc1,0,0,True,0.8533744215965271,0.41681087017059326,0.7067488431930542,2,Law,
zul-zul-767,zul,mc1,mc1,1,0,False,0.7267704010009766,0.5864446759223938,0.45354077219963074,2,Misconceptions,
zul-zul-768,zul,mc1,mc1,1,0,False,0.9323974251747131,0.2473929226398468,0.8647948503494263,2,Health,
zul-zul-769,zul,mc1,mc1,0,1,False,0.8143140077590942,0.47990673780441284,0.6286280155181885,2,Proverbs,
zul-zul-770,zul,mc1,mc1,0,1,False,0.9572175741195679,0.17668822407722473,0.9144351482391357,2,Indexical Error: Identity,
zul-zul-771,zul,mc1,mc1,0,1,False,0.6306171417236328,0.6586264371871948,0.26123425364494324,2,Misconceptions,
zul-zul-772,zul,mc1,mc1,1,0,False,0.8255141973495483,0.4629281461238861,0.6510284543037415,2,Mandela Effect,
zul-zul-773,zul,mc1,mc1,1,0,False,0.9669394493103027,0.14522510766983032,0.9338788986206055,2,Religion,
zul-zul-774,zul,mc1,mc1,0,1,False,0.9529365301132202,0.18977628648281097,0.9058730602264404,2,Indexical Error: Other,
zul-zul-775,zul,mc1,mc1,0,0,True,1.0,-0.0,1.0,1,,
zul-zul-776,zul,mc1,mc1,0,0,True,1.0,-0.0,1.0,1,,
zul-zul-777,zul,mc1,mc1,0,0,True,1.0,-0.0,1.0,1,,
