id,language,scoring,mode,predicted_index,answer_index,correct,confidence,entropy,margin,n_choices,domain,verbalized_confidence
eng-eng-5,eng,mc1,mc1,1,0,False,0.9393935799598694,0.22863292694091797,0.8787871599197388,2,Misquotations,
eng-eng-6,eng,mc1,mc1,1,2,False,0.553741991519928,1.3820054531097412,0.42387017607688904,6,Paranormal,
eng-eng-7,eng,mc1,mc1,3,2,False,0.4055289626121521,1.1846814155578613,0.05360415577888489,4,Psychology,
eng-eng-8,eng,mc1,mc1,3,5,False,0.48222342133522034,1.4931626319885254,0.31020307540893555,6,Economics,
eng-eng-9,eng,mc1,mc1,6,9,False,0.13704870641231537,2.2708990573883057,0.008325919508934021,10,Subjective,
eng-eng-10,eng,mc1,mc1,4,4,True,0.38333937525749207,1.5248290300369263,0.11331391334533691,6,Superstitions,
eng-eng-11,eng,mc1,mc1,3,1,False,0.3321896195411682,1.5827581882476807,0.09333303570747375,6,Health,
eng-eng-12,eng,mc1,mc1,0,0,True,0.7871365547180176,0.6595876812934875,0.6236000657081604,4,Sociology,
eng-eng-13,eng,mc1,mc1,4,4,True,0.23318730294704437,1.9448058605194092,0.028313174843788147,8,Conspiracies,
eng-eng-14,eng,mc1,mc1,0,3,False,0.28764989972114563,1.6345603466033936,0.03978942334651947,6,Politics,
eng-eng-15,eng,mc1,mc1,1,0,False,0.8442174196243286,0.43260979652404785,0.6884348392486572,2,Indexical Error: Identity,
eng-eng-16,eng,mc1,mc1,4,0,False,0.18655036389827728,1.9171489477157593,0.009961158037185669,7,Finance,
eng-eng-17,eng,mc1,mc1,2,3,False,0.35771608352661133,1.4875224828720093,0.13862784206867218,6,Sociology,
eng-eng-18,eng,mc1,mc1,4,4,True,0.37557604908943176,1.46117103099823,0.1429496556520462,5,Weather,
eng-eng-19,eng,mc1,mc1,3,4,False,0.47726139426231384,1.0983201265335083,0.15020236372947693,6,Law,
eng-eng-20,eng,mc1,mc1,4,2,False,0.19273287057876587,1.7827764749526978,0.0028037726879119873,6,Misconceptions,
eng-eng-21,eng,mc1,mc1,1,1,True,0.527155876159668,1.3438130617141724,0.31507429480552673,6,Fiction,
eng-eng-22,eng,mc1,mc1,3,2,False,0.6099660396575928,0.8073532581329346,0.26249077916145325,4,Law,
eng-eng-23,eng,mc1,mc1,0,4,False,0.5289188623428345,1.0332615375518799,0.22148269414901733,6,Law,
eng-eng-24,eng,mc1,mc1,6,7,False,0.43470853567123413,1.1771283149719238,0.012039631605148315,8,Finance,
eng-eng-25,eng,mc1,mc1,0,0,True,0.3977249562740326,1.3257033824920654,0.1558973789215088,4,Myths and Fairytales,
eng-eng-26,eng,mc1,mc1,2,2,True,0.36197566986083984,1.4982233047485352,0.08367210626602173,6,Law,
eng-eng-27,eng,mc1,mc1,2,2,True,0.5909565687179565,1.1590449810028076,0.4323556423187256,5,Paranormal,
eng-eng-28,eng,mc1,mc1,2,0,False,0.5623630285263062,0.9877192974090576,0.3289356827735901,3,Misconceptions,
eng-eng-29,eng,mc1,mc1,1,0,False,0.4812800884246826,1.1643002033233643,0.1522272527217865,4,Law,
eng-eng-30,eng,mc1,mc1,3,4,False,0.33860939741134644,1.3583040237426758,0.02335113286972046,5,Misinformation,
eng-eng-31,eng,mc1,mc1,0,0,True,0.4266710579395294,1.2448885440826416,0.14045187830924988,4,History,
eng-eng-32,eng,mc1,mc1,4,3,False,0.2549726068973541,1.757338047027588,0.017904996871948242,7,Indexical Error: Identity,
eng-eng-33,eng,mc1,mc1,2,3,False,0.9288941621780396,0.3420914113521576,0.8924254179000854,5,Law,
eng-eng-34,eng,mc1,mc1,2,1,False,0.4342884421348572,1.3963487148284912,0.17713317275047302,5,Indexical Error: Location,
eng-eng-35,eng,mc1,mc1,0,0,True,0.4080345332622528,1.4518086910247803,0.0855976939201355,6,Politics,
eng-eng-36,eng,mc1,mc1,5,5,True,0.45701494812965393,1.556267499923706,0.26011931896209717,7,Paranormal,
eng-eng-37,eng,mc1,mc1,0,1,False,0.3455922603607178,1.4366942644119263,0.04539972543716431,6,Economics,
eng-eng-38,eng,mc1,mc1,0,0,True,0.3414066433906555,1.0983600616455078,0.006196469068527222,3,Misconceptions,
eng-eng-39,eng,mc1,mc1,0,3,False,0.43145155906677246,1.1239535808563232,5.793571472167969e-05,5,Health,
eng-eng-40,eng,mc1,mc1,1,2,False,0.35043075680732727,1.4045286178588867,0.04651844501495361,8,Economics,
eng-eng-41,eng,mc1,mc1,0,3,False,0.7978488802909851,0.6345966458320618,0.6630241870880127,4,Language,
eng-eng-42,eng,mc1,mc1,4,4,True,0.5075523257255554,1.3321744203567505,0.24906665086746216,6,Stereotypes,
eng-eng-43,eng,mc1,mc1,1,2,False,0.40604904294013977,1.4374451637268066,0.14264705777168274,7,Confusion: People,
eng-eng-44,eng,mc1,mc1,2,1,False,0.6328048706054688,0.720655083656311,0.28078493475914,3,Sociology,
eng-eng-45,eng,mc1,mc1,2,0,False,0.2740008533000946,1.3843345642089844,0.02053934335708618,4,Paranormal,
eng-eng-46,eng,mc1,mc1,5,3,False,0.25137338042259216,1.7374892234802246,0.006453201174736023,7,Indexical Error: Time,
eng-eng-47,eng,mc1,mc1,1,2,False,0.6123420000076294,0.8774099946022034,0.31439855694770813,3,History,
eng-eng-48,eng,mc1,mc1,1,1,True,0.5764943361282349,1.0909979343414307,0.35584402084350586,4,Stereotypes,
eng-eng-49,eng,mc1,mc1,3,1,False,0.3316228985786438,1.3865834474563599,0.09950855374336243,5,Sociology,
eng-eng-50,eng,mc1,mc1,2,3,False,0.48019829392433167,1.1236969232559204,0.17155331373214722,7,Economics,
eng-eng-51,eng,mc1,mc1,2,0,False,0.4245600700378418,1.0375092029571533,0.02692428231239319,3,Distraction,
eng-eng-52,eng,mc1,mc1,3,5,False,0.3150976300239563,1.6534254550933838,0.0819292813539505,6,Sociology,
eng-eng-53,eng,mc1,mc1,1,0,False,0.6337898373603821,0.6569077968597412,0.26757967472076416,2,Proverbs,
eng-eng-54,eng,mc1,mc1,1,2,False,0.5279483795166016,0.8801065683364868,0.12053918838500977,3,Logical Falsehood,
eng-eng-55,eng,mc1,mc1,0,0,True,0.5208788514137268,1.4374982118606567,0.3766467571258545,6,Conspiracies,
eng-eng-56,eng,mc1,mc1,1,0,False,0.5073416233062744,0.6930393576622009,0.014683246612548828,2,Misconceptions,
eng-eng-57,eng,mc1,mc1,2,1,False,0.5027671456336975,1.0174832344055176,0.18358951807022095,3,Logical Falsehood,
eng-eng-58,eng,mc1,mc1,4,2,False,0.32770052552223206,1.4566118717193604,0.020492464303970337,5,Conspiracies,
eng-eng-59,eng,mc1,mc1,5,3,False,0.3223521411418915,1.455209732055664,0.015166431665420532,6,Misconceptions,
eng-eng-60,eng,mc1,mc1,1,0,False,0.6667910814285278,0.6364279389381409,0.3335821330547333,2,Misquotations,
eng-eng-61,eng,mc1,mc1,4,0,False,0.6178342700004578,1.1808350086212158,0.5037152767181396,5,Health,
eng-eng-62,eng,mc1,mc1,3,2,False,0.4564846158027649,1.2533055543899536,0.18636932969093323,4,Sociology,
eng-eng-63,eng,mc1,mc1,0,1,False,0.5225608944892883,0.9891833662986755,0.19498836994171143,3,History,
eng-eng-64,eng,mc1,mc1,0,1,False,0.3529318571090698,1.629096508026123,0.08478030562400818,7,Law,
eng-eng-65,eng,mc1,mc1,1,1,True,0.35267800092697144,1.5542160272598267,0.07971152663230896,6,Language,
eng-eng-66,eng,mc1,mc1,2,1,False,0.456298291683197,1.2012169361114502,0.1429848074913025,4,Indexical Error: Identity,
eng-eng-67,eng,mc1,mc1,8,8,True,0.2972637116909027,2.0488641262054443,0.14295239746570587,10,Weather,
eng-eng-68,eng,mc1,mc1,0,3,False,0.8734230399131775,0.44681891798973083,0.7629755735397339,7,Confusion: Places,
eng-eng-69,eng,mc1,mc1,4,0,False,0.3699408173561096,1.3927781581878662,0.07876765727996826,5,Sociology,
eng-eng-70,eng,mc1,mc1,1,2,False,0.39933592081069946,1.3255016803741455,0.1652001291513443,4,Misconceptions,
eng-eng-71,eng,mc1,mc1,1,1,True,0.40835896134376526,1.5753105878829956,0.21056915819644928,6,Conspiracies,
eng-eng-72,eng,mc1,mc1,4,1,False,0.3970858156681061,1.4680533409118652,0.18861298263072968,5,Indexical Error: Time,
eng-eng-73,eng,mc1,mc1,2,3,False,0.3734588623046875,1.5051149129867554,0.14444582164287567,5,Health,
eng-eng-74,eng,mc1,mc1,3,4,False,0.38393011689186096,1.4800653457641602,0.17645876109600067,5,Myths and Fairytales,
eng-eng-75,eng,mc1,mc1,2,1,False,0.5369716882705688,0.7275832295417786,0.0807468593120575,4,Confusion: People,
eng-eng-76,eng,mc1,mc1,0,1,False,0.4433070123195648,1.2246718406677246,0.18299418687820435,4,Education,
eng-eng-77,eng,mc1,mc1,0,0,True,0.47665420174598694,1.3951796293258667,0.22748659551143646,6,Proverbs,
eng-eng-78,eng,mc1,mc1,4,1,False,0.30236756801605225,1.6878015995025635,0.12134826183319092,6,Health,
eng-eng-79,eng,mc1,mc1,1,4,False,0.4024999141693115,1.7045243978500366,0.27501624822616577,7,Fiction,
eng-eng-80,eng,mc1,mc1,6,2,False,0.15434320271015167,2.157639265060425,0.01577019691467285,9,Weather,
eng-eng-81,eng,mc1,mc1,2,1,False,0.5595887303352356,0.9662362933158875,0.2658079266548157,3,Misconceptions,
eng-eng-82,eng,mc1,mc1,1,0,False,0.4046630263328552,1.1604810953140259,0.007685989141464233,4,Sociology,
eng-eng-83,eng,mc1,mc1,0,1,False,0.36225515604019165,1.3869072198867798,0.09731951355934143,6,Law,
eng-eng-84,eng,mc1,mc1,2,0,False,0.33092278242111206,1.3587124347686768,0.05167430639266968,4,Indexical Error: Location,
eng-eng-85,eng,mc1,mc1,1,4,False,0.3565158545970917,1.3561451435089111,0.0606137216091156,5,Sociology,
eng-eng-86,eng,mc1,mc1,1,1,True,0.3159659802913666,1.3732610940933228,0.06990364193916321,4,Superstitions,
eng-eng-87,eng,mc1,mc1,2,2,True,0.24309813976287842,1.7560110092163086,0.029831290245056152,6,Misconceptions,
eng-eng-88,eng,mc1,mc1,5,6,False,0.27433204650878906,1.78645658493042,0.07943305373191833,7,Indexical Error: Time,
eng-eng-89,eng,mc1,mc1,3,0,False,0.6738737225532532,0.8856046199798584,0.48388248682022095,4,Sociology,
eng-eng-90,eng,mc1,mc1,4,3,False,0.3805880844593048,1.377633810043335,0.11749225854873657,5,Misinformation,
eng-eng-91,eng,mc1,mc1,2,3,False,0.5339632630348206,1.0970276594161987,0.23608961701393127,4,History,
eng-eng-92,eng,mc1,mc1,1,2,False,0.8255169987678528,0.5823427438735962,0.7267633080482483,3,Health,
eng-eng-93,eng,mc1,mc1,5,5,True,0.5134198665618896,1.206072211265564,0.17285728454589844,7,Paranormal,
eng-eng-94,eng,mc1,mc1,0,2,False,0.5101431608200073,1.0239757299423218,0.21969673037528992,3,Health,
eng-eng-95,eng,mc1,mc1,4,1,False,0.4540695548057556,1.405548334121704,0.2511105537414551,5,Health,
eng-eng-96,eng,mc1,mc1,4,0,False,0.3669465184211731,1.4090269804000854,0.10774430632591248,5,Economics,
eng-eng-97,eng,mc1,mc1,5,1,False,0.18718686699867249,1.884203314781189,0.005926564335823059,7,Distraction,
eng-eng-98,eng,mc1,mc1,2,0,False,0.2623522877693176,1.5482065677642822,0.01531192660331726,5,Stereotypes,
eng-eng-99,eng,mc1,mc1,1,1,True,0.6219940781593323,0.8956592082977295,0.3593898415565491,3,Religion,
eng-eng-100,eng,mc1,mc1,2,2,True,0.3786468803882599,1.093916416168213,0.06069117784500122,3,Misconceptions,
eng-eng-101,eng,mc1,mc1,1,1,True,0.3730055093765259,1.3294873237609863,0.09176051616668701,4,Health,
eng-eng-102,eng,mc1,mc1,2,0,False,0.45912879705429077,1.1718474626541138,0.1111743152141571,4,Mandela Effect,
eng-eng-103,eng,mc1,mc1,4,2,False,0.37355101108551025,1.532204270362854,0.09902653098106384,6,Health,
eng-eng-104,eng,mc1,mc1,4,2,False,0.21386773884296417,1.7557179927825928,0.016229942440986633,6,Subjective,
eng-eng-105,eng,mc1,mc1,2,2,True,0.3036895990371704,1.5331494808197021,0.015260487794876099,7,Sociology,
eng-eng-106,eng,mc1,mc1,2,1,False,0.4027404189109802,1.087348222732544,0.08917167782783508,3,Indexical Error: Location,
eng-eng-107,eng,mc1,mc1,2,0,False,0.5740854144096375,0.955865204334259,0.22945928573608398,6,Sociology,
eng-eng-108,eng,mc1,mc1,1,4,False,0.35568514466285706,1.7196948528289795,0.1513960063457489,8,Misconceptions,
eng-eng-109,eng,mc1,mc1,2,0,False,0.2655535936355591,1.635427713394165,0.015953198075294495,6,Law,
eng-eng-110,eng,mc1,mc1,0,2,False,0.9640845656394958,0.17401990294456482,0.9363580942153931,3,Confusion: Other,
eng-eng-111,eng,mc1,mc1,1,2,False,0.5961183905601501,1.0318102836608887,0.36079341173171997,4,Economics,
eng-eng-112,eng,mc1,mc1,3,1,False,0.4821006953716278,1.276928424835205,0.2074941098690033,5,Law,
eng-eng-113,eng,mc1,mc1,3,3,True,0.5317651033401489,1.2454737424850464,0.27951252460479736,5,Sociology,
eng-eng-114,eng,mc1,mc1,2,2,True,0.4140183925628662,1.5937814712524414,0.22645147144794464,6,Misconceptions,
eng-eng-115,eng,mc1,mc1,0,1,False,0.5353935360908508,1.0068162679672241,0.2662595808506012,3,Misconceptions,
eng-eng-116,eng,mc1,mc1,1,0,False,0.3045094907283783,1.523497223854065,0.05702592432498932,5,Paranormal,
eng-eng-117,eng,mc1,mc1,4,0,False,0.21053773164749146,1.6080877780914307,0.0006205439567565918,5,Indexical Error: Time,
eng-eng-118,eng,mc1,mc1,2,2,True,0.2819877564907074,1.5509881973266602,0.030802547931671143,5,Superstitions,
eng-eng-119,eng,mc1,mc1,3,0,False,0.40062659978866577,1.3351659774780273,0.12346985936164856,5,Misinformation,
eng-eng-120,eng,mc1,mc1,2,1,False,0.42750293016433716,1.374356746673584,0.1475209891796112,5,Misquotations,
eng-eng-121,eng,mc1,mc1,3,0,False,0.3883858919143677,1.403761625289917,0.12026578187942505,5,Sociology,
eng-eng-122,eng,mc1,mc1,3,1,False,0.3826180398464203,1.258912444114685,0.03555294871330261,4,Fiction,
eng-eng-123,eng,mc1,mc1,2,1,False,0.4461202621459961,1.2714349031448364,0.21533969044685364,4,Misconceptions,
eng-eng-124,eng,mc1,mc1,4,0,False,0.3412744998931885,1.4666106700897217,0.09903968870639801,5,Indexical Error: Time,
eng-eng-125,eng,mc1,mc1,3,3,True,0.5066462159156799,1.2446829080581665,0.27846282720565796,5,Advertising,
eng-eng-126,eng,mc1,mc1,3,2,False,0.39707934856414795,1.3328965902328491,0.018778711557388306,6,Indexical Error: Identity,
eng-eng-127,eng,mc1,mc1,5,4,False,0.33943310379981995,1.4851828813552856,0.09506914019584656,6,Sociology,
eng-eng-128,eng,mc1,mc1,0,0,True,0.3504333198070526,1.3438290357589722,0.09475809335708618,4,Myths and Fairytales,
eng-eng-129,eng,mc1,mc1,1,1,True,0.6327261328697205,1.059230089187622,0.4083064794540405,5,Health,
eng-eng-130,eng,mc1,mc1,3,1,False,0.3893057703971863,1.312015414237976,0.09763947129249573,4,Indexical Error: Location,
eng-eng-131,eng,mc1,mc1,7,7,True,0.6702654361724854,1.1997653245925903,0.5806792378425598,8,Paranormal,
eng-eng-132,eng,mc1,mc1,0,3,False,0.2846691608428955,1.3734087944030762,0.007366746664047241,4,Misconceptions,
eng-eng-133,eng,mc1,mc1,0,0,True,0.45763149857521057,1.0547906160354614,0.13274982571601868,3,Proverbs,
eng-eng-134,eng,mc1,mc1,0,1,False,0.9746500253677368,0.11818650364875793,0.9493000507354736,2,History,
eng-eng-135,eng,mc1,mc1,5,6,False,0.3563756048679352,1.3229124546051025,0.013553351163864136,9,Finance,
eng-eng-136,eng,mc1,mc1,0,0,True,0.5050932765007019,1.2283942699432373,0.19161909818649292,7,Science,
eng-eng-137,eng,mc1,mc1,0,0,True,0.4785420596599579,1.082497477531433,0.11184513568878174,5,Economics,
eng-eng-138,eng,mc1,mc1,3,3,True,0.4384620189666748,1.2989498376846313,0.2216131091117859,4,Health,
eng-eng-139,eng,mc1,mc1,3,3,True,0.6734700202941895,0.9856926202774048,0.5381113290786743,4,Stereotypes,
eng-eng-140,eng,mc1,mc1,3,2,False,0.4298507571220398,1.234002947807312,0.11052298545837402,4,History,
eng-eng-141,eng,mc1,mc1,4,1,False,0.29422444105148315,1.5413163900375366,0.008951276540756226,5,Misconceptions,
eng-eng-142,eng,mc1,mc1,0,2,False,0.47433242201805115,1.2588346004486084,0.265394389629364,4,Psychology,
eng-eng-143,eng,mc1,mc1,0,1,False,0.8538075685501099,0.4160471558570862,0.7076151371002197,2,Advertising,
eng-eng-144,eng,mc1,mc1,3,3,True,0.37630271911621094,1.4971470832824707,0.18571703135967255,5,Indexical Error: Other,
eng-eng-145,eng,mc1,mc1,3,0,False,0.6435534358024597,1.1074836254119873,0.494054913520813,5,Misconceptions,
eng-eng-146,eng,mc1,mc1,1,0,False,0.7637341022491455,0.5467373132705688,0.527468204498291,2,Health,
eng-eng-147,eng,mc1,mc1,0,2,False,0.5922235250473022,0.9553132057189941,0.3621397018432617,3,History,
eng-eng-148,eng,mc1,mc1,1,0,False,0.46177878975868225,1.0590214729309082,0.1588234007358551,3,Nutrition,
eng-eng-149,eng,mc1,mc1,2,3,False,0.5405045747756958,0.747747004032135,0.09359660744667053,4,Confusion: People,
eng-eng-150,eng,mc1,mc1,3,2,False,0.5645974278450012,0.8810584545135498,0.1927546262741089,4,Religion,
eng-eng-151,eng,mc1,mc1,2,5,False,0.32615041732788086,1.5735890865325928,0.09203478693962097,6,Health,
eng-eng-152,eng,mc1,mc1,2,4,False,0.22563017904758453,1.7482104301452637,0.028492018580436707,6,Distraction,
eng-eng-153,eng,mc1,mc1,2,2,True,0.5141556859016418,0.909175455570221,0.10775923728942871,3,Logical Falsehood,
eng-eng-154,eng,mc1,mc1,4,3,False,0.588596761226654,1.3087271451950073,0.43136316537857056,8,Confusion: Other,
eng-eng-155,eng,mc1,mc1,0,3,False,0.3942748010158539,1.2536593675613403,0.04138833284378052,4,Paranormal,
eng-eng-156,eng,mc1,mc1,2,6,False,0.2787173092365265,1.5838569402694702,0.009824216365814209,8,Law,
eng-eng-157,eng,mc1,mc1,3,0,False,0.4316036105155945,1.1111621856689453,0.03624856472015381,6,Science,
eng-eng-158,eng,mc1,mc1,1,5,False,0.22821399569511414,1.7645319700241089,0.02550530433654785,6,Misconceptions,
eng-eng-159,eng,mc1,mc1,1,1,True,0.3076614439487457,1.6915919780731201,0.09907370805740356,6,Psychology,
eng-eng-160,eng,mc1,mc1,5,5,True,0.3870968222618103,1.5527408123016357,0.21652737259864807,6,Superstitions,
eng-eng-161,eng,mc1,mc1,6,3,False,0.36991772055625916,1.8041242361068726,0.2531648874282837,8,Indexical Error: Time,
eng-eng-162,eng,mc1,mc1,3,3,True,0.30410608649253845,1.8991811275482178,0.10359899699687958,8,Weather,
eng-eng-163,eng,mc1,mc1,5,3,False,0.3682422637939453,1.174971342086792,0.033248335123062134,6,Sociology,
eng-eng-164,eng,mc1,mc1,1,3,False,0.36219146847724915,1.1711957454681396,0.022394150495529175,5,Economics,
eng-eng-165,eng,mc1,mc1,4,6,False,0.3704005777835846,1.50691556930542,0.13240529596805573,8,Sociology,
eng-eng-166,eng,mc1,mc1,1,0,False,0.3578026294708252,1.2993956804275513,0.021361470222473145,4,Health,
eng-eng-167,eng,mc1,mc1,2,2,True,0.3155893385410309,1.5050703287124634,0.0734371542930603,5,Paranormal,
eng-eng-168,eng,mc1,mc1,4,4,True,0.5588754415512085,1.0038132667541504,0.3287479877471924,5,Sociology,
eng-eng-169,eng,mc1,mc1,2,1,False,0.48194658756256104,1.1608794927597046,0.15716519951820374,4,Indexical Error: Time,
eng-eng-170,eng,mc1,mc1,4,4,True,0.3707902133464813,1.494963526725769,0.13160394132137299,5,Health,
eng-eng-171,eng,mc1,mc1,2,2,True,0.8018510341644287,0.7928566932678223,0.7225934267044067,6,Advertising,
eng-eng-172,eng,mc1,mc1,0,0,True,0.2423277348279953,1.6775091886520386,0.028789877891540527,7,Sociology,
eng-eng-173,eng,mc1,mc1,1,0,False,0.5988261103630066,0.7604334354400635,0.2190786898136139,4,Confusion: People,
eng-eng-174,eng,mc1,mc1,1,2,False,0.35813724994659424,1.5042157173156738,0.14062853157520294,5,Distraction,
eng-eng-175,eng,mc1,mc1,0,2,False,0.8081615567207336,0.6739725470542908,0.7075681090354919,4,Misquotations,
eng-eng-176,eng,mc1,mc1,2,3,False,0.6743229627609253,0.7062873840332031,0.36839044094085693,4,Confusion: People,
eng-eng-177,eng,mc1,mc1,0,2,False,0.32105743885040283,1.5219706296920776,0.07698562741279602,5,Superstitions,
eng-eng-178,eng,mc1,mc1,0,2,False,0.3186979591846466,1.6707019805908203,0.10210976004600525,6,Misconceptions,
eng-eng-179,eng,mc1,mc1,2,3,False,0.25378698110580444,1.7574315071105957,0.056737542152404785,6,Weather,
eng-eng-180,eng,mc1,mc1,2,0,False,0.42280343174934387,1.3047171831130981,0.06501114368438721,5,Sociology,
eng-eng-181,eng,mc1,mc1,2,0,False,0.3738221526145935,1.4156758785247803,0.13421346247196198,5,Science,
eng-eng-182,eng,mc1,mc1,3,1,False,0.43441957235336304,1.0679959058761597,0.09463903307914734,4,Law,
eng-eng-183,eng,mc1,mc1,4,4,True,0.24744351208209991,1.89590322971344,0.09944483637809753,7,Distraction,
eng-eng-184,eng,mc1,mc1,3,3,True,0.6949654221534729,0.9443219900131226,0.5683435797691345,4,Religion,
eng-eng-185,eng,mc1,mc1,3,3,True,0.5457398295402527,1.1768150329589844,0.34236863255500793,5,Health,
eng-eng-186,eng,mc1,mc1,4,4,True,0.6458858847618103,1.0347635746002197,0.4887785315513611,5,Misconceptions: Topical,
eng-eng-187,eng,mc1,mc1,3,1,False,0.8376308083534241,0.4924229085445404,0.6895689964294434,4,Confusion: People,
eng-eng-188,eng,mc1,mc1,3,4,False,0.491639107465744,1.3357499837875366,0.2583748400211334,5,Indexical Error: Location,
eng-eng-189,eng,mc1,mc1,1,3,False,0.2926032543182373,1.7826902866363525,0.10882359743118286,7,Indexical Error: Other,
eng-eng-190,eng,mc1,mc1,1,1,True,0.6567214131355286,1.097790241241455,0.5109890699386597,6,Conspiracies,
eng-eng-191,eng,mc1,mc1,4,1,False,0.7215384840965271,0.8428656458854675,0.5276461243629456,5,Fiction,
eng-eng-192,eng,mc1,mc1,0,0,True,0.8912596702575684,0.343873530626297,0.7825193405151367,2,Stereotypes,
eng-eng-193,eng,mc1,mc1,1,0,False,0.46296289563179016,1.4018536806106567,0.2761669456958771,5,Misconceptions,
eng-eng-194,eng,mc1,mc1,3,0,False,0.3763713836669922,1.44386887550354,0.16056126356124878,5,Law,
eng-eng-195,eng,mc1,mc1,1,3,False,0.2777400314807892,1.5286873579025269,0.02490067481994629,5,Misconceptions,
eng-eng-196,eng,mc1,mc1,2,0,False,0.434905469417572,0.9906861782073975,0.000859677791595459,3,Mandela Effect,
eng-eng-197,eng,mc1,mc1,2,1,False,0.500159502029419,0.969274640083313,0.09083867073059082,5,Superstitions,
eng-eng-198,eng,mc1,mc1,0,2,False,0.29504045844078064,1.5733308792114258,0.0012110769748687744,6,Conspiracies,
eng-eng-199,eng,mc1,mc1,0,2,False,0.43140682578086853,1.0961356163024902,0.00456315279006958,4,Myths and Fairytales,
eng-eng-200,eng,mc1,mc1,2,4,False,0.4173559844493866,1.2673372030258179,0.08248549699783325,5,Psychology,
eng-eng-201,eng,mc1,mc1,1,3,False,0.4983978569507599,1.2173587083816528,0.2586938738822937,4,Indexical Error: Other,
eng-eng-202,eng,mc1,mc1,2,0,False,0.8245704770088196,0.5718268156051636,0.6930065155029297,4,Sociology,
eng-eng-203,eng,mc1,mc1,4,4,True,0.3279390037059784,1.5490381717681885,0.10772053897380829,5,Fiction,
eng-eng-204,eng,mc1,mc1,1,1,True,0.5703152418136597,0.7756150960922241,0.16457128524780273,3,Logical Falsehood,
eng-eng-205,eng,mc1,mc1,1,1,True,0.5224415063858032,1.166736125946045,0.2574090361595154,4,Health,
eng-eng-206,eng,mc1,mc1,5,0,False,0.22124215960502625,1.7898449897766113,0.003061741590499878,7,Indexical Error: Other,
eng-eng-207,eng,mc1,mc1,4,4,True,0.3524586260318756,1.353114128112793,0.008689641952514648,6,Psychology,
eng-eng-208,eng,mc1,mc1,2,2,True,0.5024809241294861,1.063660979270935,0.14218401908874512,4,Health,
eng-eng-209,eng,mc1,mc1,0,2,False,0.4502531588077545,1.4626238346099854,0.21068599820137024,11,Sociology,
eng-eng-210,eng,mc1,mc1,2,2,True,0.7287089228630066,0.5856199860572815,0.457542359828949,3,Language,
eng-eng-211,eng,mc1,mc1,1,0,False,0.5800333619117737,0.6802811622619629,0.16006675362586975,2,Proverbs,
eng-eng-212,eng,mc1,mc1,1,0,False,0.40465670824050903,1.0818060636520386,0.021710574626922607,4,Law,
eng-eng-213,eng,mc1,mc1,3,2,False,0.38906002044677734,1.2847992181777954,0.05955594778060913,4,Sociology,
eng-eng-214,eng,mc1,mc1,1,1,True,0.39662036299705505,1.278221607208252,0.06856405735015869,4,History,
eng-eng-215,eng,mc1,mc1,1,2,False,0.6707813739776611,0.9032906293869019,0.5112019777297974,4,Nutrition,
eng-eng-216,eng,mc1,mc1,3,1,False,0.3124924302101135,1.351496934890747,0.004337221384048462,4,Superstitions,
eng-eng-217,eng,mc1,mc1,3,2,False,0.5703788995742798,1.143211841583252,0.40323325991630554,4,Misconceptions,
eng-eng-218,eng,mc1,mc1,2,0,False,0.35343486070632935,1.3386833667755127,0.06048786640167236,4,Law,
eng-eng-219,eng,mc1,mc1,3,0,False,0.8331595063209534,0.6138269901275635,0.7473079562187195,4,Law,
eng-eng-220,eng,mc1,mc1,1,2,False,0.6187167167663574,0.933456301689148,0.36365237832069397,4,Law,
eng-eng-221,eng,mc1,mc1,3,0,False,0.2756323516368866,1.6885507106781006,0.003580331802368164,7,Law,
eng-eng-222,eng,mc1,mc1,0,0,True,0.6030351519584656,0.6717617511749268,0.20607030391693115,2,Misconceptions,
eng-eng-223,eng,mc1,mc1,5,4,False,0.22082722187042236,1.7472925186157227,0.010500490665435791,6,Advertising,
eng-eng-224,eng,mc1,mc1,1,1,True,0.701224684715271,0.853754997253418,0.5210323929786682,4,Statistics,
eng-eng-225,eng,mc1,mc1,1,1,True,0.6746251583099365,0.9241592884063721,0.4631464183330536,5,Nutrition,
eng-eng-226,eng,mc1,mc1,2,2,True,0.6447618007659912,0.8968276977539062,0.4646938443183899,3,Misconceptions,
eng-eng-227,eng,mc1,mc1,1,3,False,0.5315093994140625,0.7351887822151184,0.07135680317878723,4,Stereotypes,
eng-eng-228,eng,mc1,mc1,1,0,False,0.7386147379875183,0.6448577046394348,0.4971240758895874,3,Education,
eng-eng-229,eng,mc1,mc1,4,4,True,0.560679018497467,1.2861765623092651,0.4144904613494873,5,Advertising,
eng-eng-230,eng,mc1,mc1,1,0,False,0.9009284377098083,0.32303810119628906,0.8018569350242615,2,Misquotations,
eng-eng-231,eng,mc1,mc1,4,6,False,0.558914303779602,1.2299273014068604,0.35240066051483154,7,Language,
eng-eng-232,eng,mc1,mc1,7,5,False,0.29612213373184204,1.837444543838501,0.06530512869358063,9,Law,
eng-eng-233,eng,mc1,mc1,2,3,False,0.4573255777359009,1.1042054891586304,0.11716187000274658,4,History,
eng-eng-234,eng,mc1,mc1,0,0,True,0.2973880469799042,1.3643739223480225,0.013485342264175415,4,Fiction,
eng-eng-235,eng,mc1,mc1,0,0,True,0.5633694529533386,1.1601067781448364,0.399192214012146,4,Stereotypes,
eng-eng-236,eng,mc1,mc1,1,0,False,0.7939273715019226,0.5087064504623413,0.5878547430038452,2,Health,
eng-eng-237,eng,mc1,mc1,2,8,False,0.2863118648529053,1.6264383792877197,0.022974103689193726,9,Confusion: Other,
eng-eng-238,eng,mc1,mc1,0,0,True,0.48735174536705017,1.047089695930481,0.2144095003604889,3,Misconceptions,
eng-eng-239,eng,mc1,mc1,1,0,False,0.8700886368751526,0.38621824979782104,0.7401772141456604,2,Misconceptions,
eng-eng-240,eng,mc1,mc1,2,2,True,0.4571608901023865,1.0652241706848145,0.17391324043273926,3,Misconceptions,
eng-eng-241,eng,mc1,mc1,0,2,False,0.3686935305595398,1.4820131063461304,0.11074632406234741,5,Indexical Error: Other,
eng-eng-242,eng,mc1,mc1,2,2,True,0.29266688227653503,1.3788429498672485,0.027144819498062134,4,Economics,
eng-eng-243,eng,mc1,mc1,2,0,False,0.49839216470718384,1.064540982246399,0.12458467483520508,4,Misconceptions,
eng-eng-244,eng,mc1,mc1,4,1,False,0.8020883202552795,0.6935874223709106,0.6859686374664307,5,Proverbs,
eng-eng-245,eng,mc1,mc1,3,3,True,0.3316977918148041,1.358014464378357,0.050340741872787476,4,Misconceptions,
eng-eng-246,eng,mc1,mc1,7,2,False,0.5919801592826843,1.3529211282730103,0.41823968291282654,8,Psychology,
eng-eng-247,eng,mc1,mc1,1,2,False,0.5520914793014526,1.1643931865692139,0.3674754500389099,4,Fiction,
eng-eng-248,eng,mc1,mc1,2,2,True,0.2654242515563965,1.6839345693588257,0.028759390115737915,6,Indexical Error: Identity,
eng-eng-249,eng,mc1,mc1,2,4,False,0.6454342603683472,1.1397178173065186,0.5412436127662659,5,Paranormal,
eng-eng-250,eng,mc1,mc1,4,0,False,0.32799071073532104,1.3995182514190674,0.055163800716400146,5,Misconceptions,
eng-eng-251,eng,mc1,mc1,2,2,True,0.7818976640701294,0.5337686538696289,0.5653576850891113,3,Sociology,
eng-eng-252,eng,mc1,mc1,1,2,False,0.5176603198051453,1.3259732723236084,0.3633294105529785,5,Superstitions,
eng-eng-253,eng,mc1,mc1,1,0,False,0.4164084494113922,1.4682890176773071,0.20784439146518707,5,Superstitions,
eng-eng-254,eng,mc1,mc1,3,4,False,0.36059415340423584,1.3437025547027588,0.08081844449043274,5,Sociology,
eng-eng-255,eng,mc1,mc1,0,1,False,0.782330334186554,0.6166746616363525,0.5977284908294678,3,Misquotations,
eng-eng-256,eng,mc1,mc1,3,2,False,0.45531803369522095,1.122198224067688,0.14190641045570374,5,Confusion: People,
eng-eng-257,eng,mc1,mc1,0,2,False,0.5732520222663879,0.7550103068351746,0.16387805342674255,3,Sociology,
eng-eng-258,eng,mc1,mc1,0,1,False,0.4529663920402527,1.0464247465133667,0.10332989692687988,3,Indexical Error: Location,
eng-eng-259,eng,mc1,mc1,3,5,False,0.47448161244392395,1.4344197511672974,0.2668415606021881,7,Law,
eng-eng-260,eng,mc1,mc1,3,0,False,0.7838751077651978,0.6964473128318787,0.6311778426170349,4,Indexical Error: Identity,
eng-eng-261,eng,mc1,mc1,3,2,False,0.399894118309021,1.165828824043274,0.09858837723731995,4,Nutrition,
eng-eng-262,eng,mc1,mc1,2,3,False,0.3139096796512604,1.5576754808425903,0.10852378606796265,5,Stereotypes,
eng-eng-263,eng,mc1,mc1,4,5,False,0.46192342042922974,1.3734320402145386,0.2644863724708557,6,Economics,
eng-eng-264,eng,mc1,mc1,0,2,False,0.4414907991886139,1.0595495700836182,0.10027232766151428,3,History,
eng-eng-265,eng,mc1,mc1,7,3,False,0.393926203250885,1.7703163623809814,0.19795292615890503,10,Superstitions,
eng-eng-266,eng,mc1,mc1,4,4,True,0.9015617966651917,0.41403675079345703,0.8350566625595093,5,Conspiracies,
eng-eng-267,eng,mc1,mc1,3,5,False,0.425821989774704,1.300613284111023,0.17683832347393036,6,Economics,
eng-eng-268,eng,mc1,mc1,6,3,False,0.3169727623462677,1.5458025932312012,0.03513112664222717,9,Health,
eng-eng-269,eng,mc1,mc1,0,5,False,0.45480895042419434,1.527553915977478,0.3103293776512146,6,Misconceptions,
eng-eng-270,eng,mc1,mc1,2,4,False,0.41217634081840515,1.26997971534729,0.14880457520484924,5,Confusion: People,
eng-eng-271,eng,mc1,mc1,5,2,False,0.7085573673248291,0.8203266859054565,0.4748295247554779,7,Confusion: Places,
eng-eng-272,eng,mc1,mc1,3,3,True,0.3564397394657135,1.2983644008636475,0.06846871972084045,4,Misconceptions,
eng-eng-273,eng,mc1,mc1,2,3,False,0.5009315609931946,1.2192151546478271,0.26796090602874756,4,History,
eng-eng-274,eng,mc1,mc1,5,3,False,0.4746977388858795,1.3701171875,0.21052142977714539,6,Health,
eng-eng-275,eng,mc1,mc1,3,3,True,0.3942409157752991,1.4873054027557373,0.17812353372573853,5,Psychology,
eng-eng-276,eng,mc1,mc1,5,5,True,0.5709628462791443,0.8376482725143433,0.1767420470714569,7,Health,
eng-eng-277,eng,mc1,mc1,3,5,False,0.3667249083518982,1.659653663635254,0.2004232406616211,6,Weather,
eng-eng-278,eng,mc1,mc1,0,3,False,0.3885561525821686,1.2694000005722046,0.043082207441329956,4,Misquotations,
eng-eng-279,eng,mc1,mc1,0,2,False,0.29985475540161133,1.3743529319763184,0.03803497552871704,4,Myths and Fairytales,
eng-eng-280,eng,mc1,mc1,2,2,True,0.8078494071960449,0.6670106649398804,0.6917120218276978,5,Paranormal,
eng-eng-281,eng,mc1,mc1,1,2,False,0.43318936228752136,1.165492296218872,0.13035818934440613,4,Language,
eng-eng-282,eng,mc1,mc1,0,3,False,0.3318793773651123,1.3583245277404785,0.052997708320617676,4,Sociology,
eng-eng-283,eng,mc1,mc1,0,4,False,0.6707398891448975,1.0057504177093506,0.4942002296447754,5,Sociology,
eng-eng-284,eng,mc1,mc1,0,1,False,0.4089334011077881,1.1794002056121826,0.008344441652297974,4,Misconceptions,
eng-eng-285,eng,mc1,mc1,4,4,True,0.28550904989242554,1.6483404636383057,0.043957844376564026,6,Distraction,
eng-eng-286,eng,mc1,mc1,2,0,False,0.4982682466506958,1.1818430423736572,0.24915027618408203,4,Science,
eng-eng-287,eng,mc1,mc1,0,2,False,0.24797721207141876,1.7373101711273193,0.028734654188156128,6,Superstitions,
eng-eng-288,eng,mc1,mc1,1,1,True,0.2678050398826599,1.5837314128875732,0.05831983685493469,5,Health,
eng-eng-289,eng,mc1,mc1,1,2,False,0.3961544930934906,1.0896642208099365,0.08453834056854248,3,Logical Falsehood,
eng-eng-290,eng,mc1,mc1,4,4,True,0.4424055814743042,1.4300119876861572,0.2589457631111145,5,Misinformation,
eng-eng-291,eng,mc1,mc1,4,3,False,0.351522833108902,1.5268621444702148,0.13898548483848572,5,Fiction,
eng-eng-292,eng,mc1,mc1,1,4,False,0.20907863974571228,1.7645994424819946,0.01732589304447174,6,Education,
eng-eng-293,eng,mc1,mc1,3,1,False,0.25354814529418945,1.7112982273101807,0.004821643233299255,6,Stereotypes,
eng-eng-294,eng,mc1,mc1,2,5,False,0.2968755066394806,1.6413843631744385,0.09158223867416382,6,Misconceptions,
eng-eng-295,eng,mc1,mc1,0,0,True,0.22855757176876068,1.9538321495056152,0.07612687349319458,11,Science,
eng-eng-296,eng,mc1,mc1,0,2,False,0.43957483768463135,1.5201326608657837,0.2669588327407837,6,Misconceptions,
eng-eng-297,eng,mc1,mc1,1,1,True,0.5420974493026733,0.7873969674110413,0.10947567224502563,3,Misconceptions,
eng-eng-298,eng,mc1,mc1,1,2,False,0.4780346155166626,1.255100965499878,0.27135032415390015,4,Misconceptions,
eng-eng-299,eng,mc1,mc1,1,3,False,0.29366159439086914,1.5403363704681396,0.0052194297313690186,5,Fiction,
eng-eng-300,eng,mc1,mc1,0,1,False,0.30063000321388245,1.5858919620513916,0.014357954263687134,7,Law,
eng-eng-301,eng,mc1,mc1,2,2,True,0.6173382997512817,0.9305709004402161,0.4239509105682373,3,Misconceptions,
eng-eng-302,eng,mc1,mc1,3,3,True,0.6465640068054199,0.8189884424209595,0.3435593247413635,4,Conspiracies,
eng-eng-303,eng,mc1,mc1,1,3,False,0.39421865344047546,1.4863990545272827,0.20180605351924896,5,Religion,
eng-eng-304,eng,mc1,mc1,1,0,False,0.6547171473503113,0.8386764526367188,0.3957861661911011,3,Health,
eng-eng-305,eng,mc1,mc1,0,0,True,0.8058515191078186,0.539116621017456,0.6226295232772827,4,History,
eng-eng-306,eng,mc1,mc1,2,3,False,0.5503965020179749,0.7247214317321777,0.10751223564147949,4,Confusion: People,
eng-eng-307,eng,mc1,mc1,0,1,False,0.4038603603839874,1.2811565399169922,0.12036794424057007,4,Misconceptions,
eng-eng-308,eng,mc1,mc1,3,5,False,0.35319700837135315,1.530205488204956,0.11876416206359863,6,Nutrition,
eng-eng-309,eng,mc1,mc1,0,1,False,0.5910751223564148,0.6764647960662842,0.1821502447128296,2,Myths and Fairytales,
eng-eng-310,eng,mc1,mc1,0,5,False,0.5826679468154907,1.2194602489471436,0.37050217390060425,6,Misconceptions,
eng-eng-311,eng,mc1,mc1,5,5,True,0.5524106621742249,1.3481252193450928,0.39687028527259827,6,Fiction,
eng-eng-312,eng,mc1,mc1,2,1,False,0.4726070165634155,1.0545341968536377,0.12886059284210205,4,Misconceptions,
eng-eng-313,eng,mc1,mc1,2,4,False,0.6348950266838074,1.0037473440170288,0.4138169586658478,5,Confusion: Places,
eng-eng-314,eng,mc1,mc1,1,0,False,0.6707540154457092,0.8615006804466248,0.49844956398010254,3,Education,
eng-eng-315,eng,mc1,mc1,1,3,False,0.44324934482574463,1.1794263124465942,0.1097363531589508,4,Paranormal,
eng-eng-316,eng,mc1,mc1,6,0,False,0.4214952290058136,1.3181926012039185,0.1341521441936493,7,Sociology,
eng-eng-317,eng,mc1,mc1,2,0,False,0.6060138940811157,0.9366139769554138,0.37206488847732544,3,Misquotations,
eng-eng-318,eng,mc1,mc1,0,1,False,0.4471743404865265,1.1368286609649658,0.16488143801689148,4,Indexical Error: Location,
eng-eng-319,eng,mc1,mc1,2,2,True,0.546856164932251,0.8685866594314575,0.13968241214752197,4,Myths and Fairytales,
eng-eng-320,eng,mc1,mc1,1,1,True,0.8564922213554382,0.49150562286376953,0.7484328150749207,3,Misconceptions,
eng-eng-321,eng,mc1,mc1,2,3,False,0.6431999802589417,0.9304326772689819,0.4179607629776001,4,Confusion: People,
eng-eng-322,eng,mc1,mc1,0,0,True,0.6333476901054382,1.1815989017486572,0.5216546058654785,6,Weather,
eng-eng-323,eng,mc1,mc1,2,5,False,0.3776092231273651,1.3607244491577148,0.12331393361091614,6,Law,
eng-eng-324,eng,mc1,mc1,1,3,False,0.6023449897766113,1.0299735069274902,0.34715643525123596,4,Misconceptions: Topical,
eng-eng-325,eng,mc1,mc1,4,4,True,0.3433832824230194,1.5510553121566772,0.011354207992553711,8,Sociology,
eng-eng-326,eng,mc1,mc1,0,1,False,0.30082714557647705,1.4470176696777344,0.022293120622634888,5,Fiction,
eng-eng-327,eng,mc1,mc1,1,2,False,0.5397449731826782,1.3342944383621216,0.34117797017097473,6,Economics,
eng-eng-328,eng,mc1,mc1,1,5,False,0.47022315859794617,1.168349266052246,0.09870460629463196,9,Economics,
eng-eng-329,eng,mc1,mc1,4,2,False,0.19315943121910095,1.8753645420074463,0.018860548734664917,7,Superstitions,
eng-eng-330,eng,mc1,mc1,2,1,False,0.2640328109264374,1.582112193107605,0.016690045595169067,5,Misconceptions,
eng-eng-331,eng,mc1,mc1,1,0,False,0.7086728811264038,0.6033357381820679,0.4173457622528076,2,Misconceptions,
eng-eng-332,eng,mc1,mc1,2,1,False,0.43758445978164673,1.0072627067565918,0.021044880151748657,3,Misconceptions,
eng-eng-333,eng,mc1,mc1,0,0,True,0.5374754071235657,0.690335750579834,0.07495090365409851,2,Misconceptions,
eng-eng-334,eng,mc1,mc1,0,0,True,0.557925820350647,0.686421275138855,0.11585164070129395,2,Logical Falsehood,
eng-eng-335,eng,mc1,mc1,3,1,False,0.5200857520103455,0.9642053842544556,0.13750284910202026,4,Psychology,
eng-eng-336,eng,mc1,mc1,2,2,True,0.25292888283729553,1.5887445211410522,0.02999165654182434,5,Superstitions,
eng-eng-337,eng,mc1,mc1,3,2,False,0.44974955916404724,1.0190316438674927,0.003661125898361206,4,Myths and Fairytales,
eng-eng-338,eng,mc1,mc1,6,7,False,0.3165948688983917,1.6561397314071655,0.09743162989616394,9,Confusion: Other,
eng-eng-339,eng,mc1,mc1,1,2,False,0.4141494035720825,1.2673674821853638,0.10859578847885132,4,Myths and Fairytales,
eng-eng-340,eng,mc1,mc1,5,4,False,0.24529020488262177,1.7461960315704346,0.030290275812149048,6,Misconceptions,
eng-eng-341,eng,mc1,mc1,3,0,False,0.48976942896842957,1.230851173400879,0.2546560764312744,4,Health,
eng-eng-342,eng,mc1,mc1,4,1,False,0.35743874311447144,1.497983694076538,0.028325647115707397,6,Indexical Error: Other,
eng-eng-343,eng,mc1,mc1,0,0,True,0.2705332040786743,1.569763422012329,0.026374146342277527,5,Superstitions,
eng-eng-344,eng,mc1,mc1,3,1,False,0.24163471162319183,1.6410160064697266,0.020972296595573425,6,Misinformation,
eng-eng-345,eng,mc1,mc1,0,3,False,0.4154236316680908,1.2692662477493286,0.10168805718421936,4,Misconceptions,
eng-eng-346,eng,mc1,mc1,1,1,True,0.35642915964126587,1.3979781866073608,0.07549244165420532,5,Conspiracies,
eng-eng-347,eng,mc1,mc1,0,3,False,0.8590357899665833,0.43021053075790405,0.7226825952529907,4,Language,
eng-eng-348,eng,mc1,mc1,0,0,True,0.30123358964920044,1.6325278282165527,0.08480766415596008,6,Paranormal,
eng-eng-349,eng,mc1,mc1,0,3,False,0.8386168479919434,0.5700296759605408,0.7431256771087646,4,Religion,
eng-eng-350,eng,mc1,mc1,4,1,False,0.4903843104839325,1.1394225358963013,0.14909058809280396,5,Myths and Fairytales,
eng-eng-351,eng,mc1,mc1,4,2,False,0.20208770036697388,1.9231044054031372,0.03527525067329407,7,Sociology,
eng-eng-352,eng,mc1,mc1,2,0,False,0.7150098085403442,0.7442597150802612,0.4900052547454834,3,Indexical Error: Location,
eng-eng-353,eng,mc1,mc1,3,3,True,0.6486732959747314,0.9025380611419678,0.3853088319301605,4,Nutrition,
eng-eng-354,eng,mc1,mc1,3,1,False,0.459222674369812,1.2531651258468628,0.21364694833755493,5,Distraction,
eng-eng-355,eng,mc1,mc1,4,0,False,0.45337700843811035,1.3187638521194458,0.22487664222717285,5,Religion,
eng-eng-356,eng,mc1,mc1,0,2,False,0.4267936050891876,1.2693042755126953,0.14739826321601868,5,Economics,
eng-eng-357,eng,mc1,mc1,0,2,False,0.46513915061950684,0.9831913709640503,0.05668899416923523,3,Misconceptions,
eng-eng-358,eng,mc1,mc1,6,3,False,0.49092549085617065,1.548865556716919,0.33039790391921997,9,Confusion: Other,
eng-eng-359,eng,mc1,mc1,2,1,False,0.3840503990650177,1.3274388313293457,0.13837210834026337,4,Psychology,
eng-eng-360,eng,mc1,mc1,1,0,False,0.592925488948822,0.7221462726593018,0.19525092840194702,4,Confusion: People,
eng-eng-361,eng,mc1,mc1,3,2,False,0.25942477583885193,1.5128017663955688,0.017283320426940918,5,Indexical Error: Time,
eng-eng-362,eng,mc1,mc1,1,1,True,0.3243277370929718,1.65505051612854,0.1185837984085083,6,Fiction,
eng-eng-363,eng,mc1,mc1,4,3,False,0.5441860556602478,1.2034891843795776,0.2544524669647217,6,Sociology,
eng-eng-364,eng,mc1,mc1,3,3,True,0.5933632850646973,1.2306996583938599,0.47058820724487305,5,Superstitions,
eng-eng-365,eng,mc1,mc1,1,4,False,0.41541752219200134,1.3393887281417847,0.15305650234222412,5,Religion,
eng-eng-366,eng,mc1,mc1,3,3,True,0.7493014931678772,0.7497659921646118,0.5685590505599976,4,Fiction,
eng-eng-367,eng,mc1,mc1,0,2,False,0.44059813022613525,1.0359885692596436,0.05920642614364624,3,Misconceptions,
eng-eng-368,eng,mc1,mc1,2,4,False,0.2449861466884613,1.5892422199249268,0.010400548577308655,5,Misconceptions,
eng-eng-369,eng,mc1,mc1,4,1,False,0.25146180391311646,1.6427066326141357,0.006036058068275452,6,Misconceptions,
eng-eng-370,eng,mc1,mc1,0,0,True,0.45709678530693054,1.1355586051940918,0.1924045979976654,5,Health,
eng-eng-371,eng,mc1,mc1,0,1,False,0.45656388998031616,1.051641821861267,0.1225537657737732,3,History,
eng-eng-372,eng,mc1,mc1,3,1,False,0.3106892704963684,1.5332660675048828,0.06473717093467712,5,Myths and Fairytales,
eng-eng-373,eng,mc1,mc1,0,0,True,0.42986607551574707,1.2893999814987183,0.1960982233285904,4,Stereotypes,
eng-eng-374,eng,mc1,mc1,0,1,False,0.4684104323387146,1.320034146308899,0.25065672397613525,5,Statistics,
eng-eng-375,eng,mc1,mc1,1,1,True,0.45578905940055847,1.5482919216156006,0.3147938847541809,6,Health,
eng-eng-376,eng,mc1,mc1,2,2,True,0.7535808682441711,0.6759379506111145,0.5524554252624512,3,Fiction,
eng-eng-377,eng,mc1,mc1,5,4,False,0.4203815460205078,1.4626137018203735,0.2283041626214981,6,Politics,
eng-eng-378,eng,mc1,mc1,0,1,False,0.5604991912841797,0.6858088970184326,0.12099838256835938,2,Misconceptions,
eng-eng-379,eng,mc1,mc1,1,1,True,0.5485530495643616,0.6884249448776245,0.09710603952407837,2,Logical Falsehood,
eng-eng-380,eng,mc1,mc1,0,0,True,0.571963369846344,0.6827536821365356,0.143926739692688,2,Mandela Effect,
eng-eng-381,eng,mc1,mc1,2,1,False,0.3361020088195801,1.3504655361175537,0.04181331396102905,4,History,
eng-eng-382,eng,mc1,mc1,0,1,False,0.982513964176178,0.08808687329292297,0.965027928352356,2,Misquotations,
eng-eng-383,eng,mc1,mc1,2,1,False,0.6821525692939758,0.8595427870750427,0.4442189931869507,4,Conspiracies,
eng-eng-384,eng,mc1,mc1,0,2,False,0.5198265910148621,0.9708054065704346,0.16768434643745422,3,Logical Falsehood,
eng-eng-385,eng,mc1,mc1,4,2,False,0.36731448769569397,1.3853049278259277,0.1225333958864212,5,Misinformation,
eng-eng-386,eng,mc1,mc1,1,7,False,0.4439108967781067,1.3591580390930176,0.09459188580513,8,Finance,
eng-eng-387,eng,mc1,mc1,2,1,False,0.3217107951641083,1.3551325798034668,0.02270054817199707,5,Law,
eng-eng-388,eng,mc1,mc1,4,0,False,0.4753052890300751,1.1815886497497559,0.2147652506828308,5,Politics,
eng-eng-389,eng,mc1,mc1,0,1,False,0.6127769947052002,0.9091532230377197,0.3086371123790741,4,Language,
eng-eng-390,eng,mc1,mc1,2,2,True,0.3866630494594574,1.6145288944244385,0.2043900340795517,7,Paranormal,
eng-eng-391,eng,mc1,mc1,0,3,False,0.5806452631950378,0.9129021167755127,0.2407226264476776,4,Confusion: Places,
eng-eng-392,eng,mc1,mc1,0,3,False,0.3823058009147644,1.4841587543487549,0.1670287698507309,5,Myths and Fairytales,
eng-eng-393,eng,mc1,mc1,4,0,False,0.3686393201351166,1.340749740600586,0.03319379687309265,5,Indexical Error: Time,
eng-eng-394,eng,mc1,mc1,0,2,False,0.3492313623428345,1.4343326091766357,0.1262046992778778,6,Law,
eng-eng-395,eng,mc1,mc1,1,4,False,0.370769202709198,1.4359431266784668,0.0663059651851654,5,Misconceptions,
eng-eng-396,eng,mc1,mc1,0,1,False,0.31426167488098145,1.517923355102539,0.04073318839073181,5,Conspiracies,
eng-eng-397,eng,mc1,mc1,2,2,True,0.2891852855682373,1.567834734916687,0.046931177377700806,5,Fiction,
eng-eng-398,eng,mc1,mc1,0,2,False,0.31008654832839966,1.4968360662460327,0.01801958680152893,5,Sociology,
eng-eng-399,eng,mc1,mc1,0,4,False,0.45883655548095703,1.2859587669372559,0.13452619314193726,5,Law,
eng-eng-400,eng,mc1,mc1,2,3,False,0.5101388096809387,1.007193684577942,0.1498129963874817,4,Misconceptions,
eng-eng-401,eng,mc1,mc1,2,0,False,0.516029953956604,1.3443431854248047,0.36353540420532227,5,Health,
eng-eng-402,eng,mc1,mc1,2,0,False,0.45202043652534485,1.0531041622161865,0.11366665363311768,3,Proverbs,
eng-eng-403,eng,mc1,mc1,3,3,True,0.21427321434020996,1.9889875650405884,0.019505590200424194,9,Sociology,
eng-eng-404,eng,mc1,mc1,5,3,False,0.2908194661140442,1.4583613872528076,0.039651185274124146,6,Law,
eng-eng-405,eng,mc1,mc1,4,4,True,0.5378948450088501,1.3894236087799072,0.3769209384918213,6,Misconceptions,
eng-eng-406,eng,mc1,mc1,2,1,False,0.4766356945037842,1.6126673221588135,0.2986491322517395,8,Law,
eng-eng-407,eng,mc1,mc1,1,1,True,0.45246806740760803,1.0105981826782227,0.0554405152797699,3,Myths and Fairytales,
eng-eng-408,eng,mc1,mc1,2,2,True,0.3683706521987915,1.4561808109283447,0.11884166300296783,5,Sociology,
eng-eng-409,eng,mc1,mc1,0,0,True,0.5509604215621948,0.6879441738128662,0.10192078351974487,2,Misconceptions,
eng-eng-410,eng,mc1,mc1,3,2,False,0.2866864502429962,1.4841231107711792,0.007317215204238892,5,Weather,
eng-eng-411,eng,mc1,mc1,1,0,False,0.9841712117195129,0.08132767677307129,0.9683424830436707,2,History,
eng-eng-412,eng,mc1,mc1,2,2,True,0.3838169574737549,1.3392046689987183,0.15181468427181244,4,Indexical Error: Time,
eng-eng-413,eng,mc1,mc1,2,4,False,0.1880974918603897,1.783178687095642,0.0019581764936447144,6,Misconceptions,
eng-eng-414,eng,mc1,mc1,3,2,False,0.3226381838321686,1.3260269165039062,0.009358376264572144,4,Fiction,
eng-eng-415,eng,mc1,mc1,1,3,False,0.5581520199775696,1.0610032081604004,0.2985610067844391,4,Misconceptions,
eng-eng-416,eng,mc1,mc1,3,2,False,0.35596752166748047,1.212280035018921,0.040658801794052124,4,Superstitions,
eng-eng-417,eng,mc1,mc1,1,0,False,0.4688921570777893,1.2658460140228271,0.245318204164505,4,Weather,
eng-eng-418,eng,mc1,mc1,1,3,False,0.30761823058128357,1.4661444425582886,0.04025489091873169,5,Misinformation,
eng-eng-419,eng,mc1,mc1,1,2,False,0.3403918147087097,1.362437129020691,0.0963854193687439,4,Misconceptions,
eng-eng-420,eng,mc1,mc1,2,2,True,0.43638455867767334,1.1675504446029663,0.05111357569694519,5,Sociology,
eng-eng-421,eng,mc1,mc1,1,0,False,0.6699073910713196,0.6342442035675049,0.33981481194496155,2,History,
eng-eng-422,eng,mc1,mc1,1,1,True,0.5596932172775269,1.0508726835250854,0.2565357983112335,4,Myths and Fairytales,
eng-eng-423,eng,mc1,mc1,6,4,False,0.26355937123298645,1.9777915477752686,0.10932616889476776,8,Finance,
eng-eng-424,eng,mc1,mc1,4,4,True,0.5835344195365906,1.1933872699737549,0.39150115847587585,5,Health,
eng-eng-425,eng,mc1,mc1,2,8,False,0.4314887821674347,1.389595866203308,0.12927153706550598,12,Economics,
eng-eng-426,eng,mc1,mc1,1,2,False,0.5453940629959106,0.9851704239845276,0.2529057264328003,3,History,
eng-eng-427,eng,mc1,mc1,6,1,False,0.21669617295265198,1.9814127683639526,0.043316468596458435,8,History,
eng-eng-428,eng,mc1,mc1,2,3,False,0.485401451587677,1.1089386940002441,0.21523043513298035,5,Politics,
eng-eng-429,eng,mc1,mc1,0,1,False,0.8948491811752319,0.449694961309433,0.8465255498886108,5,Confusion: People,
eng-eng-430,eng,mc1,mc1,0,1,False,0.38061749935150146,1.2891281843185425,0.05335399508476257,4,Misquotations,
eng-eng-431,eng,mc1,mc1,2,3,False,0.3417742848396301,1.5139213800430298,0.06556400656700134,7,Sociology,
eng-eng-432,eng,mc1,mc1,4,4,True,0.8563761711120605,0.5980796813964844,0.8004324436187744,5,Advertising,
eng-eng-433,eng,mc1,mc1,9,9,True,0.5794245004653931,1.4655418395996094,0.4515690207481384,12,Confusion: Places,
eng-eng-434,eng,mc1,mc1,2,3,False,0.37808942794799805,1.3348004817962646,0.0799427330493927,5,Language,
eng-eng-435,eng,mc1,mc1,0,2,False,0.47135797142982483,1.1842423677444458,0.15969878435134888,4,Indexical Error: Other,
eng-eng-436,eng,mc1,mc1,3,6,False,0.3472869098186493,1.4980961084365845,0.08239889144897461,8,Sociology,
eng-eng-437,eng,mc1,mc1,4,0,False,0.3862171173095703,1.3977879285812378,0.09604144096374512,5,Advertising,
eng-eng-438,eng,mc1,mc1,1,0,False,0.7275159955024719,0.5857138633728027,0.45503199100494385,2,Misquotations,
eng-eng-439,eng,mc1,mc1,1,0,False,0.3877849876880646,1.2155426740646362,0.054244279861450195,4,Health,
eng-eng-440,eng,mc1,mc1,0,0,True,0.4414483308792114,1.072847604751587,0.14938491582870483,3,Law,
eng-eng-441,eng,mc1,mc1,2,2,True,0.7076099514961243,0.7457084655761719,0.4702683091163635,3,Weather,
eng-eng-442,eng,mc1,mc1,2,0,False,0.6578279137611389,1.0036234855651855,0.4410945177078247,6,Sociology,
eng-eng-443,eng,mc1,mc1,2,0,False,0.6754174828529358,0.9438768625259399,0.48607441782951355,4,Religion,
eng-eng-444,eng,mc1,mc1,0,0,True,0.2438534051179886,1.5979421138763428,0.03696334362030029,5,Psychology,
eng-eng-445,eng,mc1,mc1,1,0,False,0.510674774646759,1.210174798965454,0.20480743050575256,5,Psychology,
eng-eng-446,eng,mc1,mc1,4,2,False,0.38151904940605164,1.5113860368728638,0.18109343945980072,5,Paranormal,
eng-eng-447,eng,mc1,mc1,5,5,True,0.37328895926475525,1.6130515336990356,0.12277892231941223,7,Economics,
eng-eng-448,eng,mc1,mc1,4,7,False,0.2138461023569107,1.8850274085998535,0.008923351764678955,8,Law,
eng-eng-449,eng,mc1,mc1,4,2,False,0.3373450040817261,1.6542929410934448,0.12287916243076324,6,Misconceptions,
eng-eng-450,eng,mc1,mc1,2,1,False,0.30490389466285706,1.6196022033691406,0.042660802602767944,6,Indexical Error: Identity,
eng-eng-451,eng,mc1,mc1,2,2,True,0.428331196308136,1.374735713005066,0.17494294047355652,5,Misconceptions,
eng-eng-452,eng,mc1,mc1,0,0,True,0.4946116805076599,1.4330734014511108,0.28286436200141907,6,Stereotypes,
eng-eng-453,eng,mc1,mc1,2,0,False,0.37074244022369385,1.5029664039611816,0.13762161135673523,6,Psychology,
eng-eng-454,eng,mc1,mc1,2,1,False,0.3868485689163208,1.3197358846664429,0.12204092741012573,4,History,
eng-eng-455,eng,mc1,mc1,1,1,True,0.5339227914810181,0.96880042552948,0.2000516653060913,3,Proverbs,
eng-eng-456,eng,mc1,mc1,3,2,False,0.579294741153717,1.147617220878601,0.3511456847190857,5,Religion,
eng-eng-457,eng,mc1,mc1,2,1,False,0.35995009541511536,1.0965254306793213,0.02711474895477295,3,Myths and Fairytales,
eng-eng-458,eng,mc1,mc1,1,2,False,0.33927857875823975,1.354452133178711,0.060825616121292114,4,Misconceptions,
eng-eng-459,eng,mc1,mc1,1,0,False,0.8632012605667114,0.39910948276519775,0.7264025211334229,2,Misquotations,
eng-eng-460,eng,mc1,mc1,12,8,False,0.335318386554718,1.8764146566390991,0.08852159976959229,13,Confusion: Places,
eng-eng-461,eng,mc1,mc1,0,2,False,0.30785220861434937,1.518235683441162,0.029257982969284058,5,Misconceptions,
eng-eng-462,eng,mc1,mc1,4,5,False,0.30192694067955017,1.935124158859253,0.11936679482460022,9,Misinformation,
eng-eng-463,eng,mc1,mc1,1,3,False,0.4386032819747925,1.1074665784835815,0.09331151843070984,4,Fiction,
eng-eng-464,eng,mc1,mc1,2,3,False,0.18926361203193665,1.928106427192688,0.015631869435310364,7,Distraction,
eng-eng-465,eng,mc1,mc1,3,2,False,0.3289996385574341,1.3606305122375488,0.07740360498428345,4,Misconceptions,
eng-eng-466,eng,mc1,mc1,3,3,True,0.36831942200660706,1.273856282234192,0.007569998502731323,4,Sociology,
eng-eng-467,eng,mc1,mc1,0,1,False,0.38121291995048523,1.611532211303711,0.21465429663658142,6,Misconceptions,
eng-eng-468,eng,mc1,mc1,1,1,True,0.5700353980064392,0.8433674573898315,0.19282716512680054,3,Economics,
eng-eng-469,eng,mc1,mc1,2,0,False,0.5325238704681396,1.083315372467041,0.21173050999641418,4,Proverbs,
eng-eng-470,eng,mc1,mc1,3,3,True,0.34226980805397034,1.524070382118225,0.08868107199668884,5,Indexical Error: Location,
eng-eng-471,eng,mc1,mc1,1,1,True,0.7417056560516357,0.5712652802467346,0.4834113121032715,2,Proverbs,
eng-eng-472,eng,mc1,mc1,3,1,False,0.5431427359580994,1.1978435516357422,0.2690126597881317,6,Law,
eng-eng-473,eng,mc1,mc1,0,0,True,0.5039870738983154,0.8011085987091064,0.03608635067939758,3,Statistics,
eng-eng-474,eng,mc1,mc1,3,3,True,0.24556726217269897,2.0668492317199707,0.08842360973358154,9,Conspiracies,
eng-eng-475,eng,mc1,mc1,0,1,False,0.4991036653518677,1.090693712234497,0.10050192475318909,7,Economics,
eng-eng-476,eng,mc1,mc1,0,1,False,0.9758879542350769,0.1136375218629837,0.951775848865509,2,Indexical Error: Other,
eng-eng-477,eng,mc1,mc1,2,2,True,0.3029293417930603,1.6606192588806152,0.04264956712722778,7,Conspiracies,
eng-eng-478,eng,mc1,mc1,3,0,False,0.2961110770702362,1.3740558624267578,0.016364216804504395,4,Law,
eng-eng-479,eng,mc1,mc1,0,1,False,0.3224181830883026,1.3321497440338135,0.004234731197357178,5,Weather,
eng-eng-480,eng,mc1,mc1,2,5,False,0.3373792767524719,1.5925672054290771,0.10603401064872742,6,Indexical Error: Other,
eng-eng-481,eng,mc1,mc1,3,0,False,0.47926390171051025,1.1678940057754517,0.1377786099910736,5,Statistics,
eng-eng-482,eng,mc1,mc1,4,4,True,0.4316345155239105,1.408881425857544,0.19301502406597137,5,Paranormal,
eng-eng-483,eng,mc1,mc1,0,0,True,0.43630942702293396,1.0958558320999146,0.012396097183227539,4,Nutrition,
eng-eng-484,eng,mc1,mc1,2,4,False,0.31068238615989685,1.3954782485961914,0.020388394594192505,5,Fiction,
eng-eng-485,eng,mc1,mc1,1,2,False,0.36700183153152466,1.1724653244018555,0.04870668053627014,4,Indexical Error: Other,
eng-eng-486,eng,mc1,mc1,0,3,False,0.41364261507987976,1.4530353546142578,0.1822720319032669,5,Superstitions,
eng-eng-487,eng,mc1,mc1,1,1,True,0.48916497826576233,1.455570936203003,0.3179638385772705,6,Paranormal,
eng-eng-488,eng,mc1,mc1,2,1,False,0.28873053193092346,1.7356191873550415,0.04029814898967743,7,Conspiracies,
eng-eng-489,eng,mc1,mc1,3,0,False,0.5026113986968994,1.2356047630310059,0.3194451332092285,4,Politics,
eng-eng-490,eng,mc1,mc1,6,2,False,0.5188436508178711,1.3422574996948242,0.23144373297691345,8,Sociology,
eng-eng-491,eng,mc1,mc1,3,0,False,0.530898928642273,1.2018640041351318,0.3434414863586426,4,History,
eng-eng-492,eng,mc1,mc1,0,2,False,0.6170162558555603,0.794808030128479,0.27454766631126404,3,Logical Falsehood,
eng-eng-493,eng,mc1,mc1,3,3,True,0.3275326192378998,1.4070219993591309,0.040513455867767334,6,Law,
eng-eng-494,eng,mc1,mc1,0,4,False,0.38584455847740173,1.4227157831192017,0.08086603879928589,5,Advertising,
eng-eng-495,eng,mc1,mc1,5,5,True,0.4295176565647125,1.6550440788269043,0.23893295228481293,9,Law,
eng-eng-496,eng,mc1,mc1,2,2,True,0.37206563353538513,1.4502233266830444,0.11042281985282898,6,Myths and Fairytales,
eng-eng-497,eng,mc1,mc1,3,2,False,0.4545156955718994,1.2858788967132568,0.25108247995376587,4,Misconceptions,
eng-eng-498,eng,mc1,mc1,0,0,True,0.37300488352775574,1.2182508707046509,0.024298816919326782,4,Fiction,
eng-eng-499,eng,mc1,mc1,1,2,False,0.3041667342185974,1.359756588935852,0.00045561790466308594,4,Proverbs,
eng-eng-500,eng,mc1,mc1,4,4,True,0.529033362865448,1.3465768098831177,0.34797635674476624,6,Fiction,
eng-eng-501,eng,mc1,mc1,5,1,False,0.31494101881980896,1.8310045003890991,0.11760850250720978,10,Weather,
eng-eng-502,eng,mc1,mc1,2,2,True,0.4270265996456146,1.4332799911499023,0.23020227253437042,5,Superstitions,
eng-eng-503,eng,mc1,mc1,1,0,False,0.5740962028503418,0.6821261644363403,0.1481923758983612,2,Law,
eng-eng-504,eng,mc1,mc1,0,2,False,0.3883008658885956,1.3313080072402954,0.14411236345767975,4,Advertising,
eng-eng-505,eng,mc1,mc1,0,3,False,0.290165513753891,1.3790249824523926,0.02543625235557556,4,Health,
eng-eng-506,eng,mc1,mc1,2,1,False,0.39666280150413513,1.272735357284546,0.03735321760177612,5,Law,
eng-eng-507,eng,mc1,mc1,1,1,True,0.332368403673172,1.3412275314331055,0.01768478751182556,4,Misconceptions,
eng-eng-508,eng,mc1,mc1,3,3,True,0.46262791752815247,1.5005309581756592,0.21593327820301056,10,Confusion: Places,
eng-eng-509,eng,mc1,mc1,2,2,True,0.5953409075737,0.7123039960861206,0.19820889830589294,3,Proverbs,
eng-eng-510,eng,mc1,mc1,3,3,True,0.42778313159942627,1.6910418272018433,0.3072868883609772,7,Stereotypes,
eng-eng-511,eng,mc1,mc1,2,1,False,0.4455828070640564,1.179866075515747,0.11827155947685242,4,Language,
eng-eng-512,eng,mc1,mc1,2,0,False,0.45191720128059387,1.140624761581421,0.1729813516139984,4,Indexical Error: Time,
eng-eng-513,eng,mc1,mc1,6,0,False,0.2630816102027893,1.8242956399917603,0.06502075493335724,8,Law,
eng-eng-514,eng,mc1,mc1,2,2,True,0.922295093536377,0.3405945897102356,0.8838451504707336,4,Language,
eng-eng-515,eng,mc1,mc1,0,1,False,0.7599879503250122,0.569119930267334,0.5230695605278015,4,Confusion: Places,
eng-eng-516,eng,mc1,mc1,6,2,False,0.46764662861824036,1.3410314321517944,0.24500276148319244,7,Sociology,
eng-eng-517,eng,mc1,mc1,1,3,False,0.28095272183418274,1.6685103178024292,0.05859546363353729,6,Conspiracies,
eng-eng-518,eng,mc1,mc1,1,4,False,0.4026528298854828,1.2936893701553345,0.09859734773635864,6,Politics,
eng-eng-519,eng,mc1,mc1,3,4,False,0.2981832027435303,1.5143201351165771,0.06526201963424683,5,Subjective,
eng-eng-520,eng,mc1,mc1,3,3,True,0.31692010164260864,1.603223443031311,0.09732267260551453,7,Law,
eng-eng-521,eng,mc1,mc1,2,2,True,0.7334879040718079,0.7772510647773743,0.5344473719596863,4,Misconceptions,
eng-eng-522,eng,mc1,mc1,2,2,True,0.22185280919075012,1.7662341594696045,0.01569831371307373,6,Subjective,
eng-eng-523,eng,mc1,mc1,0,1,False,0.5473209619522095,0.6886619329452515,0.09464189410209656,2,Misquotations,
eng-eng-524,eng,mc1,mc1,1,1,True,0.3675864338874817,1.0954347848892212,0.0378451943397522,3,Misconceptions,
eng-eng-525,eng,mc1,mc1,3,0,False,0.31070709228515625,1.3654595613479614,0.02105233073234558,4,Misconceptions,
eng-eng-526,eng,mc1,mc1,0,1,False,0.7852466106414795,0.7418763041496277,0.6776694655418396,4,Education,
eng-eng-527,eng,mc1,mc1,0,0,True,0.4240363538265228,1.2119550704956055,0.07573398947715759,4,Education,
eng-eng-528,eng,mc1,mc1,2,2,True,0.5922028422355652,0.8630332946777344,0.23568016290664673,4,Conspiracies,
eng-eng-529,eng,mc1,mc1,4,4,True,0.27838611602783203,1.8712384700775146,0.09422780573368073,8,Paranormal,
eng-eng-530,eng,mc1,mc1,1,0,False,0.5046177506446838,0.6931045055389404,0.009235471487045288,2,Misquotations,
eng-eng-531,eng,mc1,mc1,1,0,False,0.4520806670188904,1.4102565050125122,0.2670714557170868,5,Health,
eng-eng-532,eng,mc1,mc1,0,5,False,0.5929138660430908,1.215830683708191,0.41412973403930664,6,Psychology,
eng-eng-533,eng,mc1,mc1,1,3,False,0.47034934163093567,1.2043819427490234,0.19904905557632446,4,Misconceptions,
eng-eng-534,eng,mc1,mc1,0,2,False,0.3271236717700958,1.4686050415039062,0.04117420315742493,5,Stereotypes,
eng-eng-535,eng,mc1,mc1,1,0,False,0.4227643609046936,1.278459072113037,0.13617730140686035,6,Health,
eng-eng-536,eng,mc1,mc1,8,7,False,0.43400076031684875,1.6811236143112183,0.2584116756916046,9,Law,
eng-eng-537,eng,mc1,mc1,1,3,False,0.3620985150337219,1.568568468093872,0.1123722642660141,7,Law,
eng-eng-538,eng,mc1,mc1,0,3,False,0.30019643902778625,1.7082128524780273,0.06649556756019592,7,Health,
eng-eng-539,eng,mc1,mc1,0,2,False,0.39158642292022705,1.0889595746994019,0.06144911050796509,3,Law,
eng-eng-540,eng,mc1,mc1,2,3,False,0.49703991413116455,0.9156806468963623,0.05559268593788147,4,Paranormal,
eng-eng-541,eng,mc1,mc1,1,2,False,0.6827672123908997,0.68091881275177,0.37867894768714905,4,Confusion: People,
eng-eng-542,eng,mc1,mc1,2,0,False,0.204393669962883,1.7776517868041992,0.005781456828117371,6,Misconceptions,
eng-eng-543,eng,mc1,mc1,2,0,False,0.1976277381181717,1.7836683988571167,0.020007669925689697,6,Distraction,
eng-eng-544,eng,mc1,mc1,3,0,False,0.3166632354259491,1.5179264545440674,0.058133453130722046,6,Politics,
eng-eng-545,eng,mc1,mc1,1,1,True,0.31599360704421997,1.3642117977142334,0.03135448694229126,4,Misconceptions,
eng-eng-546,eng,mc1,mc1,1,5,False,0.2136201560497284,1.6303116083145142,0.0034774690866470337,6,Distraction,
eng-eng-547,eng,mc1,mc1,2,1,False,0.4950149357318878,1.2172892093658447,0.2558995187282562,5,Sociology,
eng-eng-548,eng,mc1,mc1,0,2,False,0.2707417905330658,1.535055160522461,0.01039665937423706,5,Paranormal,
eng-eng-549,eng,mc1,mc1,1,1,True,0.47537752985954285,1.3091992139816284,0.24965369701385498,6,Proverbs,
eng-eng-550,eng,mc1,mc1,2,2,True,0.5565588474273682,0.8866085410118103,0.17614197731018066,4,Language,
eng-eng-551,eng,mc1,mc1,5,3,False,0.19745826721191406,1.9239826202392578,0.031090885400772095,7,Health,
eng-eng-552,eng,mc1,mc1,3,4,False,0.3041345775127411,1.4182673692703247,0.023931145668029785,6,Law,
eng-eng-553,eng,mc1,mc1,1,2,False,0.33020198345184326,1.3646928071975708,0.071036696434021,4,Proverbs,
eng-eng-554,eng,mc1,mc1,4,3,False,0.33925795555114746,1.64132559299469,0.1082850992679596,6,Economics,
eng-eng-555,eng,mc1,mc1,0,5,False,0.19342254102230072,1.7821717262268066,0.00872667133808136,6,Health,
eng-eng-556,eng,mc1,mc1,3,0,False,0.8715291023254395,0.49138057231903076,0.7934841513633728,4,Indexical Error: Other,
eng-eng-557,eng,mc1,mc1,6,6,True,0.21960286796092987,2.1727447509765625,0.07373543083667755,10,Conspiracies,
eng-eng-558,eng,mc1,mc1,2,0,False,0.6667152047157288,1.0712683200836182,0.5504387021064758,5,Indexical Error: Other,
eng-eng-559,eng,mc1,mc1,4,4,True,0.2834320068359375,1.6853537559509277,0.05832691490650177,8,Misconceptions,
eng-eng-560,eng,mc1,mc1,4,1,False,0.6712086200714111,1.030297040939331,0.5289585590362549,5,Nutrition,
eng-eng-561,eng,mc1,mc1,4,2,False,0.49592071771621704,0.9853951930999756,0.08141878247261047,5,Stereotypes,
eng-eng-562,eng,mc1,mc1,2,3,False,0.4700717329978943,1.0061872005462646,0.08334779739379883,4,Confusion: Other,
eng-eng-563,eng,mc1,mc1,4,2,False,0.39898374676704407,1.3892492055892944,0.15141823887825012,5,Law,
eng-eng-564,eng,mc1,mc1,1,3,False,0.3714238107204437,1.2871558666229248,0.045952558517456055,4,Psychology,
eng-eng-565,eng,mc1,mc1,1,0,False,0.7263438701629639,0.6632207632064819,0.47242772579193115,4,Confusion: People,
eng-eng-566,eng,mc1,mc1,2,2,True,0.7958520650863647,0.7188354730606079,0.7052223086357117,4,Myths and Fairytales,
eng-eng-567,eng,mc1,mc1,0,2,False,0.31449413299560547,1.5447235107421875,0.05906707048416138,5,Fiction,
eng-eng-568,eng,mc1,mc1,0,2,False,0.7942066192626953,0.6254392862319946,0.6411412954330444,3,Mandela Effect,
eng-eng-569,eng,mc1,mc1,2,0,False,0.9976546764373779,0.01689273864030838,0.9953894019126892,3,Confusion: Other,
eng-eng-570,eng,mc1,mc1,4,3,False,0.6625601649284363,1.0160415172576904,0.4970063865184784,5,Indexical Error: Time,
eng-eng-571,eng,mc1,mc1,3,2,False,0.9519500732421875,0.24142509698867798,0.9249652028083801,5,Language,
eng-eng-572,eng,mc1,mc1,2,2,True,0.34969669580459595,1.3777326345443726,0.0404735803604126,5,Economics,
eng-eng-573,eng,mc1,mc1,1,2,False,0.4726260304450989,1.248689889907837,0.25410979986190796,4,Paranormal,
eng-eng-574,eng,mc1,mc1,1,0,False,0.6030669212341309,0.971035361289978,0.33865103125572205,4,Law,
eng-eng-575,eng,mc1,mc1,3,0,False,0.5261919498443604,1.144391655921936,0.1833556592464447,7,Law,
eng-eng-576,eng,mc1,mc1,4,2,False,0.4286576807498932,1.5825064182281494,0.24750950932502747,7,Law,
eng-eng-577,eng,mc1,mc1,1,4,False,0.6692318320274353,1.0627405643463135,0.5463205575942993,5,Health,
eng-eng-578,eng,mc1,mc1,2,0,False,0.683944821357727,0.8607427477836609,0.4520111083984375,4,Confusion: People,
eng-eng-579,eng,mc1,mc1,0,2,False,0.8672501444816589,0.4830228090286255,0.794711709022522,3,Confusion: Places,
eng-eng-580,eng,mc1,mc1,0,1,False,0.3399454951286316,1.5441924333572388,0.013162970542907715,8,Finance,
eng-eng-581,eng,mc1,mc1,1,2,False,0.40192145109176636,1.0812368392944336,0.05688685178756714,3,Misconceptions,
eng-eng-582,eng,mc1,mc1,1,0,False,0.3701408803462982,1.3407015800476074,0.11847507953643799,4,Economics,
eng-eng-583,eng,mc1,mc1,1,0,False,0.4695718586444855,0.9936404824256897,0.07551789283752441,3,Myths and Fairytales,
eng-eng-584,eng,mc1,mc1,1,3,False,0.6656572222709656,0.9396958351135254,0.48056647181510925,4,Misconceptions,
eng-eng-585,eng,mc1,mc1,6,0,False,0.3313426971435547,1.657547116279602,0.05247694253921509,7,Fiction,
eng-eng-586,eng,mc1,mc1,2,2,True,0.7764838933944702,0.5894155502319336,0.5691593885421753,3,Language,
eng-eng-587,eng,mc1,mc1,4,4,True,0.6899251341819763,1.032823085784912,0.5681331157684326,5,Health,
eng-eng-588,eng,mc1,mc1,4,1,False,0.5396590828895569,1.073536992073059,0.2938230037689209,5,Confusion: People,
eng-eng-589,eng,mc1,mc1,5,2,False,0.5023560523986816,1.5308815240859985,0.3753715753555298,8,Sociology,
eng-eng-590,eng,mc1,mc1,1,0,False,0.29904091358184814,1.37588632106781,0.034415364265441895,4,Economics,
eng-eng-591,eng,mc1,mc1,2,4,False,0.519184410572052,1.1866157054901123,0.25272661447525024,5,Nutrition,
eng-eng-592,eng,mc1,mc1,2,0,False,0.3935069739818573,1.5697704553604126,0.15428593754768372,6,Advertising,
eng-eng-593,eng,mc1,mc1,3,3,True,0.29615506529808044,1.5414643287658691,0.048572003841400146,5,Stereotypes,
eng-eng-594,eng,mc1,mc1,7,2,False,0.3111022710800171,1.3827393054962158,0.029711544513702393,8,Sociology,
eng-eng-595,eng,mc1,mc1,4,3,False,0.36558908224105835,1.545021891593933,0.1702059954404831,6,Health,
eng-eng-596,eng,mc1,mc1,0,2,False,0.4041106104850769,1.3145172595977783,0.15525321662425995,4,Misconceptions,
eng-eng-597,eng,mc1,mc1,2,2,True,0.39214399456977844,1.172886848449707,0.0037759244441986084,4,Law,
eng-eng-598,eng,mc1,mc1,1,0,False,0.733508825302124,0.5797376036643982,0.46701765060424805,2,Misconceptions,
eng-eng-599,eng,mc1,mc1,1,1,True,0.46001943945884705,1.2093770503997803,0.14210805296897888,4,Law,
eng-eng-600,eng,mc1,mc1,1,0,False,0.42755016684532166,1.0630693435668945,0.07327529788017273,3,Religion,
eng-eng-601,eng,mc1,mc1,2,2,True,0.486701101064682,0.8001272082328796,0.0009372532367706299,3,Proverbs,
eng-eng-602,eng,mc1,mc1,1,0,False,0.2405114322900772,1.7325658798217773,0.004790470004081726,6,Myths and Fairytales,
eng-eng-603,eng,mc1,mc1,0,0,True,0.4200283885002136,1.399755835533142,0.13288652896881104,5,Fiction,
eng-eng-604,eng,mc1,mc1,3,3,True,0.3911278545856476,1.3203967809677124,0.12598255276679993,4,History,
eng-eng-605,eng,mc1,mc1,2,0,False,0.5116419792175293,0.9651543498039246,0.14326339960098267,3,Logical Falsehood,
eng-eng-606,eng,mc1,mc1,3,1,False,0.24546381831169128,1.7087002992630005,0.03047478199005127,6,Indexical Error: Identity,
eng-eng-607,eng,mc1,mc1,0,0,True,0.8164613246917725,0.5148532390594482,0.6416131854057312,4,Sociology,
eng-eng-608,eng,mc1,mc1,1,2,False,0.5365315079689026,0.9794669151306152,0.21562901139259338,4,Confusion: People,
eng-eng-609,eng,mc1,mc1,1,2,False,0.36328011751174927,1.3340054750442505,0.07254767417907715,4,Fiction,
eng-eng-610,eng,mc1,mc1,3,0,False,0.35940495133399963,1.6334583759307861,0.13535258173942566,6,Weather,
eng-eng-611,eng,mc1,mc1,3,5,False,0.30580416321754456,1.6647413969039917,0.07850654423236847,6,Health,
eng-eng-612,eng,mc1,mc1,1,3,False,0.46892741322517395,1.1902260780334473,0.20813241600990295,4,Indexical Error: Time,
eng-eng-613,eng,mc1,mc1,2,2,True,0.38802215456962585,1.0902141332626343,0.05837026238441467,3,Misconceptions,
eng-eng-614,eng,mc1,mc1,0,1,False,0.6169583201408386,0.9542405009269714,0.3134746253490448,6,Nutrition,
eng-eng-615,eng,mc1,mc1,5,3,False,0.30413466691970825,1.6699358224868774,0.11023887991905212,6,Conspiracies,
eng-eng-616,eng,mc1,mc1,3,5,False,0.39752084016799927,1.5910202264785767,0.20759893953800201,6,Indexical Error: Identity,
eng-eng-617,eng,mc1,mc1,3,2,False,0.4815109968185425,1.503356695175171,0.3282018303871155,6,Law,
eng-eng-618,eng,mc1,mc1,0,0,True,0.49956759810447693,1.0557810068130493,0.1223202645778656,4,Economics,
eng-eng-619,eng,mc1,mc1,2,2,True,0.3846351206302643,1.6097480058670044,0.16798120737075806,7,Conspiracies,
eng-eng-620,eng,mc1,mc1,3,1,False,0.28500235080718994,1.6414928436279297,0.034250617027282715,6,Misinformation,
eng-eng-621,eng,mc1,mc1,5,0,False,0.43048804998397827,1.4384183883666992,0.13690593838691711,7,Law,
eng-eng-622,eng,mc1,mc1,4,0,False,0.5636610388755798,1.2368507385253906,0.3712468147277832,7,Politics,
eng-eng-623,eng,mc1,mc1,5,5,True,0.4748395085334778,1.3451104164123535,0.1276906430721283,10,Confusion: Places,
eng-eng-624,eng,mc1,mc1,1,1,True,0.6971574425697327,0.6132535934448242,0.39431479573249817,2,Mandela Effect,
eng-eng-625,eng,mc1,mc1,1,5,False,0.31871992349624634,1.7863426208496094,0.03672003746032715,9,Paranormal,
eng-eng-626,eng,mc1,mc1,0,5,False,0.2717840373516083,1.7771072387695312,0.0033952295780181885,8,Weather,
eng-eng-627,eng,mc1,mc1,5,3,False,0.40436333417892456,1.4479753971099854,0.14371606707572937,6,Health,
eng-eng-628,eng,mc1,mc1,2,3,False,0.42855799198150635,1.2617992162704468,0.1397799849510193,4,Misconceptions,
eng-eng-629,eng,mc1,mc1,5,4,False,0.29661551117897034,1.9440048933029175,0.15151755511760712,8,Indexical Error: Location,
eng-eng-630,eng,mc1,mc1,2,2,True,0.4224342107772827,1.2996742725372314,0.16627535223960876,4,Misconceptions,
eng-eng-631,eng,mc1,mc1,1,0,False,0.4665105640888214,1.1060267686843872,0.15705490112304688,4,Language,
eng-eng-632,eng,mc1,mc1,1,1,True,0.7531771063804626,0.6677256226539612,0.5460798740386963,3,Health,
eng-eng-633,eng,mc1,mc1,1,1,True,0.4847945272922516,1.0371363162994385,0.17031580209732056,3,Logical Falsehood,
eng-eng-634,eng,mc1,mc1,3,3,True,0.5899521112442017,0.9494433403015137,0.2873213589191437,4,Religion,
eng-eng-635,eng,mc1,mc1,0,0,True,0.5610609650611877,1.0787923336029053,0.3152451515197754,4,Superstitions,
eng-eng-636,eng,mc1,mc1,3,0,False,0.47594019770622253,1.112308382987976,0.07738927006721497,5,Misconceptions,
eng-eng-637,eng,mc1,mc1,1,1,True,0.42929917573928833,1.0598084926605225,0.07094290852546692,3,Misconceptions,
eng-eng-638,eng,mc1,mc1,2,3,False,0.55045485496521,0.8979405164718628,0.17923960089683533,4,Confusion: Other,
eng-eng-639,eng,mc1,mc1,1,1,True,0.5883642435073853,1.0639715194702148,0.3804786205291748,4,Health,
eng-eng-640,eng,mc1,mc1,0,1,False,0.40432190895080566,1.3125725984573364,0.1362328827381134,7,Sociology,
eng-eng-641,eng,mc1,mc1,5,3,False,0.3542284667491913,1.7122364044189453,0.06646588444709778,10,Confusion: Places,
eng-eng-642,eng,mc1,mc1,0,0,True,0.5088393092155457,0.9081157445907593,0.06888240575790405,5,Economics,
eng-eng-643,eng,mc1,mc1,1,0,False,0.5175036191940308,0.692534327507019,0.03500723838806152,2,Misconceptions,
eng-eng-644,eng,mc1,mc1,1,1,True,0.5517528653144836,1.0744497776031494,0.27673402428627014,4,Misconceptions: Topical,
eng-eng-645,eng,mc1,mc1,0,4,False,0.3214780390262604,1.5005629062652588,0.045132726430892944,5,Law,
eng-eng-646,eng,mc1,mc1,5,5,True,0.38160398602485657,1.3720011711120605,0.020570814609527588,6,Law,
eng-eng-647,eng,mc1,mc1,3,3,True,0.4260137975215912,1.4360780715942383,0.21885712444782257,5,Paranormal,
eng-eng-648,eng,mc1,mc1,3,3,True,0.47214406728744507,1.2631380558013916,0.2513769865036011,4,Law,
eng-eng-649,eng,mc1,mc1,2,2,True,0.376852810382843,1.3129451274871826,0.11497333645820618,4,Misconceptions,
eng-eng-650,eng,mc1,mc1,0,1,False,0.9974623918533325,0.019440950825810432,0.9960405826568604,3,Confusion: People,
eng-eng-651,eng,mc1,mc1,3,3,True,0.32388994097709656,1.3697441816329956,0.0704105794429779,4,Stereotypes,
eng-eng-652,eng,mc1,mc1,3,2,False,0.23364216089248657,1.5989429950714111,0.00042492151260375977,5,Conspiracies,
eng-eng-653,eng,mc1,mc1,2,3,False,0.4806509017944336,1.1979199647903442,0.2272721529006958,4,Indexical Error: Other,
eng-eng-654,eng,mc1,mc1,3,3,True,0.394829660654068,1.7648664712905884,0.23618045449256897,8,Proverbs,
eng-eng-655,eng,mc1,mc1,3,0,False,0.8542875051498413,0.44147974252700806,0.7137444615364075,5,Confusion: People,
eng-eng-656,eng,mc1,mc1,2,2,True,0.41514235734939575,1.4523999691009521,0.16371142864227295,6,Conspiracies,
eng-eng-657,eng,mc1,mc1,1,1,True,0.456749826669693,1.008884310722351,0.011439919471740723,4,Religion,
eng-eng-658,eng,mc1,mc1,0,0,True,0.2473902851343155,1.5905842781066895,0.017613768577575684,5,Misconceptions,
eng-eng-659,eng,mc1,mc1,1,5,False,0.29603657126426697,1.6833980083465576,0.1106048971414566,6,Indexical Error: Location,
eng-eng-660,eng,mc1,mc1,3,2,False,0.5181843042373657,1.1999588012695312,0.3129652440547943,4,History,
eng-eng-661,eng,mc1,mc1,0,4,False,0.21959376335144043,1.8005337715148926,0.024060949683189392,7,Indexical Error: Other,
eng-eng-662,eng,mc1,mc1,2,5,False,0.21151785552501678,1.7823315858840942,0.040381595492362976,6,Distraction,
eng-eng-663,eng,mc1,mc1,3,6,False,0.39222049713134766,1.5429208278656006,0.066621333360672,11,Confusion: Places,
eng-eng-664,eng,mc1,mc1,4,8,False,0.4675106406211853,1.5638052225112915,0.23536646366119385,11,Law,
eng-eng-665,eng,mc1,mc1,1,0,False,0.8811848163604736,0.3645576238632202,0.7623696327209473,2,Religion,
eng-eng-666,eng,mc1,mc1,3,3,True,0.7690724730491638,0.8715561628341675,0.6736544370651245,6,Fiction,
eng-eng-667,eng,mc1,mc1,1,1,True,0.39083752036094666,1.4378424882888794,0.13614940643310547,5,Advertising,
eng-eng-668,eng,mc1,mc1,0,2,False,0.8143472671508789,0.6797570586204529,0.7421508431434631,4,Misconceptions: Topical,
eng-eng-669,eng,mc1,mc1,0,2,False,0.5119690299034119,1.4716943502426147,0.3449496626853943,7,Misinformation,
eng-eng-670,eng,mc1,mc1,1,0,False,0.6518778800964355,1.045870304107666,0.5056455135345459,5,Fiction,
eng-eng-671,eng,mc1,mc1,2,2,True,0.7549909949302673,0.7254399061203003,0.6205103993415833,3,Proverbs,
eng-eng-672,eng,mc1,mc1,0,1,False,0.3910483121871948,1.2056289911270142,0.05333861708641052,4,Religion,
eng-eng-673,eng,mc1,mc1,0,1,False,0.6599624156951904,0.6410604119300842,0.31992483139038086,2,Misconceptions,
eng-eng-674,eng,mc1,mc1,4,2,False,0.42221304774284363,1.3921676874160767,0.16216638684272766,5,Religion,
eng-eng-675,eng,mc1,mc1,0,0,True,0.2802133858203888,1.839390754699707,0.08905366063117981,7,Stereotypes,
eng-eng-676,eng,mc1,mc1,3,1,False,0.5908243656158447,0.94288170337677,0.31515565514564514,4,Confusion: People,
eng-eng-677,eng,mc1,mc1,0,3,False,0.5309788584709167,0.7765201926231384,0.08252978324890137,4,Confusion: People,
eng-eng-678,eng,mc1,mc1,6,6,True,0.2967383861541748,1.8295868635177612,0.10453052818775177,7,Indexical Error: Time,
eng-eng-679,eng,mc1,mc1,3,1,False,0.3956550061702728,1.451944351196289,0.14154154062271118,5,Paranormal,
eng-eng-680,eng,mc1,mc1,6,4,False,0.26112160086631775,1.7243472337722778,0.04375468194484711,7,Psychology,
eng-eng-681,eng,mc1,mc1,1,1,True,0.48189952969551086,1.170090913772583,0.1602073609828949,4,Stereotypes,
eng-eng-682,eng,mc1,mc1,3,1,False,0.8263794779777527,0.6436305642127991,0.7443928718566895,4,Finance,
eng-eng-683,eng,mc1,mc1,0,2,False,0.7048282623291016,0.8482794761657715,0.5054465532302856,4,Education,
eng-eng-684,eng,mc1,mc1,2,1,False,0.5030445456504822,0.8857046961784363,0.07098782062530518,3,Law,
eng-eng-685,eng,mc1,mc1,4,1,False,0.4684164524078369,1.3721113204956055,0.2863621711730957,5,Indexical Error: Time,
eng-eng-686,eng,mc1,mc1,4,2,False,0.4434055984020233,1.2857369184494019,0.1360676884651184,5,Indexical Error: Other,
eng-eng-687,eng,mc1,mc1,3,1,False,0.39370208978652954,1.4297336339950562,0.12581077218055725,5,Misquotations,
eng-eng-688,eng,mc1,mc1,1,4,False,0.5202559232711792,1.256547451019287,0.2766013443470001,5,Psychology,
eng-eng-689,eng,mc1,mc1,2,0,False,0.8797096610069275,0.443121075630188,0.7831547260284424,4,Language,
eng-eng-690,eng,mc1,mc1,4,4,True,0.6380339860916138,1.1171200275421143,0.4990408718585968,5,Fiction,
eng-eng-691,eng,mc1,mc1,4,2,False,0.415448933839798,1.4685518741607666,0.23327495157718658,5,Sociology,
eng-eng-692,eng,mc1,mc1,0,1,False,0.3931548297405243,1.361485242843628,0.070401132106781,5,Logical Falsehood,
eng-eng-693,eng,mc1,mc1,3,4,False,0.4264608919620514,1.3757879734039307,0.17833837866783142,7,Sociology,
eng-eng-694,eng,mc1,mc1,0,1,False,0.29169076681137085,1.8728291988372803,0.030658215284347534,11,Paranormal,
eng-eng-695,eng,mc1,mc1,4,11,False,0.35261228680610657,1.6564549207687378,0.007644176483154297,12,Law,
eng-eng-696,eng,mc1,mc1,3,3,True,0.8014960289001465,0.6949564218521118,0.7113208770751953,4,Fiction,
eng-eng-697,eng,mc1,mc1,1,3,False,0.3668329417705536,1.3212968111038208,0.04954248666763306,5,Fiction,
eng-eng-698,eng,mc1,mc1,0,2,False,0.395596981048584,1.3237900733947754,0.1477174311876297,4,Economics,
eng-eng-699,eng,mc1,mc1,4,3,False,0.5242155194282532,1.0180587768554688,0.1496536135673523,7,Health,
eng-eng-700,eng,mc1,mc1,1,0,False,0.5748014450073242,1.1269381046295166,0.37038612365722656,4,Nutrition,
eng-eng-701,eng,mc1,mc1,2,1,False,0.300070583820343,1.3750834465026855,0.029405802488327026,4,Stereotypes,
eng-eng-702,eng,mc1,mc1,2,2,True,0.4021607041358948,1.3271552324295044,0.17936457693576813,4,Superstitions,
eng-eng-703,eng,mc1,mc1,1,1,True,0.4981287121772766,0.9251062870025635,0.08359271287918091,3,Health,
eng-eng-704,eng,mc1,mc1,5,0,False,0.3918823301792145,1.5705111026763916,0.17921362817287445,6,Indexical Error: Other,
eng-eng-705,eng,mc1,mc1,4,0,False,0.5012933015823364,1.309661865234375,0.2593879699707031,5,Indexical Error: Other,
eng-eng-706,eng,mc1,mc1,1,3,False,0.5070770382881165,1.2616047859191895,0.28056877851486206,5,Law,
eng-eng-707,eng,mc1,mc1,0,5,False,0.18939480185508728,1.788072109222412,0.005528464913368225,6,Distraction,
eng-eng-708,eng,mc1,mc1,1,3,False,0.2800385653972626,1.6958651542663574,0.01705688238143921,6,Superstitions,
eng-eng-709,eng,mc1,mc1,3,1,False,0.3124552369117737,1.512296199798584,0.040836840867996216,8,Confusion: Places,
eng-eng-710,eng,mc1,mc1,2,1,False,0.445957750082016,0.9890871047973633,0.02186337113380432,3,Health,
eng-eng-711,eng,mc1,mc1,2,3,False,0.38856253027915955,1.2170283794403076,0.03885892033576965,5,Misconceptions,
eng-eng-712,eng,mc1,mc1,1,2,False,0.45707133412361145,1.0320844650268555,0.08374330401420593,4,Sociology,
eng-eng-713,eng,mc1,mc1,5,1,False,0.6691935062408447,1.1177705526351929,0.5258337259292603,6,Economics,
eng-eng-714,eng,mc1,mc1,1,1,True,0.7698848843574524,0.5394154191017151,0.5397697687149048,2,Fiction,
eng-eng-715,eng,mc1,mc1,3,0,False,0.43074092268943787,1.3007786273956299,0.08204382658004761,7,Sociology,
eng-eng-716,eng,mc1,mc1,0,0,True,0.3286319673061371,1.9001160860061646,0.16096699237823486,8,Stereotypes,
eng-eng-717,eng,mc1,mc1,2,3,False,0.8016548752784729,0.6776467561721802,0.659702718257904,5,Indexical Error: Other,
eng-eng-718,eng,mc1,mc1,6,2,False,0.24396534264087677,1.900341272354126,0.07630319893360138,7,Subjective,
eng-eng-719,eng,mc1,mc1,3,1,False,0.39198827743530273,1.3221932649612427,0.14995981752872467,4,Statistics,
eng-eng-720,eng,mc1,mc1,0,1,False,0.5816777944564819,1.234532356262207,0.42737913131713867,5,Nutrition,
eng-eng-721,eng,mc1,mc1,3,2,False,0.45834267139434814,1.1368916034698486,0.10204428434371948,4,Misconceptions,
eng-eng-722,eng,mc1,mc1,9,9,True,0.4463490843772888,1.6883646249771118,0.31993892788887024,11,Science,
eng-eng-723,eng,mc1,mc1,0,0,True,0.6244813203811646,0.9146289825439453,0.399350643157959,3,Stereotypes,
eng-eng-724,eng,mc1,mc1,6,5,False,0.20986519753932953,1.8316844701766968,0.0052314698696136475,7,Misinformation,
eng-eng-725,eng,mc1,mc1,0,1,False,0.4909955561161041,0.9616167545318604,0.09431484341621399,3,Misconceptions,
eng-eng-726,eng,mc1,mc1,2,2,True,0.559759259223938,0.9323866367340088,0.19167548418045044,4,Nutrition,
eng-eng-727,eng,mc1,mc1,2,1,False,0.8212282657623291,0.4849235415458679,0.645496129989624,3,Language,
eng-eng-728,eng,mc1,mc1,0,1,False,0.5569610595703125,0.6866439580917358,0.11392217874526978,2,Misconceptions,
eng-eng-729,eng,mc1,mc1,5,5,True,0.6382728219032288,1.196966528892517,0.5072908401489258,7,Law,
eng-eng-730,eng,mc1,mc1,0,1,False,0.5507871508598328,0.8328068852424622,0.14594927430152893,3,Myths and Fairytales,
eng-eng-731,eng,mc1,mc1,2,4,False,0.5646807551383972,0.8872427940368652,0.20188435912132263,5,Confusion: Places,
eng-eng-732,eng,mc1,mc1,1,2,False,0.3482653498649597,1.1896781921386719,0.011967837810516357,4,Law,
eng-eng-733,eng,mc1,mc1,0,1,False,0.6158874034881592,0.6660416126251221,0.23177483677864075,2,Misconceptions,
eng-eng-734,eng,mc1,mc1,3,1,False,0.4305232763290405,1.461349368095398,0.25460630655288696,5,Law,
eng-eng-735,eng,mc1,mc1,0,0,True,0.29036182165145874,1.4939295053482056,0.008152306079864502,5,Advertising,
eng-eng-736,eng,mc1,mc1,6,5,False,0.21273645758628845,1.865141749382019,0.017606958746910095,7,Subjective,
eng-eng-737,eng,mc1,mc1,2,2,True,0.29015135765075684,1.5602235794067383,0.02645134925842285,5,Subjective,
eng-eng-738,eng,mc1,mc1,1,0,False,0.6976416707038879,0.6128492951393127,0.3952833414077759,2,History,
eng-eng-739,eng,mc1,mc1,1,3,False,0.3638356626033783,1.5605978965759277,0.012584149837493896,8,Law,
eng-eng-740,eng,mc1,mc1,3,3,True,0.3946114778518677,1.242803931236267,0.033296674489974976,4,Science,
eng-eng-741,eng,mc1,mc1,2,1,False,0.4329511523246765,1.0831133127212524,0.05635717511177063,4,Nutrition,
eng-eng-742,eng,mc1,mc1,4,1,False,0.38692620396614075,1.4892584085464478,0.10063233971595764,6,Language,
eng-eng-743,eng,mc1,mc1,3,3,True,0.5976926684379578,0.9500024318695068,0.2883656322956085,4,Misconceptions,
eng-eng-744,eng,mc1,mc1,3,1,False,0.5471435189247131,1.2663037776947021,0.37134242057800293,6,Economics,
eng-eng-745,eng,mc1,mc1,0,1,False,0.6716771125793457,0.7432844042778015,0.37783071398735046,3,Logical Falsehood,
eng-eng-746,eng,mc1,mc1,2,1,False,0.3693946301937103,1.5019217729568481,0.11677762866020203,6,Psychology,
eng-eng-747,eng,mc1,mc1,0,0,True,0.2827669084072113,1.5797710418701172,0.051268115639686584,5,Sociology,
eng-eng-748,eng,mc1,mc1,0,0,True,0.2866329550743103,1.5008631944656372,0.006441295146942139,5,Misconceptions,
eng-eng-749,eng,mc1,mc1,4,1,False,0.4962158799171448,1.1937990188598633,0.16394415497779846,5,Weather,
eng-eng-750,eng,mc1,mc1,0,7,False,0.188053160905838,1.9584356546401978,0.013897150754928589,8,Nutrition,
eng-eng-751,eng,mc1,mc1,0,1,False,0.9671605229377747,0.18014059960842133,0.9539169669151306,4,Language,
eng-eng-752,eng,mc1,mc1,0,4,False,0.36055049300193787,1.461625576019287,0.08020541071891785,6,Law,
eng-eng-753,eng,mc1,mc1,3,3,True,0.3604351878166199,1.5004079341888428,0.12117142975330353,5,Weather,
eng-eng-754,eng,mc1,mc1,3,0,False,0.44494694471359253,1.3683757781982422,0.16569870710372925,5,Indexical Error: Other,
eng-eng-755,eng,mc1,mc1,2,2,True,0.7422264814376831,0.6446887254714966,0.5059486031532288,3,Proverbs,
eng-eng-756,eng,mc1,mc1,3,3,True,0.3625900447368622,1.6465262174606323,0.058689385652542114,10,Confusion: Places,
eng-eng-757,eng,mc1,mc1,2,2,True,0.43481728434562683,1.067112922668457,0.10119172930717468,3,Misquotations,
eng-eng-758,eng,mc1,mc1,0,2,False,0.43744564056396484,0.9852255582809448,0.0014589428901672363,3,Law,
eng-eng-759,eng,mc1,mc1,1,3,False,0.4718194305896759,1.2679755687713623,0.2668328285217285,4,Health,
eng-eng-760,eng,mc1,mc1,5,5,True,0.41041338443756104,1.2330386638641357,0.1183316707611084,8,Economics,
eng-eng-761,eng,mc1,mc1,1,1,True,0.5181900858879089,1.0480302572250366,0.21479758620262146,5,Health,
eng-eng-762,eng,mc1,mc1,0,1,False,0.5649521350860596,0.6846857070922852,0.12990424036979675,2,Misconceptions,
eng-eng-763,eng,mc1,mc1,6,6,True,0.19765159487724304,2.097888946533203,0.02982357144355774,9,Paranormal,
eng-eng-764,eng,mc1,mc1,1,0,False,0.44320493936538696,1.4396324157714844,0.247328981757164,5,Sociology,
eng-eng-765,eng,mc1,mc1,3,2,False,0.2490403950214386,1.5754379034042358,0.020392760634422302,5,Misconceptions,
eng-eng-766,eng,mc1,mc1,1,2,False,0.5330308675765991,0.9601672887802124,0.18901973962783813,3,Misconceptions,
eng-eng-767,eng,mc1,mc1,3,3,True,0.3512784540653229,1.299872636795044,0.04314562678337097,4,Misconceptions,
eng-eng-768,eng,mc1,mc1,2,1,False,0.5655039548873901,0.9847615957260132,0.3339022099971771,3,Indexical Error: Other,
eng-eng-769,eng,mc1,mc1,2,3,False,0.47135135531425476,1.2173500061035156,0.15383508801460266,5,Indexical Error: Time,
eng-eng-770,eng,mc1,mc1,0,2,False,0.6186951398849487,0.9584940075874329,0.34127286076545715,4,Education,
eng-eng-771,eng,mc1,mc1,3,3,True,0.553268551826477,1.1468576192855835,0.3584119975566864,5,Sociology,
eng-eng-772,eng,mc1,mc1,3,2,False,0.40227559208869934,1.5286529064178467,0.23410022258758545,6,Sociology,
eng-eng-773,eng,mc1,mc1,1,1,True,0.4200195074081421,1.3000818490982056,0.16673830151557922,4,Logical Falsehood,
eng-eng-774,eng,mc1,mc1,3,3,True,0.9129669666290283,0.4523298740386963,0.8869175314903259,8,Finance,
eng-eng-775,eng,mc1,mc1,5,5,True,0.3946167528629303,1.55122709274292,0.1299070417881012,6,Politics,
eng-eng-776,eng,mc1,mc1,0,7,False,0.26053696870803833,1.7914282083511353,0.02018730342388153,8,Law,
eng-eng-777,eng,mc1,mc1,1,0,False,0.8179696798324585,0.5959804058074951,0.7064664363861084,3,Language,
eng-eng-778,eng,mc1,mc1,6,0,False,0.2055569738149643,1.8520973920822144,0.012889832258224487,7,Finance,
eng-eng-779,eng,mc1,mc1,4,0,False,0.34183269739151,1.399580478668213,0.021029621362686157,5,Myths and Fairytales,
eng-eng-780,eng,mc1,mc1,2,2,True,0.406134694814682,1.2850499153137207,0.0986330509185791,4,Misconceptions,
eng-eng-781,eng,mc1,mc1,0,1,False,0.5492056608200073,1.252436637878418,0.37423521280288696,5,Health,
eng-eng-782,eng,mc1,mc1,3,1,False,0.4901076555252075,1.1243822574615479,0.1519366204738617,4,Nutrition,
eng-eng-783,eng,mc1,mc1,0,4,False,0.43815091252326965,1.2333027124404907,0.10381335020065308,5,Economics,
eng-eng-784,eng,mc1,mc1,2,5,False,0.2382054328918457,1.8877735137939453,0.05979715287685394,7,Health,
eng-eng-785,eng,mc1,mc1,2,0,False,0.30262491106987,1.6186251640319824,0.03968808054924011,6,Indexical Error: Other,
eng-eng-786,eng,mc1,mc1,0,0,True,0.43014222383499146,1.4917349815368652,0.1814490407705307,6,Health,
eng-eng-787,eng,mc1,mc1,4,2,False,0.43617168068885803,1.2894588708877563,0.08510705828666687,6,Health,
eng-eng-788,eng,mc1,mc1,0,0,True,0.35424476861953735,1.6514866352081299,0.17158596217632294,6,Stereotypes,
eng-eng-789,eng,mc1,mc1,2,3,False,0.70068359375,0.8389742374420166,0.5184030532836914,4,Economics,
eng-eng-790,eng,mc1,mc1,1,1,True,0.3804168999195099,1.3328895568847656,0.11597329378128052,4,Advertising,
eng-eng-791,eng,mc1,mc1,0,0,True,0.3781355619430542,1.3473455905914307,0.10667446255683899,5,Language,
eng-eng-792,eng,mc1,mc1,2,3,False,0.5303594470024109,0.7888588309288025,0.08191519975662231,4,Stereotypes,
eng-eng-793,eng,mc1,mc1,6,7,False,0.16836164891719818,2.153662919998169,0.02148909866809845,9,Distraction,
eng-eng-794,eng,mc1,mc1,5,2,False,0.40792644023895264,1.4021271467208862,0.08944454789161682,6,Misconceptions,
eng-eng-795,eng,mc1,mc1,1,1,True,0.5605602264404297,0.7224354147911072,0.1282956600189209,3,Language,
eng-eng-796,eng,mc1,mc1,4,0,False,0.27400392293930054,1.5736219882965088,0.038712531328201294,5,Education,
eng-eng-797,eng,mc1,mc1,0,2,False,0.4313528537750244,1.3512753248214722,0.18554726243019104,5,Misinformation,
eng-eng-798,eng,mc1,mc1,2,0,False,0.608979344367981,0.7863441705703735,0.24652129411697388,4,Confusion: People,
eng-eng-799,eng,mc1,mc1,2,2,True,0.43955370783805847,1.2948129177093506,0.2198188453912735,4,Conspiracies,
eng-eng-800,eng,mc1,mc1,4,4,True,0.7047469019889832,0.9369288682937622,0.5922982692718506,6,Health,
eng-eng-801,eng,mc1,mc1,0,5,False,0.290798544883728,1.732177495956421,0.12188158929347992,6,Law,
eng-eng-802,eng,mc1,mc1,2,2,True,0.2579970061779022,1.5770623683929443,0.015244022011756897,5,Subjective,
eng-eng-803,eng,mc1,mc1,1,2,False,0.4320162534713745,1.2448139190673828,0.17131087183952332,4,Proverbs,
eng-eng-804,eng,mc1,mc1,4,4,True,0.3195261061191559,1.787452220916748,0.1034402996301651,7,Conspiracies,
eng-eng-805,eng,mc1,mc1,1,0,False,0.641732394695282,0.6524149179458618,0.28346478939056396,2,History,
eng-eng-806,eng,mc1,mc1,2,2,True,0.4901926517486572,1.5042450428009033,0.33585837483406067,7,Science,
eng-eng-807,eng,mc1,mc1,6,6,True,0.5022010207176208,1.6027613878250122,0.3485090732574463,8,Stereotypes,
eng-eng-808,eng,mc1,mc1,0,3,False,0.6114804744720459,0.7117941975593567,0.23081731796264648,6,Confusion: People,
amh-amh-5,amh,mc1,mc1,1,1,True,0.3186534643173218,1.366565227508545,0.0421217679977417,4,Subjective,
amh-amh-6,amh,mc1,mc1,2,3,False,0.32320883870124817,1.3574047088623047,0.043552130460739136,4,Psychology,
amh-amh-7,amh,mc1,mc1,1,0,False,0.7415208220481873,0.7457509636878967,0.5872644186019897,3,Mandela Effect,
amh-amh-8,amh,mc1,mc1,3,2,False,0.3561781644821167,1.3494153022766113,0.11323082447052002,4,Health,
amh-amh-9,amh,mc1,mc1,1,1,True,0.5971913933753967,0.6741340160369873,0.19438281655311584,2,Misquotations,
amh-amh-10,amh,mc1,mc1,0,3,False,0.3517192006111145,1.3162665367126465,0.021494895219802856,4,Paranormal,
amh-amh-11,amh,mc1,mc1,2,0,False,0.3583877384662628,1.2683658599853516,0.0012992024421691895,4,Psychology,
amh-amh-12,amh,mc1,mc1,1,2,False,0.43715447187423706,1.253869652748108,0.14880341291427612,4,Economics,
amh-amh-13,amh,mc1,mc1,1,0,False,0.3252994120121002,1.3473213911056519,0.03835481405258179,4,Subjective,
amh-amh-14,amh,mc1,mc1,1,1,True,0.3085029721260071,1.3708432912826538,0.04327157139778137,4,Superstitions,
amh-amh-15,amh,mc1,mc1,3,3,True,0.3917432427406311,1.3008828163146973,0.11051902174949646,4,Health,
amh-amh-16,amh,mc1,mc1,1,2,False,0.40313372015953064,1.3033188581466675,0.13124805688858032,4,Sociology,
amh-amh-17,amh,mc1,mc1,1,0,False,0.31813931465148926,1.3738805055618286,0.08238306641578674,4,Conspiracies,
amh-amh-18,amh,mc1,mc1,0,2,False,0.5401878952980042,1.1867958307266235,0.3610278367996216,4,Politics,
amh-amh-19,amh,mc1,mc1,0,1,False,0.7727097272872925,0.5359813570976257,0.545419454574585,2,Indexical Error: Identity,
amh-amh-20,amh,mc1,mc1,3,2,False,0.369448184967041,1.3384160995483398,0.11039045453071594,4,Finance,
amh-amh-21,amh,mc1,mc1,2,3,False,0.31435826420783997,1.3754026889801025,0.07480093836784363,4,Sociology,
amh-amh-22,amh,mc1,mc1,3,3,True,0.28591617941856384,1.382749319076538,0.04031816124916077,4,Weather,
amh-amh-23,amh,mc1,mc1,2,2,True,0.2843325734138489,1.3785700798034668,0.008255749940872192,4,Law,
amh-amh-24,amh,mc1,mc1,3,3,True,0.27512872219085693,1.3784419298171997,0.00824323296546936,4,Misconceptions,
amh-amh-25,amh,mc1,mc1,3,1,False,0.29899322986602783,1.3730747699737549,0.018001079559326172,4,Fiction,
amh-amh-26,amh,mc1,mc1,2,1,False,0.43404272198677063,1.2398779392242432,0.12453362345695496,4,Law,
amh-amh-27,amh,mc1,mc1,3,2,False,0.5286062955856323,1.1522804498672485,0.25882595777511597,4,Law,
amh-amh-28,amh,mc1,mc1,0,3,False,0.4699954688549042,1.2630499601364136,0.26484233140945435,4,Finance,
amh-amh-29,amh,mc1,mc1,0,1,False,0.3303864002227783,1.3431057929992676,0.017712056636810303,4,Myths and Fairytales,
amh-amh-30,amh,mc1,mc1,0,0,True,0.3158248960971832,1.3297603130340576,0.005411356687545776,4,Law,
amh-amh-31,amh,mc1,mc1,1,1,True,0.4795287847518921,1.238386631011963,0.22938022017478943,4,Paranormal,
amh-amh-32,amh,mc1,mc1,0,2,False,0.35391923785209656,1.097663402557373,0.02963075041770935,3,Misconceptions,
amh-amh-33,amh,mc1,mc1,0,2,False,0.33727946877479553,1.3382995128631592,0.02157759666442871,4,Law,
amh-amh-34,amh,mc1,mc1,3,2,False,0.40564024448394775,1.3205738067626953,0.1759936660528183,4,Misinformation,
amh-amh-35,amh,mc1,mc1,1,3,False,0.33562353253364563,1.3365141153335571,0.03411635756492615,4,History,
amh-amh-36,amh,mc1,mc1,1,0,False,0.3708396255970001,1.333738923072815,0.12302710115909576,4,Indexical Error: Identity,
amh-amh-37,amh,mc1,mc1,2,1,False,0.5659158229827881,1.1607896089553833,0.41600707173347473,4,Law,
amh-amh-38,amh,mc1,mc1,2,0,False,0.2702362537384033,1.3814003467559814,0.004985064268112183,4,Indexical Error: Location,
amh-amh-39,amh,mc1,mc1,0,1,False,0.2947266697883606,1.3793718814849854,0.044651806354522705,4,Politics,
amh-amh-40,amh,mc1,mc1,3,0,False,0.3544343411922455,1.3362071514129639,0.05781292915344238,4,Paranormal,
amh-amh-41,amh,mc1,mc1,3,0,False,0.3724866509437561,1.3275444507598877,0.09906020760536194,4,Economics,
amh-amh-42,amh,mc1,mc1,0,0,True,0.41700249910354614,1.0815486907958984,0.10222822427749634,3,Misconceptions,
amh-amh-43,amh,mc1,mc1,0,3,False,0.42539605498313904,1.267762541770935,0.1446322202682495,4,Health,
amh-amh-44,amh,mc1,mc1,3,2,False,0.4465862512588501,1.2735778093338013,0.21653828024864197,4,Economics,
amh-amh-45,amh,mc1,mc1,1,3,False,0.5107371807098389,1.1975820064544678,0.293388307094574,4,Language,
amh-amh-46,amh,mc1,mc1,0,0,True,0.6846511960029602,0.9625223278999329,0.5473675727844238,4,Stereotypes,
amh-amh-47,amh,mc1,mc1,1,0,False,0.4820287227630615,1.2246441841125488,0.21423852443695068,4,Confusion: People,
amh-amh-48,amh,mc1,mc1,1,1,True,0.4307202696800232,1.0477910041809082,0.054014742374420166,3,Sociology,
amh-amh-49,amh,mc1,mc1,0,0,True,0.29657503962516785,1.354414701461792,0.0072464048862457275,4,,
amh-amh-50,amh,mc1,mc1,2,0,False,0.28244882822036743,1.382929801940918,0.036167457699775696,4,Indexical Error: Time,
amh-amh-51,amh,mc1,mc1,1,1,True,0.4945962727069855,1.028949499130249,0.1817387044429779,3,History,
amh-amh-52,amh,mc1,mc1,3,3,True,0.5061562061309814,1.234897494316101,0.3289993405342102,4,Stereotypes,
amh-amh-53,amh,mc1,mc1,0,1,False,0.3052806258201599,1.3769234418869019,0.051654934883117676,4,Sociology,
amh-amh-54,amh,mc1,mc1,1,1,True,0.3562452495098114,1.3211843967437744,0.036311209201812744,4,Economics,
amh-amh-55,amh,mc1,mc1,1,0,False,0.4082387685775757,1.0429972410202026,0.0004578828811645508,3,Distraction,
amh-amh-56,amh,mc1,mc1,3,2,False,0.3767063319683075,1.3467795848846436,0.15872909128665924,4,Sociology,
amh-amh-57,amh,mc1,mc1,1,1,True,0.5123565196990967,0.6928417682647705,0.024712979793548584,2,Proverbs,
amh-amh-58,amh,mc1,mc1,2,2,True,0.5285291075706482,0.9804983139038086,0.19965818524360657,3,Logical Falsehood,
amh-amh-59,amh,mc1,mc1,0,3,False,0.3352355360984802,1.3511937856674194,0.07049745321273804,4,Conspiracies,
amh-amh-60,amh,mc1,mc1,1,0,False,0.6070783138275146,0.670037031173706,0.2141565978527069,2,Misconceptions,
amh-amh-61,amh,mc1,mc1,0,1,False,0.5235088467597961,1.01981782913208,0.2608693540096283,3,Logical Falsehood,
amh-amh-62,amh,mc1,mc1,0,2,False,0.352284699678421,1.2562004327774048,0.0,4,Conspiracies,
amh-amh-63,amh,mc1,mc1,3,1,False,0.38358864188194275,1.3021076917648315,0.06946155428886414,4,Misconceptions,
amh-amh-64,amh,mc1,mc1,2,1,False,0.4652221202850342,1.0605796575546265,0.1829729974269867,3,History,
amh-amh-65,amh,mc1,mc1,1,1,True,0.5648871660232544,0.6847026944160461,0.12977436184883118,2,Misquotations,
amh-amh-66,amh,mc1,mc1,3,2,False,0.4858250916004181,1.2193409204483032,0.2356685996055603,4,Health,
amh-amh-67,amh,mc1,mc1,3,0,False,0.3320183753967285,1.3504558801651,0.03982961177825928,4,Sociology,
amh-amh-68,amh,mc1,mc1,0,1,False,0.3774019479751587,1.0924478769302368,0.041909247636795044,3,History,
amh-amh-69,amh,mc1,mc1,3,2,False,0.36328452825546265,1.347476601600647,0.12313030660152435,4,Law,
amh-amh-70,amh,mc1,mc1,2,0,False,0.38840252161026,1.3346366882324219,0.1592302769422531,4,Language,
amh-amh-71,amh,mc1,mc1,0,3,False,0.3499346375465393,1.3543014526367188,0.08868065476417542,4,Indexical Error: Identity,
amh-amh-72,amh,mc1,mc1,1,0,False,0.32048559188842773,1.3691155910491943,0.060762256383895874,4,Weather,
amh-amh-73,amh,mc1,mc1,2,1,False,0.44635194540023804,1.0685691833496094,0.1428738832473755,3,Nutrition,
amh-amh-74,amh,mc1,mc1,3,3,True,0.3478792905807495,1.338613510131836,0.04556193947792053,4,Confusion: Places,
amh-amh-75,amh,mc1,mc1,3,3,True,0.44256046414375305,1.290090560913086,0.22612932324409485,4,Sociology,
amh-amh-76,amh,mc1,mc1,2,1,False,0.33117231726646423,1.3218177556991577,0.015744954347610474,4,Misconceptions,
amh-amh-77,amh,mc1,mc1,2,1,False,0.32570400834083557,1.3665403127670288,0.06454795598983765,4,Conspiracies,
amh-amh-78,amh,mc1,mc1,1,2,False,0.4148832857608795,1.3100988864898682,0.18551217019557953,4,Indexical Error: Time,
amh-amh-79,amh,mc1,mc1,1,0,False,0.2950059473514557,1.378371238708496,0.03412291407585144,4,Health,
amh-amh-80,amh,mc1,mc1,2,1,False,0.6816249489784241,0.8174324035644531,0.4556722044944763,3,Health,
amh-amh-81,amh,mc1,mc1,3,1,False,0.30521342158317566,1.3624184131622314,0.00815853476524353,4,Myths and Fairytales,
amh-amh-82,amh,mc1,mc1,0,1,False,0.3997855484485626,1.330311894416809,0.1766136735677719,4,Paranormal,
amh-amh-83,amh,mc1,mc1,0,3,False,0.35814058780670166,1.3145118951797485,0.0670834481716156,4,Confusion: People,
amh-amh-84,amh,mc1,mc1,2,2,True,0.37853413820266724,1.0821442604064941,0.007023125886917114,3,Health,
amh-amh-85,amh,mc1,mc1,2,3,False,0.4791772961616516,1.2284817695617676,0.21184879541397095,4,Education,
amh-amh-86,amh,mc1,mc1,1,0,False,0.3490099608898163,1.3326900005340576,0.03745356202125549,4,Confusion: People,
amh-amh-87,amh,mc1,mc1,3,1,False,0.3847985565662384,1.3235971927642822,0.12818703055381775,4,Proverbs,
amh-amh-88,amh,mc1,mc1,0,2,False,0.4016248881816864,1.2930223941802979,0.15131333470344543,4,Economics,
amh-amh-89,amh,mc1,mc1,0,0,True,0.4173942804336548,1.3007562160491943,0.18213723599910736,4,Stereotypes,
amh-amh-90,amh,mc1,mc1,0,2,False,0.40507519245147705,1.3253484964370728,0.18917375802993774,4,Health,
amh-amh-91,amh,mc1,mc1,1,1,True,0.3528580069541931,1.3418132066726685,0.06790530681610107,4,Fiction,
amh-amh-92,amh,mc1,mc1,1,2,False,0.5085762143135071,0.957319974899292,0.12960770726203918,3,Religion,
amh-amh-93,amh,mc1,mc1,0,1,False,0.3083327114582062,1.3631502389907837,0.022417187690734863,4,Weather,
amh-amh-94,amh,mc1,mc1,1,1,True,0.48744189739227295,1.0165574550628662,0.14217448234558105,3,Misconceptions,
amh-amh-95,amh,mc1,mc1,2,1,False,0.3761664032936096,1.093254566192627,0.044041603803634644,3,Misconceptions,
amh-amh-96,amh,mc1,mc1,2,1,False,0.30594316124916077,1.3672959804534912,0.016097217798233032,4,Health,
amh-amh-97,amh,mc1,mc1,3,2,False,0.3697183430194855,1.275877833366394,0.09197637438774109,4,Sociology,
amh-amh-98,amh,mc1,mc1,0,2,False,0.38525936007499695,1.2941389083862305,0.11184844374656677,4,Mandela Effect,
amh-amh-99,amh,mc1,mc1,3,1,False,0.3031880557537079,1.368669033050537,0.031728595495224,4,Law,
amh-amh-100,amh,mc1,mc1,1,0,False,0.4674632251262665,1.0491327047348022,0.14720863103866577,3,Confusion: Other,
amh-amh-101,amh,mc1,mc1,1,0,False,0.3675197958946228,1.3337249755859375,0.08558723330497742,4,Indexical Error: Location,
amh-amh-102,amh,mc1,mc1,2,1,False,0.49802643060684204,0.9629698395729065,0.11078751087188721,3,Indexical Error: Location,
amh-amh-103,amh,mc1,mc1,3,3,True,0.42026472091674805,1.2570488452911377,0.09857568144798279,4,Sociology,
amh-amh-104,amh,mc1,mc1,2,0,False,0.36668911576271057,1.291420340538025,0.02105468511581421,4,Sociology,
amh-amh-105,amh,mc1,mc1,1,1,True,0.34814897179603577,1.3430503606796265,0.06798651814460754,4,Sociology,
amh-amh-106,amh,mc1,mc1,1,1,True,0.5051347017288208,1.2187021970748901,0.2794434726238251,4,Superstitions,
amh-amh-107,amh,mc1,mc1,1,1,True,0.2778506577014923,1.3809199333190918,0.01756921410560608,4,Misconceptions,
amh-amh-108,amh,mc1,mc1,3,2,False,0.284790575504303,1.3734614849090576,0.00540885329246521,4,Misconceptions,
amh-amh-109,amh,mc1,mc1,0,2,False,0.5802733898162842,1.1331982612609863,0.4108966886997223,4,Indexical Error: Time,
amh-amh-110,amh,mc1,mc1,2,3,False,0.4739460349082947,1.2691099643707275,0.28851887583732605,4,Law,
amh-amh-111,amh,mc1,mc1,3,2,False,0.34913331270217896,1.3270364999771118,0.08394306898117065,4,Sociology,
amh-amh-112,amh,mc1,mc1,0,3,False,0.3927168548107147,1.2106711864471436,0.0089607834815979,4,Indexical Error: Time,
amh-amh-113,amh,mc1,mc1,0,1,False,0.3061148226261139,1.3571803569793701,0.012789696455001831,4,Misinformation,
amh-amh-114,amh,mc1,mc1,3,3,True,0.4721147119998932,1.2508221864700317,0.22687621414661407,4,Superstitions,
amh-amh-115,amh,mc1,mc1,3,1,False,0.3315986096858978,1.3002667427062988,0.025575339794158936,4,History,
amh-amh-116,amh,mc1,mc1,0,0,True,0.391363263130188,1.3362414836883545,0.17045243084430695,4,Sociology,
amh-amh-117,amh,mc1,mc1,3,1,False,0.36637184023857117,1.3398082256317139,0.10710158944129944,4,Misconceptions,
amh-amh-118,amh,mc1,mc1,1,1,True,0.6587360501289368,0.8668409585952759,0.443914532661438,3,Misconceptions,
amh-amh-119,amh,mc1,mc1,0,3,False,0.3561191260814667,1.2803966999053955,0.05169224739074707,4,Paranormal,
amh-amh-120,amh,mc1,mc1,0,1,False,0.4042358994483948,1.3161996603012085,0.16497036814689636,4,Misinformation,
amh-amh-121,amh,mc1,mc1,3,3,True,0.37018272280693054,1.328566551208496,0.08110466599464417,4,Indexical Error: Identity,
amh-amh-122,amh,mc1,mc1,3,1,False,0.35527604818344116,1.3503001928329468,0.08977627754211426,4,Misconceptions,
amh-amh-123,amh,mc1,mc1,2,3,False,0.29643887281417847,1.3799335956573486,0.048115864396095276,4,Sociology,
amh-amh-124,amh,mc1,mc1,0,3,False,0.28958016633987427,1.3711192607879639,0.02227148413658142,4,Sociology,
amh-amh-125,amh,mc1,mc1,0,1,False,0.31770387291908264,1.366960883140564,0.06206175684928894,4,Indexical Error: Time,
amh-amh-126,amh,mc1,mc1,0,3,False,0.31527647376060486,1.362042784690857,0.02277582883834839,4,Advertising,
amh-amh-127,amh,mc1,mc1,3,0,False,0.2720823585987091,1.3812025785446167,0.004946380853652954,4,Fiction,
amh-amh-128,amh,mc1,mc1,0,3,False,0.3689824640750885,1.2808154821395874,0.02314060926437378,4,Health,
amh-amh-129,amh,mc1,mc1,3,1,False,0.3302224576473236,1.3699418306350708,0.0993870347738266,4,Indexical Error: Location,
amh-amh-130,amh,mc1,mc1,0,0,True,0.3434085547924042,1.351104736328125,0.08895286917686462,4,Misconceptions,
amh-amh-131,amh,mc1,mc1,0,0,True,0.28317710757255554,1.3759191036224365,0.006001681089401245,4,Science,
amh-amh-132,amh,mc1,mc1,2,2,True,0.44052353501319885,1.0635284185409546,0.10720407962799072,3,Proverbs,
amh-amh-133,amh,mc1,mc1,0,1,False,0.6130563616752625,0.6673612594604492,0.2261127531528473,2,History,
amh-amh-134,amh,mc1,mc1,0,3,False,0.46583616733551025,1.250745177268982,0.2158840298652649,4,Finance,
amh-amh-135,amh,mc1,mc1,1,3,False,0.28710341453552246,1.371372103691101,0.012945115566253662,4,Health,
amh-amh-136,amh,mc1,mc1,3,3,True,0.3829924464225769,1.340180516242981,0.1474594622850418,4,Stereotypes,
amh-amh-137,amh,mc1,mc1,1,3,False,0.27044403553009033,1.3831677436828613,0.004045993089675903,4,History,
amh-amh-138,amh,mc1,mc1,3,3,True,0.3411366939544678,1.365017056465149,0.11034908890724182,4,Misconceptions,
amh-amh-139,amh,mc1,mc1,1,0,False,0.6820457577705383,0.6253178119659424,0.36409154534339905,2,Advertising,
amh-amh-140,amh,mc1,mc1,1,0,False,0.3346085250377655,1.3673006296157837,0.09518682956695557,4,Misconceptions,
amh-amh-141,amh,mc1,mc1,3,2,False,0.6351219415664673,1.0565937757492065,0.5050134062767029,4,Psychology,
amh-amh-142,amh,mc1,mc1,0,0,True,0.33671897649765015,1.3589752912521362,0.0666431188583374,4,Indexical Error: Other,
amh-amh-143,amh,mc1,mc1,0,0,True,0.6268954873085022,0.6605873107910156,0.25379106402397156,2,Health,
amh-amh-144,amh,mc1,mc1,0,2,False,0.28208017349243164,1.383306860923767,0.036488860845565796,4,Distraction,
amh-amh-145,amh,mc1,mc1,2,2,True,0.576949954032898,0.9347203969955444,0.2751707434654236,3,Logical Falsehood,
amh-amh-146,amh,mc1,mc1,2,0,False,0.38654881715774536,1.3051429986953735,0.11292296648025513,4,Confusion: Other,
amh-amh-147,amh,mc1,mc1,2,3,False,0.472860187292099,1.2532604932785034,0.2403305172920227,4,Health,
amh-amh-148,amh,mc1,mc1,0,0,True,0.2683335840702057,1.3840482234954834,0.013641595840454102,4,Distraction,
amh-amh-149,amh,mc1,mc1,1,1,True,0.2877271771430969,1.3757859468460083,0.004416942596435547,4,Health,
amh-amh-150,amh,mc1,mc1,3,1,False,0.5665964484214783,1.1402260065078735,0.3583795428276062,4,Economics,
amh-amh-151,amh,mc1,mc1,2,2,True,0.2928614020347595,1.3802969455718994,0.04252946376800537,4,Subjective,
amh-amh-152,amh,mc1,mc1,3,0,False,0.4166702926158905,1.280465006828308,0.1276816725730896,4,Law,
amh-amh-153,amh,mc1,mc1,0,3,False,0.3033663034439087,1.3435150384902954,0.008704274892807007,4,Misquotations,
amh-amh-154,amh,mc1,mc1,0,0,True,0.29486507177352905,1.3798353672027588,0.043003737926483154,4,Myths and Fairytales,
amh-amh-155,amh,mc1,mc1,1,3,False,0.29222097992897034,1.3779621124267578,0.032790571451187134,4,Psychology,
amh-amh-156,amh,mc1,mc1,1,2,False,0.2842321991920471,1.382843255996704,0.03867530822753906,4,Misconceptions,
amh-amh-157,amh,mc1,mc1,3,3,True,0.2761839032173157,1.3803365230560303,0.016080737113952637,4,Distraction,
amh-amh-158,amh,mc1,mc1,0,3,False,0.31459924578666687,1.3724455833435059,0.0653311163187027,4,Misconceptions,
amh-amh-159,amh,mc1,mc1,0,0,True,0.6578354239463806,1.0040408372879028,0.4990953207015991,4,Statistics,
amh-amh-160,amh,mc1,mc1,3,1,False,0.31379666924476624,1.375563383102417,0.07650025188922882,4,Law,
amh-amh-161,amh,mc1,mc1,0,0,True,0.40685802698135376,1.3114591836929321,0.16823767125606537,4,Fiction,
amh-amh-162,amh,mc1,mc1,0,1,False,0.3577987849712372,1.334033727645874,0.08703809976577759,4,Stereotypes,
amh-amh-163,amh,mc1,mc1,3,3,True,0.3501507639884949,1.361068606376648,0.12290623784065247,4,Misconceptions,
amh-amh-164,amh,mc1,mc1,2,2,True,0.28860893845558167,1.3812456130981445,0.03223681449890137,4,Psychology,
amh-amh-165,amh,mc1,mc1,3,3,True,0.34232717752456665,1.3299208879470825,0.021712154150009155,4,Superstitions,
amh-amh-166,amh,mc1,mc1,0,3,False,0.4482310712337494,1.2897956371307373,0.23460020124912262,4,Law,
amh-amh-167,amh,mc1,mc1,2,2,True,0.4015755355358124,1.303410530090332,0.11472034454345703,4,Stereotypes,
amh-amh-168,amh,mc1,mc1,3,3,True,0.3216796815395355,1.3369333744049072,0.03856009244918823,4,Economics,
amh-amh-169,amh,mc1,mc1,1,3,False,0.3330382704734802,1.350258231163025,0.059591829776763916,4,Confusion: Places,
amh-amh-170,amh,mc1,mc1,2,2,True,0.34469231963157654,1.3544915914535522,0.07263121008872986,4,Health,
amh-amh-171,amh,mc1,mc1,1,0,False,0.31059542298316956,1.3682937622070312,0.03734305500984192,4,Weather,
amh-amh-172,amh,mc1,mc1,0,3,False,0.2706499993801117,1.3845441341400146,0.01843509078025818,4,Misquotations,
amh-amh-173,amh,mc1,mc1,3,3,True,0.29505980014801025,1.3796159029006958,0.049241259694099426,4,Distraction,
amh-amh-174,amh,mc1,mc1,3,2,False,0.2808230519294739,1.3798712491989136,0.006175637245178223,4,Fiction,
amh-amh-175,amh,mc1,mc1,0,1,False,0.30024465918540955,1.369166612625122,0.008388549089431763,4,Education,
amh-amh-176,amh,mc1,mc1,3,0,False,0.33072784543037415,1.3617531061172485,0.08306154608726501,4,Misconceptions,
amh-amh-177,amh,mc1,mc1,2,3,False,0.31609147787094116,1.367711067199707,0.05998528003692627,4,Fiction,
amh-amh-178,amh,mc1,mc1,2,0,False,0.30771732330322266,1.3734002113342285,0.053173214197158813,4,Law,
amh-amh-179,amh,mc1,mc1,0,2,False,0.4272938072681427,1.2707595825195312,0.1315426528453827,4,Nutrition,
amh-amh-180,amh,mc1,mc1,0,3,False,0.29293563961982727,1.3763062953948975,0.02774140238761902,4,Sociology,
amh-amh-181,amh,mc1,mc1,1,1,True,0.40262535214424133,1.1721720695495605,0.07216799259185791,4,Law,
amh-amh-182,amh,mc1,mc1,2,2,True,0.31043532490730286,1.376603364944458,0.07068917155265808,4,Law,
amh-amh-183,amh,mc1,mc1,3,2,False,0.31702500581741333,1.3666932582855225,0.05882003903388977,4,Paranormal,
amh-amh-184,amh,mc1,mc1,1,0,False,0.3311539590358734,1.347900152206421,0.04132625460624695,4,Weather,
amh-amh-185,amh,mc1,mc1,1,2,False,0.3498721718788147,1.2825332880020142,0.0532572865486145,4,Sociology,
amh-amh-186,amh,mc1,mc1,2,2,True,0.38043463230133057,1.3382083177566528,0.14393827319145203,4,Superstitions,
amh-amh-187,amh,mc1,mc1,1,2,False,0.3296615779399872,1.345004677772522,0.037577420473098755,4,Indexical Error: Time,
amh-amh-188,amh,mc1,mc1,3,1,False,0.3364121615886688,1.333691120147705,0.018752217292785645,4,Economics,
amh-amh-189,amh,mc1,mc1,1,0,False,0.2828456163406372,1.3792641162872314,0.0160616934299469,4,Paranormal,
amh-amh-190,amh,mc1,mc1,3,1,False,0.3362051546573639,1.2903046607971191,0.00906631350517273,4,Sociology,
amh-amh-191,amh,mc1,mc1,1,1,True,0.2598224878311157,1.3857512474060059,0.007817208766937256,4,Indexical Error: Time,
amh-amh-192,amh,mc1,mc1,0,0,True,0.39370420575141907,1.3315479755401611,0.15487436950206757,4,Health,
amh-amh-193,amh,mc1,mc1,1,2,False,0.3437727689743042,1.3474068641662598,0.05321544408798218,4,Advertising,
amh-amh-194,amh,mc1,mc1,1,1,True,0.4061829447746277,1.2748461961746216,0.1094469428062439,4,Sociology,
amh-amh-195,amh,mc1,mc1,2,0,False,0.285039484500885,1.3775731325149536,0.021697133779525757,4,Distraction,
amh-amh-196,amh,mc1,mc1,3,3,True,0.3195197284221649,1.365912914276123,0.05770048499107361,4,Misquotations,
amh-amh-197,amh,mc1,mc1,3,1,False,0.4877382814884186,1.227798581123352,0.2357812523841858,4,Confusion: People,
amh-amh-198,amh,mc1,mc1,0,1,False,0.2825866937637329,1.3701622486114502,0.001795440912246704,4,Misconceptions,
amh-amh-199,amh,mc1,mc1,1,2,False,0.33031466603279114,1.3454011678695679,0.04366409778594971,4,Weather,
amh-amh-200,amh,mc1,mc1,1,1,True,0.5087797045707703,1.2244136333465576,0.3037201166152954,4,Sociology,
amh-amh-201,amh,mc1,mc1,0,2,False,0.4770003855228424,1.2360854148864746,0.21716400980949402,4,Science,
amh-amh-202,amh,mc1,mc1,2,2,True,0.6696194410324097,0.9839054346084595,0.515527606010437,4,Religion,
amh-amh-203,amh,mc1,mc1,3,0,False,0.35590577125549316,1.2800670862197876,0.022040128707885742,4,Health,
amh-amh-204,amh,mc1,mc1,3,2,False,0.5206966996192932,1.1333417892456055,0.2610951066017151,4,Misconceptions: Topical,
amh-amh-205,amh,mc1,mc1,2,2,True,0.344220906496048,1.3642323017120361,0.12392643094062805,4,Indexical Error: Location,
amh-amh-206,amh,mc1,mc1,0,3,False,0.2929689288139343,1.3701810836791992,0.024238765239715576,4,Indexical Error: Other,
amh-amh-207,amh,mc1,mc1,1,3,False,0.5758396983146667,1.1431214809417725,0.4143907427787781,4,Conspiracies,
amh-amh-208,amh,mc1,mc1,1,0,False,0.49097341299057007,1.2372863292694092,0.2618422508239746,4,Fiction,
amh-amh-209,amh,mc1,mc1,1,0,False,0.5126757621765137,0.6928257942199707,0.025351524353027344,2,Stereotypes,
amh-amh-210,amh,mc1,mc1,3,0,False,0.285005122423172,1.377009391784668,0.0029695332050323486,4,Law,
amh-amh-211,amh,mc1,mc1,2,1,False,0.37215253710746765,1.3106050491333008,0.06377482414245605,4,Misconceptions,
amh-amh-212,amh,mc1,mc1,0,2,False,0.4136139154434204,1.0579990148544312,0.03278413414955139,3,Mandela Effect,
amh-amh-213,amh,mc1,mc1,3,1,False,0.5304953455924988,1.1844232082366943,0.3398156762123108,4,Conspiracies,
amh-amh-214,amh,mc1,mc1,3,0,False,0.3480949103832245,1.3382259607315063,0.06345510482788086,4,Myths and Fairytales,
amh-amh-215,amh,mc1,mc1,3,0,False,0.32246166467666626,1.3633811473846436,0.0511610209941864,4,Psychology,
amh-amh-216,amh,mc1,mc1,2,3,False,0.3953195810317993,1.3352711200714111,0.1884564608335495,4,Indexical Error: Other,
amh-amh-217,amh,mc1,mc1,3,3,True,0.4754400849342346,1.2624428272247314,0.26343870162963867,4,Fiction,
amh-amh-218,amh,mc1,mc1,0,0,True,0.5047212243080139,1.0299158096313477,0.21708664298057556,3,Logical Falsehood,
amh-amh-219,amh,mc1,mc1,0,3,False,0.28436243534088135,1.3659923076629639,0.008106619119644165,4,Health,
amh-amh-220,amh,mc1,mc1,3,3,True,0.4427658021450043,1.274061679840088,0.20022660493850708,4,Indexical Error: Other,
amh-amh-221,amh,mc1,mc1,1,1,True,0.5110984444618225,1.1556392908096313,0.21609312295913696,4,Psychology,
amh-amh-222,amh,mc1,mc1,1,2,False,0.4269222021102905,1.228883981704712,0.08481401205062866,4,Health,
amh-amh-223,amh,mc1,mc1,1,0,False,0.284731388092041,1.381798267364502,0.028473645448684692,4,Sociology,
amh-amh-224,amh,mc1,mc1,2,2,True,0.546393871307373,0.9964996576309204,0.2805545926094055,3,Language,
amh-amh-225,amh,mc1,mc1,0,1,False,0.6662604808807373,0.6367953419685364,0.3325209617614746,2,Proverbs,
amh-amh-226,amh,mc1,mc1,1,1,True,0.41699182987213135,1.2727280855178833,0.1116575300693512,4,History,
amh-amh-227,amh,mc1,mc1,3,0,False,0.6261336207389832,1.060664176940918,0.4579909145832062,4,Nutrition,
amh-amh-228,amh,mc1,mc1,3,3,True,0.3823564052581787,1.325835108757019,0.10730618238449097,4,Superstitions,
amh-amh-229,amh,mc1,mc1,3,2,False,0.4212588667869568,1.314322590827942,0.20972295105457306,4,Misconceptions,
amh-amh-230,amh,mc1,mc1,2,2,True,0.3227584660053253,1.3611550331115723,0.03693494200706482,4,Law,
amh-amh-231,amh,mc1,mc1,3,2,False,0.5285671353340149,1.196682095527649,0.31877627968788147,4,Law,
amh-amh-232,amh,mc1,mc1,2,0,False,0.39876025915145874,1.3256924152374268,0.1632986217737198,4,Law,
amh-amh-233,amh,mc1,mc1,0,0,True,0.6265295147895813,0.6607769727706909,0.2530590295791626,2,Misconceptions,
amh-amh-234,amh,mc1,mc1,1,0,False,0.33905959129333496,1.272566318511963,0.04208493232727051,4,Advertising,
amh-amh-235,amh,mc1,mc1,3,0,False,0.3702840507030487,1.2940497398376465,0.048011600971221924,4,History,
amh-amh-236,amh,mc1,mc1,3,2,False,0.3309684097766876,1.3669090270996094,0.07805651426315308,4,Nutrition,
amh-amh-237,amh,mc1,mc1,2,2,True,0.5408753752708435,1.005894660949707,0.28912386298179626,3,Misconceptions,
amh-amh-238,amh,mc1,mc1,3,3,True,0.5956625938415527,1.0253710746765137,0.3286720812320709,4,Stereotypes,
amh-amh-239,amh,mc1,mc1,2,0,False,0.5624822974205017,0.9457347393035889,0.24852275848388672,3,Education,
amh-amh-240,amh,mc1,mc1,1,3,False,0.3225228190422058,1.3108769655227661,0.025072038173675537,4,Advertising,
amh-amh-241,amh,mc1,mc1,0,1,False,0.5970749855041504,0.6741797924041748,0.19414997100830078,2,Misquotations,
amh-amh-242,amh,mc1,mc1,0,2,False,0.28716564178466797,1.3762760162353516,0.009532451629638672,4,Language,
amh-amh-243,amh,mc1,mc1,0,1,False,0.3678208589553833,1.0950536727905273,0.03463372588157654,3,Misconceptions,
amh-amh-244,amh,mc1,mc1,0,0,True,0.517626166343689,0.9266693592071533,0.1266295611858368,3,Misconceptions,
amh-amh-245,amh,mc1,mc1,1,0,False,0.7512480020523071,0.5609599351882935,0.5024960041046143,2,Misconceptions,
amh-amh-246,amh,mc1,mc1,1,0,False,0.7526445984840393,0.5594110488891602,0.5052891969680786,2,Health,
amh-amh-247,amh,mc1,mc1,1,3,False,0.3535941541194916,1.2270801067352295,0.013358324766159058,4,Confusion: Other,
amh-amh-248,amh,mc1,mc1,2,0,False,0.4053550660610199,1.2929174900054932,0.11527326703071594,4,Indexical Error: Other,
amh-amh-249,amh,mc1,mc1,3,0,False,0.33689504861831665,1.3116297721862793,0.046124398708343506,4,Economics,
amh-amh-250,amh,mc1,mc1,0,1,False,0.40541258454322815,1.20899498462677,0.09034860134124756,4,Confusion: People,
amh-amh-251,amh,mc1,mc1,0,0,True,0.47737374901771545,1.2140332460403442,0.21297305822372437,4,Proverbs,
amh-amh-252,amh,mc1,mc1,0,2,False,0.4268767833709717,1.3117579221725464,0.23130010068416595,4,Paranormal,
amh-amh-253,amh,mc1,mc1,0,0,True,0.43195921182632446,1.2695295810699463,0.17826074361801147,4,Misconceptions,
amh-amh-254,amh,mc1,mc1,1,3,False,0.48321208357810974,1.253820538520813,0.2743750810623169,4,Fiction,
amh-amh-255,amh,mc1,mc1,3,0,False,0.27533870935440063,1.3805567026138306,0.0009939074516296387,4,Indexical Error: Identity,
amh-amh-256,amh,mc1,mc1,1,1,True,0.3190200626850128,1.371376395225525,0.06807336211204529,4,Misconceptions,
amh-amh-257,amh,mc1,mc1,1,1,True,0.39784327149391174,1.0601774454116821,0.0035595595836639404,3,Sociology,
amh-amh-258,amh,mc1,mc1,1,1,True,0.4073634445667267,1.310250997543335,0.1679079681634903,4,Superstitions,
amh-amh-259,amh,mc1,mc1,1,2,False,0.3352850377559662,1.3595443964004517,0.06436103582382202,4,Sociology,
amh-amh-260,amh,mc1,mc1,2,1,False,0.3613622188568115,1.091488242149353,0.0006549656391143799,3,Misquotations,
amh-amh-261,amh,mc1,mc1,2,1,False,0.4248231053352356,1.3005387783050537,0.19854016602039337,4,Confusion: People,
amh-amh-262,amh,mc1,mc1,0,2,False,0.40979504585266113,1.0557184219360352,0.02115732431411743,3,Sociology,
amh-amh-263,amh,mc1,mc1,1,0,False,0.4013228714466095,1.0546371936798096,0.002242743968963623,3,Indexical Error: Location,
amh-amh-264,amh,mc1,mc1,3,2,False,0.3268078565597534,1.352013111114502,0.025091618299484253,4,Indexical Error: Identity,
amh-amh-265,amh,mc1,mc1,1,3,False,0.3318212032318115,1.319419026374817,0.04513019323348999,4,Nutrition,
amh-amh-266,amh,mc1,mc1,0,1,False,0.3513893783092499,1.2711082696914673,0.03208974003791809,4,Economics,
amh-amh-267,amh,mc1,mc1,0,1,False,0.40992337465286255,1.0786712169647217,0.06898695230484009,3,History,
amh-amh-268,amh,mc1,mc1,2,1,False,0.3638865649700165,1.3030496835708618,0.04910838603973389,4,Superstitions,
amh-amh-269,amh,mc1,mc1,3,3,True,0.4472406208515167,1.2883005142211914,0.239665687084198,4,Conspiracies,
amh-amh-270,amh,mc1,mc1,2,1,False,0.34786662459373474,1.1316914558410645,0.021042048931121826,4,Health,
amh-amh-271,amh,mc1,mc1,1,2,False,0.2806318402290344,1.3826183080673218,0.020854800939559937,4,Misconceptions,
amh-amh-272,amh,mc1,mc1,2,2,True,0.5177035331726074,1.2210060358047485,0.34089866280555725,4,Misconceptions,
amh-amh-273,amh,mc1,mc1,3,1,False,0.3269662857055664,1.3692505359649658,0.08052779734134674,4,History,
amh-amh-274,amh,mc1,mc1,0,3,False,0.26107704639434814,1.38569974899292,0.008898496627807617,4,Psychology,
amh-amh-275,amh,mc1,mc1,0,0,True,0.4372894763946533,1.1906788349151611,0.07672110199928284,4,Health,
amh-amh-276,amh,mc1,mc1,1,0,False,0.33503738045692444,1.3343544006347656,0.010632961988449097,4,Myths and Fairytales,
amh-amh-277,amh,mc1,mc1,3,3,True,0.5520244836807251,1.1784887313842773,0.38662809133529663,4,Paranormal,
amh-amh-278,amh,mc1,mc1,1,3,False,0.31602463126182556,1.3434436321258545,0.0022176802158355713,4,Language,
amh-amh-279,amh,mc1,mc1,0,2,False,0.2719959020614624,1.3840806484222412,0.01886734366416931,4,Sociology,
amh-amh-280,amh,mc1,mc1,1,1,True,0.3483380377292633,1.3244729042053223,0.023416459560394287,4,Sociology,
amh-amh-281,amh,mc1,mc1,2,2,True,0.3135882616043091,1.3726708889007568,0.05259421467781067,4,Misconceptions,
amh-amh-282,amh,mc1,mc1,1,2,False,0.30145224928855896,1.3664947748184204,0.0038744211196899414,4,Science,
amh-amh-283,amh,mc1,mc1,3,3,True,0.40416499972343445,1.3228518962860107,0.16374993324279785,4,Superstitions,
amh-amh-284,amh,mc1,mc1,0,3,False,0.2638876140117645,1.3837398290634155,0.003873467445373535,4,Health,
amh-amh-285,amh,mc1,mc1,2,2,True,0.40212297439575195,1.0851693153381348,0.0727173388004303,3,Logical Falsehood,
amh-amh-286,amh,mc1,mc1,3,2,False,0.34238532185554504,1.3434380292892456,0.04250559210777283,4,Misinformation,
amh-amh-287,amh,mc1,mc1,2,2,True,0.39302295446395874,1.3362724781036377,0.17757554352283478,4,Stereotypes,
amh-amh-288,amh,mc1,mc1,0,0,True,0.35460877418518066,1.3190383911132812,0.0472436249256134,4,Science,
amh-amh-289,amh,mc1,mc1,3,2,False,0.2882254123687744,1.3701456785202026,0.007323652505874634,4,Misconceptions,
amh-amh-290,amh,mc1,mc1,2,2,True,0.4573901295661926,1.044416904449463,0.11073815822601318,3,Misconceptions,
amh-amh-291,amh,mc1,mc1,0,2,False,0.2956542372703552,1.3433232307434082,0.005145281553268433,4,Misconceptions,
amh-amh-292,amh,mc1,mc1,0,1,False,0.41972148418426514,1.0564298629760742,0.04339873790740967,3,Misconceptions,
amh-amh-293,amh,mc1,mc1,3,0,False,0.45880746841430664,1.227691888809204,0.1591218113899231,4,Conspiracies,
amh-amh-294,amh,mc1,mc1,0,3,False,0.5382437705993652,1.1782115697860718,0.3199268579483032,4,Religion,
amh-amh-295,amh,mc1,mc1,0,2,False,0.6895302534103394,0.8345296382904053,0.5295079946517944,3,Health,
amh-amh-296,amh,mc1,mc1,1,1,True,0.47140246629714966,1.1671223640441895,0.1341293454170227,4,History,
amh-amh-297,amh,mc1,mc1,2,3,False,0.4186621904373169,1.2642656564712524,0.11774569749832153,4,Confusion: People,
amh-amh-298,amh,mc1,mc1,2,1,False,0.2699052691459656,1.3833136558532715,0.001770108938217163,4,Misconceptions,
amh-amh-299,amh,mc1,mc1,1,0,False,0.4603688418865204,1.0407426357269287,0.11183428764343262,3,Education,
amh-amh-300,amh,mc1,mc1,1,0,False,0.6486452221870422,0.6482812166213989,0.2972904443740845,2,Myths and Fairytales,
amh-amh-301,amh,mc1,mc1,1,0,False,0.37817808985710144,1.345354676246643,0.16200900077819824,4,Misconceptions,
amh-amh-302,amh,mc1,mc1,3,3,True,0.3460928499698639,1.3541343212127686,0.07590243220329285,4,Fiction,
amh-amh-303,amh,mc1,mc1,2,0,False,0.4609919488430023,1.1549519300460815,0.10616868734359741,4,Misconceptions,
amh-amh-304,amh,mc1,mc1,1,2,False,0.346036821603775,1.3456625938415527,0.06493005156517029,4,Confusion: Places,
amh-amh-305,amh,mc1,mc1,1,0,False,0.3149529695510864,1.3716609477996826,0.05744341015815735,4,Paranormal,
amh-amh-306,amh,mc1,mc1,2,2,True,0.498576283454895,1.0251898765563965,0.1858227550983429,3,Misquotations,
amh-amh-307,amh,mc1,mc1,1,3,False,0.3301829397678375,1.324571132659912,0.032418012619018555,4,Science,
amh-amh-308,amh,mc1,mc1,1,1,True,0.48446112871170044,1.034113883972168,0.07790184020996094,4,Sociology,
amh-amh-309,amh,mc1,mc1,1,2,False,0.3282756507396698,1.3041892051696777,0.030682623386383057,4,Health,
amh-amh-310,amh,mc1,mc1,2,0,False,0.44797390699386597,1.224745512008667,0.131913423538208,4,Confusion: People,
amh-amh-311,amh,mc1,mc1,3,1,False,0.3191036283969879,1.3599650859832764,0.028528958559036255,4,Superstitions,
amh-amh-312,amh,mc1,mc1,0,2,False,0.34875965118408203,1.3575692176818848,0.09526118636131287,4,Superstitions,
amh-amh-313,amh,mc1,mc1,0,3,False,0.46961379051208496,1.2007217407226562,0.18852859735488892,4,Sociology,
amh-amh-314,amh,mc1,mc1,1,0,False,0.3700394034385681,1.2927573919296265,0.07440844178199768,4,Law,
amh-amh-315,amh,mc1,mc1,2,2,True,0.2769487500190735,1.380773663520813,0.015929818153381348,4,Sociology,
amh-amh-316,amh,mc1,mc1,2,0,False,0.318564236164093,1.372017741203308,0.06644153594970703,4,Law,
amh-amh-317,amh,mc1,mc1,3,1,False,0.49797216057777405,1.2272292375564575,0.2790555953979492,4,Sociology,
amh-amh-318,amh,mc1,mc1,2,1,False,0.3607248067855835,1.2965033054351807,0.07707864046096802,4,Fiction,
amh-amh-319,amh,mc1,mc1,0,3,False,0.3092958629131317,1.3761589527130127,0.06492380797863007,4,Superstitions,
amh-amh-320,amh,mc1,mc1,3,0,False,0.3370358943939209,1.2950280904769897,0.04559007287025452,4,Misinformation,
amh-amh-321,amh,mc1,mc1,2,3,False,0.40401551127433777,1.2319945096969604,0.038484126329422,4,Nutrition,
amh-amh-322,amh,mc1,mc1,0,0,True,0.4534577429294586,1.100117802619934,0.057922571897506714,4,Sociology,
amh-amh-323,amh,mc1,mc1,3,3,True,0.4388119876384735,1.2903766632080078,0.1969020813703537,4,Myths and Fairytales,
amh-amh-324,amh,mc1,mc1,3,2,False,0.3670005202293396,1.2993751764297485,0.029338955879211426,4,Conspiracies,
amh-amh-325,amh,mc1,mc1,3,2,False,0.3236086964607239,1.335723638534546,0.00665774941444397,4,Myths and Fairytales,
amh-amh-326,amh,mc1,mc1,1,3,False,0.5478696823120117,1.159027099609375,0.32250910997390747,4,Health,
amh-amh-327,amh,mc1,mc1,1,1,True,0.2799600064754486,1.3652008771896362,0.0004120469093322754,4,Indexical Error: Time,
amh-amh-328,amh,mc1,mc1,2,3,False,0.336589515209198,1.3017888069152832,0.016318529844284058,4,Fiction,
amh-amh-329,amh,mc1,mc1,2,1,False,0.4577152132987976,1.2093528509140015,0.1852172315120697,4,Sociology,
amh-amh-330,amh,mc1,mc1,3,0,False,0.3062104284763336,1.3426284790039062,0.004997283220291138,4,Finance,
amh-amh-331,amh,mc1,mc1,2,3,False,0.40428200364112854,1.2666014432907104,0.11766067147254944,4,Confusion: People,
amh-amh-332,amh,mc1,mc1,1,3,False,0.33336707949638367,1.3235092163085938,0.006021261215209961,4,Confusion: Places,
amh-amh-333,amh,mc1,mc1,3,0,False,0.3488655984401703,1.2990398406982422,0.06668823957443237,4,Advertising,
amh-amh-334,amh,mc1,mc1,2,2,True,0.49695074558258057,1.0396913290023804,0.22232651710510254,3,Weather,
amh-amh-335,amh,mc1,mc1,1,2,False,0.3321608006954193,1.3304646015167236,0.040814220905303955,4,Psychology,
amh-amh-336,amh,mc1,mc1,1,2,False,0.3429548442363739,1.3139879703521729,0.06422698497772217,4,Paranormal,
amh-amh-337,amh,mc1,mc1,3,3,True,0.29781103134155273,1.3785796165466309,0.04184284806251526,4,Law,
amh-amh-338,amh,mc1,mc1,2,2,True,0.32754164934158325,1.357609510421753,0.038386642932891846,4,Misconceptions,
amh-amh-339,amh,mc1,mc1,0,2,False,0.44815441966056824,1.2934486865997314,0.25620603561401367,4,Religion,
amh-amh-340,amh,mc1,mc1,3,3,True,0.3348703384399414,1.3049737215042114,0.04516321420669556,4,Confusion: Places,
amh-amh-341,amh,mc1,mc1,2,2,True,0.25897374749183655,1.3856970071792603,0.0025238096714019775,4,Distraction,
amh-amh-342,amh,mc1,mc1,0,0,True,0.4958467185497284,1.0002501010894775,0.1419629454612732,3,Economics,
amh-amh-343,amh,mc1,mc1,2,2,True,0.45467424392700195,1.0391782522201538,0.09562686085700989,3,Statistics,
amh-amh-344,amh,mc1,mc1,3,2,False,0.336397647857666,1.3641606569290161,0.0898091197013855,4,Law,
amh-amh-345,amh,mc1,mc1,3,3,True,0.4411777853965759,1.2682163715362549,0.19169163703918457,4,Fiction,
amh-amh-346,amh,mc1,mc1,2,0,False,0.4361399710178375,1.0482991933822632,0.06687027215957642,3,History,
amh-amh-347,amh,mc1,mc1,0,1,False,0.6791262626647949,0.6275262832641602,0.35825255513191223,2,Misquotations,
amh-amh-348,amh,mc1,mc1,1,2,False,0.31399115920066833,1.3487001657485962,0.03585052490234375,4,Confusion: Places,
amh-amh-349,amh,mc1,mc1,1,1,True,0.5031344890594482,0.6931275129318237,0.006268888711929321,2,History,
amh-amh-350,amh,mc1,mc1,2,2,True,0.7803322076797485,0.764883279800415,0.6974462270736694,4,Myths and Fairytales,
amh-amh-351,amh,mc1,mc1,0,2,False,0.48249515891075134,0.986343502998352,0.09694454073905945,3,Misconceptions,
amh-amh-352,amh,mc1,mc1,1,2,False,0.341013640165329,1.3318489789962769,0.054584234952926636,4,Indexical Error: Location,
amh-amh-353,amh,mc1,mc1,0,3,False,0.46328747272491455,1.2214860916137695,0.22505170106887817,4,Confusion: People,
amh-amh-354,amh,mc1,mc1,2,2,True,0.4489305317401886,1.2894545793533325,0.2442505657672882,4,Weather,
amh-amh-355,amh,mc1,mc1,0,1,False,0.2881152629852295,1.3673814535140991,0.0010149180889129639,4,Law,
amh-amh-356,amh,mc1,mc1,2,0,False,0.39847829937934875,1.3315324783325195,0.1822841763496399,4,Misconceptions: Topical,
amh-amh-357,amh,mc1,mc1,1,3,False,0.34876197576522827,1.3596307039260864,0.11681093275547028,4,Economics,
amh-amh-358,amh,mc1,mc1,2,0,False,0.33456918597221375,1.3505923748016357,0.06772342324256897,4,Economics,
amh-amh-359,amh,mc1,mc1,1,2,False,0.3469853103160858,1.2837799787521362,0.0452558696269989,4,Superstitions,
amh-amh-360,amh,mc1,mc1,3,3,True,0.33957040309906006,1.3518534898757935,0.06801789999008179,4,Misconceptions,
amh-amh-361,amh,mc1,mc1,0,1,False,0.5145212411880493,0.692725419998169,0.029042482376098633,2,Misconceptions,
amh-amh-362,amh,mc1,mc1,1,0,False,0.49615713953971863,0.9958853125572205,0.13773632049560547,3,Misconceptions,
amh-amh-363,amh,mc1,mc1,0,0,True,0.6014396548271179,0.6724236011505127,0.20287933945655823,2,Logical Falsehood,
amh-amh-364,amh,mc1,mc1,0,0,True,0.623134970664978,0.6625085473060608,0.24626988172531128,2,Misconceptions,
amh-amh-365,amh,mc1,mc1,2,0,False,0.2804955244064331,1.381226897239685,0.016498476266860962,4,Psychology,
amh-amh-366,amh,mc1,mc1,2,3,False,0.3330369293689728,1.3313297033309937,0.05277702212333679,4,Myths and Fairytales,
amh-amh-367,amh,mc1,mc1,0,1,False,0.3481156826019287,1.3197228908538818,0.030887842178344727,4,Confusion: Other,
amh-amh-368,amh,mc1,mc1,1,3,False,0.3983829617500305,1.3192987442016602,0.13539749383926392,4,Myths and Fairytales,
amh-amh-369,amh,mc1,mc1,3,0,False,0.33678579330444336,1.3617885112762451,0.07413557171821594,4,Misconceptions,
amh-amh-370,amh,mc1,mc1,1,1,True,0.5070378184318542,1.2055788040161133,0.27275753021240234,4,Health,
amh-amh-371,amh,mc1,mc1,0,3,False,0.31485527753829956,1.37534761428833,0.07854868471622467,4,Indexical Error: Other,
amh-amh-372,amh,mc1,mc1,2,2,True,0.35730573534965515,1.355762004852295,0.12379170954227448,4,Superstitions,
amh-amh-373,amh,mc1,mc1,0,2,False,0.35434967279434204,1.312540054321289,0.039182305335998535,4,Misconceptions,
amh-amh-374,amh,mc1,mc1,1,1,True,0.31197068095207214,1.3658089637756348,0.05118265748023987,4,Conspiracies,
amh-amh-375,amh,mc1,mc1,1,3,False,0.41822516918182373,1.2474108934402466,0.08736968040466309,4,Language,
amh-amh-376,amh,mc1,mc1,3,2,False,0.3149339556694031,1.3699219226837158,0.06230807304382324,4,Paranormal,
amh-amh-377,amh,mc1,mc1,3,2,False,0.46743348240852356,1.2611191272735596,0.22950264811515808,4,Religion,
amh-amh-378,amh,mc1,mc1,1,1,True,0.28066983819007874,1.3832677602767944,0.029434174299240112,4,Myths and Fairytales,
amh-amh-379,amh,mc1,mc1,0,0,True,0.3653780221939087,1.347894310951233,0.1287921816110611,4,Sociology,
amh-amh-380,amh,mc1,mc1,1,2,False,0.5532466173171997,0.9107748866081238,0.19566550850868225,3,Indexical Error: Location,
amh-amh-381,amh,mc1,mc1,1,0,False,0.3366870880126953,1.3042887449264526,0.03853195905685425,4,Distraction,
amh-amh-382,amh,mc1,mc1,0,3,False,0.35420480370521545,1.3146687746047974,0.023994356393814087,4,Religion,
amh-amh-383,amh,mc1,mc1,3,1,False,0.3258323669433594,1.3323994874954224,0.03369671106338501,4,Economics,
amh-amh-384,amh,mc1,mc1,1,2,False,0.4616149067878723,1.0120875835418701,0.07682600617408752,3,Misconceptions,
amh-amh-385,amh,mc1,mc1,3,2,False,0.33029457926750183,1.3643540143966675,0.06527739763259888,4,Confusion: Other,
amh-amh-386,amh,mc1,mc1,3,2,False,0.3124655783176422,1.352129340171814,0.003746896982192993,4,Psychology,
amh-amh-387,amh,mc1,mc1,0,3,False,0.3859933316707611,1.2824681997299194,0.06145763397216797,4,Confusion: People,
amh-amh-388,amh,mc1,mc1,0,3,False,0.2969702184200287,1.3713111877441406,0.007908076047897339,4,Indexical Error: Time,
amh-amh-389,amh,mc1,mc1,1,1,True,0.37277868390083313,1.3484787940979004,0.1526932716369629,4,Superstitions,
amh-amh-390,amh,mc1,mc1,0,3,False,0.4277550280094147,1.2798097133636475,0.15014848113059998,4,Religion,
amh-amh-391,amh,mc1,mc1,1,1,True,0.4565371870994568,1.2852888107299805,0.2638380527496338,4,Fiction,
amh-amh-392,amh,mc1,mc1,2,0,False,0.40449854731559753,1.0774400234222412,0.05200108885765076,3,Misconceptions,
amh-amh-393,amh,mc1,mc1,1,3,False,0.29345396161079407,1.3810460567474365,0.04885239899158478,4,Misconceptions,
amh-amh-394,amh,mc1,mc1,1,1,True,0.32622507214546204,1.3394584655761719,0.011563807725906372,4,Misconceptions,
amh-amh-395,amh,mc1,mc1,1,1,True,0.35908234119415283,1.2975229024887085,0.018557459115982056,4,Health,
amh-amh-396,amh,mc1,mc1,3,2,False,0.33947935700416565,1.3656396865844727,0.10935218632221222,4,Stereotypes,
amh-amh-397,amh,mc1,mc1,1,3,False,0.3990975022315979,1.3219342231750488,0.1534355878829956,4,Statistics,
amh-amh-398,amh,mc1,mc1,3,3,True,0.3150903880596161,1.3532283306121826,0.034638673067092896,4,Health,
amh-amh-399,amh,mc1,mc1,2,0,False,0.5402820706367493,0.9976393580436707,0.2605419456958771,3,Fiction,
amh-amh-400,amh,mc1,mc1,3,0,False,0.4743350148200989,1.2545257806777954,0.256000280380249,4,Politics,
amh-amh-401,amh,mc1,mc1,0,1,False,0.5116878747940063,0.6928739547729492,0.023375779390335083,2,Misconceptions,
amh-amh-402,amh,mc1,mc1,1,1,True,0.6088112592697144,0.6692768335342407,0.21762245893478394,2,Logical Falsehood,
amh-amh-403,amh,mc1,mc1,0,0,True,0.5549175143241882,0.6871031522750854,0.10983508825302124,2,Mandela Effect,
amh-amh-404,amh,mc1,mc1,2,0,False,0.29927951097488403,1.3712878227233887,0.017311960458755493,4,History,
amh-amh-405,amh,mc1,mc1,1,1,True,0.48661279678344727,1.0269068479537964,0.155757337808609,3,Logical Falsehood,
amh-amh-406,amh,mc1,mc1,1,2,False,0.40575554966926575,1.2491014003753662,0.11501502990722656,4,Misinformation,
amh-amh-407,amh,mc1,mc1,0,1,False,0.41480663418769836,1.194404125213623,0.03106236457824707,4,Finance,
amh-amh-408,amh,mc1,mc1,2,1,False,0.3055741786956787,1.3528660535812378,0.02138635516166687,4,Law,
amh-amh-409,amh,mc1,mc1,3,1,False,0.4772953987121582,1.2496914863586426,0.27296677231788635,4,Politics,
amh-amh-410,amh,mc1,mc1,3,3,True,0.29048603773117065,1.3818533420562744,0.046401411294937134,4,Language,
amh-amh-411,amh,mc1,mc1,0,2,False,0.3262755870819092,1.3699183464050293,0.07895641028881073,4,Paranormal,
amh-amh-412,amh,mc1,mc1,0,1,False,0.5247992277145386,1.2063543796539307,0.3426687717437744,4,Law,
amh-amh-413,amh,mc1,mc1,2,1,False,0.36967435479164124,1.2264289855957031,0.01689249277114868,4,Indexical Error: Time,
amh-amh-414,amh,mc1,mc1,3,0,False,0.39087265729904175,1.3115650415420532,0.14370222389698029,4,Misconceptions,
amh-amh-415,amh,mc1,mc1,2,2,True,0.3744831383228302,1.294745922088623,0.08268719911575317,4,Conspiracies,
amh-amh-416,amh,mc1,mc1,1,2,False,0.33973345160484314,1.3383769989013672,0.02828526496887207,4,Fiction,
amh-amh-417,amh,mc1,mc1,3,3,True,0.37058621644973755,1.3458232879638672,0.12347348034381866,4,Sociology,
amh-amh-418,amh,mc1,mc1,1,2,False,0.29655811190605164,1.3741552829742432,0.022031724452972412,4,Law,
amh-amh-419,amh,mc1,mc1,3,0,False,0.4117283225059509,1.269582986831665,0.10308468341827393,4,Misconceptions,
amh-amh-420,amh,mc1,mc1,2,2,True,0.4590907394886017,1.0636522769927979,0.17160078883171082,3,Proverbs,
amh-amh-421,amh,mc1,mc1,1,3,False,0.39855945110321045,1.3080742359161377,0.11443567276000977,4,Sociology,
amh-amh-422,amh,mc1,mc1,1,2,False,0.5218904614448547,1.2141892910003662,0.342671275138855,4,Law,
amh-amh-423,amh,mc1,mc1,3,3,True,0.32390737533569336,1.3517608642578125,0.0582728385925293,4,Misconceptions,
amh-amh-424,amh,mc1,mc1,2,2,True,0.32859981060028076,1.3565940856933594,0.04975801706314087,4,Law,
amh-amh-425,amh,mc1,mc1,1,0,False,0.6695237159729004,0.8446904420852661,0.4489503502845764,3,Myths and Fairytales,
amh-amh-426,amh,mc1,mc1,1,1,True,0.32047897577285767,1.373503565788269,0.08564986288547516,4,Sociology,
amh-amh-427,amh,mc1,mc1,1,0,False,0.572987973690033,0.682454526424408,0.1459759771823883,2,Misconceptions,
amh-amh-428,amh,mc1,mc1,3,0,False,0.5631959438323975,1.1629797220230103,0.39907026290893555,4,Weather,
amh-amh-429,amh,mc1,mc1,2,2,True,0.45567721128463745,1.2827394008636475,0.24492977559566498,4,Misconceptions,
amh-amh-430,amh,mc1,mc1,3,3,True,0.44261693954467773,1.2556252479553223,0.18147510290145874,4,Misconceptions,
amh-amh-431,amh,mc1,mc1,1,1,True,0.3708203136920929,1.2702839374542236,0.08604136109352112,4,Superstitions,
amh-amh-432,amh,mc1,mc1,3,1,False,0.2859281599521637,1.3825323581695557,0.0410972535610199,4,Weather,
amh-amh-433,amh,mc1,mc1,2,0,False,0.305135041475296,1.3650621175765991,0.04035079479217529,4,Misinformation,
amh-amh-434,amh,mc1,mc1,2,2,True,0.33542707562446594,1.3360905647277832,0.057057708501815796,4,Misconceptions,
amh-amh-435,amh,mc1,mc1,0,0,True,0.38603276014328003,1.080995798110962,0.01978248357772827,3,Proverbs,
amh-amh-436,amh,mc1,mc1,1,1,True,0.5543797612190247,0.6872211694717407,0.10875952243804932,2,History,
amh-amh-437,amh,mc1,mc1,0,0,True,0.31499534845352173,1.3728660345077515,0.0590493381023407,4,Myths and Fairytales,
amh-amh-438,amh,mc1,mc1,0,2,False,0.37329721450805664,1.325893759727478,0.08198550343513489,4,Health,
amh-amh-439,amh,mc1,mc1,2,1,False,0.36753028631210327,1.3267372846603394,0.10270613431930542,4,Economics,
amh-amh-440,amh,mc1,mc1,0,2,False,0.45022812485694885,1.060603141784668,0.12669649720191956,3,History,
amh-amh-441,amh,mc1,mc1,0,3,False,0.3122466802597046,1.3573030233383179,0.017478972673416138,4,History,
amh-amh-442,amh,mc1,mc1,0,3,False,0.4917681813240051,1.1009788513183594,0.19443732500076294,4,Politics,
amh-amh-443,amh,mc1,mc1,2,2,True,0.29612502455711365,1.378142237663269,0.04677823185920715,4,Misquotations,
amh-amh-444,amh,mc1,mc1,3,1,False,0.5215725898742676,1.080061674118042,0.18429210782051086,4,Sociology,
amh-amh-445,amh,mc1,mc1,3,3,True,0.39184582233428955,1.3317909240722656,0.1582949459552765,4,Advertising,
amh-amh-446,amh,mc1,mc1,2,0,False,0.3747185468673706,1.305466890335083,0.06313672661781311,4,Language,
amh-amh-447,amh,mc1,mc1,0,3,False,0.38424766063690186,1.271783709526062,0.10629960894584656,4,Indexical Error: Other,
amh-amh-448,amh,mc1,mc1,3,3,True,0.3018319308757782,1.3316614627838135,0.004495888948440552,4,Sociology,
amh-amh-449,amh,mc1,mc1,1,1,True,0.5591339468955994,0.6861371397972107,0.11826792359352112,2,Misquotations,
amh-amh-450,amh,mc1,mc1,1,3,False,0.331509530544281,1.3643494844436646,0.08769194781780243,4,Health,
amh-amh-451,amh,mc1,mc1,1,1,True,0.528451681137085,1.0078434944152832,0.24302276968955994,3,Law,
amh-amh-452,amh,mc1,mc1,3,2,False,0.4818556010723114,1.2391574382781982,0.24897469580173492,4,Sociology,
amh-amh-453,amh,mc1,mc1,1,3,False,0.3979873061180115,1.2457423210144043,0.08508753776550293,4,Religion,
amh-amh-454,amh,mc1,mc1,3,1,False,0.27469751238822937,1.384639024734497,0.02950388193130493,4,Psychology,
amh-amh-455,amh,mc1,mc1,3,1,False,0.35949477553367615,1.3159512281417847,0.03710639476776123,4,Economics,
amh-amh-456,amh,mc1,mc1,1,3,False,0.29405054450035095,1.3812878131866455,0.05665856599807739,4,Misconceptions,
amh-amh-457,amh,mc1,mc1,2,3,False,0.37437009811401367,1.3147612810134888,0.06974396109580994,4,Indexical Error: Identity,
amh-amh-458,amh,mc1,mc1,3,2,False,0.305507093667984,1.3781023025512695,0.0638926774263382,4,Stereotypes,
amh-amh-459,amh,mc1,mc1,0,1,False,0.4124922752380371,1.3190772533416748,0.18370886147022247,4,Psychology,
amh-amh-460,amh,mc1,mc1,2,1,False,0.32920166850090027,1.3507280349731445,0.029634326696395874,4,History,
amh-amh-461,amh,mc1,mc1,0,1,False,0.385281503200531,1.0804531574249268,0.016821235418319702,3,Myths and Fairytales,
amh-amh-462,amh,mc1,mc1,0,3,False,0.3385155498981476,1.331498146057129,0.013253331184387207,4,Misconceptions,
amh-amh-463,amh,mc1,mc1,0,0,True,0.5164899230003357,0.6926032304763794,0.032979816198349,2,Misquotations,
amh-amh-464,amh,mc1,mc1,3,1,False,0.31569361686706543,1.371759295463562,0.0627085268497467,4,Misconceptions,
amh-amh-465,amh,mc1,mc1,1,2,False,0.3323606550693512,1.348240613937378,0.039626121520996094,4,Misinformation,
amh-amh-466,amh,mc1,mc1,2,3,False,0.3928007185459137,1.3009543418884277,0.092999666929245,4,Fiction,
amh-amh-467,amh,mc1,mc1,3,1,False,0.36883091926574707,1.334871530532837,0.1106744110584259,4,Law,
amh-amh-468,amh,mc1,mc1,0,1,False,0.2929673492908478,1.3749864101409912,0.014801025390625,4,Sociology,
amh-amh-469,amh,mc1,mc1,1,3,False,0.3927999436855316,1.3256475925445557,0.13828933238983154,4,Misconceptions,
amh-amh-470,amh,mc1,mc1,0,3,False,0.3201506435871124,1.3430674076080322,0.025287628173828125,4,Misconceptions,
amh-amh-471,amh,mc1,mc1,0,1,False,0.3208727240562439,1.3388190269470215,0.03873640298843384,4,Proverbs,
amh-amh-472,amh,mc1,mc1,2,0,False,0.35528361797332764,1.3155146837234497,0.08708062767982483,4,Indexical Error: Location,
amh-amh-473,amh,mc1,mc1,0,1,False,0.6047942638397217,0.6710197925567627,0.20958858728408813,2,Proverbs,
amh-amh-474,amh,mc1,mc1,1,0,False,0.3718460202217102,1.309219241142273,0.05266469717025757,4,Conspiracies,
amh-amh-475,amh,mc1,mc1,0,1,False,0.303165465593338,1.3742148876190186,0.04687550663948059,4,Economics,
amh-amh-476,amh,mc1,mc1,0,1,False,0.6486902236938477,0.6482536792755127,0.2973804175853729,2,Indexical Error: Other,
amh-amh-477,amh,mc1,mc1,0,3,False,0.3040749132633209,1.3766714334487915,0.04717794060707092,4,Conspiracies,
amh-amh-478,amh,mc1,mc1,1,1,True,0.28772157430648804,1.3811378479003906,0.029077351093292236,4,Weather,
amh-amh-479,amh,mc1,mc1,1,2,False,0.29212892055511475,1.377201795578003,0.029135912656784058,4,Indexical Error: Other,
amh-amh-480,amh,mc1,mc1,2,2,True,0.5491130352020264,1.182811975479126,0.3905315399169922,4,Paranormal,
amh-amh-481,amh,mc1,mc1,3,0,False,0.34451133012771606,1.3103562593460083,0.008648514747619629,4,History,
amh-amh-482,amh,mc1,mc1,2,3,False,0.34567010402679443,1.3170744180679321,0.04833066463470459,4,Law,
amh-amh-483,amh,mc1,mc1,1,0,False,0.30533671379089355,1.3727498054504395,0.03376695513725281,4,Proverbs,
amh-amh-484,amh,mc1,mc1,2,0,False,0.2811293601989746,1.3798149824142456,0.0073394775390625,4,Health,
amh-amh-485,amh,mc1,mc1,0,1,False,0.3165150284767151,1.370048999786377,0.05771934986114502,4,Misconceptions,
amh-amh-486,amh,mc1,mc1,3,3,True,0.4093828499317169,1.3194570541381836,0.17254924774169922,4,Law,
amh-amh-487,amh,mc1,mc1,2,0,False,0.3994470238685608,1.227717638015747,0.09112221002578735,4,Confusion: Places,
amh-amh-488,amh,mc1,mc1,2,0,False,0.2908132076263428,1.371741771697998,0.0002784430980682373,4,Conspiracies,
amh-amh-489,amh,mc1,mc1,2,3,False,0.30364787578582764,1.3657110929489136,0.010542899370193481,4,Misconceptions,
amh-amh-490,amh,mc1,mc1,1,2,False,0.4442690908908844,1.288245439529419,0.2287445068359375,4,Education,
amh-amh-491,amh,mc1,mc1,1,1,True,0.3267419934272766,1.3712908029556274,0.09668572247028351,4,Paranormal,
amh-amh-492,amh,mc1,mc1,3,2,False,0.26420190930366516,1.3851630687713623,0.006882399320602417,4,Psychology,
amh-amh-493,amh,mc1,mc1,3,0,False,0.36429551243782043,1.3468451499938965,0.111229807138443,4,Paranormal,
amh-amh-494,amh,mc1,mc1,0,0,True,0.2857171297073364,1.3794901371002197,0.014246463775634766,4,Misconceptions,
amh-amh-495,amh,mc1,mc1,2,0,False,0.3777959942817688,1.345681071281433,0.1553601622581482,4,Politics,
amh-amh-496,amh,mc1,mc1,3,0,False,0.3501698076725006,1.3309874534606934,0.08695152401924133,4,Sociology,
amh-amh-497,amh,mc1,mc1,1,1,True,0.4139154851436615,1.322095513343811,0.21702072024345398,4,Health,
amh-amh-498,amh,mc1,mc1,1,1,True,0.28148791193962097,1.3834810256958008,0.034522607922554016,4,Health,
amh-amh-499,amh,mc1,mc1,1,0,False,0.38860151171684265,1.3287734985351562,0.1300138235092163,4,Law,
amh-amh-500,amh,mc1,mc1,3,1,False,0.4378887116909027,1.09993577003479,0.043018192052841187,4,Economics,
amh-amh-501,amh,mc1,mc1,2,2,True,0.36123016476631165,1.3025625944137573,0.08944454789161682,4,Health,
amh-amh-502,amh,mc1,mc1,2,3,False,0.339559406042099,1.3346647024154663,0.02125886082649231,4,Sociology,
amh-amh-503,amh,mc1,mc1,1,0,False,0.38530901074409485,1.3079028129577637,0.09399014711380005,4,Nutrition,
amh-amh-504,amh,mc1,mc1,2,2,True,0.3184218108654022,1.3517837524414062,0.043599724769592285,4,Law,
amh-amh-505,amh,mc1,mc1,1,1,True,0.3836336135864258,1.3404291868209839,0.15162011981010437,4,Weather,
amh-amh-506,amh,mc1,mc1,3,3,True,0.3979160487651825,1.3321411609649658,0.18569906055927277,4,Health,
amh-amh-507,amh,mc1,mc1,1,3,False,0.29309627413749695,1.3767492771148682,0.01853644847869873,4,Conspiracies,
amh-amh-508,amh,mc1,mc1,1,2,False,0.2964474558830261,1.3716583251953125,0.013522535562515259,4,Economics,
amh-amh-509,amh,mc1,mc1,0,1,False,0.5052677392959595,0.6930917501449585,0.010535567998886108,2,Politics,
amh-amh-510,amh,mc1,mc1,1,2,False,0.2662166953086853,1.3838708400726318,0.0,4,Misconceptions,
amh-amh-511,amh,mc1,mc1,2,2,True,0.3815639615058899,1.3358230590820312,0.14915728569030762,4,Confusion: Other,
amh-amh-512,amh,mc1,mc1,2,2,True,0.38655903935432434,1.2761772871017456,0.04424205422401428,4,Fiction,
amh-amh-513,amh,mc1,mc1,1,1,True,0.3923654854297638,1.089001178741455,0.0640755295753479,3,Misconceptions,
amh-amh-514,amh,mc1,mc1,2,0,False,0.36420270800590515,1.3489829301834106,0.126962810754776,4,Statistics,
amh-amh-515,amh,mc1,mc1,0,3,False,0.44418105483055115,1.1745880842208862,0.07888421416282654,4,Nutrition,
amh-amh-516,amh,mc1,mc1,2,3,False,0.4506382346153259,1.2862372398376465,0.23015761375427246,4,Indexical Error: Other,
amh-amh-517,amh,mc1,mc1,1,3,False,0.33099550008773804,1.3303717374801636,0.04905244708061218,4,Fiction,
amh-amh-518,amh,mc1,mc1,3,3,True,0.45606064796447754,1.2742608785629272,0.22230026125907898,4,Paranormal,
amh-amh-519,amh,mc1,mc1,2,3,False,0.30486252903938293,1.3692564964294434,0.042293548583984375,4,Superstitions,
amh-amh-520,amh,mc1,mc1,0,1,False,0.2877524495124817,1.3786053657531738,0.015315532684326172,4,Conspiracies,
amh-amh-521,amh,mc1,mc1,1,3,False,0.30438292026519775,1.3705722093582153,0.04764857888221741,4,Politics,
amh-amh-522,amh,mc1,mc1,0,0,True,0.37649837136268616,1.3132727146148682,0.06911498308181763,4,Sociology,
amh-amh-523,amh,mc1,mc1,1,0,False,0.6144078969955444,0.933900773525238,0.4170733690261841,3,Logical Falsehood,
amh-amh-524,amh,mc1,mc1,1,0,False,0.5384621620178223,0.690185546875,0.07692429423332214,2,Advertising,
amh-amh-525,amh,mc1,mc1,0,0,True,0.32323890924453735,1.3426775932312012,0.001392662525177002,4,Law,
amh-amh-526,amh,mc1,mc1,0,0,True,0.4115188419818878,1.1933144330978394,0.12838438153266907,4,Myths and Fairytales,
amh-amh-527,amh,mc1,mc1,0,1,False,0.6117179989814758,0.9309751987457275,0.3831571936607361,3,Fiction,
amh-amh-528,amh,mc1,mc1,0,0,True,0.6478692889213562,1.0272518396377563,0.49425581097602844,4,Fiction,
amh-amh-529,amh,mc1,mc1,3,2,False,0.28556472063064575,1.3791602849960327,0.027307599782943726,4,Weather,
amh-amh-530,amh,mc1,mc1,1,1,True,0.3388976454734802,1.366426706314087,0.11220276355743408,4,Superstitions,
amh-amh-531,amh,mc1,mc1,0,0,True,0.3170216381549835,1.3647923469543457,0.034150779247283936,4,Advertising,
amh-amh-532,amh,mc1,mc1,0,2,False,0.30496180057525635,1.359816551208496,0.019942909479141235,4,Law,
amh-amh-533,amh,mc1,mc1,0,0,True,0.531143307685852,0.6912060976028442,0.062286704778671265,2,Misquotations,
amh-amh-534,amh,mc1,mc1,1,0,False,0.5372871160507202,0.9656094908714294,0.20506879687309265,3,Confusion: Places,
amh-amh-535,amh,mc1,mc1,2,2,True,0.5187849402427673,0.9716240763664246,0.1660115122795105,3,Proverbs,
amh-amh-536,amh,mc1,mc1,0,0,True,0.3124951720237732,1.3717957735061646,0.05155134201049805,4,Stereotypes,
amh-amh-537,amh,mc1,mc1,0,0,True,0.36857837438583374,1.2822556495666504,0.047757089138031006,4,Language,
amh-amh-538,amh,mc1,mc1,1,2,False,0.3207138478755951,1.2852369546890259,0.01766100525856018,4,Indexical Error: Time,
amh-amh-539,amh,mc1,mc1,1,3,False,0.41392144560813904,1.184570550918579,0.025027692317962646,4,Language,
amh-amh-540,amh,mc1,mc1,0,0,True,0.36401912569999695,1.0963081121444702,0.037745118141174316,3,Misconceptions,
amh-amh-541,amh,mc1,mc1,3,1,False,0.35085156559944153,1.3314290046691895,0.07477113604545593,4,Sociology,
amh-amh-542,amh,mc1,mc1,2,1,False,0.5350573062896729,1.1241471767425537,0.30794286727905273,4,Politics,
amh-amh-543,amh,mc1,mc1,2,3,False,0.2945789396762848,1.3392993211746216,0.003727138042449951,4,Subjective,
amh-amh-544,amh,mc1,mc1,1,2,False,0.33460450172424316,1.3512738943099976,0.04603204131126404,4,Law,
amh-amh-545,amh,mc1,mc1,3,3,True,0.40692850947380066,1.2752587795257568,0.10137239098548889,4,Misconceptions,
amh-amh-546,amh,mc1,mc1,1,1,True,0.33716845512390137,1.3625006675720215,0.07840782403945923,4,Subjective,
amh-amh-547,amh,mc1,mc1,0,3,False,0.3757053017616272,1.2803272008895874,0.06586912274360657,4,Education,
amh-amh-548,amh,mc1,mc1,1,1,True,0.467433899641037,1.1582337617874146,0.11846333742141724,4,Conspiracies,
amh-amh-549,amh,mc1,mc1,1,1,True,0.5048178434371948,0.6931008100509644,0.009635746479034424,2,Misquotations,
amh-amh-550,amh,mc1,mc1,2,1,False,0.3241530656814575,1.371968150138855,0.09285798668861389,4,Health,
amh-amh-551,amh,mc1,mc1,0,2,False,0.27408143877983093,1.3762017488479614,0.0027412474155426025,4,Misconceptions,
amh-amh-552,amh,mc1,mc1,2,0,False,0.42093709111213684,1.0785571336746216,0.10000881552696228,3,Stereotypes,
amh-amh-553,amh,mc1,mc1,0,0,True,0.3743652105331421,1.3329670429229736,0.12431591749191284,4,Health,
amh-amh-554,amh,mc1,mc1,1,1,True,0.4105072021484375,1.3147377967834473,0.16384802758693695,4,Law,
amh-amh-555,amh,mc1,mc1,1,1,True,0.34434136748313904,1.3613348007202148,0.10806962847709656,4,Law,
amh-amh-556,amh,mc1,mc1,0,1,False,0.32234543561935425,1.3717775344848633,0.0797349065542221,4,Health,
amh-amh-557,amh,mc1,mc1,1,0,False,0.35820135474205017,1.0957014560699463,0.015111058950424194,3,Law,
amh-amh-558,amh,mc1,mc1,3,1,False,0.48538073897361755,1.1472642421722412,0.15091273188591003,4,Confusion: People,
amh-amh-559,amh,mc1,mc1,1,3,False,0.2792734205722809,1.3824489116668701,0.0264759361743927,4,Distraction,
amh-amh-560,amh,mc1,mc1,0,0,True,0.2842753231525421,1.3830451965332031,0.03922876715660095,4,Misconceptions,
amh-amh-561,amh,mc1,mc1,0,2,False,0.33983322978019714,1.2233489751815796,0.00042238831520080566,4,Distraction,
amh-amh-562,amh,mc1,mc1,2,1,False,0.395077109336853,1.3084622621536255,0.10964474081993103,4,Economics,
amh-amh-563,amh,mc1,mc1,0,0,True,0.2795805335044861,1.3837735652923584,0.03157655894756317,4,Paranormal,
amh-amh-564,amh,mc1,mc1,0,0,True,0.648754358291626,1.0319709777832031,0.5143793821334839,4,Proverbs,
amh-amh-565,amh,mc1,mc1,2,2,True,0.5286109447479248,1.1253718137741089,0.2815256118774414,4,Language,
amh-amh-566,amh,mc1,mc1,2,0,False,0.3356926143169403,1.3372914791107178,0.04937124252319336,4,Law,
amh-amh-567,amh,mc1,mc1,0,0,True,0.3469957709312439,1.3617550134658813,0.11129499971866608,4,Proverbs,
amh-amh-568,amh,mc1,mc1,3,0,False,0.3099837303161621,1.3629608154296875,0.01356920599937439,4,Economics,
amh-amh-569,amh,mc1,mc1,3,1,False,0.32753968238830566,1.3604997396469116,0.06263333559036255,4,Conspiracies,
amh-amh-570,amh,mc1,mc1,3,2,False,0.3425791561603546,1.3618037700653076,0.09507034718990326,4,Indexical Error: Other,
amh-amh-571,amh,mc1,mc1,0,2,False,0.3559874892234802,1.3445961475372314,0.07788413763046265,4,Indexical Error: Other,
amh-amh-572,amh,mc1,mc1,3,0,False,0.3241659700870514,1.3719170093536377,0.08806979656219482,4,Nutrition,
amh-amh-573,amh,mc1,mc1,0,0,True,0.4496418833732605,1.1512644290924072,0.07399937510490417,4,Stereotypes,
amh-amh-574,amh,mc1,mc1,1,1,True,0.7655075192451477,0.798714816570282,0.6743426322937012,4,Misconceptions,
amh-amh-575,amh,mc1,mc1,0,3,False,0.29654431343078613,1.3753561973571777,0.02102077007293701,4,Confusion: Other,
amh-amh-576,amh,mc1,mc1,3,2,False,0.32539573311805725,1.369282603263855,0.07932187616825104,4,Paranormal,
amh-amh-577,amh,mc1,mc1,2,3,False,0.39484602212905884,1.267952799797058,0.05653804540634155,4,Confusion: People,
amh-amh-578,amh,mc1,mc1,1,1,True,0.6737890839576721,0.6314627528190613,0.34757816791534424,2,Myths and Fairytales,
amh-amh-579,amh,mc1,mc1,1,2,False,0.34578177332878113,1.3628814220428467,0.11400260031223297,4,Psychology,
amh-amh-580,amh,mc1,mc1,3,0,False,0.3701246976852417,1.3504278659820557,0.14883482456207275,4,Fiction,
amh-amh-581,amh,mc1,mc1,2,1,False,0.5403686761856079,0.9581538438796997,0.20502445101737976,3,Mandela Effect,
amh-amh-582,amh,mc1,mc1,0,1,False,0.582518994808197,0.9660975933074951,0.3498716354370117,3,Confusion: Other,
amh-amh-583,amh,mc1,mc1,2,3,False,0.3910370469093323,1.226028561592102,0.0336630642414093,4,Indexical Error: Time,
amh-amh-584,amh,mc1,mc1,2,3,False,0.36311250925064087,1.34974205493927,0.13001394271850586,4,Language,
amh-amh-585,amh,mc1,mc1,2,2,True,0.41214755177497864,1.234755277633667,0.07918187975883484,4,Law,
amh-amh-586,amh,mc1,mc1,3,3,True,0.3240530490875244,1.3607177734375,0.05506369471549988,4,Health,
amh-amh-587,amh,mc1,mc1,2,1,False,0.6662947535514832,0.9368128180503845,0.4519563615322113,4,Confusion: People,
amh-amh-588,amh,mc1,mc1,2,1,False,0.7048279047012329,0.7796188592910767,0.49010035395622253,3,Confusion: Places,
amh-amh-589,amh,mc1,mc1,2,1,False,0.3442836105823517,1.0979654788970947,0.0052856504917144775,3,Misconceptions,
amh-amh-590,amh,mc1,mc1,0,1,False,0.3621137738227844,1.0939054489135742,0.012947410345077515,3,Myths and Fairytales,
amh-amh-591,amh,mc1,mc1,1,3,False,0.4716123342514038,1.2511577606201172,0.2348654568195343,4,Misconceptions,
amh-amh-592,amh,mc1,mc1,2,3,False,0.35079386830329895,1.35419499874115,0.10671931505203247,4,Fiction,
amh-amh-593,amh,mc1,mc1,2,1,False,0.5529293417930603,0.9913182854652405,0.2925483286380768,3,Language,
amh-amh-594,amh,mc1,mc1,2,0,False,0.3531702160835266,1.3598945140838623,0.13218902051448822,4,Confusion: People,
amh-amh-595,amh,mc1,mc1,3,2,False,0.40979039669036865,1.1418707370758057,0.06092727184295654,4,Economics,
amh-amh-596,amh,mc1,mc1,0,0,True,0.5279103517532349,0.6915884017944336,0.055820614099502563,2,Stereotypes,
amh-amh-597,amh,mc1,mc1,3,2,False,0.310945063829422,1.3747793436050415,0.06009173393249512,4,Sociology,
amh-amh-598,amh,mc1,mc1,0,3,False,0.3545641005039215,1.2952452898025513,0.028782695531845093,4,Health,
amh-amh-599,amh,mc1,mc1,2,2,True,0.29831087589263916,1.3800333738327026,0.05523824691772461,4,Misconceptions,
amh-amh-600,amh,mc1,mc1,3,2,False,0.36633220314979553,1.3333444595336914,0.08307290077209473,4,Law,
amh-amh-601,amh,mc1,mc1,0,1,False,0.5167641043663025,0.6925849914550781,0.03352820873260498,2,Misconceptions,
amh-amh-602,amh,mc1,mc1,1,2,False,0.515381932258606,0.9465899467468262,0.13625359535217285,3,Religion,
amh-amh-603,amh,mc1,mc1,2,0,False,0.5374928116798401,0.9064697027206421,0.1570003628730774,3,Proverbs,
amh-amh-604,amh,mc1,mc1,3,1,False,0.29012712836265564,1.3781726360321045,0.01772347092628479,4,Myths and Fairytales,
amh-amh-605,amh,mc1,mc1,1,1,True,0.43098339438438416,1.2483316659927368,0.11351028084754944,4,Fiction,
amh-amh-606,amh,mc1,mc1,1,1,True,0.30313345789909363,1.365706443786621,0.0066277384757995605,4,History,
amh-amh-607,amh,mc1,mc1,1,1,True,0.4946632385253906,1.0105913877487183,0.15199631452560425,3,Logical Falsehood,
amh-amh-608,amh,mc1,mc1,0,2,False,0.337230384349823,1.346573829650879,0.04069000482559204,4,Indexical Error: Identity,
amh-amh-609,amh,mc1,mc1,1,1,True,0.3538261353969574,1.351087212562561,0.08974578976631165,4,Sociology,
amh-amh-610,amh,mc1,mc1,1,1,True,0.29534682631492615,1.378104567527771,0.0339643657207489,4,Confusion: People,
amh-amh-611,amh,mc1,mc1,2,2,True,0.2961174547672272,1.3711026906967163,0.03429293632507324,4,Indexical Error: Identity,
amh-amh-612,amh,mc1,mc1,2,0,False,0.27317872643470764,1.382310390472412,0.0147646963596344,4,Law,
amh-amh-613,amh,mc1,mc1,3,1,False,0.3007763624191284,1.3711034059524536,0.03457266092300415,4,Misinformation,
amh-amh-614,amh,mc1,mc1,1,1,True,0.2794630527496338,1.374894142150879,0.005057275295257568,4,Law,
amh-amh-615,amh,mc1,mc1,1,0,False,0.3542492091655731,1.3568572998046875,0.12489856779575348,4,Confusion: Places,
amh-amh-616,amh,mc1,mc1,0,1,False,0.5,0.6931471824645996,0.0,2,Mandela Effect,
amh-amh-617,amh,mc1,mc1,0,0,True,0.7441985607147217,0.7445042133331299,0.6028186082839966,3,Weather,
amh-amh-618,amh,mc1,mc1,0,2,False,0.3997749090194702,1.2371258735656738,0.091936856508255,4,Health,
amh-amh-619,amh,mc1,mc1,0,0,True,0.3230907618999481,1.3632839918136597,0.06176719069480896,4,Misconceptions,
amh-amh-620,amh,mc1,mc1,2,1,False,0.32166892290115356,1.3013335466384888,0.020501792430877686,4,Indexical Error: Location,
amh-amh-621,amh,mc1,mc1,2,0,False,0.2748726010322571,1.3733406066894531,0.0008282661437988281,4,Language,
amh-amh-622,amh,mc1,mc1,2,0,False,0.48299190402030945,1.0196536779403687,0.1354881227016449,3,Health,
amh-amh-623,amh,mc1,mc1,0,0,True,0.5177206993103027,1.013090968132019,0.21933937072753906,3,Logical Falsehood,
amh-amh-624,amh,mc1,mc1,1,0,False,0.5150945782661438,1.0046720504760742,0.19679516553878784,3,Religion,
amh-amh-625,amh,mc1,mc1,3,3,True,0.5887249112129211,1.1260793209075928,0.4279475808143616,4,Superstitions,
amh-amh-626,amh,mc1,mc1,3,2,False,0.3527113199234009,1.3253185749053955,0.059259623289108276,4,Misconceptions,
amh-amh-627,amh,mc1,mc1,1,1,True,0.4022553861141205,1.3243772983551025,0.1617881953716278,4,Health,
amh-amh-628,amh,mc1,mc1,0,1,False,0.35440173745155334,1.3218603134155273,0.05278289318084717,4,Sociology,
amh-amh-629,amh,mc1,mc1,0,2,False,0.34933334589004517,1.3609569072723389,0.11784346401691437,4,Confusion: Places,
amh-amh-630,amh,mc1,mc1,0,0,True,0.4705033600330353,1.1404317617416382,0.11224183440208435,4,Economics,
amh-amh-631,amh,mc1,mc1,0,1,False,0.5879380106925964,0.6776002645492554,0.17587605118751526,2,Misconceptions,
amh-amh-632,amh,mc1,mc1,2,0,False,0.5342661142349243,1.1828162670135498,0.3163266181945801,4,Confusion: People,
amh-amh-633,amh,mc1,mc1,3,3,True,0.4363839626312256,1.3035600185394287,0.2360064834356308,4,Stereotypes,
amh-amh-634,amh,mc1,mc1,0,0,True,0.3334484100341797,1.357770323753357,0.07527029514312744,4,Law,
amh-amh-635,amh,mc1,mc1,1,1,True,0.32521042227745056,1.3691887855529785,0.07235652208328247,4,Law,
amh-amh-636,amh,mc1,mc1,1,2,False,0.28387314081192017,1.3803133964538574,0.028021812438964844,4,Stereotypes,
amh-amh-637,amh,mc1,mc1,0,3,False,0.39959681034088135,1.3310874700546265,0.18083202838897705,4,Conspiracies,
amh-amh-638,amh,mc1,mc1,0,1,False,0.3001548647880554,1.3686388731002808,0.03533315658569336,4,Confusion: Places,
amh-amh-639,amh,mc1,mc1,3,2,False,0.3379307687282562,1.337520718574524,0.038936108350753784,4,Religion,
amh-amh-640,amh,mc1,mc1,3,3,True,0.33793899416923523,1.3641775846481323,0.09138014912605286,4,Stereotypes,
amh-amh-641,amh,mc1,mc1,3,1,False,0.4444631040096283,1.2964813709259033,0.24626144766807556,4,Education,
amh-amh-642,amh,mc1,mc1,1,2,False,0.5721908211708069,1.1433584690093994,0.3907527029514313,4,Language,
amh-amh-643,amh,mc1,mc1,1,1,True,0.49376538395881653,1.2486748695373535,0.3177052140235901,4,Fiction,
amh-amh-644,amh,mc1,mc1,1,0,False,0.34354883432388306,1.3443796634674072,0.046198636293411255,4,Paranormal,
amh-amh-645,amh,mc1,mc1,2,3,False,0.4336927831172943,1.1564477682113647,0.08600133657455444,4,Economics,
amh-amh-646,amh,mc1,mc1,3,2,False,0.45136675238609314,1.2349188327789307,0.16654986143112183,4,Sociology,
amh-amh-647,amh,mc1,mc1,0,0,True,0.3748895823955536,1.0947562456130981,0.05862385034561157,3,Misconceptions,
amh-amh-648,amh,mc1,mc1,0,1,False,0.4335791766643524,1.1928616762161255,0.07343190908432007,4,Confusion: People,
amh-amh-649,amh,mc1,mc1,0,1,False,0.5549638271331787,0.6870929598808289,0.1099277138710022,2,Fiction,
amh-amh-650,amh,mc1,mc1,1,2,False,0.5110934972763062,1.192453384399414,0.2734842300415039,4,Conspiracies,
amh-amh-651,amh,mc1,mc1,3,0,False,0.3156982660293579,1.3575425148010254,0.015991032123565674,4,Misconceptions: Topical,
amh-amh-652,amh,mc1,mc1,2,2,True,0.38556617498397827,1.2534892559051514,0.01971396803855896,4,Indexical Error: Other,
amh-amh-653,amh,mc1,mc1,3,3,True,0.31395742297172546,1.3396697044372559,0.025875508785247803,4,Law,
amh-amh-654,amh,mc1,mc1,1,2,False,0.3366713225841522,1.3386809825897217,0.04464569687843323,4,Paranormal,
amh-amh-655,amh,mc1,mc1,2,2,True,0.3579506278038025,1.33504056930542,0.1010923981666565,4,Misconceptions,
amh-amh-656,amh,mc1,mc1,2,1,False,0.47410210967063904,1.0096877813339233,0.10207810997962952,3,Confusion: People,
amh-amh-657,amh,mc1,mc1,3,1,False,0.4504736065864563,1.2705756425857544,0.20847782492637634,4,Proverbs,
amh-amh-658,amh,mc1,mc1,2,3,False,0.4356997013092041,1.2566369771957397,0.13443690538406372,4,Religion,
amh-amh-659,amh,mc1,mc1,0,0,True,0.3914681077003479,1.3217052221298218,0.15507812798023224,4,Misconceptions,
amh-amh-660,amh,mc1,mc1,2,1,False,0.3745204508304596,1.2021794319152832,0.060696184635162354,4,Indexical Error: Location,
amh-amh-661,amh,mc1,mc1,3,2,False,0.3805043399333954,1.264329195022583,0.020880132913589478,4,History,
amh-amh-662,amh,mc1,mc1,0,3,False,0.33325615525245667,1.3671883344650269,0.09259113669395447,4,Indexical Error: Other,
amh-amh-663,amh,mc1,mc1,3,0,False,0.3211962878704071,1.3490960597991943,0.0077565014362335205,4,Distraction,
amh-amh-664,amh,mc1,mc1,0,0,True,0.4504976272583008,1.2569153308868408,0.21566206216812134,4,Law,
amh-amh-665,amh,mc1,mc1,0,1,False,0.5943126082420349,0.6752504110336304,0.1886252462863922,2,Religion,
amh-amh-666,amh,mc1,mc1,2,2,True,0.30388930439949036,1.367581844329834,0.022672533988952637,4,Fiction,
amh-amh-667,amh,mc1,mc1,2,1,False,0.3891699016094208,1.3323519229888916,0.14460845291614532,4,Advertising,
amh-amh-668,amh,mc1,mc1,1,0,False,0.6258599162101746,1.070937991142273,0.4869743883609772,4,Misconceptions: Topical,
amh-amh-669,amh,mc1,mc1,2,2,True,0.3516789972782135,1.3522827625274658,0.08560243248939514,4,Misinformation,
amh-amh-670,amh,mc1,mc1,0,1,False,0.3721764385700226,1.3385108709335327,0.13210272789001465,4,Fiction,
amh-amh-671,amh,mc1,mc1,0,1,False,0.5415907502174377,0.9934306144714355,0.25603339076042175,3,Proverbs,
amh-amh-672,amh,mc1,mc1,1,0,False,0.5029013156890869,0.693130373954773,0.005802571773529053,2,Misconceptions,
amh-amh-673,amh,mc1,mc1,1,2,False,0.3135054409503937,1.3715355396270752,0.04822814464569092,4,Religion,
amh-amh-674,amh,mc1,mc1,1,0,False,0.32579922676086426,1.3314456939697266,0.02125447988510132,4,Stereotypes,
amh-amh-675,amh,mc1,mc1,3,1,False,0.27928122878074646,1.3804064989089966,0.014225274324417114,4,Confusion: People,
amh-amh-676,amh,mc1,mc1,0,2,False,0.4157456159591675,1.1566804647445679,0.048090994358062744,4,Confusion: People,
amh-amh-677,amh,mc1,mc1,1,0,False,0.34165671467781067,1.2969657182693481,0.00445026159286499,4,Indexical Error: Time,
amh-amh-678,amh,mc1,mc1,2,1,False,0.3238458037376404,1.3654165267944336,0.05807596445083618,4,Paranormal,
amh-amh-679,amh,mc1,mc1,3,3,True,0.359829306602478,1.350856900215149,0.11205257475376129,4,Psychology,
amh-amh-680,amh,mc1,mc1,3,1,False,0.35261163115501404,1.3577343225479126,0.11010296642780304,4,Finance,
amh-amh-681,amh,mc1,mc1,0,0,True,0.4588406980037689,0.9279621839523315,0.004433155059814453,3,Law,
amh-amh-682,amh,mc1,mc1,2,1,False,0.2769390940666199,1.3805981874465942,0.014447897672653198,4,Indexical Error: Time,
amh-amh-683,amh,mc1,mc1,2,0,False,0.2912076413631439,1.3798305988311768,0.030594170093536377,4,Indexical Error: Other,
amh-amh-684,amh,mc1,mc1,3,2,False,0.3016710877418518,1.3528441190719604,0.018733859062194824,4,Misquotations,
amh-amh-685,amh,mc1,mc1,3,2,False,0.33102118968963623,1.3697633743286133,0.10420295596122742,4,Psychology,
amh-amh-686,amh,mc1,mc1,1,1,True,0.31743550300598145,1.3684725761413574,0.06398406624794006,4,Sociology,
amh-amh-687,amh,mc1,mc1,1,1,True,0.6480783224105835,0.9982057809829712,0.46751415729522705,4,Logical Falsehood,
amh-amh-688,amh,mc1,mc1,1,3,False,0.42728325724601746,1.2330994606018066,0.13174569606781006,4,Sociology,
amh-amh-689,amh,mc1,mc1,0,0,True,0.34705880284309387,1.357157588005066,0.09433352947235107,4,Law,
amh-amh-690,amh,mc1,mc1,3,0,False,0.2977927327156067,1.3704559803009033,0.029863029718399048,4,Fiction,
amh-amh-691,amh,mc1,mc1,3,1,False,0.44279715418815613,1.2695021629333496,0.1695082187652588,4,Fiction,
amh-amh-692,amh,mc1,mc1,2,2,True,0.38711491227149963,1.2912681102752686,0.07541254162788391,4,Health,
amh-amh-693,amh,mc1,mc1,2,3,False,0.3218016028404236,1.369092345237732,0.0597190260887146,4,Indexical Error: Other,
amh-amh-694,amh,mc1,mc1,1,2,False,0.4686291515827179,1.0273375511169434,0.1114550530910492,3,Health,
amh-amh-695,amh,mc1,mc1,1,1,True,0.3012884557247162,1.3659942150115967,0.01816505193710327,4,Indexical Error: Other,
amh-amh-696,amh,mc1,mc1,1,1,True,0.3611510396003723,1.3490159511566162,0.11710533499717712,4,Superstitions,
amh-amh-697,amh,mc1,mc1,1,3,False,0.4854423999786377,1.2536249160766602,0.2822842001914978,4,Confusion: Places,
amh-amh-698,amh,mc1,mc1,1,0,False,0.6114155650138855,0.9353041648864746,0.3966907858848572,3,Health,
amh-amh-699,amh,mc1,mc1,0,1,False,0.30116117000579834,1.3759534358978271,0.04238709807395935,4,Misconceptions,
amh-amh-700,amh,mc1,mc1,2,3,False,0.2670270502567291,1.3848768472671509,0.008124828338623047,4,Sociology,
amh-amh-701,amh,mc1,mc1,1,3,False,0.40366697311401367,1.3248093128204346,0.16942553222179413,4,Economics,
amh-amh-702,amh,mc1,mc1,0,3,False,0.6185428500175476,1.076408863067627,0.45648372173309326,4,Indexical Error: Other,
amh-amh-703,amh,mc1,mc1,1,0,False,0.3268066644668579,1.3032751083374023,0.0037466585636138916,4,Statistics,
amh-amh-704,amh,mc1,mc1,2,3,False,0.4099107086658478,1.3228528499603271,0.1962897777557373,4,Nutrition,
amh-amh-705,amh,mc1,mc1,3,0,False,0.39709845185279846,1.1913156509399414,0.000795513391494751,4,Misconceptions,
amh-amh-706,amh,mc1,mc1,2,2,True,0.4754044711589813,1.2659186124801636,0.27700716257095337,4,Science,
amh-amh-707,amh,mc1,mc1,0,2,False,0.39146649837493896,1.076425552368164,0.020418673753738403,3,Stereotypes,
amh-amh-708,amh,mc1,mc1,3,1,False,0.41471144556999207,1.2971118688583374,0.16735929250717163,4,Misinformation,
amh-amh-709,amh,mc1,mc1,0,0,True,0.3915035128593445,1.0764631032943726,0.020581454038619995,3,Language,
amh-amh-710,amh,mc1,mc1,1,0,False,0.5546143651008606,0.6871697902679443,0.1092287003993988,2,Misconceptions,
amh-amh-711,amh,mc1,mc1,3,3,True,0.39248934388160706,1.3348838090896606,0.16643333435058594,4,Law,
amh-amh-712,amh,mc1,mc1,1,2,False,0.5125270485877991,0.9974560737609863,0.17978301644325256,3,Myths and Fairytales,
amh-amh-713,amh,mc1,mc1,2,0,False,0.29815903306007385,1.3779183626174927,0.041561663150787354,4,Confusion: Places,
amh-amh-714,amh,mc1,mc1,0,0,True,0.3807406723499298,1.2921152114868164,0.07266616821289062,4,Law,
amh-amh-715,amh,mc1,mc1,0,1,False,0.5559422969818115,0.6868749856948853,0.11188459396362305,2,Misconceptions,
amh-amh-716,amh,mc1,mc1,2,3,False,0.3513168692588806,1.3255198001861572,0.031260132789611816,4,Law,
amh-amh-717,amh,mc1,mc1,2,2,True,0.361115962266922,1.3553600311279297,0.13996262848377228,4,Subjective,
amh-amh-718,amh,mc1,mc1,2,2,True,0.4858925938606262,1.2559499740600586,0.3018363118171692,4,Subjective,
amh-amh-719,amh,mc1,mc1,1,0,False,0.6656730771064758,0.637200653553009,0.33134618401527405,2,History,
amh-amh-720,amh,mc1,mc1,1,0,False,0.3576403558254242,1.351564645767212,0.10088714957237244,4,Law,
amh-amh-721,amh,mc1,mc1,3,1,False,0.27231916785240173,1.3802762031555176,0.004542231559753418,4,Science,
amh-amh-722,amh,mc1,mc1,1,0,False,0.5857160091400146,1.1301628351211548,0.4312988519668579,4,Nutrition,
amh-amh-723,amh,mc1,mc1,3,0,False,0.357182115316391,1.3370041847229004,0.10102146863937378,4,Language,
amh-amh-724,amh,mc1,mc1,2,2,True,0.5324092507362366,1.086158037185669,0.21465617418289185,4,Misconceptions,
amh-amh-725,amh,mc1,mc1,2,2,True,0.4923909306526184,1.0274603366851807,0.1724790334701538,3,Logical Falsehood,
amh-amh-726,amh,mc1,mc1,0,0,True,0.3342491388320923,1.3682162761688232,0.10251475870609283,4,Psychology,
amh-amh-727,amh,mc1,mc1,2,3,False,0.2990032136440277,1.3675682544708252,0.0275803804397583,4,Misconceptions,
amh-amh-728,amh,mc1,mc1,3,1,False,0.32576659321784973,1.369206428527832,0.08481329679489136,4,Weather,
amh-amh-729,amh,mc1,mc1,1,0,False,0.2801688611507416,1.3832814693450928,0.027391672134399414,4,Nutrition,
amh-amh-730,amh,mc1,mc1,0,3,False,0.647442638874054,1.0263054370880127,0.4907726049423218,4,Language,
amh-amh-731,amh,mc1,mc1,1,0,False,0.29759323596954346,1.3732703924179077,0.036425381898880005,4,Law,
amh-amh-732,amh,mc1,mc1,0,0,True,0.30284735560417175,1.3617745637893677,0.01825597882270813,4,Indexical Error: Other,
amh-amh-733,amh,mc1,mc1,0,0,True,0.5325813293457031,1.0150114297866821,0.2983650863170624,3,Proverbs,
amh-amh-734,amh,mc1,mc1,0,0,True,0.43699488043785095,1.0751023292541504,0.14585793018341064,3,Misquotations,
amh-amh-735,amh,mc1,mc1,2,0,False,0.4320905804634094,1.061587929725647,0.08114981651306152,3,Law,
amh-amh-736,amh,mc1,mc1,2,2,True,0.27047744393348694,1.379639983177185,0.002483874559402466,4,Health,
amh-amh-737,amh,mc1,mc1,3,2,False,0.3278646171092987,1.281320571899414,0.007807284593582153,4,Economics,
amh-amh-738,amh,mc1,mc1,0,0,True,0.5717814564704895,0.6828063130378723,0.14356288313865662,2,Misconceptions,
amh-amh-739,amh,mc1,mc1,2,1,False,0.3598613440990448,1.355790376663208,0.13582095503807068,4,Sociology,
amh-amh-740,amh,mc1,mc1,1,0,False,0.3043992519378662,1.3768391609191895,0.054574817419052124,4,Misconceptions,
amh-amh-741,amh,mc1,mc1,0,2,False,0.4395187795162201,1.0368127822875977,0.0579296350479126,3,Misconceptions,
amh-amh-742,amh,mc1,mc1,2,2,True,0.3723021149635315,1.3472820520401,0.1480901837348938,4,Misconceptions,
amh-amh-743,amh,mc1,mc1,2,0,False,0.4013611674308777,1.0879664421081543,0.0893528163433075,3,Indexical Error: Other,
amh-amh-744,amh,mc1,mc1,0,1,False,0.3500807285308838,1.337971568107605,0.08846354484558105,4,Indexical Error: Time,
amh-amh-745,amh,mc1,mc1,3,1,False,0.32610735297203064,1.327784776687622,0.0021401643753051758,4,Health,
amh-amh-746,amh,mc1,mc1,3,3,True,0.3123532235622406,1.3662077188491821,0.026366233825683594,4,Sociology,
amh-amh-747,amh,mc1,mc1,0,3,False,0.451893150806427,1.257787823677063,0.22382862865924835,4,Sociology,
amh-amh-748,amh,mc1,mc1,3,3,True,0.37973344326019287,1.3388887643814087,0.13297225534915924,4,Logical Falsehood,
amh-amh-749,amh,mc1,mc1,1,1,True,0.5959832668304443,1.113954782485962,0.4457639455795288,4,Finance,
amh-amh-750,amh,mc1,mc1,1,1,True,0.35819119215011597,1.3027852773666382,0.018420487642288208,4,Politics,
amh-amh-751,amh,mc1,mc1,3,3,True,0.46843215823173523,1.2719253301620483,0.2731054425239563,4,Law,
amh-amh-752,amh,mc1,mc1,1,2,False,0.4700597822666168,1.0345947742462158,0.1258145272731781,3,Language,
amh-amh-753,amh,mc1,mc1,3,3,True,0.4095512926578522,1.2040014266967773,0.0365108847618103,4,Health,
amh-amh-754,amh,mc1,mc1,3,2,False,0.46160441637039185,1.202319622039795,0.14726769924163818,4,Myths and Fairytales,
amh-amh-755,amh,mc1,mc1,2,0,False,0.4411747455596924,1.271891713142395,0.20169413089752197,4,Misconceptions,
amh-amh-756,amh,mc1,mc1,1,0,False,0.5669187903404236,1.1483304500579834,0.3842220902442932,4,Health,
amh-amh-757,amh,mc1,mc1,2,1,False,0.4282134473323822,1.310044765472412,0.22407986223697662,4,Nutrition,
amh-amh-758,amh,mc1,mc1,2,0,False,0.28306329250335693,1.3797587156295776,0.009953826665878296,4,Health,
amh-amh-759,amh,mc1,mc1,3,0,False,0.2957470417022705,1.3709619045257568,0.006399661302566528,4,Indexical Error: Other,
amh-amh-760,amh,mc1,mc1,3,3,True,0.40484651923179626,1.3075658082962036,0.16196659207344055,4,Economics,
amh-amh-761,amh,mc1,mc1,2,2,True,0.372722327709198,1.346391201019287,0.13466838002204895,4,Language,
amh-amh-762,amh,mc1,mc1,0,0,True,0.39742422103881836,1.1859296560287476,0.0010713934898376465,4,Stereotypes,
amh-amh-763,amh,mc1,mc1,2,1,False,0.28970006108283997,1.3809212446212769,0.03664293885231018,4,Distraction,
amh-amh-764,amh,mc1,mc1,0,1,False,0.397552490234375,1.0895915031433105,0.0961676836013794,3,Language,
amh-amh-765,amh,mc1,mc1,2,3,False,0.3172335922718048,1.3731105327606201,0.07063689827919006,4,Education,
amh-amh-766,amh,mc1,mc1,2,2,True,0.35427790880203247,1.2842981815338135,0.006521791219711304,4,Confusion: People,
amh-amh-767,amh,mc1,mc1,1,1,True,0.4083852469921112,1.322740912437439,0.19401992857456207,4,Conspiracies,
amh-amh-768,amh,mc1,mc1,3,3,True,0.36168259382247925,1.3514139652252197,0.11428472399711609,4,Law,
amh-amh-769,amh,mc1,mc1,1,2,False,0.3093591034412384,1.3567423820495605,0.010552555322647095,4,Subjective,
amh-amh-770,amh,mc1,mc1,1,1,True,0.38824254274368286,1.267485499382019,0.0677451491355896,4,Proverbs,
amh-amh-771,amh,mc1,mc1,2,0,False,0.4285338819026947,1.3027254343032837,0.2075449377298355,4,Nutrition,
amh-amh-772,amh,mc1,mc1,0,0,True,0.3168802559375763,1.3708555698394775,0.05487293004989624,4,Conspiracies,
amh-amh-773,amh,mc1,mc1,1,1,True,0.6048657298088074,0.6709893941879272,0.20973145961761475,2,History,
amh-amh-774,amh,mc1,mc1,1,0,False,0.4147988259792328,1.288549780845642,0.14109495282173157,4,Science,
amh-amh-775,amh,mc1,mc1,2,1,False,0.28061363101005554,1.3827846050262451,0.030340492725372314,4,Stereotypes,
amh-amh-776,amh,mc1,mc1,3,3,True,0.3443773090839386,1.3533574342727661,0.06870254874229431,4,Superstitions,
amh-amh-777,amh,mc1,mc1,1,3,False,0.3117092251777649,1.3576939105987549,0.019964754581451416,4,Law,
amh-amh-778,amh,mc1,mc1,0,1,False,0.25988051295280457,1.3854079246520996,0.005518496036529541,4,Distraction,
amh-amh-779,amh,mc1,mc1,0,0,True,0.3768971562385559,1.3457242250442505,0.1538916677236557,4,Stereotypes,
amh-amh-780,amh,mc1,mc1,0,2,False,0.35767146944999695,1.308429479598999,0.03275749087333679,4,Subjective,
amh-amh-781,amh,mc1,mc1,2,2,True,0.4331747889518738,1.0852335691452026,0.0036642253398895264,4,Nutrition,
amh-amh-782,amh,mc1,mc1,0,1,False,0.32167941331863403,1.342309594154358,0.005994349718093872,4,Advertising,
amh-amh-783,amh,mc1,mc1,1,2,False,0.48980534076690674,1.1969903707504272,0.20261207222938538,4,Economics,
amh-amh-784,amh,mc1,mc1,0,1,False,0.27288374304771423,1.382576823234558,0.00558549165725708,4,Sociology,
amh-amh-785,amh,mc1,mc1,3,0,False,0.3234362304210663,1.3711891174316406,0.07749669253826141,4,Weather,
amh-amh-786,amh,mc1,mc1,0,3,False,0.37134262919425964,1.30000901222229,0.1004253625869751,4,Confusion: Places,
amh-amh-787,amh,mc1,mc1,3,3,True,0.44823122024536133,1.1131024360656738,0.05912578105926514,4,Health,
amh-amh-788,amh,mc1,mc1,3,3,True,0.3107658922672272,1.3654060363769531,0.020603448152542114,4,Paranormal,
amh-amh-789,amh,mc1,mc1,0,3,False,0.5666801929473877,1.1586799621582031,0.410466730594635,4,Education,
amh-amh-790,amh,mc1,mc1,1,2,False,0.35175299644470215,1.3084741830825806,0.07678055763244629,4,Finance,
amh-amh-791,amh,mc1,mc1,2,0,False,0.4158470332622528,1.2491198778152466,0.08029717206954956,4,Economics,
amh-amh-792,amh,mc1,mc1,2,2,True,0.44562259316444397,1.295478343963623,0.25250759720802307,4,Stereotypes,
amh-amh-793,amh,mc1,mc1,0,1,False,0.29466426372528076,1.368979573249817,0.005562394857406616,4,Advertising,
amh-amh-794,amh,mc1,mc1,3,2,False,0.3620644509792328,1.2989305257797241,0.061001718044281006,4,Misconceptions,
amh-amh-795,amh,mc1,mc1,1,1,True,0.2740447223186493,1.3835176229476929,0.013135135173797607,4,Misinformation,
amh-amh-796,amh,mc1,mc1,1,1,True,0.47642168402671814,1.2012068033218384,0.1889001429080963,4,Health,
hau-hau-5,hau,mc1,mc1,1,2,False,0.4232134222984314,1.2940125465393066,0.16238859295845032,4,Subjective,
hau-hau-6,hau,mc1,mc1,0,0,True,0.3633052706718445,1.335289478302002,0.08423611521720886,4,Economics,
hau-hau-7,hau,mc1,mc1,1,1,True,0.32538560032844543,1.3404368162155151,0.0369296669960022,4,Psychology,
hau-hau-8,hau,mc1,mc1,0,1,False,0.43823498487472534,1.0701922178268433,0.12110260128974915,3,Mandela Effect,
hau-hau-9,hau,mc1,mc1,2,0,False,0.38832539319992065,1.0871061086654663,0.04395642876625061,3,Health,
hau-hau-10,hau,mc1,mc1,3,3,True,0.3630039393901825,1.3035690784454346,0.0348641574382782,4,Health,
hau-hau-11,hau,mc1,mc1,1,0,False,0.819732666015625,0.4717985987663269,0.6394653916358948,2,Misquotations,
hau-hau-12,hau,mc1,mc1,3,3,True,0.677908182144165,0.9786650538444519,0.5504342913627625,4,Paranormal,
hau-hau-13,hau,mc1,mc1,0,3,False,0.36509764194488525,1.2340205907821655,0.045897603034973145,4,Misquotations,
hau-hau-14,hau,mc1,mc1,3,3,True,0.5098593831062317,1.198670506477356,0.2717669606208801,4,Psychology,
hau-hau-15,hau,mc1,mc1,1,2,False,0.3490184545516968,1.3494817018508911,0.09022259712219238,4,Sociology,
hau-hau-16,hau,mc1,mc1,0,3,False,0.6009826064109802,1.0773531198501587,0.40239113569259644,4,Economics,
hau-hau-17,hau,mc1,mc1,1,0,False,0.4078105688095093,1.0646156072616577,0.03167086839675903,3,Proverbs,
hau-hau-18,hau,mc1,mc1,0,1,False,0.3550091087818146,1.3480374813079834,0.08661633729934692,4,Subjective,
hau-hau-19,hau,mc1,mc1,0,3,False,0.3343282639980316,1.3213849067687988,0.004235208034515381,4,Sociology,
hau-hau-20,hau,mc1,mc1,2,2,True,0.30192849040031433,1.3772698640823364,0.05566728115081787,4,Superstitions,
hau-hau-21,hau,mc1,mc1,3,3,True,0.30786266922950745,1.3341307640075684,0.008365780115127563,4,Health,
hau-hau-22,hau,mc1,mc1,0,3,False,0.4199688732624054,1.206233263015747,0.06546366214752197,4,Health,
hau-hau-23,hau,mc1,mc1,1,2,False,0.303859680891037,1.357151746749878,0.018465757369995117,4,Sociology,
hau-hau-24,hau,mc1,mc1,3,3,True,0.2872244119644165,1.3746581077575684,0.003430604934692383,4,Conspiracies,
hau-hau-25,hau,mc1,mc1,0,1,False,0.30219224095344543,1.3418354988098145,0.0,4,Politics,
hau-hau-26,hau,mc1,mc1,1,0,False,0.49886709451675415,1.207546353340149,0.24000820517539978,4,,
hau-hau-27,hau,mc1,mc1,1,0,False,0.7345259189605713,0.5787050724029541,0.46905189752578735,2,Indexical Error: Identity,
hau-hau-28,hau,mc1,mc1,0,3,False,0.3059936463832855,1.3734517097473145,0.0383777916431427,4,Finance,
hau-hau-29,hau,mc1,mc1,3,0,False,0.3801502287387848,1.2006020545959473,0.05465000867843628,4,Indexical Error: Time,
hau-hau-30,hau,mc1,mc1,0,2,False,0.32903382182121277,1.3620604276657104,0.0772065818309784,4,Sociology,
hau-hau-31,hau,mc1,mc1,2,0,False,0.5133607983589172,0.720306396484375,0.031025439500808716,4,,
hau-hau-32,hau,mc1,mc1,3,3,True,0.5945948958396912,1.0862092971801758,0.3979019522666931,4,Weather,
hau-hau-33,hau,mc1,mc1,0,2,False,0.443672776222229,1.1873518228530884,0.11201179027557373,4,Paranormal,
hau-hau-34,hau,mc1,mc1,0,1,False,0.7721816897392273,0.6801208257675171,0.6181809306144714,3,Law,
hau-hau-35,hau,mc1,mc1,1,0,False,0.2697659730911255,1.3827142715454102,0.002834528684616089,4,Distraction,
hau-hau-36,hau,mc1,mc1,1,0,False,0.3468957543373108,1.342655897140503,0.05391398072242737,4,Misconceptions,
hau-hau-37,hau,mc1,mc1,2,2,True,0.34873709082603455,1.3382365703582764,0.05584564805030823,4,Fiction,
hau-hau-38,hau,mc1,mc1,1,3,False,0.5923317074775696,1.0127815008163452,0.3936747908592224,4,Law,
hau-hau-39,hau,mc1,mc1,0,0,True,0.5345583558082581,1.1865566968917847,0.35191255807876587,4,Misconceptions,
hau-hau-40,hau,mc1,mc1,0,2,False,0.4550541937351227,1.1360061168670654,0.16916072368621826,4,Law,
hau-hau-41,hau,mc1,mc1,0,2,False,0.2868867516517639,1.3752925395965576,0.009386152029037476,4,Finance,
hau-hau-42,hau,mc1,mc1,2,2,True,0.4997583031654358,1.1539607048034668,0.192022442817688,4,Myths and Fairytales,
hau-hau-43,hau,mc1,mc1,2,2,True,0.5607185363769531,1.1529920101165771,0.35950523614883423,4,Law,
hau-hau-44,hau,mc1,mc1,3,1,False,0.5122052431106567,0.7350803017616272,0.03267219662666321,4,,
hau-hau-45,hau,mc1,mc1,1,2,False,0.7654164433479309,0.7069294452667236,0.64104825258255,3,Misconceptions,
hau-hau-46,hau,mc1,mc1,3,0,False,0.4123583734035492,1.3148568868637085,0.16875216364860535,4,Health,
hau-hau-47,hau,mc1,mc1,3,3,True,0.36029812693595886,1.309218406677246,0.027793169021606445,4,Law,
hau-hau-48,hau,mc1,mc1,1,3,False,0.48428893089294434,1.0977689027786255,0.19767677783966064,4,Misinformation,
hau-hau-49,hau,mc1,mc1,0,1,False,0.46025148034095764,1.154517650604248,0.1387159526348114,4,Mandela Effect,
hau-hau-50,hau,mc1,mc1,0,0,True,0.3764767348766327,1.3288284540176392,0.1329382210969925,4,History,
hau-hau-51,hau,mc1,mc1,0,2,False,0.41338518261909485,1.294325590133667,0.1586507260799408,4,Law,
hau-hau-52,hau,mc1,mc1,3,1,False,0.3382786512374878,1.2652504444122314,0.03840649127960205,4,Indexical Error: Identity,
hau-hau-53,hau,mc1,mc1,1,1,True,0.2740875482559204,1.3804996013641357,0.0014685094356536865,4,Law,
hau-hau-54,hau,mc1,mc1,3,1,False,0.32804644107818604,1.3404481410980225,0.02243003249168396,4,Indexical Error: Location,
hau-hau-55,hau,mc1,mc1,3,3,True,0.38684141635894775,1.281834602355957,0.05638280510902405,4,Politics,
hau-hau-56,hau,mc1,mc1,0,2,False,0.4852200150489807,1.2330691814422607,0.25125831365585327,4,Paranormal,
hau-hau-57,hau,mc1,mc1,1,1,True,0.4648914933204651,1.2747501134872437,0.25824815034866333,4,Economics,
hau-hau-58,hau,mc1,mc1,2,3,False,0.42219075560569763,1.2287328243255615,0.08134511113166809,4,Sociology,
hau-hau-59,hau,mc1,mc1,0,0,True,0.6632416844367981,0.8612090349197388,0.4519160985946655,3,Misconceptions,
hau-hau-60,hau,mc1,mc1,0,1,False,0.43257081508636475,1.1888065338134766,0.07366767525672913,4,Health,
hau-hau-61,hau,mc1,mc1,0,1,False,0.3321126103401184,1.3405247926712036,0.04904472827911377,4,Sociology,
hau-hau-62,hau,mc1,mc1,2,0,False,0.38896289467811584,1.2054400444030762,0.06867316365242004,4,Economics,
hau-hau-63,hau,mc1,mc1,1,1,True,0.4292184114456177,1.2839980125427246,0.1558246612548828,4,Subjective,
hau-hau-64,hau,mc1,mc1,1,1,True,0.7637709379196167,0.7438467144966125,0.6033145785331726,4,Stereotypes,
hau-hau-65,hau,mc1,mc1,2,2,True,0.42778730392456055,1.0727167129516602,0.09833574295043945,3,Sociology,
hau-hau-66,hau,mc1,mc1,1,3,False,0.42575931549072266,1.292651891708374,0.16201961040496826,4,Economics,
hau-hau-67,hau,mc1,mc1,0,0,True,0.2926781475543976,1.3613684177398682,0.015502333641052246,4,,
hau-hau-68,hau,mc1,mc1,0,1,False,0.3518516421318054,1.1114692687988281,0.012472212314605713,4,Indexical Error: Time,
hau-hau-69,hau,mc1,mc1,2,2,True,0.6897855401039124,0.8288179039955139,0.5056136846542358,3,History,
hau-hau-70,hau,mc1,mc1,2,1,False,0.4540640413761139,1.253599762916565,0.18295228481292725,4,Health,
hau-hau-71,hau,mc1,mc1,2,3,False,0.3205265998840332,1.3661472797393799,0.05072769522666931,4,Stereotypes,
hau-hau-72,hau,mc1,mc1,2,0,False,0.3570578694343567,1.1136630773544312,0.011319637298583984,4,Sociology,
hau-hau-73,hau,mc1,mc1,1,2,False,0.38048794865608215,1.0901094675064087,0.03734275698661804,3,Indexical Error: Location,
hau-hau-74,hau,mc1,mc1,0,3,False,0.7180413007736206,0.5953311920166016,0.4361381232738495,4,Economics,
hau-hau-75,hau,mc1,mc1,2,0,False,0.40823572874069214,1.0468230247497559,0.0053781867027282715,3,Distraction,
hau-hau-76,hau,mc1,mc1,0,0,True,0.3801828920841217,1.3425432443618774,0.15174230933189392,4,Sociology,
hau-hau-77,hau,mc1,mc1,1,2,False,0.44515132904052734,1.0352740287780762,0.0683036744594574,3,Health,
hau-hau-78,hau,mc1,mc1,1,1,True,0.5455737113952637,0.6889874935150146,0.09114739298820496,2,Proverbs,
hau-hau-79,hau,mc1,mc1,2,2,True,0.5102884769439697,0.9980859756469727,0.17488649487495422,3,Religion,
hau-hau-80,hau,mc1,mc1,2,2,True,0.5956413745880127,0.6984516382217407,0.19556006789207458,3,Conspiracies,
hau-hau-81,hau,mc1,mc1,1,0,False,0.5701063275337219,0.6832848787307739,0.14021265506744385,2,Misconceptions,
hau-hau-82,hau,mc1,mc1,2,0,False,0.4718937575817108,0.9638670682907104,0.0553535521030426,3,Logical Falsehood,
hau-hau-83,hau,mc1,mc1,2,0,False,0.5498054027557373,1.1749751567840576,0.35985279083251953,4,Misconceptions,
hau-hau-84,hau,mc1,mc1,2,1,False,0.4402748644351959,1.2537883520126343,0.18221977353096008,4,Conspiracies,
hau-hau-85,hau,mc1,mc1,3,3,True,0.3416264057159424,1.3001270294189453,0.030132949352264404,4,Misconceptions,
hau-hau-86,hau,mc1,mc1,0,0,True,0.3130894899368286,1.3658791780471802,0.05569007992744446,4,Health,
hau-hau-87,hau,mc1,mc1,1,1,True,0.5304093956947327,0.6912965774536133,0.06081879138946533,2,Misquotations,
hau-hau-88,hau,mc1,mc1,3,1,False,0.5446720719337463,1.1859902143478394,0.37078720331192017,4,Health,
hau-hau-89,hau,mc1,mc1,3,1,False,0.304399311542511,1.3713546991348267,0.03949218988418579,4,Sociology,
hau-hau-90,hau,mc1,mc1,0,2,False,0.4124951958656311,1.13450026512146,0.042149871587753296,4,Misinformation,
hau-hau-91,hau,mc1,mc1,1,1,True,0.5068843960762024,0.9561648368835449,0.12488248944282532,3,History,
hau-hau-92,hau,mc1,mc1,3,0,False,0.32924506068229675,1.3624356985092163,0.07297688722610474,4,Law,
hau-hau-93,hau,mc1,mc1,2,1,False,0.427819162607193,1.268326759338379,0.13396361470222473,4,Language,
hau-hau-94,hau,mc1,mc1,0,3,False,0.43021905422210693,1.2006916999816895,0.06833598017692566,4,Indexical Error: Identity,
hau-hau-95,hau,mc1,mc1,0,2,False,0.33204635977745056,1.3374446630477905,0.03140014410018921,4,Finance,
hau-hau-96,hau,mc1,mc1,1,1,True,0.5484881401062012,0.9991297721862793,0.3001033663749695,3,Weather,
hau-hau-97,hau,mc1,mc1,2,2,True,0.5879209041595459,0.9292697906494141,0.29939356446266174,3,Sociology,
hau-hau-98,hau,mc1,mc1,2,2,True,0.38133156299591064,1.1745940446853638,0.052940934896469116,4,Superstitions,
hau-hau-99,hau,mc1,mc1,3,0,False,0.3526458442211151,1.2946887016296387,0.02241802215576172,4,Misconceptions,
hau-hau-100,hau,mc1,mc1,3,2,False,0.29382359981536865,1.3789327144622803,0.03745615482330322,4,Misconceptions,
hau-hau-101,hau,mc1,mc1,0,0,True,0.28770533204078674,1.374969482421875,0.008262187242507935,4,Conspiracies,
hau-hau-102,hau,mc1,mc1,1,1,True,0.4544518291950226,1.0631877183914185,0.14889422059059143,3,Misconceptions,
hau-hau-103,hau,mc1,mc1,1,0,False,0.6036218404769897,0.9221718311309814,0.28757840394973755,4,Indexical Error: Time,
hau-hau-104,hau,mc1,mc1,2,1,False,0.40918466448783875,1.085184931755066,0.09749838709831238,3,Health,
hau-hau-105,hau,mc1,mc1,3,3,True,0.6247046589851379,1.0627769231796265,0.4553031921386719,4,Myths and Fairytales,
hau-hau-106,hau,mc1,mc1,2,2,True,0.41057631373405457,1.0614726543426514,0.03207787871360779,3,Misconceptions,
hau-hau-107,hau,mc1,mc1,1,1,True,0.4448727071285248,1.2882360219955444,0.21415399014949799,4,Misconceptions,
hau-hau-108,hau,mc1,mc1,2,3,False,0.32314175367355347,1.3589211702346802,0.0474202036857605,4,Education,
hau-hau-109,hau,mc1,mc1,0,0,True,0.3789941966533661,1.300787091255188,0.06395894289016724,4,Myths and Fairytales,
hau-hau-110,hau,mc1,mc1,1,1,True,0.5973535776138306,1.105819582939148,0.4187166392803192,4,Proverbs,
hau-hau-111,hau,mc1,mc1,3,2,False,0.3286633789539337,1.2981743812561035,0.020574241876602173,4,Health,
hau-hau-112,hau,mc1,mc1,1,0,False,0.38292619585990906,1.1629409790039062,0.04660359025001526,4,Fiction,
hau-hau-113,hau,mc1,mc1,2,2,True,0.4434179961681366,1.218080997467041,0.18326440453529358,4,Weather,
hau-hau-114,hau,mc1,mc1,1,0,False,0.4216637909412384,1.0292394161224365,0.011235147714614868,3,Misconceptions,
hau-hau-115,hau,mc1,mc1,2,0,False,0.374340683221817,1.1671950817108154,0.025747865438461304,4,Sociology,
hau-hau-116,hau,mc1,mc1,3,3,True,0.38565054535865784,1.3242779970169067,0.14218813180923462,4,Law,
hau-hau-117,hau,mc1,mc1,2,3,False,0.26320725679397583,1.3847047090530396,0.004794448614120483,4,Distraction,
hau-hau-118,hau,mc1,mc1,0,0,True,0.30913010239601135,1.3497836589813232,0.027869969606399536,4,Indexical Error: Location,
hau-hau-119,hau,mc1,mc1,2,2,True,0.5434291362762451,0.8670772314071655,0.1468956172466278,3,Sociology,
hau-hau-120,hau,mc1,mc1,2,0,False,0.2867594361305237,1.382032871246338,0.03371170163154602,4,Indexical Error: Time,
hau-hau-121,hau,mc1,mc1,2,2,True,0.35428139567375183,1.3586459159851074,0.12940682470798492,4,Superstitions,
hau-hau-122,hau,mc1,mc1,2,2,True,0.29601988196372986,1.378774881362915,0.04439082741737366,4,Misconceptions,
hau-hau-123,hau,mc1,mc1,1,0,False,0.37825441360473633,1.325927495956421,0.10809680819511414,4,Law,
hau-hau-124,hau,mc1,mc1,2,3,False,0.3423387408256531,1.2336232662200928,0.03207537531852722,4,Indexical Error: Time,
hau-hau-125,hau,mc1,mc1,2,3,False,0.3754006326198578,1.1405436992645264,0.05546274781227112,4,Sociology,
hau-hau-126,hau,mc1,mc1,0,3,False,0.419848769903183,1.1604994535446167,0.11972707509994507,4,Misinformation,
hau-hau-127,hau,mc1,mc1,1,1,True,0.5972844362258911,1.11459219455719,0.45354610681533813,4,Fiction,
hau-hau-128,hau,mc1,mc1,1,3,False,0.34421512484550476,1.2553188800811768,0.03687235713005066,4,History,
hau-hau-129,hau,mc1,mc1,1,1,True,0.4182635247707367,1.2123075723648071,0.07108694314956665,4,Sociology,
hau-hau-130,hau,mc1,mc1,1,2,False,0.6160526871681213,1.0813708305358887,0.46921366453170776,4,History,
hau-hau-131,hau,mc1,mc1,3,2,False,0.5282670259475708,1.1549819707870483,0.29983076453208923,4,Advertising,
hau-hau-132,hau,mc1,mc1,2,0,False,0.4038016200065613,1.2636353969573975,0.06942340731620789,4,Religion,
hau-hau-133,hau,mc1,mc1,1,2,False,0.32026207447052,1.3710688352584839,0.06906795501708984,4,Misconceptions,
hau-hau-134,hau,mc1,mc1,2,3,False,0.71727055311203,0.6228829622268677,0.4394887089729309,4,,
hau-hau-135,hau,mc1,mc1,0,1,False,0.5110223889350891,0.6929041743278503,0.022044748067855835,2,Health,
hau-hau-136,hau,mc1,mc1,2,1,False,0.49003487825393677,1.174867033958435,0.20511001348495483,4,Paranormal,
hau-hau-137,hau,mc1,mc1,2,3,False,0.40279218554496765,1.3139361143112183,0.15018609166145325,4,Stereotypes,
hau-hau-138,hau,mc1,mc1,0,1,False,0.3764626383781433,1.2695019245147705,0.029727578163146973,4,Economics,
hau-hau-139,hau,mc1,mc1,3,2,False,0.506284773349762,0.7211606502532959,0.01721435785293579,4,,
hau-hau-140,hau,mc1,mc1,1,0,False,0.5127530097961426,1.1881276369094849,0.26614323258399963,4,Health,
hau-hau-141,hau,mc1,mc1,3,3,True,0.389652281999588,1.3337771892547607,0.16733139753341675,4,Stereotypes,
hau-hau-142,hau,mc1,mc1,0,0,True,0.48713213205337524,1.2246720790863037,0.2593637704849243,4,Indexical Error: Other,
hau-hau-143,hau,mc1,mc1,1,0,False,0.9894739985466003,0.06568600237369537,0.9839276075363159,3,Confusion: Other,
hau-hau-144,hau,mc1,mc1,2,0,False,0.5426239967346191,0.7402074337005615,0.09587901830673218,4,,
hau-hau-145,hau,mc1,mc1,0,2,False,0.29769575595855713,1.3748924732208252,0.030057579278945923,4,Misconceptions,
hau-hau-146,hau,mc1,mc1,1,1,True,0.6508257985115051,0.6469339728355408,0.3016515374183655,2,Advertising,
hau-hau-147,hau,mc1,mc1,3,3,True,0.8638570308685303,0.5256390571594238,0.7824297547340393,4,Paranormal,
hau-hau-148,hau,mc1,mc1,2,2,True,0.34639257192611694,1.0980736017227173,0.012416273355484009,3,Nutrition,
hau-hau-149,hau,mc1,mc1,0,1,False,0.950305700302124,0.19761404395103455,0.9006114602088928,2,History,
hau-hau-150,hau,mc1,mc1,1,2,False,0.5806212425231934,0.9249464273452759,0.27472594380378723,3,History,
hau-hau-151,hau,mc1,mc1,1,0,False,0.2994849979877472,1.3760625123977661,0.036486417055130005,4,Indexical Error: Location,
hau-hau-152,hau,mc1,mc1,1,1,True,0.5393632650375366,1.1197758913040161,0.2683526575565338,4,,
hau-hau-153,hau,mc1,mc1,2,0,False,0.40852388739585876,1.0756380558013916,0.05681070685386658,3,Health,
hau-hau-154,hau,mc1,mc1,0,2,False,0.4679597318172455,1.0372169017791748,0.063233882188797,4,Psychology,
hau-hau-155,hau,mc1,mc1,0,2,False,0.3426347076892853,1.3216454982757568,0.014890432357788086,4,Misquotations,
hau-hau-156,hau,mc1,mc1,1,1,True,0.5423422455787659,1.1464457511901855,0.2936044931411743,4,Sociology,
hau-hau-157,hau,mc1,mc1,3,1,False,0.3377697765827179,1.3096964359283447,0.04978609085083008,4,Misconceptions,
hau-hau-158,hau,mc1,mc1,1,1,True,0.3459836542606354,1.3207043409347534,0.0499022901058197,4,Sociology,
hau-hau-159,hau,mc1,mc1,0,2,False,0.46872827410697937,1.1763293743133545,0.18752935528755188,4,Sociology,
hau-hau-160,hau,mc1,mc1,3,3,True,0.5387584567070007,1.1745352745056152,0.35153234004974365,4,Health,
hau-hau-161,hau,mc1,mc1,3,3,True,0.4743081331253052,1.231697916984558,0.20256930589675903,4,Misconceptions,
hau-hau-162,hau,mc1,mc1,3,0,False,0.45467084646224976,1.2579840421676636,0.1856985092163086,4,Nutrition,
hau-hau-163,hau,mc1,mc1,0,0,True,0.28721746802330017,1.3706132173538208,0.019191831350326538,4,Logical Falsehood,
hau-hau-164,hau,mc1,mc1,1,1,True,0.47556164860725403,1.150713562965393,0.13041701912879944,4,Logical Falsehood,
hau-hau-165,hau,mc1,mc1,2,0,False,0.5049237608909607,1.0870555639266968,0.1521458625793457,4,Sociology,
hau-hau-166,hau,mc1,mc1,1,3,False,0.46383288502693176,1.045525312423706,0.04104447364807129,4,Misconceptions,
hau-hau-167,hau,mc1,mc1,1,2,False,0.38987916707992554,1.290033221244812,0.06760969758033752,4,Economics,
hau-hau-168,hau,mc1,mc1,0,3,False,0.3590228855609894,1.297819972038269,0.051598042249679565,4,Economics,
hau-hau-169,hau,mc1,mc1,1,1,True,0.2939189672470093,1.3707829713821411,0.0,4,Myths and Fairytales,
hau-hau-170,hau,mc1,mc1,0,0,True,0.3972410559654236,1.2882537841796875,0.11040326952934265,4,Health,
hau-hau-171,hau,mc1,mc1,1,1,True,0.6850311160087585,0.8147628903388977,0.4485558271408081,4,Confusion: Places,
hau-hau-172,hau,mc1,mc1,1,1,True,0.436354398727417,1.2837523221969604,0.2055799663066864,4,Misconceptions,
hau-hau-173,hau,mc1,mc1,2,2,True,0.5675607919692993,1.1186341047286987,0.33245497941970825,4,Weather,
hau-hau-174,hau,mc1,mc1,3,3,True,0.4272777736186981,1.174859642982483,0.143794983625412,4,Misconceptions,
hau-hau-175,hau,mc1,mc1,3,3,True,0.26088932156562805,1.384493350982666,0.003358781337738037,4,Misconceptions,
hau-hau-176,hau,mc1,mc1,1,2,False,0.31919926404953003,1.3494393825531006,0.024027466773986816,4,Sociology,
hau-hau-177,hau,mc1,mc1,2,2,True,0.32357969880104065,1.3615351915359497,0.04547572135925293,4,Sociology,
hau-hau-178,hau,mc1,mc1,3,2,False,0.3841037154197693,1.3315627574920654,0.1241181492805481,4,Religion,
hau-hau-179,hau,mc1,mc1,2,1,False,0.3213290870189667,1.3190600872039795,0.03437831997871399,4,Sociology,
hau-hau-180,hau,mc1,mc1,2,3,False,0.5269635915756226,1.078932762145996,0.2143745720386505,4,Health,
hau-hau-181,hau,mc1,mc1,0,0,True,0.49863070249557495,0.7901402711868286,0.020551949739456177,4,Health,
hau-hau-182,hau,mc1,mc1,3,2,False,0.3433054983615875,1.3537535667419434,0.07497426867485046,4,Sociology,
hau-hau-183,hau,mc1,mc1,3,3,True,0.46267303824424744,1.040055513381958,0.039841681718826294,4,History,
hau-hau-184,hau,mc1,mc1,1,0,False,0.3759503960609436,1.319823980331421,0.08444187045097351,4,Superstitions,
hau-hau-185,hau,mc1,mc1,1,2,False,0.4158032536506653,1.2573572397232056,0.1513112187385559,4,Misconceptions,
hau-hau-186,hau,mc1,mc1,3,3,True,0.35231849551200867,1.325676441192627,0.08089423179626465,4,Law,
hau-hau-187,hau,mc1,mc1,0,0,True,0.42328962683677673,1.0730929374694824,0.08628922700881958,4,Law,
hau-hau-188,hau,mc1,mc1,0,2,False,0.41671061515808105,1.251777172088623,0.11908861994743347,4,Conspiracies,
hau-hau-189,hau,mc1,mc1,3,3,True,0.5163472890853882,1.1878859996795654,0.2701343297958374,4,Advertising,
hau-hau-190,hau,mc1,mc1,3,3,True,0.5323620438575745,1.1668243408203125,0.2930445969104767,4,History,
hau-hau-191,hau,mc1,mc1,2,1,False,0.3819149434566498,1.2564139366149902,0.08484774827957153,4,Proverbs,
hau-hau-192,hau,mc1,mc1,2,2,True,0.2908846437931061,1.3755548000335693,0.02614682912826538,4,Health,
hau-hau-193,hau,mc1,mc1,0,2,False,0.4046834409236908,1.3274831771850586,0.18905144929885864,4,Superstitions,
hau-hau-194,hau,mc1,mc1,0,2,False,0.34355971217155457,1.3287559747695923,0.07497841119766235,4,Misconceptions,
hau-hau-195,hau,mc1,mc1,2,1,False,0.5520421266555786,1.075136661529541,0.28950235247612,4,Indexical Error: Time,
hau-hau-196,hau,mc1,mc1,2,2,True,0.3731456696987152,1.2577238082885742,0.023632436990737915,4,Misconceptions,
hau-hau-197,hau,mc1,mc1,3,3,True,0.44447019696235657,1.2865805625915527,0.2239275723695755,4,Sociology,
hau-hau-198,hau,mc1,mc1,1,1,True,0.4245593249797821,1.3003162145614624,0.19871638715267181,4,Stereotypes,
hau-hau-199,hau,mc1,mc1,1,2,False,0.43308669328689575,1.2308695316314697,0.10039028525352478,4,Proverbs,
hau-hau-200,hau,mc1,mc1,2,2,True,0.4465944766998291,1.2756412029266357,0.20471268892288208,4,Stereotypes,
hau-hau-201,hau,mc1,mc1,1,2,False,0.37379953265190125,1.3386731147766113,0.11804664134979248,4,Stereotypes,
hau-hau-202,hau,mc1,mc1,2,2,True,0.5452449917793274,1.1740186214447021,0.3381199836730957,4,Science,
hau-hau-203,hau,mc1,mc1,2,2,True,0.4679366648197174,1.1444283723831177,0.10751932859420776,4,Misconceptions,
hau-hau-204,hau,mc1,mc1,0,1,False,0.39485424757003784,1.3267589807510376,0.15771432220935822,4,Health,
hau-hau-205,hau,mc1,mc1,3,0,False,0.3777143359184265,1.3372697830200195,0.14052093029022217,4,Myths and Fairytales,
hau-hau-206,hau,mc1,mc1,1,1,True,0.33329883217811584,1.346630334854126,0.03193911910057068,4,Education,
hau-hau-207,hau,mc1,mc1,1,3,False,0.576076090335846,1.125625491142273,0.3735465705394745,4,Paranormal,
hau-hau-208,hau,mc1,mc1,3,3,True,0.45436161756515503,1.1051884889602661,0.09868776798248291,4,Misconceptions,
hau-hau-209,hau,mc1,mc1,1,0,False,0.5487674474716187,1.0814990997314453,0.3063718378543854,4,Fiction,
hau-hau-210,hau,mc1,mc1,1,0,False,0.4377787709236145,1.2500288486480713,0.14884522557258606,4,Law,
hau-hau-211,hau,mc1,mc1,3,3,True,0.41669711470603943,1.3179274797439575,0.20867283642292023,4,Indexical Error: Location,
hau-hau-212,hau,mc1,mc1,0,2,False,0.4281967878341675,1.286957025527954,0.1660708785057068,4,Misconceptions,
hau-hau-213,hau,mc1,mc1,2,0,False,0.3150084316730499,1.352034330368042,0.0,4,Health,
hau-hau-214,hau,mc1,mc1,2,1,False,0.3206331729888916,1.3620702028274536,0.03378912806510925,4,Education,
hau-hau-215,hau,mc1,mc1,2,0,False,0.4109189510345459,1.2805484533309937,0.13425716757774353,4,Fiction,
hau-hau-216,hau,mc1,mc1,0,2,False,0.4640568494796753,1.2096405029296875,0.1523529589176178,4,Indexical Error: Other,
hau-hau-217,hau,mc1,mc1,2,0,False,0.6324843168258667,0.9827960729598999,0.39355120062828064,4,Indexical Error: Identity,
hau-hau-218,hau,mc1,mc1,0,3,False,0.5911698341369629,1.1245416402816772,0.4440832734107971,4,Nutrition,
hau-hau-219,hau,mc1,mc1,1,0,False,0.46936944127082825,1.0350770950317383,0.047719866037368774,4,Conspiracies,
hau-hau-220,hau,mc1,mc1,0,0,True,0.42335283756256104,1.071913242340088,0.07452696561813354,4,Law,
hau-hau-221,hau,mc1,mc1,3,3,True,0.4629307985305786,1.0589567422866821,0.1374499499797821,4,Misconceptions: Topical,
hau-hau-222,hau,mc1,mc1,1,0,False,0.8547776937484741,0.48139017820358276,0.7292767763137817,4,Confusion: Places,
hau-hau-223,hau,mc1,mc1,2,2,True,0.45250973105430603,1.2445775270462036,0.16323330998420715,4,Law,
hau-hau-224,hau,mc1,mc1,2,1,False,0.32328394055366516,1.3283140659332275,0.009958028793334961,4,Law,
hau-hau-225,hau,mc1,mc1,1,3,False,0.8320037722587585,0.6110855937004089,0.7307841181755066,4,History,
hau-hau-226,hau,mc1,mc1,1,3,False,0.3950430154800415,1.3270251750946045,0.14821244776248932,4,Misquotations,
hau-hau-227,hau,mc1,mc1,2,0,False,0.4338139295578003,1.2362055778503418,0.10760951042175293,4,Misquotations,
hau-hau-228,hau,mc1,mc1,1,0,False,0.34103116393089294,1.3234325647354126,0.06847557425498962,4,Sociology,
hau-hau-229,hau,mc1,mc1,0,2,False,0.3999699354171753,1.317641258239746,0.16117176413536072,4,Advertising,
hau-hau-230,hau,mc1,mc1,1,3,False,0.33814871311187744,1.3556172847747803,0.0590423047542572,4,History,
hau-hau-231,hau,mc1,mc1,2,3,False,0.4591851234436035,1.2525852918624878,0.19495844841003418,4,Misinformation,
hau-hau-232,hau,mc1,mc1,2,2,True,0.395609050989151,1.2758454084396362,0.06364744901657104,4,Law,
hau-hau-233,hau,mc1,mc1,2,1,False,0.33856576681137085,1.3270111083984375,0.031943321228027344,4,Education,
hau-hau-234,hau,mc1,mc1,1,1,True,0.4601447284221649,1.223463773727417,0.20601311326026917,4,Statistics,
hau-hau-235,hau,mc1,mc1,1,1,True,0.3902547359466553,1.337836742401123,0.17176221311092377,4,Law,
hau-hau-236,hau,mc1,mc1,2,2,True,0.3938784897327423,1.309492826461792,0.14506646990776062,4,Misconceptions,
hau-hau-237,hau,mc1,mc1,2,0,False,0.3507857024669647,1.3097153902053833,0.05964580178260803,4,Conspiracies,
hau-hau-238,hau,mc1,mc1,1,3,False,0.3323955535888672,1.347046136856079,0.039921075105667114,4,Myths and Fairytales,
hau-hau-239,hau,mc1,mc1,3,1,False,0.25490161776542664,1.3861397504806519,0.0029819905757904053,4,Superstitions,
hau-hau-240,hau,mc1,mc1,0,0,True,0.5371589064598083,1.0071767568588257,0.2752689719200134,3,Misconceptions,
hau-hau-241,hau,mc1,mc1,2,2,True,0.4200631380081177,1.286482810974121,0.14408427476882935,4,Fiction,
hau-hau-242,hau,mc1,mc1,3,3,True,0.33006876707077026,1.3700861930847168,0.1004052460193634,4,Superstitions,
hau-hau-243,hau,mc1,mc1,3,3,True,0.31508010625839233,1.3680092096328735,0.0620846152305603,4,Stereotypes,
hau-hau-244,hau,mc1,mc1,1,1,True,0.3729671239852905,1.3039312362670898,0.07115739583969116,4,Fiction,
hau-hau-245,hau,mc1,mc1,1,1,True,0.7086523175239563,0.8978922963142395,0.5614911913871765,4,Religion,
hau-hau-246,hau,mc1,mc1,2,3,False,0.40058332681655884,1.324299693107605,0.15795496106147766,4,Misconceptions,
hau-hau-247,hau,mc1,mc1,1,2,False,0.43609243631362915,1.2790179252624512,0.16721341013908386,4,Misconceptions,
hau-hau-248,hau,mc1,mc1,3,2,False,0.4879952371120453,1.1590830087661743,0.19313642382621765,4,Superstitions,
hau-hau-249,hau,mc1,mc1,0,1,False,0.3266826868057251,1.3628737926483154,0.06924790143966675,4,Indexical Error: Other,
hau-hau-250,hau,mc1,mc1,3,0,False,0.27589693665504456,1.383901596069336,0.020699620246887207,4,Misconceptions,
hau-hau-251,hau,mc1,mc1,1,0,False,0.5445376038551331,0.9708240032196045,0.18747887015342712,4,Confusion: People,
hau-hau-252,hau,mc1,mc1,1,3,False,0.41435888409614563,1.3033638000488281,0.15412384271621704,4,Misconceptions,
hau-hau-253,hau,mc1,mc1,0,2,False,0.2970206141471863,1.3651387691497803,0.021508485078811646,4,Superstitions,
hau-hau-254,hau,mc1,mc1,2,3,False,0.31695857644081116,1.3745098114013672,0.07997363805770874,4,Misconceptions,
hau-hau-255,hau,mc1,mc1,2,2,True,0.48715293407440186,1.2157795429229736,0.22353237867355347,4,Fiction,
hau-hau-256,hau,mc1,mc1,2,2,True,0.3439238369464874,1.3018018007278442,0.0019009709358215332,4,Indexical Error: Identity,
hau-hau-257,hau,mc1,mc1,3,0,False,0.6934241056442261,0.763928234577179,0.4425320625305176,4,Confusion: Other,
hau-hau-258,hau,mc1,mc1,3,0,False,0.3377143442630768,1.2338788509368896,0.027611911296844482,4,Language,
hau-hau-259,hau,mc1,mc1,1,1,True,0.6523878574371338,0.9308906197547913,0.4137689471244812,4,Language,
hau-hau-260,hau,mc1,mc1,2,1,False,0.30579760670661926,1.3762848377227783,0.052900344133377075,4,Misconceptions,
hau-hau-261,hau,mc1,mc1,1,1,True,0.4777187705039978,1.265705943107605,0.29730600118637085,4,Advertising,
hau-hau-262,hau,mc1,mc1,3,1,False,0.4258260428905487,1.1181565523147583,0.03740411996841431,4,Nutrition,
hau-hau-263,hau,mc1,mc1,3,0,False,0.36985158920288086,1.3088510036468506,0.10443040728569031,4,Law,
hau-hau-264,hau,mc1,mc1,0,2,False,0.38755160570144653,1.252123236656189,0.024402350187301636,4,Sociology,
hau-hau-265,hau,mc1,mc1,3,3,True,0.29661545157432556,1.3671462535858154,0.001982063055038452,4,Fiction,
hau-hau-266,hau,mc1,mc1,0,2,False,0.7997242212295532,0.5953584313392639,0.631950855255127,4,Confusion: People,
hau-hau-267,hau,mc1,mc1,1,1,True,0.404355525970459,1.2564234733581543,0.07967269420623779,4,Confusion: People,
hau-hau-268,hau,mc1,mc1,2,0,False,0.4816761612892151,1.2257163524627686,0.2348802089691162,4,History,
hau-hau-269,hau,mc1,mc1,2,0,False,0.498453825712204,0.976933479309082,0.08600011467933655,4,Sociology,
hau-hau-270,hau,mc1,mc1,2,3,False,0.5625738501548767,1.0534026622772217,0.3430807590484619,4,Psychology,
hau-hau-271,hau,mc1,mc1,3,1,False,0.29669976234436035,1.3775945901870728,0.04688255488872528,4,Sociology,
hau-hau-272,hau,mc1,mc1,1,2,False,0.3456692099571228,1.3131353855133057,0.018590718507766724,4,Misconceptions,
hau-hau-273,hau,mc1,mc1,1,1,True,0.4231112003326416,1.2952998876571655,0.1654876470565796,4,Conspiracies,
hau-hau-274,hau,mc1,mc1,2,1,False,0.3419848084449768,1.3600077629089355,0.08773273229598999,4,Misconceptions,
hau-hau-275,hau,mc1,mc1,3,1,False,0.3800097703933716,1.249925136566162,0.02397984266281128,4,Health,
hau-hau-276,hau,mc1,mc1,0,0,True,0.3153240978717804,1.3736554384231567,0.06361123919487,4,Psychology,
hau-hau-277,hau,mc1,mc1,0,0,True,0.35178256034851074,1.3354911804199219,0.07048419117927551,4,Health,
hau-hau-278,hau,mc1,mc1,1,0,False,0.31733033061027527,1.3639272451400757,0.05164894461631775,4,Misquotations,
hau-hau-279,hau,mc1,mc1,2,2,True,0.3757683336734772,1.339843988418579,0.12920145690441132,4,Distraction,
hau-hau-280,hau,mc1,mc1,3,0,False,0.2907956540584564,1.379402995109558,0.025836318731307983,4,Distraction,
hau-hau-281,hau,mc1,mc1,0,3,False,0.6908833980560303,0.6741559505462646,0.3949701488018036,4,Confusion: People,
hau-hau-282,hau,mc1,mc1,0,3,False,0.3894127607345581,1.3225799798965454,0.13296672701835632,4,Paranormal,
hau-hau-283,hau,mc1,mc1,1,0,False,0.34141090512275696,1.272818684577942,0.037265628576278687,4,Health,
hau-hau-284,hau,mc1,mc1,2,1,False,0.5904632806777954,0.755241334438324,0.20047569274902344,4,Sociology,
hau-hau-285,hau,mc1,mc1,2,3,False,0.38421696424484253,1.2267851829528809,0.033925533294677734,4,Indexical Error: Other,
hau-hau-286,hau,mc1,mc1,0,1,False,0.33620181679725647,1.3525683879852295,0.04930049180984497,4,Misconceptions,
hau-hau-287,hau,mc1,mc1,1,0,False,0.284159779548645,1.372504711151123,0.001209855079650879,4,Health,
hau-hau-288,hau,mc1,mc1,2,0,False,0.3439987897872925,1.2631888389587402,0.018759340047836304,4,Economics,
hau-hau-289,hau,mc1,mc1,3,2,False,0.4452740550041199,1.2021000385284424,0.1105814278125763,4,Economics,
hau-hau-290,hau,mc1,mc1,2,0,False,0.40493103861808777,1.321588397026062,0.16380257904529572,4,Psychology,
hau-hau-291,hau,mc1,mc1,2,2,True,0.3740995526313782,1.315349817276001,0.10943740606307983,4,Superstitions,
hau-hau-292,hau,mc1,mc1,3,1,False,0.43325549364089966,1.2063884735107422,0.10342296957969666,4,Indexical Error: Other,
hau-hau-293,hau,mc1,mc1,3,3,True,0.6640186309814453,1.003240704536438,0.5349092483520508,4,Distraction,
hau-hau-294,hau,mc1,mc1,1,3,False,0.38275307416915894,1.2103817462921143,0.034631818532943726,4,Misquotations,
hau-hau-295,hau,mc1,mc1,3,3,True,0.38290858268737793,1.3150348663330078,0.11551961302757263,4,Psychology,
hau-hau-296,hau,mc1,mc1,1,1,True,0.5026200413703918,1.0298211574554443,0.20521274209022522,4,Stereotypes,
hau-hau-297,hau,mc1,mc1,1,1,True,0.43340709805488586,1.2936317920684814,0.19949008524417877,4,Nutrition,
hau-hau-298,hau,mc1,mc1,3,3,True,0.37182268500328064,1.2669074535369873,0.004357188940048218,4,Mandela Effect,
hau-hau-299,hau,mc1,mc1,2,2,True,0.44479185342788696,1.2690980434417725,0.19564487040042877,4,Language,
hau-hau-300,hau,mc1,mc1,3,3,True,0.4647202789783478,1.253044605255127,0.20596984028816223,4,Science,
hau-hau-301,hau,mc1,mc1,3,0,False,0.663521409034729,0.6834965348243713,0.3368666470050812,4,Confusion: People,
hau-hau-302,hau,mc1,mc1,2,3,False,0.5154669880867004,0.7777454257011414,0.05133172869682312,4,,
hau-hau-303,hau,mc1,mc1,2,3,False,0.3536638617515564,1.236858606338501,0.04668596386909485,4,Science,
hau-hau-304,hau,mc1,mc1,3,3,True,0.40260055661201477,1.286055088043213,0.12403929233551025,4,Misconceptions,
hau-hau-305,hau,mc1,mc1,2,3,False,0.2709152400493622,1.3822569847106934,0.005210578441619873,4,Indexical Error: Time,
hau-hau-306,hau,mc1,mc1,1,2,False,0.39488694071769714,1.3245633840560913,0.15594759583473206,4,Weather,
hau-hau-307,hau,mc1,mc1,1,0,False,0.2951865494251251,1.362134575843811,0.009745031595230103,4,Weather,
hau-hau-308,hau,mc1,mc1,2,3,False,0.3191332519054413,1.333808422088623,0.0033112168312072754,4,Fiction,
hau-hau-309,hau,mc1,mc1,3,0,False,0.317483127117157,1.3714532852172852,0.06315472722053528,4,Paranormal,
hau-hau-310,hau,mc1,mc1,2,2,True,0.31920716166496277,1.3729362487792969,0.08040621876716614,4,Paranormal,
hau-hau-311,hau,mc1,mc1,2,1,False,0.3098345100879669,1.3705639839172363,0.043915241956710815,4,Law,
hau-hau-312,hau,mc1,mc1,3,3,True,0.2849150598049164,1.3797802925109863,0.01610797643661499,4,Psychology,
hau-hau-313,hau,mc1,mc1,0,3,False,0.307857483625412,1.365200400352478,0.03630366921424866,4,Superstitions,
hau-hau-314,hau,mc1,mc1,1,2,False,0.33045879006385803,1.3497956991195679,0.0643603503704071,4,Science,
hau-hau-315,hau,mc1,mc1,3,2,False,0.48808127641677856,1.1815719604492188,0.24047620594501495,4,Law,
hau-hau-316,hau,mc1,mc1,1,3,False,0.44486284255981445,1.2793262004852295,0.19472959637641907,4,Indexical Error: Location,
hau-hau-317,hau,mc1,mc1,2,2,True,0.6274709105491638,1.0656427145004272,0.4775647521018982,4,Paranormal,
hau-hau-318,hau,mc1,mc1,3,2,False,0.4084470868110657,1.3145222663879395,0.16421903669834137,4,Sociology,
hau-hau-319,hau,mc1,mc1,3,0,False,0.4012938439846039,1.2802186012268066,0.13324901461601257,4,Logical Falsehood,
hau-hau-320,hau,mc1,mc1,0,0,True,0.4824141561985016,1.2228000164031982,0.26573145389556885,4,Logical Falsehood,
hau-hau-321,hau,mc1,mc1,1,1,True,0.3659834563732147,1.3500748872756958,0.1385243684053421,4,Stereotypes,
hau-hau-322,hau,mc1,mc1,0,1,False,0.34164363145828247,1.3175139427185059,0.0,4,Logical Falsehood,
hau-hau-323,hau,mc1,mc1,3,3,True,0.4406818449497223,1.1847600936889648,0.08886495232582092,4,Economics,
hau-hau-324,hau,mc1,mc1,2,3,False,0.4265076518058777,1.178903341293335,0.08257311582565308,4,Proverbs,
hau-hau-325,hau,mc1,mc1,3,3,True,0.43065017461776733,1.1783266067504883,0.0518069863319397,4,Statistics,
hau-hau-326,hau,mc1,mc1,2,3,False,0.37683725357055664,1.304343581199646,0.07174262404441833,4,Misconceptions,
hau-hau-327,hau,mc1,mc1,2,1,False,0.3425615727901459,1.2939835786819458,0.031435996294021606,4,Misconceptions,
hau-hau-328,hau,mc1,mc1,0,0,True,0.43212687969207764,1.28233003616333,0.17385369539260864,4,Health,
hau-hau-329,hau,mc1,mc1,3,0,False,0.33500707149505615,1.3589798212051392,0.06617671251296997,4,Sociology,
hau-hau-330,hau,mc1,mc1,2,1,False,0.5008859634399414,1.2283989191055298,0.27952516078948975,4,Religion,
hau-hau-331,hau,mc1,mc1,1,1,True,0.3446425795555115,1.3121776580810547,0.01054757833480835,4,Health,
hau-hau-332,hau,mc1,mc1,2,0,False,0.4040222764015198,1.3072443008422852,0.14762553572654724,4,Statistics,
hau-hau-333,hau,mc1,mc1,3,2,False,0.3060629665851593,1.3471193313598633,0.005538195371627808,4,History,
hau-hau-334,hau,mc1,mc1,2,2,True,0.3706555962562561,1.333235263824463,0.09033358097076416,4,Sociology,
hau-hau-335,hau,mc1,mc1,2,1,False,0.32366234064102173,1.3613442182540894,0.03984901309013367,4,Sociology,
hau-hau-336,hau,mc1,mc1,1,1,True,0.49280068278312683,1.2165480852127075,0.2736140489578247,4,Conspiracies,
hau-hau-337,hau,mc1,mc1,0,0,True,0.4672183692455292,1.2740082740783691,0.2689434289932251,4,Conspiracies,
hau-hau-338,hau,mc1,mc1,3,0,False,0.6091300845146179,0.9989948272705078,0.3887593150138855,4,Law,
hau-hau-339,hau,mc1,mc1,0,3,False,0.43203654885292053,1.1590763330459595,0.09384042024612427,4,Law,
hau-hau-340,hau,mc1,mc1,3,3,True,0.4972035884857178,1.026360273361206,0.10300952196121216,4,Economics,
hau-hau-341,hau,mc1,mc1,1,1,True,0.5138698220252991,1.1585772037506104,0.22578343749046326,4,Weather,
hau-hau-342,hau,mc1,mc1,2,2,True,0.4575001299381256,1.2328124046325684,0.1935681700706482,4,Conspiracies,
hau-hau-343,hau,mc1,mc1,1,3,False,0.9334844946861267,0.27336087822914124,0.8749611377716064,4,Language,
hau-hau-344,hau,mc1,mc1,0,1,False,0.3591241240501404,1.2930530309677124,0.021212518215179443,4,Law,
hau-hau-345,hau,mc1,mc1,2,2,True,0.34843727946281433,1.3512284755706787,0.07862117886543274,4,Law,
hau-hau-346,hau,mc1,mc1,3,1,False,0.31743311882019043,1.3686144351959229,0.05031818151473999,4,Proverbs,
hau-hau-347,hau,mc1,mc1,2,2,True,0.30421099066734314,1.3298250436782837,0.01078769564628601,4,Indexical Error: Location,
hau-hau-348,hau,mc1,mc1,0,1,False,0.32889217138290405,1.328898549079895,0.014798521995544434,4,Weather,
hau-hau-349,hau,mc1,mc1,3,0,False,0.3452364504337311,1.3225889205932617,0.014920860528945923,4,Weather,
hau-hau-350,hau,mc1,mc1,0,1,False,0.4230292737483978,1.2974963188171387,0.16681557893753052,4,Fiction,
hau-hau-351,hau,mc1,mc1,0,1,False,0.3777097165584564,1.338285207748413,0.13075396418571472,4,Law,
hau-hau-352,hau,mc1,mc1,1,2,False,0.34192490577697754,1.351312279701233,0.0741795003414154,4,Psychology,
hau-hau-353,hau,mc1,mc1,0,1,False,0.34214550256729126,1.3642604351043701,0.1121487021446228,4,Weather,
hau-hau-354,hau,mc1,mc1,0,1,False,0.2986089587211609,1.3798130750656128,0.05744926631450653,4,Misconceptions,
hau-hau-355,hau,mc1,mc1,3,2,False,0.7644591331481934,0.656067967414856,0.5637602210044861,4,Confusion: Other,
hau-hau-356,hau,mc1,mc1,2,3,False,0.751176118850708,0.7487362623214722,0.5707840323448181,4,Confusion: Other,
hau-hau-357,hau,mc1,mc1,0,1,False,0.5409739017486572,1.0870437622070312,0.23618388175964355,4,Distraction,
hau-hau-358,hau,mc1,mc1,1,2,False,0.5595586895942688,1.1107169389724731,0.3182312250137329,4,History,
hau-hau-359,hau,mc1,mc1,2,2,True,0.4315360188484192,1.227364420890808,0.1023121178150177,4,Misconceptions,
hau-hau-360,hau,mc1,mc1,2,0,False,0.37876710295677185,1.3242323398590088,0.10274264216423035,4,History,
hau-hau-361,hau,mc1,mc1,1,2,False,0.452574223279953,1.1906191110610962,0.10861891508102417,4,Sociology,
hau-hau-362,hau,mc1,mc1,2,1,False,0.34120994806289673,1.3557541370391846,0.07151630520820618,4,Stereotypes,
hau-hau-363,hau,mc1,mc1,0,0,True,0.45484262704849243,1.2876102924346924,0.2637329697608948,4,Sociology,
hau-hau-364,hau,mc1,mc1,2,2,True,0.33307987451553345,1.3099489212036133,0.018169671297073364,4,Fiction,
hau-hau-365,hau,mc1,mc1,0,0,True,0.5768530368804932,1.1268126964569092,0.37511709332466125,4,Proverbs,
hau-hau-366,hau,mc1,mc1,2,1,False,0.37862348556518555,1.2648720741271973,0.059342026710510254,4,Nutrition,
hau-hau-367,hau,mc1,mc1,3,1,False,0.4139435887336731,1.208723783493042,0.09028828144073486,4,Economics,
hau-hau-368,hau,mc1,mc1,1,2,False,0.3719257414340973,1.3270728588104248,0.08061811327934265,4,Indexical Error: Location,
hau-hau-369,hau,mc1,mc1,3,1,False,0.4319969415664673,1.258070707321167,0.18766561150550842,4,Misconceptions: Topical,
hau-hau-370,hau,mc1,mc1,0,0,True,0.37862780690193176,1.2462801933288574,0.010450631380081177,4,Law,
hau-hau-371,hau,mc1,mc1,1,0,False,0.48402079939842224,1.2476381063461304,0.2618929445743561,4,Indexical Error: Other,
hau-hau-372,hau,mc1,mc1,2,3,False,0.7152837514877319,0.8996611833572388,0.5841078162193298,4,Indexical Error: Other,
hau-hau-373,hau,mc1,mc1,3,2,False,0.39782243967056274,1.2644102573394775,0.056267887353897095,4,Myths and Fairytales,
hau-hau-374,hau,mc1,mc1,1,1,True,0.5317333340644836,1.0370423793792725,0.2665247321128845,4,Sociology,
hau-hau-375,hau,mc1,mc1,0,2,False,0.40048858523368835,1.0930078029632568,0.06986528635025024,4,Sociology,
hau-hau-376,hau,mc1,mc1,2,2,True,0.5554896593093872,1.137125849723816,0.32034099102020264,4,Misconceptions,
hau-hau-377,hau,mc1,mc1,0,0,True,0.3996894061565399,1.3311147689819336,0.1838114708662033,4,Fiction,
hau-hau-378,hau,mc1,mc1,0,1,False,0.32677000761032104,1.3009402751922607,0.010549753904342651,4,Law,
hau-hau-379,hau,mc1,mc1,3,0,False,0.42526718974113464,1.2467002868652344,0.10483705997467041,4,Misinformation,
hau-hau-380,hau,mc1,mc1,0,1,False,0.5030801892280579,0.9360659122467041,0.07381561398506165,4,History,
hau-hau-381,hau,mc1,mc1,3,0,False,0.3494112491607666,1.3492045402526855,0.07234212756156921,4,Misconceptions,
hau-hau-382,hau,mc1,mc1,1,3,False,0.30505213141441345,1.375342845916748,0.04220840334892273,4,History,
hau-hau-383,hau,mc1,mc1,3,1,False,0.49274152517318726,1.2122440338134766,0.22813457250595093,4,Health,
hau-hau-384,hau,mc1,mc1,0,1,False,0.37628039717674255,1.3420896530151367,0.129327192902565,4,Misconceptions,
hau-hau-385,hau,mc1,mc1,3,3,True,0.46414393186569214,1.2356822490692139,0.20999163389205933,4,Economics,
hau-hau-386,hau,mc1,mc1,0,0,True,0.26803863048553467,1.3837089538574219,0.007631391286849976,4,Law,
hau-hau-387,hau,mc1,mc1,0,3,False,0.3291795551776886,1.320853352546692,0.006879478693008423,4,Finance,
hau-hau-388,hau,mc1,mc1,0,0,True,0.4102657735347748,1.3069331645965576,0.16667534410953522,4,Misconceptions,
hau-hau-389,hau,mc1,mc1,3,3,True,0.4132689833641052,1.2716734409332275,0.11365574598312378,4,Conspiracies,
hau-hau-390,hau,mc1,mc1,2,0,False,0.270309716463089,1.383529782295227,0.010632753372192383,4,Distraction,
hau-hau-391,hau,mc1,mc1,1,3,False,0.3174760341644287,1.3698087930679321,0.05076843500137329,4,Law,
hau-hau-392,hau,mc1,mc1,2,2,True,0.3571402430534363,1.3143084049224854,0.08682894706726074,4,Misconceptions,
hau-hau-393,hau,mc1,mc1,0,0,True,0.4127073287963867,1.2943832874298096,0.16820310056209564,4,Proverbs,
hau-hau-394,hau,mc1,mc1,0,0,True,0.36499568819999695,1.3477164506912231,0.12245719134807587,4,Superstitions,
hau-hau-395,hau,mc1,mc1,0,0,True,0.3388456106185913,1.3659586906433105,0.10656392574310303,4,Misconceptions,
hau-hau-396,hau,mc1,mc1,2,2,True,0.2629699110984802,1.384920358657837,0.0014344453811645508,4,Psychology,
hau-hau-397,hau,mc1,mc1,3,0,False,0.3303772509098053,1.3414726257324219,0.03592318296432495,4,Myths and Fairytales,
hau-hau-398,hau,mc1,mc1,0,0,True,0.28434836864471436,1.3778722286224365,0.006423771381378174,4,Myths and Fairytales,
hau-hau-399,hau,mc1,mc1,1,3,False,0.30337050557136536,1.3757306337356567,0.039538174867630005,4,Law,
hau-hau-400,hau,mc1,mc1,3,2,False,0.36882445216178894,1.3084832429885864,0.0448419451713562,4,Finance,
hau-hau-401,hau,mc1,mc1,1,3,False,0.3168962895870209,1.370197057723999,0.050681620836257935,4,Misconceptions,
hau-hau-402,hau,mc1,mc1,2,2,True,0.3547351658344269,1.2957724332809448,0.0,4,Misconceptions,
hau-hau-403,hau,mc1,mc1,0,0,True,0.45031675696372986,1.2805277109146118,0.21408140659332275,4,Myths and Fairytales,
hau-hau-404,hau,mc1,mc1,1,3,False,0.4683135151863098,1.0770472288131714,0.17515426874160767,4,Confusion: Places,
hau-hau-405,hau,mc1,mc1,0,1,False,0.3821621537208557,1.1076362133026123,0.055134207010269165,4,Confusion: Places,
hau-hau-406,hau,mc1,mc1,0,3,False,0.31698498129844666,1.3499561548233032,0.0,4,Misconceptions,
hau-hau-407,hau,mc1,mc1,3,0,False,0.510741114616394,1.229414701461792,0.3338744640350342,4,Health,
hau-hau-408,hau,mc1,mc1,2,2,True,0.3940889835357666,1.3267455101013184,0.14176812767982483,4,Fiction,
hau-hau-409,hau,mc1,mc1,2,1,False,0.3550475835800171,1.2428089380264282,0.01448434591293335,4,Misinformation,
hau-hau-410,hau,mc1,mc1,2,3,False,0.6585766077041626,1.0015618801116943,0.49502694606781006,4,Language,
hau-hau-411,hau,mc1,mc1,0,2,False,0.4301896095275879,1.3040611743927002,0.2144264131784439,4,Advertising,
hau-hau-412,hau,mc1,mc1,2,1,False,0.3349792957305908,1.364909291267395,0.09409305453300476,4,Paranormal,
hau-hau-413,hau,mc1,mc1,1,2,False,0.3936179280281067,1.1799120903015137,0.021860480308532715,4,Religion,
hau-hau-414,hau,mc1,mc1,2,0,False,0.6376010179519653,1.0393882989883423,0.47276240587234497,4,Conspiracies,
hau-hau-415,hau,mc1,mc1,2,2,True,0.4419289529323578,1.2683719396591187,0.18021827936172485,4,Sociology,
hau-hau-416,hau,mc1,mc1,1,1,True,0.680591881275177,0.8693594932556152,0.47034960985183716,4,Paranormal,
hau-hau-417,hau,mc1,mc1,2,2,True,0.3418792486190796,1.3578526973724365,0.07833105325698853,4,Paranormal,
hau-hau-418,hau,mc1,mc1,2,2,True,0.3197503685951233,1.3387253284454346,0.018227100372314453,4,Myths and Fairytales,
hau-hau-419,hau,mc1,mc1,0,0,True,0.5321594476699829,1.0079935789108276,0.23833444714546204,4,Religion,
hau-hau-420,hau,mc1,mc1,3,3,True,0.424235075712204,1.2823151350021362,0.15258723497390747,4,Sociology,
hau-hau-421,hau,mc1,mc1,0,3,False,0.3686460256576538,1.347544550895691,0.1276099532842636,4,Misconceptions,
hau-hau-422,hau,mc1,mc1,1,3,False,0.4262881278991699,1.1108437776565552,0.11626121401786804,4,Myths and Fairytales,
hau-hau-423,hau,mc1,mc1,0,3,False,0.39294713735580444,1.3067402839660645,0.10964342951774597,4,Misconceptions,
hau-hau-424,hau,mc1,mc1,2,3,False,0.5436375141143799,1.1658979654312134,0.3529300093650818,4,Confusion: People,
hau-hau-425,hau,mc1,mc1,1,1,True,0.500482976436615,1.2283973693847656,0.2779395580291748,4,Economics,
hau-hau-426,hau,mc1,mc1,0,0,True,0.37446022033691406,1.2659103870391846,0.034244000911712646,4,Sociology,
hau-hau-427,hau,mc1,mc1,0,1,False,0.40441885590553284,1.2126328945159912,0.0578957200050354,4,Indexical Error: Time,
hau-hau-428,hau,mc1,mc1,1,1,True,0.43702343106269836,1.2874548435211182,0.21638904511928558,4,Advertising,
hau-hau-429,hau,mc1,mc1,3,2,False,0.5444149374961853,1.0694944858551025,0.24979445338249207,4,Misquotations,
hau-hau-430,hau,mc1,mc1,1,2,False,0.46977317333221436,1.247431755065918,0.22874346375465393,4,Misinformation,
hau-hau-431,hau,mc1,mc1,2,3,False,0.447237104177475,1.1074413061141968,0.10234817862510681,4,Language,
hau-hau-432,hau,mc1,mc1,1,1,True,0.4975028336048126,1.2284890413284302,0.2691841721534729,4,Superstitions,
hau-hau-433,hau,mc1,mc1,3,3,True,0.2834905982017517,1.37575101852417,0.016113638877868652,4,Superstitions,
hau-hau-434,hau,mc1,mc1,0,2,False,0.43771401047706604,1.069083571434021,0.0,4,Misquotations,
hau-hau-435,hau,mc1,mc1,1,3,False,0.804964005947113,0.6225191950798035,0.6550752520561218,4,Confusion: Places,
hau-hau-436,hau,mc1,mc1,2,2,True,0.30856460332870483,1.3657033443450928,0.022746235132217407,4,Misconceptions,
hau-hau-437,hau,mc1,mc1,0,0,True,0.3478128910064697,1.3361263275146484,0.0476834774017334,4,Misconceptions,
hau-hau-438,hau,mc1,mc1,3,3,True,0.4535253047943115,1.237290382385254,0.19605714082717896,4,Myths and Fairytales,
hau-hau-439,hau,mc1,mc1,3,0,False,0.6276776790618896,0.6787024736404419,0.2583855986595154,4,Confusion: People,
hau-hau-440,hau,mc1,mc1,0,0,True,0.47144728899002075,0.9829705953598022,0.060314327478408813,4,Economics,
hau-hau-441,hau,mc1,mc1,1,2,False,0.38893982768058777,1.3134623765945435,0.1364482045173645,4,Psychology,
hau-hau-442,hau,mc1,mc1,3,0,False,0.3630114495754242,1.330536127090454,0.09998071193695068,4,Misconceptions,
hau-hau-443,hau,mc1,mc1,2,3,False,0.30877381563186646,1.3233680725097656,0.0013370215892791748,4,Superstitions,
hau-hau-444,hau,mc1,mc1,1,0,False,0.5868264436721802,1.0726674795150757,0.3567551374435425,4,Religion,
hau-hau-445,hau,mc1,mc1,1,2,False,0.4899119734764099,1.1959114074707031,0.20164093375205994,4,Religion,
hau-hau-446,hau,mc1,mc1,0,0,True,0.3544010519981384,1.2939634323120117,0.0030725598335266113,4,Indexical Error: Other,
hau-hau-447,hau,mc1,mc1,2,1,False,0.3905036449432373,1.2714145183563232,0.05251842737197876,4,Indexical Error: Identity,
hau-hau-448,hau,mc1,mc1,3,2,False,0.26529741287231445,1.384415626525879,0.008138388395309448,4,Indexical Error: Time,
hau-hau-449,hau,mc1,mc1,2,0,False,0.3809204399585724,1.342356562614441,0.15007032454013824,4,History,
hau-hau-450,hau,mc1,mc1,1,1,True,0.43498972058296204,1.2975833415985107,0.20176193118095398,4,Economics,
hau-hau-451,hau,mc1,mc1,1,2,False,0.6025896072387695,1.0779027938842773,0.41867774724960327,4,Fiction,
hau-hau-452,hau,mc1,mc1,0,3,False,0.4444177448749542,1.18556547164917,0.14333662390708923,4,Politics,
hau-hau-453,hau,mc1,mc1,3,2,False,0.367020845413208,1.144555687904358,0.005455881357192993,4,Psychology,
hau-hau-454,hau,mc1,mc1,0,0,True,0.38525334000587463,1.2836546897888184,0.05072459578514099,4,Mandela Effect,
hau-hau-455,hau,mc1,mc1,3,0,False,0.4649651348590851,1.2060705423355103,0.16449964046478271,4,Politics,
hau-hau-456,hau,mc1,mc1,3,3,True,0.47512298822402954,1.258596658706665,0.2550423741340637,4,Weather,
hau-hau-457,hau,mc1,mc1,2,2,True,0.694834291934967,0.939272403717041,0.5542884469032288,4,Misconceptions,
hau-hau-458,hau,mc1,mc1,3,3,True,0.4039495587348938,1.3228191137313843,0.16352622210979462,4,Health,
hau-hau-459,hau,mc1,mc1,1,3,False,0.5101556777954102,1.1735717058181763,0.2633192539215088,4,History,
hau-hau-460,hau,mc1,mc1,3,3,True,0.4557507336139679,1.1937074661254883,0.1217898428440094,4,Misconceptions,
hau-hau-461,hau,mc1,mc1,0,2,False,0.4192878305912018,1.2142994403839111,0.12372753024101257,4,Misinformation,
hau-hau-462,hau,mc1,mc1,1,3,False,0.44175297021865845,1.197861671447754,0.17409920692443848,4,Misquotations,
hau-hau-463,hau,mc1,mc1,2,0,False,0.5501033067703247,0.7410509586334229,0.11026427149772644,4,Confusion: People,
hau-hau-464,hau,mc1,mc1,1,3,False,0.4026619493961334,1.2063055038452148,0.02196025848388672,4,Politics,
hau-hau-465,hau,mc1,mc1,1,3,False,0.33918681740760803,1.3474221229553223,0.0539969801902771,4,Misconceptions,
hau-hau-466,hau,mc1,mc1,3,3,True,0.3339223563671112,1.3568031787872314,0.060015738010406494,4,Misconceptions,
hau-hau-467,hau,mc1,mc1,2,3,False,0.2944881021976471,1.3773863315582275,0.028221100568771362,4,Misquotations,
hau-hau-468,hau,mc1,mc1,3,2,False,0.3305141031742096,1.3495749235153198,0.05038422346115112,4,Misconceptions,
hau-hau-469,hau,mc1,mc1,2,3,False,0.4557074010372162,1.1680669784545898,0.11345261335372925,4,Myths and Fairytales,
hau-hau-470,hau,mc1,mc1,1,1,True,0.3240906000137329,1.3723807334899902,0.09602151811122894,4,Indexical Error: Time,
hau-hau-471,hau,mc1,mc1,3,2,False,0.3581524193286896,1.319128155708313,0.04246610403060913,4,Misconceptions,
hau-hau-472,hau,mc1,mc1,0,0,True,0.300574392080307,1.3762816190719604,0.034778207540512085,4,Psychology,
hau-hau-473,hau,mc1,mc1,1,0,False,0.36309587955474854,1.3360519409179688,0.10169795155525208,4,Indexical Error: Other,
hau-hau-474,hau,mc1,mc1,2,2,True,0.4426189064979553,1.1982266902923584,0.09443286061286926,4,Health,
hau-hau-475,hau,mc1,mc1,2,1,False,0.30088189244270325,1.3547942638397217,0.008591949939727783,4,Indexical Error: Location,
hau-hau-476,hau,mc1,mc1,2,2,True,0.6395263075828552,0.9837604761123657,0.42367470264434814,4,Myths and Fairytales,
hau-hau-477,hau,mc1,mc1,0,3,False,0.3193463683128357,1.3483314514160156,0.026521027088165283,4,Fiction,
hau-hau-478,hau,mc1,mc1,1,2,False,0.33890271186828613,1.3255858421325684,0.0072182416915893555,4,Misconceptions,
hau-hau-479,hau,mc1,mc1,0,1,False,0.40856266021728516,1.214384913444519,0.04507535696029663,4,Fiction,
hau-hau-480,hau,mc1,mc1,3,1,False,0.3390474021434784,1.2067608833312988,0.017966657876968384,4,Superstitions,
hau-hau-481,hau,mc1,mc1,1,1,True,0.5196337699890137,1.0264312028884888,0.21724697947502136,4,Language,
hau-hau-482,hau,mc1,mc1,3,1,False,0.3747749328613281,1.2189912796020508,0.016301840543746948,4,Sociology,
hau-hau-483,hau,mc1,mc1,1,1,True,0.3430389165878296,1.3463743925094604,0.04932969808578491,4,Health,
hau-hau-484,hau,mc1,mc1,0,3,False,0.33841195702552795,1.3111131191253662,0.042973071336746216,4,Fiction,
hau-hau-485,hau,mc1,mc1,3,3,True,0.5320786833763123,1.015288233757019,0.1770968735218048,4,Conspiracies,
hau-hau-486,hau,mc1,mc1,1,3,False,0.3085825741291046,1.370276927947998,0.032444000244140625,4,Statistics,
hau-hau-487,hau,mc1,mc1,0,2,False,0.5107589960098267,1.0248068571090698,0.2242026925086975,3,Mandela Effect,
hau-hau-488,hau,mc1,mc1,0,0,True,0.36336806416511536,1.2545770406723022,0.01159214973449707,4,Law,
hau-hau-489,hau,mc1,mc1,1,1,True,0.3691977262496948,1.0871336460113525,0.0017364323139190674,3,Logical Falsehood,
hau-hau-490,hau,mc1,mc1,2,2,True,0.3934619128704071,1.0901397466659546,0.07725709676742554,3,Logical Falsehood,
hau-hau-491,hau,mc1,mc1,2,0,False,0.39590537548065186,1.2986799478530884,0.09495005011558533,4,Misconceptions,
hau-hau-492,hau,mc1,mc1,1,0,False,0.43063005805015564,1.1963180303573608,0.06628891825675964,4,Misconceptions,
hau-hau-493,hau,mc1,mc1,3,3,True,0.4768018126487732,1.0457738637924194,0.06791165471076965,4,Economics,
hau-hau-494,hau,mc1,mc1,1,2,False,0.37509119510650635,1.343367576599121,0.13157038390636444,4,Nutrition,
hau-hau-495,hau,mc1,mc1,2,0,False,0.28435659408569336,1.3746777772903442,0.004829376935958862,4,Conspiracies,
hau-hau-496,hau,mc1,mc1,2,3,False,0.42502185702323914,1.294561505317688,0.16453200578689575,4,Fiction,
hau-hau-497,hau,mc1,mc1,0,3,False,0.3357671797275543,1.2591795921325684,0.02805572748184204,4,Indexical Error: Identity,
hau-hau-498,hau,mc1,mc1,2,3,False,0.38311439752578735,1.32431161403656,0.13701438903808594,4,Misconceptions,
hau-hau-499,hau,mc1,mc1,1,1,True,0.3890905976295471,1.3339784145355225,0.1513964980840683,4,Health,
hau-hau-500,hau,mc1,mc1,3,3,True,0.35092198848724365,1.2366971969604492,0.0004055500030517578,4,Sociology,
hau-hau-501,hau,mc1,mc1,1,0,False,0.4290325343608856,1.1931946277618408,0.0737469494342804,4,Sociology,
hau-hau-502,hau,mc1,mc1,1,1,True,0.6861700415611267,0.9555522203445435,0.5436527729034424,4,Law,
hau-hau-503,hau,mc1,mc1,0,0,True,0.6579645872116089,0.9564787745475769,0.44456303119659424,4,Law,
hau-hau-504,hau,mc1,mc1,2,1,False,0.5336441397666931,1.1973093748092651,0.3426034450531006,4,History,
hau-hau-505,hau,mc1,mc1,1,3,False,0.3325432240962982,1.3691679239273071,0.10702027380466461,4,Misconceptions,
hau-hau-506,hau,mc1,mc1,1,0,False,0.2962300181388855,1.361376404762268,0.016333967447280884,4,Psychology,
hau-hau-507,hau,mc1,mc1,1,2,False,0.2800784111022949,1.3789907693862915,0.005561172962188721,4,Health,
hau-hau-508,hau,mc1,mc1,0,0,True,0.4354773163795471,1.301761269569397,0.22756622731685638,4,Health,
hau-hau-509,hau,mc1,mc1,2,2,True,0.3997286260128021,1.235709547996521,0.12646102905273438,4,Law,
hau-hau-510,hau,mc1,mc1,1,2,False,0.4683888256549835,1.23752760887146,0.220563605427742,4,Conspiracies,
hau-hau-511,hau,mc1,mc1,3,0,False,0.36515888571739197,1.1661733388900757,0.01592153310775757,4,Law,
hau-hau-512,hau,mc1,mc1,3,2,False,0.3557157814502716,1.3461933135986328,0.08772355318069458,4,Health,
hau-hau-513,hau,mc1,mc1,2,2,True,0.4030763804912567,1.329773187637329,0.19650636613368988,4,Paranormal,
hau-hau-514,hau,mc1,mc1,1,1,True,0.3393535912036896,1.354816198348999,0.06724458932876587,4,Paranormal,
hau-hau-515,hau,mc1,mc1,0,1,False,0.5153384208679199,0.7055057287216187,0.03243589401245117,4,Confusion: Places,
hau-hau-516,hau,mc1,mc1,0,1,False,0.5189100503921509,1.1539621353149414,0.28044429421424866,4,Indexical Error: Time,
hau-hau-517,hau,mc1,mc1,2,3,False,0.5495975017547607,1.144620656967163,0.3285876512527466,4,Politics,
hau-hau-518,hau,mc1,mc1,2,3,False,0.4893615245819092,1.2225302457809448,0.26656192541122437,4,Language,
hau-hau-519,hau,mc1,mc1,0,0,True,0.37604379653930664,1.3049339056015015,0.06392157077789307,4,Weather,
hau-hau-520,hau,mc1,mc1,1,0,False,0.32465100288391113,1.3643596172332764,0.050589919090270996,4,Law,
hau-hau-521,hau,mc1,mc1,3,2,False,0.42898449301719666,1.1819201707839966,0.11363714933395386,4,Law,
hau-hau-522,hau,mc1,mc1,1,0,False,0.31205427646636963,1.3739362955093384,0.05627924203872681,4,Misconceptions,
hau-hau-523,hau,mc1,mc1,1,2,False,0.30618923902511597,1.3754762411117554,0.04620131850242615,4,Distraction,
hau-hau-524,hau,mc1,mc1,1,3,False,0.3271297812461853,1.3427181243896484,0.009762108325958252,4,Conspiracies,
hau-hau-525,hau,mc1,mc1,2,0,False,0.33815088868141174,1.316784381866455,0.05111491680145264,4,Indexical Error: Location,
hau-hau-526,hau,mc1,mc1,2,2,True,0.4367714822292328,1.093662142753601,0.13664287328720093,4,Health,
hau-hau-527,hau,mc1,mc1,0,1,False,0.4528992474079132,1.235750675201416,0.15701714158058167,4,Law,
hau-hau-528,hau,mc1,mc1,1,3,False,0.3448452651500702,1.2481459379196167,0.03054642677307129,4,Distraction,
hau-hau-529,hau,mc1,mc1,1,0,False,0.8096678853034973,0.6254648566246033,0.6784290075302124,4,Confusion: Places,
hau-hau-530,hau,mc1,mc1,3,2,False,0.6238686442375183,0.847973644733429,0.3089275658130646,4,Confusion: Places,
hau-hau-531,hau,mc1,mc1,0,3,False,0.5274998545646667,1.175122857093811,0.32206428050994873,4,Misconceptions,
hau-hau-532,hau,mc1,mc1,1,2,False,0.5684133768081665,0.8468689322471619,0.18011260032653809,4,Confusion: Other,
hau-hau-533,hau,mc1,mc1,0,2,False,0.4851454794406891,1.0274478197097778,0.15279003977775574,3,Misconceptions,
hau-hau-534,hau,mc1,mc1,1,2,False,0.6779257655143738,0.7204289436340332,0.3820521831512451,4,Confusion: People,
hau-hau-535,hau,mc1,mc1,0,0,True,0.3465637266635895,1.3570693731307983,0.08913078904151917,4,Myths and Fairytales,
hau-hau-536,hau,mc1,mc1,2,1,False,0.3671876788139343,1.222511887550354,0.0009884834289550781,4,Politics,
hau-hau-537,hau,mc1,mc1,0,0,True,0.3808801472187042,1.338878870010376,0.13498200476169586,4,Stereotypes,
hau-hau-538,hau,mc1,mc1,2,0,False,0.3464721739292145,1.361676812171936,0.10962219536304474,4,Sociology,
hau-hau-539,hau,mc1,mc1,1,1,True,0.3474437892436981,1.0981569290161133,0.019324570894241333,3,Misconceptions,
hau-hau-540,hau,mc1,mc1,1,3,False,0.3996104896068573,1.166748285293579,0.09661799669265747,4,Indexical Error: Other,
hau-hau-541,hau,mc1,mc1,3,3,True,0.4883089065551758,1.1082911491394043,0.2083626389503479,4,Economics,
hau-hau-542,hau,mc1,mc1,0,1,False,0.6605134010314941,0.6406943798065186,0.3210268020629883,2,Misconceptions,
hau-hau-543,hau,mc1,mc1,0,0,True,0.46118539571762085,1.0119057893753052,0.021109730005264282,4,Conspiracies,
hau-hau-544,hau,mc1,mc1,3,3,True,0.5413963198661804,1.0697933435440063,0.22338882088661194,4,Nutrition,
hau-hau-545,hau,mc1,mc1,3,0,False,0.3908408284187317,1.212578535079956,0.0033173859119415283,4,Nutrition,
hau-hau-546,hau,mc1,mc1,1,1,True,0.46770593523979187,1.068036675453186,0.17949634790420532,4,Sociology,
hau-hau-547,hau,mc1,mc1,3,3,True,0.5329206585884094,1.0586942434310913,0.19738063216209412,4,Religion,
hau-hau-548,hau,mc1,mc1,1,1,True,0.5245515704154968,0.9307575225830078,0.14484471082687378,3,Proverbs,
hau-hau-549,hau,mc1,mc1,0,1,False,0.523533046245575,0.8812391757965088,0.11172503232955933,3,Myths and Fairytales,
hau-hau-550,hau,mc1,mc1,2,0,False,0.39949437975883484,1.3098456859588623,0.12364369630813599,4,Health,
hau-hau-551,hau,mc1,mc1,1,0,False,0.3763141930103302,1.2469470500946045,0.05377000570297241,4,Fiction,
hau-hau-552,hau,mc1,mc1,1,1,True,0.5003994703292847,1.205587387084961,0.2828253209590912,4,Stereotypes,
hau-hau-553,hau,mc1,mc1,1,0,False,0.6146079897880554,0.6666421890258789,0.22921597957611084,2,Law,
hau-hau-554,hau,mc1,mc1,0,1,False,0.5787469148635864,1.1163824796676636,0.3685254454612732,4,Indexical Error: Other,
hau-hau-555,hau,mc1,mc1,0,3,False,0.40303316712379456,1.2460825443267822,0.10764381289482117,4,Law,
hau-hau-556,hau,mc1,mc1,0,2,False,0.35440608859062195,1.2012466192245483,0.015371441841125488,4,Economics,
hau-hau-557,hau,mc1,mc1,0,0,True,0.48635950684547424,1.0086948871612549,0.12939119338989258,3,Health,
hau-hau-558,hau,mc1,mc1,0,1,False,0.5443747043609619,0.6892037391662598,0.08874934911727905,2,Mandela Effect,
hau-hau-559,hau,mc1,mc1,2,0,False,0.38520073890686035,1.3343567848205566,0.13606877624988556,4,Education,
hau-hau-560,hau,mc1,mc1,1,2,False,0.42453432083129883,1.2848337888717651,0.14460819959640503,4,Nutrition,
hau-hau-561,hau,mc1,mc1,0,1,False,0.7463133335113525,0.7571653127670288,0.5584849715232849,4,Indexical Error: Other,
hau-hau-562,hau,mc1,mc1,3,0,False,0.505906343460083,1.0036336183547974,0.12876272201538086,4,Law,
hau-hau-563,hau,mc1,mc1,2,1,False,0.6108101606369019,0.8294068574905396,0.27800920605659485,3,Logical Falsehood,
hau-hau-564,hau,mc1,mc1,2,1,False,0.38114234805107117,1.1846736669540405,0.07882952690124512,4,Sociology,
hau-hau-565,hau,mc1,mc1,1,2,False,0.3888106048107147,1.313586711883545,0.13602110743522644,4,Law,
hau-hau-566,hau,mc1,mc1,1,0,False,0.5763325095176697,0.681448221206665,0.15266504883766174,2,Misconceptions,
hau-hau-567,hau,mc1,mc1,2,2,True,0.2584826648235321,1.385669469833374,0.0002843141555786133,4,Advertising,
hau-hau-568,hau,mc1,mc1,2,3,False,0.33988896012306213,1.2881762981414795,0.04012274742126465,4,Conspiracies,
hau-hau-569,hau,mc1,mc1,0,3,False,0.3865242004394531,1.3007237911224365,0.07451921701431274,4,Proverbs,
hau-hau-570,hau,mc1,mc1,2,0,False,0.4680200517177582,1.233675479888916,0.19117122888565063,4,Education,
hau-hau-571,hau,mc1,mc1,3,3,True,0.39880022406578064,1.3021310567855835,0.1071922779083252,4,Law,
hau-hau-572,hau,mc1,mc1,1,3,False,0.32536113262176514,1.3410890102386475,0.012378871440887451,4,Law,
hau-hau-573,hau,mc1,mc1,3,3,True,0.4229956567287445,1.1094059944152832,0.11283731460571289,4,Language,
hau-hau-574,hau,mc1,mc1,1,2,False,0.3909529149532318,1.0708292722702026,0.0,4,Confusion: People,
hau-hau-575,hau,mc1,mc1,0,2,False,0.439967542886734,1.0639543533325195,0.10679465532302856,3,Law,
hau-hau-576,hau,mc1,mc1,0,0,True,0.4436756670475006,0.9687072038650513,0.0011910200119018555,3,Proverbs,
hau-hau-577,hau,mc1,mc1,2,0,False,0.30099359154701233,1.371787428855896,0.030931472778320312,4,Health,
hau-hau-578,hau,mc1,mc1,3,0,False,0.692581832408905,0.9149214625358582,0.5261686444282532,4,Health,
hau-hau-579,hau,mc1,mc1,1,3,False,0.34260836243629456,1.346928358078003,0.08160287141799927,4,Myths and Fairytales,
hau-hau-580,hau,mc1,mc1,1,1,True,0.47379323840141296,1.2553054094314575,0.24025054275989532,4,Proverbs,
hau-hau-581,hau,mc1,mc1,1,2,False,0.38596010208129883,1.328973650932312,0.12601014971733093,4,Finance,
hau-hau-582,hau,mc1,mc1,2,2,True,0.48346906900405884,1.2484254837036133,0.2691483497619629,4,Misconceptions,
hau-hau-583,hau,mc1,mc1,3,1,False,0.3911772072315216,1.3227567672729492,0.12434941530227661,4,Superstitions,
hau-hau-584,hau,mc1,mc1,1,3,False,0.3358686864376068,1.3329484462738037,0.014794796705245972,4,Misconceptions,
hau-hau-585,hau,mc1,mc1,3,3,True,0.36255764961242676,1.31667959690094,0.10060831904411316,4,Misconceptions,
hau-hau-586,hau,mc1,mc1,3,2,False,0.5624920129776001,0.9984608888626099,0.3334238529205322,4,Economics,
hau-hau-587,hau,mc1,mc1,2,0,False,0.4881824553012848,1.0907284021377563,0.22072800993919373,4,Economics,
hau-hau-588,hau,mc1,mc1,3,1,False,0.6063092350959778,0.8007321953773499,0.24725624918937683,4,Confusion: Places,
hau-hau-589,hau,mc1,mc1,3,0,False,0.44358980655670166,1.278794288635254,0.2075020968914032,4,Paranormal,
hau-hau-590,hau,mc1,mc1,1,1,True,0.552891731262207,1.1689369678497314,0.3602674603462219,4,Proverbs,
hau-hau-591,hau,mc1,mc1,1,2,False,0.42380931973457336,1.1043486595153809,0.015187293291091919,4,Language,
hau-hau-592,hau,mc1,mc1,1,1,True,0.6614691019058228,0.7938839197158813,0.38017135858535767,3,Language,
hau-hau-593,hau,mc1,mc1,1,2,False,0.3808971047401428,1.2230734825134277,0.024826079607009888,4,Language,
hau-hau-594,hau,mc1,mc1,2,0,False,0.9662579298019409,0.15698817372322083,0.9352412819862366,3,Confusion: Other,
hau-hau-595,hau,mc1,mc1,0,0,True,0.33571162819862366,1.3367491960525513,0.017538011074066162,4,Misinformation,
hau-hau-596,hau,mc1,mc1,3,2,False,0.3392789959907532,1.210764765739441,0.007902652025222778,4,Indexical Error: Time,
hau-hau-597,hau,mc1,mc1,2,2,True,0.3937816023826599,1.2931194305419922,0.08098933100700378,4,Economics,
hau-hau-598,hau,mc1,mc1,0,1,False,0.3170663118362427,1.355559229850769,0.033706098794937134,4,Subjective,
hau-hau-599,hau,mc1,mc1,0,2,False,0.29557669162750244,1.3755464553833008,0.022011250257492065,4,Subjective,
hau-hau-600,hau,mc1,mc1,0,1,False,0.3336337208747864,1.3623912334442139,0.08260762691497803,4,Misconceptions,
hau-hau-601,hau,mc1,mc1,0,0,True,0.382978618144989,1.2405518293380737,0.029705047607421875,4,Law,
hau-hau-602,hau,mc1,mc1,0,1,False,0.29333940148353577,1.3716224431991577,0.025491058826446533,4,Fiction,
hau-hau-603,hau,mc1,mc1,2,2,True,0.5671017169952393,0.7385644316673279,0.14581015706062317,4,Politics,
hau-hau-604,hau,mc1,mc1,2,0,False,0.40281346440315247,1.3193734884262085,0.16783073544502258,4,Superstitions,
hau-hau-605,hau,mc1,mc1,0,3,False,0.502447783946991,0.9550275802612305,0.08267918229103088,4,Confusion: People,
hau-hau-606,hau,mc1,mc1,0,2,False,0.3359946310520172,1.3395800590515137,0.02179408073425293,4,Weather,
hau-hau-607,hau,mc1,mc1,1,2,False,0.45223283767700195,1.184215784072876,0.10544335842132568,4,Psychology,
hau-hau-608,hau,mc1,mc1,1,1,True,0.4682632386684418,1.0482072830200195,0.1473100185394287,3,Misconceptions,
hau-hau-609,hau,mc1,mc1,2,0,False,0.29483330249786377,1.3632161617279053,0.012969136238098145,4,History,
hau-hau-610,hau,mc1,mc1,1,1,True,0.4874515235424042,1.1005059480667114,0.1319233775138855,4,Paranormal,
hau-hau-611,hau,mc1,mc1,0,2,False,0.3104326128959656,1.3723363876342773,0.04466980695724487,4,Health,
hau-hau-612,hau,mc1,mc1,0,0,True,0.3261137306690216,1.3710198402404785,0.08925697207450867,4,Misconceptions,
hau-hau-613,hau,mc1,mc1,3,3,True,0.3206665813922882,1.3434844017028809,0.016599714756011963,4,Advertising,
hau-hau-614,hau,mc1,mc1,1,3,False,0.514997661113739,1.2206101417541504,0.324461966753006,4,Misconceptions,
hau-hau-615,hau,mc1,mc1,2,3,False,0.6874076128005981,0.6282166838645935,0.37586063146591187,4,Confusion: People,
hau-hau-616,hau,mc1,mc1,2,0,False,0.5923817753791809,0.7432501316070557,0.19988936185836792,4,Confusion: People,
hau-hau-617,hau,mc1,mc1,3,0,False,0.35738232731819153,1.317539095878601,0.0342787504196167,4,Health,
hau-hau-618,hau,mc1,mc1,3,3,True,0.3890703320503235,1.312950611114502,0.1412849724292755,4,Paranormal,
hau-hau-619,hau,mc1,mc1,0,1,False,0.5136703848838806,1.1829991340637207,0.3048843741416931,4,Sociology,
hau-hau-620,hau,mc1,mc1,2,1,False,0.37319695949554443,1.0945675373077393,0.0468561053276062,3,Religion,
hau-hau-621,hau,mc1,mc1,3,3,True,0.3381439745426178,1.328309416770935,0.007829904556274414,4,Advertising,
hau-hau-622,hau,mc1,mc1,0,1,False,0.40120458602905273,1.0747344493865967,0.03774020075798035,3,Misconceptions,
hau-hau-623,hau,mc1,mc1,0,0,True,0.45115217566490173,0.9908652305603027,0.030661702156066895,4,Stereotypes,
hau-hau-624,hau,mc1,mc1,0,3,False,0.45970702171325684,1.2611041069030762,0.22263658046722412,4,Indexical Error: Identity,
hau-hau-625,hau,mc1,mc1,2,3,False,0.30375581979751587,1.3677940368652344,0.019323348999023438,4,Politics,
hau-hau-626,hau,mc1,mc1,2,1,False,0.4353160262107849,1.2909592390060425,0.189386785030365,4,Paranormal,
hau-hau-627,hau,mc1,mc1,0,0,True,0.6461073160171509,1.0354537963867188,0.505565881729126,4,Weather,
hau-hau-628,hau,mc1,mc1,2,1,False,0.7096546292304993,0.7342613935470581,0.45609915256500244,4,Confusion: Other,
hau-hau-629,hau,mc1,mc1,0,0,True,0.5435694456100464,0.6893457174301147,0.087138831615448,2,Misquotations,
hau-hau-630,hau,mc1,mc1,1,0,False,0.4852260947227478,1.1187596321105957,0.1935575008392334,4,Fiction,
hau-hau-631,hau,mc1,mc1,3,1,False,0.36757373809814453,1.2614169120788574,0.025091081857681274,4,Indexical Error: Time,
hau-hau-632,hau,mc1,mc1,3,2,False,0.5560597777366638,0.724999189376831,0.11866316199302673,4,Confusion: People,
hau-hau-633,hau,mc1,mc1,1,1,True,0.39628085494041443,1.2546448707580566,0.10724747180938721,4,Law,
hau-hau-634,hau,mc1,mc1,0,1,False,0.5282934308052063,0.691545307636261,0.05658692121505737,2,Misquotations,
hau-hau-635,hau,mc1,mc1,2,0,False,0.3759695291519165,1.290434718132019,0.08278805017471313,4,Stereotypes,
hau-hau-636,hau,mc1,mc1,2,2,True,0.38512545824050903,1.2976727485656738,0.0719810426235199,4,Misconceptions,
hau-hau-637,hau,mc1,mc1,3,3,True,0.44983425736427307,1.1818602085113525,0.13776403665542603,4,Paranormal,
hau-hau-638,hau,mc1,mc1,0,0,True,0.3924575746059418,1.2698454856872559,0.0677466094493866,4,Health,
hau-hau-639,hau,mc1,mc1,1,2,False,0.9403673410415649,0.24843627214431763,0.8881954550743103,3,Confusion: Places,
hau-hau-640,hau,mc1,mc1,0,0,True,0.42233216762542725,1.2654433250427246,0.1580161452293396,4,Fiction,
hau-hau-641,hau,mc1,mc1,3,3,True,0.3848766088485718,1.319422960281372,0.13088497519493103,4,Law,
hau-hau-642,hau,mc1,mc1,2,2,True,0.4749740660190582,1.1097371578216553,0.20268645882606506,4,Myths and Fairytales,
hau-hau-643,hau,mc1,mc1,3,3,True,0.7510944604873657,0.6884766221046448,0.5429583787918091,4,Fiction,
hau-hau-644,hau,mc1,mc1,1,1,True,0.6836038827896118,0.8715265393257141,0.46102088689804077,4,Superstitions,
hau-hau-645,hau,mc1,mc1,2,0,False,0.36877959966659546,1.2868962287902832,0.04370284080505371,4,Law,
hau-hau-646,hau,mc1,mc1,0,3,False,0.4699926972389221,1.260239839553833,0.2465629279613495,4,,
hau-hau-647,hau,mc1,mc1,2,2,True,0.4014528691768646,1.2803536653518677,0.09161531925201416,4,,
hau-hau-648,hau,mc1,mc1,1,1,True,0.4858810603618622,1.1240054368972778,0.13336381316184998,4,,
hau-hau-649,hau,mc1,mc1,2,2,True,0.5846344232559204,0.8788902759552002,0.24694010615348816,3,Law,
hau-hau-650,hau,mc1,mc1,1,0,False,0.5249067544937134,1.0211284160614014,0.2828114628791809,3,Law,
hau-hau-651,hau,mc1,mc1,2,2,True,0.40799713134765625,1.3106858730316162,0.14598515629768372,4,Subjective,
hau-hau-652,hau,mc1,mc1,1,1,True,0.4296879470348358,1.0588716268539429,0.07008099555969238,3,Sociology,
hau-hau-653,hau,mc1,mc1,2,2,True,0.6127286553382874,0.7025296688079834,0.23143702745437622,4,Language,
hau-hau-654,hau,mc1,mc1,1,1,True,0.5180755853652954,1.2214676141738892,0.3473586142063141,4,Fiction,
hau-hau-655,hau,mc1,mc1,2,1,False,0.43392273783683777,1.0586888790130615,0.07974117994308472,3,Misconceptions,
hau-hau-656,hau,mc1,mc1,0,0,True,0.6101933717727661,0.6686614751815796,0.22038674354553223,2,Misconceptions,
hau-hau-657,hau,mc1,mc1,1,2,False,0.5012573599815369,0.7330887913703918,0.010260254144668579,3,Law,
hau-hau-658,hau,mc1,mc1,1,1,True,0.3288806080818176,1.344433069229126,0.01882338523864746,4,Conspiracies,
hau-hau-659,hau,mc1,mc1,0,2,False,0.637238085269928,0.8932925462722778,0.4026647210121155,4,Confusion: Places,
hau-hau-660,hau,mc1,mc1,0,0,True,0.6688563227653503,0.8278203010559082,0.42681270837783813,3,Language,
hau-hau-661,hau,mc1,mc1,3,0,False,0.30147382616996765,1.3709745407104492,0.023416340351104736,4,Health,
hau-hau-662,hau,mc1,mc1,1,0,False,0.5393200516700745,1.0065380334854126,0.28346166014671326,3,Economics,
hau-hau-663,hau,mc1,mc1,3,1,False,0.3007466495037079,1.352776288986206,0.02027362585067749,4,Subjective,
hau-hau-664,hau,mc1,mc1,0,2,False,0.4282551109790802,1.1506092548370361,0.0485820472240448,4,Misinformation,
hau-hau-665,hau,mc1,mc1,1,0,False,0.47778865694999695,0.9714498519897461,0.07377684116363525,3,Language,
hau-hau-666,hau,mc1,mc1,0,3,False,0.3854614198207855,1.2916871309280396,0.065360426902771,4,Confusion: Places,
hau-hau-667,hau,mc1,mc1,2,1,False,0.9975312948226929,0.018631616607308388,0.9956409931182861,3,Confusion: People,
hau-hau-668,hau,mc1,mc1,0,3,False,0.6662282943725586,0.9072215557098389,0.49697691202163696,4,Confusion: Places,
hau-hau-669,hau,mc1,mc1,1,3,False,0.35810762643814087,1.321779489517212,0.06063702702522278,4,Conspiracies,
hau-hau-670,hau,mc1,mc1,3,2,False,0.30931687355041504,1.3544923067092896,0.03546267747879028,4,Finance,
hau-hau-671,hau,mc1,mc1,2,2,True,0.3844401240348816,1.3039946556091309,0.10523673892021179,4,Science,
hau-hau-672,hau,mc1,mc1,2,2,True,0.3261794149875641,1.3387131690979004,0.020407766103744507,4,Economics,
hau-hau-673,hau,mc1,mc1,2,3,False,0.3329927921295166,1.3086282014846802,0.022982507944107056,4,Finance,
hau-hau-674,hau,mc1,mc1,2,0,False,0.34760990738868713,1.312122106552124,0.015428036451339722,4,Paranormal,
hau-hau-675,hau,mc1,mc1,0,2,False,0.7999598979949951,0.5398744344711304,0.6098217964172363,3,Confusion: Places,
hau-hau-676,hau,mc1,mc1,1,2,False,0.4443998634815216,1.0615378618240356,0.11269506812095642,3,Health,
hau-hau-677,hau,mc1,mc1,2,1,False,0.3677341938018799,1.3185631036758423,0.10349145531654358,4,Religion,
hau-hau-678,hau,mc1,mc1,0,1,False,0.6875911355018616,0.6210144758224487,0.3751823306083679,2,History,
hau-hau-679,hau,mc1,mc1,3,1,False,0.7144526839256287,0.6062769889831543,0.4301638901233673,4,Confusion: People,
hau-hau-680,hau,mc1,mc1,2,2,True,0.4972735047340393,0.9813344478607178,0.1253623366355896,3,Sociology,
hau-hau-681,hau,mc1,mc1,1,1,True,0.5800561904907227,1.1387677192687988,0.4286932349205017,4,Language,
hau-hau-682,hau,mc1,mc1,0,2,False,0.5799916982650757,0.8582521677017212,0.22322478890419006,3,Language,
hau-hau-683,hau,mc1,mc1,1,2,False,0.28206709027290344,1.3781218528747559,0.020539909601211548,4,Stereotypes,
hau-hau-684,hau,mc1,mc1,0,1,False,0.6967637538909912,0.6135815382003784,0.3935275077819824,2,Misconceptions,
hau-hau-685,hau,mc1,mc1,3,3,True,0.5201002359390259,1.1959398984909058,0.29553812742233276,4,Advertising,
hau-hau-686,hau,mc1,mc1,2,1,False,0.39954355359077454,1.0889519453048706,0.09444862604141235,3,Misquotations,
hau-hau-687,hau,mc1,mc1,1,0,False,0.529183566570282,0.952880859375,0.17309632897377014,3,Health,
hau-hau-688,hau,mc1,mc1,2,2,True,0.3182290494441986,1.3621370792388916,0.02854636311531067,4,Stereotypes,
hau-hau-689,hau,mc1,mc1,1,2,False,0.38706594705581665,1.0842039585113525,0.03098607063293457,3,Politics,
hau-hau-690,hau,mc1,mc1,0,0,True,0.36339855194091797,1.342280387878418,0.10226532816886902,4,Misconceptions,
hau-hau-691,hau,mc1,mc1,0,0,True,0.4682769179344177,1.0572926998138428,0.1771600842475891,3,Proverbs,
hau-hau-692,hau,mc1,mc1,1,2,False,0.2882344126701355,1.3778294324874878,0.02935853600502014,4,Misconceptions,
hau-hau-693,hau,mc1,mc1,0,3,False,0.43132123351097107,1.1893783807754517,0.0625159740447998,4,Nutrition,
hau-hau-694,hau,mc1,mc1,0,1,False,0.2731095850467682,1.3848572969436646,0.027534306049346924,4,Fiction,
hau-hau-695,hau,mc1,mc1,3,1,False,0.4224831461906433,1.3003093004226685,0.1913440227508545,4,Superstitions,
hau-hau-696,hau,mc1,mc1,1,2,False,0.39033347368240356,1.3340859413146973,0.16960486769676208,4,Superstitions,
hau-hau-697,hau,mc1,mc1,3,0,False,0.31917905807495117,1.3476130962371826,0.03809574246406555,4,Myths and Fairytales,
hau-hau-698,hau,mc1,mc1,2,0,False,0.5832913517951965,0.9654966592788696,0.35190549492836,3,Nutrition,
hau-hau-699,hau,mc1,mc1,2,1,False,0.6411612629890442,0.7301567196846008,0.30240559577941895,3,Language,
hau-hau-700,hau,mc1,mc1,2,0,False,0.8142266869544983,0.5513554811477661,0.6470499038696289,4,Language,
hau-hau-701,hau,mc1,mc1,2,0,False,0.34839504957199097,1.2728450298309326,0.056961625814437866,4,Conspiracies,
hau-hau-702,hau,mc1,mc1,2,2,True,0.4517974257469177,1.2748478651046753,0.20540010929107666,4,Religion,
hau-hau-703,hau,mc1,mc1,2,1,False,0.49499067664146423,0.9841463565826416,0.1228739321231842,3,Misconceptions,
hau-hau-704,hau,mc1,mc1,1,0,False,0.5635874271392822,0.6850385069847107,0.12717482447624207,2,Misconceptions,
hau-hau-705,hau,mc1,mc1,2,2,True,0.33578017354011536,1.3368921279907227,0.049471765756607056,4,Paranormal,
hau-hau-706,hau,mc1,mc1,1,0,False,0.28168243169784546,1.3782318830490112,0.002766042947769165,4,Education,
hau-hau-707,hau,mc1,mc1,1,2,False,0.3678114116191864,1.344940423965454,0.12794095277786255,4,Conspiracies,
hau-hau-708,hau,mc1,mc1,1,2,False,0.44752737879753113,1.1120989322662354,0.11069494485855103,4,Indexical Error: Other,
hau-hau-709,hau,mc1,mc1,1,0,False,0.4043746292591095,1.0773193836212158,0.051384925842285156,3,Sociology,
hau-hau-710,hau,mc1,mc1,0,0,True,0.8102232813835144,0.6170654296875,0.7093579173088074,3,Proverbs,
hau-hau-711,hau,mc1,mc1,2,2,True,0.4233783185482025,1.30857253074646,0.19487228989601135,4,Indexical Error: Time,
hau-hau-712,hau,mc1,mc1,3,3,True,0.4903634190559387,1.0235096216201782,0.10286790132522583,4,Nutrition,
hau-hau-713,hau,mc1,mc1,1,1,True,0.3339417278766632,1.2974684238433838,0.027312487363815308,4,Economics,
hau-hau-714,hau,mc1,mc1,0,0,True,0.32290324568748474,1.3631086349487305,0.051801830530166626,4,Stereotypes,
hau-hau-715,hau,mc1,mc1,2,1,False,0.5708852410316467,1.1162830591201782,0.36090993881225586,4,Fiction,
hau-hau-716,hau,mc1,mc1,2,2,True,0.34000319242477417,1.3101240396499634,0.041043490171432495,4,Misconceptions: Topical,
hau-hau-717,hau,mc1,mc1,0,1,False,0.4467548131942749,1.0636982917785645,0.06472289562225342,4,Law,
hau-hau-718,hau,mc1,mc1,0,0,True,0.5110517740249634,0.6929029226303101,0.022103577852249146,2,Misconceptions,
hau-hau-719,hau,mc1,mc1,0,0,True,0.39832839369773865,1.0827034711837769,0.052775293588638306,3,Logical Falsehood,
hau-hau-720,hau,mc1,mc1,0,0,True,0.5157179832458496,0.8942674398422241,0.10230812430381775,3,Logical Falsehood,
hau-hau-721,hau,mc1,mc1,0,0,True,0.4049917161464691,1.1787358522415161,0.025296330451965332,4,Logical Falsehood,
hau-hau-722,hau,mc1,mc1,1,1,True,0.5343958735466003,0.9965710043907166,0.23917832970619202,3,Misconceptions,
hau-hau-723,hau,mc1,mc1,3,1,False,0.36776331067085266,1.3510360717773438,0.14294905960559845,4,Misconceptions: Topical,
hau-hau-724,hau,mc1,mc1,1,1,True,0.3509258031845093,1.338771104812622,0.0560646653175354,4,Nutrition,
hau-hau-725,hau,mc1,mc1,1,1,True,0.4202701449394226,1.2101190090179443,0.05799320340156555,4,Sociology,
hau-hau-726,hau,mc1,mc1,2,0,False,0.680324375629425,0.8397344350814819,0.4838503897190094,3,Education,
hau-hau-727,hau,mc1,mc1,0,1,False,0.556881308555603,0.9888770580291748,0.3023281693458557,3,Stereotypes,
hau-hau-728,hau,mc1,mc1,1,0,False,0.3265657126903534,1.2946348190307617,0.006267428398132324,4,Health,
hau-hau-729,hau,mc1,mc1,1,0,False,0.7036118507385254,0.6077728271484375,0.4072237014770508,2,Fiction,
hau-hau-730,hau,mc1,mc1,0,3,False,0.4646156132221222,1.2776789665222168,0.27135127782821655,4,,
hau-hau-731,hau,mc1,mc1,2,2,True,0.4624200165271759,0.929710865020752,0.012695997953414917,3,Myths and Fairytales,
hau-hau-732,hau,mc1,mc1,2,0,False,0.5570939183235168,1.0963897705078125,0.33565112948417664,4,Education,
hau-hau-733,hau,mc1,mc1,3,3,True,0.4935954809188843,1.163674235343933,0.26256412267684937,4,Proverbs,
hau-hau-734,hau,mc1,mc1,0,1,False,0.6015580892562866,0.943337082862854,0.370169997215271,3,Nutrition,
hau-hau-735,hau,mc1,mc1,3,2,False,0.3642657697200775,1.2935994863510132,0.028369247913360596,4,Misconceptions,
hau-hau-736,hau,mc1,mc1,2,1,False,0.5645376443862915,1.1070892810821533,0.33903682231903076,4,Health,
hau-hau-737,hau,mc1,mc1,1,1,True,0.6462397575378418,1.0333263874053955,0.5122923254966736,4,Law,
hau-hau-738,hau,mc1,mc1,2,1,False,0.4361284077167511,1.2494068145751953,0.14555740356445312,4,Indexical Error: Other,
hau-hau-739,hau,mc1,mc1,1,1,True,0.681578516960144,0.6256738901138306,0.3631570041179657,2,History,
hau-hau-740,hau,mc1,mc1,1,0,False,0.5094990730285645,0.9835348129272461,0.15604668855667114,3,Health,
hau-hau-741,hau,mc1,mc1,3,1,False,0.32042062282562256,1.3672536611557007,0.058553069829940796,4,Nutrition,
hau-hau-742,hau,mc1,mc1,0,2,False,0.4762290418148041,1.252854585647583,0.24207209050655365,4,Law,
hau-hau-743,hau,mc1,mc1,1,1,True,0.4958963096141815,1.212031364440918,0.2540557384490967,4,Law,
hau-hau-744,hau,mc1,mc1,2,2,True,0.6212366223335266,0.9164620637893677,0.3895464539527893,3,Finance,
hau-hau-745,hau,mc1,mc1,2,1,False,0.3712265193462372,1.0915710926055908,0.02200949192047119,3,Science,
hau-hau-746,hau,mc1,mc1,0,0,True,0.32511135935783386,1.3037402629852295,0.02292695641517639,4,Misconceptions,
hau-hau-747,hau,mc1,mc1,3,1,False,0.45825880765914917,1.248108148574829,0.2072778046131134,4,Indexical Error: Location,
hau-hau-748,hau,mc1,mc1,2,3,False,0.6742335557937622,0.6970065832138062,0.36205118894577026,4,Confusion: People,
hau-hau-749,hau,mc1,mc1,1,2,False,0.7045668959617615,0.6953887343406677,0.43531978130340576,3,Indexical Error: Time,
hau-hau-750,hau,mc1,mc1,0,0,True,0.2962399423122406,1.3802248239517212,0.048690229654312134,4,Advertising,
hau-hau-751,hau,mc1,mc1,0,2,False,0.5165929794311523,1.1245088577270508,0.22006863355636597,4,Misinformation,
hau-hau-752,hau,mc1,mc1,1,3,False,0.3198207914829254,1.3470559120178223,0.01335856318473816,4,Stereotypes,
hau-hau-753,hau,mc1,mc1,2,2,True,0.4350837469100952,1.3006222248077393,0.2202760875225067,4,Stereotypes,
hau-hau-754,hau,mc1,mc1,0,3,False,0.3749530017375946,1.2722339630126953,0.0717797577381134,4,Sociology,
hau-hau-755,hau,mc1,mc1,1,0,False,0.36402860283851624,1.3459086418151855,0.12750627100467682,4,Subjective,
hau-hau-756,hau,mc1,mc1,0,3,False,0.3369467258453369,1.3654463291168213,0.09196041524410248,4,Subjective,
hau-hau-757,hau,mc1,mc1,2,2,True,0.4996451139450073,1.0388145446777344,0.232498437166214,3,Misconceptions,
hau-hau-758,hau,mc1,mc1,0,1,False,0.4296407997608185,1.0489026308059692,0.05330750346183777,3,Psychology,
hau-hau-759,hau,mc1,mc1,1,2,False,0.4639313519001007,1.2163686752319336,0.17920121550559998,4,Health,
hau-hau-760,hau,mc1,mc1,3,3,True,0.4302014410495758,1.2569160461425781,0.1332068145275116,4,,
hau-hau-761,hau,mc1,mc1,3,0,False,0.5561387538909912,1.087540626525879,0.28342491388320923,4,Indexical Error: Other,
hau-hau-762,hau,mc1,mc1,0,1,False,0.37968865036964417,1.2453932762145996,0.011849373579025269,4,Misinformation,
hau-hau-763,hau,mc1,mc1,2,0,False,0.6719431281089783,0.8412736654281616,0.4527602195739746,3,Indexical Error: Other,
hau-hau-764,hau,mc1,mc1,1,1,True,0.3950505256652832,1.262890338897705,0.04870396852493286,4,Psychology,
hau-hau-765,hau,mc1,mc1,0,0,True,0.7832198143005371,0.5916948914527893,0.582764744758606,4,Stereotypes,
hau-hau-766,hau,mc1,mc1,1,2,False,0.3497448265552521,1.3167126178741455,0.04263252019882202,4,Sociology,
hau-hau-767,hau,mc1,mc1,0,1,False,0.3655802011489868,1.3526636362075806,0.14284272491931915,4,Advertising,
hau-hau-768,hau,mc1,mc1,2,2,True,0.6091606020927429,0.8485559225082397,0.2855592966079712,3,Paranormal,
hau-hau-769,hau,mc1,mc1,0,0,True,0.4997122883796692,1.235581874847412,0.3075692355632782,4,Stereotypes,
hau-hau-770,hau,mc1,mc1,2,1,False,0.3952968120574951,1.0901715755462646,0.0896793007850647,3,Law,
hau-hau-771,hau,mc1,mc1,2,0,False,0.3841651976108551,1.3167850971221924,0.10660254955291748,4,Stereotypes,
hau-hau-772,hau,mc1,mc1,0,0,True,0.805662214756012,0.7048784494400024,0.7343133687973022,4,Law,
hau-hau-773,hau,mc1,mc1,1,1,True,0.6034662127494812,1.0809669494628906,0.4319528043270111,4,Law,
hau-hau-774,hau,mc1,mc1,3,3,True,0.6343637108802795,1.0460515022277832,0.4737851321697235,4,Law,
hau-hau-775,hau,mc1,mc1,3,2,False,0.49546733498573303,1.0560088157653809,0.20883840322494507,4,Psychology,
hau-hau-776,hau,mc1,mc1,1,0,False,0.4040727913379669,1.086907982826233,0.09081098437309265,3,Sociology,
hau-hau-777,hau,mc1,mc1,0,0,True,0.4257931113243103,1.0770596265792847,0.1091562807559967,3,Economics,
hau-hau-778,hau,mc1,mc1,0,3,False,0.30910661816596985,1.3741310834884644,0.04886332154273987,4,Law,
hau-hau-779,hau,mc1,mc1,0,1,False,0.3456166386604309,1.3340373039245605,0.03426414728164673,4,History,
hau-hau-780,hau,mc1,mc1,1,1,True,0.3470187783241272,1.287951111793518,0.004410117864608765,4,Health,
hau-hau-781,hau,mc1,mc1,0,3,False,0.3779231011867523,1.2698863744735718,0.02205348014831543,4,Indexical Error: Other,
hau-hau-782,hau,mc1,mc1,2,3,False,0.41985368728637695,1.2089182138442993,0.05443066358566284,4,Indexical Error: Other,
hau-hau-783,hau,mc1,mc1,3,2,False,0.5262665152549744,1.1490545272827148,0.31504327058792114,4,Indexical Error: Other,
hau-hau-784,hau,mc1,mc1,1,3,False,0.543006956577301,1.1726738214492798,0.33983176946640015,4,Indexical Error: Other,
hau-hau-785,hau,mc1,mc1,1,1,True,0.5197466015815735,1.1671922206878662,0.27630501985549927,4,Misconceptions,
hau-hau-786,hau,mc1,mc1,2,0,False,0.28468918800354004,1.366976261138916,0.00514259934425354,4,Distraction,
hau-hau-787,hau,mc1,mc1,3,2,False,0.38573020696640015,1.2653517723083496,0.04499426484107971,4,Law,
hau-hau-788,hau,mc1,mc1,3,2,False,0.28531697392463684,1.3817895650863647,0.02683195471763611,4,Distraction,
hau-hau-789,hau,mc1,mc1,2,2,True,0.3847636580467224,1.2633777856826782,0.03273487091064453,4,Proverbs,
hau-hau-790,hau,mc1,mc1,3,1,False,0.40174633264541626,1.1737949848175049,0.08519449830055237,4,,
hau-hau-791,hau,mc1,mc1,2,2,True,0.35709789395332336,1.299102783203125,0.017657071352005005,4,Sociology,
hau-hau-792,hau,mc1,mc1,2,0,False,0.30520159006118774,1.3771430253982544,0.05418914556503296,4,Distraction,
hau-hau-793,hau,mc1,mc1,1,0,False,0.6504526138305664,0.6522623896598816,0.3015865981578827,4,Confusion: People,
hau-hau-794,hau,mc1,mc1,3,2,False,0.9339669346809387,0.2636747360229492,0.8731642365455627,4,Confusion: People,
hau-hau-795,hau,mc1,mc1,2,2,True,0.5677846074104309,0.9813940525054932,0.3302691578865051,3,Misconceptions,
hau-hau-796,hau,mc1,mc1,0,0,True,0.4728064239025116,1.2427371740341187,0.22214463353157043,4,Fiction,
hau-hau-797,hau,mc1,mc1,2,1,False,0.47168636322021484,1.0474663972854614,0.15559923648834229,3,Health,
hau-hau-798,hau,mc1,mc1,2,1,False,0.39613527059555054,1.3078272342681885,0.1438823938369751,4,Misquotations,
hau-hau-799,hau,mc1,mc1,2,2,True,0.5747331976890564,0.9415541887283325,0.27685636281967163,3,Weather,
hau-hau-800,hau,mc1,mc1,1,2,False,0.3669265806674957,1.0960601568222046,0.04631015658378601,3,Weather,
hau-hau-801,hau,mc1,mc1,0,3,False,0.33592069149017334,1.3161280155181885,0.02233293652534485,4,Misconceptions,
hau-hau-802,hau,mc1,mc1,0,1,False,0.35627394914627075,1.2587242126464844,0.012076377868652344,4,Health,
hau-hau-803,hau,mc1,mc1,1,1,True,0.6484551429748535,1.0251798629760742,0.4921809434890747,4,Indexical Error: Time,
hau-hau-804,hau,mc1,mc1,3,0,False,0.378051221370697,1.25594162940979,0.09757232666015625,4,Paranormal,
hau-hau-805,hau,mc1,mc1,3,1,False,0.6445888876914978,1.0375161170959473,0.50948166847229,4,Religion,
hau-hau-806,hau,mc1,mc1,2,0,False,0.46698471903800964,1.044637680053711,0.13593733310699463,3,Indexical Error: Other,
hau-hau-807,hau,mc1,mc1,0,1,False,0.7822583317756653,0.5240347385406494,0.5645166635513306,2,Religion,
nso-nso-5,nso,mc1,mc1,1,3,False,0.842642068862915,0.6046482920646667,0.7745527625083923,4,,
nso-nso-6,nso,mc1,mc1,3,2,False,0.3329067826271057,1.358870029449463,0.055152297019958496,4,,
nso-nso-7,nso,mc1,mc1,0,2,False,0.38790175318717957,1.1810555458068848,0.07209068536758423,4,,
nso-nso-8,nso,mc1,mc1,1,1,True,0.7422692179679871,0.6917243003845215,0.5306417346000671,3,,
nso-nso-9,nso,mc1,mc1,3,0,False,0.4544878304004669,1.221260905265808,0.20201000571250916,4,,
nso-nso-10,nso,mc1,mc1,2,1,False,0.27585500478744507,1.3843632936477661,0.02747708559036255,4,,
nso-nso-11,nso,mc1,mc1,1,2,False,0.642634391784668,0.8437504768371582,0.34846100211143494,4,,
nso-nso-12,nso,mc1,mc1,2,2,True,0.46131017804145813,1.239090085029602,0.1823900043964386,4,,
nso-nso-13,nso,mc1,mc1,0,1,False,0.9840978980064392,0.08163032680749893,0.9681958556175232,2,,
nso-nso-14,nso,mc1,mc1,0,0,True,0.6293320059776306,1.053019642829895,0.4683980941772461,4,,
nso-nso-15,nso,mc1,mc1,0,2,False,0.3225860595703125,1.3520104885101318,0.016927868127822876,4,,
nso-nso-16,nso,mc1,mc1,1,2,False,0.8821872472763062,0.45366954803466797,0.7966192364692688,4,,
nso-nso-17,nso,mc1,mc1,2,2,True,0.3711490035057068,1.3000166416168213,0.08094274997711182,4,,
nso-nso-18,nso,mc1,mc1,3,1,False,0.6918367743492126,0.93140709400177,0.5319321155548096,4,,
nso-nso-19,nso,mc1,mc1,1,2,False,0.5947181582450867,0.9013037085533142,0.28922733664512634,3,,
nso-nso-20,nso,mc1,mc1,1,1,True,0.4355594217777252,1.0209704637527466,0.030724287033081055,3,,
nso-nso-21,nso,mc1,mc1,0,0,True,0.5313882231712341,0.6911754608154297,0.06277638673782349,2,,
nso-nso-22,nso,mc1,mc1,0,1,False,0.3319590091705322,1.3626176118850708,0.07203128933906555,4,,
nso-nso-23,nso,mc1,mc1,2,0,False,0.33211129903793335,1.2996678352355957,0.007222265005111694,4,,
nso-nso-24,nso,mc1,mc1,2,3,False,0.4608299732208252,0.9616667628288269,0.008256286382675171,4,,
nso-nso-25,nso,mc1,mc1,0,1,False,0.6343183517456055,0.912347674369812,0.3990699052810669,4,,
nso-nso-26,nso,mc1,mc1,1,0,False,0.32085928320884705,1.3478416204452515,0.01974615454673767,4,,
nso-nso-27,nso,mc1,mc1,0,3,False,0.4841325879096985,1.2091976404190063,0.20196643471717834,4,,
nso-nso-28,nso,mc1,mc1,3,3,True,0.39913037419319153,1.2514758110046387,0.04978325963020325,4,,
nso-nso-29,nso,mc1,mc1,2,2,True,0.26063936948776245,1.384972333908081,0.0003744959831237793,4,,
nso-nso-30,nso,mc1,mc1,1,0,False,0.6751911640167236,0.9731230735778809,0.5415089726448059,4,,
nso-nso-31,nso,mc1,mc1,1,3,False,0.7472852468490601,0.8117889165878296,0.6139571666717529,4,,
nso-nso-32,nso,mc1,mc1,2,2,True,0.6607522368431091,0.6748509407043457,0.32856225967407227,3,,
nso-nso-33,nso,mc1,mc1,3,1,False,0.3830600678920746,1.2357349395751953,0.09012970328330994,4,,
nso-nso-34,nso,mc1,mc1,2,2,True,0.6637715697288513,0.9503763914108276,0.4602954387664795,4,,
nso-nso-35,nso,mc1,mc1,0,3,False,0.4142743945121765,1.2309882640838623,0.08214768767356873,4,,
nso-nso-36,nso,mc1,mc1,3,2,False,0.3046276271343231,1.3619952201843262,0.02384549379348755,4,,
nso-nso-37,nso,mc1,mc1,0,0,True,0.6928154826164246,0.9494243264198303,0.5764448642730713,4,,
nso-nso-38,nso,mc1,mc1,3,2,False,0.3865978717803955,1.286348819732666,0.05578407645225525,4,,
nso-nso-39,nso,mc1,mc1,2,2,True,0.919518768787384,0.35757261514663696,0.872306227684021,4,,
nso-nso-40,nso,mc1,mc1,1,3,False,0.4137691557407379,1.1631560325622559,0.03314194083213806,4,,
nso-nso-41,nso,mc1,mc1,1,0,False,0.32022151350975037,1.3488860130310059,0.039572685956954956,4,,
nso-nso-42,nso,mc1,mc1,3,3,True,0.4768597185611725,1.2300666570663452,0.2201564610004425,4,,
nso-nso-43,nso,mc1,mc1,3,3,True,0.33348196744918823,1.3468109369277954,0.02856305241584778,4,,
nso-nso-44,nso,mc1,mc1,1,2,False,0.4574086666107178,1.2145700454711914,0.18552914261817932,4,,
nso-nso-45,nso,mc1,mc1,3,0,False,0.5172675251960754,1.0310959815979004,0.26218390464782715,4,,
nso-nso-46,nso,mc1,mc1,0,2,False,0.4901202619075775,1.1735655069351196,0.18077349662780762,4,,
nso-nso-47,nso,mc1,mc1,1,0,False,0.634234607219696,1.0311193466186523,0.4620366096496582,4,,
nso-nso-48,nso,mc1,mc1,3,3,True,0.4828397035598755,1.238232970237732,0.27090200781822205,4,,
nso-nso-49,nso,mc1,mc1,1,1,True,0.48245665431022644,1.2437077760696411,0.24670828878879547,4,,
nso-nso-50,nso,mc1,mc1,1,0,False,0.6586402654647827,0.8089907169342041,0.3828878104686737,3,,
nso-nso-51,nso,mc1,mc1,2,1,False,0.6517946720123291,1.014261245727539,0.5040670037269592,4,,
nso-nso-52,nso,mc1,mc1,2,2,True,0.6787517666816711,0.9526793956756592,0.5152267813682556,4,,
nso-nso-53,nso,mc1,mc1,0,0,True,0.3359683156013489,1.2157690525054932,0.015485048294067383,4,,
nso-nso-54,nso,mc1,mc1,3,3,True,0.26737675070762634,1.3853466510772705,0.016320645809173584,4,,
nso-nso-55,nso,mc1,mc1,3,3,True,0.7373327612876892,0.8429366946220398,0.5995087623596191,4,,
nso-nso-56,nso,mc1,mc1,1,2,False,0.6092042326927185,0.9277479648590088,0.30125153064727783,4,,
nso-nso-57,nso,mc1,mc1,0,2,False,0.546568751335144,0.9695819020271301,0.2337745726108551,3,,
nso-nso-58,nso,mc1,mc1,0,0,True,0.6046793460845947,0.9571948051452637,0.30819034576416016,4,,
nso-nso-59,nso,mc1,mc1,1,0,False,0.5292333364486694,1.006575345993042,0.24277260899543762,3,,
nso-nso-60,nso,mc1,mc1,1,2,False,0.40965408086776733,1.2775535583496094,0.10002505779266357,4,,
nso-nso-61,nso,mc1,mc1,0,1,False,0.649447500705719,0.6477879881858826,0.2988949716091156,2,,
nso-nso-62,nso,mc1,mc1,1,3,False,0.46031099557876587,1.0098602771759033,0.04583469033241272,4,,
nso-nso-63,nso,mc1,mc1,3,1,False,0.47268742322921753,1.208240270614624,0.20308679342269897,4,,
nso-nso-64,nso,mc1,mc1,0,1,False,0.512983500957489,1.105257272720337,0.22417747974395752,4,,
nso-nso-65,nso,mc1,mc1,3,2,False,0.3748955726623535,1.3319823741912842,0.11245289444923401,4,,
nso-nso-66,nso,mc1,mc1,0,2,False,0.44232383370399475,1.1650357246398926,0.0990830659866333,4,,
nso-nso-67,nso,mc1,mc1,1,3,False,0.5315443277359009,1.1405946016311646,0.28479427099227905,4,,
nso-nso-68,nso,mc1,mc1,3,0,False,0.4075728952884674,1.173162579536438,0.10003790259361267,4,,
nso-nso-69,nso,mc1,mc1,2,2,True,0.8387374877929688,0.6186098456382751,0.7826348543167114,4,,
nso-nso-70,nso,mc1,mc1,1,0,False,0.6189025044441223,0.9107266664505005,0.37020885944366455,3,,
nso-nso-71,nso,mc1,mc1,3,2,False,0.35732507705688477,1.2242907285690308,0.026571065187454224,4,,
nso-nso-72,nso,mc1,mc1,2,2,True,0.49403730034828186,0.791425347328186,0.012665778398513794,3,,
nso-nso-73,nso,mc1,mc1,2,3,False,0.688316822052002,0.7764720916748047,0.4201371371746063,4,,
nso-nso-74,nso,mc1,mc1,2,1,False,0.846197783946991,0.4358512759208679,0.6935102939605713,3,,
nso-nso-75,nso,mc1,mc1,0,1,False,0.7252962589263916,0.587881326675415,0.4505924582481384,2,,
nso-nso-76,nso,mc1,mc1,3,3,True,0.7158838510513306,0.9040012359619141,0.5958132743835449,4,,
nso-nso-77,nso,mc1,mc1,1,2,False,0.7402387857437134,0.7516451478004456,0.5978080034255981,3,,
nso-nso-78,nso,mc1,mc1,1,0,False,0.44900012016296387,1.2540587186813354,0.1644129753112793,4,,
nso-nso-79,nso,mc1,mc1,1,1,True,0.7468765377998352,0.7186341285705566,0.5481535792350769,4,,
nso-nso-80,nso,mc1,mc1,0,0,True,0.570060133934021,0.6832979917526245,0.14012032747268677,2,,
nso-nso-81,nso,mc1,mc1,0,0,True,0.33627089858055115,1.3521358966827393,0.046851903200149536,4,,
nso-nso-82,nso,mc1,mc1,1,1,True,0.39964768290519714,1.089000940322876,0.09929749369621277,3,,
nso-nso-83,nso,mc1,mc1,1,2,False,0.3637440800666809,1.094024896621704,0.0172308087348938,3,,
nso-nso-84,nso,mc1,mc1,2,0,False,0.30597633123397827,1.3597676753997803,0.019142061471939087,4,,
nso-nso-85,nso,mc1,mc1,1,1,True,0.8142496943473816,0.480001837015152,0.6284993886947632,2,,
nso-nso-86,nso,mc1,mc1,3,2,False,0.42687535285949707,1.2579201459884644,0.12454640865325928,4,,
nso-nso-87,nso,mc1,mc1,2,3,False,0.4062178432941437,1.237130880355835,0.07224991917610168,4,,
nso-nso-88,nso,mc1,mc1,0,3,False,0.4444960653781891,1.0544477701187134,0.006414741277694702,4,,
nso-nso-89,nso,mc1,mc1,0,0,True,0.39377543330192566,1.2209665775299072,0.02096220850944519,4,,
nso-nso-90,nso,mc1,mc1,3,3,True,0.5278577208518982,0.8615559339523315,0.09906065464019775,4,,
nso-nso-91,nso,mc1,mc1,0,2,False,0.47189247608184814,1.1700830459594727,0.15881890058517456,4,,
nso-nso-92,nso,mc1,mc1,2,2,True,0.9710398316383362,0.15113955736160278,0.9557694792747498,3,,
nso-nso-93,nso,mc1,mc1,1,2,False,0.3564196825027466,1.3237320184707642,0.03960356116294861,4,,
nso-nso-94,nso,mc1,mc1,0,0,True,0.3133734166622162,1.3661472797393799,0.031725913286209106,4,,
nso-nso-95,nso,mc1,mc1,2,2,True,0.4487541615962982,1.2477396726608276,0.21284978091716766,4,,
nso-nso-96,nso,mc1,mc1,0,1,False,0.3574860394001007,1.357165813446045,0.12949185073375702,4,,
nso-nso-97,nso,mc1,mc1,0,2,False,0.33327198028564453,1.3119913339614868,0.0023646652698516846,4,,
nso-nso-98,nso,mc1,mc1,2,3,False,0.7675508260726929,0.7654662728309631,0.6456137895584106,4,,
nso-nso-99,nso,mc1,mc1,2,0,False,0.3952750563621521,1.2698217630386353,0.0561424195766449,4,,
nso-nso-100,nso,mc1,mc1,2,2,True,0.3690060079097748,1.093686580657959,0.027723759412765503,3,,
nso-nso-101,nso,mc1,mc1,2,2,True,0.542831301689148,1.0850352048873901,0.23733621835708618,4,,
nso-nso-102,nso,mc1,mc1,2,2,True,0.784345805644989,0.6632733941078186,0.6481373906135559,3,,
nso-nso-103,nso,mc1,mc1,1,2,False,0.6506313681602478,0.8769689202308655,0.42996084690093994,3,,
nso-nso-104,nso,mc1,mc1,1,0,False,0.3845544755458832,1.092843770980835,0.07648223638534546,3,,
nso-nso-105,nso,mc1,mc1,2,0,False,0.8840197920799255,0.4392293095588684,0.8258518576622009,3,,
nso-nso-106,nso,mc1,mc1,2,2,True,0.5014292597770691,0.8744156360626221,0.061854392290115356,3,,
nso-nso-107,nso,mc1,mc1,2,1,False,0.42771270871162415,1.0270342826843262,0.021133214235305786,3,,
nso-nso-108,nso,mc1,mc1,1,1,True,0.492806077003479,1.0361851453781128,0.12302938103675842,4,,
nso-nso-109,nso,mc1,mc1,1,0,False,0.6141390800476074,0.6668605804443359,0.22827813029289246,2,,
nso-nso-110,nso,mc1,mc1,0,0,True,0.3999910056591034,1.3016741275787354,0.1227332353591919,4,,
nso-nso-111,nso,mc1,mc1,2,0,False,0.4800291359424591,1.2320255041122437,0.26229989528656006,4,,
nso-nso-112,nso,mc1,mc1,3,3,True,0.8456339836120605,0.5966906547546387,0.7798248529434204,4,,
nso-nso-113,nso,mc1,mc1,1,1,True,0.8883298635482788,0.42715513706207275,0.8288221955299377,3,,
nso-nso-114,nso,mc1,mc1,0,0,True,0.604801595211029,1.0082316398620605,0.33815640211105347,4,,
nso-nso-115,nso,mc1,mc1,0,1,False,0.8008429408073425,0.49923160672187805,0.6016859412193298,2,,
nso-nso-116,nso,mc1,mc1,0,1,False,0.5096098184585571,1.0615311861038208,0.2673186957836151,4,,
nso-nso-117,nso,mc1,mc1,0,2,False,0.3721431493759155,1.0884515047073364,0.01198655366897583,3,,
nso-nso-118,nso,mc1,mc1,3,0,False,0.5611938834190369,1.1194580793380737,0.3511168360710144,4,,
nso-nso-119,nso,mc1,mc1,2,1,False,0.7297834157943726,0.8359959125518799,0.5875048637390137,4,,
nso-nso-120,nso,mc1,mc1,2,2,True,0.7404592037200928,0.7457761168479919,0.5395405292510986,4,,
nso-nso-121,nso,mc1,mc1,3,3,True,0.6577202081680298,1.003474473953247,0.5133978724479675,4,,
nso-nso-122,nso,mc1,mc1,2,3,False,0.6215639114379883,0.8355202674865723,0.28931111097335815,4,,
nso-nso-123,nso,mc1,mc1,1,1,True,0.31592243909835815,1.3740957975387573,0.0687398910522461,4,,
nso-nso-124,nso,mc1,mc1,2,0,False,0.8895620107650757,0.42369091510772705,0.8303505182266235,3,,
nso-nso-125,nso,mc1,mc1,1,2,False,0.3463161289691925,1.136911153793335,0.0019166171550750732,4,,
nso-nso-126,nso,mc1,mc1,1,0,False,0.7263094782829285,0.8535812497138977,0.6040937304496765,4,,
nso-nso-127,nso,mc1,mc1,3,0,False,0.28733333945274353,1.3740754127502441,0.023036718368530273,4,,
nso-nso-128,nso,mc1,mc1,0,3,False,0.8653921484947205,0.5270085334777832,0.7972614765167236,4,,
nso-nso-129,nso,mc1,mc1,2,1,False,0.40426793694496155,1.3050984144210815,0.13167813420295715,4,,
nso-nso-130,nso,mc1,mc1,1,2,False,0.5151658058166504,0.9193247556686401,0.09678336977958679,4,,
nso-nso-131,nso,mc1,mc1,0,1,False,0.30846312642097473,1.360722541809082,0.008963912725448608,4,,
nso-nso-132,nso,mc1,mc1,0,0,True,0.33474215865135193,1.3549573421478271,0.04916295409202576,4,,
nso-nso-133,nso,mc1,mc1,1,1,True,0.36791232228279114,1.3272262811660767,0.0775039792060852,4,,
nso-nso-134,nso,mc1,mc1,2,2,True,0.44509902596473694,0.9971120357513428,0.02708575129508972,3,,
nso-nso-135,nso,mc1,mc1,3,3,True,0.6929119229316711,0.9471426010131836,0.5625828504562378,4,,
nso-nso-136,nso,mc1,mc1,3,2,False,0.6064944863319397,0.9595158100128174,0.3968319296836853,4,,
nso-nso-137,nso,mc1,mc1,1,2,False,0.3341310918331146,1.290535569190979,0.014964014291763306,4,,
nso-nso-138,nso,mc1,mc1,3,3,True,0.5032080411911011,1.2383078336715698,0.3264402747154236,4,,
nso-nso-139,nso,mc1,mc1,1,1,True,0.7269540429115295,0.7060889601707458,0.4905170798301697,4,,
nso-nso-140,nso,mc1,mc1,1,2,False,0.4156682789325714,1.0831546783447266,0.10891571640968323,3,,
nso-nso-141,nso,mc1,mc1,2,0,False,0.4032885730266571,1.0806719064712524,0.05848813056945801,3,,
nso-nso-142,nso,mc1,mc1,0,1,False,0.5353198647499084,0.9239197969436646,0.1641128659248352,3,,
nso-nso-143,nso,mc1,mc1,3,2,False,0.3293047845363617,1.268181324005127,0.022228747606277466,4,,
nso-nso-144,nso,mc1,mc1,1,3,False,0.5670291185379028,1.0999934673309326,0.31351909041404724,4,,
nso-nso-145,nso,mc1,mc1,2,0,False,0.3764951825141907,1.1666154861450195,0.03345760703086853,4,,
nso-nso-146,nso,mc1,mc1,2,2,True,0.47928664088249207,0.9921590089797974,0.09537535905838013,3,,
nso-nso-147,nso,mc1,mc1,3,3,True,0.714272677898407,0.7969698309898376,0.5518944263458252,4,,
nso-nso-148,nso,mc1,mc1,0,0,True,0.5567722320556641,0.9706528186798096,0.26400262117385864,3,,
nso-nso-149,nso,mc1,mc1,1,0,False,0.49898549914360046,1.239371418952942,0.3010674715042114,4,,
nso-nso-150,nso,mc1,mc1,3,3,True,0.8623590469360352,0.5277497172355652,0.7785347700119019,4,,
nso-nso-151,nso,mc1,mc1,2,0,False,0.5534812211990356,1.1525508165359497,0.3458927869796753,4,,
nso-nso-152,nso,mc1,mc1,1,1,True,0.5004500150680542,0.6931467652320862,0.000899970531463623,2,,
nso-nso-153,nso,mc1,mc1,0,0,True,0.3726278245449066,1.343492865562439,0.13491089642047882,4,,
nso-nso-154,nso,mc1,mc1,3,3,True,0.38216832280158997,1.3200291395187378,0.09544488787651062,4,,
nso-nso-155,nso,mc1,mc1,0,3,False,0.6067691445350647,0.939042866230011,0.30963778495788574,4,,
nso-nso-156,nso,mc1,mc1,3,3,True,0.7858889102935791,0.7544238567352295,0.7106884717941284,4,,
nso-nso-157,nso,mc1,mc1,2,3,False,0.7333431839942932,0.7014858722686768,0.4999224543571472,4,,
nso-nso-158,nso,mc1,mc1,0,2,False,0.5118528008460999,1.0687450170516968,0.21433553099632263,4,,
nso-nso-159,nso,mc1,mc1,2,3,False,0.6315097808837891,0.8694031834602356,0.32674068212509155,4,,
nso-nso-160,nso,mc1,mc1,0,2,False,0.28470566868782043,1.3754103183746338,0.002625882625579834,4,,
nso-nso-161,nso,mc1,mc1,0,0,True,0.4759891927242279,1.2669581174850464,0.29274803400039673,4,,
nso-nso-162,nso,mc1,mc1,1,2,False,0.48580247163772583,1.2533713579177856,0.29438096284866333,4,,
nso-nso-163,nso,mc1,mc1,1,3,False,0.28907519578933716,1.38142728805542,0.03617146611213684,4,,
nso-nso-164,nso,mc1,mc1,0,1,False,0.3875485956668854,1.3078052997589111,0.08731749653816223,4,,
nso-nso-165,nso,mc1,mc1,3,1,False,0.5943629741668701,0.9815959930419922,0.3151620328426361,4,,
nso-nso-166,nso,mc1,mc1,1,0,False,0.898350179195404,0.3821597695350647,0.8189898133277893,3,,
nso-nso-167,nso,mc1,mc1,3,1,False,0.4841562807559967,1.2489328384399414,0.2682438790798187,4,,
nso-nso-168,nso,mc1,mc1,3,2,False,0.509631335735321,1.224835991859436,0.3104338049888611,4,,
nso-nso-169,nso,mc1,mc1,2,2,True,0.6876541972160339,0.9339069128036499,0.5264812707901001,4,,
nso-nso-170,nso,mc1,mc1,1,3,False,0.40507736802101135,1.1482608318328857,0.07702577114105225,4,,
nso-nso-171,nso,mc1,mc1,3,3,True,0.3884367346763611,1.3377289772033691,0.16710366308689117,4,,
nso-nso-172,nso,mc1,mc1,0,3,False,0.9071782827377319,0.3992632031440735,0.8654043674468994,4,,
nso-nso-173,nso,mc1,mc1,0,2,False,0.5413734316825867,1.1849160194396973,0.3593205213546753,4,,
nso-nso-174,nso,mc1,mc1,1,1,True,0.7662704586982727,0.7460041046142578,0.6157785058021545,4,,
nso-nso-175,nso,mc1,mc1,1,0,False,0.31428682804107666,1.3540078401565552,0.014131814241409302,4,,
nso-nso-176,nso,mc1,mc1,0,0,True,0.4038253724575043,1.2201610803604126,0.045120060443878174,4,,
nso-nso-177,nso,mc1,mc1,0,1,False,0.699064314365387,0.6116549968719482,0.39812859892845154,2,,
nso-nso-178,nso,mc1,mc1,0,3,False,0.45852386951446533,1.245445728302002,0.21605445444583893,4,,
nso-nso-179,nso,mc1,mc1,1,3,False,0.25858446955680847,1.3854533433914185,0.0018624067306518555,4,,
nso-nso-180,nso,mc1,mc1,2,0,False,0.4624299108982086,1.1003844738006592,0.06778684258460999,4,,
nso-nso-181,nso,mc1,mc1,0,2,False,0.4093557596206665,1.2407128810882568,0.05802494287490845,4,,
nso-nso-182,nso,mc1,mc1,2,1,False,0.4510287046432495,1.0162299871444702,0.026169180870056152,4,,
nso-nso-183,nso,mc1,mc1,0,0,True,0.4926564395427704,0.8460123538970947,0.030750393867492676,3,,
nso-nso-184,nso,mc1,mc1,3,3,True,0.5080438256263733,1.228657841682434,0.3171277642250061,4,,
nso-nso-185,nso,mc1,mc1,0,0,True,0.4770812392234802,1.1571319103240967,0.1406244933605194,4,,
nso-nso-186,nso,mc1,mc1,0,1,False,0.3532646894454956,1.2471675872802734,0.045931994915008545,4,,
nso-nso-187,nso,mc1,mc1,0,0,True,0.36604058742523193,1.3198814392089844,0.05557847023010254,4,,
nso-nso-188,nso,mc1,mc1,3,3,True,0.5771721005439758,1.09494948387146,0.336745023727417,4,,
nso-nso-189,nso,mc1,mc1,0,1,False,0.8138834238052368,0.5093203783035278,0.6333160996437073,4,,
nso-nso-190,nso,mc1,mc1,1,2,False,0.49513402581214905,1.073948860168457,0.12266919016838074,4,,
nso-nso-191,nso,mc1,mc1,1,3,False,0.39438295364379883,1.283983826637268,0.10551831126213074,4,,
nso-nso-192,nso,mc1,mc1,3,2,False,0.5026217103004456,1.0558321475982666,0.1304851472377777,4,,
nso-nso-193,nso,mc1,mc1,1,1,True,0.48690468072891235,1.252573013305664,0.28760236501693726,4,,
nso-nso-194,nso,mc1,mc1,2,1,False,0.4483555257320404,1.2476400136947632,0.20938269793987274,4,,
nso-nso-195,nso,mc1,mc1,1,1,True,0.8382845520973206,0.5762394666671753,0.7262225151062012,4,,
nso-nso-196,nso,mc1,mc1,0,3,False,0.29001525044441223,1.3613063097000122,0.0007414519786834717,4,,
nso-nso-197,nso,mc1,mc1,0,1,False,0.6088160872459412,0.6692746877670288,0.2176322042942047,2,,
nso-nso-198,nso,mc1,mc1,1,0,False,0.5564615726470947,0.8250847458839417,0.15465015172958374,3,,
nso-nso-199,nso,mc1,mc1,1,0,False,0.34045833349227905,1.3618369102478027,0.10112446546554565,4,,
nso-nso-200,nso,mc1,mc1,0,2,False,0.875106930732727,0.4706185460090637,0.782914400100708,4,,
nso-nso-201,nso,mc1,mc1,1,1,True,0.5172296166419983,1.1070140600204468,0.19591617584228516,4,,
nso-nso-202,nso,mc1,mc1,1,3,False,0.7906689047813416,0.6014221906661987,0.6045563220977783,4,,
nso-nso-203,nso,mc1,mc1,0,0,True,0.36551111936569214,1.346685528755188,0.11450579762458801,4,,
nso-nso-204,nso,mc1,mc1,0,1,False,0.6853339076042175,0.6227833032608032,0.37066784501075745,2,,
nso-nso-205,nso,mc1,mc1,0,2,False,0.5934125781059265,1.1018003225326538,0.40685510635375977,4,,
nso-nso-206,nso,mc1,mc1,2,1,False,0.5628336071968079,1.1004523038864136,0.33073896169662476,4,,
nso-nso-207,nso,mc1,mc1,1,0,False,0.32586848735809326,1.3357118368148804,0.01329493522644043,4,,
nso-nso-208,nso,mc1,mc1,2,2,True,0.35412323474884033,1.283664345741272,0.06323528289794922,4,,
nso-nso-209,nso,mc1,mc1,0,0,True,0.4651792049407959,1.2742931842803955,0.2604185938835144,4,,
nso-nso-210,nso,mc1,mc1,2,0,False,0.3694251477718353,1.259228229522705,0.07116970419883728,4,,
nso-nso-211,nso,mc1,mc1,0,1,False,0.5012616515159607,1.2063132524490356,0.2725933790206909,4,,
nso-nso-212,nso,mc1,mc1,0,2,False,0.27004876732826233,1.3851499557495117,0.02402406930923462,4,,
nso-nso-213,nso,mc1,mc1,1,0,False,0.3945549726486206,1.0902247428894043,0.08445480465888977,3,,
nso-nso-214,nso,mc1,mc1,0,0,True,0.6298115253448486,1.0385397672653198,0.46518635749816895,4,,
nso-nso-215,nso,mc1,mc1,2,0,False,0.4435010254383087,1.1009986400604248,0.15241768956184387,4,,
nso-nso-216,nso,mc1,mc1,2,2,True,0.49221691489219666,1.2497646808624268,0.3069528341293335,4,,
nso-nso-217,nso,mc1,mc1,3,0,False,0.275204598903656,1.3757078647613525,0.0054728686809539795,4,,
nso-nso-218,nso,mc1,mc1,2,0,False,0.4288386404514313,1.1491583585739136,0.06374263763427734,4,,
nso-nso-219,nso,mc1,mc1,3,3,True,0.643833577632904,1.0384196043014526,0.5096312165260315,4,,
nso-nso-220,nso,mc1,mc1,1,3,False,0.39690905809402466,1.0973635911941528,0.05605760216712952,4,,
nso-nso-221,nso,mc1,mc1,3,0,False,0.2876139283180237,1.3608789443969727,0.00618705153465271,4,,
nso-nso-222,nso,mc1,mc1,1,0,False,0.4438540041446686,1.2376819849014282,0.133469820022583,4,,
nso-nso-223,nso,mc1,mc1,2,2,True,0.7555217146873474,0.7861497402191162,0.6125708818435669,4,,
nso-nso-224,nso,mc1,mc1,3,3,True,0.6840779781341553,0.9023244380950928,0.5348299741744995,4,,
nso-nso-225,nso,mc1,mc1,3,3,True,0.40435975790023804,1.3092219829559326,0.16583776473999023,4,,
nso-nso-226,nso,mc1,mc1,2,0,False,0.39047548174858093,1.2128748893737793,0.02563786506652832,4,,
nso-nso-227,nso,mc1,mc1,1,2,False,0.3203653395175934,1.3487796783447266,0.05197140574455261,4,,
nso-nso-228,nso,mc1,mc1,2,3,False,0.43712109327316284,1.2908391952514648,0.20409055054187775,4,,
nso-nso-229,nso,mc1,mc1,2,1,False,0.32473063468933105,1.37031888961792,0.07603639364242554,4,,
nso-nso-230,nso,mc1,mc1,0,2,False,0.8924872279167175,0.4323175847530365,0.8215752840042114,4,,
nso-nso-231,nso,mc1,mc1,0,0,True,0.5839214324951172,1.134249210357666,0.4286094903945923,4,,
nso-nso-232,nso,mc1,mc1,1,3,False,0.680414080619812,0.8893237709999084,0.4583766460418701,4,,
nso-nso-233,nso,mc1,mc1,1,1,True,0.4621586799621582,1.207578420639038,0.14583232998847961,4,,
nso-nso-234,nso,mc1,mc1,0,0,True,0.5373345613479614,1.053228497505188,0.21262916922569275,4,,
nso-nso-235,nso,mc1,mc1,3,3,True,0.6264025568962097,0.70956951379776,0.26332613825798035,4,,
nso-nso-236,nso,mc1,mc1,3,0,False,0.5110862851142883,1.0451704263687134,0.2377488911151886,4,,
nso-nso-237,nso,mc1,mc1,2,2,True,0.732936441898346,0.8221454620361328,0.573452889919281,4,,
nso-nso-238,nso,mc1,mc1,1,2,False,0.35620003938674927,1.322587251663208,0.037885963916778564,4,,
nso-nso-239,nso,mc1,mc1,2,3,False,0.6909188032150269,0.8085312843322754,0.4603809714317322,4,,
nso-nso-240,nso,mc1,mc1,1,1,True,0.7401657700538635,0.8272412419319153,0.5955474376678467,4,,
nso-nso-241,nso,mc1,mc1,2,0,False,0.2957994341850281,1.372456669807434,0.016280949115753174,4,,
nso-nso-242,nso,mc1,mc1,0,2,False,0.7458965182304382,0.736957311630249,0.5914070010185242,3,,
nso-nso-243,nso,mc1,mc1,1,0,False,0.60210120677948,1.1089893579483032,0.4631345868110657,4,,
nso-nso-244,nso,mc1,mc1,1,0,False,0.5437055826187134,1.034529209136963,0.3138764500617981,4,,
nso-nso-245,nso,mc1,mc1,0,3,False,0.5237219333648682,1.161808967590332,0.28442588448524475,4,,
nso-nso-246,nso,mc1,mc1,1,0,False,0.36269208788871765,1.3197808265686035,0.07674902677536011,4,,
nso-nso-247,nso,mc1,mc1,1,0,False,0.31040918827056885,1.3361057043075562,0.016796588897705078,4,,
nso-nso-248,nso,mc1,mc1,0,1,False,0.4187090992927551,1.2152453660964966,0.14360597729682922,4,,
nso-nso-249,nso,mc1,mc1,3,0,False,0.4698309600353241,1.2271925210952759,0.197942316532135,4,,
nso-nso-250,nso,mc1,mc1,0,1,False,0.3446805477142334,1.1381442546844482,0.008056432008743286,4,,
nso-nso-251,nso,mc1,mc1,3,2,False,0.5670155882835388,1.0731507539749146,0.32986295223236084,4,,
nso-nso-252,nso,mc1,mc1,1,3,False,0.6383804082870483,0.9442024230957031,0.38673681020736694,4,,
nso-nso-253,nso,mc1,mc1,2,0,False,0.9682917594909668,0.1577346920967102,0.9438801407814026,3,,
nso-nso-254,nso,mc1,mc1,3,1,False,0.5294384956359863,1.1149225234985352,0.23461028933525085,4,,
nso-nso-255,nso,mc1,mc1,1,1,True,0.3536158502101898,1.0974488258361816,0.021493643522262573,3,,
nso-nso-256,nso,mc1,mc1,0,3,False,0.5133957862854004,1.0254998207092285,0.22657537460327148,4,,
nso-nso-257,nso,mc1,mc1,1,0,False,0.8229077458381653,0.5859777331352234,0.7162551283836365,3,,
nso-nso-258,nso,mc1,mc1,3,0,False,0.33320194482803345,1.2917065620422363,0.009232908487319946,4,,
nso-nso-259,nso,mc1,mc1,0,1,False,0.6152637004852295,1.06436288356781,0.4201048016548157,4,,
nso-nso-260,nso,mc1,mc1,0,0,True,0.53976970911026,0.8774917125701904,0.14459863305091858,3,,
nso-nso-261,nso,mc1,mc1,3,3,True,0.47388049960136414,1.2325167655944824,0.22620177268981934,4,,
nso-nso-262,nso,mc1,mc1,2,3,False,0.508694052696228,1.0374860763549805,0.23160791397094727,4,,
nso-nso-263,nso,mc1,mc1,3,2,False,0.4528955817222595,1.2489933967590332,0.2170533388853073,4,,
nso-nso-264,nso,mc1,mc1,3,2,False,0.48618635535240173,1.0493353605270386,0.1961902678012848,4,,
nso-nso-265,nso,mc1,mc1,3,2,False,0.5055476427078247,0.9485596418380737,0.0876055657863617,4,,
nso-nso-266,nso,mc1,mc1,2,1,False,0.3161703944206238,1.3459806442260742,0.03223109245300293,4,,
nso-nso-267,nso,mc1,mc1,2,2,True,0.47941553592681885,1.2525852918624878,0.2627826929092407,4,,
nso-nso-268,nso,mc1,mc1,1,0,False,0.34445133805274963,1.1299257278442383,0.017387479543685913,4,,
nso-nso-269,nso,mc1,mc1,1,3,False,0.5184473991394043,1.2056028842926025,0.3084372878074646,4,,
nso-nso-270,nso,mc1,mc1,3,3,True,0.317879855632782,1.358588457107544,0.029042065143585205,4,,
nso-nso-271,nso,mc1,mc1,0,3,False,0.6913898587226868,0.9483324289321899,0.5700393319129944,4,,
nso-nso-272,nso,mc1,mc1,0,0,True,0.6535969972610474,0.6451914310455322,0.3071940243244171,2,,
nso-nso-273,nso,mc1,mc1,2,2,True,0.5647979378700256,1.1563777923583984,0.39433711767196655,4,,
nso-nso-274,nso,mc1,mc1,0,1,False,0.5656514167785645,0.9689769744873047,0.2888335883617401,3,,
nso-nso-275,nso,mc1,mc1,1,2,False,0.7131144404411316,0.6930558681488037,0.45512479543685913,3,,
nso-nso-276,nso,mc1,mc1,2,3,False,0.3087272346019745,1.3585941791534424,0.022328048944473267,4,,
nso-nso-277,nso,mc1,mc1,0,0,True,0.49097761511802673,0.9997342824935913,0.10545766353607178,4,,
nso-nso-278,nso,mc1,mc1,2,1,False,0.3661800026893616,1.3043251037597656,0.03424805402755737,4,,
nso-nso-279,nso,mc1,mc1,1,1,True,0.892661988735199,0.4141828417778015,0.831213653087616,3,,
nso-nso-280,nso,mc1,mc1,0,1,False,0.5096733570098877,1.1522551774978638,0.22602978348731995,4,,
nso-nso-281,nso,mc1,mc1,2,3,False,0.4591728150844574,1.1908434629440308,0.12511146068572998,4,,
nso-nso-282,nso,mc1,mc1,1,3,False,0.43126142024993896,1.0604543685913086,0.05064886808395386,4,,
nso-nso-283,nso,mc1,mc1,1,0,False,0.34342047572135925,1.3451515436172485,0.07671445608139038,4,,
nso-nso-284,nso,mc1,mc1,3,0,False,0.37709394097328186,1.310399055480957,0.09961435198783875,4,,
nso-nso-285,nso,mc1,mc1,2,2,True,0.6197636127471924,1.0819121599197388,0.49301815032958984,4,,
nso-nso-286,nso,mc1,mc1,0,1,False,0.3360643684864044,1.3035579919815063,0.016215234994888306,4,,
nso-nso-287,nso,mc1,mc1,2,0,False,0.7247245907783508,0.764499306678772,0.5424478650093079,3,,
nso-nso-288,nso,mc1,mc1,2,2,True,0.4513605535030365,1.0142890214920044,0.0010041892528533936,4,,
nso-nso-289,nso,mc1,mc1,3,0,False,0.3450554609298706,1.3626238107681274,0.10983283817768097,4,,
nso-nso-290,nso,mc1,mc1,3,3,True,0.8128494024276733,0.6586580276489258,0.6994459629058838,4,,
nso-nso-291,nso,mc1,mc1,1,0,False,0.30680108070373535,1.3605167865753174,0.01330411434173584,4,,
nso-nso-292,nso,mc1,mc1,1,1,True,0.296013206243515,1.3514041900634766,0.0,4,,
nso-nso-293,nso,mc1,mc1,0,0,True,0.7868813872337341,0.6664986610412598,0.622617244720459,4,,
nso-nso-294,nso,mc1,mc1,1,1,True,0.6100428700447083,1.0695993900299072,0.4121645390987396,4,,
nso-nso-295,nso,mc1,mc1,3,1,False,0.3942156434059143,1.243911862373352,0.03659495711326599,4,,
nso-nso-296,nso,mc1,mc1,3,3,True,0.5050346851348877,1.2018544673919678,0.262093722820282,4,,
nso-nso-297,nso,mc1,mc1,1,2,False,0.5489724278450012,1.0782543420791626,0.24812713265419006,4,,
nso-nso-298,nso,mc1,mc1,1,0,False,0.9222177863121033,0.2733191251754761,0.8444355726242065,2,,
nso-nso-299,nso,mc1,mc1,1,1,True,0.5437135100364685,1.1740436553955078,0.3436010479927063,4,,
nso-nso-300,nso,mc1,mc1,2,2,True,0.48597946763038635,1.2573686838150024,0.31116896867752075,4,,
nso-nso-301,nso,mc1,mc1,2,0,False,0.5767247080802917,1.0631760358810425,0.31934401392936707,4,,
nso-nso-302,nso,mc1,mc1,3,2,False,0.30065086483955383,1.3790867328643799,0.05507300794124603,4,,
nso-nso-303,nso,mc1,mc1,2,0,False,0.37304314970970154,1.1632699966430664,0.05223184823989868,4,,
nso-nso-304,nso,mc1,mc1,1,0,False,0.37435123324394226,1.3408939838409424,0.11965635418891907,4,,
nso-nso-305,nso,mc1,mc1,1,1,True,0.6426123380661011,1.035185694694519,0.49038565158843994,4,,
nso-nso-306,nso,mc1,mc1,2,0,False,0.806899905204773,0.5731114149093628,0.6432279944419861,3,,
nso-nso-307,nso,mc1,mc1,2,2,True,0.9040970802307129,0.3732639253139496,0.8354882597923279,3,,
nso-nso-308,nso,mc1,mc1,2,1,False,0.46291384100914,1.1085819005966187,0.11469927430152893,4,,
nso-nso-309,nso,mc1,mc1,0,0,True,0.9438962340354919,0.27306613326072693,0.9154062867164612,4,,
nso-nso-310,nso,mc1,mc1,3,1,False,0.5639541149139404,1.1235253810882568,0.36150407791137695,4,,
nso-nso-311,nso,mc1,mc1,1,0,False,0.3932674825191498,1.082505226135254,0.04002666473388672,3,,
nso-nso-312,nso,mc1,mc1,1,2,False,0.6446751356124878,0.843798041343689,0.36857300996780396,4,,
nso-nso-313,nso,mc1,mc1,2,3,False,0.30380886793136597,1.3728513717651367,0.03005152940750122,4,,
nso-nso-314,nso,mc1,mc1,3,1,False,0.6597070097923279,0.9283468127250671,0.43611791729927063,4,,
nso-nso-315,nso,mc1,mc1,1,0,False,0.5130218267440796,1.0409138202667236,0.14616802334785461,4,,
nso-nso-316,nso,mc1,mc1,0,0,True,0.5859869122505188,0.8237378001213074,0.2125398814678192,4,,
nso-nso-317,nso,mc1,mc1,0,1,False,0.893566370010376,0.3389934301376343,0.787132740020752,2,,
nso-nso-318,nso,mc1,mc1,1,1,True,0.8797711133956909,0.4631803333759308,0.7958087921142578,4,,
nso-nso-319,nso,mc1,mc1,0,3,False,0.4464222490787506,1.2876744270324707,0.22084122896194458,4,,
nso-nso-320,nso,mc1,mc1,1,3,False,0.33646124601364136,1.3631553649902344,0.08143246173858643,4,,
nso-nso-321,nso,mc1,mc1,3,2,False,0.3701227903366089,1.17788565158844,0.056611061096191406,4,,
nso-nso-322,nso,mc1,mc1,3,0,False,0.786408007144928,0.7476595640182495,0.691737174987793,4,,
nso-nso-323,nso,mc1,mc1,1,1,True,0.5308840870857239,1.2021187543869019,0.3583381474018097,4,,
nso-nso-324,nso,mc1,mc1,1,3,False,0.8263848423957825,0.5919764637947083,0.7003080248832703,4,,
nso-nso-325,nso,mc1,mc1,3,2,False,0.36468562483787537,1.3331888914108276,0.0752795934677124,4,,
nso-nso-326,nso,mc1,mc1,0,0,True,0.3860366940498352,1.3208441734313965,0.10540035367012024,4,,
nso-nso-327,nso,mc1,mc1,0,0,True,0.4030166268348694,1.3106176853179932,0.14165791869163513,4,,
nso-nso-328,nso,mc1,mc1,2,2,True,0.3238541781902313,1.3461875915527344,0.032932013273239136,4,,
nso-nso-329,nso,mc1,mc1,3,0,False,0.3577330708503723,1.3330656290054321,0.06698998808860779,4,,
nso-nso-330,nso,mc1,mc1,1,2,False,0.937917947769165,0.2615651786327362,0.8867763876914978,3,,
nso-nso-331,nso,mc1,mc1,3,1,False,0.8042687773704529,0.6795030832290649,0.7140752673149109,4,,
nso-nso-332,nso,mc1,mc1,0,1,False,0.9122345447540283,0.29733723402023315,0.8244690895080566,2,,
nso-nso-333,nso,mc1,mc1,1,3,False,0.382072776556015,1.301608681678772,0.06488651037216187,4,,
nso-nso-334,nso,mc1,mc1,2,3,False,0.4709608256816864,1.1759867668151855,0.14251911640167236,4,,
nso-nso-335,nso,mc1,mc1,3,1,False,0.5070112347602844,1.1819207668304443,0.2661125957965851,4,,
nso-nso-336,nso,mc1,mc1,2,3,False,0.41425400972366333,1.2461447715759277,0.10474729537963867,4,,
nso-nso-337,nso,mc1,mc1,2,3,False,0.4583032727241516,1.2778326272964478,0.24285778403282166,4,,
nso-nso-338,nso,mc1,mc1,2,3,False,0.40165388584136963,1.2861357927322388,0.08938893675804138,4,,
nso-nso-339,nso,mc1,mc1,0,1,False,0.6256483793258667,0.919109582901001,0.336749792098999,4,,
nso-nso-340,nso,mc1,mc1,3,3,True,0.40321657061576843,1.2455954551696777,0.06287568807601929,4,,
nso-nso-341,nso,mc1,mc1,1,0,False,0.4466131031513214,1.0232123136520386,0.0,4,,
nso-nso-342,nso,mc1,mc1,1,0,False,0.8632668852806091,0.3989884555339813,0.726533830165863,2,,
nso-nso-343,nso,mc1,mc1,3,1,False,0.35284194350242615,1.3164818286895752,0.03437730669975281,4,,
nso-nso-344,nso,mc1,mc1,2,3,False,0.366420179605484,1.3507556915283203,0.13114044070243835,4,,
nso-nso-345,nso,mc1,mc1,1,1,True,0.3827601373195648,1.339280128479004,0.148080974817276,4,,
nso-nso-346,nso,mc1,mc1,3,0,False,0.40187937021255493,1.1452631950378418,0.0008794963359832764,4,,
nso-nso-347,nso,mc1,mc1,0,2,False,0.34152331948280334,1.3219153881072998,0.04954493045806885,4,,
nso-nso-348,nso,mc1,mc1,0,0,True,0.908433735370636,0.3994388282299042,0.8652442097663879,4,,
nso-nso-349,nso,mc1,mc1,3,2,False,0.44119560718536377,1.2921502590179443,0.22638218104839325,4,,
nso-nso-350,nso,mc1,mc1,2,3,False,0.5075362324714661,1.0928122997283936,0.2271091341972351,4,,
nso-nso-351,nso,mc1,mc1,2,3,False,0.5909128189086914,0.8785895705223083,0.23783358931541443,4,,
nso-nso-352,nso,mc1,mc1,3,0,False,0.732693612575531,0.8699624538421631,0.6221948862075806,4,,
nso-nso-353,nso,mc1,mc1,0,2,False,0.3454607427120209,1.3152592182159424,0.012403875589370728,4,,
nso-nso-354,nso,mc1,mc1,1,1,True,0.43482160568237305,1.2554103136062622,0.17619866132736206,4,,
nso-nso-355,nso,mc1,mc1,1,2,False,0.4652167558670044,1.0373860597610474,0.11828437447547913,3,,
nso-nso-356,nso,mc1,mc1,3,0,False,0.7737597227096558,0.7461366057395935,0.6366889476776123,4,,
nso-nso-357,nso,mc1,mc1,3,0,False,0.3826753795146942,1.2685297727584839,0.05254051089286804,4,,
nso-nso-358,nso,mc1,mc1,2,2,True,0.6472521424293518,0.951000452041626,0.4432387948036194,4,,
nso-nso-359,nso,mc1,mc1,1,1,True,0.6038761138916016,1.082606554031372,0.4096100628376007,4,,
nso-nso-360,nso,mc1,mc1,3,0,False,0.7010892629623413,0.8746099472045898,0.5559226274490356,4,,
nso-nso-361,nso,mc1,mc1,1,0,False,0.33721449971199036,1.137716293334961,0.009545624256134033,4,,
nso-nso-362,nso,mc1,mc1,0,0,True,0.40812236070632935,1.2755919694900513,0.11121863126754761,4,,
nso-nso-363,nso,mc1,mc1,3,1,False,0.9453928470611572,0.2660244107246399,0.9153329133987427,4,,
nso-nso-364,nso,mc1,mc1,1,3,False,0.39780187606811523,1.1757307052612305,0.02638217806816101,4,,
nso-nso-365,nso,mc1,mc1,2,1,False,0.5322226881980896,1.0149046182632446,0.2886263132095337,3,,
nso-nso-366,nso,mc1,mc1,2,1,False,0.42109566926956177,1.142440676689148,0.09265527129173279,4,,
nso-nso-367,nso,mc1,mc1,2,1,False,0.44762423634529114,1.1957110166549683,0.18557006120681763,4,,
nso-nso-368,nso,mc1,mc1,3,0,False,0.8233222961425781,0.5364111065864563,0.668340265750885,4,,
nso-nso-369,nso,mc1,mc1,1,1,True,0.7581021785736084,0.7311399579048157,0.5913100242614746,4,,
nso-nso-370,nso,mc1,mc1,2,0,False,0.7257071733474731,0.8861362934112549,0.6176326870918274,4,,
nso-nso-371,nso,mc1,mc1,1,1,True,0.9445052146911621,0.23180542886257172,0.8942806720733643,3,,
nso-nso-372,nso,mc1,mc1,3,0,False,0.40165963768959045,1.2928084135055542,0.09896382689476013,4,,
nso-nso-373,nso,mc1,mc1,0,1,False,0.352751225233078,1.1387356519699097,0.020614951848983765,4,,
nso-nso-374,nso,mc1,mc1,0,0,True,0.7506972551345825,0.6838418245315552,0.5494961142539978,3,,
nso-nso-375,nso,mc1,mc1,2,2,True,0.4067363142967224,1.3114293813705444,0.1540413200855255,4,,
nso-nso-376,nso,mc1,mc1,2,0,False,0.4289434552192688,1.0980503559112549,0.1187882125377655,4,,
nso-nso-377,nso,mc1,mc1,1,1,True,0.5511757731437683,0.7902824282646179,0.1241711974143982,4,,
nso-nso-378,nso,mc1,mc1,2,1,False,0.39421549439430237,1.0728650093078613,0.018606364727020264,3,,
nso-nso-379,nso,mc1,mc1,2,2,True,0.3732389807701111,1.3273277282714844,0.08909815549850464,4,,
nso-nso-380,nso,mc1,mc1,1,0,False,0.6605009436607361,0.6407026052474976,0.32100197672843933,2,,
nso-nso-381,nso,mc1,mc1,1,1,True,0.9460190534591675,0.23133283853530884,0.899268627166748,3,,
nso-nso-382,nso,mc1,mc1,3,1,False,0.40584832429885864,1.2417241334915161,0.06364485621452332,4,,
nso-nso-383,nso,mc1,mc1,1,0,False,0.6080780625343323,0.6696000099182129,0.21615609526634216,2,,
nso-nso-384,nso,mc1,mc1,0,1,False,0.8761395812034607,0.4491453170776367,0.7882162928581238,3,,
nso-nso-385,nso,mc1,mc1,2,1,False,0.5153517127037048,1.185096263885498,0.2938213050365448,4,,
nso-nso-386,nso,mc1,mc1,0,1,False,0.7932751774787903,0.6317856907844543,0.6247114539146423,4,,
nso-nso-387,nso,mc1,mc1,0,1,False,0.8429079651832581,0.4348162114620209,0.6858159303665161,2,,
nso-nso-388,nso,mc1,mc1,1,0,False,0.8252988457679749,0.6176748275756836,0.7239348292350769,4,,
nso-nso-389,nso,mc1,mc1,0,1,False,0.35338807106018066,1.2618769407272339,0.016152113676071167,4,,
nso-nso-390,nso,mc1,mc1,0,0,True,0.48243391513824463,1.0509064197540283,0.2138274908065796,3,,
nso-nso-391,nso,mc1,mc1,0,3,False,0.32132333517074585,1.3682762384414673,0.060488879680633545,4,,
nso-nso-392,nso,mc1,mc1,0,2,False,0.3856293559074402,1.3332303762435913,0.1320529282093048,4,,
nso-nso-393,nso,mc1,mc1,2,3,False,0.7296629548072815,0.878183126449585,0.6238577365875244,4,,
nso-nso-394,nso,mc1,mc1,1,1,True,0.6589722633361816,1.0160236358642578,0.5384395718574524,4,,
nso-nso-395,nso,mc1,mc1,2,3,False,0.9263644218444824,0.3276076316833496,0.8843258023262024,4,,
nso-nso-396,nso,mc1,mc1,3,0,False,0.4851965606212616,1.230752944946289,0.26806172728538513,4,,
nso-nso-397,nso,mc1,mc1,2,1,False,0.3375747501850128,1.3412718772888184,0.051909685134887695,4,,
nso-nso-398,nso,mc1,mc1,3,1,False,0.3661156892776489,1.313058853149414,0.09505051374435425,4,,
nso-nso-399,nso,mc1,mc1,0,2,False,0.5264615416526794,1.1785390377044678,0.28775814175605774,4,,
nso-nso-400,nso,mc1,mc1,2,3,False,0.4453877806663513,1.2925856113433838,0.23856744170188904,4,,
nso-nso-401,nso,mc1,mc1,2,1,False,0.4975791871547699,1.227506399154663,0.28495270013809204,4,,
nso-nso-402,nso,mc1,mc1,2,1,False,0.5469491481781006,1.0029953718185425,0.2621011734008789,4,,
nso-nso-403,nso,mc1,mc1,1,3,False,0.4343913197517395,1.1807750463485718,0.15322589874267578,4,,
nso-nso-404,nso,mc1,mc1,3,2,False,0.5701991319656372,1.0537042617797852,0.28226885199546814,4,,
nso-nso-405,nso,mc1,mc1,1,2,False,0.6219217777252197,1.0358669757843018,0.44713127613067627,4,,
nso-nso-406,nso,mc1,mc1,1,3,False,0.3671126067638397,1.2521278858184814,0.026938140392303467,4,,
nso-nso-407,nso,mc1,mc1,0,0,True,0.38338765501976013,1.3370606899261475,0.14493171870708466,4,,
nso-nso-408,nso,mc1,mc1,1,1,True,0.44318801164627075,1.0616275072097778,0.10961759090423584,3,,
nso-nso-409,nso,mc1,mc1,2,3,False,0.3908693492412567,1.1836652755737305,0.02877628803253174,4,,
nso-nso-410,nso,mc1,mc1,2,0,False,0.5014690160751343,1.2327122688293457,0.2941787838935852,4,,
nso-nso-411,nso,mc1,mc1,1,2,False,0.467651903629303,0.9311834573745728,0.013969391584396362,4,,
nso-nso-412,nso,mc1,mc1,0,0,True,0.7426632642745972,0.7435703873634338,0.5512338876724243,4,,
nso-nso-413,nso,mc1,mc1,3,2,False,0.35566970705986023,1.3368805646896362,0.0679406225681305,4,,
nso-nso-414,nso,mc1,mc1,2,3,False,0.27163442969322205,1.380158543586731,0.001497507095336914,4,,
nso-nso-415,nso,mc1,mc1,0,0,True,0.46173369884490967,1.1895140409469604,0.2053804099559784,4,,
nso-nso-416,nso,mc1,mc1,3,0,False,0.6861436367034912,0.801020622253418,0.4259403645992279,4,,
nso-nso-417,nso,mc1,mc1,3,0,False,0.3544149398803711,1.325215220451355,0.04306471347808838,4,,
nso-nso-418,nso,mc1,mc1,2,1,False,0.39369893074035645,1.2471644878387451,0.0365261435508728,4,,
nso-nso-419,nso,mc1,mc1,0,1,False,0.9557585716247559,0.1947076916694641,0.9155535697937012,3,,
nso-nso-420,nso,mc1,mc1,2,1,False,0.39371901750564575,1.24037504196167,0.0687393844127655,4,,
nso-nso-421,nso,mc1,mc1,2,2,True,0.40609437227249146,1.0785367488861084,0.05892565846443176,3,,
nso-nso-422,nso,mc1,mc1,2,0,False,0.5815495252609253,1.0712321996688843,0.33911430835723877,4,,
nso-nso-423,nso,mc1,mc1,1,1,True,0.5314505696296692,0.6911675930023193,0.06290116906166077,2,,
nso-nso-424,nso,mc1,mc1,0,3,False,0.2629815638065338,1.3851423263549805,0.002018660306930542,4,,
nso-nso-425,nso,mc1,mc1,1,1,True,0.3705265522003174,1.350489616394043,0.15590521693229675,4,,
nso-nso-426,nso,mc1,mc1,2,1,False,0.8359766006469727,0.4933062195777893,0.6856120228767395,3,,
nso-nso-427,nso,mc1,mc1,2,2,True,0.5217613577842712,1.0083844661712646,0.2224712371826172,3,,
nso-nso-428,nso,mc1,mc1,1,3,False,0.35530373454093933,1.3347560167312622,0.07532912492752075,4,,
nso-nso-429,nso,mc1,mc1,1,2,False,0.5301346778869629,1.0756207704544067,0.20106938481330872,4,,
nso-nso-430,nso,mc1,mc1,2,3,False,0.5127052068710327,1.0623505115509033,0.24677994847297668,4,,
nso-nso-431,nso,mc1,mc1,2,3,False,0.5128702521324158,1.2064757347106934,0.2829555869102478,4,,
nso-nso-432,nso,mc1,mc1,3,0,False,0.7628602385520935,0.7609430551528931,0.6120592355728149,4,,
nso-nso-433,nso,mc1,mc1,2,0,False,0.64915531873703,0.7080920934677124,0.3127242624759674,3,,
nso-nso-434,nso,mc1,mc1,0,0,True,0.46343114972114563,1.0271989107131958,0.041928231716156006,4,,
nso-nso-435,nso,mc1,mc1,0,0,True,0.6668003797531128,0.9414771199226379,0.4948585629463196,4,,
nso-nso-436,nso,mc1,mc1,0,2,False,0.6903702020645142,0.9386316537857056,0.5361406803131104,4,,
nso-nso-437,nso,mc1,mc1,1,2,False,0.8248363733291626,0.5744267106056213,0.7065897583961487,3,,
nso-nso-438,nso,mc1,mc1,3,0,False,0.6911642551422119,0.763897180557251,0.4238522946834564,4,,
nso-nso-439,nso,mc1,mc1,2,3,False,0.41966021060943604,1.294569492340088,0.14784881472587585,4,,
nso-nso-440,nso,mc1,mc1,3,2,False,0.3655087947845459,1.2942067384719849,0.09221357107162476,4,,
nso-nso-441,nso,mc1,mc1,3,0,False,0.553053617477417,1.042145013809204,0.23558276891708374,4,,
nso-nso-442,nso,mc1,mc1,2,2,True,0.4445134997367859,1.0199822187423706,0.048476219177246094,3,,
nso-nso-443,nso,mc1,mc1,1,2,False,0.5308758616447449,1.0442495346069336,0.22668537497520447,4,,
nso-nso-444,nso,mc1,mc1,0,1,False,0.4243760406970978,1.1438161134719849,0.03039136528968811,4,,
nso-nso-445,nso,mc1,mc1,2,2,True,0.33810147643089294,1.3342779874801636,0.017630398273468018,4,,
nso-nso-446,nso,mc1,mc1,2,3,False,0.38167858123779297,1.1912827491760254,0.0038748979568481445,4,,
nso-nso-447,nso,mc1,mc1,1,0,False,0.3572479486465454,1.1493393182754517,0.029045045375823975,4,,
nso-nso-448,nso,mc1,mc1,0,2,False,0.27379778027534485,1.3841290473937988,0.024333536624908447,4,,
nso-nso-449,nso,mc1,mc1,0,3,False,0.3621063530445099,1.349335789680481,0.1098160445690155,4,,
nso-nso-450,nso,mc1,mc1,0,3,False,0.3476004898548126,1.3153257369995117,0.05332517623901367,4,,
nso-nso-451,nso,mc1,mc1,1,0,False,0.42146870493888855,1.2642383575439453,0.1582537293434143,4,,
nso-nso-452,nso,mc1,mc1,3,0,False,0.4239547550678253,1.2012128829956055,0.12502965331077576,4,,
nso-nso-453,nso,mc1,mc1,1,1,True,0.7048942446708679,0.6912113428115845,0.4301159083843231,4,,
nso-nso-454,nso,mc1,mc1,2,1,False,0.5097798109054565,1.2057549953460693,0.2850993275642395,4,,
nso-nso-455,nso,mc1,mc1,2,2,True,0.42218396067619324,1.3111944198608398,0.20929493010044098,4,,
nso-nso-456,nso,mc1,mc1,2,1,False,0.4275972545146942,1.1808099746704102,0.047326862812042236,4,,
nso-nso-457,nso,mc1,mc1,2,3,False,0.5256736278533936,1.10735285282135,0.24649345874786377,4,,
nso-nso-458,nso,mc1,mc1,3,3,True,0.764043927192688,0.7928383350372314,0.6545214653015137,4,,
nso-nso-459,nso,mc1,mc1,2,2,True,0.2959637939929962,1.3770534992218018,0.0438823401927948,4,,
nso-nso-460,nso,mc1,mc1,2,2,True,0.48491171002388,1.0251553058624268,0.14846119284629822,3,,
nso-nso-461,nso,mc1,mc1,1,0,False,0.8991804122924805,0.3268800675868988,0.7983608245849609,2,,
nso-nso-462,nso,mc1,mc1,3,0,False,0.7051222324371338,0.8184478878974915,0.4816385507583618,4,,
nso-nso-463,nso,mc1,mc1,2,1,False,0.5593368411064148,0.9694098234176636,0.23001185059547424,4,,
nso-nso-464,nso,mc1,mc1,1,1,True,0.4860648810863495,1.0085185766220093,0.07264497876167297,4,,
nso-nso-465,nso,mc1,mc1,0,3,False,0.2964452803134918,1.3768025636672974,0.03182819485664368,4,,
nso-nso-466,nso,mc1,mc1,1,3,False,0.5857330560684204,1.1301153898239136,0.43306997418403625,4,,
nso-nso-467,nso,mc1,mc1,0,2,False,0.5334076285362244,1.1687688827514648,0.30832192301750183,4,,
nso-nso-468,nso,mc1,mc1,2,2,True,0.4778780937194824,1.2269173860549927,0.20779964327812195,4,,
nso-nso-469,nso,mc1,mc1,3,2,False,0.9311912059783936,0.3259691596031189,0.9063611030578613,4,,
nso-nso-470,nso,mc1,mc1,1,0,False,0.7955710887908936,0.5064812302589417,0.5911421775817871,2,,
nso-nso-471,nso,mc1,mc1,2,2,True,0.4364238679409027,1.2455902099609375,0.18934309482574463,4,,
nso-nso-472,nso,mc1,mc1,0,1,False,0.546314537525177,0.9558438658714294,0.17276012897491455,4,,
nso-nso-473,nso,mc1,mc1,1,0,False,0.6499481201171875,0.6474786996841431,0.299896240234375,2,,
nso-nso-474,nso,mc1,mc1,0,2,False,0.9022289514541626,0.38333117961883545,0.8384723663330078,3,,
nso-nso-475,nso,mc1,mc1,1,2,False,0.47908100485801697,0.9480702877044678,0.058884769678115845,3,,
nso-nso-476,nso,mc1,mc1,3,1,False,0.590238630771637,0.8962341547012329,0.27152273058891296,4,,
nso-nso-477,nso,mc1,mc1,0,1,False,0.5897355079650879,1.1185399293899536,0.4119594097137451,4,,
nso-nso-478,nso,mc1,mc1,3,0,False,0.3981432616710663,1.3051095008850098,0.10805302858352661,4,,
nso-nso-479,nso,mc1,mc1,0,3,False,0.34429293870925903,1.2453420162200928,0.0130501389503479,4,,
nso-nso-480,nso,mc1,mc1,0,0,True,0.955303966999054,0.2080380916595459,0.9220707416534424,3,,
nso-nso-481,nso,mc1,mc1,2,3,False,0.7963939905166626,0.5728313326835632,0.6099710464477539,4,,
nso-nso-482,nso,mc1,mc1,1,0,False,0.4759470224380493,1.0248663425445557,0.09746727347373962,4,,
nso-nso-483,nso,mc1,mc1,0,0,True,0.8881974220275879,0.4675861597061157,0.8375065922737122,4,,
nso-nso-484,nso,mc1,mc1,1,1,True,0.4960215985774994,1.020041584968567,0.16945567727088928,3,,
nso-nso-485,nso,mc1,mc1,3,0,False,0.47664710879325867,1.0872983932495117,0.21257859468460083,4,,
nso-nso-486,nso,mc1,mc1,1,1,True,0.6942691206932068,0.9469435811042786,0.5676614046096802,4,,
nso-nso-487,nso,mc1,mc1,1,0,False,0.3321111798286438,1.3523228168487549,0.04158696532249451,4,,
nso-nso-488,nso,mc1,mc1,0,2,False,0.7175300717353821,0.7999492287635803,0.5062199234962463,4,,
nso-nso-489,nso,mc1,mc1,2,1,False,0.46964824199676514,1.121185302734375,0.1323777735233307,4,,
nso-nso-490,nso,mc1,mc1,0,3,False,0.33032792806625366,1.3378406763076782,0.05309978127479553,4,,
nso-nso-491,nso,mc1,mc1,1,3,False,0.6219437718391418,1.0512447357177734,0.450652152299881,4,,
nso-nso-492,nso,mc1,mc1,2,0,False,0.8053930997848511,0.6137345433235168,0.6545822620391846,4,,
nso-nso-493,nso,mc1,mc1,0,3,False,0.4536927342414856,1.0568528175354004,0.0659605860710144,4,,
nso-nso-494,nso,mc1,mc1,0,3,False,0.47953471541404724,1.2445628643035889,0.23842641711235046,4,,
nso-nso-495,nso,mc1,mc1,0,0,True,0.7361416816711426,0.5770540237426758,0.47228336334228516,2,,
nso-nso-496,nso,mc1,mc1,1,2,False,0.6659063696861267,0.7398768067359924,0.36264699697494507,3,,
nso-nso-497,nso,mc1,mc1,0,0,True,0.729099452495575,0.5841524600982666,0.4581989347934723,2,,
nso-nso-498,nso,mc1,mc1,0,0,True,0.9340535402297974,0.24302507936954498,0.8681071400642395,2,,
nso-nso-499,nso,mc1,mc1,2,1,False,0.8644594550132751,0.508663535118103,0.7726653814315796,4,,
nso-nso-500,nso,mc1,mc1,3,0,False,0.34627828001976013,1.3631043434143066,0.12084425985813141,4,,
nso-nso-501,nso,mc1,mc1,1,3,False,0.3646565079689026,1.2589802742004395,0.012410342693328857,4,,
nso-nso-502,nso,mc1,mc1,0,1,False,0.6044440865516663,0.7809416055679321,0.23522889614105225,4,,
nso-nso-503,nso,mc1,mc1,0,2,False,0.37972065806388855,1.3027875423431396,0.06645452976226807,4,,
nso-nso-504,nso,mc1,mc1,3,1,False,0.6059997081756592,1.0657967329025269,0.4298868179321289,4,,
nso-nso-505,nso,mc1,mc1,3,0,False,0.3712758421897888,1.256227970123291,0.008532017469406128,4,,
nso-nso-506,nso,mc1,mc1,3,3,True,0.6218920350074768,1.0748746395111084,0.48064154386520386,4,,
nso-nso-507,nso,mc1,mc1,1,0,False,0.3582359552383423,1.326920509338379,0.07464218139648438,4,,
nso-nso-508,nso,mc1,mc1,0,1,False,0.3452208340167999,1.342963457107544,0.04785579442977905,4,,
nso-nso-509,nso,mc1,mc1,3,2,False,0.3599388301372528,1.3103368282318115,0.08509129285812378,4,,
nso-nso-510,nso,mc1,mc1,0,0,True,0.352672815322876,1.3508555889129639,0.08682054281234741,4,,
nso-nso-511,nso,mc1,mc1,1,3,False,0.939216673374176,0.2849169671535492,0.9015161395072937,4,,
nso-nso-512,nso,mc1,mc1,1,0,False,0.3744716942310333,1.3472684621810913,0.15208859741687775,4,,
nso-nso-513,nso,mc1,mc1,3,2,False,0.29620975255966187,1.3639575242996216,0.01485210657119751,4,,
nso-nso-514,nso,mc1,mc1,0,3,False,0.4795960485935211,1.2261193990707397,0.242106094956398,4,,
nso-nso-515,nso,mc1,mc1,2,2,True,0.4105581045150757,1.2035698890686035,0.13134774565696716,4,,
nso-nso-516,nso,mc1,mc1,0,1,False,0.8792513012886047,0.3861098885536194,0.7625421285629272,3,,
nso-nso-517,nso,mc1,mc1,1,0,False,0.6862744688987732,0.9164077043533325,0.49595120549201965,4,,
nso-nso-518,nso,mc1,mc1,2,3,False,0.42174261808395386,1.1227024793624878,0.07364341616630554,4,,
nso-nso-519,nso,mc1,mc1,1,0,False,0.3693436086177826,1.2779450416564941,0.07146957516670227,4,,
nso-nso-520,nso,mc1,mc1,3,3,True,0.44674691557884216,1.2664868831634521,0.2130778282880783,4,,
nso-nso-521,nso,mc1,mc1,1,0,False,0.8733122944831848,0.46765273809432983,0.8063929080963135,3,,
nso-nso-522,nso,mc1,mc1,3,2,False,0.7349060773849487,0.8197777271270752,0.5687747001647949,4,,
nso-nso-523,nso,mc1,mc1,1,3,False,0.6083499193191528,1.0521906614303589,0.3849151134490967,4,,
nso-nso-524,nso,mc1,mc1,1,3,False,0.43451541662216187,1.0352678298950195,0.040354132652282715,4,,
nso-nso-525,nso,mc1,mc1,1,2,False,0.30439502000808716,1.373799204826355,0.03294485807418823,4,,
nso-nso-526,nso,mc1,mc1,3,3,True,0.7688299417495728,0.7498776912689209,0.6237285137176514,4,,
nso-nso-527,nso,mc1,mc1,0,0,True,0.49988409876823425,1.1038134098052979,0.1506352424621582,4,,
nso-nso-528,nso,mc1,mc1,3,0,False,0.352954626083374,1.346866250038147,0.08445721864700317,4,,
nso-nso-529,nso,mc1,mc1,0,1,False,0.353892058134079,1.3343602418899536,0.08125212788581848,4,,
nso-nso-530,nso,mc1,mc1,3,3,True,0.7169857025146484,0.8987600207328796,0.5948525667190552,4,,
nso-nso-531,nso,mc1,mc1,1,0,False,0.4415271580219269,1.0406172275543213,0.06756564974784851,3,,
nso-nso-532,nso,mc1,mc1,0,0,True,0.4807290732860565,1.2267913818359375,0.220108300447464,4,,
nso-nso-533,nso,mc1,mc1,0,2,False,0.6220726370811462,1.0547252893447876,0.45905062556266785,4,,
nso-nso-534,nso,mc1,mc1,3,3,True,0.5391842722892761,0.9385991096496582,0.15318414568901062,4,,
nso-nso-535,nso,mc1,mc1,0,1,False,0.49133992195129395,1.0421090126037598,0.20735996961593628,3,,
nso-nso-536,nso,mc1,mc1,0,2,False,0.4543880224227905,1.2692811489105225,0.21263650059700012,4,,
nso-nso-537,nso,mc1,mc1,3,2,False,0.37797513604164124,1.3264681100845337,0.1348259150981903,4,,
nso-nso-538,nso,mc1,mc1,1,0,False,0.4049359858036041,1.2847291231155396,0.0953444242477417,4,,
nso-nso-539,nso,mc1,mc1,3,2,False,0.40205472707748413,1.3093390464782715,0.1523057520389557,4,,
nso-nso-540,nso,mc1,mc1,0,2,False,0.6602277159690857,0.8471174240112305,0.42084696888923645,3,,
nso-nso-541,nso,mc1,mc1,1,3,False,0.564393162727356,1.0749483108520508,0.3155428171157837,4,,
nso-nso-542,nso,mc1,mc1,1,1,True,0.716027557849884,0.5966660976409912,0.43205517530441284,2,,
nso-nso-543,nso,mc1,mc1,0,0,True,0.9117422103881836,0.2984883785247803,0.8234844207763672,2,,
nso-nso-544,nso,mc1,mc1,0,0,True,0.5070130228996277,0.6930488348007202,0.014026075601577759,2,,
nso-nso-545,nso,mc1,mc1,0,1,False,0.7134016752243042,0.8612319231033325,0.5367673635482788,4,,
nso-nso-546,nso,mc1,mc1,1,0,False,0.9951958060264587,0.03043857216835022,0.9903916120529175,2,,
nso-nso-547,nso,mc1,mc1,1,0,False,0.6130636930465698,0.9619988203048706,0.33031660318374634,4,,
nso-nso-548,nso,mc1,mc1,2,2,True,0.8464277982711792,0.5229353904724121,0.7392452955245972,3,,
nso-nso-549,nso,mc1,mc1,3,2,False,0.35300949215888977,1.2620153427124023,0.010645031929016113,4,,
nso-nso-550,nso,mc1,mc1,0,3,False,0.42726680636405945,1.135100245475769,0.016535937786102295,4,,
nso-nso-551,nso,mc1,mc1,1,0,False,0.7140381336212158,0.9082159996032715,0.5945602059364319,4,,
nso-nso-552,nso,mc1,mc1,0,1,False,0.7318654656410217,0.8524770140647888,0.6041535139083862,4,,
nso-nso-553,nso,mc1,mc1,2,1,False,0.2874546945095062,1.3754690885543823,0.003734111785888672,4,,
nso-nso-554,nso,mc1,mc1,2,2,True,0.46065279841423035,1.2584155797958374,0.21764791011810303,4,,
nso-nso-555,nso,mc1,mc1,0,1,False,0.7703967690467834,0.7748650908470154,0.6525129675865173,4,,
nso-nso-556,nso,mc1,mc1,0,3,False,0.3571958839893341,1.3002638816833496,0.05075368285179138,4,,
nso-nso-557,nso,mc1,mc1,3,0,False,0.38953885436058044,1.0972163677215576,0.007494240999221802,4,,
nso-nso-558,nso,mc1,mc1,2,1,False,0.611504852771759,1.0601845979690552,0.438865065574646,4,,
nso-nso-559,nso,mc1,mc1,2,2,True,0.3539550006389618,1.3286538124084473,0.0884769856929779,4,,
nso-nso-560,nso,mc1,mc1,2,3,False,0.390039324760437,1.2267403602600098,0.07732781767845154,4,,
nso-nso-561,nso,mc1,mc1,1,0,False,0.3867177665233612,1.2390507459640503,0.07997998595237732,4,,
nso-nso-562,nso,mc1,mc1,1,2,False,0.6490842700004578,0.9906476140022278,0.45600923895835876,4,,
nso-nso-563,nso,mc1,mc1,1,3,False,0.3776682913303375,1.334547519683838,0.14160186052322388,4,,
nso-nso-564,nso,mc1,mc1,1,1,True,0.42282211780548096,1.1910842657089233,0.04579445719718933,4,,
nso-nso-565,nso,mc1,mc1,1,2,False,0.7836799621582031,0.737984836101532,0.6677027940750122,4,,
nso-nso-566,nso,mc1,mc1,2,0,False,0.45242825150489807,1.0655344724655151,0.15184253454208374,3,,
nso-nso-567,nso,mc1,mc1,0,1,False,0.42914724349975586,1.2790546417236328,0.16747033596038818,4,,
nso-nso-568,nso,mc1,mc1,1,0,False,0.6900606155395508,0.95798259973526,0.5746778845787048,4,,
nso-nso-569,nso,mc1,mc1,3,3,True,0.5400428175926208,1.0758302211761475,0.29505425691604614,4,,
nso-nso-570,nso,mc1,mc1,2,3,False,0.5716198682785034,1.1516759395599365,0.4117729365825653,4,,
nso-nso-571,nso,mc1,mc1,1,2,False,0.9378134608268738,0.2664896845817566,0.889939546585083,3,,
nso-nso-572,nso,mc1,mc1,1,3,False,0.45562270283699036,1.2862435579299927,0.25846344232559204,4,,
nso-nso-573,nso,mc1,mc1,1,1,True,0.7717808485031128,0.5371155738830566,0.5435616374015808,2,,
nso-nso-574,nso,mc1,mc1,3,2,False,0.3520699441432953,1.2673072814941406,0.0213412344455719,4,,
nso-nso-575,nso,mc1,mc1,0,1,False,0.9332202076911926,0.24522843956947327,0.8664404153823853,2,,
nso-nso-576,nso,mc1,mc1,2,1,False,0.3009708523750305,1.355049729347229,0.02089691162109375,4,,
nso-nso-577,nso,mc1,mc1,1,1,True,0.4809523820877075,1.2244913578033447,0.25068727135658264,4,,
nso-nso-578,nso,mc1,mc1,3,2,False,0.35096293687820435,1.3319547176361084,0.060191839933395386,4,,
nso-nso-579,nso,mc1,mc1,2,2,True,0.5521694421768188,0.9613325595855713,0.19047293066978455,4,,
nso-nso-580,nso,mc1,mc1,0,3,False,0.37689822912216187,1.211674690246582,0.04871886968612671,4,,
nso-nso-581,nso,mc1,mc1,3,0,False,0.2989591062068939,1.3468258380889893,0.01342061161994934,4,,
nso-nso-582,nso,mc1,mc1,3,2,False,0.4411376416683197,1.2190055847167969,0.10742959380149841,4,,
nso-nso-583,nso,mc1,mc1,1,3,False,0.3027867078781128,1.3772000074386597,0.05117097496986389,4,,
nso-nso-584,nso,mc1,mc1,0,2,False,0.567298412322998,1.1034048795700073,0.32389354705810547,4,,
nso-nso-585,nso,mc1,mc1,0,1,False,0.880280077457428,0.36636656522750854,0.760560154914856,2,,
nso-nso-586,nso,mc1,mc1,1,1,True,0.4257481098175049,1.312795639038086,0.2282467484474182,4,,
nso-nso-587,nso,mc1,mc1,1,2,False,0.36541152000427246,1.325829267501831,0.0833456814289093,4,,
nso-nso-588,nso,mc1,mc1,0,3,False,0.5125911831855774,1.161635398864746,0.23099258542060852,4,,
nso-nso-589,nso,mc1,mc1,3,3,True,0.34781140089035034,1.3238482475280762,0.0675351619720459,4,,
nso-nso-590,nso,mc1,mc1,2,1,False,0.5680441856384277,0.8707791566848755,0.20341059565544128,3,,
nso-nso-591,nso,mc1,mc1,2,0,False,0.4777810275554657,1.1505982875823975,0.18629497289657593,4,,
nso-nso-592,nso,mc1,mc1,3,2,False,0.7553701996803284,0.77579265832901,0.6372446417808533,4,,
nso-nso-593,nso,mc1,mc1,1,0,False,0.8549424409866333,0.5232311487197876,0.7476273775100708,4,,
nso-nso-594,nso,mc1,mc1,2,3,False,0.2975773811340332,1.3701269626617432,0.03509780764579773,4,,
nso-nso-595,nso,mc1,mc1,0,3,False,0.3965339958667755,1.1348536014556885,0.08027538657188416,4,,
nso-nso-596,nso,mc1,mc1,2,3,False,0.4553065598011017,1.0636776685714722,0.052032411098480225,4,,
nso-nso-597,nso,mc1,mc1,3,2,False,0.445669025182724,1.0416672229766846,0.04645857214927673,4,,
nso-nso-598,nso,mc1,mc1,0,3,False,0.4041275978088379,1.2888773679733276,0.14961576461791992,4,,
nso-nso-599,nso,mc1,mc1,2,3,False,0.37810245156288147,1.2967246770858765,0.06008213758468628,4,,
nso-nso-600,nso,mc1,mc1,0,3,False,0.2969318628311157,1.3690354824066162,0.020250409841537476,4,,
nso-nso-601,nso,mc1,mc1,1,3,False,0.3737475275993347,1.1804640293121338,0.06138300895690918,4,,
nso-nso-602,nso,mc1,mc1,0,0,True,0.6101728677749634,0.6686707139015198,0.22034579515457153,2,,
nso-nso-603,nso,mc1,mc1,2,0,False,0.62015300989151,1.073073387145996,0.46476930379867554,4,,
nso-nso-604,nso,mc1,mc1,2,2,True,0.6320949792861938,0.8513926267623901,0.34489962458610535,3,,
nso-nso-605,nso,mc1,mc1,1,1,True,0.7262126803398132,0.7764840722084045,0.5831243991851807,3,,
nso-nso-606,nso,mc1,mc1,0,1,False,0.42183244228363037,1.134153127670288,0.018931418657302856,4,,
nso-nso-607,nso,mc1,mc1,2,1,False,0.4275977611541748,1.1722664833068848,0.09505969285964966,4,,
nso-nso-608,nso,mc1,mc1,3,0,False,0.3359996974468231,1.3501782417297363,0.06525120139122009,4,,
nso-nso-609,nso,mc1,mc1,0,3,False,0.4387340247631073,1.2999804019927979,0.23162223398685455,4,,
nso-nso-610,nso,mc1,mc1,1,2,False,0.31442856788635254,1.347289800643921,0.00875180959701538,4,,
nso-nso-611,nso,mc1,mc1,0,2,False,0.5901193618774414,1.0006955862045288,0.3791690468788147,4,,
nso-nso-612,nso,mc1,mc1,3,0,False,0.4711325764656067,1.1498734951019287,0.11848917603492737,4,,
nso-nso-613,nso,mc1,mc1,1,3,False,0.3051508665084839,1.377908706665039,0.06405358016490936,4,,
nso-nso-614,nso,mc1,mc1,1,3,False,0.3886834681034088,1.339207649230957,0.17328739166259766,4,,
nso-nso-615,nso,mc1,mc1,0,2,False,0.369143009185791,1.307172179222107,0.0804397463798523,4,,
nso-nso-616,nso,mc1,mc1,2,2,True,0.5573083162307739,1.1416985988616943,0.33734384179115295,4,,
nso-nso-617,nso,mc1,mc1,2,3,False,0.43134063482284546,1.1049349308013916,0.010485649108886719,4,,
nso-nso-618,nso,mc1,mc1,0,2,False,0.46954041719436646,1.263594388961792,0.2576792240142822,4,,
nso-nso-619,nso,mc1,mc1,1,0,False,0.6171137690544128,0.8781255483627319,0.32757803797721863,3,,
nso-nso-620,nso,mc1,mc1,0,2,False,0.557407557964325,0.9060860276222229,0.178463876247406,4,,
nso-nso-621,nso,mc1,mc1,0,0,True,0.4961183965206146,1.0419813394546509,0.23414233326911926,3,,
nso-nso-622,nso,mc1,mc1,0,3,False,0.34563252329826355,1.3102377653121948,0.0,4,,
nso-nso-623,nso,mc1,mc1,1,1,True,0.5111127495765686,0.6929001808166504,0.022225528955459595,2,,
nso-nso-624,nso,mc1,mc1,2,3,False,0.4570590555667877,1.0633695125579834,0.07025027275085449,4,,
nso-nso-625,nso,mc1,mc1,0,3,False,0.26752692461013794,1.3817726373672485,0.004015028476715088,4,,
nso-nso-626,nso,mc1,mc1,1,1,True,0.29878515005111694,1.375097393989563,0.030045032501220703,4,,
nso-nso-627,nso,mc1,mc1,1,2,False,0.3559741675853729,1.2813689708709717,0.05465236306190491,4,,
nso-nso-628,nso,mc1,mc1,1,2,False,0.35756319761276245,1.3304017782211304,0.054491907358169556,4,,
nso-nso-629,nso,mc1,mc1,0,1,False,0.48558309674263,1.2170183658599854,0.2521568536758423,4,,
nso-nso-630,nso,mc1,mc1,0,1,False,0.37933778762817383,1.2733943462371826,0.0809873640537262,4,,
nso-nso-631,nso,mc1,mc1,2,3,False,0.39877718687057495,1.2451280355453491,0.07061511278152466,4,,
nso-nso-632,nso,mc1,mc1,0,0,True,0.863855242729187,0.4767521321773529,0.7639139890670776,3,,
nso-nso-633,nso,mc1,mc1,2,2,True,0.840842604637146,0.5351186990737915,0.7114848494529724,4,,
nso-nso-634,nso,mc1,mc1,2,0,False,0.681398332118988,0.8808534145355225,0.5113437175750732,4,,
nso-nso-635,nso,mc1,mc1,0,1,False,0.8870983719825745,0.3525392711162567,0.7741966843605042,2,,
nso-nso-636,nso,mc1,mc1,0,2,False,0.44451218843460083,1.2228574752807617,0.1198083758354187,4,,
nso-nso-637,nso,mc1,mc1,1,1,True,0.43662378191947937,1.0592103004455566,0.08733043074607849,3,,
nso-nso-638,nso,mc1,mc1,0,3,False,0.6133909225463867,0.8445091843605042,0.27525824308395386,4,,
nso-nso-639,nso,mc1,mc1,2,3,False,0.6199044585227966,0.7306652069091797,0.25338125228881836,4,,
nso-nso-640,nso,mc1,mc1,0,1,False,0.9602985382080078,0.16699430346488953,0.9205970168113708,2,,
nso-nso-641,nso,mc1,mc1,0,0,True,0.40924108028411865,1.3205513954162598,0.18876998126506805,4,,
nso-nso-642,nso,mc1,mc1,2,0,False,0.4764493703842163,1.1925504207611084,0.17059490084648132,4,,
nso-nso-643,nso,mc1,mc1,3,1,False,0.6380652785301208,1.0373765230178833,0.4675871729850769,4,,
nso-nso-644,nso,mc1,mc1,1,1,True,0.3364030420780182,1.3631746768951416,0.07884296774864197,4,,
nso-nso-645,nso,mc1,mc1,3,2,False,0.6843152046203613,0.9487756490707397,0.529606282711029,4,,
nso-nso-646,nso,mc1,mc1,3,0,False,0.3260883688926697,1.3627020120620728,0.05884620547294617,4,,
nso-nso-647,nso,mc1,mc1,2,2,True,0.34672626852989197,1.2748624086380005,0.0037748217582702637,4,,
nso-nso-648,nso,mc1,mc1,1,3,False,0.2865452468395233,1.3764971494674683,0.0032494068145751953,4,,
nso-nso-649,nso,mc1,mc1,3,1,False,0.33518490195274353,1.3431488275527954,0.04659208655357361,4,,
nso-nso-650,nso,mc1,mc1,2,2,True,0.48769888281822205,1.2509626150131226,0.28418517112731934,4,,
nso-nso-651,nso,mc1,mc1,0,2,False,0.39827218651771545,1.1546486616134644,0.05196937918663025,4,,
nso-nso-652,nso,mc1,mc1,2,2,True,0.547981858253479,1.184602975845337,0.38946449756622314,4,,
nso-nso-653,nso,mc1,mc1,3,1,False,0.33217793703079224,1.238130807876587,0.007619529962539673,4,,
nso-nso-654,nso,mc1,mc1,2,1,False,0.5334451198577881,0.9838160872459412,0.16110211610794067,4,,
nso-nso-655,nso,mc1,mc1,1,0,False,0.6349448561668396,0.897826611995697,0.3653557300567627,4,,
nso-nso-656,nso,mc1,mc1,0,3,False,0.5423808693885803,1.1076762676239014,0.3102315664291382,4,,
nso-nso-657,nso,mc1,mc1,2,1,False,0.4540267288684845,1.277613878250122,0.22100038826465607,4,,
nso-nso-658,nso,mc1,mc1,1,1,True,0.5148575901985168,0.9656074643135071,0.12882542610168457,4,,
nso-nso-659,nso,mc1,mc1,3,2,False,0.41221556067466736,1.2631486654281616,0.10272380709648132,4,,
nso-nso-660,nso,mc1,mc1,2,3,False,0.5635882019996643,1.1135271787643433,0.3436429798603058,4,,
nso-nso-661,nso,mc1,mc1,1,1,True,0.4052497446537018,1.2748829126358032,0.08656352758407593,4,,
nso-nso-662,nso,mc1,mc1,1,0,False,0.33075109124183655,1.2809321880340576,0.0292339026927948,4,,
nso-nso-663,nso,mc1,mc1,0,1,False,0.5050655603408813,1.0811471939086914,0.2057751715183258,4,,
nso-nso-664,nso,mc1,mc1,2,1,False,0.4131315350532532,1.2806918621063232,0.12980371713638306,4,,
nso-nso-665,nso,mc1,mc1,3,1,False,0.48583412170410156,1.2299774885177612,0.2650008201599121,4,,
nso-nso-666,nso,mc1,mc1,1,0,False,0.5983116626739502,0.9561349749565125,0.36339622735977173,4,,
nso-nso-667,nso,mc1,mc1,0,3,False,0.3837127387523651,1.296615719795227,0.07242715358734131,4,,
nso-nso-668,nso,mc1,mc1,2,0,False,0.457366943359375,1.180381178855896,0.12609684467315674,4,,
nso-nso-669,nso,mc1,mc1,2,3,False,0.6991950273513794,0.9093133807182312,0.5324015021324158,4,,
nso-nso-670,nso,mc1,mc1,3,3,True,0.35530731081962585,1.3533618450164795,0.09988495707511902,4,,
nso-nso-671,nso,mc1,mc1,3,3,True,0.6053471565246582,1.0742199420928955,0.43928262591362,4,,
nso-nso-672,nso,mc1,mc1,2,3,False,0.3306368887424469,1.2788313627243042,0.017353087663650513,4,,
nso-nso-673,nso,mc1,mc1,3,3,True,0.4174823462963104,1.2971055507659912,0.18386012315750122,4,,
nso-nso-674,nso,mc1,mc1,0,0,True,0.8956141471862793,0.4484921991825104,0.8575886487960815,4,,
nso-nso-675,nso,mc1,mc1,1,1,True,0.44026103615760803,1.1586185693740845,0.08165210485458374,4,,
nso-nso-676,nso,mc1,mc1,2,3,False,0.5826862454414368,1.0258630514144897,0.3168294429779053,4,,
nso-nso-677,nso,mc1,mc1,1,2,False,0.6073721051216125,0.9499552249908447,0.4018746018409729,4,,
nso-nso-678,nso,mc1,mc1,0,2,False,0.3412669003009796,1.1535495519638062,0.004129618406295776,4,,
nso-nso-679,nso,mc1,mc1,2,1,False,0.33493098616600037,1.3671772480010986,0.09730133414268494,4,,
nso-nso-680,nso,mc1,mc1,2,0,False,0.5124428868293762,1.168834924697876,0.24656060338020325,4,,
nso-nso-681,nso,mc1,mc1,0,1,False,0.9683492183685303,0.17047594487667084,0.9497992992401123,4,,
nso-nso-682,nso,mc1,mc1,0,0,True,0.5415562391281128,0.6896893978118896,0.08311247825622559,2,,
nso-nso-683,nso,mc1,mc1,0,3,False,0.31701046228408813,1.3513250350952148,0.045103251934051514,4,,
nso-nso-684,nso,mc1,mc1,1,2,False,0.34184861183166504,1.279788851737976,0.04683113098144531,4,,
nso-nso-685,nso,mc1,mc1,0,3,False,0.6920490860939026,0.9480909109115601,0.5669634938240051,4,,
nso-nso-686,nso,mc1,mc1,2,2,True,0.5284382700920105,0.8128538131713867,0.09055307507514954,3,,
nso-nso-687,nso,mc1,mc1,3,0,False,0.4547823667526245,1.2118754386901855,0.1324813961982727,4,,
nso-nso-688,nso,mc1,mc1,2,3,False,0.5019534230232239,1.1748830080032349,0.21443811058998108,4,,
nso-nso-689,nso,mc1,mc1,2,3,False,0.7253188490867615,0.8855232000350952,0.6150259375572205,4,,
nso-nso-690,nso,mc1,mc1,3,2,False,0.5041359663009644,1.2161383628845215,0.2974929213523865,4,,
nso-nso-691,nso,mc1,mc1,3,1,False,0.7134284377098083,0.8274495601654053,0.5089035034179688,4,,
nso-nso-692,nso,mc1,mc1,2,0,False,0.7102847099304199,0.7696455121040344,0.4827842712402344,4,,
nso-nso-693,nso,mc1,mc1,1,1,True,0.37153908610343933,1.2708618640899658,0.009712070226669312,4,,
nso-nso-694,nso,mc1,mc1,2,2,True,0.8409450054168701,0.4983948767185211,0.7019616961479187,3,,
nso-nso-695,nso,mc1,mc1,0,3,False,0.3228795528411865,1.3306578397750854,0.03227949142456055,4,,
nso-nso-696,nso,mc1,mc1,1,0,False,0.45082470774650574,1.2885723114013672,0.24611246585845947,4,,
nso-nso-697,nso,mc1,mc1,0,2,False,0.6372829079627991,0.7390708327293396,0.292573481798172,4,,
nso-nso-698,nso,mc1,mc1,1,0,False,0.8390252590179443,0.5744750499725342,0.7272507548332214,4,,
nso-nso-699,nso,mc1,mc1,2,0,False,0.29848113656044006,1.3675624132156372,0.014461517333984375,4,,
nso-nso-700,nso,mc1,mc1,1,1,True,0.8879832625389099,0.3999878764152527,0.7939050793647766,3,,
nso-nso-701,nso,mc1,mc1,1,0,False,0.606862485408783,0.6701308488845825,0.21372497081756592,2,,
nso-nso-702,nso,mc1,mc1,3,1,False,0.814887285232544,0.6659364700317383,0.7318959832191467,4,,
nso-nso-703,nso,mc1,mc1,1,3,False,0.290424108505249,1.381079077720642,0.03619658946990967,4,,
nso-nso-704,nso,mc1,mc1,1,1,True,0.6213463544845581,0.9798113107681274,0.37047240138053894,4,,
nso-nso-705,nso,mc1,mc1,1,3,False,0.9639745950698853,0.19416150450706482,0.9490686655044556,4,,
nso-nso-706,nso,mc1,mc1,2,1,False,0.49827322363853455,1.2298156023025513,0.28973662853240967,4,,
nso-nso-707,nso,mc1,mc1,3,2,False,0.6144601702690125,1.0758000612258911,0.46031802892684937,4,,
nso-nso-708,nso,mc1,mc1,1,2,False,0.30107569694519043,1.3707380294799805,0.015940964221954346,4,,
nso-nso-709,nso,mc1,mc1,1,3,False,0.9317538738250732,0.3190044164657593,0.901007354259491,4,,
nso-nso-710,nso,mc1,mc1,1,2,False,0.718246340751648,0.8701469302177429,0.5733352899551392,4,,
nso-nso-711,nso,mc1,mc1,1,3,False,0.5816012620925903,1.1247183084487915,0.4025416970252991,4,,
nso-nso-712,nso,mc1,mc1,1,1,True,0.8168755173683167,0.4760984182357788,0.6337509751319885,2,,
nso-nso-713,nso,mc1,mc1,2,1,False,0.362199604511261,1.1968976259231567,0.05282101035118103,4,,
nso-nso-714,nso,mc1,mc1,0,0,True,0.6680147647857666,0.9560854434967041,0.49418896436691284,4,,
nso-nso-715,nso,mc1,mc1,0,3,False,0.3481626808643341,1.2982704639434814,0.05815684795379639,4,,
nso-nso-716,nso,mc1,mc1,0,0,True,0.402422696352005,1.0524208545684814,0.001298069953918457,3,,
nso-nso-717,nso,mc1,mc1,0,0,True,0.6351569294929504,0.6885239481925964,0.2760692238807678,4,,
nso-nso-718,nso,mc1,mc1,1,2,False,0.8843778967857361,0.43095269799232483,0.8062414526939392,3,,
nso-nso-719,nso,mc1,mc1,3,1,False,0.48857682943344116,1.1653701066970825,0.24235181510448456,4,,
nso-nso-720,nso,mc1,mc1,0,1,False,0.5275550484657288,0.6916278600692749,0.05511009693145752,2,,
nso-nso-721,nso,mc1,mc1,0,0,True,0.7659346461296082,0.7847768664360046,0.6492578983306885,4,,
nso-nso-722,nso,mc1,mc1,2,3,False,0.38253477215766907,1.342083215713501,0.15703219175338745,4,,
nso-nso-723,nso,mc1,mc1,2,1,False,0.4223535656929016,1.1206711530685425,0.0,4,,
nso-nso-724,nso,mc1,mc1,0,2,False,0.4459969103336334,1.255368709564209,0.17942455410957336,4,,
nso-nso-725,nso,mc1,mc1,3,0,False,0.34506163001060486,1.3458397388458252,0.06939905881881714,4,,
nso-nso-726,nso,mc1,mc1,0,1,False,0.9894160628318787,0.05866759270429611,0.9788321852684021,2,,
nso-nso-727,nso,mc1,mc1,1,2,False,0.5907545685768127,0.7957093119621277,0.209410160779953,4,,
nso-nso-728,nso,mc1,mc1,1,0,False,0.474434494972229,0.9431290626525879,0.04582977294921875,3,,
nso-nso-729,nso,mc1,mc1,1,0,False,0.9572108387947083,0.17670919001102448,0.9144216775894165,2,,
nso-nso-730,nso,mc1,mc1,0,2,False,0.39285609126091003,1.083059310913086,0.04076126217842102,3,,
nso-nso-731,nso,mc1,mc1,2,0,False,0.2635713517665863,1.385624647140503,0.012033343315124512,4,,
nso-nso-732,nso,mc1,mc1,0,3,False,0.39757099747657776,1.1924288272857666,0.05276519060134888,4,,
nso-nso-733,nso,mc1,mc1,2,3,False,0.506985604763031,1.127584457397461,0.22997990250587463,4,,
nso-nso-734,nso,mc1,mc1,1,2,False,0.5857365727424622,1.0730810165405273,0.3406544327735901,4,,
nso-nso-735,nso,mc1,mc1,1,1,True,0.31102508306503296,1.3379814624786377,0.009202241897583008,4,,
nso-nso-736,nso,mc1,mc1,1,3,False,0.8265573382377625,0.6317888498306274,0.7279773354530334,4,,
nso-nso-737,nso,mc1,mc1,1,2,False,0.6888222694396973,0.9300205707550049,0.5266066193580627,4,,
nso-nso-738,nso,mc1,mc1,2,2,True,0.2955648601055145,1.3765759468078613,0.02645820379257202,4,,
nso-nso-739,nso,mc1,mc1,0,3,False,0.8881980776786804,0.44794920086860657,0.823645830154419,4,,
nso-nso-740,nso,mc1,mc1,3,2,False,0.3527415692806244,1.3529666662216187,0.11460977792739868,4,,
nso-nso-741,nso,mc1,mc1,1,1,True,0.8978368043899536,0.34833595156669617,0.8001980781555176,3,,
nso-nso-742,nso,mc1,mc1,3,1,False,0.44073286652565,1.2399672269821167,0.14227968454360962,4,,
nso-nso-743,nso,mc1,mc1,3,0,False,0.39502882957458496,1.3172376155853271,0.1542186588048935,4,,
nso-nso-744,nso,mc1,mc1,0,1,False,0.5882375240325928,1.1262083053588867,0.43095314502716064,4,,
nso-nso-745,nso,mc1,mc1,0,1,False,0.508204460144043,0.8675355911254883,0.0724908709526062,3,,
nso-nso-746,nso,mc1,mc1,0,3,False,0.5824517607688904,0.9464623332023621,0.28417128324508667,4,,
nso-nso-747,nso,mc1,mc1,1,0,False,0.4434207081794739,1.0725162029266357,0.16382119059562683,3,,
nso-nso-748,nso,mc1,mc1,2,0,False,0.8089991807937622,0.5068063735961914,0.621924102306366,3,,
nso-nso-749,nso,mc1,mc1,3,1,False,0.5109336376190186,1.1393606662750244,0.20185527205467224,4,,
nso-nso-750,nso,mc1,mc1,3,2,False,0.529424786567688,1.2063390016555786,0.3567367196083069,4,,
nso-nso-751,nso,mc1,mc1,1,0,False,0.4128234386444092,1.1467199325561523,0.08392807841300964,4,,
nso-nso-752,nso,mc1,mc1,1,3,False,0.46955129504203796,1.2066022157669067,0.21287837624549866,4,,
nso-nso-753,nso,mc1,mc1,1,2,False,0.3613033890724182,1.1222182512283325,0.028657197952270508,4,,
nso-nso-754,nso,mc1,mc1,1,2,False,0.5433184504508972,0.9246856570243835,0.18298009037971497,3,,
nso-nso-755,nso,mc1,mc1,1,2,False,0.3736495077610016,1.321812391281128,0.08453282713890076,4,,
nso-nso-756,nso,mc1,mc1,2,2,True,0.866395890712738,0.5261310935020447,0.7931101322174072,4,,
nso-nso-757,nso,mc1,mc1,0,1,False,0.4069341719150543,1.1377416849136353,0.002613633871078491,4,,
nso-nso-758,nso,mc1,mc1,1,0,False,0.5625923871994019,0.8013919591903687,0.15103793144226074,4,,
nso-nso-759,nso,mc1,mc1,0,3,False,0.40785789489746094,1.2732630968093872,0.10479941964149475,4,,
nso-nso-760,nso,mc1,mc1,1,3,False,0.611721396446228,0.95005863904953,0.37728482484817505,4,,
nso-nso-761,nso,mc1,mc1,0,3,False,0.726994514465332,0.8162700533866882,0.5412099957466125,4,,
nso-nso-762,nso,mc1,mc1,0,3,False,0.26540321111679077,1.3855029344558716,0.016710221767425537,4,,
nso-nso-763,nso,mc1,mc1,0,1,False,0.5773985385894775,1.119490623474121,0.3819497227668762,4,,
nso-nso-764,nso,mc1,mc1,0,2,False,0.43813425302505493,1.2875198125839233,0.19719740748405457,4,,
nso-nso-765,nso,mc1,mc1,0,1,False,0.3963441550731659,1.2250611782073975,0.08236798644065857,4,,
nso-nso-766,nso,mc1,mc1,2,3,False,0.5221667885780334,1.0587656497955322,0.18562772870063782,4,,
nso-nso-767,nso,mc1,mc1,0,1,False,0.5732579231262207,1.1021721363067627,0.3346542716026306,4,,
nso-nso-768,nso,mc1,mc1,0,1,False,0.34964779019355774,1.3025819063186646,0.041222840547561646,4,,
nso-nso-769,nso,mc1,mc1,1,3,False,0.41765791177749634,1.3033262491226196,0.16901308298110962,4,,
nso-nso-770,nso,mc1,mc1,3,3,True,0.7643619775772095,0.7811059951782227,0.6384826898574829,4,,
nso-nso-771,nso,mc1,mc1,2,1,False,0.4220040440559387,1.142311692237854,0.11566329002380371,4,,
nso-nso-772,nso,mc1,mc1,3,2,False,0.3255409896373749,1.3603379726409912,0.04091125726699829,4,,
nso-nso-773,nso,mc1,mc1,1,0,False,0.6601550579071045,0.9488715529441833,0.46663135290145874,4,,
nso-nso-774,nso,mc1,mc1,0,0,True,0.5783128142356873,1.1431587934494019,0.42898231744766235,4,,
nso-nso-775,nso,mc1,mc1,0,1,False,0.37485477328300476,1.2794721126556396,0.023483067750930786,4,,
nso-nso-776,nso,mc1,mc1,3,0,False,0.501966655254364,1.1988743543624878,0.24976924061775208,4,,
nso-nso-777,nso,mc1,mc1,1,3,False,0.36473527550697327,1.3517001867294312,0.1320887804031372,4,,
nso-nso-778,nso,mc1,mc1,1,3,False,0.2968081831932068,1.369000792503357,0.007014602422714233,4,,
nso-nso-779,nso,mc1,mc1,1,1,True,0.7781065702438354,0.6830980777740479,0.6668766736984253,3,,
nso-nso-780,nso,mc1,mc1,3,0,False,0.3396048843860626,1.3579366207122803,0.07046020030975342,4,,
nso-nso-781,nso,mc1,mc1,2,0,False,0.5732698440551758,1.1392197608947754,0.3891599774360657,4,,
nso-nso-782,nso,mc1,mc1,0,3,False,0.34485307335853577,1.3195029497146606,0.017030149698257446,4,,
nso-nso-783,nso,mc1,mc1,2,1,False,0.3147253096103668,1.3662164211273193,0.050831109285354614,4,,
nso-nso-784,nso,mc1,mc1,1,2,False,0.49227163195610046,1.2498105764389038,0.31430625915527344,4,,
nso-nso-785,nso,mc1,mc1,3,3,True,0.507199227809906,1.1486859321594238,0.20058438181877136,4,,
nso-nso-786,nso,mc1,mc1,2,3,False,0.3355358839035034,1.281981348991394,0.005623966455459595,4,,
nso-nso-787,nso,mc1,mc1,2,2,True,0.889196515083313,0.4156741499900818,0.8113952875137329,3,,
nso-nso-788,nso,mc1,mc1,3,2,False,0.4187735617160797,1.1642718315124512,0.06471151113510132,4,,
nso-nso-789,nso,mc1,mc1,2,3,False,0.36783865094184875,1.2456506490707397,0.0036767125129699707,4,,
nso-nso-790,nso,mc1,mc1,2,2,True,0.34184151887893677,1.3484456539154053,0.060661882162094116,4,,
nso-nso-791,nso,mc1,mc1,1,0,False,0.5238096714019775,1.0016400814056396,0.2164522409439087,3,,
nso-nso-792,nso,mc1,mc1,3,1,False,0.8367458581924438,0.5053316354751587,0.6888392567634583,4,,
nso-nso-793,nso,mc1,mc1,1,2,False,0.6157791018486023,1.0561845302581787,0.4345221519470215,4,,
nso-nso-794,nso,mc1,mc1,2,0,False,0.9700552225112915,0.15159066021442413,0.9477830529212952,3,,
nso-nso-795,nso,mc1,mc1,2,3,False,0.6902132630348206,0.7184468507766724,0.40895918011665344,4,,
nso-nso-796,nso,mc1,mc1,0,2,False,0.5300227403640747,1.017303466796875,0.24566984176635742,4,,
nso-nso-797,nso,mc1,mc1,1,1,True,0.35333922505378723,1.2541612386703491,0.04671436548233032,4,,
nso-nso-798,nso,mc1,mc1,0,2,False,0.6320896744728088,0.9514204263687134,0.36971554160118103,4,,
nso-nso-799,nso,mc1,mc1,0,1,False,0.6804450154304504,0.6265335083007812,0.3608900308609009,2,,
nso-nso-800,nso,mc1,mc1,0,3,False,0.7253943681716919,0.8718510866165161,0.6032660603523254,4,,
nso-nso-801,nso,mc1,mc1,0,0,True,0.5595556497573853,1.161750316619873,0.3797525465488434,4,,
nso-nso-802,nso,mc1,mc1,1,0,False,0.7135591506958008,0.749450147151947,0.47683483362197876,4,,
nso-nso-803,nso,mc1,mc1,1,0,False,0.7723690271377563,0.6505535244941711,0.577789306640625,4,,
nso-nso-804,nso,mc1,mc1,0,1,False,0.848533570766449,0.519171416759491,0.7442152500152588,3,,
nso-nso-805,nso,mc1,mc1,1,0,False,0.6061126589775085,1.0538052320480347,0.38642585277557373,4,,
nso-nso-806,nso,mc1,mc1,2,0,False,0.3914388418197632,1.1254446506500244,0.008602261543273926,4,,
nso-nso-807,nso,mc1,mc1,1,2,False,0.6306495070457458,0.8843850493431091,0.3722849488258362,3,,
swa-swa-5,swa,mc1,mc1,3,0,False,0.2775934040546417,1.3830143213272095,0.02593863010406494,4,Indexical Error: Time,
swa-swa-6,swa,mc1,mc1,1,3,False,0.4132225513458252,1.2907984256744385,0.1275487244129181,4,Subjective,
swa-swa-7,swa,mc1,mc1,2,0,False,0.3011425733566284,1.3788270950317383,0.054249972105026245,4,Psychology,
swa-swa-8,swa,mc1,mc1,0,3,False,0.35888931155204773,1.2814137935638428,0.03794020414352417,4,Indexical Error: Location,
swa-swa-9,swa,mc1,mc1,2,0,False,0.550806999206543,0.9980353116989136,0.30915021896362305,3,Mandela Effect,
swa-swa-10,swa,mc1,mc1,1,2,False,0.43416860699653625,1.01138174533844,0.018038779497146606,3,Health,
swa-swa-11,swa,mc1,mc1,1,0,False,0.8320950269699097,0.45254868268966675,0.6641900539398193,2,Misquotations,
swa-swa-12,swa,mc1,mc1,2,3,False,0.5334288477897644,1.1348098516464233,0.30557623505592346,4,Paranormal,
swa-swa-13,swa,mc1,mc1,2,3,False,0.43098804354667664,1.1874825954437256,0.06269082427024841,4,Psychology,
swa-swa-14,swa,mc1,mc1,2,0,False,0.525484025478363,1.1423985958099365,0.2649613916873932,4,Economics,
swa-swa-15,swa,mc1,mc1,1,3,False,0.30938267707824707,1.3750457763671875,0.059560492634773254,4,Subjective,
swa-swa-16,swa,mc1,mc1,3,3,True,0.39611098170280457,1.261925220489502,0.051966190338134766,4,Superstitions,
swa-swa-17,swa,mc1,mc1,1,0,False,0.3207319974899292,1.3596601486206055,0.029014110565185547,4,Health,
swa-swa-18,swa,mc1,mc1,0,0,True,0.49301841855049133,1.1116725206375122,0.1866472065448761,4,Sociology,
swa-swa-19,swa,mc1,mc1,0,0,True,0.34763020277023315,1.333897590637207,0.06458944082260132,4,Conspiracies,
swa-swa-20,swa,mc1,mc1,0,2,False,0.3621210753917694,1.2768940925598145,0.0,4,Politics,
swa-swa-21,swa,mc1,mc1,1,0,False,0.9451930522918701,0.2124328762292862,0.8903861045837402,2,Indexical Error: Identity,
swa-swa-22,swa,mc1,mc1,3,1,False,0.2886180877685547,1.3822484016418457,0.04657895863056183,4,Finance,
swa-swa-23,swa,mc1,mc1,0,0,True,0.6388795971870422,0.6540601253509521,0.27775925397872925,2,Advertising,
swa-swa-24,swa,mc1,mc1,0,2,False,0.2777104079723358,1.3834117650985718,0.02016022801399231,4,Sociology,
swa-swa-25,swa,mc1,mc1,0,0,True,0.41975662112236023,1.3037735223770142,0.1741493195295334,4,Weather,
swa-swa-26,swa,mc1,mc1,1,0,False,0.4576089382171631,1.281259298324585,0.25554996728897095,4,Health,
swa-swa-27,swa,mc1,mc1,1,3,False,0.5562511086463928,1.165903925895691,0.37074151635169983,4,Law,
swa-swa-28,swa,mc1,mc1,3,2,False,0.264460027217865,1.3851323127746582,0.008352547883987427,4,Misconceptions,
swa-swa-29,swa,mc1,mc1,3,3,True,0.5859206914901733,1.1071217060089111,0.3988262414932251,4,Fiction,
swa-swa-30,swa,mc1,mc1,0,2,False,0.5246007442474365,0.9928126335144043,0.20522433519363403,3,Health,
swa-swa-31,swa,mc1,mc1,2,0,False,0.46848854422569275,1.1481425762176514,0.16015025973320007,4,Law,
swa-swa-32,swa,mc1,mc1,3,2,False,0.48539578914642334,1.0950977802276611,0.20823994278907776,4,Law,
swa-swa-33,swa,mc1,mc1,1,2,False,0.36296534538269043,1.327239990234375,0.06312775611877441,4,Finance,
swa-swa-34,swa,mc1,mc1,1,2,False,0.4949578046798706,0.9718700051307678,0.11152127385139465,3,Indexical Error: Location,
swa-swa-35,swa,mc1,mc1,0,0,True,0.35953831672668457,1.096109390258789,0.021623849868774414,3,Proverbs,
swa-swa-36,swa,mc1,mc1,0,0,True,0.3167571723461151,1.3748972415924072,0.08403174579143524,4,Myths and Fairytales,
swa-swa-37,swa,mc1,mc1,2,3,False,0.4854673743247986,1.238601565361023,0.26261574029922485,4,Economics,
swa-swa-38,swa,mc1,mc1,2,1,False,0.34867167472839355,1.3349528312683105,0.04877191781997681,4,Law,
swa-swa-39,swa,mc1,mc1,0,0,True,0.42737919092178345,1.2836685180664062,0.16211140155792236,4,Science,
swa-swa-40,swa,mc1,mc1,1,1,True,0.6150567531585693,0.9678044319152832,0.33698877692222595,4,Paranormal,
swa-swa-41,swa,mc1,mc1,2,0,False,0.5088589787483215,0.979361891746521,0.1502349078655243,3,Misconceptions,
swa-swa-42,swa,mc1,mc1,3,1,False,0.3850570023059845,1.2602064609527588,0.028167515993118286,4,Law,
swa-swa-43,swa,mc1,mc1,2,0,False,0.37741726636886597,1.2724294662475586,0.0325617790222168,4,Law,
swa-swa-44,swa,mc1,mc1,3,1,False,0.5173184275627136,1.0517776012420654,0.2407281994819641,4,Misinformation,
swa-swa-45,swa,mc1,mc1,1,0,False,0.3259197771549225,1.3365838527679443,0.019809752702713013,4,History,
swa-swa-46,swa,mc1,mc1,1,3,False,0.42619046568870544,1.2821319103240967,0.18473191559314728,4,Indexical Error: Identity,
swa-swa-47,swa,mc1,mc1,1,2,False,0.47316431999206543,1.2680840492248535,0.2752493619918823,4,Law,
swa-swa-48,swa,mc1,mc1,2,3,False,0.44873467087745667,1.2249407768249512,0.14072948694229126,4,Indexical Error: Location,
swa-swa-49,swa,mc1,mc1,1,0,False,0.4168870151042938,1.3185441493988037,0.2047506868839264,4,Politics,
swa-swa-50,swa,mc1,mc1,0,3,False,0.4845510721206665,1.114310622215271,0.12353742122650146,4,Paranormal,
swa-swa-51,swa,mc1,mc1,1,0,False,0.41407662630081177,1.3115689754486084,0.1748635172843933,4,Economics,
swa-swa-52,swa,mc1,mc1,1,1,True,0.4941484034061432,1.0146187543869019,0.15627947449684143,3,Misconceptions,
swa-swa-53,swa,mc1,mc1,2,2,True,0.4653906226158142,1.175262451171875,0.13194888830184937,4,Health,
swa-swa-54,swa,mc1,mc1,1,2,False,0.423232764005661,1.3145408630371094,0.2206050157546997,4,Economics,
swa-swa-55,swa,mc1,mc1,1,1,True,0.47721052169799805,0.9779893755912781,0.07798337936401367,3,Logical Falsehood,
swa-swa-56,swa,mc1,mc1,1,0,False,0.5800360441207886,0.9537737965583801,0.30109354853630066,4,Language,
swa-swa-57,swa,mc1,mc1,2,2,True,0.373367041349411,1.3384233713150024,0.12947475910186768,4,Stereotypes,
swa-swa-58,swa,mc1,mc1,3,1,False,0.6756795048713684,0.6468291878700256,0.3540470600128174,4,Confusion: People,
swa-swa-59,swa,mc1,mc1,2,2,True,0.47876477241516113,0.9317532181739807,0.047333866357803345,3,Religion,
swa-swa-60,swa,mc1,mc1,0,1,False,0.4411922097206116,1.0294722318649292,0.05229747295379639,3,Sociology,
swa-swa-61,swa,mc1,mc1,0,0,True,0.4085926413536072,1.2466769218444824,0.10202208161354065,4,,
swa-swa-62,swa,mc1,mc1,1,1,True,0.2846626341342926,1.371118187904358,0.012075752019882202,4,,
swa-swa-63,swa,mc1,mc1,1,3,False,0.39261335134506226,1.1061657667160034,0.050593942403793335,4,Indexical Error: Time,
swa-swa-64,swa,mc1,mc1,0,2,False,0.405609667301178,1.087152123451233,0.10389798879623413,3,History,
swa-swa-65,swa,mc1,mc1,3,3,True,0.4971108138561249,1.2348601818084717,0.30114132165908813,4,Stereotypes,
swa-swa-66,swa,mc1,mc1,1,2,False,0.3437655568122864,1.122510552406311,0.01291307806968689,4,Sociology,
swa-swa-67,swa,mc1,mc1,2,1,False,0.4159589409828186,1.146389126777649,0.03291437029838562,4,Finance,
swa-swa-68,swa,mc1,mc1,2,1,False,0.5965490937232971,0.8301950693130493,0.23551222681999207,4,Economics,
swa-swa-69,swa,mc1,mc1,2,1,False,0.5365689396858215,1.0004503726959229,0.25401371717453003,3,History,
swa-swa-70,swa,mc1,mc1,1,2,False,0.4062715470790863,1.056981086730957,0.01578935980796814,3,Distraction,
swa-swa-71,swa,mc1,mc1,1,3,False,0.42274990677833557,1.27858304977417,0.13720208406448364,4,Health,
swa-swa-72,swa,mc1,mc1,3,2,False,0.32360947132110596,1.3339033126831055,0.006738573312759399,4,Sociology,
swa-swa-73,swa,mc1,mc1,0,2,False,0.29256629943847656,1.3709003925323486,0.012776345014572144,4,Stereotypes,
swa-swa-74,swa,mc1,mc1,0,0,True,0.7043445110321045,0.6071381568908691,0.40868908166885376,2,Proverbs,
swa-swa-75,swa,mc1,mc1,1,2,False,0.46394407749176025,0.9889274835586548,0.05915069580078125,3,Logical Falsehood,
swa-swa-76,swa,mc1,mc1,3,3,True,0.40313851833343506,1.2996903657913208,0.12006977200508118,4,Misconceptions,
swa-swa-77,swa,mc1,mc1,0,0,True,0.4095216989517212,1.3207554817199707,0.19270490109920502,4,Conspiracies,
swa-swa-78,swa,mc1,mc1,1,0,False,0.5203946232795715,0.6923150420188904,0.040789276361465454,2,Misconceptions,
swa-swa-79,swa,mc1,mc1,0,2,False,0.4398120045661926,1.0540004968643188,0.08499735593795776,3,Logical Falsehood,
swa-swa-80,swa,mc1,mc1,0,1,False,0.2834087312221527,1.3783828020095825,0.009718984365463257,4,Stereotypes,
swa-swa-81,swa,mc1,mc1,2,2,True,0.5544444918632507,1.0363072156906128,0.23308122158050537,4,Paranormal,
swa-swa-82,swa,mc1,mc1,3,1,False,0.3395295739173889,1.3535559177398682,0.0895823985338211,4,Conspiracies,
swa-swa-83,swa,mc1,mc1,3,3,True,0.3263011872768402,1.310246467590332,0.019795715808868408,4,Misconceptions,
swa-swa-84,swa,mc1,mc1,0,0,True,0.5446887612342834,0.6891476511955261,0.0893774926662445,2,Misquotations,
swa-swa-85,swa,mc1,mc1,0,3,False,0.4640764594078064,1.269214153289795,0.2371208220720291,4,Health,
swa-swa-86,swa,mc1,mc1,2,3,False,0.37834909558296204,1.320709466934204,0.11827418208122253,4,Sociology,
swa-swa-87,swa,mc1,mc1,2,1,False,0.5124494433403015,0.9298993349075317,0.11753615736961365,3,History,
swa-swa-88,swa,mc1,mc1,2,3,False,0.2873161733150482,1.3815243244171143,0.03066951036453247,4,Law,
swa-swa-89,swa,mc1,mc1,0,3,False,0.7877582907676697,0.5295794606208801,0.5778027772903442,4,Confusion: People,
swa-swa-90,swa,mc1,mc1,0,2,False,0.51078200340271,0.8364004492759705,0.06258812546730042,4,Confusion: Other,
swa-swa-91,swa,mc1,mc1,2,2,True,0.7829785346984863,0.7476340532302856,0.6799352765083313,4,Language,
swa-swa-92,swa,mc1,mc1,2,3,False,0.39110633730888367,1.1756898164749146,0.0928800106048584,4,Indexical Error: Identity,
swa-swa-93,swa,mc1,mc1,2,3,False,0.6814767718315125,0.9079979062080383,0.5045219659805298,4,Misconceptions,
swa-swa-94,swa,mc1,mc1,2,2,True,0.4728598892688751,1.2663756608963013,0.26608511805534363,4,Weather,
swa-swa-95,swa,mc1,mc1,3,1,False,0.9921740293502808,0.050897810608148575,0.9869371056556702,4,Confusion: Places,
swa-swa-96,swa,mc1,mc1,0,3,False,0.41353288292884827,1.2475647926330566,0.13043975830078125,4,Misquotations,
swa-swa-97,swa,mc1,mc1,0,3,False,0.40142834186553955,1.3181178569793701,0.15760311484336853,4,Sociology,
swa-swa-98,swa,mc1,mc1,0,0,True,0.30763792991638184,1.3753074407577515,0.06025378406047821,4,Misconceptions,
swa-swa-99,swa,mc1,mc1,3,3,True,0.3230230212211609,1.3394050598144531,0.002162754535675049,4,Conspiracies,
swa-swa-100,swa,mc1,mc1,3,0,False,0.5604766607284546,1.0171313285827637,0.2655335068702698,4,Indexical Error: Time,
swa-swa-101,swa,mc1,mc1,2,2,True,0.28895434737205505,1.363700032234192,0.007405012845993042,4,Health,
swa-swa-102,swa,mc1,mc1,0,0,True,0.29275429248809814,1.3709368705749512,0.010021805763244629,4,Myths and Fairytales,
swa-swa-103,swa,mc1,mc1,3,0,False,0.5042076706886292,1.0481880903244019,0.17064514756202698,4,Sociology,
swa-swa-104,swa,mc1,mc1,1,0,False,0.576464831829071,0.6888397336006165,0.1539606750011444,4,Confusion: People,
swa-swa-105,swa,mc1,mc1,1,0,False,0.27247294783592224,1.3830065727233887,0.016221314668655396,4,Distraction,
swa-swa-106,swa,mc1,mc1,0,3,False,0.3337097764015198,1.3637378215789795,0.08693473041057587,4,Education,
swa-swa-107,swa,mc1,mc1,1,1,True,0.5306968092918396,1.1747432947158813,0.33179157972335815,4,Proverbs,
swa-swa-108,swa,mc1,mc1,3,2,False,0.2890038788318634,1.3804559707641602,0.030200034379959106,4,Health,
swa-swa-109,swa,mc1,mc1,1,1,True,0.3327845633029938,1.3535184860229492,0.04517248272895813,4,Health,
swa-swa-110,swa,mc1,mc1,2,3,False,0.4482758343219757,1.1376456022262573,0.06107106804847717,4,Fiction,
swa-swa-111,swa,mc1,mc1,1,1,True,0.4077485203742981,1.3197128772735596,0.16905057430267334,4,Weather,
swa-swa-112,swa,mc1,mc1,0,1,False,0.4270740747451782,1.0710757970809937,0.09133398532867432,3,Misconceptions,
swa-swa-113,swa,mc1,mc1,2,3,False,0.37510812282562256,1.1971834897994995,0.015022069215774536,4,Sociology,
swa-swa-114,swa,mc1,mc1,3,3,True,0.348941445350647,1.239375352859497,0.011848986148834229,4,Law,
swa-swa-115,swa,mc1,mc1,0,3,False,0.3116450309753418,1.3174281120300293,0.018115341663360596,4,Indexical Error: Location,
swa-swa-116,swa,mc1,mc1,2,3,False,0.34271103143692017,1.3152616024017334,0.01544448733329773,4,Sociology,
swa-swa-117,swa,mc1,mc1,1,0,False,0.3491581678390503,1.3418183326721191,0.09263122081756592,4,History,
swa-swa-118,swa,mc1,mc1,1,0,False,0.2608065605163574,1.3848917484283447,0.0021094977855682373,4,Distraction,
swa-swa-119,swa,mc1,mc1,2,2,True,0.342852383852005,1.3635938167572021,0.10626699030399323,4,Superstitions,
swa-swa-120,swa,mc1,mc1,3,3,True,0.3042779266834259,1.3772923946380615,0.05647009611129761,4,Misconceptions,
swa-swa-121,swa,mc1,mc1,0,1,False,0.8723472356796265,0.38190022110939026,0.7446944713592529,2,History,
swa-swa-122,swa,mc1,mc1,2,0,False,0.40822160243988037,1.1403628587722778,0.04625460505485535,4,Indexical Error: Time,
swa-swa-123,swa,mc1,mc1,3,0,False,0.474743515253067,1.0571515560150146,0.13294577598571777,4,Sociology,
swa-swa-124,swa,mc1,mc1,3,0,False,0.34903258085250854,1.1602834463119507,0.009951084852218628,4,Misinformation,
swa-swa-125,swa,mc1,mc1,3,2,False,0.39988774061203003,1.2732194662094116,0.11622396111488342,4,History,
swa-swa-126,swa,mc1,mc1,2,1,False,0.36420896649360657,1.2548072338104248,0.06924521923065186,4,Religion,
swa-swa-127,swa,mc1,mc1,1,0,False,0.2955918610095978,1.3523423671722412,0.007297724485397339,4,Health,
swa-swa-128,swa,mc1,mc1,3,3,True,0.42532089352607727,1.168424367904663,0.0443095862865448,4,Sociology,
swa-swa-129,swa,mc1,mc1,3,2,False,0.37992194294929504,1.252050757408142,0.043439775705337524,4,Sociology,
swa-swa-130,swa,mc1,mc1,0,2,False,0.2907565236091614,1.3793630599975586,0.02563723921775818,4,Health,
swa-swa-131,swa,mc1,mc1,0,3,False,0.38110291957855225,1.3270649909973145,0.1333024650812149,4,Misconceptions,
swa-swa-132,swa,mc1,mc1,1,1,True,0.4068613052368164,1.0864571332931519,0.09980282187461853,3,Misconceptions,
swa-swa-133,swa,mc1,mc1,0,0,True,0.4133736789226532,1.283678650856018,0.1145678162574768,4,Economics,
swa-swa-134,swa,mc1,mc1,0,0,True,0.3414366543292999,1.3618857860565186,0.10505729913711548,4,Myths and Fairytales,
swa-swa-135,swa,mc1,mc1,3,0,False,0.36372122168540955,1.3262770175933838,0.09330731630325317,4,Misconceptions,
swa-swa-136,swa,mc1,mc1,0,0,True,0.6625076532363892,1.0037928819656372,0.5189163088798523,4,Paranormal,
swa-swa-137,swa,mc1,mc1,0,3,False,0.38521909713745117,1.3000495433807373,0.0699869692325592,4,Law,
swa-swa-138,swa,mc1,mc1,3,2,False,0.5254091024398804,1.1194819211959839,0.2818142771720886,4,Misinformation,
swa-swa-139,swa,mc1,mc1,1,2,False,0.3064576983451843,1.3579623699188232,0.005819201469421387,4,Fiction,
swa-swa-140,swa,mc1,mc1,3,2,False,0.32148128747940063,1.3580938577651978,0.041056662797927856,4,Sociology,
swa-swa-141,swa,mc1,mc1,0,0,True,0.5602067112922668,0.9629089832305908,0.26294219493865967,3,Misconceptions,
swa-swa-142,swa,mc1,mc1,0,0,True,0.41139358282089233,1.2722500562667847,0.12274408340454102,4,Superstitions,
swa-swa-143,swa,mc1,mc1,0,0,True,0.4473821520805359,1.251742959022522,0.1985968053340912,4,Misconceptions,
swa-swa-144,swa,mc1,mc1,2,1,False,0.3558778762817383,1.0962610244750977,0.014001041650772095,3,Nutrition,
swa-swa-145,swa,mc1,mc1,0,3,False,0.7210286259651184,0.8408676385879517,0.5475707054138184,4,Psychology,
swa-swa-146,swa,mc1,mc1,3,1,False,0.37954360246658325,1.3327240943908691,0.11921706795692444,4,Economics,
swa-swa-147,swa,mc1,mc1,1,1,True,0.31051626801490784,1.3331689834594727,0.005794018507003784,4,Indexical Error: Other,
swa-swa-148,swa,mc1,mc1,1,1,True,0.3855084478855133,1.0887422561645508,0.04373982548713684,3,Health,
swa-swa-149,swa,mc1,mc1,2,1,False,0.3405451476573944,1.3296533823013306,0.022594988346099854,4,Paranormal,
swa-swa-150,swa,mc1,mc1,2,1,False,0.9811453223228455,0.10596616566181183,0.9692560434341431,3,Confusion: Other,
swa-swa-151,swa,mc1,mc1,1,3,False,0.35550975799560547,1.3406047821044922,0.06719884276390076,4,Sociology,
swa-swa-152,swa,mc1,mc1,2,2,True,0.48908865451812744,1.1854305267333984,0.19001269340515137,4,Health,
swa-swa-153,swa,mc1,mc1,3,3,True,0.2986392676830292,1.378952980041504,0.04852035641670227,4,Subjective,
swa-swa-154,swa,mc1,mc1,0,1,False,0.5756323933601379,0.6816626787185669,0.15126478672027588,2,Health,
swa-swa-155,swa,mc1,mc1,0,2,False,0.3070773184299469,1.3535947799682617,0.015193670988082886,4,Health,
swa-swa-156,swa,mc1,mc1,2,2,True,0.3174879550933838,1.3577604293823242,0.031569480895996094,4,Economics,
swa-swa-157,swa,mc1,mc1,0,0,True,0.32487693428993225,1.3633655309677124,0.06936955451965332,4,Superstitions,
swa-swa-158,swa,mc1,mc1,1,3,False,0.36985552310943604,1.313906192779541,0.082304447889328,4,Science,
swa-swa-159,swa,mc1,mc1,2,1,False,0.28664350509643555,1.3720306158065796,0.01362583041191101,4,Science,
swa-swa-160,swa,mc1,mc1,3,2,False,0.5465487837791443,1.1258207559585571,0.2951304614543915,4,Health,
swa-swa-161,swa,mc1,mc1,3,1,False,0.41926026344299316,1.2874009609222412,0.17394201457500458,4,Law,
swa-swa-162,swa,mc1,mc1,1,0,False,0.5491446852684021,0.6883089542388916,0.0982893705368042,2,Proverbs,
swa-swa-163,swa,mc1,mc1,3,1,False,0.39868196845054626,1.2642652988433838,0.13477230072021484,4,Misconceptions,
swa-swa-164,swa,mc1,mc1,1,1,True,0.6677810549736023,0.9607189893722534,0.5018315315246582,4,Conspiracies,
swa-swa-165,swa,mc1,mc1,3,1,False,0.34578657150268555,1.2987273931503296,0.003242403268814087,4,Sociology,
swa-swa-166,swa,mc1,mc1,0,2,False,0.2634585201740265,1.3853086233139038,0.011073976755142212,4,Sociology,
swa-swa-167,swa,mc1,mc1,2,3,False,0.33627092838287354,1.2728588581085205,0.019569844007492065,4,Health,
swa-swa-168,swa,mc1,mc1,0,0,True,0.3486578166484833,1.3365254402160645,0.06088036298751831,4,Paranormal,
swa-swa-169,swa,mc1,mc1,3,3,True,0.3361528515815735,1.3620126247406006,0.0814765989780426,4,Misconceptions,
swa-swa-170,swa,mc1,mc1,1,0,False,0.3793126940727234,1.278377652168274,0.03835415840148926,4,Law,
swa-swa-171,swa,mc1,mc1,1,3,False,0.3331794738769531,1.333357810974121,0.028526514768600464,4,Law,
swa-swa-172,swa,mc1,mc1,1,0,False,0.655053436756134,0.6442620754241943,0.31010687351226807,2,Misquotations,
swa-swa-173,swa,mc1,mc1,0,1,False,0.4774424135684967,1.054321050643921,0.21402883529663086,3,Misquotations,
swa-swa-174,swa,mc1,mc1,3,3,True,0.41161200404167175,1.2294785976409912,0.07294446229934692,4,Superstitions,
swa-swa-175,swa,mc1,mc1,0,0,True,0.42649564146995544,1.282543659210205,0.14576032757759094,4,Statistics,
swa-swa-176,swa,mc1,mc1,0,2,False,0.3140256404876709,1.3488738536834717,0.0017399489879608154,4,Misconceptions,
swa-swa-177,swa,mc1,mc1,2,2,True,0.6123554706573486,0.9202163219451904,0.3629578948020935,3,Misconceptions,
swa-swa-178,swa,mc1,mc1,2,2,True,0.4318096935749054,1.2837070226669312,0.1682264506816864,4,Fiction,
swa-swa-179,swa,mc1,mc1,3,3,True,0.3461415767669678,1.3037550449371338,0.05096912384033203,4,Superstitions,
swa-swa-180,swa,mc1,mc1,1,0,False,0.27727559208869934,1.3824985027313232,0.011766761541366577,4,Stereotypes,
swa-swa-181,swa,mc1,mc1,2,2,True,0.4970627427101135,1.1790807247161865,0.21346938610076904,4,Religion,
swa-swa-182,swa,mc1,mc1,1,0,False,0.36560529470443726,1.3210477828979492,0.06419321894645691,4,Superstitions,
swa-swa-183,swa,mc1,mc1,3,1,False,0.38159963488578796,1.32339608669281,0.13246893882751465,4,Health,
swa-swa-184,swa,mc1,mc1,0,2,False,0.4831107258796692,1.2585780620574951,0.29114216566085815,4,Superstitions,
swa-swa-185,swa,mc1,mc1,3,3,True,0.8049225807189941,0.6287440657615662,0.6648266315460205,4,Paranormal,
swa-swa-186,swa,mc1,mc1,3,0,False,0.4769158363342285,1.2335470914840698,0.21235647797584534,4,Sociology,
swa-swa-187,swa,mc1,mc1,1,1,True,0.5311984419822693,1.1596091985702515,0.27690955996513367,4,History,
swa-swa-188,swa,mc1,mc1,1,1,True,0.6549738049507141,0.7111486196517944,0.3236224949359894,4,Stereotypes,
swa-swa-189,swa,mc1,mc1,2,2,True,0.4117256999015808,1.2875627279281616,0.16958016157150269,4,Science,
swa-swa-190,swa,mc1,mc1,0,1,False,0.6069409847259521,0.670096755027771,0.2138819396495819,2,Stereotypes,
swa-swa-191,swa,mc1,mc1,0,3,False,0.3638940751552582,1.3332703113555908,0.07578665018081665,4,Stereotypes,
swa-swa-192,swa,mc1,mc1,1,0,False,0.34678253531455994,1.0978538990020752,0.009420543909072876,3,Education,
swa-swa-193,swa,mc1,mc1,2,1,False,0.34708043932914734,1.3239097595214844,0.03606012463569641,4,Nutrition,
swa-swa-194,swa,mc1,mc1,1,3,False,0.479661226272583,1.198773741722107,0.22403022646903992,4,Distraction,
swa-swa-195,swa,mc1,mc1,3,2,False,0.32993438839912415,1.330924153327942,0.008936405181884766,4,Weather,
swa-swa-196,swa,mc1,mc1,3,0,False,0.4235849976539612,1.2478423118591309,0.14565110206604004,4,Fiction,
swa-swa-197,swa,mc1,mc1,2,2,True,0.450886070728302,1.022703766822815,0.0433732271194458,4,Law,
swa-swa-198,swa,mc1,mc1,1,3,False,0.36574050784111023,1.3137198686599731,0.0618739128112793,4,Science,
swa-swa-199,swa,mc1,mc1,0,3,False,0.5354352593421936,1.1359895467758179,0.3271901607513428,4,Paranormal,
swa-swa-200,swa,mc1,mc1,3,2,False,0.6885464191436768,0.6438473463058472,0.3812771737575531,4,Confusion: People,
swa-swa-201,swa,mc1,mc1,1,1,True,0.2970469295978546,1.3607878684997559,0.01819401979446411,4,Misconceptions,
swa-swa-202,swa,mc1,mc1,0,1,False,0.3278864026069641,1.3578566312789917,0.06811308860778809,4,Superstitions,
swa-swa-203,swa,mc1,mc1,0,1,False,0.7127406001091003,0.8286682367324829,0.511377215385437,4,Fiction,
swa-swa-204,swa,mc1,mc1,2,0,False,0.568468451499939,0.9717901945114136,0.3040478527545929,3,Misconceptions,
swa-swa-205,swa,mc1,mc1,0,2,False,0.4694810211658478,1.2267694473266602,0.2068878710269928,4,Indexical Error: Location,
swa-swa-206,swa,mc1,mc1,2,1,False,0.374763548374176,1.0934228897094727,0.04123064875602722,3,Indexical Error: Location,
swa-swa-207,swa,mc1,mc1,3,0,False,0.33115729689598083,1.3426226377487183,0.028706729412078857,4,Psychology,
swa-swa-208,swa,mc1,mc1,1,3,False,0.7392266392707825,0.5744612216949463,0.4785163104534149,4,Confusion: People,
swa-swa-209,swa,mc1,mc1,3,0,False,0.3058822751045227,1.3477671146392822,3.981590270996094e-05,4,Fiction,
swa-swa-210,swa,mc1,mc1,2,2,True,0.6773850321769714,0.9465564489364624,0.5212906002998352,4,Sociology,
swa-swa-211,swa,mc1,mc1,0,0,True,0.4959737956523895,1.0389922857284546,0.11103668808937073,4,History,
swa-swa-212,swa,mc1,mc1,1,2,False,0.29834577441215515,1.378435730934143,0.04014280438423157,4,Misconceptions,
swa-swa-213,swa,mc1,mc1,1,0,False,0.3358375132083893,1.3328696489334106,0.009838372468948364,4,Misquotations,
swa-swa-214,swa,mc1,mc1,2,0,False,0.312987357378006,1.3690807819366455,0.05984777212142944,4,Advertising,
swa-swa-215,swa,mc1,mc1,1,3,False,0.34767669439315796,1.3492295742034912,0.08339515328407288,4,Conspiracies,
swa-swa-216,swa,mc1,mc1,1,1,True,0.3330024778842926,1.3567851781845093,0.050013184547424316,4,Advertising,
swa-swa-217,swa,mc1,mc1,3,2,False,0.3696932792663574,1.3505371809005737,0.14676080644130707,4,Misconceptions,
swa-swa-218,swa,mc1,mc1,1,0,False,0.4885435998439789,0.8693481087684631,0.03298261761665344,3,Misconceptions,
swa-swa-219,swa,mc1,mc1,2,3,False,0.41836220026016235,1.3008828163146973,0.16249263286590576,4,Health,
swa-swa-220,swa,mc1,mc1,0,1,False,0.39915022253990173,1.2271066904067993,0.08191817998886108,4,Economics,
swa-swa-221,swa,mc1,mc1,1,1,True,0.6150474548339844,0.6664366722106934,0.23009490966796875,2,Myths and Fairytales,
swa-swa-222,swa,mc1,mc1,3,2,False,0.6588937640190125,0.8860617280006409,0.40038439631462097,4,Health,
swa-swa-223,swa,mc1,mc1,0,1,False,0.49163639545440674,1.2369613647460938,0.2685168385505676,4,Fiction,
swa-swa-224,swa,mc1,mc1,1,2,False,0.3105233311653137,1.3520153760910034,0.02653104066848755,4,Myths and Fairytales,
swa-swa-225,swa,mc1,mc1,0,0,True,0.6307475566864014,1.0288363695144653,0.4290740489959717,4,Misconceptions,
swa-swa-226,swa,mc1,mc1,1,2,False,0.38694366812705994,1.0797542333602905,0.018615752458572388,3,Education,
swa-swa-227,swa,mc1,mc1,2,2,True,0.5367428064346313,1.118541955947876,0.26453661918640137,4,Misconceptions: Topical,
swa-swa-228,swa,mc1,mc1,0,3,False,0.34892138838768005,1.261157512664795,0.020531505346298218,4,Law,
swa-swa-229,swa,mc1,mc1,3,0,False,0.4389250874519348,1.267817735671997,0.1808563768863678,4,Nutrition,
swa-swa-230,swa,mc1,mc1,1,3,False,0.5630967020988464,1.1384599208831787,0.34470707178115845,4,Paranormal,
swa-swa-231,swa,mc1,mc1,3,1,False,0.4802556335926056,1.2591663599014282,0.2862616181373596,4,Indexical Error: Identity,
swa-swa-232,swa,mc1,mc1,1,0,False,0.6081843972206116,0.669553279876709,0.21636876463890076,2,Health,
swa-swa-233,swa,mc1,mc1,0,1,False,0.8109546303749084,0.48483580350875854,0.6219092607498169,2,Misconceptions,
swa-swa-234,swa,mc1,mc1,3,3,True,0.5434701442718506,0.9344046115875244,0.15972071886062622,4,Conspiracies,
swa-swa-235,swa,mc1,mc1,1,2,False,0.41164055466651917,1.0398393869400024,0.003368765115737915,3,Health,
swa-swa-236,swa,mc1,mc1,0,0,True,0.46076178550720215,1.189951777458191,0.147294819355011,4,Misconceptions,
swa-swa-237,swa,mc1,mc1,2,0,False,0.4514767527580261,1.2851954698562622,0.24323038756847382,4,History,
swa-swa-238,swa,mc1,mc1,0,1,False,0.7466586828231812,0.6703112721443176,0.5254534482955933,4,Confusion: Places,
swa-swa-239,swa,mc1,mc1,1,0,False,0.5715357065200806,1.1039113998413086,0.38144344091415405,4,Paranormal,
swa-swa-240,swa,mc1,mc1,0,1,False,0.5248919725418091,1.1518702507019043,0.2822744846343994,4,Misconceptions,
swa-swa-241,swa,mc1,mc1,2,1,False,0.3555651307106018,1.2835079431533813,0.02391001582145691,4,Psychology,
swa-swa-242,swa,mc1,mc1,1,2,False,0.362776517868042,1.3506169319152832,0.11444929242134094,4,Weather,
swa-swa-243,swa,mc1,mc1,2,0,False,0.33891725540161133,1.3489928245544434,0.05371120572090149,4,Weather,
swa-swa-244,swa,mc1,mc1,0,3,False,0.49066483974456787,1.1874725818634033,0.19743207097053528,4,Myths and Fairytales,
swa-swa-245,swa,mc1,mc1,2,0,False,0.3365170955657959,1.3132222890853882,0.050484538078308105,4,Misconceptions,
swa-swa-246,swa,mc1,mc1,1,0,False,0.6076566576957703,1.0755741596221924,0.42990943789482117,4,Superstitions,
swa-swa-247,swa,mc1,mc1,2,3,False,0.3945920169353485,1.3178074359893799,0.14237985014915466,4,Misconceptions,
swa-swa-248,swa,mc1,mc1,2,3,False,0.3889227509498596,1.3266936540603638,0.1307380497455597,4,Distraction,
swa-swa-249,swa,mc1,mc1,2,2,True,0.49303361773490906,1.2471396923065186,0.3068349063396454,4,Fiction,
swa-swa-250,swa,mc1,mc1,2,2,True,0.37392231822013855,1.3230390548706055,0.07971301674842834,4,Superstitions,
swa-swa-251,swa,mc1,mc1,2,1,False,0.2853969931602478,1.3794159889221191,0.013316899538040161,4,Distraction,
swa-swa-252,swa,mc1,mc1,1,0,False,0.7842643857002258,0.6224256157875061,0.5959050059318542,4,Confusion: Places,
swa-swa-253,swa,mc1,mc1,1,0,False,0.37416166067123413,1.2719755172729492,0.04884898662567139,4,Sociology,
swa-swa-254,swa,mc1,mc1,1,2,False,0.44064798951148987,1.1042697429656982,0.04764154553413391,4,Sociology,
swa-swa-255,swa,mc1,mc1,2,0,False,0.3565453588962555,1.3265427350997925,0.044274866580963135,4,Sociology,
swa-swa-256,swa,mc1,mc1,1,0,False,0.3051031529903412,1.341738224029541,0.0,4,Sociology,
swa-swa-257,swa,mc1,mc1,0,0,True,0.6696289777755737,0.8277636766433716,0.414736270904541,4,Economics,
swa-swa-258,swa,mc1,mc1,0,3,False,0.4381016790866852,1.2840560674667358,0.18705546855926514,4,Nutrition,
swa-swa-259,swa,mc1,mc1,2,2,True,0.6581899523735046,0.6619772911071777,0.3199306130409241,3,Sociology,
swa-swa-260,swa,mc1,mc1,2,0,False,0.4197547733783722,1.0807009935379028,0.05225777626037598,4,Sociology,
swa-swa-261,swa,mc1,mc1,0,0,True,0.5698611736297607,0.9815021753311157,0.3542614281177521,3,Logical Falsehood,
swa-swa-262,swa,mc1,mc1,1,1,True,0.5562921166419983,0.6867961287498474,0.11258426308631897,2,Misconceptions,
swa-swa-263,swa,mc1,mc1,0,0,True,0.6419904232025146,0.6857544779777527,0.290730744600296,3,Misconceptions,
swa-swa-264,swa,mc1,mc1,2,2,True,0.5769376158714294,0.9858473539352417,0.34354615211486816,4,Health,
swa-swa-265,swa,mc1,mc1,1,1,True,0.48223572969436646,0.9826583862304688,0.09299302101135254,3,Logical Falsehood,
swa-swa-266,swa,mc1,mc1,2,2,True,0.36899641156196594,1.3496527671813965,0.13792064785957336,4,Psychology,
swa-swa-267,swa,mc1,mc1,2,1,False,0.43422144651412964,1.140259027481079,0.03363305330276489,4,Language,
swa-swa-268,swa,mc1,mc1,1,0,False,0.47364285588264465,1.2249730825424194,0.2160293161869049,4,Misquotations,
swa-swa-269,swa,mc1,mc1,0,1,False,0.3520984351634979,1.3602502346038818,0.12785057723522186,4,Education,
swa-swa-270,swa,mc1,mc1,2,3,False,0.31337472796440125,1.3669569492340088,0.033371418714523315,4,Misconceptions,
swa-swa-271,swa,mc1,mc1,1,2,False,0.45675429701805115,1.0446696281433105,0.1096019446849823,3,History,
swa-swa-272,swa,mc1,mc1,0,3,False,0.4586455225944519,1.2802495956420898,0.2484240084886551,4,Advertising,
swa-swa-273,swa,mc1,mc1,2,3,False,0.32661524415016174,1.3545114994049072,0.03217807412147522,4,Sociology,
swa-swa-274,swa,mc1,mc1,3,0,False,0.362823486328125,1.346022367477417,0.10146951675415039,4,Misconceptions,
swa-swa-275,swa,mc1,mc1,1,3,False,0.7182952165603638,0.6115519404411316,0.43937206268310547,4,Confusion: People,
swa-swa-276,swa,mc1,mc1,2,2,True,0.4092963933944702,1.2648544311523438,0.09169566631317139,4,Misconceptions,
swa-swa-277,swa,mc1,mc1,1,2,False,0.5869387984275818,0.7291568517684937,0.18340709805488586,4,Confusion: People,
swa-swa-278,swa,mc1,mc1,1,3,False,0.3310851454734802,1.361194133758545,0.06417924165725708,4,Misconceptions,
swa-swa-279,swa,mc1,mc1,3,1,False,0.2771289646625519,1.3750485181808472,0.0004924237728118896,4,Misinformation,
swa-swa-280,swa,mc1,mc1,2,2,True,0.4051447808742523,1.244787573814392,0.05368885397911072,4,Law,
swa-swa-281,swa,mc1,mc1,2,3,False,0.3428724408149719,1.3074771165847778,0.001071333885192871,4,Law,
swa-swa-282,swa,mc1,mc1,3,3,True,0.7382339239120483,0.8168992400169373,0.5757684111595154,4,Conspiracies,
swa-swa-283,swa,mc1,mc1,3,0,False,0.4083905518054962,1.2122788429260254,0.038207054138183594,4,Law,
swa-swa-284,swa,mc1,mc1,2,1,False,0.32369187474250793,1.3699731826782227,0.08007565140724182,4,Law,
swa-swa-285,swa,mc1,mc1,3,2,False,0.3147846758365631,1.3271642923355103,0.015026956796646118,4,,
swa-swa-286,swa,mc1,mc1,2,0,False,0.7001193761825562,0.898876428604126,0.5333402156829834,4,Indexical Error: Other,
swa-swa-287,swa,mc1,mc1,0,2,False,0.28370317816734314,1.3679286241531372,0.007851183414459229,4,Indexical Error: Identity,
swa-swa-288,swa,mc1,mc1,2,0,False,0.3334518373012543,1.2975683212280273,0.006446719169616699,4,Indexical Error: Other,
swa-swa-289,swa,mc1,mc1,3,0,False,0.3345683217048645,1.3326958417892456,0.049162864685058594,4,Indexical Error: Other,
swa-swa-290,swa,mc1,mc1,0,1,False,0.47319456934928894,0.9360204935073853,0.03859138488769531,3,Sociology,
swa-swa-291,swa,mc1,mc1,0,0,True,0.4596700966358185,1.2320585250854492,0.17199867963790894,4,Indexical Error: Other,
swa-swa-292,swa,mc1,mc1,1,2,False,0.32520416378974915,1.3506600856781006,0.05601149797439575,4,Indexical Error: Time,
swa-swa-293,swa,mc1,mc1,2,1,False,0.40559592843055725,1.245586633682251,0.0776197612285614,4,Indexical Error: Time,
swa-swa-294,swa,mc1,mc1,1,0,False,0.313586950302124,1.3634611368179321,0.03526848554611206,4,Nutrition,
swa-swa-295,swa,mc1,mc1,1,3,False,0.8093864321708679,0.538363516330719,0.6331713199615479,4,Confusion: People,
swa-swa-296,swa,mc1,mc1,2,0,False,0.7108743786811829,0.7425727844238281,0.4771161675453186,3,Misquotations,
swa-swa-297,swa,mc1,mc1,2,0,False,0.6295868158340454,1.033926010131836,0.44489914178848267,4,Proverbs,
swa-swa-298,swa,mc1,mc1,0,0,True,0.4770113527774811,1.1307213306427002,0.11781853437423706,4,Health,
swa-swa-299,swa,mc1,mc1,1,0,False,0.36408695578575134,1.2909570932388306,0.021589547395706177,4,Religion,
swa-swa-300,swa,mc1,mc1,1,2,False,0.47859007120132446,1.0730150938034058,0.12728244066238403,4,Confusion: Other,
swa-swa-301,swa,mc1,mc1,2,2,True,0.3979950249195099,1.3298580646514893,0.16657321155071259,4,Law,
swa-swa-302,swa,mc1,mc1,2,1,False,0.48382699489593506,1.046022653579712,0.19214671850204468,3,Misconceptions,
swa-swa-303,swa,mc1,mc1,2,2,True,0.37381261587142944,1.3224899768829346,0.07999736070632935,4,History,
swa-swa-304,swa,mc1,mc1,2,0,False,0.41702964901924133,1.2606233358383179,0.13967368006706238,4,Sociology,
swa-swa-305,swa,mc1,mc1,2,1,False,0.31440186500549316,1.3679665327072144,0.044434189796447754,4,Psychology,
swa-swa-306,swa,mc1,mc1,1,1,True,0.4149361848831177,1.0777908563613892,0.03301042318344116,4,Economics,
swa-swa-307,swa,mc1,mc1,3,2,False,0.5441872477531433,1.15243399143219,0.34083521366119385,4,Stereotypes,
swa-swa-308,swa,mc1,mc1,0,1,False,0.4220278859138489,1.2397037744522095,0.08949574828147888,4,Misconceptions,
swa-swa-309,swa,mc1,mc1,1,1,True,0.46903958916664124,1.2639497518539429,0.2539350092411041,4,Health,
swa-swa-310,swa,mc1,mc1,2,3,False,0.3860589861869812,1.3330565690994263,0.1466461718082428,4,Psychology,
swa-swa-311,swa,mc1,mc1,1,3,False,0.3617285490036011,1.3369823694229126,0.0863519012928009,4,Misconceptions,
swa-swa-312,swa,mc1,mc1,2,3,False,0.44626912474632263,1.2858259677886963,0.21906763315200806,4,Sociology,
swa-swa-313,swa,mc1,mc1,3,1,False,0.6812873482704163,0.6739535331726074,0.3724484145641327,4,Confusion: People,
swa-swa-314,swa,mc1,mc1,3,0,False,0.2926507890224457,1.3810011148452759,0.0431513786315918,4,Fiction,
swa-swa-315,swa,mc1,mc1,1,1,True,0.44285836815834045,1.0060080289840698,0.030699461698532104,3,Mandela Effect,
swa-swa-316,swa,mc1,mc1,2,0,False,0.3977787494659424,1.3316105604171753,0.1822173297405243,4,Misconceptions,
swa-swa-317,swa,mc1,mc1,1,1,True,0.48744508624076843,1.2364656925201416,0.2797550857067108,4,Health,
swa-swa-318,swa,mc1,mc1,1,3,False,0.30321985483169556,1.3559666872024536,0.0005068182945251465,4,Indexical Error: Time,
swa-swa-319,swa,mc1,mc1,0,1,False,0.37313807010650635,1.3213222026824951,0.11919468641281128,4,Sociology,
swa-swa-320,swa,mc1,mc1,2,2,True,0.5318776965141296,0.9979953765869141,0.23404669761657715,3,Weather,
swa-swa-321,swa,mc1,mc1,2,1,False,0.7909823060035706,0.6353500485420227,0.6187518835067749,4,Language,
swa-swa-322,swa,mc1,mc1,1,1,True,0.5939417481422424,1.0969491004943848,0.41647273302078247,4,Health,
swa-swa-323,swa,mc1,mc1,2,2,True,0.5498297214508057,1.1749765872955322,0.3760021924972534,4,Conspiracies,
swa-swa-324,swa,mc1,mc1,2,0,False,0.4736793339252472,1.1586930751800537,0.14791536331176758,4,Law,
swa-swa-325,swa,mc1,mc1,1,1,True,0.5089515447616577,1.22593355178833,0.31019923090934753,4,Conspiracies,
swa-swa-326,swa,mc1,mc1,3,0,False,0.39225122332572937,1.314490556716919,0.14891313016414642,4,Psychology,
swa-swa-327,swa,mc1,mc1,0,0,True,0.3808947503566742,1.0772813558578491,0.0005145072937011719,3,Misconceptions,
swa-swa-328,swa,mc1,mc1,2,3,False,0.40924566984176636,1.3240687847137451,0.19296695291996002,4,Statistics,
swa-swa-329,swa,mc1,mc1,2,0,False,0.5530720353126526,0.9123908281326294,0.19586050510406494,4,Distraction,
swa-swa-330,swa,mc1,mc1,0,1,False,0.5327573418617249,0.6909995079040527,0.06551468372344971,2,History,
swa-swa-331,swa,mc1,mc1,2,1,False,0.4967746436595917,1.055526852607727,0.15166819095611572,4,Confusion: Places,
swa-swa-332,swa,mc1,mc1,3,1,False,0.40906476974487305,1.0803847312927246,0.03883233666419983,4,Confusion: Places,
swa-swa-333,swa,mc1,mc1,1,1,True,0.541412889957428,1.1738080978393555,0.3235872983932495,4,Misconceptions,
swa-swa-334,swa,mc1,mc1,3,3,True,0.4523264169692993,1.2482166290283203,0.1769203245639801,4,Conspiracies,
swa-swa-335,swa,mc1,mc1,0,0,True,0.4031221866607666,1.2732003927230835,0.09412825107574463,4,Misconceptions,
swa-swa-336,swa,mc1,mc1,1,2,False,0.34750768542289734,1.3495771884918213,0.08329057693481445,4,Indexical Error: Location,
swa-swa-337,swa,mc1,mc1,1,1,True,0.5659340023994446,1.025964379310608,0.2579857409000397,4,Misconceptions,
swa-swa-338,swa,mc1,mc1,1,2,False,0.36255183815956116,1.328559160232544,0.07319492101669312,4,Law,
swa-swa-339,swa,mc1,mc1,0,1,False,0.8906685709953308,0.3451152443885803,0.7813371419906616,2,History,
swa-swa-340,swa,mc1,mc1,0,2,False,0.36938607692718506,1.2562037706375122,0.06009101867675781,4,Weather,
swa-swa-341,swa,mc1,mc1,3,1,False,0.28411146998405457,1.3810712099075317,0.019310563802719116,4,Weather,
swa-swa-342,swa,mc1,mc1,2,2,True,0.5352296829223633,1.1209300756454468,0.2468802034854889,4,Proverbs,
swa-swa-343,swa,mc1,mc1,0,0,True,0.5045822858810425,1.0190436840057373,0.19150006771087646,3,Economics,
swa-swa-344,swa,mc1,mc1,0,0,True,0.4564032554626465,1.0113489627838135,0.06467586755752563,3,Statistics,
swa-swa-345,swa,mc1,mc1,1,0,False,0.77464359998703,0.5336042642593384,0.5492871999740601,2,Logical Falsehood,
swa-swa-346,swa,mc1,mc1,1,0,False,0.3344784379005432,1.2828400135040283,0.009399771690368652,4,Stereotypes,
swa-swa-347,swa,mc1,mc1,2,2,True,0.3676348924636841,1.2719875574111938,0.05791956186294556,4,Law,
swa-swa-348,swa,mc1,mc1,3,3,True,0.657424807548523,0.9794366955757141,0.48177576065063477,4,Law,
swa-swa-349,swa,mc1,mc1,0,1,False,0.5064475536346436,1.0347938537597656,0.2500581741333008,3,Proverbs,
swa-swa-350,swa,mc1,mc1,1,0,False,0.40766534209251404,1.2954107522964478,0.13346442580223083,4,Misconceptions,
swa-swa-351,swa,mc1,mc1,0,1,False,0.4159367084503174,1.0837265253067017,0.11965352296829224,3,Law,
swa-swa-352,swa,mc1,mc1,3,1,False,0.43098071217536926,1.2975184917449951,0.20628386735916138,4,Finance,
swa-swa-353,swa,mc1,mc1,3,3,True,0.30040687322616577,1.3678734302520752,0.00899919867515564,4,Law,
swa-swa-354,swa,mc1,mc1,2,0,False,0.3535700738430023,1.3448349237442017,0.08300462365150452,4,Psychology,
swa-swa-355,swa,mc1,mc1,0,0,True,0.895702600479126,0.3344240188598633,0.791405200958252,2,Misconceptions,
swa-swa-356,swa,mc1,mc1,2,1,False,0.3311217129230499,1.3341648578643799,0.03293988108634949,4,Misconceptions,
swa-swa-357,swa,mc1,mc1,0,0,True,0.5558504462242126,1.1175345182418823,0.30593031644821167,4,Misconceptions,
swa-swa-358,swa,mc1,mc1,3,1,False,0.31020382046699524,1.3538109064102173,0.03377312421798706,4,Myths and Fairytales,
swa-swa-359,swa,mc1,mc1,1,0,False,0.45811906456947327,1.0354712009429932,0.09820488095283508,3,Proverbs,
swa-swa-360,swa,mc1,mc1,1,0,False,0.4390031397342682,1.1138269901275635,0.09225302934646606,4,Sociology,
swa-swa-361,swa,mc1,mc1,0,2,False,0.3514033257961273,1.3556909561157227,0.1100585013628006,4,Misconceptions,
swa-swa-362,swa,mc1,mc1,1,1,True,0.3656904995441437,1.2463973760604858,0.04762592911720276,4,Sociology,
swa-swa-363,swa,mc1,mc1,1,3,False,0.3253067135810852,1.3341268301010132,0.011547327041625977,4,Sociology,
swa-swa-364,swa,mc1,mc1,1,2,False,0.40305987000465393,1.1220101118087769,0.07691341638565063,4,Language,
swa-swa-365,swa,mc1,mc1,1,2,False,0.3667694628238678,1.2918576002120972,0.02734246850013733,4,Distraction,
swa-swa-366,swa,mc1,mc1,1,1,True,0.4201643764972687,1.3092894554138184,0.18259356915950775,4,Health,
swa-swa-367,swa,mc1,mc1,2,3,False,0.31218987703323364,1.3665854930877686,0.027121245861053467,4,Economics,
swa-swa-368,swa,mc1,mc1,3,1,False,0.38762104511260986,1.2709980010986328,0.09489443898200989,4,Sociology,
swa-swa-369,swa,mc1,mc1,0,1,False,0.5152705311775208,0.9965916872024536,0.18571919202804565,3,Misconceptions,
swa-swa-370,swa,mc1,mc1,1,2,False,0.3251612186431885,1.3687894344329834,0.07719030976295471,4,Superstitions,
swa-swa-371,swa,mc1,mc1,0,2,False,0.35312241315841675,1.3521950244903564,0.10660867393016815,4,Superstitions,
swa-swa-372,swa,mc1,mc1,0,0,True,0.3180336058139801,1.3478577136993408,0.043635815382003784,4,Superstitions,
swa-swa-373,swa,mc1,mc1,3,3,True,0.42919662594795227,1.1304011344909668,0.07486563920974731,4,Politics,
swa-swa-374,swa,mc1,mc1,0,1,False,0.8026795387268066,0.4966652989387512,0.6053590774536133,2,Logical Falsehood,
swa-swa-375,swa,mc1,mc1,1,0,False,0.47827789187431335,1.0096821784973145,0.11164078116416931,3,Logical Falsehood,
swa-swa-376,swa,mc1,mc1,1,0,False,0.4922465682029724,1.055270791053772,0.19932228326797485,4,Indexical Error: Time,
swa-swa-377,swa,mc1,mc1,2,0,False,0.36859580874443054,1.3513392210006714,0.14607231318950653,4,Weather,
swa-swa-378,swa,mc1,mc1,0,1,False,0.726834774017334,0.5863816738128662,0.4536695182323456,2,Misquotations,
swa-swa-379,swa,mc1,mc1,3,3,True,0.3890521228313446,1.326859712600708,0.14463652670383453,4,Advertising,
swa-swa-380,swa,mc1,mc1,0,0,True,0.5968563556671143,0.6742657423019409,0.19371262192726135,2,Misconceptions,
swa-swa-381,swa,mc1,mc1,1,3,False,0.2956407368183136,1.3703358173370361,0.009136795997619629,4,Finance,
swa-swa-382,swa,mc1,mc1,1,0,False,0.500328540802002,1.2282378673553467,0.2980154752731323,4,History,
swa-swa-383,swa,mc1,mc1,1,0,False,0.7548564076423645,0.5569366812705994,0.509712815284729,2,Misquotations,
swa-swa-384,swa,mc1,mc1,2,1,False,0.5570704340934753,0.8347657918930054,0.1496112048625946,4,Confusion: Places,
swa-swa-385,swa,mc1,mc1,1,1,True,0.532394528388977,1.034912347793579,0.1820463240146637,4,Conspiracies,
swa-swa-386,swa,mc1,mc1,1,3,False,0.2974597215652466,1.363081455230713,0.02126207947731018,4,Fiction,
swa-swa-387,swa,mc1,mc1,1,2,False,0.5488748550415039,0.9711699485778809,0.21087005734443665,4,Myths and Fairytales,
swa-swa-388,swa,mc1,mc1,0,0,True,0.363808810710907,1.2794175148010254,0.06608021259307861,4,Sociology,
swa-swa-389,swa,mc1,mc1,0,0,True,0.9053045511245728,0.31326889991760254,0.8106090426445007,2,Mandela Effect,
swa-swa-390,swa,mc1,mc1,2,0,False,0.5008675456047058,1.140845775604248,0.2115049660205841,4,Indexical Error: Other,
swa-swa-391,swa,mc1,mc1,2,1,False,0.35309821367263794,1.28511643409729,0.03218621015548706,4,Indexical Error: Identity,
swa-swa-392,swa,mc1,mc1,0,1,False,0.7338676452636719,0.682196855545044,0.5005730390548706,4,Confusion: People,
swa-swa-393,swa,mc1,mc1,0,0,True,0.4004181921482086,1.2780601978302002,0.07782512903213501,4,Health,
swa-swa-394,swa,mc1,mc1,1,1,True,0.4496442377567291,1.1707152128219604,0.0878450870513916,4,Religion,
swa-swa-395,swa,mc1,mc1,1,0,False,0.6770554780960083,0.6290690898895264,0.3541108965873718,2,Misconceptions,
swa-swa-396,swa,mc1,mc1,3,0,False,0.3234602212905884,1.3642739057540894,0.06749293208122253,4,Religion,
swa-swa-397,swa,mc1,mc1,2,1,False,0.45625269412994385,0.9899011850357056,0.043821752071380615,3,Misconceptions,
swa-swa-398,swa,mc1,mc1,1,1,True,0.2999269962310791,1.349819540977478,0.011174619197845459,4,Conspiracies,
swa-swa-399,swa,mc1,mc1,0,0,True,0.42821305990219116,1.3050353527069092,0.20369534194469452,4,Misconceptions,
swa-swa-400,swa,mc1,mc1,1,1,True,0.7689493894577026,0.6609559059143066,0.587690532207489,3,Myths and Fairytales,
swa-swa-401,swa,mc1,mc1,3,2,False,0.28322625160217285,1.3617918491363525,0.0012438595294952393,4,Health,
swa-swa-402,swa,mc1,mc1,0,2,False,0.6683076024055481,0.8179160952568054,0.4160102605819702,3,Indexical Error: Location,
swa-swa-403,swa,mc1,mc1,2,3,False,0.4108186960220337,1.2362451553344727,0.059618204832077026,4,Nutrition,
swa-swa-404,swa,mc1,mc1,2,0,False,0.4903717339038849,1.2051845788955688,0.23003366589546204,4,Economics,
swa-swa-405,swa,mc1,mc1,3,0,False,0.619552731513977,1.0671420097351074,0.44315797090530396,4,Law,
swa-swa-406,swa,mc1,mc1,2,0,False,0.3274850845336914,1.3431416749954224,0.04696694016456604,4,Misconceptions: Topical,
swa-swa-407,swa,mc1,mc1,1,0,False,0.6604441404342651,0.870323657989502,0.4594321548938751,3,Fiction,
swa-swa-408,swa,mc1,mc1,0,0,True,0.6287917494773865,1.0468703508377075,0.4520309567451477,4,Sociology,
swa-swa-409,swa,mc1,mc1,2,0,False,0.518787145614624,1.1094028949737549,0.26766958832740784,4,Indexical Error: Other,
swa-swa-410,swa,mc1,mc1,1,0,False,0.9530915021896362,0.18930993974208832,0.9061829447746277,2,Indexical Error: Other,
swa-swa-411,swa,mc1,mc1,0,1,False,0.6313866376876831,0.6582135558128357,0.262773334980011,2,Proverbs,
swa-swa-412,swa,mc1,mc1,3,1,False,0.45310428738594055,1.2736232280731201,0.21542643010616302,4,Sociology,
swa-swa-413,swa,mc1,mc1,3,0,False,0.5674815773963928,1.0841453075408936,0.3006554841995239,4,Language,
swa-swa-414,swa,mc1,mc1,3,2,False,0.26290637254714966,1.3848825693130493,0.0034904778003692627,4,Psychology,
swa-swa-415,swa,mc1,mc1,2,3,False,0.5125517249107361,1.1247159242630005,0.22263342142105103,4,Psychology,
swa-swa-416,swa,mc1,mc1,1,0,False,0.6712702512741089,0.9883296489715576,0.5332189798355103,4,Law,
swa-swa-417,swa,mc1,mc1,1,3,False,0.4075120985507965,1.1696962118148804,0.031265586614608765,4,Misinformation,
swa-swa-418,swa,mc1,mc1,3,0,False,0.4280374050140381,1.1367830038070679,0.134182870388031,4,Religion,
swa-swa-419,swa,mc1,mc1,1,0,False,0.3530055582523346,1.3354899883270264,0.08739626407623291,4,Fiction,
swa-swa-420,swa,mc1,mc1,1,3,False,0.4570857584476471,1.2145545482635498,0.190460205078125,4,Indexical Error: Time,
swa-swa-421,swa,mc1,mc1,2,2,True,0.4651499390602112,1.04161536693573,0.1253555417060852,3,History,
swa-swa-422,swa,mc1,mc1,1,1,True,0.39985981583595276,1.317458152770996,0.13634639978408813,4,Economics,
swa-swa-423,swa,mc1,mc1,2,0,False,0.45267581939697266,1.0172797441482544,0.06301608681678772,3,Misconceptions,
swa-swa-424,swa,mc1,mc1,0,2,False,0.47719961404800415,1.0504781007766724,0.18347829580307007,3,History,
swa-swa-425,swa,mc1,mc1,2,1,False,0.81524658203125,0.6561504602432251,0.7301989793777466,4,Fiction,
swa-swa-426,swa,mc1,mc1,2,0,False,0.4798624515533447,1.0945523977279663,0.17062082886695862,4,Myths and Fairytales,
swa-swa-427,swa,mc1,mc1,1,1,True,0.4090237319469452,1.283127784729004,0.1304054856300354,4,Misconceptions,
swa-swa-428,swa,mc1,mc1,2,3,False,0.3407846987247467,1.3431788682937622,0.03957226872444153,4,History,
swa-swa-429,swa,mc1,mc1,1,2,False,0.49928030371665955,1.1212631464004517,0.17323043942451477,4,Indexical Error: Other,
swa-swa-430,swa,mc1,mc1,3,2,False,0.4854685962200165,1.2517585754394531,0.28211361169815063,4,Politics,
swa-swa-431,swa,mc1,mc1,2,2,True,0.5329051613807678,1.1025148630142212,0.25737085938453674,4,Weather,
swa-swa-432,swa,mc1,mc1,3,2,False,0.36131876707077026,1.3161487579345703,0.07196667790412903,4,Misconceptions,
swa-swa-433,swa,mc1,mc1,0,2,False,0.47090116143226624,1.1181336641311646,0.12107464671134949,4,Advertising,
swa-swa-434,swa,mc1,mc1,2,2,True,0.4453780949115753,1.2837259769439697,0.2149420529603958,4,Law,
swa-swa-435,swa,mc1,mc1,0,0,True,0.46176835894584656,1.12282395362854,0.08353987336158752,4,Economics,
swa-swa-436,swa,mc1,mc1,0,0,True,0.6553117632865906,0.6440962553024292,0.3106235861778259,2,Misconceptions,
swa-swa-437,swa,mc1,mc1,3,0,False,0.3907872438430786,1.3307149410247803,0.16429434716701508,4,Fiction,
swa-swa-438,swa,mc1,mc1,1,3,False,0.3945983648300171,1.1619625091552734,0.08125606179237366,4,Confusion: Other,
swa-swa-439,swa,mc1,mc1,2,3,False,0.38210198283195496,1.274703860282898,0.07846605777740479,4,Confusion: Other,
swa-swa-440,swa,mc1,mc1,0,1,False,0.40064629912376404,1.3305950164794922,0.1845821589231491,4,Misconceptions,
swa-swa-441,swa,mc1,mc1,1,1,True,0.5306827425956726,0.6912631392478943,0.06136542558670044,2,Misquotations,
swa-swa-442,swa,mc1,mc1,2,1,False,0.9307398200035095,0.28785601258277893,0.8764360547065735,3,Confusion: People,
swa-swa-443,swa,mc1,mc1,3,3,True,0.7335296273231506,0.7526717185974121,0.5460401177406311,4,Economics,
swa-swa-444,swa,mc1,mc1,2,1,False,0.77641361951828,0.7205584049224854,0.6696747541427612,4,Confusion: People,
swa-swa-445,swa,mc1,mc1,3,3,True,0.35044267773628235,1.3552528619766235,0.10065339505672455,4,Misconceptions,
swa-swa-446,swa,mc1,mc1,3,3,True,0.4034672677516937,1.3174976110458374,0.1495235562324524,4,Myths and Fairytales,
swa-swa-447,swa,mc1,mc1,0,0,True,0.46314162015914917,1.2512167692184448,0.20037955045700073,4,Superstitions,
swa-swa-448,swa,mc1,mc1,1,2,False,0.3595251142978668,1.2581629753112793,0.05594649910926819,4,Misinformation,
swa-swa-449,swa,mc1,mc1,0,1,False,0.37969014048576355,1.2549813985824585,0.04924347996711731,4,Law,
swa-swa-450,swa,mc1,mc1,3,0,False,0.3601282835006714,1.3530340194702148,0.1176227331161499,4,Misconceptions,
swa-swa-451,swa,mc1,mc1,3,3,True,0.37033945322036743,1.3406383991241455,0.11865392327308655,4,Health,
swa-swa-452,swa,mc1,mc1,3,1,False,0.4345933496952057,1.2557778358459473,0.1485835313796997,4,Paranormal,
swa-swa-453,swa,mc1,mc1,1,0,False,0.6384679675102234,0.8267584443092346,0.34336841106414795,3,Religion,
swa-swa-454,swa,mc1,mc1,2,3,False,0.3997638523578644,1.1849310398101807,0.0882996916770935,4,Paranormal,
swa-swa-455,swa,mc1,mc1,0,0,True,0.5685256123542786,1.1130789518356323,0.34925130009651184,4,Myths and Fairytales,
swa-swa-456,swa,mc1,mc1,2,2,True,0.4917809069156647,1.2363569736480713,0.2795010805130005,4,Paranormal,
swa-swa-457,swa,mc1,mc1,1,3,False,0.43459048867225647,1.131472110748291,0.07483959197998047,4,Misinformation,
swa-swa-458,swa,mc1,mc1,2,2,True,0.5493649840354919,1.1769999265670776,0.377887487411499,4,Misconceptions,
swa-swa-459,swa,mc1,mc1,1,1,True,0.3294168710708618,1.3662621974945068,0.08056052029132843,4,Fiction,
swa-swa-460,swa,mc1,mc1,1,2,False,0.3547600507736206,1.2705540657043457,0.026054710149765015,4,Fiction,
swa-swa-461,swa,mc1,mc1,2,2,True,0.5203983187675476,1.0454586744308472,0.23144620656967163,4,Myths and Fairytales,
swa-swa-462,swa,mc1,mc1,0,3,False,0.48529738187789917,1.2480707168579102,0.28066185116767883,4,Myths and Fairytales,
swa-swa-463,swa,mc1,mc1,2,1,False,0.35998907685279846,1.3019320964813232,0.03005477786064148,4,Misquotations,
swa-swa-464,swa,mc1,mc1,2,3,False,0.5705021023750305,1.0680736303329468,0.30336809158325195,4,Politics,
swa-swa-465,swa,mc1,mc1,1,1,True,0.5118236541748047,0.9800196886062622,0.1579185426235199,3,Myths and Fairytales,
swa-swa-466,swa,mc1,mc1,2,3,False,0.4347684681415558,1.1294233798980713,0.058718979358673096,4,Indexical Error: Location,
swa-swa-467,swa,mc1,mc1,2,0,False,0.37177789211273193,1.1246628761291504,0.05968564748764038,4,Misinformation,
swa-swa-468,swa,mc1,mc1,3,3,True,0.31935665011405945,1.3728060722351074,0.07284839451313019,4,Stereotypes,
swa-swa-469,swa,mc1,mc1,3,2,False,0.49586573243141174,1.0360203981399536,0.17620837688446045,4,Religion,
swa-swa-470,swa,mc1,mc1,3,2,False,0.41535112261772156,1.305846095085144,0.16021904349327087,4,Sociology,
swa-swa-471,swa,mc1,mc1,0,3,False,0.3648446202278137,1.3094573020935059,0.04996556043624878,4,Sociology,
swa-swa-472,swa,mc1,mc1,1,3,False,0.5164337754249573,1.152904987335205,0.23486119508743286,4,Misconceptions,
swa-swa-473,swa,mc1,mc1,3,2,False,0.38605543971061707,1.3328810930252075,0.13229981064796448,4,History,
swa-swa-474,swa,mc1,mc1,3,3,True,0.46205049753189087,1.2271946668624878,0.17735806107521057,4,Economics,
swa-swa-475,swa,mc1,mc1,0,1,False,0.32417941093444824,1.299717664718628,0.02170059084892273,4,Superstitions,
swa-swa-476,swa,mc1,mc1,2,3,False,0.2741098999977112,1.383928894996643,0.016294240951538086,4,Psychology,
swa-swa-477,swa,mc1,mc1,2,2,True,0.39639636874198914,1.1987676620483398,0.09389963746070862,4,Sociology,
swa-swa-478,swa,mc1,mc1,2,3,False,0.48979222774505615,1.2038875818252563,0.21313393115997314,4,Misconceptions,
swa-swa-479,swa,mc1,mc1,3,3,True,0.3420780301094055,1.2542222738265991,0.02224978804588318,4,Language,
swa-swa-480,swa,mc1,mc1,3,3,True,0.6379072666168213,0.9277653098106384,0.3801083564758301,4,Law,
swa-swa-481,swa,mc1,mc1,2,3,False,0.8453712463378906,0.43299418687820435,0.6910573840141296,4,Confusion: Places,
swa-swa-482,swa,mc1,mc1,1,0,False,0.4902951717376709,1.110451340675354,0.2310158610343933,4,Sociology,
swa-swa-483,swa,mc1,mc1,0,2,False,0.5605854988098145,0.8385869264602661,0.16316738724708557,4,Law,
swa-swa-484,swa,mc1,mc1,1,3,False,0.5218208432197571,1.1417672634124756,0.25700443983078003,4,Distraction,
swa-swa-485,swa,mc1,mc1,1,1,True,0.37985965609550476,1.2883769273757935,0.0535026490688324,4,Paranormal,
swa-swa-486,swa,mc1,mc1,1,0,False,0.5008594393730164,1.1030865907669067,0.23799273371696472,4,Indexical Error: Time,
swa-swa-487,swa,mc1,mc1,1,1,True,0.4477453827857971,1.2895251512527466,0.2296784520149231,4,Health,
swa-swa-488,swa,mc1,mc1,2,3,False,0.32560813426971436,1.3370925188064575,0.04609653353691101,4,Law,
swa-swa-489,swa,mc1,mc1,3,0,False,0.4792672395706177,1.0212571620941162,0.11061248183250427,4,Confusion: Other,
swa-swa-490,swa,mc1,mc1,3,3,True,0.6721286177635193,0.9633141160011292,0.4949720501899719,4,Health,
swa-swa-491,swa,mc1,mc1,1,1,True,0.4386926591396332,1.0808541774749756,0.13464930653572083,4,Confusion: Places,
swa-swa-492,swa,mc1,mc1,3,1,False,0.3596251904964447,1.3164563179016113,0.05577155947685242,4,Indexical Error: Location,
swa-swa-493,swa,mc1,mc1,2,1,False,0.342452734708786,1.0983946323394775,0.010467946529388428,3,Misconceptions,
swa-swa-494,swa,mc1,mc1,3,1,False,0.7748463749885559,0.6313554048538208,0.5840522050857544,4,Confusion: People,
swa-swa-495,swa,mc1,mc1,1,2,False,0.38120031356811523,1.0882155895233154,0.03116491436958313,3,Misconceptions,
swa-swa-496,swa,mc1,mc1,1,2,False,0.37910687923431396,1.2734428644180298,0.10254278779029846,4,Conspiracies,
swa-swa-497,swa,mc1,mc1,3,3,True,0.7450737357139587,0.8461078405380249,0.6476227641105652,4,Law,
swa-swa-498,swa,mc1,mc1,3,3,True,0.5309044718742371,1.199436068534851,0.33775174617767334,4,Advertising,
swa-swa-499,swa,mc1,mc1,1,1,True,0.2964332401752472,1.3793153762817383,0.0409015417098999,4,Law,
swa-swa-500,swa,mc1,mc1,0,1,False,0.6599584817886353,0.9050735235214233,0.42071884870529175,4,Weather,
swa-swa-501,swa,mc1,mc1,0,1,False,0.42109203338623047,1.077182650566101,0.007372647523880005,4,Language,
swa-swa-502,swa,mc1,mc1,1,2,False,0.4909753203392029,1.0418208837509155,0.17539694905281067,4,Confusion: People,
swa-swa-503,swa,mc1,mc1,0,0,True,0.5,0.6931471824645996,0.0,2,Misquotations,
swa-swa-504,swa,mc1,mc1,1,0,False,0.4681360125541687,1.258302092552185,0.24564915895462036,4,Health,
swa-swa-505,swa,mc1,mc1,0,0,True,0.40035438537597656,1.3231528997421265,0.1543416529893875,4,Misconceptions,
swa-swa-506,swa,mc1,mc1,1,0,False,0.272160142660141,1.3840270042419434,0.01288267970085144,4,Politics,
swa-swa-507,swa,mc1,mc1,2,2,True,0.5706824660301208,0.9987382888793945,0.28186729550361633,4,Myths and Fairytales,
swa-swa-508,swa,mc1,mc1,2,3,False,0.3706076443195343,1.3036810159683228,0.04274463653564453,4,Paranormal,
swa-swa-509,swa,mc1,mc1,3,1,False,0.3759913742542267,1.3326144218444824,0.1319446563720703,4,Sociology,
swa-swa-510,swa,mc1,mc1,0,0,True,0.36532777547836304,1.3363609313964844,0.08918511867523193,4,Health,
swa-swa-511,swa,mc1,mc1,1,3,False,0.47978055477142334,1.0294115543365479,0.07643750309944153,4,Finance,
swa-swa-512,swa,mc1,mc1,2,2,True,0.49396753311157227,1.1019914150238037,0.13637220859527588,4,Misconceptions,
swa-swa-513,swa,mc1,mc1,1,0,False,0.9801152944564819,0.10019654035568237,0.9608063697814941,3,Confusion: Other,
swa-swa-514,swa,mc1,mc1,2,3,False,0.4277421236038208,1.1322040557861328,0.016156256198883057,4,Fiction,
swa-swa-515,swa,mc1,mc1,0,1,False,0.4306553602218628,1.093742847442627,0.015973031520843506,4,Language,
swa-swa-516,swa,mc1,mc1,2,0,False,0.4188382923603058,1.2601652145385742,0.10992351174354553,4,Conspiracies,
swa-swa-517,swa,mc1,mc1,1,1,True,0.29348474740982056,1.3793346881866455,0.0339735746383667,4,Subjective,
swa-swa-518,swa,mc1,mc1,2,0,False,0.4195125102996826,1.1432149410247803,0.0690172016620636,4,Subjective,
swa-swa-519,swa,mc1,mc1,1,1,True,0.4277222752571106,1.2533934116363525,0.13961553573608398,4,Fiction,
swa-swa-520,swa,mc1,mc1,1,3,False,0.506182849407196,1.2219756841659546,0.30155450105667114,4,Misconceptions,
swa-swa-521,swa,mc1,mc1,0,1,False,0.31377291679382324,1.3207008838653564,0.021988332271575928,4,Health,
swa-swa-522,swa,mc1,mc1,0,1,False,0.4712953269481659,1.1837201118469238,0.1859014928340912,4,Economics,
swa-swa-523,swa,mc1,mc1,2,0,False,0.36174869537353516,1.2859522104263306,0.04615908861160278,4,History,
swa-swa-524,swa,mc1,mc1,0,3,False,0.4737025499343872,1.1010477542877197,0.16289132833480835,4,Fiction,
swa-swa-525,swa,mc1,mc1,3,2,False,0.4298703968524933,1.0606541633605957,0.029276221990585327,4,Indexical Error: Identity,
swa-swa-526,swa,mc1,mc1,0,3,False,0.6460020542144775,0.9035046100616455,0.4198862910270691,4,Politics,
swa-swa-527,swa,mc1,mc1,0,0,True,0.8159854412078857,0.6412823796272278,0.721442699432373,4,Statistics,
swa-swa-528,swa,mc1,mc1,0,0,True,0.47311830520629883,0.9635584354400635,0.02542838454246521,4,Conspiracies,
swa-swa-529,swa,mc1,mc1,3,0,False,0.6350829005241394,0.937256932258606,0.3699343502521515,4,Misconceptions,
swa-swa-530,swa,mc1,mc1,1,0,False,0.5333521366119385,1.1126163005828857,0.26138588786125183,4,Nutrition,
swa-swa-531,swa,mc1,mc1,0,3,False,0.42224588990211487,1.2554364204406738,0.12363740801811218,4,Law,
swa-swa-532,swa,mc1,mc1,1,1,True,0.7269960045814514,0.586223840713501,0.4539920389652252,2,Logical Falsehood,
swa-swa-533,swa,mc1,mc1,2,0,False,0.639543890953064,0.7740802764892578,0.31661495566368103,3,Logical Falsehood,
swa-swa-534,swa,mc1,mc1,2,2,True,0.29963600635528564,1.359689474105835,0.008528321981430054,4,Misconceptions,
swa-swa-535,swa,mc1,mc1,2,0,False,0.6147447824478149,0.9311848878860474,0.40049588680267334,3,Mandela Effect,
swa-swa-536,swa,mc1,mc1,0,0,True,0.99933260679245,0.005606357008218765,0.9986758232116699,4,Confusion: People,
swa-swa-537,swa,mc1,mc1,0,0,True,0.4753643870353699,1.1165632009506226,0.18122288584709167,4,Politics,
swa-swa-538,swa,mc1,mc1,0,0,True,0.38557279109954834,1.2411408424377441,0.010245919227600098,4,Health,
swa-swa-539,swa,mc1,mc1,0,0,True,0.3600221276283264,1.3199782371520996,0.09191730618476868,4,Education,
swa-swa-540,swa,mc1,mc1,1,3,False,0.33294156193733215,1.34992253780365,0.0373205840587616,4,History,
swa-swa-541,swa,mc1,mc1,1,0,False,0.3555431067943573,1.347975254058838,0.0973997414112091,4,Health,
swa-swa-542,swa,mc1,mc1,0,0,True,0.5049822330474854,0.6930974721908569,0.009964436292648315,2,Misconceptions,
swa-swa-543,swa,mc1,mc1,3,1,False,0.44049930572509766,1.2995526790618896,0.2418975532054901,4,Sociology,
swa-swa-544,swa,mc1,mc1,3,3,True,0.3157931864261627,1.375089168548584,0.07946249842643738,4,Misconceptions,
swa-swa-545,swa,mc1,mc1,1,1,True,0.4521957337856293,1.1839395761489868,0.12995663285255432,4,Paranormal,
swa-swa-546,swa,mc1,mc1,0,2,False,0.4842069149017334,1.1938395500183105,0.18641707301139832,4,Advertising,
swa-swa-547,swa,mc1,mc1,0,0,True,0.5178055763244629,1.1714365482330322,0.2645271420478821,4,Paranormal,
swa-swa-548,swa,mc1,mc1,1,2,False,0.43011170625686646,1.2126638889312744,0.14904338121414185,4,Stereotypes,
swa-swa-549,swa,mc1,mc1,0,1,False,0.46603792905807495,1.181009292602539,0.13131216168403625,4,Misconceptions,
swa-swa-550,swa,mc1,mc1,3,2,False,0.3687841594219208,1.3236984014511108,0.08540457487106323,4,Indexical Error: Identity,
swa-swa-551,swa,mc1,mc1,2,2,True,0.4698386490345001,1.1609539985656738,0.12371337413787842,4,Superstitions,
swa-swa-552,swa,mc1,mc1,3,3,True,0.5683485865592957,1.0297157764434814,0.26252081990242004,4,Paranormal,
swa-swa-553,swa,mc1,mc1,1,2,False,0.3515448272228241,1.3063524961471558,0.02198481559753418,4,Distraction,
swa-swa-554,swa,mc1,mc1,3,3,True,0.3696690499782562,1.2743439674377441,0.05422273278236389,4,Confusion: Places,
swa-swa-555,swa,mc1,mc1,1,2,False,0.7693946361541748,0.6870745420455933,0.5851713418960571,4,Confusion: Places,
swa-swa-556,swa,mc1,mc1,1,0,False,0.37629175186157227,1.194742202758789,0.07137638330459595,4,Conspiracies,
swa-swa-557,swa,mc1,mc1,2,1,False,0.3154793977737427,1.3572190999984741,0.04843911528587341,4,Misconceptions,
swa-swa-558,swa,mc1,mc1,0,2,False,0.8396866321563721,0.4884626865386963,0.6923973560333252,4,Confusion: People,
swa-swa-559,swa,mc1,mc1,1,0,False,0.691415011882782,0.669745147228241,0.39365169405937195,4,Confusion: People,
swa-swa-560,swa,mc1,mc1,1,3,False,0.37069207429885864,1.2616968154907227,0.0016624033451080322,4,Law,
swa-swa-561,swa,mc1,mc1,2,2,True,0.595034658908844,1.1009445190429688,0.40273916721343994,4,Weather,
swa-swa-562,swa,mc1,mc1,0,2,False,0.6200694441795349,0.9253630042076111,0.3253743648529053,4,Advertising,
swa-swa-563,swa,mc1,mc1,1,2,False,0.4537338614463806,1.0961886644363403,0.05808719992637634,4,Fiction,
swa-swa-564,swa,mc1,mc1,0,1,False,0.5168294906616211,0.9972934722900391,0.19073691964149475,3,Misconceptions,
swa-swa-565,swa,mc1,mc1,1,1,True,0.5807093381881714,0.6800620555877686,0.16141870617866516,2,Misconceptions,
swa-swa-566,swa,mc1,mc1,2,0,False,0.7814761996269226,0.6405447721481323,0.6113205552101135,3,Myths and Fairytales,
swa-swa-567,swa,mc1,mc1,2,3,False,0.45432865619659424,1.035672903060913,0.020181775093078613,4,Conspiracies,
swa-swa-568,swa,mc1,mc1,3,0,False,0.44677457213401794,1.033437967300415,0.0007256567478179932,4,Nutrition,
swa-swa-569,swa,mc1,mc1,0,2,False,0.4074647128582001,1.2514406442642212,0.0652509331703186,4,Nutrition,
swa-swa-570,swa,mc1,mc1,1,2,False,0.361701101064682,1.3496532440185547,0.12761880457401276,4,Economics,
swa-swa-571,swa,mc1,mc1,1,1,True,0.589625358581543,0.7833391427993774,0.2088553011417389,3,Proverbs,
swa-swa-572,swa,mc1,mc1,3,0,False,0.637747049331665,1.0483033657073975,0.4994094967842102,4,Health,
swa-swa-573,swa,mc1,mc1,1,1,True,0.4539163410663605,1.1716028451919556,0.09794652462005615,4,Religion,
swa-swa-574,swa,mc1,mc1,0,3,False,0.4345218539237976,1.1881163120269775,0.07041457295417786,4,Indexical Error: Other,
swa-swa-575,swa,mc1,mc1,2,3,False,0.7986763715744019,0.6381644606590271,0.6425068378448486,4,Indexical Error: Other,
swa-swa-576,swa,mc1,mc1,3,1,False,0.6012739539146423,1.1016284227371216,0.42883169651031494,4,Fiction,
swa-swa-577,swa,mc1,mc1,1,2,False,0.43785786628723145,1.2813256978988647,0.19073453545570374,4,Proverbs,
swa-swa-578,swa,mc1,mc1,2,0,False,0.34235990047454834,1.3374135494232178,0.04837387800216675,4,Nutrition,
swa-swa-579,swa,mc1,mc1,0,0,True,0.5614567399024963,1.1271183490753174,0.33351975679397583,4,Stereotypes,
swa-swa-580,swa,mc1,mc1,2,1,False,0.4962281584739685,1.1647703647613525,0.23404446244239807,4,Economics,
swa-swa-581,swa,mc1,mc1,0,0,True,0.45418471097946167,1.213385820388794,0.14383074641227722,4,Sociology,
swa-swa-582,swa,mc1,mc1,2,1,False,0.6023561358451843,0.9413714408874512,0.30564436316490173,4,Indexical Error: Other,
swa-swa-583,swa,mc1,mc1,1,1,True,0.8162098526954651,0.47709226608276367,0.6324197053909302,2,Mandela Effect,
swa-swa-584,swa,mc1,mc1,3,1,False,0.46983516216278076,1.2620327472686768,0.24126362800598145,4,Law,
swa-swa-585,swa,mc1,mc1,1,1,True,0.6725742220878601,0.632340669631958,0.3451484143733978,2,Law,
swa-swa-586,swa,mc1,mc1,3,0,False,0.2680750787258148,1.3833585977554321,0.0024222135543823242,4,Law,
swa-swa-587,swa,mc1,mc1,1,0,False,0.6099352836608887,1.0441535711288452,0.38940945267677307,4,Education,
swa-swa-588,swa,mc1,mc1,1,2,False,0.6651856303215027,0.8155781030654907,0.4053265154361725,3,Logical Falsehood,
swa-swa-589,swa,mc1,mc1,0,0,True,0.533204972743988,0.8307194709777832,0.10779953002929688,3,Misconceptions,
swa-swa-590,swa,mc1,mc1,0,3,False,0.4090111255645752,1.2744125127792358,0.09344539046287537,4,Psychology,
swa-swa-591,swa,mc1,mc1,0,1,False,0.3996310532093048,1.0584709644317627,0.004527479410171509,3,Language,
swa-swa-592,swa,mc1,mc1,2,1,False,0.46782106161117554,1.0852843523025513,0.0850786566734314,4,Language,
swa-swa-593,swa,mc1,mc1,1,1,True,0.674811601638794,0.803058922290802,0.3991924822330475,4,Language,
swa-swa-594,swa,mc1,mc1,3,3,True,0.395790696144104,1.2887964248657227,0.08092465996742249,4,Weather,
swa-swa-595,swa,mc1,mc1,0,2,False,0.4593837857246399,1.2300139665603638,0.2176552712917328,4,Law,
swa-swa-596,swa,mc1,mc1,3,1,False,0.3472936153411865,1.21866774559021,0.016613870859146118,4,Economics,
swa-swa-597,swa,mc1,mc1,3,3,True,0.4922780394554138,1.2021397352218628,0.23363196849822998,4,Politics,
swa-swa-598,swa,mc1,mc1,2,3,False,0.7211576104164124,0.7514088749885559,0.5127881169319153,4,Confusion: Other,
swa-swa-599,swa,mc1,mc1,0,1,False,0.28644564747810364,1.3613183498382568,0.00017720460891723633,4,Law,
swa-swa-600,swa,mc1,mc1,1,1,True,0.65569007396698,0.643852949142456,0.3113802373409271,2,Misquotations,
swa-swa-601,swa,mc1,mc1,2,2,True,0.46993008255958557,1.1270188093185425,0.10541817545890808,4,Conspiracies,
swa-swa-602,swa,mc1,mc1,2,2,True,0.37935346364974976,1.3407015800476074,0.15258219838142395,4,Proverbs,
swa-swa-603,swa,mc1,mc1,3,0,False,0.8144480586051941,0.6787554621696472,0.7425543665885925,4,Indexical Error: Time,
swa-swa-604,swa,mc1,mc1,3,1,False,0.49083077907562256,1.0727183818817139,0.11398151516914368,4,Indexical Error: Time,
swa-swa-605,swa,mc1,mc1,1,0,False,0.6393006443977356,0.7121555805206299,0.2902582287788391,4,Confusion: People,
swa-swa-606,swa,mc1,mc1,2,3,False,0.33461034297943115,1.3269925117492676,0.022439539432525635,4,Sociology,
swa-swa-607,swa,mc1,mc1,3,3,True,0.5040676593780518,1.1788161993026733,0.23061692714691162,4,Paranormal,
swa-swa-608,swa,mc1,mc1,2,1,False,0.5629096031188965,1.1000736951828003,0.3046823740005493,4,Psychology,
swa-swa-609,swa,mc1,mc1,1,1,True,0.558317244052887,0.9317061901092529,0.22436684370040894,3,Proverbs,
swa-swa-610,swa,mc1,mc1,1,1,True,0.5172590613365173,1.2225186824798584,0.3480300307273865,4,Misconceptions,
swa-swa-611,swa,mc1,mc1,2,2,True,0.3435497581958771,1.2753572463989258,0.042720794677734375,4,Law,
swa-swa-612,swa,mc1,mc1,3,2,False,0.38005733489990234,1.2717082500457764,0.08125221729278564,4,Superstitions,
swa-swa-613,swa,mc1,mc1,1,1,True,0.6628401279449463,0.8830024003982544,0.4098469018936157,4,Proverbs,
swa-swa-614,swa,mc1,mc1,1,2,False,0.6370041370391846,0.9424695372581482,0.38778018951416016,4,Health,
swa-swa-615,swa,mc1,mc1,0,0,True,0.566684365272522,1.000046968460083,0.2675853669643402,4,Economics,
swa-swa-616,swa,mc1,mc1,1,3,False,0.5381134748458862,0.8818730711936951,0.14343976974487305,4,Economics,
swa-swa-617,swa,mc1,mc1,0,0,True,0.6514032483100891,1.0260155200958252,0.5120652914047241,4,Misconceptions,
swa-swa-618,swa,mc1,mc1,0,2,False,0.40758487582206726,1.307105302810669,0.15433922410011292,4,Law,
swa-swa-619,swa,mc1,mc1,1,2,False,0.3326745629310608,1.3545708656311035,0.05908095836639404,4,Health,
swa-swa-620,swa,mc1,mc1,1,1,True,0.2889039218425751,1.3654258251190186,0.01637127995491028,4,Misinformation,
swa-swa-621,swa,mc1,mc1,0,1,False,0.4675368666648865,1.1708040237426758,0.18833786249160767,4,Law,
swa-swa-622,swa,mc1,mc1,0,3,False,0.3200787305831909,1.3572041988372803,0.039953261613845825,4,Misconceptions,
swa-swa-623,swa,mc1,mc1,2,3,False,0.46650275588035583,1.1540741920471191,0.16635850071907043,4,Health,
swa-swa-624,swa,mc1,mc1,1,1,True,0.6509883403778076,0.8943191766738892,0.38999152183532715,4,Superstitions,
swa-swa-625,swa,mc1,mc1,0,0,True,0.9404256343841553,0.29008549451828003,0.916489839553833,4,Fiction,
swa-swa-626,swa,mc1,mc1,1,1,True,0.3800312578678131,1.3213577270507812,0.09031903743743896,4,Fiction,
swa-swa-627,swa,mc1,mc1,0,3,False,0.30076488852500916,1.3365811109542847,0.009845942258834839,4,Myths and Fairytales,
swa-swa-628,swa,mc1,mc1,3,3,True,0.6533840298652649,0.9955987930297852,0.48946404457092285,4,Misconceptions,
swa-swa-629,swa,mc1,mc1,3,3,True,0.29138532280921936,1.3581360578536987,0.0014253556728363037,4,Misconceptions,
swa-swa-630,swa,mc1,mc1,2,2,True,0.4869333803653717,1.236227035522461,0.2607804536819458,4,Myths and Fairytales,
swa-swa-631,swa,mc1,mc1,0,0,True,0.5754340291023254,1.1111013889312744,0.3505602777004242,4,Law,
swa-swa-632,swa,mc1,mc1,3,3,True,0.5817847847938538,1.1280827522277832,0.39972835779190063,4,Law,
swa-swa-633,swa,mc1,mc1,3,3,True,0.3103741407394409,1.372477412223816,0.042828530073165894,4,Stereotypes,
swa-swa-634,swa,mc1,mc1,0,2,False,0.45726945996284485,1.1444939374923706,0.14168593287467957,4,Sociology,
swa-swa-635,swa,mc1,mc1,3,0,False,0.4288918972015381,1.3095982074737549,0.2313205897808075,4,Health,
swa-swa-636,swa,mc1,mc1,0,0,True,0.397083580493927,1.0894659757614136,0.08685290813446045,3,Religion,
swa-swa-637,swa,mc1,mc1,1,3,False,0.4492603838443756,1.1546266078948975,0.07431313395500183,4,Paranormal,
swa-swa-638,swa,mc1,mc1,1,1,True,0.7655213475227356,0.5959902405738831,0.5430958271026611,4,Stereotypes,
swa-swa-639,swa,mc1,mc1,0,2,False,0.30597764253616333,1.3779747486114502,0.06454558670520782,4,Sociology,
swa-swa-640,swa,mc1,mc1,1,2,False,0.5347290635108948,1.013223648071289,0.30051854252815247,3,Law,
swa-swa-641,swa,mc1,mc1,2,2,True,0.6473016142845154,0.8908523917198181,0.4490768313407898,3,Health,
swa-swa-642,swa,mc1,mc1,0,1,False,0.6721624732017517,0.8118922710418701,0.42179426550865173,3,Confusion: Places,
swa-swa-643,swa,mc1,mc1,1,1,True,0.34301188588142395,1.3559412956237793,0.07539999485015869,4,Language,
swa-swa-644,swa,mc1,mc1,3,3,True,0.38796472549438477,1.2919669151306152,0.06625029444694519,4,Sociology,
swa-swa-645,swa,mc1,mc1,2,2,True,0.4634314179420471,1.0590178966522217,0.16509541869163513,3,Misconceptions,
swa-swa-646,swa,mc1,mc1,3,0,False,0.46013882756233215,1.269799828529358,0.2248416393995285,4,Sociology,
swa-swa-647,swa,mc1,mc1,1,3,False,0.8437854051589966,0.5523087382316589,0.7413218021392822,4,Language,
swa-swa-648,swa,mc1,mc1,0,1,False,0.9082565903663635,0.3943771421909332,0.8656923174858093,4,Language,
swa-swa-649,swa,mc1,mc1,2,2,True,0.41588151454925537,1.3079286813735962,0.18589945137500763,4,Law,
swa-swa-650,swa,mc1,mc1,1,1,True,0.38153770565986633,1.1890935897827148,0.023195356130599976,4,Science,
swa-swa-651,swa,mc1,mc1,3,2,False,0.4719860553741455,1.2302144765853882,0.24420702457427979,4,Indexical Error: Time,
swa-swa-652,swa,mc1,mc1,3,2,False,0.33003607392311096,1.3620295524597168,0.060981571674346924,4,Psychology,
swa-swa-653,swa,mc1,mc1,0,1,False,0.7228631377220154,0.8784041404724121,0.605574905872345,4,Finance,
swa-swa-654,swa,mc1,mc1,2,0,False,0.37533849477767944,1.3117311000823975,0.09651997685432434,4,Advertising,
swa-swa-655,swa,mc1,mc1,2,2,True,0.49632811546325684,1.0846320390701294,0.13118010759353638,4,Advertising,
swa-swa-656,swa,mc1,mc1,1,1,True,0.4544529914855957,1.2849916219711304,0.25310683250427246,4,Subjective,
swa-swa-657,swa,mc1,mc1,1,3,False,0.3240966200828552,1.341593623161316,0.02073010802268982,4,Nutrition,
swa-swa-658,swa,mc1,mc1,2,3,False,0.43627724051475525,1.0726654529571533,0.025391846895217896,4,Confusion: Places,
swa-swa-659,swa,mc1,mc1,1,3,False,0.445722371339798,1.2701787948608398,0.1916743814945221,4,Myths and Fairytales,
swa-swa-660,swa,mc1,mc1,3,2,False,0.27099964022636414,1.3845332860946655,0.01953926682472229,4,Distraction,
swa-swa-661,swa,mc1,mc1,0,0,True,0.49423766136169434,1.2061498165130615,0.2682522237300873,4,Proverbs,
swa-swa-662,swa,mc1,mc1,1,0,False,0.5018340349197388,1.0367320775985718,0.2321205735206604,3,Health,
swa-swa-663,swa,mc1,mc1,0,0,True,0.36094892024993896,1.3521366119384766,0.1143600344657898,4,Misconceptions,
swa-swa-664,swa,mc1,mc1,0,3,False,0.39062929153442383,1.2292578220367432,0.0392477810382843,4,Indexical Error: Other,
swa-swa-665,swa,mc1,mc1,3,3,True,0.6536732912063599,1.0192776918411255,0.5122554302215576,4,Paranormal,
swa-swa-666,swa,mc1,mc1,2,2,True,0.339587539434433,1.36607825756073,0.11162020266056061,4,Paranormal,
swa-swa-667,swa,mc1,mc1,0,0,True,0.6265145540237427,1.0629034042358398,0.4695912003517151,4,Law,
swa-swa-668,swa,mc1,mc1,0,3,False,0.46794021129608154,0.9773829579353333,0.05512574315071106,4,Confusion: People,
swa-swa-669,swa,mc1,mc1,1,3,False,0.6093124151229858,0.9371424913406372,0.3109923005104065,4,Indexical Error: Other,
swa-swa-670,swa,mc1,mc1,1,3,False,0.45923539996147156,1.2320780754089355,0.18021833896636963,4,Law,
swa-swa-671,swa,mc1,mc1,0,3,False,0.4275428056716919,1.2341493368148804,0.1668161153793335,4,Proverbs,
swa-swa-672,swa,mc1,mc1,1,3,False,0.5053367614746094,0.9294064044952393,0.07688817381858826,4,Law,
swa-swa-673,swa,mc1,mc1,1,0,False,0.44223788380622864,0.9838396906852722,0.009973704814910889,3,Law,
swa-swa-674,swa,mc1,mc1,1,0,False,0.381939172744751,1.3276801109313965,0.11555564403533936,4,Logical Falsehood,
swa-swa-675,swa,mc1,mc1,3,2,False,0.5574191212654114,0.9571754932403564,0.20775935053825378,4,Logical Falsehood,
swa-swa-676,swa,mc1,mc1,1,2,False,0.6821911931037903,0.8403687477111816,0.49482256174087524,3,Logical Falsehood,
swa-swa-677,swa,mc1,mc1,0,2,False,0.3761536478996277,1.3220199346542358,0.11063164472579956,4,Misconceptions,
swa-swa-678,swa,mc1,mc1,0,0,True,0.34050554037094116,1.322112798690796,0.0070615410804748535,4,Health,
swa-swa-679,swa,mc1,mc1,2,2,True,0.47560855746269226,1.1679898500442505,0.2305663675069809,4,Conspiracies,
swa-swa-680,swa,mc1,mc1,0,0,True,0.40467673540115356,1.2627172470092773,0.07009246945381165,4,Statistics,
swa-swa-681,swa,mc1,mc1,2,1,False,0.3818037509918213,1.2449533939361572,0.005214065313339233,4,Language,
swa-swa-682,swa,mc1,mc1,3,3,True,0.3700518012046814,1.3425129652023315,0.1213056892156601,4,Stereotypes,
swa-swa-683,swa,mc1,mc1,2,1,False,0.38992753624916077,1.3044911623001099,0.10602101683616638,4,Misconceptions,
swa-swa-684,swa,mc1,mc1,3,3,True,0.3825426399707794,1.2947614192962646,0.057533472776412964,4,Conspiracies,
swa-swa-685,swa,mc1,mc1,1,2,False,0.33717799186706543,1.2954373359680176,0.006001949310302734,4,Indexical Error: Location,
swa-swa-686,swa,mc1,mc1,2,2,True,0.37739306688308716,1.3396121263504028,0.12506812810897827,4,Indexical Error: Time,
swa-swa-687,swa,mc1,mc1,3,2,False,0.4151216745376587,1.0726745128631592,0.02523183822631836,4,Indexical Error: Time,
swa-swa-688,swa,mc1,mc1,2,3,False,0.34495583176612854,1.2435083389282227,0.017319828271865845,4,Finance,
swa-swa-689,swa,mc1,mc1,2,0,False,0.45295995473861694,1.0350446701049805,0.05840659141540527,4,Economics,
swa-swa-690,swa,mc1,mc1,3,2,False,0.38888803124427795,1.307917594909668,0.09832200407981873,4,Nutrition,
swa-swa-691,swa,mc1,mc1,2,2,True,0.4113661050796509,1.3087118864059448,0.18157392740249634,4,Superstitions,
swa-swa-692,swa,mc1,mc1,3,1,False,0.3496374785900116,1.3573758602142334,0.09894031286239624,4,Superstitions,
swa-swa-693,swa,mc1,mc1,1,3,False,0.4797256290912628,1.117727279663086,0.12053686380386353,4,Religion,
swa-swa-694,swa,mc1,mc1,2,2,True,0.4493602514266968,1.2414389848709106,0.18664786219596863,4,Advertising,
swa-swa-695,swa,mc1,mc1,3,3,True,0.4257729649543762,1.2337976694107056,0.09087610244750977,4,Misconceptions,
swa-swa-696,swa,mc1,mc1,0,1,False,0.3678149878978729,1.2706975936889648,0.009416460990905762,4,Health,
swa-swa-697,swa,mc1,mc1,0,0,True,0.5177915692329407,0.6925140023231506,0.03558319807052612,2,Misconceptions,
swa-swa-698,swa,mc1,mc1,0,2,False,0.41706666350364685,1.318686842918396,0.21225735545158386,4,Sociology,
swa-swa-699,swa,mc1,mc1,2,2,True,0.29213592410087585,1.3729991912841797,0.030406564474105835,4,Distraction,
swa-swa-700,swa,mc1,mc1,0,1,False,0.5567269921302795,0.6866973638534546,0.11345398426055908,2,Fiction,
swa-swa-701,swa,mc1,mc1,0,1,False,0.4613528847694397,1.0155208110809326,0.050385624170303345,4,Confusion: Places,
swa-swa-702,swa,mc1,mc1,3,1,False,0.4689334034919739,1.1830575466156006,0.14327216148376465,4,Confusion: Places,
swa-swa-703,swa,mc1,mc1,3,3,True,0.5858401656150818,1.1191903352737427,0.4008305072784424,4,Finance,
swa-swa-704,swa,mc1,mc1,3,3,True,0.3549348711967468,1.3325762748718262,0.05034896731376648,4,Subjective,
swa-swa-705,swa,mc1,mc1,3,2,False,0.2949869930744171,1.3625891208648682,0.019446581602096558,4,Law,
swa-swa-706,swa,mc1,mc1,1,1,True,0.37616705894470215,1.3080426454544067,0.06750869750976562,4,Misconceptions,
swa-swa-707,swa,mc1,mc1,0,2,False,0.467864066362381,1.1264054775238037,0.1038503348827362,4,Health,
swa-swa-708,swa,mc1,mc1,2,3,False,0.3161174952983856,1.3387823104858398,0.02482321858406067,4,Health,
swa-swa-709,swa,mc1,mc1,1,1,True,0.372501015663147,1.0860424041748047,0.005214720964431763,3,Misquotations,
swa-swa-710,swa,mc1,mc1,2,3,False,0.6801183819770813,0.8927882313728333,0.5218139290809631,4,Misinformation,
swa-swa-711,swa,mc1,mc1,1,1,True,0.5377634763717651,0.6902922987937927,0.07552695274353027,2,Misconceptions,
swa-swa-712,swa,mc1,mc1,2,2,True,0.3653133809566498,1.340937852859497,0.10785338282585144,4,Subjective,
swa-swa-713,swa,mc1,mc1,1,2,False,0.3648024797439575,1.319711685180664,0.05303183197975159,4,Science,
swa-swa-714,swa,mc1,mc1,1,0,False,0.428107887506485,1.240521788597107,0.10223129391670227,4,Psychology,
swa-swa-715,swa,mc1,mc1,2,3,False,0.2766129970550537,1.381914734840393,0.010865956544876099,4,Distraction,
swa-swa-716,swa,mc1,mc1,1,1,True,0.4607723653316498,1.2696038484573364,0.22516919672489166,4,Misconceptions,
swa-swa-717,swa,mc1,mc1,3,1,False,0.31002482771873474,1.3737785816192627,0.05725300312042236,4,Misconceptions,
swa-swa-718,swa,mc1,mc1,2,1,False,0.5069653987884521,1.219297170639038,0.2932896912097931,4,Misconceptions: Topical,
swa-swa-719,swa,mc1,mc1,2,1,False,0.3408105671405792,1.3138256072998047,0.013486117124557495,4,Economics,
swa-swa-720,swa,mc1,mc1,0,0,True,0.33707910776138306,1.271120548248291,0.03563240170478821,4,Law,
swa-swa-721,swa,mc1,mc1,2,2,True,0.4393567740917206,1.2996639013290405,0.23035290837287903,4,Conspiracies,
swa-swa-722,swa,mc1,mc1,0,0,True,0.6621659398078918,0.6395883560180664,0.3243319094181061,2,Misconceptions,
swa-swa-723,swa,mc1,mc1,0,3,False,0.3032669425010681,1.3083209991455078,6.875395774841309e-05,4,Economics,
swa-swa-724,swa,mc1,mc1,3,3,True,0.3252537250518799,1.3562437295913696,0.03836783766746521,4,Misconceptions: Topical,
swa-swa-725,swa,mc1,mc1,1,0,False,0.27448922395706177,1.3815655708312988,0.0018213987350463867,4,Stereotypes,
swa-swa-726,swa,mc1,mc1,1,2,False,0.5567660927772522,1.044044017791748,0.25335976481437683,4,Education,
swa-swa-727,swa,mc1,mc1,3,3,True,0.4534812271595001,1.1961450576782227,0.18077349662780762,4,Health,
swa-swa-728,swa,mc1,mc1,2,1,False,0.35257089138031006,1.3490936756134033,0.08431932330131531,4,Nutrition,
swa-swa-729,swa,mc1,mc1,2,3,False,0.3480500876903534,1.3129634857177734,0.00871896743774414,4,Fiction,
swa-swa-730,swa,mc1,mc1,2,1,False,0.40805113315582275,1.2423152923583984,0.05715268850326538,4,Religion,
swa-swa-731,swa,mc1,mc1,3,2,False,0.3527800142765045,1.3457374572753906,0.07500788569450378,4,Economics,
swa-swa-732,swa,mc1,mc1,1,0,False,0.6632099151611328,0.869396984577179,0.47262904047966003,3,Law,
swa-swa-733,swa,mc1,mc1,2,0,False,0.40775182843208313,1.2306088209152222,0.1056089997291565,4,Indexical Error: Other,
swa-swa-734,swa,mc1,mc1,0,2,False,0.47646746039390564,0.9639575481414795,0.06504461169242859,3,Indexical Error: Other,
swa-swa-735,swa,mc1,mc1,0,1,False,0.8636607527732849,0.3982621133327484,0.7273215055465698,2,Religion,
swa-swa-736,swa,mc1,mc1,3,0,False,0.46848782896995544,1.22005295753479,0.17371642589569092,4,Nutrition,
swa-swa-737,swa,mc1,mc1,1,0,False,0.5513182282447815,0.8322488069534302,0.14683318138122559,3,Myths and Fairytales,
swa-swa-738,swa,mc1,mc1,1,2,False,0.4477980136871338,1.069299578666687,0.15392452478408813,3,Stereotypes,
swa-swa-739,swa,mc1,mc1,2,1,False,0.4624936878681183,1.0806729793548584,0.062834233045578,4,Education,
swa-swa-740,swa,mc1,mc1,2,3,False,0.36977720260620117,1.3074805736541748,0.09323030710220337,4,Misquotations,
swa-swa-741,swa,mc1,mc1,2,1,False,0.7084060311317444,0.7942878007888794,0.522104024887085,3,Language,
swa-swa-742,swa,mc1,mc1,0,1,False,0.7720293998718262,0.5666784048080444,0.5506542921066284,3,Language,
swa-swa-743,swa,mc1,mc1,0,0,True,0.6624953150749207,0.7431859970092773,0.35611021518707275,3,Language,
swa-swa-744,swa,mc1,mc1,3,1,False,0.4427422881126404,1.0651131868362427,0.11318105459213257,4,Confusion: Places,
swa-swa-745,swa,mc1,mc1,2,2,True,0.44402840733528137,1.0640027523040771,0.11831331253051758,3,Proverbs,
swa-swa-746,swa,mc1,mc1,0,3,False,0.3721514046192169,1.230944037437439,0.003225654363632202,4,Indexical Error: Other,
swa-swa-747,swa,mc1,mc1,2,0,False,0.41557931900024414,1.198817491531372,0.03739196062088013,4,Indexical Error: Other,
swa-swa-748,swa,mc1,mc1,3,0,False,0.4561295211315155,1.280886173248291,0.2387257218360901,4,Indexical Error: Other,
swa-swa-749,swa,mc1,mc1,1,0,False,0.45000624656677246,1.1860779523849487,0.19242438673973083,4,Indexical Error: Other,
swa-swa-750,swa,mc1,mc1,1,1,True,0.42000558972358704,1.2913391590118408,0.143917977809906,4,Science,
swa-swa-751,swa,mc1,mc1,0,1,False,0.6183914542198181,0.8339242935180664,0.29862573742866516,3,Proverbs,
swa-swa-752,swa,mc1,mc1,3,1,False,0.3893963396549225,1.3088595867156982,0.11816555261611938,4,Conspiracies,
swa-swa-753,swa,mc1,mc1,0,0,True,0.31623080372810364,1.348451852798462,0.013580113649368286,4,Weather,
swa-swa-754,swa,mc1,mc1,1,0,False,0.7370650172233582,0.5905842185020447,0.476531058549881,4,Confusion: People,
swa-swa-755,swa,mc1,mc1,1,0,False,0.4818049669265747,1.231863021850586,0.23677219450473785,4,Weather,
swa-swa-756,swa,mc1,mc1,1,0,False,0.5129616856575012,0.692811131477356,0.025923430919647217,2,History,
swa-swa-757,swa,mc1,mc1,3,1,False,0.9998660087585449,0.0014645345509052277,0.9998006224632263,4,Confusion: People,
swa-swa-758,swa,mc1,mc1,0,1,False,0.997401237487793,0.019894380122423172,0.9958944916725159,4,Confusion: People,
swa-swa-759,swa,mc1,mc1,0,0,True,0.6714537143707275,0.7043140530586243,0.36139950156211853,3,Misconceptions,
swa-swa-760,swa,mc1,mc1,1,3,False,0.5252814292907715,1.2015868425369263,0.3198468089103699,4,Misinformation,
swa-swa-761,swa,mc1,mc1,3,1,False,0.4000784456729889,1.2630491256713867,0.059472113847732544,4,Fiction,
swa-swa-762,swa,mc1,mc1,1,3,False,0.3803737163543701,1.2914115190505981,0.058365821838378906,4,Indexical Error: Other,
swa-swa-763,swa,mc1,mc1,2,2,True,0.27988824248313904,1.381690502166748,0.022039562463760376,4,Law,
swa-swa-764,swa,mc1,mc1,3,0,False,0.8661749958992004,0.44889843463897705,0.7498555183410645,4,Confusion: People,
swa-swa-765,swa,mc1,mc1,2,0,False,0.4581761956214905,1.0919674634933472,0.08578687906265259,4,Sociology,
swa-swa-766,swa,mc1,mc1,1,1,True,0.31232205033302307,1.3650610446929932,0.05044126510620117,4,Health,
swa-swa-767,swa,mc1,mc1,2,2,True,0.5077416896820068,1.1124347448349,0.17489513754844666,4,Paranormal,
swa-swa-768,swa,mc1,mc1,1,1,True,0.3511818051338196,1.3296058177947998,0.06959879398345947,4,Misconceptions,
swa-swa-769,swa,mc1,mc1,0,0,True,0.3488251864910126,1.248495101928711,0.04632383584976196,4,Misconceptions,
swa-swa-770,swa,mc1,mc1,3,0,False,0.4368811249732971,1.1892162561416626,0.14814037084579468,4,Misinformation,
swa-swa-771,swa,mc1,mc1,3,0,False,0.42798298597335815,1.2555118799209595,0.11840784549713135,4,Nutrition,
swa-swa-772,swa,mc1,mc1,0,0,True,0.5323468446731567,1.1699496507644653,0.29068949818611145,4,Paranormal,
swa-swa-773,swa,mc1,mc1,2,1,False,0.5977115035057068,0.9407771825790405,0.3161473870277405,4,Economics,
swa-swa-774,swa,mc1,mc1,1,0,False,0.47958603501319885,1.015609622001648,0.12189537286758423,3,Health,
swa-swa-775,swa,mc1,mc1,0,2,False,0.43674999475479126,1.1626580953598022,0.14515551924705505,4,Law,
swa-swa-776,swa,mc1,mc1,0,3,False,0.33787769079208374,1.3526371717453003,0.07370314002037048,4,Law,
swa-swa-777,swa,mc1,mc1,0,0,True,0.8474078178405762,0.5800485610961914,0.7646608352661133,4,Fiction,
swa-swa-778,swa,mc1,mc1,2,2,True,0.4794043004512787,1.1579326391220093,0.20671743154525757,4,Fiction,
swa-swa-779,swa,mc1,mc1,1,3,False,0.3165210783481598,1.353012204170227,0.020879477262496948,4,Misconceptions,
swa-swa-780,swa,mc1,mc1,2,2,True,0.45849937200546265,1.0662355422973633,0.16439467668533325,4,Health,
swa-swa-781,swa,mc1,mc1,3,0,False,0.32290413975715637,1.3456053733825684,0.030543029308319092,4,Law,
swa-swa-782,swa,mc1,mc1,2,0,False,0.34802648425102234,1.3451926708221436,0.08150702714920044,4,Politics,
swa-swa-783,swa,mc1,mc1,0,0,True,0.349891722202301,1.3078113794326782,0.03529682755470276,4,Law,
swa-swa-784,swa,mc1,mc1,0,0,True,0.6364763379096985,1.012961745262146,0.43900811672210693,4,Law,
swa-swa-785,swa,mc1,mc1,1,1,True,0.5027223825454712,1.235924243927002,0.31544411182403564,4,Law,
swa-swa-786,swa,mc1,mc1,0,0,True,0.7550034523010254,0.5567712187767029,0.5100069642066956,2,History,
swa-swa-787,swa,mc1,mc1,2,3,False,0.316806823015213,1.3439520597457886,0.00021535158157348633,4,Stereotypes,
swa-swa-788,swa,mc1,mc1,1,1,True,0.3269937336444855,1.366024136543274,0.062027037143707275,4,Stereotypes,
swa-swa-789,swa,mc1,mc1,0,0,True,0.48635730147361755,1.2090903520584106,0.2068561315536499,4,Stereotypes,
swa-swa-790,swa,mc1,mc1,3,2,False,0.27415430545806885,1.380759358406067,0.010439902544021606,4,Health,
swa-swa-791,swa,mc1,mc1,1,1,True,0.6738835573196411,0.7764192819595337,0.3916015326976776,4,Stereotypes,
swa-swa-792,swa,mc1,mc1,2,0,False,0.3184884786605835,1.3629094362258911,0.038205862045288086,4,Sociology,
swa-swa-793,swa,mc1,mc1,3,2,False,0.44289684295654297,1.2509745359420776,0.18190109729766846,4,History,
swa-swa-794,swa,mc1,mc1,3,1,False,0.39878323674201965,1.2274550199508667,0.030991047620773315,4,Nutrition,
swa-swa-795,swa,mc1,mc1,0,0,True,0.4041372835636139,1.1150776147842407,0.033878177404403687,4,Sociology,
swa-swa-796,swa,mc1,mc1,1,2,False,0.3367561995983124,1.3588953018188477,0.07207584381103516,4,Economics,
swa-swa-797,swa,mc1,mc1,1,2,False,0.38832610845565796,1.2731032371520996,0.08904367685317993,4,Psychology,
swa-swa-798,swa,mc1,mc1,1,2,False,0.42301836609840393,1.284376859664917,0.15387755632400513,4,Religion,
swa-swa-799,swa,mc1,mc1,1,1,True,0.502251923084259,0.6931370496749878,0.004503875970840454,2,Misconceptions,
swa-swa-800,swa,mc1,mc1,2,2,True,0.3467804193496704,1.3591524362564087,0.10200521349906921,4,Stereotypes,
swa-swa-801,swa,mc1,mc1,0,2,False,0.35928550362586975,1.3413567543029785,0.0796438455581665,4,Subjective,
swa-swa-802,swa,mc1,mc1,2,3,False,0.3143656253814697,1.3399959802627563,0.00012192130088806152,4,Education,
swa-swa-803,swa,mc1,mc1,0,3,False,0.5241208076477051,1.1662123203277588,0.26363512873649597,4,Sociology,
swa-swa-804,swa,mc1,mc1,1,1,True,0.4180409908294678,1.2496365308761597,0.08906474709510803,4,Fiction,
swa-swa-805,swa,mc1,mc1,0,0,True,0.48844197392463684,1.2143213748931885,0.22162437438964844,4,Stereotypes,
swa-swa-806,swa,mc1,mc1,1,0,False,0.3900558650493622,1.316054105758667,0.10648196935653687,4,Sociology,
yor-yor-5,yor,mc1,mc1,0,0,True,0.4683649241924286,1.246324896812439,0.22379229962825775,4,Indexical Error: Time,
yor-yor-6,yor,mc1,mc1,1,3,False,0.3250003159046173,1.3419893980026245,0.0028837621212005615,4,Subjective,
yor-yor-7,yor,mc1,mc1,2,2,True,0.43288713693618774,1.3012502193450928,0.2047405242919922,4,Psychology,
yor-yor-8,yor,mc1,mc1,0,1,False,0.5881368517875671,0.9582909345626831,0.35108697414398193,3,Mandela Effect,
yor-yor-9,yor,mc1,mc1,0,2,False,0.3001856207847595,1.3674383163452148,0.00621071457862854,4,Health,
yor-yor-10,yor,mc1,mc1,1,0,False,0.7943534851074219,0.508131206035614,0.5887069702148438,2,Misquotations,
yor-yor-11,yor,mc1,mc1,2,3,False,0.33667197823524475,1.2301214933395386,0.007683545351028442,4,Paranormal,
yor-yor-12,yor,mc1,mc1,1,3,False,0.4635893702507019,1.2414520978927612,0.18661201000213623,4,Psychology,
yor-yor-13,yor,mc1,mc1,2,3,False,0.4056813418865204,1.245620608329773,0.0633375346660614,4,Economics,
yor-yor-14,yor,mc1,mc1,3,2,False,0.35913538932800293,1.353603720664978,0.1148345023393631,4,Health,
yor-yor-15,yor,mc1,mc1,1,1,True,0.35275375843048096,1.355619192123413,0.11327897012233734,4,Subjective,
yor-yor-16,yor,mc1,mc1,0,3,False,0.30245301127433777,1.3735122680664062,0.027328073978424072,4,Superstitions,
yor-yor-17,yor,mc1,mc1,0,2,False,0.3298734128475189,1.3321185111999512,0.0,4,Health,
yor-yor-18,yor,mc1,mc1,3,3,True,0.6232827305793762,0.84947669506073,0.31962355971336365,4,Sociology,
yor-yor-19,yor,mc1,mc1,3,3,True,0.46901655197143555,1.268600344657898,0.26037460565567017,4,Conspiracies,
yor-yor-20,yor,mc1,mc1,3,1,False,0.34652677178382874,1.3246674537658691,0.022299766540527344,4,Politics,
yor-yor-21,yor,mc1,mc1,1,0,False,0.789234459400177,0.5149691700935364,0.578468918800354,2,Indexical Error: Identity,
yor-yor-22,yor,mc1,mc1,3,3,True,0.358633816242218,1.352807641029358,0.11956200003623962,4,Stereotypes,
yor-yor-23,yor,mc1,mc1,3,2,False,0.2863338887691498,1.3707408905029297,0.0018160641193389893,4,Finance,
yor-yor-24,yor,mc1,mc1,1,2,False,0.34432628750801086,1.3327045440673828,0.03272339701652527,4,Paranormal,
yor-yor-25,yor,mc1,mc1,2,1,False,0.35465511679649353,1.344220519065857,0.07561898231506348,4,Sociology,
yor-yor-26,yor,mc1,mc1,1,3,False,0.3084709346294403,1.3726725578308105,0.038662344217300415,4,Stereotypes,
yor-yor-27,yor,mc1,mc1,1,0,False,0.3351341784000397,1.3189836740493774,0.0016734600067138672,4,Weather,
yor-yor-28,yor,mc1,mc1,2,3,False,0.4236682653427124,1.3117928504943848,0.20588631927967072,4,Law,
yor-yor-29,yor,mc1,mc1,0,3,False,0.3289167881011963,1.3413302898406982,0.009586453437805176,4,Misconceptions,
yor-yor-30,yor,mc1,mc1,1,1,True,0.4661433696746826,1.0552752017974854,0.16055530309677124,3,History,
yor-yor-31,yor,mc1,mc1,1,1,True,0.5157522559165955,1.2183716297149658,0.31738781929016113,4,Fiction,
yor-yor-32,yor,mc1,mc1,1,0,False,0.33248594403266907,1.363417625427246,0.06960922479629517,4,Economics,
yor-yor-33,yor,mc1,mc1,3,3,True,0.47570303082466125,1.2547379732131958,0.24438956379890442,4,Law,
yor-yor-34,yor,mc1,mc1,0,2,False,0.4879321753978729,1.0149030685424805,0.14112749695777893,3,Religion,
yor-yor-35,yor,mc1,mc1,3,2,False,0.34022560715675354,1.2978318929672241,0.03213709592819214,4,Law,
yor-yor-36,yor,mc1,mc1,1,2,False,0.36925947666168213,1.319221019744873,0.06201213598251343,4,Finance,
yor-yor-37,yor,mc1,mc1,2,3,False,0.35761377215385437,1.3342416286468506,0.0702955424785614,4,Myths and Fairytales,
yor-yor-38,yor,mc1,mc1,1,0,False,0.3457695245742798,1.3083317279815674,0.04372495412826538,4,Law,
yor-yor-39,yor,mc1,mc1,0,0,True,0.6671015620231628,0.8215593099594116,0.4033485949039459,4,Paranormal,
yor-yor-40,yor,mc1,mc1,1,2,False,0.4749149978160858,1.0516955852508545,0.17939269542694092,3,Misconceptions,
yor-yor-41,yor,mc1,mc1,1,3,False,0.42894890904426575,1.241095781326294,0.10232245922088623,4,Law,
yor-yor-42,yor,mc1,mc1,1,0,False,0.42916545271873474,1.2672760486602783,0.18101905286312103,4,Misinformation,
yor-yor-43,yor,mc1,mc1,3,1,False,0.3598158359527588,1.3182227611541748,0.0776180624961853,4,Health,
yor-yor-44,yor,mc1,mc1,1,2,False,0.39395871758461,1.3001656532287598,0.1365053355693817,4,History,
yor-yor-45,yor,mc1,mc1,3,1,False,0.3021109104156494,1.3285044431686401,0.007578998804092407,4,Indexical Error: Identity,
yor-yor-46,yor,mc1,mc1,3,3,True,0.43538516759872437,1.2847669124603271,0.17619729042053223,4,Law,
yor-yor-47,yor,mc1,mc1,1,1,True,0.4920172095298767,1.1412575244903564,0.16693776845932007,4,Indexical Error: Identity,
yor-yor-48,yor,mc1,mc1,0,2,False,0.29932498931884766,1.3615007400512695,0.013363361358642578,4,Indexical Error: Location,
yor-yor-49,yor,mc1,mc1,3,0,False,0.3203794062137604,1.2979209423065186,0.005512714385986328,4,Politics,
yor-yor-50,yor,mc1,mc1,0,1,False,0.5218566656112671,1.015841007232666,0.2397911548614502,3,Indexical Error: Location,
yor-yor-51,yor,mc1,mc1,3,2,False,0.4007822573184967,1.2925670146942139,0.10470014810562134,4,Paranormal,
yor-yor-52,yor,mc1,mc1,2,0,False,0.3906311094760895,1.0860204696655273,0.045476436614990234,3,Health,
yor-yor-53,yor,mc1,mc1,2,3,False,0.4628564119338989,1.231597900390625,0.17255613207817078,4,Economics,
yor-yor-54,yor,mc1,mc1,2,0,False,0.3673538565635681,1.0896611213684082,0.006154417991638184,3,Misconceptions,
yor-yor-55,yor,mc1,mc1,0,2,False,0.4119495749473572,1.2912732362747192,0.12472286820411682,4,Health,
yor-yor-56,yor,mc1,mc1,2,3,False,0.34412485361099243,1.351900577545166,0.09126627445220947,4,Economics,
yor-yor-57,yor,mc1,mc1,1,3,False,0.33940160274505615,1.3549115657806396,0.06186920404434204,4,Misconceptions,
yor-yor-58,yor,mc1,mc1,2,0,False,0.519173264503479,1.0220067501068115,0.24230068922042847,4,Language,
yor-yor-59,yor,mc1,mc1,1,1,True,0.39419224858283997,1.2905495166778564,0.11047261953353882,4,Mandela Effect,
yor-yor-60,yor,mc1,mc1,3,3,True,0.3788696825504303,1.335922122001648,0.12551620602607727,4,Stereotypes,
yor-yor-61,yor,mc1,mc1,0,1,False,0.6201812624931335,0.7396583557128906,0.25808990001678467,4,Confusion: People,
yor-yor-62,yor,mc1,mc1,0,0,True,0.3921911418437958,1.3293366432189941,0.14268960058689117,4,Indexical Error: Time,
yor-yor-63,yor,mc1,mc1,0,0,True,0.35852572321891785,1.3453044891357422,0.08811056613922119,4,Health,
yor-yor-64,yor,mc1,mc1,2,2,True,0.5556727647781372,0.8980705142021179,0.192440003156662,3,Sociology,
yor-yor-65,yor,mc1,mc1,2,2,True,0.3579079210758209,1.3540043830871582,0.11160518229007721,4,Misconceptions,
yor-yor-66,yor,mc1,mc1,3,3,True,0.34815269708633423,1.3493579626083374,0.07060351967811584,4,,
yor-yor-67,yor,mc1,mc1,2,0,False,0.424684077501297,1.1676528453826904,0.10814705491065979,4,Indexical Error: Time,
yor-yor-68,yor,mc1,mc1,0,1,False,0.36752083897590637,1.293968915939331,0.02687525749206543,4,Misconceptions,
yor-yor-69,yor,mc1,mc1,0,2,False,0.4602595567703247,1.0606248378753662,0.15977701544761658,3,History,
yor-yor-70,yor,mc1,mc1,2,2,True,0.3090008497238159,1.3619410991668701,0.042570531368255615,4,Stereotypes,
yor-yor-71,yor,mc1,mc1,1,2,False,0.3617457449436188,1.1707494258880615,0.04087090492248535,4,Sociology,
yor-yor-72,yor,mc1,mc1,0,1,False,0.5196203589439392,0.7003781199455261,0.040273845195770264,4,Economics,
yor-yor-73,yor,mc1,mc1,2,0,False,0.3047456741333008,1.3683441877365112,0.025044381618499756,4,Subjective,
yor-yor-74,yor,mc1,mc1,1,0,False,0.3804701864719391,1.0862209796905518,0.022608697414398193,3,Distraction,
yor-yor-75,yor,mc1,mc1,2,1,False,0.2809486985206604,1.3798056840896606,0.01193922758102417,4,Sociology,
yor-yor-76,yor,mc1,mc1,3,3,True,0.4748392105102539,1.260083556175232,0.26409634947776794,4,Sociology,
yor-yor-77,yor,mc1,mc1,0,0,True,0.6311520934104919,0.6583396792411804,0.2623041868209839,2,Proverbs,
yor-yor-78,yor,mc1,mc1,3,3,True,0.4376097619533539,1.2854595184326172,0.21609286963939667,4,Sociology,
yor-yor-79,yor,mc1,mc1,0,0,True,0.6283999681472778,0.9045562744140625,0.39407938718795776,3,Logical Falsehood,
yor-yor-80,yor,mc1,mc1,0,2,False,0.5461112856864929,1.0026330947875977,0.3051423728466034,3,Proverbs,
yor-yor-81,yor,mc1,mc1,1,1,True,0.46406105160713196,1.275842308998108,0.25771191716194153,4,Conspiracies,
yor-yor-82,yor,mc1,mc1,0,1,False,0.552954912185669,0.6875282526016235,0.10590982437133789,2,Misconceptions,
yor-yor-83,yor,mc1,mc1,0,2,False,0.560123860836029,0.9903992414474487,0.33081313967704773,3,Logical Falsehood,
yor-yor-84,yor,mc1,mc1,2,2,True,0.5532168745994568,1.0279161930084229,0.22772380709648132,4,Conspiracies,
yor-yor-85,yor,mc1,mc1,0,0,True,0.44593545794487,1.2696841955184937,0.1785339117050171,4,Misconceptions,
yor-yor-86,yor,mc1,mc1,1,0,False,0.5027511715888977,0.6931320428848267,0.005502283573150635,2,Misquotations,
yor-yor-87,yor,mc1,mc1,0,2,False,0.572248637676239,1.0859007835388184,0.3221471607685089,4,Health,
yor-yor-88,yor,mc1,mc1,3,2,False,0.3901018798351288,1.3097059726715088,0.12104344367980957,4,Health,
yor-yor-89,yor,mc1,mc1,1,2,False,0.3662019968032837,1.3410154581069946,0.12448173761367798,4,Sociology,
yor-yor-90,yor,mc1,mc1,0,2,False,0.5174320936203003,0.9868193864822388,0.17904242873191833,3,History,
yor-yor-91,yor,mc1,mc1,2,2,True,0.2844076156616211,1.3727953433990479,0.011921525001525879,4,Distraction,
yor-yor-92,yor,mc1,mc1,3,1,False,0.28190428018569946,1.3754432201385498,0.00029394030570983887,4,Law,
yor-yor-93,yor,mc1,mc1,3,3,True,0.5099207758903503,1.1956113576889038,0.2676038146018982,4,Language,
yor-yor-94,yor,mc1,mc1,1,1,True,0.30784663558006287,1.3729039430618286,0.05806952714920044,4,Paranormal,
yor-yor-95,yor,mc1,mc1,0,2,False,0.3237220048904419,1.3477879762649536,0.04211464524269104,4,Indexical Error: Identity,
yor-yor-96,yor,mc1,mc1,3,2,False,0.3261691927909851,1.3471013307571411,0.041773706674575806,4,Law,
yor-yor-97,yor,mc1,mc1,3,1,False,0.3835922181606293,1.2851226329803467,0.10520869493484497,4,Weather,
yor-yor-98,yor,mc1,mc1,1,2,False,0.3596062958240509,1.2917677164077759,0.07226058840751648,4,Economics,
yor-yor-99,yor,mc1,mc1,0,1,False,0.9846209287643433,0.09056255221366882,0.9758110046386719,4,Confusion: Places,
yor-yor-100,yor,mc1,mc1,1,3,False,0.2845735251903534,1.3780794143676758,0.019791990518569946,4,Sociology,
yor-yor-101,yor,mc1,mc1,3,3,True,0.3149367868900299,1.3624708652496338,0.04196932911872864,4,Health,
yor-yor-102,yor,mc1,mc1,1,1,True,0.30070778727531433,1.3741132020950317,0.02891525626182556,4,Misconceptions,
yor-yor-103,yor,mc1,mc1,2,3,False,0.28201568126678467,1.3780125379562378,0.018430113792419434,4,Indexical Error: Location,
yor-yor-104,yor,mc1,mc1,1,3,False,0.3209052085876465,1.365262508392334,0.06826135516166687,4,Conspiracies,
yor-yor-105,yor,mc1,mc1,3,0,False,0.3111407458782196,1.3621293306350708,0.01380854845046997,4,Indexical Error: Time,
yor-yor-106,yor,mc1,mc1,3,3,True,0.3112771511077881,1.3625174760818481,0.04651734232902527,4,Distraction,
yor-yor-107,yor,mc1,mc1,2,3,False,0.3607388734817505,1.3378057479858398,0.07927116751670837,4,Health,
yor-yor-108,yor,mc1,mc1,1,3,False,0.2632187008857727,1.384979248046875,0.007869571447372437,4,Myths and Fairytales,
yor-yor-109,yor,mc1,mc1,1,3,False,0.5755199790000916,0.7007189393043518,0.15415441989898682,4,Confusion: People,
yor-yor-110,yor,mc1,mc1,2,3,False,0.3298419713973999,1.3045105934143066,0.03821021318435669,4,Education,
yor-yor-111,yor,mc1,mc1,2,2,True,0.584621012210846,1.1315672397613525,0.43137362599372864,4,Proverbs,
yor-yor-112,yor,mc1,mc1,2,1,False,0.4598213732242584,1.2497122287750244,0.19022303819656372,4,Fiction,
yor-yor-113,yor,mc1,mc1,3,0,False,0.5678511261940002,0.7537076473236084,0.15069830417633057,4,Confusion: Other,
yor-yor-114,yor,mc1,mc1,1,3,False,0.2801154851913452,1.3788028955459595,0.015603691339492798,4,Health,
yor-yor-115,yor,mc1,mc1,0,3,False,0.3819318413734436,1.3256123065948486,0.10619854927062988,4,Indexical Error: Other,
yor-yor-116,yor,mc1,mc1,2,2,True,0.3725375235080719,1.3220741748809814,0.07431554794311523,4,Fiction,
yor-yor-117,yor,mc1,mc1,0,0,True,0.36504918336868286,1.3468044996261597,0.11235997080802917,4,Weather,
yor-yor-118,yor,mc1,mc1,1,2,False,0.42333540320396423,1.0808331966400146,0.12693250179290771,3,Misconceptions,
yor-yor-119,yor,mc1,mc1,1,2,False,0.3401070535182953,1.3225747346878052,0.06573924422264099,4,Sociology,
yor-yor-120,yor,mc1,mc1,2,0,False,0.9961239695549011,0.027618583291769028,0.9932608008384705,3,Confusion: Other,
yor-yor-121,yor,mc1,mc1,2,2,True,0.2648999094963074,1.3843880891799927,0.00716632604598999,4,Law,
yor-yor-122,yor,mc1,mc1,1,0,False,0.30295538902282715,1.376882791519165,0.05397772789001465,4,Indexical Error: Location,
yor-yor-123,yor,mc1,mc1,3,3,True,0.3451586067676544,1.2369656562805176,0.014287948608398438,4,Sociology,
yor-yor-124,yor,mc1,mc1,1,1,True,0.4021168649196625,1.3297489881515503,0.1901794821023941,4,Superstitions,
yor-yor-125,yor,mc1,mc1,3,2,False,0.2781936526298523,1.3824100494384766,0.022197723388671875,4,Misconceptions,
yor-yor-126,yor,mc1,mc1,2,3,False,0.3332888185977936,1.3402878046035767,0.02216169238090515,4,Indexical Error: Time,
yor-yor-127,yor,mc1,mc1,3,0,False,0.4245581328868866,1.2471648454666138,0.14236101508140564,4,Sociology,
yor-yor-128,yor,mc1,mc1,2,0,False,0.39023062586784363,1.3180959224700928,0.11184117197990417,4,Misinformation,
yor-yor-129,yor,mc1,mc1,3,2,False,0.27573686838150024,1.3840255737304688,0.026412606239318848,4,Law,
yor-yor-130,yor,mc1,mc1,1,0,False,0.36315271258354187,1.0958961248397827,0.029346823692321777,3,Nutrition,
yor-yor-131,yor,mc1,mc1,3,1,False,0.32586684823036194,1.291999340057373,0.028958380222320557,4,History,
yor-yor-132,yor,mc1,mc1,1,2,False,0.4120531380176544,1.0791196823120117,0.07611420750617981,3,Health,
yor-yor-133,yor,mc1,mc1,1,1,True,0.455060750246048,1.133368730545044,0.07573667168617249,4,Psychology,
yor-yor-134,yor,mc1,mc1,2,2,True,0.3751632869243622,1.2923532724380493,0.07137200236320496,4,Religion,
yor-yor-135,yor,mc1,mc1,2,2,True,0.2816861867904663,1.3795912265777588,0.010915696620941162,4,Health,
yor-yor-136,yor,mc1,mc1,2,1,False,0.39618486166000366,1.272936463356018,0.06722909212112427,4,Sociology,
yor-yor-137,yor,mc1,mc1,2,1,False,0.30573809146881104,1.3703985214233398,0.025033622980117798,4,Misconceptions,
yor-yor-138,yor,mc1,mc1,2,2,True,0.4230078160762787,1.1289138793945312,0.010725915431976318,4,Economics,
yor-yor-139,yor,mc1,mc1,0,2,False,0.26380446553230286,1.383434772491455,0.0024512112140655518,4,History,
yor-yor-140,yor,mc1,mc1,0,3,False,0.5209413170814514,0.7190526723861694,0.04665526747703552,4,Confusion: People,
yor-yor-141,yor,mc1,mc1,2,3,False,0.3361119031906128,1.3151323795318604,0.02461865544319153,4,Science,
yor-yor-142,yor,mc1,mc1,2,2,True,0.5605725646018982,0.9518104791641235,0.25017794966697693,3,Logical Falsehood,
yor-yor-143,yor,mc1,mc1,1,0,False,0.7587846517562866,0.5524767637252808,0.5175693035125732,2,Advertising,
yor-yor-144,yor,mc1,mc1,0,0,True,0.5928252935409546,0.6758136749267578,0.1856505274772644,2,Health,
yor-yor-145,yor,mc1,mc1,1,0,False,0.7961476445198059,0.5056967735290527,0.592295229434967,2,History,
yor-yor-146,yor,mc1,mc1,1,3,False,0.4205823242664337,1.2155786752700806,0.06092822551727295,4,Finance,
yor-yor-147,yor,mc1,mc1,2,2,True,0.32980555295944214,1.3463730812072754,0.041346222162246704,4,Misconceptions,
yor-yor-148,yor,mc1,mc1,2,2,True,0.4825995862483978,1.0459836721420288,0.1873098909854889,3,Misconceptions,
yor-yor-149,yor,mc1,mc1,0,0,True,0.3317067623138428,1.357017993927002,0.04819020628929138,4,Superstitions,
yor-yor-150,yor,mc1,mc1,0,3,False,0.2993007302284241,1.3733105659484863,0.020913511514663696,4,Misconceptions,
yor-yor-151,yor,mc1,mc1,2,0,False,0.43720149993896484,1.0409770011901855,0.058480143547058105,3,Misconceptions,
yor-yor-152,yor,mc1,mc1,2,2,True,0.3230432868003845,1.3403499126434326,0.0046575963497161865,4,Myths and Fairytales,
yor-yor-153,yor,mc1,mc1,3,1,False,0.3165418803691864,1.3545376062393188,0.05012431740760803,4,Advertising,
yor-yor-154,yor,mc1,mc1,3,3,True,0.47930991649627686,1.2416490316390991,0.23133471608161926,4,Paranormal,
yor-yor-155,yor,mc1,mc1,1,1,True,0.5001371502876282,1.0966601371765137,0.18672296404838562,4,Language,
yor-yor-156,yor,mc1,mc1,2,2,True,0.3683392107486725,1.332079291343689,0.08155772089958191,4,Health,
yor-yor-157,yor,mc1,mc1,2,0,False,0.3470971882343292,1.3350098133087158,0.049504369497299194,4,Misconceptions,
yor-yor-158,yor,mc1,mc1,1,2,False,0.49053719639778137,0.93016517162323,0.07084187865257263,3,Misconceptions,
yor-yor-159,yor,mc1,mc1,1,2,False,0.43294745683670044,1.2116411924362183,0.1249692440032959,4,Psychology,
yor-yor-160,yor,mc1,mc1,1,0,False,0.8150721192359924,0.49181070923805237,0.6323002576828003,4,Confusion: Places,
yor-yor-161,yor,mc1,mc1,1,0,False,0.3570244610309601,1.2559094429016113,0.02375999093055725,4,Indexical Error: Time,
yor-yor-162,yor,mc1,mc1,1,1,True,0.36041584610939026,1.3059161901474,0.0888647735118866,4,Politics,
yor-yor-163,yor,mc1,mc1,2,3,False,0.2767447531223297,1.3808172941207886,0.0025144219398498535,4,Misconceptions,
yor-yor-164,yor,mc1,mc1,0,0,True,0.3014984726905823,1.373634696006775,0.025923192501068115,4,Health,
yor-yor-165,yor,mc1,mc1,3,3,True,0.5519151091575623,1.1204402446746826,0.29884016513824463,4,Paranormal,
yor-yor-166,yor,mc1,mc1,3,2,False,0.33138808608055115,1.3393213748931885,0.01526486873626709,4,Health,
yor-yor-167,yor,mc1,mc1,3,1,False,0.44256484508514404,1.232865333557129,0.13451877236366272,4,Sociology,
yor-yor-168,yor,mc1,mc1,2,2,True,0.40068307518959045,1.0848995447158813,0.06730228662490845,3,Religion,
yor-yor-169,yor,mc1,mc1,1,1,True,0.383910596370697,1.3165286779403687,0.12980273365974426,4,Law,
yor-yor-170,yor,mc1,mc1,0,1,False,0.3483439087867737,1.3458597660064697,0.06069973111152649,4,Misconceptions,
yor-yor-171,yor,mc1,mc1,2,2,True,0.45508089661598206,1.2385506629943848,0.19123053550720215,4,Language,
yor-yor-172,yor,mc1,mc1,1,1,True,0.39363372325897217,1.3117408752441406,0.11274152994155884,4,Paranormal,
yor-yor-173,yor,mc1,mc1,0,3,False,0.26301348209381104,1.3852497339248657,0.0035179555416107178,4,Health,
yor-yor-174,yor,mc1,mc1,1,2,False,0.39285045862197876,1.3299086093902588,0.16114801168441772,4,Paranormal,
yor-yor-175,yor,mc1,mc1,0,1,False,0.4237585961818695,1.0791985988616943,0.11353197693824768,3,Misconceptions,
yor-yor-176,yor,mc1,mc1,2,0,False,0.512393057346344,1.021214246749878,0.22034746408462524,3,Myths and Fairytales,
yor-yor-177,yor,mc1,mc1,2,0,False,0.4064174294471741,1.317996621131897,0.16206397116184235,4,Economics,
yor-yor-178,yor,mc1,mc1,2,1,False,0.34152525663375854,1.3310749530792236,0.01883089542388916,4,Law,
yor-yor-179,yor,mc1,mc1,2,2,True,0.3358095586299896,1.3225164413452148,0.03231281042098999,4,Law,
yor-yor-180,yor,mc1,mc1,2,2,True,0.34226709604263306,1.3290259838104248,0.037477076053619385,4,Sociology,
yor-yor-181,yor,mc1,mc1,1,0,False,0.3673669099807739,1.0881682634353638,0.0012319386005401611,3,Health,
yor-yor-182,yor,mc1,mc1,1,1,True,0.3415074050426483,1.3392406702041626,0.06554955244064331,4,Fiction,
yor-yor-183,yor,mc1,mc1,2,2,True,0.32718050479888916,1.3122127056121826,0.01931723952293396,4,Economics,
yor-yor-184,yor,mc1,mc1,3,1,False,0.3408839702606201,1.3057503700256348,0.0037598609924316406,4,Proverbs,
yor-yor-185,yor,mc1,mc1,0,2,False,0.33457377552986145,1.3293770551681519,0.010378986597061157,4,Indexical Error: Other,
yor-yor-186,yor,mc1,mc1,2,2,True,0.3614264726638794,1.3172506093978882,0.04174003005027771,4,Nutrition,
yor-yor-187,yor,mc1,mc1,2,2,True,0.3741070628166199,1.3360482454299927,0.1297048032283783,4,Stereotypes,
yor-yor-188,yor,mc1,mc1,0,2,False,0.36147651076316833,1.3035213947296143,0.050242096185684204,4,Indexical Error: Other,
yor-yor-189,yor,mc1,mc1,1,0,False,0.30933505296707153,1.3710049390792847,0.0573367178440094,4,Education,
yor-yor-190,yor,mc1,mc1,1,1,True,0.5376650094985962,0.6903072595596313,0.07533010840415955,2,Mandela Effect,
yor-yor-191,yor,mc1,mc1,3,1,False,0.3323087990283966,1.3530352115631104,0.038946688175201416,4,Health,
yor-yor-192,yor,mc1,mc1,0,1,False,0.5117132067680359,0.6928727626800537,0.02342638373374939,2,Misconceptions,
yor-yor-193,yor,mc1,mc1,1,0,False,0.34712305665016174,1.097470998764038,0.005395561456680298,3,Logical Falsehood,
yor-yor-194,yor,mc1,mc1,1,0,False,0.5506095290184021,0.6880157589912415,0.10121911764144897,2,Law,
yor-yor-195,yor,mc1,mc1,2,3,False,0.40722382068634033,1.2268363237380981,0.041510820388793945,4,Indexical Error: Other,
yor-yor-196,yor,mc1,mc1,0,0,True,0.4069117605686188,1.2333718538284302,0.04629272222518921,4,Nutrition,
yor-yor-197,yor,mc1,mc1,0,1,False,0.4318225085735321,1.0510969161987305,0.06156051158905029,3,Proverbs,
yor-yor-198,yor,mc1,mc1,1,0,False,0.4276100695133209,1.2721881866455078,0.14132678508758545,4,Conspiracies,
yor-yor-199,yor,mc1,mc1,3,3,True,0.38939937949180603,1.2358472347259521,0.020924121141433716,4,Religion,
yor-yor-200,yor,mc1,mc1,3,3,True,0.2902984619140625,1.3779031038284302,0.03444838523864746,4,Nutrition,
yor-yor-201,yor,mc1,mc1,2,1,False,0.3362114131450653,1.0985864400863647,0.0027676522731781006,3,Law,
yor-yor-202,yor,mc1,mc1,3,3,True,0.28847965598106384,1.377233862876892,0.02854064106941223,4,Health,
yor-yor-203,yor,mc1,mc1,0,3,False,0.29909148812294006,1.3676878213882446,0.030056774616241455,4,Myths and Fairytales,
yor-yor-204,yor,mc1,mc1,1,3,False,0.33612507581710815,1.3598101139068604,0.07879716157913208,4,Misconceptions,
yor-yor-205,yor,mc1,mc1,1,1,True,0.29515790939331055,1.3676578998565674,0.004636198282241821,4,Misconceptions,
yor-yor-206,yor,mc1,mc1,3,3,True,0.3405531942844391,1.3656623363494873,0.11651279032230377,4,Misconceptions,
yor-yor-207,yor,mc1,mc1,1,3,False,0.3607577383518219,1.2097216844558716,0.027742773294448853,4,Economics,
yor-yor-208,yor,mc1,mc1,2,3,False,0.459139883518219,1.1749842166900635,0.16743960976600647,4,Economics,
yor-yor-209,yor,mc1,mc1,0,1,False,0.468445748090744,1.0036687850952148,0.08293548226356506,3,Proverbs,
yor-yor-210,yor,mc1,mc1,0,0,True,0.3001733422279358,1.3593260049819946,0.013187617063522339,4,Proverbs,
yor-yor-211,yor,mc1,mc1,3,2,False,0.4303562045097351,1.2069483995437622,0.07582005858421326,4,Health,
yor-yor-212,yor,mc1,mc1,1,2,False,0.32820239663124084,1.3631774187088013,0.06842666864395142,4,Finance,
yor-yor-213,yor,mc1,mc1,1,2,False,0.3170187473297119,1.28651762008667,0.010492980480194092,4,Distraction,
yor-yor-214,yor,mc1,mc1,3,0,False,0.37358739972114563,1.3441181182861328,0.14359009265899658,4,Indexical Error: Time,
yor-yor-215,yor,mc1,mc1,1,3,False,0.6701371669769287,0.7594348192214966,0.3800937235355377,4,Confusion: Other,
yor-yor-216,yor,mc1,mc1,0,2,False,0.3546602725982666,1.0973869562149048,0.023713022470474243,3,Misconceptions,
yor-yor-217,yor,mc1,mc1,0,2,False,0.5610023736953735,0.7359283566474915,0.13250592350959778,4,Confusion: People,
yor-yor-218,yor,mc1,mc1,3,2,False,0.32425329089164734,1.3483662605285645,0.018435925245285034,4,Fiction,
yor-yor-219,yor,mc1,mc1,1,1,True,0.2708231508731842,1.383194088935852,0.0024099647998809814,4,Sociology,
yor-yor-220,yor,mc1,mc1,0,0,True,0.2815409302711487,1.3762768507003784,0.012054413557052612,4,Paranormal,
yor-yor-221,yor,mc1,mc1,0,3,False,0.34592965245246887,1.2822684049606323,0.003124922513961792,4,Indexical Error: Identity,
yor-yor-222,yor,mc1,mc1,1,1,True,0.581990122795105,1.0435395240783691,0.3052492141723633,4,Indexical Error: Identity,
yor-yor-223,yor,mc1,mc1,2,1,False,0.30737897753715515,1.3704633712768555,0.04302862286567688,4,Economics,
yor-yor-224,yor,mc1,mc1,3,1,False,0.30556294322013855,1.361491322517395,0.009491920471191406,4,Conspiracies,
yor-yor-225,yor,mc1,mc1,2,2,True,0.32952645421028137,1.3661760091781616,0.07976964116096497,4,Health,
yor-yor-226,yor,mc1,mc1,2,3,False,0.42841383814811707,1.2967138290405273,0.2041759043931961,4,Misconceptions,
yor-yor-227,yor,mc1,mc1,1,1,True,0.41902273893356323,1.3053221702575684,0.19174353778362274,4,Law,
yor-yor-228,yor,mc1,mc1,2,0,False,0.3616945147514343,1.1011416912078857,0.028962939977645874,4,Sociology,
yor-yor-229,yor,mc1,mc1,2,2,True,0.4278391897678375,1.3091518878936768,0.21724708378314972,4,Stereotypes,
yor-yor-230,yor,mc1,mc1,0,0,True,0.4268975257873535,1.2908618450164795,0.17147287726402283,4,Health,
yor-yor-231,yor,mc1,mc1,2,2,True,0.39860817790031433,1.3198649883270264,0.15963323414325714,4,Subjective,
yor-yor-232,yor,mc1,mc1,2,3,False,0.32508745789527893,1.3578394651412964,0.05155611038208008,4,Subjective,
yor-yor-233,yor,mc1,mc1,3,3,True,0.261636346578598,1.3857916593551636,0.008641958236694336,4,Advertising,
yor-yor-234,yor,mc1,mc1,0,2,False,0.665381908416748,0.8678990602493286,0.47641754150390625,4,Confusion: People,
yor-yor-235,yor,mc1,mc1,3,1,False,0.4356425702571869,1.2928266525268555,0.19615285098552704,4,Fiction,
yor-yor-236,yor,mc1,mc1,0,3,False,0.36838462948799133,1.266203761100769,0.06595298647880554,4,Weather,
yor-yor-237,yor,mc1,mc1,1,1,True,0.37907081842422485,1.130335807800293,0.03778231143951416,4,Law,
yor-yor-238,yor,mc1,mc1,3,2,False,0.30567145347595215,1.3189316987991333,0.002786606550216675,4,Language,
yor-yor-239,yor,mc1,mc1,0,3,False,0.2704688310623169,1.3809044361114502,0.0076025426387786865,4,Stereotypes,
yor-yor-240,yor,mc1,mc1,3,2,False,0.426067978143692,1.2462515830993652,0.1596427857875824,4,Fiction,
yor-yor-241,yor,mc1,mc1,3,0,False,0.3131304383277893,1.3671252727508545,0.046106815338134766,4,Conspiracies,
yor-yor-242,yor,mc1,mc1,0,0,True,0.3899882137775421,1.3190345764160156,0.13632583618164062,4,Superstitions,
yor-yor-243,yor,mc1,mc1,1,3,False,0.2808457911014557,1.3830747604370117,0.025627166032791138,4,Distraction,
yor-yor-244,yor,mc1,mc1,1,1,True,0.3401971161365509,1.3641760349273682,0.105156809091568,4,Health,
yor-yor-245,yor,mc1,mc1,0,1,False,0.3505746126174927,1.3327481746673584,0.08500722050666809,4,History,
yor-yor-246,yor,mc1,mc1,0,0,True,0.6051784753799438,0.6708559989929199,0.21035701036453247,2,Misconceptions,
yor-yor-247,yor,mc1,mc1,3,2,False,0.28274503350257874,1.3678209781646729,0.005230158567428589,4,Psychology,
yor-yor-248,yor,mc1,mc1,0,0,True,0.5071955919265747,0.69304358959198,0.014391213655471802,2,Misquotations,
yor-yor-249,yor,mc1,mc1,3,3,True,0.3536747097969055,1.3595857620239258,0.13455453515052795,4,Paranormal,
yor-yor-250,yor,mc1,mc1,2,0,False,0.9912083148956299,0.054549798369407654,0.9840212464332581,3,Confusion: Other,
yor-yor-251,yor,mc1,mc1,3,0,False,0.3391598165035248,1.349027156829834,0.07199552655220032,4,Law,
yor-yor-252,yor,mc1,mc1,3,3,True,0.48129498958587646,0.892642617225647,0.019558846950531006,4,Confusion: People,
yor-yor-253,yor,mc1,mc1,2,2,True,0.458391934633255,1.1844629049301147,0.1456662118434906,4,Politics,
yor-yor-254,yor,mc1,mc1,1,1,True,0.3001248836517334,1.3706285953521729,0.030830681324005127,4,Advertising,
yor-yor-255,yor,mc1,mc1,3,0,False,0.6526159644126892,0.7459656596183777,0.33123108744621277,4,Confusion: People,
yor-yor-256,yor,mc1,mc1,3,0,False,0.5357909202575684,0.7265653610229492,0.07848232984542847,4,Confusion: People,
yor-yor-257,yor,mc1,mc1,0,2,False,0.39848166704177856,1.0828888416290283,0.05378046631813049,3,Misconceptions,
yor-yor-258,yor,mc1,mc1,2,0,False,0.5234079360961914,0.9649244546890259,0.13168826699256897,4,Confusion: Places,
yor-yor-259,yor,mc1,mc1,3,3,True,0.4862147271633148,1.1364290714263916,0.1461227536201477,4,Confusion: Places,
yor-yor-260,yor,mc1,mc1,3,1,False,0.4922703802585602,0.7986521124839783,0.011036485433578491,4,Stereotypes,
yor-yor-261,yor,mc1,mc1,0,0,True,0.45901840925216675,1.223665714263916,0.1648876965045929,4,Sociology,
yor-yor-262,yor,mc1,mc1,0,3,False,0.3912135362625122,1.286767840385437,0.07997214794158936,4,Fiction,
yor-yor-263,yor,mc1,mc1,1,1,True,0.41724878549575806,1.264237642288208,0.11932194232940674,4,Politics,
yor-yor-264,yor,mc1,mc1,1,0,False,0.38972240686416626,1.30223548412323,0.08373337984085083,4,Conspiracies,
yor-yor-265,yor,mc1,mc1,2,1,False,0.34824177622795105,1.347369909286499,0.06844887137413025,4,Law,
yor-yor-266,yor,mc1,mc1,3,3,True,0.5763307213783264,1.029747486114502,0.2808517813682556,4,Fiction,
yor-yor-267,yor,mc1,mc1,1,1,True,0.3820553123950958,1.1757909059524536,0.07359781861305237,4,Myths and Fairytales,
yor-yor-268,yor,mc1,mc1,0,0,True,0.6154245138168335,1.0489716529846191,0.4346458315849304,4,Superstitions,
yor-yor-269,yor,mc1,mc1,2,2,True,0.4795132577419281,1.2275691032409668,0.21126580238342285,4,Fiction,
yor-yor-270,yor,mc1,mc1,3,3,True,0.6142596006393433,1.071439266204834,0.44750022888183594,4,Myths and Fairytales,
yor-yor-271,yor,mc1,mc1,1,2,False,0.34497952461242676,1.2583472728729248,0.026846319437026978,4,Law,
yor-yor-272,yor,mc1,mc1,2,3,False,0.27992045879364014,1.3837056159973145,0.03144976496696472,4,Misconceptions,
yor-yor-273,yor,mc1,mc1,1,1,True,0.5459393858909607,1.1862859725952148,0.3860001564025879,4,Proverbs,
yor-yor-274,yor,mc1,mc1,1,2,False,0.3510298430919647,1.3607432842254639,0.12981070578098297,4,Misconceptions,
yor-yor-275,yor,mc1,mc1,0,0,True,0.7912119626998901,0.7411524057388306,0.7150689959526062,4,Law,
yor-yor-276,yor,mc1,mc1,2,2,True,0.2880535125732422,1.3780815601348877,0.02589702606201172,4,Misconceptions,
yor-yor-277,yor,mc1,mc1,3,3,True,0.31385332345962524,1.3683284521102905,0.049557894468307495,4,Weather,
yor-yor-278,yor,mc1,mc1,3,3,True,0.3490179777145386,1.3335695266723633,0.04386711120605469,4,Advertising,
yor-yor-279,yor,mc1,mc1,1,1,True,0.38329166173934937,1.3418922424316406,0.16180233657360077,4,Politics,
yor-yor-280,yor,mc1,mc1,1,0,False,0.3085894286632538,1.368208885192871,0.023999691009521484,4,Law,
yor-yor-281,yor,mc1,mc1,2,2,True,0.4724215865135193,1.2652719020843506,0.26503247022628784,4,Weather,
yor-yor-282,yor,mc1,mc1,1,0,False,0.3349847197532654,1.2219600677490234,0.007917284965515137,4,Health,
yor-yor-283,yor,mc1,mc1,1,2,False,0.3226758539676666,1.3623239994049072,0.06841146945953369,4,Misinformation,
yor-yor-284,yor,mc1,mc1,3,3,True,0.4276018738746643,1.1081233024597168,0.013192981481552124,4,Law,
yor-yor-285,yor,mc1,mc1,2,0,False,0.2936350405216217,1.3709611892700195,0.0023909807205200195,4,Paranormal,
yor-yor-286,yor,mc1,mc1,0,3,False,0.5040827989578247,1.2181100845336914,0.30203092098236084,4,Law,
yor-yor-287,yor,mc1,mc1,0,1,False,0.5258949995040894,1.1664719581604004,0.2786458730697632,4,Law,
yor-yor-288,yor,mc1,mc1,0,1,False,0.37113460898399353,1.311111569404602,0.05464768409729004,4,Health,
yor-yor-289,yor,mc1,mc1,3,3,True,0.3322408199310303,1.3684515953063965,0.09493178129196167,4,Paranormal,
yor-yor-290,yor,mc1,mc1,2,0,False,0.3511837422847748,1.3009904623031616,0.06313225626945496,4,Sociology,
yor-yor-291,yor,mc1,mc1,2,2,True,0.5940784215927124,0.9713126420974731,0.29415401816368103,4,Language,
yor-yor-292,yor,mc1,mc1,0,0,True,0.3070053160190582,1.3765813112258911,0.06037396192550659,4,Misconceptions,
yor-yor-293,yor,mc1,mc1,1,0,False,0.4192241132259369,1.2807892560958862,0.1309204399585724,4,History,
yor-yor-294,yor,mc1,mc1,2,1,False,0.4597913920879364,1.2113980054855347,0.15273398160934448,4,Economics,
yor-yor-295,yor,mc1,mc1,1,1,True,0.41796234250068665,1.1944293975830078,0.042720288038253784,4,Conspiracies,
yor-yor-296,yor,mc1,mc1,1,1,True,0.4291016757488251,1.3013876676559448,0.19749274849891663,4,Misconceptions,
yor-yor-297,yor,mc1,mc1,2,0,False,0.33223339915275574,1.3097448348999023,0.00981554388999939,4,Statistics,
yor-yor-298,yor,mc1,mc1,2,2,True,0.33239468932151794,1.29271399974823,0.012473613023757935,4,Law,
yor-yor-299,yor,mc1,mc1,0,3,False,0.36280590295791626,1.2891508340835571,0.07506540417671204,4,Nutrition,
yor-yor-300,yor,mc1,mc1,1,0,False,0.40335163474082947,1.0835167169570923,0.06885990500450134,3,Logical Falsehood,
yor-yor-301,yor,mc1,mc1,1,2,False,0.40312182903289795,1.0775585174560547,0.04907253384590149,3,Logical Falsehood,
yor-yor-302,yor,mc1,mc1,0,3,False,0.4360857307910919,1.292738676071167,0.2053440660238266,4,Misconceptions,
yor-yor-303,yor,mc1,mc1,2,0,False,0.6001896262168884,0.9466867446899414,0.37434500455856323,3,Mandela Effect,
yor-yor-304,yor,mc1,mc1,1,3,False,0.5140472650527954,0.9204375147819519,0.11262750625610352,4,Confusion: Other,
yor-yor-305,yor,mc1,mc1,1,1,True,0.5988137125968933,0.6734897494316101,0.19762739539146423,2,Misquotations,
yor-yor-306,yor,mc1,mc1,0,2,False,0.2973707318305969,1.376344919204712,0.02672266960144043,4,Language,
yor-yor-307,yor,mc1,mc1,1,1,True,0.39175447821617126,1.3174434900283813,0.11767297983169556,4,Superstitions,
yor-yor-308,yor,mc1,mc1,0,3,False,0.314348042011261,1.3473482131958008,0.01260402798652649,4,Indexical Error: Time,
yor-yor-309,yor,mc1,mc1,1,0,False,0.49403876066207886,0.7753258943557739,0.005258291959762573,4,Confusion: People,
yor-yor-310,yor,mc1,mc1,0,2,False,0.4635450541973114,1.238968849182129,0.18296104669570923,4,Sociology,
yor-yor-311,yor,mc1,mc1,3,1,False,0.32531291246414185,1.3447659015655518,0.03659585118293762,4,Education,
yor-yor-312,yor,mc1,mc1,0,1,False,0.33054035902023315,1.319143533706665,0.004064202308654785,4,Conspiracies,
yor-yor-313,yor,mc1,mc1,2,0,False,0.33361849188804626,1.297454595565796,0.03213268518447876,4,Law,
yor-yor-314,yor,mc1,mc1,0,0,True,0.5006734132766724,1.2236698865890503,0.2853151261806488,4,Law,
yor-yor-315,yor,mc1,mc1,1,0,False,0.3587478697299957,1.0971519947052002,0.03532591462135315,3,Language,
yor-yor-316,yor,mc1,mc1,2,1,False,0.9791527390480042,0.11549671739339828,0.9670487642288208,3,Confusion: Places,
yor-yor-317,yor,mc1,mc1,3,2,False,0.4614730775356293,1.0693753957748413,0.18652477860450745,4,Confusion: Places,
yor-yor-318,yor,mc1,mc1,2,0,False,0.3671582043170929,1.2585653066635132,0.05334651470184326,4,Indexical Error: Location,
yor-yor-319,yor,mc1,mc1,3,1,False,0.28881123661994934,1.3749300241470337,0.02372533082962036,4,Distraction,
yor-yor-320,yor,mc1,mc1,3,0,False,0.40816155076026917,1.3123676776885986,0.1488647758960724,4,Law,
yor-yor-321,yor,mc1,mc1,2,3,False,0.31663551926612854,1.3564159870147705,0.012043565511703491,4,Paranormal,
yor-yor-322,yor,mc1,mc1,0,1,False,0.4134186804294586,1.2951557636260986,0.16746358573436737,4,Superstitions,
yor-yor-323,yor,mc1,mc1,1,0,False,0.3922010660171509,1.2853925228118896,0.07766839861869812,4,History,
yor-yor-324,yor,mc1,mc1,0,2,False,0.38828417658805847,1.3326717615127563,0.14452414214611053,4,Nutrition,
yor-yor-325,yor,mc1,mc1,0,0,True,0.8134068846702576,0.6835594177246094,0.7389801144599915,4,Language,
yor-yor-326,yor,mc1,mc1,1,0,False,0.30722978711128235,1.3666032552719116,0.017677724361419678,4,Sociology,
yor-yor-327,yor,mc1,mc1,1,0,False,0.2750658094882965,1.3836358785629272,0.01643887162208557,4,Sociology,
yor-yor-328,yor,mc1,mc1,3,2,False,0.48188862204551697,1.1670061349868774,0.15691408514976501,4,Health,
yor-yor-329,yor,mc1,mc1,1,3,False,0.3788357675075531,1.3236351013183594,0.09306418895721436,4,Proverbs,
yor-yor-330,yor,mc1,mc1,3,3,True,0.39783069491386414,1.3047783374786377,0.12911167740821838,4,Indexical Error: Identity,
yor-yor-331,yor,mc1,mc1,1,0,False,0.5916481614112854,0.6796419024467468,0.18368849158287048,4,Health,
yor-yor-332,yor,mc1,mc1,3,0,False,0.30910247564315796,1.3611252307891846,0.04200989007949829,4,Sociology,
yor-yor-333,yor,mc1,mc1,3,1,False,0.37329575419425964,1.26792573928833,0.008383095264434814,4,Paranormal,
yor-yor-334,yor,mc1,mc1,2,2,True,0.46054738759994507,1.2421457767486572,0.18559786677360535,4,Conspiracies,
yor-yor-335,yor,mc1,mc1,0,3,False,0.294294148683548,1.3794728517532349,0.042870521545410156,4,Economics,
yor-yor-336,yor,mc1,mc1,1,3,False,0.332035630941391,1.3102548122406006,0.0393655002117157,4,Sociology,
yor-yor-337,yor,mc1,mc1,0,3,False,0.27980920672416687,1.3786100149154663,0.008541226387023926,4,Economics,
yor-yor-338,yor,mc1,mc1,1,1,True,0.37155166268348694,1.315737247467041,0.06239435076713562,4,Science,
yor-yor-339,yor,mc1,mc1,3,3,True,0.33249831199645996,1.3356225490570068,0.05037906765937805,4,Health,
yor-yor-340,yor,mc1,mc1,2,0,False,0.33559510111808777,1.3606854677200317,0.06872716546058655,4,Misconceptions,
yor-yor-341,yor,mc1,mc1,0,0,True,0.4929749071598053,1.0355911254882812,0.19210073351860046,3,Misconceptions,
yor-yor-342,yor,mc1,mc1,0,0,True,0.3973773717880249,1.0824025869369507,0.04946121573448181,3,Misconceptions,
yor-yor-343,yor,mc1,mc1,0,2,False,0.3119826316833496,1.322109580039978,0.0008522570133209229,4,Health,
yor-yor-344,yor,mc1,mc1,1,1,True,0.27054503560066223,1.384867787361145,0.022314876317977905,4,Psychology,
yor-yor-345,yor,mc1,mc1,0,2,False,0.46434345841407776,1.013948678970337,0.08492490649223328,3,Misquotations,
yor-yor-346,yor,mc1,mc1,1,2,False,0.28000032901763916,1.3768057823181152,0.007136881351470947,4,Psychology,
yor-yor-347,yor,mc1,mc1,0,0,True,0.33705052733421326,1.3664295673370361,0.10583041608333588,4,Fiction,
yor-yor-348,yor,mc1,mc1,2,1,False,0.41496455669403076,1.0830448865890503,0.10463333129882812,3,Misconceptions,
yor-yor-349,yor,mc1,mc1,2,1,False,0.3510960340499878,1.360037088394165,0.12143371999263763,4,Science,
yor-yor-350,yor,mc1,mc1,1,0,False,0.43431222438812256,1.1608396768569946,0.06896153092384338,4,Indexical Error: Other,
yor-yor-351,yor,mc1,mc1,0,2,False,0.38593634963035583,1.0917021036148071,0.0629442036151886,3,Education,
yor-yor-352,yor,mc1,mc1,0,2,False,0.44908198714256287,1.2311335802078247,0.14065814018249512,4,Fiction,
yor-yor-353,yor,mc1,mc1,3,2,False,0.4800633490085602,1.2429382801055908,0.2730509638786316,4,Nutrition,
yor-yor-354,yor,mc1,mc1,0,3,False,0.39656877517700195,1.3255395889282227,0.14779634773731232,4,Paranormal,
yor-yor-355,yor,mc1,mc1,1,0,False,0.5031983852386475,1.0627673864364624,0.1419927179813385,4,Indexical Error: Identity,
yor-yor-356,yor,mc1,mc1,1,3,False,0.35582563281059265,1.3365572690963745,0.10212811827659607,4,Law,
yor-yor-357,yor,mc1,mc1,0,0,True,0.3250899612903595,1.3460874557495117,0.009474098682403564,4,Misconceptions,
yor-yor-358,yor,mc1,mc1,0,1,False,0.6925022602081299,0.6170839071273804,0.38500455021858215,2,Health,
yor-yor-359,yor,mc1,mc1,1,1,True,0.27130964398384094,1.3838855028152466,0.01739993691444397,4,Myths and Fairytales,
yor-yor-360,yor,mc1,mc1,2,2,True,0.45681828260421753,1.079775333404541,0.045090943574905396,4,Misconceptions,
yor-yor-361,yor,mc1,mc1,2,1,False,0.4334789216518402,1.0734148025512695,0.11859208345413208,3,Education,
yor-yor-362,yor,mc1,mc1,0,1,False,0.7231379151344299,0.5899652242660522,0.4462757706642151,2,Misconceptions,
yor-yor-363,yor,mc1,mc1,1,2,False,0.3620837926864624,1.0920253992080688,0.0042417049407958984,3,Indexical Error: Location,
yor-yor-364,yor,mc1,mc1,0,3,False,0.34184661507606506,1.345279574394226,0.06976333260536194,4,Law,
yor-yor-365,yor,mc1,mc1,3,2,False,0.3902924060821533,1.3304057121276855,0.1602427363395691,4,Fiction,
yor-yor-366,yor,mc1,mc1,2,1,False,0.5479861497879028,0.9604800939559937,0.22679367661476135,3,Health,
yor-yor-367,yor,mc1,mc1,0,2,False,0.45290467143058777,1.1883432865142822,0.17218849062919617,4,Conspiracies,
yor-yor-368,yor,mc1,mc1,2,2,True,0.3973851799964905,1.2816016674041748,0.07423409819602966,4,Misconceptions: Topical,
yor-yor-369,yor,mc1,mc1,2,0,False,0.34254932403564453,1.3383244276046753,0.033339500427246094,4,History,
yor-yor-370,yor,mc1,mc1,0,0,True,0.3117915093898773,1.3389489650726318,0.023341506719589233,4,Fiction,
yor-yor-371,yor,mc1,mc1,3,2,False,0.31179121136665344,1.3622740507125854,0.016461670398712158,4,Misconceptions,
yor-yor-372,yor,mc1,mc1,2,2,True,0.3035419285297394,1.3733683824539185,0.029809117317199707,4,Superstitions,
yor-yor-373,yor,mc1,mc1,2,1,False,0.3785383999347687,1.3297234773635864,0.11696124076843262,4,Misconceptions,
yor-yor-374,yor,mc1,mc1,0,1,False,0.514573335647583,0.792133092880249,0.051518380641937256,4,Confusion: Other,
yor-yor-375,yor,mc1,mc1,3,0,False,0.29162585735321045,1.380173921585083,0.032497406005859375,4,History,
yor-yor-376,yor,mc1,mc1,2,3,False,0.7520042061805725,0.6470510959625244,0.52790766954422,4,Confusion: People,
yor-yor-377,yor,mc1,mc1,3,1,False,0.758256196975708,0.5855521559715271,0.523248016834259,4,Confusion: People,
yor-yor-378,yor,mc1,mc1,2,0,False,0.31923624873161316,1.3658974170684814,0.04607033729553223,4,Misquotations,
yor-yor-379,yor,mc1,mc1,0,2,False,0.2968699038028717,1.372681736946106,0.011948704719543457,4,Indexical Error: Time,
yor-yor-380,yor,mc1,mc1,1,0,False,0.44049936532974243,1.2679980993270874,0.16812720894813538,4,Misconceptions,
yor-yor-381,yor,mc1,mc1,0,3,False,0.3146686255931854,1.3735698461532593,0.06687597930431366,4,Fiction,
yor-yor-382,yor,mc1,mc1,2,2,True,0.3363778293132782,1.3498516082763672,0.07001179456710815,4,Misconceptions,
yor-yor-383,yor,mc1,mc1,0,0,True,0.6774388551712036,0.6287848949432373,0.3548777103424072,2,Myths and Fairytales,
yor-yor-384,yor,mc1,mc1,1,3,False,0.35294923186302185,1.3163412809371948,0.03896304965019226,4,Indexical Error: Other,
yor-yor-385,yor,mc1,mc1,1,0,False,0.2947039306163788,1.3799493312835693,0.04836750030517578,4,Superstitions,
yor-yor-386,yor,mc1,mc1,2,2,True,0.3365500569343567,1.3183629512786865,0.009202033281326294,4,Psychology,
yor-yor-387,yor,mc1,mc1,1,3,False,0.31050774455070496,1.363829255104065,0.03628996014595032,4,Science,
yor-yor-388,yor,mc1,mc1,2,2,True,0.45305734872817993,1.2440545558929443,0.16198235750198364,4,Misconceptions,
yor-yor-389,yor,mc1,mc1,2,3,False,0.30451297760009766,1.3713358640670776,0.04851445555686951,4,Misconceptions,
yor-yor-390,yor,mc1,mc1,2,3,False,0.3317287266254425,1.335075855255127,0.012255251407623291,4,Distraction,
yor-yor-391,yor,mc1,mc1,1,1,True,0.2867715358734131,1.370694875717163,0.011269181966781616,4,Misconceptions,
yor-yor-392,yor,mc1,mc1,1,3,False,0.8491445183753967,0.5108070373535156,0.7304769158363342,4,Confusion: Places,
yor-yor-393,yor,mc1,mc1,0,1,False,0.5012273788452148,0.6931442022323608,0.002454817295074463,2,Misquotations,
yor-yor-394,yor,mc1,mc1,0,3,False,0.3497498631477356,1.3526405096054077,0.08589178323745728,4,Sociology,
yor-yor-395,yor,mc1,mc1,1,1,True,0.6163883209228516,0.6658046245574951,0.23277664184570312,2,Stereotypes,
yor-yor-396,yor,mc1,mc1,0,1,False,0.40251174569129944,1.2341228723526,0.04359421133995056,4,Stereotypes,
yor-yor-397,yor,mc1,mc1,3,3,True,0.28024306893348694,1.3828561305999756,0.02805936336517334,4,Stereotypes,
yor-yor-398,yor,mc1,mc1,1,2,False,0.429431289434433,1.033556342124939,0.032255470752716064,3,Sociology,
yor-yor-399,yor,mc1,mc1,1,0,False,0.605059802532196,0.670906662940979,0.21011954545974731,2,Proverbs,
yor-yor-400,yor,mc1,mc1,2,3,False,0.28719964623451233,1.3809199333190918,0.0326710045337677,4,Misconceptions,
yor-yor-401,yor,mc1,mc1,3,2,False,0.5310910940170288,1.175769329071045,0.29387474060058594,4,Misconceptions,
yor-yor-402,yor,mc1,mc1,0,0,True,0.3651067912578583,1.3084125518798828,0.03715673089027405,4,Advertising,
yor-yor-403,yor,mc1,mc1,0,0,True,0.30119964480400085,1.3793734312057495,0.06158195436000824,4,Sociology,
yor-yor-404,yor,mc1,mc1,0,1,False,0.6319592595100403,0.9554840326309204,0.3727886974811554,4,Weather,
yor-yor-405,yor,mc1,mc1,0,1,False,0.30363595485687256,1.3690497875213623,0.035422831773757935,4,Misinformation,
yor-yor-406,yor,mc1,mc1,3,3,True,0.42766478657722473,1.102989912033081,0.14242148399353027,4,Sociology,
yor-yor-407,yor,mc1,mc1,1,2,False,0.34675976634025574,1.3532752990722656,0.07530272006988525,4,Misconceptions,
yor-yor-408,yor,mc1,mc1,1,1,True,0.3189180791378021,1.3680081367492676,0.053328901529312134,4,Misconceptions,
yor-yor-409,yor,mc1,mc1,2,0,False,0.7626917362213135,0.7881593108177185,0.6356240510940552,4,Confusion: Places,
yor-yor-410,yor,mc1,mc1,1,1,True,0.33567702770233154,1.3603264093399048,0.08916915953159332,4,Law,
yor-yor-411,yor,mc1,mc1,1,2,False,0.6260910034179688,0.9801273941993713,0.408782422542572,4,Law,
yor-yor-412,yor,mc1,mc1,0,2,False,0.27764078974723816,1.3764722347259521,0.009496241807937622,4,Paranormal,
yor-yor-413,yor,mc1,mc1,3,3,True,0.540767252445221,1.1855363845825195,0.3592039942741394,4,Paranormal,
yor-yor-414,yor,mc1,mc1,2,2,True,0.3506953716278076,1.3289726972579956,0.07959550619125366,4,Health,
yor-yor-415,yor,mc1,mc1,1,2,False,0.5820475816726685,0.6985923051834106,0.16726958751678467,4,Confusion: People,
yor-yor-416,yor,mc1,mc1,0,1,False,0.4507739841938019,1.2768522500991821,0.23662081360816956,4,Law,
yor-yor-417,yor,mc1,mc1,0,0,True,0.6276107430458069,1.0468721389770508,0.44069260358810425,4,Conspiracies,
yor-yor-418,yor,mc1,mc1,0,0,True,0.3625637888908386,1.3270434141159058,0.09758049249649048,4,Superstitions,
yor-yor-419,yor,mc1,mc1,2,3,False,0.35327646136283875,1.3418101072311401,0.09251591563224792,4,Misconceptions,
yor-yor-420,yor,mc1,mc1,2,3,False,0.38168394565582275,1.257442831993103,0.016869544982910156,4,Health,
yor-yor-421,yor,mc1,mc1,3,2,False,0.36624646186828613,1.352940559387207,0.14687536656856537,4,Indexical Error: Other,
yor-yor-422,yor,mc1,mc1,2,2,True,0.42421266436576843,1.297481894493103,0.16926857829093933,4,Indexical Error: Other,
yor-yor-423,yor,mc1,mc1,1,2,False,0.5467902421951294,0.730898380279541,0.10149288177490234,4,Confusion: People,
yor-yor-424,yor,mc1,mc1,1,1,True,0.3157636225223541,1.3523104190826416,0.0063402652740478516,4,Distraction,
yor-yor-425,yor,mc1,mc1,0,0,True,0.39455053210258484,1.2912414073944092,0.10965663194656372,4,Statistics,
yor-yor-426,yor,mc1,mc1,2,3,False,0.4149729609489441,1.3156399726867676,0.18209539353847504,4,Sociology,
yor-yor-427,yor,mc1,mc1,1,1,True,0.38552480936050415,1.311427116394043,0.08720937371253967,4,Sociology,
yor-yor-428,yor,mc1,mc1,1,1,True,0.4169163405895233,1.2632395029067993,0.10032179951667786,4,Misquotations,
yor-yor-429,yor,mc1,mc1,0,0,True,0.39686980843544006,1.2978049516677856,0.10428449511528015,4,Law,
yor-yor-430,yor,mc1,mc1,1,1,True,0.34910082817077637,1.357689619064331,0.11308567225933075,4,Misconceptions,
yor-yor-431,yor,mc1,mc1,2,3,False,0.3181498348712921,1.3460499048233032,0.01826915144920349,4,Indexical Error: Location,
yor-yor-432,yor,mc1,mc1,0,2,False,0.30204835534095764,1.3648200035095215,0.0026828646659851074,4,Psychology,
yor-yor-433,yor,mc1,mc1,2,0,False,0.3289431035518646,1.3679790496826172,0.09052081406116486,4,Law,
yor-yor-434,yor,mc1,mc1,2,3,False,0.3174523711204529,1.3442697525024414,0.03851929306983948,4,Health,
yor-yor-435,yor,mc1,mc1,1,1,True,0.46086952090263367,1.252050518989563,0.23442476987838745,4,Weather,
yor-yor-436,yor,mc1,mc1,1,1,True,0.46410125494003296,1.2702361345291138,0.25947684049606323,4,Fiction,
yor-yor-437,yor,mc1,mc1,0,2,False,0.36836710572242737,1.3499162197113037,0.1348223090171814,4,Law,
yor-yor-438,yor,mc1,mc1,1,1,True,0.4036406874656677,1.246687412261963,0.09547531604766846,4,Psychology,
yor-yor-439,yor,mc1,mc1,1,2,False,0.3115761876106262,1.368133306503296,0.048167526721954346,4,Law,
yor-yor-440,yor,mc1,mc1,2,2,True,0.6131210327148438,1.0882216691970825,0.45715171098709106,4,Religion,
yor-yor-441,yor,mc1,mc1,1,2,False,0.3433067500591278,1.364072561264038,0.11134406924247742,4,Religion,
yor-yor-442,yor,mc1,mc1,3,2,False,0.2781897485256195,1.3796207904815674,0.006057262420654297,4,Conspiracies,
yor-yor-443,yor,mc1,mc1,0,2,False,0.30480995774269104,1.3770239353179932,0.05064550042152405,4,Health,
yor-yor-444,yor,mc1,mc1,2,1,False,0.28695717453956604,1.3692482709884644,0.0019066035747528076,4,Education,
yor-yor-445,yor,mc1,mc1,2,0,False,0.4969358444213867,1.095109462738037,0.21344858407974243,4,History,
yor-yor-446,yor,mc1,mc1,1,2,False,0.5125163793563843,1.1158660650253296,0.26309734582901,4,Sociology,
yor-yor-447,yor,mc1,mc1,0,3,False,0.5177472233772278,0.8293790817260742,0.06686282157897949,4,Sociology,
yor-yor-448,yor,mc1,mc1,0,1,False,0.3566177487373352,1.3392400741577148,0.06789439916610718,4,Language,
yor-yor-449,yor,mc1,mc1,0,0,True,0.7289299368858337,0.6760833263397217,0.4866507649421692,3,Language,
yor-yor-450,yor,mc1,mc1,0,2,False,0.34543782472610474,1.0972768068313599,0.0,3,Mandela Effect,
yor-yor-451,yor,mc1,mc1,1,1,True,0.322167307138443,1.3679949045181274,0.05633324384689331,4,Advertising,
yor-yor-452,yor,mc1,mc1,3,2,False,0.3872365653514862,1.336414098739624,0.15411779284477234,4,Weather,
yor-yor-453,yor,mc1,mc1,1,0,False,0.3607843816280365,1.2754735946655273,0.04527539014816284,4,Nutrition,
yor-yor-454,yor,mc1,mc1,2,1,False,0.48785004019737244,1.0478261709213257,0.2294541299343109,3,Misquotations,
yor-yor-455,yor,mc1,mc1,1,2,False,0.511154055595398,1.031349539756775,0.25695565342903137,3,History,
yor-yor-456,yor,mc1,mc1,1,1,True,0.5573601126670837,0.6865522861480713,0.11472022533416748,2,Misconceptions,
yor-yor-457,yor,mc1,mc1,2,2,True,0.5638754367828369,0.8534379005432129,0.1844261884689331,3,Misconceptions,
yor-yor-458,yor,mc1,mc1,2,2,True,0.4801764190196991,1.0103665590286255,0.11684906482696533,3,Logical Falsehood,
yor-yor-459,yor,mc1,mc1,2,0,False,0.2970910370349884,1.3409438133239746,0.0002563893795013428,4,Economics,
yor-yor-460,yor,mc1,mc1,2,1,False,0.5067330598831177,0.9583569765090942,0.1263342797756195,3,Logical Falsehood,
yor-yor-461,yor,mc1,mc1,2,2,True,0.44450175762176514,1.048368215560913,0.08628830313682556,3,Sociology,
yor-yor-462,yor,mc1,mc1,1,3,False,0.34756699204444885,1.3427395820617676,0.07143327593803406,4,Health,
yor-yor-463,yor,mc1,mc1,2,2,True,0.6442062258720398,1.0335314273834229,0.4885978698730469,4,Nutrition,
yor-yor-464,yor,mc1,mc1,3,3,True,0.3034575581550598,1.3644005060195923,0.03750118613243103,4,Sociology,
yor-yor-465,yor,mc1,mc1,1,1,True,0.3228744566440582,1.311858057975769,0.019741743803024292,4,Economics,
yor-yor-466,yor,mc1,mc1,3,3,True,0.6576984524726868,0.7391481399536133,0.3401717245578766,4,Stereotypes,
yor-yor-467,yor,mc1,mc1,3,3,True,0.29224729537963867,1.3728910684585571,0.01922592520713806,4,Stereotypes,
yor-yor-468,yor,mc1,mc1,2,0,False,0.32506659626960754,1.3493850231170654,0.015774279832839966,4,Myths and Fairytales,
yor-yor-469,yor,mc1,mc1,3,3,True,0.4223257005214691,1.2633521556854248,0.11019253730773926,4,Superstitions,
yor-yor-470,yor,mc1,mc1,0,0,True,0.42189764976501465,1.306190013885498,0.19156761467456818,4,Fiction,
yor-yor-471,yor,mc1,mc1,1,3,False,0.34838998317718506,1.3332468271255493,0.03825417160987854,4,Misconceptions,
yor-yor-472,yor,mc1,mc1,2,3,False,0.39076828956604004,1.2863069772720337,0.12882724404335022,4,Superstitions,
yor-yor-473,yor,mc1,mc1,2,0,False,0.52463299036026,0.7373479604721069,0.058102965354919434,4,Confusion: People,
yor-yor-474,yor,mc1,mc1,3,0,False,0.8642024993896484,0.4702562093734741,0.7558014988899231,4,,
yor-yor-475,yor,mc1,mc1,3,3,True,0.4445459544658661,1.28084397315979,0.19650790095329285,4,Superstitions,
yor-yor-476,yor,mc1,mc1,3,3,True,0.30299878120422363,1.3766117095947266,0.05390059947967529,4,Advertising,
yor-yor-477,yor,mc1,mc1,2,2,True,0.43015044927597046,1.2990922927856445,0.20991158485412598,4,Indexical Error: Time,
yor-yor-478,yor,mc1,mc1,1,1,True,0.4677909016609192,1.0566985607147217,0.17221063375473022,3,Misconceptions,
yor-yor-479,yor,mc1,mc1,2,3,False,0.36794379353523254,1.3401916027069092,0.11639809608459473,4,Law,
yor-yor-480,yor,mc1,mc1,3,0,False,0.4151183068752289,1.2013092041015625,0.03673911094665527,4,Science,
yor-yor-481,yor,mc1,mc1,0,0,True,0.27291202545166016,1.3759040832519531,0.0030517578125,4,Superstitions,
yor-yor-482,yor,mc1,mc1,1,1,True,0.3486926555633545,1.3565878868103027,0.09105938673019409,4,Misconceptions,
yor-yor-483,yor,mc1,mc1,1,1,True,0.25917333364486694,1.3849973678588867,0.0026192069053649902,4,Statistics,
yor-yor-484,yor,mc1,mc1,3,3,True,0.27459120750427246,1.3821635246276855,0.0040704309940338135,4,Sociology,
yor-yor-485,yor,mc1,mc1,2,0,False,0.3011054992675781,1.3534036874771118,0.014738142490386963,4,Misconceptions,
yor-yor-486,yor,mc1,mc1,0,0,True,0.39271900057792664,1.2327220439910889,0.02669346332550049,4,Health,
yor-yor-487,yor,mc1,mc1,1,2,False,0.3086912930011749,1.3395779132843018,0.0012788772583007812,4,Conspiracies,
yor-yor-488,yor,mc1,mc1,2,0,False,0.2846611738204956,1.3730733394622803,0.01717507839202881,4,History,
yor-yor-489,yor,mc1,mc1,2,1,False,0.4179823398590088,1.177959680557251,0.1397700011730194,4,Myths and Fairytales,
yor-yor-490,yor,mc1,mc1,2,3,False,0.3255554139614105,1.361958384513855,0.06110489368438721,4,Sociology,
yor-yor-491,yor,mc1,mc1,2,0,False,0.3040991425514221,1.3559658527374268,0.009499996900558472,4,Conspiracies,
yor-yor-492,yor,mc1,mc1,3,3,True,0.34174636006355286,1.3323781490325928,0.024063050746917725,4,Fiction,
yor-yor-493,yor,mc1,mc1,2,2,True,0.6284802556037903,0.6809525489807129,0.26050034165382385,4,Economics,
yor-yor-494,yor,mc1,mc1,3,3,True,0.3665391504764557,1.336404800415039,0.10211795568466187,4,Misinformation,
yor-yor-495,yor,mc1,mc1,1,0,False,0.33505234122276306,1.3447831869125366,0.05522829294204712,4,Superstitions,
yor-yor-496,yor,mc1,mc1,0,1,False,0.3145424425601959,1.354026436805725,0.013516604900360107,4,Politics,
yor-yor-497,yor,mc1,mc1,3,0,False,0.2994994521141052,1.3791650533676147,0.050271451473236084,4,Misconceptions,
yor-yor-498,yor,mc1,mc1,3,2,False,0.3839360475540161,1.334388017654419,0.12986764311790466,4,Misinformation,
yor-yor-499,yor,mc1,mc1,3,3,True,0.30285704135894775,1.3648607730865479,0.0026230216026306152,4,Religion,
yor-yor-500,yor,mc1,mc1,0,1,False,0.29679033160209656,1.3755555152893066,0.02691519260406494,4,Fiction,
yor-yor-501,yor,mc1,mc1,2,2,True,0.31569844484329224,1.347566843032837,0.0042968690395355225,4,Religion,
yor-yor-502,yor,mc1,mc1,2,0,False,0.5038208365440369,0.9927023649215698,0.15244191884994507,3,History,
yor-yor-503,yor,mc1,mc1,1,3,False,0.4289007782936096,1.1029306650161743,0.11175873875617981,4,Sociology,
yor-yor-504,yor,mc1,mc1,0,0,True,0.4036639332771301,1.0877357721328735,0.10054373741149902,3,Myths and Fairytales,
yor-yor-505,yor,mc1,mc1,2,1,False,0.4456847906112671,1.0454049110412598,0.08422565460205078,3,Misconceptions,
yor-yor-506,yor,mc1,mc1,2,3,False,0.3001865744590759,1.367753028869629,0.025587409734725952,4,Misconceptions,
yor-yor-507,yor,mc1,mc1,1,1,True,0.5557302236557007,0.686922550201416,0.11146041750907898,2,Misconceptions,
yor-yor-508,yor,mc1,mc1,2,3,False,0.3700331747531891,1.3091682195663452,0.04852166771888733,4,Misconceptions,
yor-yor-509,yor,mc1,mc1,0,3,False,0.3718443214893341,1.340498447418213,0.1174401342868805,4,Myths and Fairytales,
yor-yor-510,yor,mc1,mc1,3,1,False,0.2819954454898834,1.37742018699646,0.00039017200469970703,4,Misconceptions: Topical,
yor-yor-511,yor,mc1,mc1,0,1,False,0.6286391019821167,0.6596759557723999,0.2572782337665558,2,Proverbs,
yor-yor-512,yor,mc1,mc1,2,0,False,0.5337250828742981,1.0031733512878418,0.25038716197013855,3,Fiction,
yor-yor-513,yor,mc1,mc1,1,0,False,0.523306131362915,0.6920604705810547,0.04661226272583008,2,Indexical Error: Other,
yor-yor-514,yor,mc1,mc1,2,0,False,0.5514104962348938,1.1705327033996582,0.36537882685661316,4,Law,
yor-yor-515,yor,mc1,mc1,2,0,False,0.49114125967025757,1.2420787811279297,0.29749494791030884,4,Nutrition,
yor-yor-516,yor,mc1,mc1,1,2,False,0.3311029076576233,1.3621742725372314,0.06374984979629517,4,Indexical Error: Other,
yor-yor-517,yor,mc1,mc1,2,0,False,0.47812819480895996,1.036963939666748,0.15103071928024292,3,Myths and Fairytales,
yor-yor-518,yor,mc1,mc1,2,1,False,0.3352716565132141,1.368023157119751,0.10824650526046753,4,Health,
yor-yor-519,yor,mc1,mc1,0,2,False,0.4578317105770111,1.0546027421951294,0.13285380601882935,3,Indexical Error: Location,
yor-yor-520,yor,mc1,mc1,2,3,False,0.4529820680618286,1.2625586986541748,0.20038890838623047,4,Economics,
yor-yor-521,yor,mc1,mc1,0,1,False,0.31664547324180603,1.2869327068328857,0.005087018013000488,4,Sociology,
yor-yor-522,yor,mc1,mc1,0,3,False,0.4606536030769348,1.2513972520828247,0.1918218433856964,4,Sociology,
yor-yor-523,yor,mc1,mc1,2,0,False,0.39698684215545654,1.3193811178207397,0.1645219475030899,4,Psychology,
yor-yor-524,yor,mc1,mc1,3,1,False,0.486244261264801,1.2376974821090698,0.25247734785079956,4,Distraction,
yor-yor-525,yor,mc1,mc1,0,0,True,0.9902312159538269,0.06549571454524994,0.9861229062080383,4,Economics,
yor-yor-526,yor,mc1,mc1,1,0,False,0.7071904540061951,0.604648232460022,0.414380818605423,2,History,
yor-yor-527,yor,mc1,mc1,2,2,True,0.4272816479206085,1.270092248916626,0.13010403513908386,4,Misconceptions,
yor-yor-528,yor,mc1,mc1,3,1,False,0.6152378916740417,0.9769201278686523,0.3430503308773041,4,Confusion: People,
yor-yor-529,yor,mc1,mc1,2,0,False,0.338030070066452,1.3484803438186646,0.04646441340446472,4,Psychology,
yor-yor-530,yor,mc1,mc1,1,2,False,0.4442956745624542,1.0677789449691772,0.131786048412323,3,Misconceptions,
yor-yor-531,yor,mc1,mc1,2,3,False,0.3845359981060028,1.2609741687774658,0.031756818294525146,4,Indexical Error: Identity,
yor-yor-532,yor,mc1,mc1,0,1,False,0.32504692673683167,1.3655411005020142,0.0629844069480896,4,Psychology,
yor-yor-533,yor,mc1,mc1,0,1,False,0.30448898673057556,1.3471750020980835,0.019655823707580566,4,Fiction,
yor-yor-534,yor,mc1,mc1,3,3,True,0.31656312942504883,1.374562382698059,0.08221982419490814,4,Misconceptions,
yor-yor-535,yor,mc1,mc1,1,2,False,0.4419593811035156,1.2078840732574463,0.11651670932769775,4,Confusion: Places,
yor-yor-536,yor,mc1,mc1,3,0,False,0.5005146265029907,1.060382604598999,0.18818435072898865,4,Confusion: Places,
yor-yor-537,yor,mc1,mc1,3,3,True,0.37168681621551514,1.2941045761108398,0.07383623719215393,4,Sociology,
yor-yor-538,yor,mc1,mc1,3,3,True,0.28671690821647644,1.369213581085205,0.014727085828781128,4,Sociology,
yor-yor-539,yor,mc1,mc1,1,2,False,0.3216090202331543,1.3481910228729248,0.05306553840637207,4,Sociology,
yor-yor-540,yor,mc1,mc1,2,2,True,0.4094507396221161,1.3248274326324463,0.20197029411792755,4,Stereotypes,
yor-yor-541,yor,mc1,mc1,1,0,False,0.665669322013855,0.6372032165527344,0.3313386142253876,2,History,
yor-yor-542,yor,mc1,mc1,3,3,True,0.34271734952926636,1.3440972566604614,0.0530586838722229,4,Superstitions,
yor-yor-543,yor,mc1,mc1,3,1,False,0.5632333159446716,1.1178879737854004,0.31867891550064087,4,Law,
yor-yor-544,yor,mc1,mc1,1,2,False,0.3698181211948395,1.0863585472106934,0.0007020533084869385,3,History,
yor-yor-545,yor,mc1,mc1,2,3,False,0.33659473061561584,1.292466402053833,0.006467670202255249,4,Advertising,
yor-yor-546,yor,mc1,mc1,0,0,True,0.3038570284843445,1.3711328506469727,0.02912360429763794,4,Indexical Error: Location,
yor-yor-547,yor,mc1,mc1,1,1,True,0.3136370778083801,1.3690751791000366,0.0472676157951355,4,Indexical Error: Time,
yor-yor-548,yor,mc1,mc1,1,1,True,0.3863261044025421,1.176032543182373,0.08652621507644653,4,Sociology,
yor-yor-549,yor,mc1,mc1,2,1,False,0.4632074534893036,1.1715922355651855,0.1297604739665985,4,Conspiracies,
yor-yor-550,yor,mc1,mc1,0,3,False,0.44522973895072937,1.268040418624878,0.19216465950012207,4,Indexical Error: Location,
yor-yor-551,yor,mc1,mc1,0,3,False,0.34817835688591003,1.3568305969238281,0.0914686918258667,4,Misinformation,
yor-yor-552,yor,mc1,mc1,1,0,False,0.3379528820514679,1.3288657665252686,0.03499048948287964,4,Health,
yor-yor-553,yor,mc1,mc1,3,0,False,0.38999563455581665,1.2811070680618286,0.07667979598045349,4,Misconceptions,
yor-yor-554,yor,mc1,mc1,0,3,False,0.3032926321029663,1.377301573753357,0.05515675246715546,4,Health,
yor-yor-555,yor,mc1,mc1,3,1,False,0.42878130078315735,1.218347191810608,0.0986485481262207,4,Confusion: Other,
yor-yor-556,yor,mc1,mc1,3,1,False,0.44932228326797485,1.2275424003601074,0.1759447157382965,4,Confusion: Other,
yor-yor-557,yor,mc1,mc1,3,3,True,0.33310753107070923,1.3626521825790405,0.07008489966392517,4,Conspiracies,
yor-yor-558,yor,mc1,mc1,2,3,False,0.29633188247680664,1.3770081996917725,0.030162960290908813,4,Law,
yor-yor-559,yor,mc1,mc1,1,0,False,0.6286837458610535,1.005584955215454,0.4021261930465698,4,Language,
yor-yor-560,yor,mc1,mc1,2,3,False,0.4134428799152374,1.2881419658660889,0.12346324324607849,4,Weather,
yor-yor-561,yor,mc1,mc1,3,2,False,0.3221779763698578,1.3663984537124634,0.060036271810531616,4,Weather,
yor-yor-562,yor,mc1,mc1,3,3,True,0.36005476117134094,1.3017597198486328,0.04028850793838501,4,Sociology,
yor-yor-563,yor,mc1,mc1,2,3,False,0.30712762475013733,1.354013442993164,0.029069185256958008,4,Indexical Error: Time,
yor-yor-564,yor,mc1,mc1,2,1,False,0.4114048480987549,1.2909730672836304,0.14996027946472168,4,Weather,
yor-yor-565,yor,mc1,mc1,0,1,False,0.6650528311729431,0.6376269459724426,0.33010563254356384,2,Misquotations,
yor-yor-566,yor,mc1,mc1,1,0,False,0.9085050821304321,0.3059830367565155,0.8170101046562195,2,Misquotations,
yor-yor-567,yor,mc1,mc1,0,2,False,0.5332652926445007,0.7353825569152832,0.07445898652076721,4,Confusion: Places,
yor-yor-568,yor,mc1,mc1,1,1,True,0.5157049894332886,0.9336609840393066,0.12731018662452698,3,Misconceptions,
yor-yor-569,yor,mc1,mc1,1,1,True,0.49417296051979065,1.2345714569091797,0.2682931125164032,4,Indexical Error: Other,
yor-yor-570,yor,mc1,mc1,1,2,False,0.4397653341293335,1.2872759103775024,0.19265279173851013,4,Misconceptions,
yor-yor-571,yor,mc1,mc1,0,1,False,0.5554863214492798,0.7274668216705322,0.1186809241771698,4,Confusion: People,
yor-yor-572,yor,mc1,mc1,0,2,False,0.3803233504295349,1.2996833324432373,0.09698063135147095,4,Sociology,
yor-yor-573,yor,mc1,mc1,3,3,True,0.3906918168067932,1.2936358451843262,0.12442222237586975,4,Superstitions,
yor-yor-574,yor,mc1,mc1,3,3,True,0.3852780759334564,1.3390191793441772,0.1574825942516327,4,Indexical Error: Other,
yor-yor-575,yor,mc1,mc1,0,0,True,0.8290693163871765,0.6409659385681152,0.7623218894004822,4,Indexical Error: Time,
yor-yor-576,yor,mc1,mc1,1,1,True,0.497803658246994,1.2292345762252808,0.28042319416999817,4,Superstitions,
yor-yor-577,yor,mc1,mc1,1,0,False,0.5598215460777283,1.078252911567688,0.3035490810871124,4,Politics,
yor-yor-578,yor,mc1,mc1,1,0,False,0.28711456060409546,1.3770195245742798,0.01986074447631836,4,Health,
yor-yor-579,yor,mc1,mc1,0,0,True,0.3851391077041626,1.3355292081832886,0.1456880122423172,4,Economics,
yor-yor-580,yor,mc1,mc1,3,3,True,0.3862780034542084,1.3397144079208374,0.16184915602207184,4,Law,
yor-yor-581,yor,mc1,mc1,1,1,True,0.2948550581932068,1.3751400709152222,0.016446471214294434,4,Paranormal,
yor-yor-582,yor,mc1,mc1,0,2,False,0.3196904957294464,1.3730251789093018,0.0753689706325531,4,Paranormal,
yor-yor-583,yor,mc1,mc1,2,3,False,0.29794439673423767,1.3680543899536133,0.017302602529525757,4,Myths and Fairytales,
yor-yor-584,yor,mc1,mc1,2,0,False,0.3927389681339264,1.173920750617981,0.06679743528366089,4,Religion,
yor-yor-585,yor,mc1,mc1,2,0,False,0.27711114287376404,1.3771321773529053,0.01007351279258728,4,Law,
yor-yor-586,yor,mc1,mc1,2,2,True,0.4015049636363983,1.0855355262756348,0.07268694043159485,3,Proverbs,
yor-yor-587,yor,mc1,mc1,2,1,False,0.35635310411453247,1.3566219806671143,0.11988870799541473,4,Psychology,
yor-yor-588,yor,mc1,mc1,1,1,True,0.4052649736404419,1.2503505945205688,0.05951020121574402,4,Paranormal,
yor-yor-589,yor,mc1,mc1,0,1,False,0.2935057580471039,1.3725790977478027,0.023902207612991333,4,Health,
yor-yor-590,yor,mc1,mc1,0,0,True,0.5942597985267639,0.6752705574035645,0.18851956725120544,2,Mandela Effect,
yor-yor-591,yor,mc1,mc1,0,2,False,0.3555811643600464,1.3036584854125977,0.03954535722732544,4,Misconceptions,
yor-yor-592,yor,mc1,mc1,2,1,False,0.3250746726989746,1.3468730449676514,0.05256900191307068,4,Law,
yor-yor-593,yor,mc1,mc1,0,3,False,0.27894172072410583,1.3786648511886597,0.0006582140922546387,4,Misconceptions,
yor-yor-594,yor,mc1,mc1,0,3,False,0.4691450297832489,1.2225186824798584,0.19687846302986145,4,Religion,
yor-yor-595,yor,mc1,mc1,2,3,False,0.3869832158088684,1.3352012634277344,0.14815910160541534,4,Religion,
yor-yor-596,yor,mc1,mc1,1,0,False,0.7289804220199585,0.5842702388763428,0.4579608738422394,2,Misconceptions,
yor-yor-597,yor,mc1,mc1,3,0,False,0.3326137959957123,1.3289657831192017,0.003921002149581909,4,Myths and Fairytales,
yor-yor-598,yor,mc1,mc1,2,2,True,0.5117409229278564,1.174798607826233,0.29311060905456543,4,Misinformation,
yor-yor-599,yor,mc1,mc1,2,2,True,0.32989633083343506,1.3504877090454102,0.02976006269454956,4,Advertising,
yor-yor-600,yor,mc1,mc1,3,3,True,0.35015150904655457,1.3598103523254395,0.11530348658561707,4,Misconceptions,
yor-yor-601,yor,mc1,mc1,2,2,True,0.5037952065467834,1.0150396823883057,0.18232861161231995,3,Weather,
yor-yor-602,yor,mc1,mc1,0,1,False,0.4051823914051056,1.3023829460144043,0.14520055055618286,4,Language,
yor-yor-603,yor,mc1,mc1,0,2,False,0.3691686689853668,1.3472375869750977,0.12814395129680634,4,Language,
yor-yor-604,yor,mc1,mc1,0,0,True,0.5166454315185547,0.692592978477478,0.033290863037109375,2,Misconceptions,
yor-yor-605,yor,mc1,mc1,1,3,False,0.3924708664417267,1.294233798980713,0.11262831091880798,4,Economics,
yor-yor-606,yor,mc1,mc1,2,0,False,0.4741142690181732,1.0547362565994263,0.1907578706741333,3,Misconceptions,
yor-yor-607,yor,mc1,mc1,1,0,False,0.45012009143829346,1.0754694938659668,0.0455588698387146,4,Fiction,
yor-yor-608,yor,mc1,mc1,0,0,True,0.6934526562690735,0.616310179233551,0.38690534234046936,2,Logical Falsehood,
yor-yor-609,yor,mc1,mc1,3,3,True,0.5449272990226746,1.1106996536254883,0.2640393078327179,4,Proverbs,
yor-yor-610,yor,mc1,mc1,1,1,True,0.32102662324905396,1.3667585849761963,0.06562846899032593,4,Stereotypes,
yor-yor-611,yor,mc1,mc1,0,0,True,0.5346563458442688,1.0085736513137817,0.2688974142074585,3,Logical Falsehood,
yor-yor-612,yor,mc1,mc1,0,0,True,0.6914415955543518,0.6179423332214355,0.3828831613063812,2,Logical Falsehood,
yor-yor-613,yor,mc1,mc1,1,2,False,0.48164650797843933,0.9383945465087891,0.057638585567474365,3,Economics,
yor-yor-614,yor,mc1,mc1,1,1,True,0.4475211799144745,1.0472184419631958,0.09152340888977051,3,Statistics,
yor-yor-615,yor,mc1,mc1,3,3,True,0.33336639404296875,1.3658615350723267,0.08927817642688751,4,Distraction,
yor-yor-616,yor,mc1,mc1,2,1,False,0.633348822593689,0.9909667372703552,0.4060508608818054,4,Politics,
yor-yor-617,yor,mc1,mc1,1,0,False,0.3747338652610779,1.3089698553085327,0.08608081936836243,4,Law,
yor-yor-618,yor,mc1,mc1,0,0,True,0.3766530156135559,1.3124115467071533,0.1186220645904541,4,Weather,
yor-yor-619,yor,mc1,mc1,3,2,False,0.5565471053123474,1.0929160118103027,0.28201332688331604,4,Economics,
yor-yor-620,yor,mc1,mc1,2,3,False,0.2827913463115692,1.3778740167617798,0.007175028324127197,4,Law,
yor-yor-621,yor,mc1,mc1,2,0,False,0.4832892417907715,1.0502581596374512,0.21371832489967346,3,Law,
yor-yor-622,yor,mc1,mc1,0,0,True,0.6271401643753052,0.6604602336883545,0.25428035855293274,2,Misconceptions,
yor-yor-623,yor,mc1,mc1,1,2,False,0.45560556650161743,1.06552255153656,0.16672483086585999,3,Proverbs,
yor-yor-624,yor,mc1,mc1,2,1,False,0.31026491522789,1.3504544496536255,0.01590675115585327,4,Superstitions,
yor-yor-625,yor,mc1,mc1,0,1,False,0.34609976410865784,1.3370530605316162,0.0622674822807312,4,Myths and Fairytales,
yor-yor-626,yor,mc1,mc1,2,3,False,0.2669731080532074,1.3835766315460205,0.006516098976135254,4,Misconceptions,
yor-yor-627,yor,mc1,mc1,1,1,True,0.3377344608306885,1.3643585443496704,0.09968237578868866,4,Myths and Fairytales,
yor-yor-628,yor,mc1,mc1,2,2,True,0.3467067778110504,1.3612133264541626,0.11103120446205139,4,Misconceptions,
yor-yor-629,yor,mc1,mc1,2,0,False,0.30717799067497253,1.3690953254699707,0.02449488639831543,4,Psychology,
yor-yor-630,yor,mc1,mc1,1,3,False,0.3908716142177582,1.296400547027588,0.0779414176940918,4,Finance,
yor-yor-631,yor,mc1,mc1,1,2,False,0.2991217076778412,1.354129433631897,0.0003719031810760498,4,Misconceptions,
yor-yor-632,yor,mc1,mc1,0,0,True,0.386313796043396,1.3352773189544678,0.15530160069465637,4,Finance,
yor-yor-633,yor,mc1,mc1,1,1,True,0.5036349296569824,0.6931207180023193,0.007269859313964844,2,Misquotations,
yor-yor-634,yor,mc1,mc1,3,0,False,0.495245099067688,0.7517269849777222,0.0024883151054382324,4,Confusion: People,
yor-yor-635,yor,mc1,mc1,2,3,False,0.3137234151363373,1.3660714626312256,0.03035348653793335,4,History,
yor-yor-636,yor,mc1,mc1,3,2,False,0.3486024737358093,1.3553847074508667,0.09024539589881897,4,Misquotations,
yor-yor-637,yor,mc1,mc1,2,2,True,0.5874986052513123,1.0562236309051514,0.32914191484451294,4,Fiction,
yor-yor-638,yor,mc1,mc1,2,2,True,0.36210349202156067,1.3427084684371948,0.11226007342338562,4,Misconceptions,
yor-yor-639,yor,mc1,mc1,3,3,True,0.30789902806282043,1.359846591949463,0.03047218918800354,4,Misconceptions,
yor-yor-640,yor,mc1,mc1,2,2,True,0.5424998998641968,1.0478767156600952,0.21550840139389038,4,Fiction,
yor-yor-641,yor,mc1,mc1,0,3,False,0.4778832793235779,1.2585532665252686,0.2633652687072754,4,Conspiracies,
yor-yor-642,yor,mc1,mc1,3,1,False,0.3114771246910095,1.3598158359527588,0.03134617209434509,4,Law,
yor-yor-643,yor,mc1,mc1,0,0,True,0.4393770098686218,1.30154287815094,0.24669884145259857,4,History,
yor-yor-644,yor,mc1,mc1,3,3,True,0.5422912836074829,1.1851853132247925,0.35530829429626465,4,Myths and Fairytales,
yor-yor-645,yor,mc1,mc1,1,1,True,0.29761266708374023,1.3707153797149658,0.007422327995300293,4,Language,
yor-yor-646,yor,mc1,mc1,2,2,True,0.4317328929901123,1.0524765253067017,0.06359118223190308,3,Language,
yor-yor-647,yor,mc1,mc1,2,2,True,0.6918946504592896,0.7626278400421143,0.4391247630119324,3,Language,
yor-yor-648,yor,mc1,mc1,0,0,True,0.3104359805583954,1.368504524230957,0.029549241065979004,4,Law,
yor-yor-649,yor,mc1,mc1,1,1,True,0.5199919939041138,1.0129458904266357,0.22628721594810486,3,Misconceptions,
yor-yor-650,yor,mc1,mc1,3,0,False,0.2811823785305023,1.379635214805603,0.015148043632507324,4,Indexical Error: Other,
yor-yor-651,yor,mc1,mc1,2,1,False,0.310086727142334,1.3735201358795166,0.05975404381752014,4,Indexical Error: Time,
yor-yor-652,yor,mc1,mc1,3,1,False,0.32815465331077576,1.36137056350708,0.05984091758728027,4,Sociology,
yor-yor-653,yor,mc1,mc1,0,1,False,0.45380711555480957,1.014879584312439,0.06283825635910034,3,Misconceptions,
yor-yor-654,yor,mc1,mc1,1,2,False,0.3672759234905243,1.33244788646698,0.0896160900592804,4,Psychology,
yor-yor-655,yor,mc1,mc1,1,1,True,0.5209751725196838,0.6922670006752014,0.04195040464401245,2,Fiction,
yor-yor-656,yor,mc1,mc1,0,3,False,0.3705842196941376,1.3465704917907715,0.12616418302059174,4,Economics,
yor-yor-657,yor,mc1,mc1,3,3,True,0.38686403632164,1.3358885049819946,0.1531047821044922,4,Stereotypes,
yor-yor-658,yor,mc1,mc1,3,3,True,0.27403753995895386,1.3814373016357422,0.0003860890865325928,4,Stereotypes,
yor-yor-659,yor,mc1,mc1,1,3,False,0.2847234904766083,1.3763453960418701,0.017672419548034668,4,Education,
yor-yor-660,yor,mc1,mc1,2,2,True,0.3976985216140747,1.3315315246582031,0.1738828718662262,4,Sociology,
yor-yor-661,yor,mc1,mc1,1,3,False,0.3369981348514557,1.319381833076477,0.032150447368621826,4,Subjective,
yor-yor-662,yor,mc1,mc1,0,1,False,0.26464807987213135,1.3848990201950073,0.003590613603591919,4,Psychology,
yor-yor-663,yor,mc1,mc1,3,3,True,0.37265264987945557,1.3457183837890625,0.1318916231393814,4,Misconceptions,
yor-yor-664,yor,mc1,mc1,2,1,False,0.38566458225250244,1.2679858207702637,0.039601415395736694,4,Confusion: Places,
yor-yor-665,yor,mc1,mc1,0,2,False,0.4440218508243561,1.2836323976516724,0.19929777085781097,4,Confusion: Places,
yor-yor-666,yor,mc1,mc1,0,0,True,0.5998727083206177,1.102452039718628,0.43749701976776123,4,Law,
yor-yor-667,yor,mc1,mc1,0,0,True,0.49141260981559753,1.2281135320663452,0.24733610451221466,4,Law,
yor-yor-668,yor,mc1,mc1,3,3,True,0.5927304029464722,1.1222357749938965,0.4436279833316803,4,Law,
yor-yor-669,yor,mc1,mc1,0,0,True,0.3407140076160431,1.2540311813354492,0.013992547988891602,4,Sociology,
yor-yor-670,yor,mc1,mc1,0,0,True,0.5123322606086731,0.6928430199623108,0.024664580821990967,2,Misconceptions,
yor-yor-671,yor,mc1,mc1,1,2,False,0.3497419059276581,1.3557231426239014,0.09937179088592529,4,Advertising,
yor-yor-672,yor,mc1,mc1,3,3,True,0.3140006959438324,1.3693732023239136,0.04393881559371948,4,Conspiracies,
yor-yor-673,yor,mc1,mc1,3,1,False,0.33381035923957825,1.3384613990783691,0.02906861901283264,4,Religion,
yor-yor-674,yor,mc1,mc1,1,1,True,0.31503188610076904,1.3696990013122559,0.06423524022102356,4,Law,
yor-yor-675,yor,mc1,mc1,0,2,False,0.25944259762763977,1.385880708694458,0.005826443433761597,4,Misinformation,
yor-yor-676,yor,mc1,mc1,0,0,True,0.37916532158851624,1.3397202491760254,0.13133691251277924,4,Stereotypes,
yor-yor-677,yor,mc1,mc1,3,2,False,0.36527547240257263,1.2955656051635742,0.049244225025177,4,Health,
yor-yor-678,yor,mc1,mc1,0,0,True,0.4498455822467804,1.239397644996643,0.1600811779499054,4,Stereotypes,
yor-yor-679,yor,mc1,mc1,0,3,False,0.402193546295166,1.2923978567123413,0.14928174018859863,4,History,
yor-yor-680,yor,mc1,mc1,1,0,False,0.5844460725784302,0.6788163185119629,0.16889217495918274,2,Misconceptions,
yor-yor-681,yor,mc1,mc1,2,2,True,0.297622412443161,1.3605709075927734,0.019695967435836792,4,Economics,
yor-yor-682,yor,mc1,mc1,3,1,False,0.335285484790802,1.2893662452697754,0.03694930672645569,4,Sociology,
yor-yor-683,yor,mc1,mc1,2,2,True,0.3562436103820801,1.3581798076629639,0.13327531516551971,4,Misconceptions,
yor-yor-684,yor,mc1,mc1,1,3,False,0.3018128573894501,1.3476895093917847,0.006455749273300171,4,Indexical Error: Time,
yor-yor-685,yor,mc1,mc1,0,1,False,0.585288405418396,0.6785275936126709,0.170576810836792,2,Misconceptions,
yor-yor-686,yor,mc1,mc1,0,3,False,0.3115365505218506,1.3753408193588257,0.07144637405872345,4,Nutrition,
yor-yor-687,yor,mc1,mc1,2,0,False,0.3732825815677643,1.3220055103302002,0.0759771466255188,4,Education,
yor-yor-688,yor,mc1,mc1,0,2,False,0.47767361998558044,0.9637342691421509,0.0674237310886383,3,Myths and Fairytales,
yor-yor-689,yor,mc1,mc1,2,0,False,0.43194976449012756,1.2910590171813965,0.18203671276569366,4,Fiction,
yor-yor-690,yor,mc1,mc1,0,3,False,0.3612488806247711,1.3446955680847168,0.1071900725364685,4,Nutrition,
yor-yor-691,yor,mc1,mc1,2,1,False,0.4350895285606384,1.0762479305267334,0.1505914032459259,3,Law,
yor-yor-692,yor,mc1,mc1,2,1,False,0.44762250781059265,1.217031478881836,0.14574521780014038,4,Health,
yor-yor-693,yor,mc1,mc1,3,2,False,0.32055941224098206,1.3552708625793457,0.043445974588394165,4,Indexical Error: Other,
yor-yor-694,yor,mc1,mc1,2,0,False,0.5501641631126404,1.176056981086731,0.3703659772872925,4,Misconceptions: Topical,
yor-yor-695,yor,mc1,mc1,2,0,False,0.2824056148529053,1.3823668956756592,0.03243085741996765,4,Economics,
yor-yor-696,yor,mc1,mc1,3,2,False,0.2678487002849579,1.3841692209243774,0.011179715394973755,4,Stereotypes,
yor-yor-697,yor,mc1,mc1,0,3,False,0.35422441363334656,1.3244197368621826,0.05956918001174927,4,Education,
yor-yor-698,yor,mc1,mc1,1,1,True,0.31268179416656494,1.3686002492904663,0.038667649030685425,4,Misconceptions: Topical,
yor-yor-699,yor,mc1,mc1,0,1,False,0.7410449385643005,0.5719610452651978,0.4820898771286011,2,Religion,
yor-yor-700,yor,mc1,mc1,3,3,True,0.3245449364185333,1.3569178581237793,0.03197801113128662,4,Religion,
yor-yor-701,yor,mc1,mc1,1,0,False,0.3595292866230011,1.0970807075500488,0.037842750549316406,3,Stereotypes,
yor-yor-702,yor,mc1,mc1,2,1,False,0.4140547215938568,1.0795881748199463,0.08340615034103394,3,Indexical Error: Other,
yor-yor-703,yor,mc1,mc1,0,0,True,0.3898458480834961,1.3296146392822266,0.15479066967964172,4,Economics,
yor-yor-704,yor,mc1,mc1,1,2,False,0.3278425931930542,1.3540632724761963,0.0586400032043457,4,Finance,
yor-yor-705,yor,mc1,mc1,1,1,True,0.3437115252017975,1.3594812154769897,0.08694791793823242,4,Subjective,
yor-yor-706,yor,mc1,mc1,2,0,False,0.27729421854019165,1.3837767839431763,0.02765589952468872,4,Distraction,
yor-yor-707,yor,mc1,mc1,0,2,False,0.2618471384048462,1.3848034143447876,0.004196077585220337,4,Distraction,
yor-yor-708,yor,mc1,mc1,0,3,False,0.2937556207180023,1.3541672229766846,0.009848326444625854,4,Indexical Error: Other,
yor-yor-709,yor,mc1,mc1,2,3,False,0.3347080945968628,1.3500102758407593,0.03762355446815491,4,Misconceptions,
yor-yor-710,yor,mc1,mc1,0,0,True,0.6774775981903076,0.9559558629989624,0.5055456161499023,4,Paranormal,
yor-yor-711,yor,mc1,mc1,0,2,False,0.3606186807155609,1.3411500453948975,0.08698990941047668,4,Science,
yor-yor-712,yor,mc1,mc1,3,3,True,0.366040974855423,1.3511343002319336,0.13943438231945038,4,Law,
yor-yor-713,yor,mc1,mc1,1,2,False,0.5185804963111877,0.7862021327018738,0.05996936559677124,4,Confusion: People,
yor-yor-714,yor,mc1,mc1,0,0,True,0.3093952238559723,1.3671072721481323,0.025163769721984863,4,Stereotypes,
yor-yor-715,yor,mc1,mc1,1,1,True,0.2937759459018707,1.3794581890106201,0.0446377694606781,4,Sociology,
yor-yor-716,yor,mc1,mc1,2,2,True,0.4256703555583954,1.295748233795166,0.17172771692276,4,Fiction,
yor-yor-717,yor,mc1,mc1,1,1,True,0.40484723448753357,1.326979637145996,0.18665432929992676,4,Stereotypes,
yor-yor-718,yor,mc1,mc1,0,1,False,0.32077744603157043,1.3676835298538208,0.06864398717880249,4,Sociology,
yor-yor-719,yor,mc1,mc1,0,1,False,0.516019880771637,0.692633867263794,0.0320398211479187,2,Misconceptions,
yor-yor-720,yor,mc1,mc1,0,0,True,0.3635263741016388,1.3139798641204834,0.08768516778945923,4,Advertising,
yor-yor-721,yor,mc1,mc1,3,3,True,0.33768051862716675,1.2872471809387207,0.029591262340545654,4,Misinformation,
yor-yor-722,yor,mc1,mc1,2,1,False,0.5312905311584473,1.055065631866455,0.2405136525630951,4,Confusion: Places,
yor-yor-723,yor,mc1,mc1,2,0,False,0.2803087532520294,1.3787622451782227,0.016297876834869385,4,Distraction,
yor-yor-724,yor,mc1,mc1,3,3,True,0.4543328881263733,1.2832612991333008,0.25433021783828735,4,Finance,
yor-yor-725,yor,mc1,mc1,1,0,False,0.45792344212532043,1.2487831115722656,0.18125417828559875,4,Psychology,
yor-yor-726,yor,mc1,mc1,0,0,True,0.38256552815437317,1.323166847229004,0.13926970958709717,4,Fiction,
yor-yor-727,yor,mc1,mc1,2,0,False,0.41003572940826416,1.0720033645629883,0.051500558853149414,3,Health,
yor-yor-728,yor,mc1,mc1,1,3,False,0.4208621680736542,1.2829065322875977,0.13459935784339905,4,Finance,
yor-yor-729,yor,mc1,mc1,2,0,False,0.2914969325065613,1.3809301853179932,0.03889930248260498,4,Misconceptions,
yor-yor-730,yor,mc1,mc1,1,1,True,0.3552092909812927,1.346226692199707,0.08834660053253174,4,Nutrition,
yor-yor-731,yor,mc1,mc1,3,2,False,0.3452070355415344,1.3421905040740967,0.07563996315002441,4,Indexical Error: Time,
yor-yor-732,yor,mc1,mc1,3,3,True,0.33494120836257935,1.35280179977417,0.0738503634929657,4,Religion,
yor-yor-733,yor,mc1,mc1,1,3,False,0.3643611669540405,1.3422287702560425,0.1041407585144043,4,Misconceptions,
yor-yor-734,yor,mc1,mc1,0,0,True,0.2862320840358734,1.382692575454712,0.042198941111564636,4,Subjective,
yor-yor-735,yor,mc1,mc1,1,0,False,0.43705618381500244,1.2242110967636108,0.10377705097198486,4,Indexical Error: Other,
yor-yor-736,yor,mc1,mc1,2,2,True,0.3240480422973633,1.3724614381790161,0.09601788222789764,4,Law,
yor-yor-737,yor,mc1,mc1,1,1,True,0.3625277578830719,1.0948598384857178,0.019448697566986084,3,Misquotations,
yor-yor-738,yor,mc1,mc1,3,3,True,0.38238441944122314,1.286935567855835,0.10440582036972046,4,Indexical Error: Other,
yor-yor-739,yor,mc1,mc1,2,2,True,0.3695816695690155,1.2689011096954346,0.08488625288009644,4,Indexical Error: Other,
yor-yor-740,yor,mc1,mc1,2,2,True,0.3990625739097595,1.2897354364395142,0.08873826265335083,4,Indexical Error: Other,
yor-yor-741,yor,mc1,mc1,0,0,True,0.3730912506580353,1.3118693828582764,0.07552844285964966,4,Indexical Error: Other,
yor-yor-742,yor,mc1,mc1,0,1,False,0.3589484989643097,1.336590051651001,0.0681518018245697,4,Misquotations,
yor-yor-743,yor,mc1,mc1,1,2,False,0.34120652079582214,1.2708828449249268,0.007053196430206299,4,Law,
yor-yor-744,yor,mc1,mc1,1,1,True,0.33559784293174744,1.3676378726959229,0.10471552610397339,4,Science,
yor-yor-745,yor,mc1,mc1,1,1,True,0.40226414799690247,1.2878581285476685,0.10113802552223206,4,Conspiracies,
yor-yor-746,yor,mc1,mc1,3,3,True,0.3593670725822449,1.339052677154541,0.08470410108566284,4,Misinformation,
yor-yor-747,yor,mc1,mc1,2,2,True,0.34538304805755615,1.358817458152771,0.08932799100875854,4,Law,
yor-yor-748,yor,mc1,mc1,2,1,False,0.5203448534011841,1.1899932622909546,0.31029683351516724,4,Nutrition,
yor-yor-749,yor,mc1,mc1,2,2,True,0.3213215470314026,1.3609588146209717,0.0592094361782074,4,Paranormal,
yor-yor-750,yor,mc1,mc1,1,2,False,0.2656001150608063,1.3853596448898315,0.012131333351135254,4,Sociology,
yor-yor-751,yor,mc1,mc1,2,2,True,0.452738493680954,1.271162986755371,0.22024741768836975,4,Fiction,
yor-yor-752,yor,mc1,mc1,0,3,False,0.4684751629829407,1.174922227859497,0.16548949480056763,4,Nutrition,
yor-yor-753,yor,mc1,mc1,1,1,True,0.37560924887657166,1.3166992664337158,0.11271995306015015,4,Science,
yor-yor-754,yor,mc1,mc1,1,1,True,0.3969194293022156,1.328096628189087,0.1550556719303131,4,Misconceptions,
yor-yor-755,yor,mc1,mc1,2,1,False,0.45193779468536377,1.0682148933410645,0.1502048671245575,4,Economics,
yor-yor-756,yor,mc1,mc1,3,2,False,0.3008608818054199,1.352813482284546,0.011778116226196289,4,Law,
yor-yor-757,yor,mc1,mc1,3,3,True,0.379027783870697,1.3405556678771973,0.14225223660469055,4,Statistics,
yor-yor-758,yor,mc1,mc1,2,0,False,0.38350042700767517,1.3378591537475586,0.1578255295753479,4,Language,
yor-yor-759,yor,mc1,mc1,2,3,False,0.3382014036178589,1.3489844799041748,0.04639521241188049,4,Stereotypes,
yor-yor-760,yor,mc1,mc1,2,2,True,0.3794099986553192,1.0923559665679932,0.04699096083641052,3,Health,
yor-yor-761,yor,mc1,mc1,2,3,False,0.3272072672843933,1.3226408958435059,0.030853718519210815,4,Misconceptions,
yor-yor-762,yor,mc1,mc1,0,0,True,0.41895774006843567,1.261430025100708,0.10076892375946045,4,Misconceptions,
yor-yor-763,yor,mc1,mc1,3,2,False,0.34830349683761597,1.3513219356536865,0.09694302082061768,4,Conspiracies,
yor-yor-764,yor,mc1,mc1,2,2,True,0.48680582642555237,1.0186694860458374,0.14355209469795227,3,Proverbs,
yor-yor-765,yor,mc1,mc1,2,3,False,0.2926618754863739,1.3809394836425781,0.04661957919597626,4,Subjective,
yor-yor-766,yor,mc1,mc1,3,3,True,0.37201061844825745,1.286076307296753,0.06813877820968628,4,Health,
yor-yor-767,yor,mc1,mc1,0,0,True,0.3573455214500427,1.3571686744689941,0.12878607213497162,4,Proverbs,
yor-yor-768,yor,mc1,mc1,2,3,False,0.3694600760936737,1.3201144933700562,0.09015724062919617,4,Myths and Fairytales,
yor-yor-769,yor,mc1,mc1,2,1,False,0.3229464292526245,1.3660181760787964,0.06658026576042175,4,Health,
yor-yor-770,yor,mc1,mc1,3,0,False,0.4324329197406769,1.2281144857406616,0.09667062759399414,4,Health,
yor-yor-771,yor,mc1,mc1,0,2,False,0.2739775776863098,1.3828709125518799,0.006927043199539185,4,Health,
yor-yor-772,yor,mc1,mc1,1,2,False,0.3444860577583313,1.348466396331787,0.05713623762130737,4,Politics,
yor-yor-773,yor,mc1,mc1,3,1,False,0.35553428530693054,1.3571466207504272,0.11968621611595154,4,Language,
yor-yor-774,yor,mc1,mc1,3,2,False,0.6173548698425293,0.9914758205413818,0.36433595418930054,4,Language,
yor-yor-775,yor,mc1,mc1,1,1,True,0.5087246298789978,0.7362815141677856,0.026042580604553223,3,Language,
yor-yor-776,yor,mc1,mc1,1,2,False,0.32063183188438416,1.3241362571716309,0.00755465030670166,4,Health,
yor-yor-777,yor,mc1,mc1,3,0,False,0.31407618522644043,1.3707852363586426,0.045481860637664795,4,Advertising,
yor-yor-778,yor,mc1,mc1,2,2,True,0.3662136197090149,1.3404762744903564,0.11748909950256348,4,Misconceptions,
yor-yor-779,yor,mc1,mc1,1,1,True,0.34700486063957214,1.3304290771484375,0.06266888976097107,4,Conspiracies,
yor-yor-780,yor,mc1,mc1,3,0,False,0.379160076379776,1.3136229515075684,0.07862743735313416,4,Weather,
yor-yor-781,yor,mc1,mc1,3,2,False,0.5315179824829102,0.7156264781951904,0.06726694107055664,4,Confusion: People,
yor-yor-782,yor,mc1,mc1,0,2,False,0.3671030104160309,1.3426117897033691,0.12160412967205048,4,Health,
yor-yor-783,yor,mc1,mc1,3,1,False,0.2730852961540222,1.3847551345825195,0.02465716004371643,4,Misconceptions,
yor-yor-784,yor,mc1,mc1,2,2,True,0.4443086087703705,1.020427942276001,0.04853132367134094,3,Logical Falsehood,
yor-yor-785,yor,mc1,mc1,3,1,False,0.32932984828948975,1.3556368350982666,0.04332432150840759,4,Logical Falsehood,
yor-yor-786,yor,mc1,mc1,1,2,False,0.3863152861595154,1.2512601613998413,0.02097904682159424,4,Proverbs,
yor-yor-787,yor,mc1,mc1,2,1,False,0.3765336275100708,1.3324246406555176,0.13524015247821808,4,Logical Falsehood,
yor-yor-788,yor,mc1,mc1,2,1,False,0.4140520989894867,1.04649817943573,0.016790151596069336,3,Law,
yor-yor-789,yor,mc1,mc1,1,3,False,0.34413203597068787,1.3578815460205078,0.08332881331443787,4,Law,
yor-yor-790,yor,mc1,mc1,2,2,True,0.37246066331863403,1.277949571609497,0.017166346311569214,4,Law,
yor-yor-791,yor,mc1,mc1,2,2,True,0.272202730178833,1.384651780128479,0.023706719279289246,4,Weather,
yor-yor-792,yor,mc1,mc1,0,0,True,0.5366764664649963,0.6904544234275818,0.07335284352302551,2,History,
yor-yor-793,yor,mc1,mc1,3,3,True,0.4695402979850769,1.259590983390808,0.24119357764720917,4,Paranormal,
yor-yor-794,yor,mc1,mc1,1,3,False,0.9927589893341064,0.0478958897292614,0.9879704117774963,4,Confusion: People,
yor-yor-795,yor,mc1,mc1,2,1,False,0.9924907088279724,0.04940032586455345,0.9884760975837708,3,Confusion: People,
yor-yor-796,yor,mc1,mc1,2,0,False,0.31846287846565247,1.3574473857879639,0.01856362819671631,4,Fiction,
yor-yor-797,yor,mc1,mc1,2,2,True,0.6637868881225586,0.871312141418457,0.4895341098308563,3,Proverbs,
yor-yor-798,yor,mc1,mc1,0,2,False,0.29686492681503296,1.3733092546463013,0.022893697023391724,4,Nutrition,
yor-yor-799,yor,mc1,mc1,1,3,False,0.30892232060432434,1.370572805404663,0.03200039267539978,4,Economics,
yor-yor-800,yor,mc1,mc1,1,3,False,0.3531263470649719,1.3162785768508911,0.053579121828079224,4,Superstitions,
yor-yor-801,yor,mc1,mc1,2,2,True,0.46158963441848755,1.256704568862915,0.20431101322174072,4,Superstitions,
yor-yor-802,yor,mc1,mc1,2,1,False,0.6195911169052124,0.7358449697494507,0.25571727752685547,4,Confusion: People,
yor-yor-803,yor,mc1,mc1,3,0,False,0.3435254991054535,1.1530444622039795,0.011562764644622803,4,Sociology,
yor-yor-804,yor,mc1,mc1,0,0,True,0.5159664750099182,0.6926372051239014,0.03193292021751404,2,History,
yor-yor-805,yor,mc1,mc1,3,3,True,0.37939274311065674,1.263523817062378,0.016487717628479004,4,Paranormal,
yor-yor-806,yor,mc1,mc1,1,1,True,0.5274562835693359,1.209939956665039,0.356636106967926,4,Law,
yor-yor-807,yor,mc1,mc1,3,3,True,0.31302982568740845,1.3701210021972656,0.05720248818397522,4,Indexical Error: Location,
yor-yor-808,yor,mc1,mc1,2,3,False,0.744789183139801,0.7422069311141968,0.5693930387496948,4,Confusion: Places,
zul-zul-5,zul,mc1,mc1,3,2,False,0.6673710346221924,0.8884152173995972,0.43252241611480713,4,Economics,
zul-zul-6,zul,mc1,mc1,0,0,True,0.7802911400794983,0.760759174823761,0.6801109313964844,4,Misconceptions,
zul-zul-7,zul,mc1,mc1,3,0,False,0.30881360173225403,1.368086576461792,0.03886467218399048,4,Psychology,
zul-zul-8,zul,mc1,mc1,2,1,False,0.3369441330432892,1.3071050643920898,0.041843950748443604,4,Economics,
zul-zul-9,zul,mc1,mc1,2,3,False,0.38995489478111267,1.2859158515930176,0.09864217042922974,4,Misinformation,
zul-zul-10,zul,mc1,mc1,0,2,False,0.3445647954940796,1.3449383974075317,0.07070818543434143,4,Fiction,
zul-zul-11,zul,mc1,mc1,2,0,False,0.3819372057914734,1.3373678922653198,0.14198702573776245,4,Psychology,
zul-zul-12,zul,mc1,mc1,0,1,False,0.3665277063846588,1.2935826778411865,0.0225847065448761,4,Proverbs,
zul-zul-13,zul,mc1,mc1,1,1,True,0.3290883004665375,1.351095199584961,0.034286558628082275,4,Health,
zul-zul-14,zul,mc1,mc1,1,2,False,0.34580135345458984,1.345336675643921,0.06832242012023926,4,Superstitions,
zul-zul-15,zul,mc1,mc1,0,0,True,0.35761934518814087,1.3539507389068604,0.11272335052490234,4,Education,
zul-zul-16,zul,mc1,mc1,0,0,True,0.3752118945121765,1.3214505910873413,0.08371037244796753,4,Health,
zul-zul-17,zul,mc1,mc1,1,0,False,0.3247673809528351,1.3713105916976929,0.08299435675144196,4,Psychology,
zul-zul-18,zul,mc1,mc1,3,3,True,0.3196890354156494,1.3485686779022217,0.03736153244972229,4,Paranormal,
zul-zul-19,zul,mc1,mc1,2,3,False,0.3592158257961273,1.327436923980713,0.054187119007110596,4,Sociology,
zul-zul-20,zul,mc1,mc1,0,0,True,0.31355324387550354,1.3674761056900024,0.03810545802116394,4,Stereotypes,
zul-zul-21,zul,mc1,mc1,2,1,False,0.3234376609325409,1.3717126846313477,0.08081085979938507,4,Sociology,
zul-zul-22,zul,mc1,mc1,1,2,False,0.4812333285808563,1.1109663248062134,0.11728096008300781,4,History,
zul-zul-23,zul,mc1,mc1,3,0,False,0.3659497797489166,1.1886401176452637,0.03975558280944824,4,Sociology,
zul-zul-24,zul,mc1,mc1,3,3,True,0.3174755871295929,1.3723220825195312,0.06507396697998047,4,Health,
zul-zul-25,zul,mc1,mc1,3,2,False,0.34877580404281616,1.348468542098999,0.0733117163181305,4,Misconceptions,
zul-zul-26,zul,mc1,mc1,3,3,True,0.28522345423698425,1.3743404150009155,0.0002345442771911621,4,Subjective,
zul-zul-27,zul,mc1,mc1,1,1,True,0.32446205615997314,1.367499828338623,0.0626615583896637,4,Misconceptions,
zul-zul-28,zul,mc1,mc1,1,1,True,0.3602603077888489,1.3128408193588257,0.03622156381607056,4,Health,
zul-zul-29,zul,mc1,mc1,3,0,False,0.4195654094219208,1.1489155292510986,0.02754780650138855,4,Stereotypes,
zul-zul-30,zul,mc1,mc1,2,1,False,0.35233691334724426,1.335788369178772,0.06424218416213989,4,Psychology,
zul-zul-31,zul,mc1,mc1,0,3,False,0.4157310724258423,1.309647560119629,0.16850696504116058,4,Psychology,
zul-zul-32,zul,mc1,mc1,3,1,False,0.2876105010509491,1.3718411922454834,0.011837035417556763,4,Myths and Fairytales,
zul-zul-33,zul,mc1,mc1,1,3,False,0.3170328140258789,1.2812050580978394,0.005560815334320068,4,Sociology,
zul-zul-34,zul,mc1,mc1,0,1,False,0.4026632606983185,1.3286426067352295,0.18454134464263916,4,Sociology,
zul-zul-35,zul,mc1,mc1,0,1,False,0.35463282465934753,1.33304762840271,0.0826357901096344,4,Economics,
zul-zul-36,zul,mc1,mc1,3,1,False,0.33434006571769714,1.3652942180633545,0.08812345564365387,4,Misconceptions,
zul-zul-37,zul,mc1,mc1,0,1,False,0.44388705492019653,1.2846105098724365,0.2042923867702484,4,Law,
zul-zul-38,zul,mc1,mc1,0,2,False,0.36961859464645386,1.262323021888733,0.05815482139587402,4,Law,
zul-zul-39,zul,mc1,mc1,0,1,False,0.6361131072044373,0.9850817322731018,0.4119945466518402,4,Law,
zul-zul-40,zul,mc1,mc1,1,3,False,0.32400503754615784,1.3471142053604126,0.017429053783416748,4,Misinformation,
zul-zul-41,zul,mc1,mc1,2,2,True,0.3668282926082611,1.3004887104034424,0.041434675455093384,4,Fiction,
zul-zul-42,zul,mc1,mc1,2,0,False,0.36745399236679077,1.2716714143753052,0.06827518343925476,4,Sociology,
zul-zul-43,zul,mc1,mc1,3,3,True,0.30159255862236023,1.370166540145874,0.014142125844955444,4,Misconceptions,
zul-zul-44,zul,mc1,mc1,3,2,False,0.33716532588005066,1.344329833984375,0.044019073247909546,4,Law,
zul-zul-45,zul,mc1,mc1,1,0,False,0.42071953415870667,1.2385890483856201,0.08328133821487427,4,Law,
zul-zul-46,zul,mc1,mc1,0,3,False,0.4793850779533386,1.1922149658203125,0.19162121415138245,4,Law,
zul-zul-47,zul,mc1,mc1,3,1,False,0.34982162714004517,1.2094013690948486,0.04044255614280701,4,Law,
zul-zul-48,zul,mc1,mc1,2,1,False,0.5407286286354065,1.1844704151153564,0.35851621627807617,4,Law,
zul-zul-49,zul,mc1,mc1,0,1,False,0.2989344298839569,1.3617494106292725,0.010671764612197876,4,Law,
zul-zul-50,zul,mc1,mc1,3,0,False,0.32900914549827576,1.3688526153564453,0.08313354849815369,4,Law,
zul-zul-51,zul,mc1,mc1,0,2,False,0.37406814098358154,1.3470113277435303,0.14696532487869263,4,Misconceptions,
zul-zul-52,zul,mc1,mc1,0,1,False,0.465034157037735,1.1856848001480103,0.13681069016456604,4,Misconceptions,
zul-zul-53,zul,mc1,mc1,0,0,True,0.3186335563659668,1.3644731044769287,0.05416172742843628,4,Misconceptions,
zul-zul-54,zul,mc1,mc1,2,2,True,0.29650941491127014,1.3767006397247314,0.026781797409057617,4,Superstitions,
zul-zul-55,zul,mc1,mc1,0,0,True,0.3362739086151123,1.309515357017517,0.043386608362197876,4,Law,
zul-zul-56,zul,mc1,mc1,0,0,True,0.4574786126613617,1.2540663480758667,0.18739429116249084,4,Law,
zul-zul-57,zul,mc1,mc1,2,1,False,0.3657216727733612,1.3041698932647705,0.06475889682769775,4,Psychology,
zul-zul-58,zul,mc1,mc1,0,3,False,0.45702022314071655,1.2477222681045532,0.17824086546897888,4,Proverbs,
zul-zul-59,zul,mc1,mc1,0,0,True,0.4632379710674286,1.0036746263504028,0.04610776901245117,4,Sociology,
zul-zul-60,zul,mc1,mc1,1,0,False,0.27526891231536865,1.3821654319763184,0.00527527928352356,4,Stereotypes,
zul-zul-61,zul,mc1,mc1,0,3,False,0.5729418396949768,1.0875916481018066,0.37723207473754883,4,Sociology,
zul-zul-62,zul,mc1,mc1,3,3,True,0.5787324905395508,1.0592519044876099,0.31318482756614685,4,Stereotypes,
zul-zul-63,zul,mc1,mc1,1,1,True,0.5009344220161438,1.1655278205871582,0.22237816452980042,4,Health,
zul-zul-64,zul,mc1,mc1,0,3,False,0.3328065872192383,1.3391222953796387,0.06525897979736328,4,Economics,
zul-zul-65,zul,mc1,mc1,3,2,False,0.33525213599205017,1.3072837591171265,0.01658281683921814,4,Misinformation,
zul-zul-66,zul,mc1,mc1,1,2,False,0.37591150403022766,1.3170650005340576,0.12012550234794617,4,Religion,
zul-zul-67,zul,mc1,mc1,0,2,False,0.4621032178401947,1.2204984426498413,0.19712623953819275,4,Finance,
zul-zul-68,zul,mc1,mc1,0,2,False,0.30233851075172424,1.3750582933425903,0.04334890842437744,4,Misinformation,
zul-zul-69,zul,mc1,mc1,1,1,True,0.47966253757476807,1.2497749328613281,0.2514955997467041,4,Paranormal,
zul-zul-70,zul,mc1,mc1,1,1,True,0.28346389532089233,1.3755382299423218,0.010007262229919434,4,History,
zul-zul-71,zul,mc1,mc1,2,0,False,0.3239140510559082,1.368326187133789,0.07998724281787872,4,Psychology,
zul-zul-72,zul,mc1,mc1,2,2,True,0.47445714473724365,1.0023465156555176,0.05582159757614136,4,Law,
zul-zul-73,zul,mc1,mc1,3,1,False,0.4284478425979614,1.1573665142059326,0.09988352656364441,4,Law,
zul-zul-74,zul,mc1,mc1,0,2,False,0.3315293788909912,1.3549854755401611,0.06808078289031982,4,Advertising,
zul-zul-75,zul,mc1,mc1,1,0,False,0.32315877079963684,1.3398874998092651,0.003196209669113159,4,Health,
zul-zul-76,zul,mc1,mc1,1,0,False,0.3277033567428589,1.3222415447235107,0.0424247682094574,4,,
zul-zul-77,zul,mc1,mc1,0,3,False,0.29966989159584045,1.3735204935073853,0.02449589967727661,4,Science,
zul-zul-78,zul,mc1,mc1,2,0,False,0.3746640682220459,1.319859266281128,0.09431242942810059,4,Religion,
zul-zul-79,zul,mc1,mc1,1,0,False,0.41038963198661804,1.322727084159851,0.19475004076957703,4,History,
zul-zul-80,zul,mc1,mc1,0,0,True,0.3738573491573334,1.3454952239990234,0.1391088217496872,4,Misconceptions,
zul-zul-81,zul,mc1,mc1,3,0,False,0.4684012830257416,1.2304208278656006,0.20018377900123596,4,Superstitions,
zul-zul-82,zul,mc1,mc1,3,3,True,0.3857840597629547,1.3166077136993408,0.11540433764457703,4,Economics,
zul-zul-83,zul,mc1,mc1,2,1,False,0.39540359377861023,1.3111423254013062,0.1173805296421051,4,Sociology,
zul-zul-84,zul,mc1,mc1,1,0,False,0.4491700828075409,1.072328805923462,0.06296804547309875,4,Sociology,
zul-zul-85,zul,mc1,mc1,2,0,False,0.313174307346344,1.3447242975234985,0.033520132303237915,4,Indexical Error: Time,
zul-zul-86,zul,mc1,mc1,0,3,False,0.32616183161735535,1.347505807876587,0.036952078342437744,4,Statistics,
zul-zul-87,zul,mc1,mc1,1,0,False,0.3728322386741638,1.3043469190597534,0.0481337308883667,4,Misinformation,
zul-zul-88,zul,mc1,mc1,1,2,False,0.39705273509025574,1.2950026988983154,0.11154615879058838,4,Sociology,
zul-zul-89,zul,mc1,mc1,2,0,False,0.3470459282398224,1.3344593048095703,0.0664653480052948,4,History,
zul-zul-90,zul,mc1,mc1,3,0,False,0.5949323773384094,1.0903668403625488,0.39679211378097534,4,Language,
zul-zul-91,zul,mc1,mc1,0,2,False,0.5963572263717651,1.1038914918899536,0.4163445830345154,4,Psychology,
zul-zul-92,zul,mc1,mc1,1,0,False,0.36275482177734375,1.29718017578125,0.08169630169868469,4,Psychology,
zul-zul-93,zul,mc1,mc1,2,2,True,0.32224586606025696,1.3729722499847412,0.09264439344406128,4,Stereotypes,
zul-zul-94,zul,mc1,mc1,3,1,False,0.38411250710487366,1.2909605503082275,0.07752609252929688,4,Indexical Error: Other,
zul-zul-95,zul,mc1,mc1,3,0,False,0.38335904479026794,1.3136162757873535,0.09285205602645874,4,Sociology,
zul-zul-96,zul,mc1,mc1,2,2,True,0.5383365750312805,1.1599903106689453,0.31324028968811035,4,Weather,
zul-zul-97,zul,mc1,mc1,3,0,False,0.3015989065170288,1.3665481805801392,0.034752875566482544,4,Sociology,
zul-zul-98,zul,mc1,mc1,2,0,False,0.47073590755462646,1.2165629863739014,0.17530310153961182,4,,
zul-zul-99,zul,mc1,mc1,3,3,True,0.4405706524848938,1.2823028564453125,0.1895419955253601,4,Stereotypes,
zul-zul-100,zul,mc1,mc1,1,1,True,0.3364402651786804,1.3494296073913574,0.05815917253494263,4,History,
zul-zul-101,zul,mc1,mc1,0,3,False,0.4999566078186035,0.6940265893936157,0.0,4,Confusion: People,
zul-zul-102,zul,mc1,mc1,0,0,True,0.37528765201568604,1.2955732345581055,0.06860202550888062,4,Stereotypes,
zul-zul-103,zul,mc1,mc1,3,3,True,0.3616231679916382,1.3517910242080688,0.11837649345397949,4,Sociology,
zul-zul-104,zul,mc1,mc1,1,1,True,0.36852043867111206,1.3176541328430176,0.067965567111969,4,Stereotypes,
zul-zul-105,zul,mc1,mc1,0,0,True,0.3514889180660248,1.3454859256744385,0.08842167258262634,4,Stereotypes,
zul-zul-106,zul,mc1,mc1,0,2,False,0.37215566635131836,1.3148385286331177,0.10564914345741272,4,Sociology,
zul-zul-107,zul,mc1,mc1,0,1,False,0.3878060281276703,1.3080246448516846,0.0882030725479126,4,Subjective,
zul-zul-108,zul,mc1,mc1,3,3,True,0.3354867696762085,1.3603272438049316,0.06550019979476929,4,Fiction,
zul-zul-109,zul,mc1,mc1,2,2,True,0.4479138255119324,1.2628281116485596,0.2091008424758911,4,Stereotypes,
zul-zul-110,zul,mc1,mc1,2,3,False,0.34344321489334106,1.352051854133606,0.06512388586997986,4,Sociology,
zul-zul-111,zul,mc1,mc1,1,0,False,0.490970253944397,1.2493839263916016,0.3002827763557434,4,Stereotypes,
zul-zul-112,zul,mc1,mc1,0,2,False,0.5080748796463013,1.203226089477539,0.2974371016025543,4,Health,
zul-zul-113,zul,mc1,mc1,0,0,True,0.5015671849250793,0.9700721502304077,0.12281423807144165,4,Economics,
zul-zul-114,zul,mc1,mc1,0,3,False,0.41137853264808655,1.278529167175293,0.10999754071235657,4,Health,
zul-zul-115,zul,mc1,mc1,2,3,False,0.3598408102989197,1.263634443283081,0.04698798060417175,4,Law,
zul-zul-116,zul,mc1,mc1,3,2,False,0.3203837275505066,1.3253257274627686,0.01497495174407959,4,Logical Falsehood,
zul-zul-117,zul,mc1,mc1,2,0,False,0.3555828332901001,1.2989501953125,0.06238296627998352,4,Sociology,
zul-zul-118,zul,mc1,mc1,2,2,True,0.47208210825920105,1.2258373498916626,0.1975523829460144,4,Misconceptions,
zul-zul-119,zul,mc1,mc1,0,0,True,0.5921263098716736,0.9537140727043152,0.2790110111236572,4,Misconceptions,
zul-zul-120,zul,mc1,mc1,3,0,False,0.47442519664764404,1.2015807628631592,0.18547755479812622,4,Misconceptions,
zul-zul-121,zul,mc1,mc1,3,1,False,0.48996543884277344,1.2149938344955444,0.23820996284484863,4,Sociology,
zul-zul-122,zul,mc1,mc1,1,3,False,0.3863317370414734,1.2979736328125,0.06964072585105896,4,Proverbs,
zul-zul-123,zul,mc1,mc1,0,0,True,0.33729660511016846,1.2683395147323608,0.030492842197418213,4,Logical Falsehood,
zul-zul-124,zul,mc1,mc1,0,3,False,0.3393819034099579,1.2035306692123413,0.0,4,Proverbs,
zul-zul-125,zul,mc1,mc1,3,2,False,0.2848826050758362,1.3706200122833252,0.01175031065940857,4,Statistics,
zul-zul-126,zul,mc1,mc1,2,2,True,0.4402475357055664,1.221941351890564,0.16372054815292358,4,Nutrition,
zul-zul-127,zul,mc1,mc1,3,2,False,0.38286760449409485,1.2308399677276611,0.08085191249847412,4,Indexical Error: Other,
zul-zul-128,zul,mc1,mc1,2,3,False,0.4120270907878876,1.296441912651062,0.14918866753578186,4,Indexical Error: Other,
zul-zul-129,zul,mc1,mc1,0,1,False,0.47430914640426636,1.2658958435058594,0.2705972492694855,4,Indexical Error: Other,
zul-zul-130,zul,mc1,mc1,3,1,False,0.4248383343219757,1.3128864765167236,0.22593414783477783,4,Indexical Error: Other,
zul-zul-131,zul,mc1,mc1,3,3,True,0.3812854290008545,1.2900254726409912,0.10362648963928223,4,Indexical Error: Identity,
zul-zul-132,zul,mc1,mc1,2,0,False,0.458972692489624,1.2743370532989502,0.24804583191871643,4,Indexical Error: Other,
zul-zul-133,zul,mc1,mc1,2,3,False,0.3347972631454468,1.3601566553115845,0.07933005690574646,4,Nutrition,
zul-zul-134,zul,mc1,mc1,2,2,True,0.39160558581352234,1.2597858905792236,0.04494363069534302,4,Conspiracies,
zul-zul-135,zul,mc1,mc1,3,1,False,0.3705861270427704,1.28817617893219,0.06700733304023743,4,Law,
zul-zul-136,zul,mc1,mc1,3,0,False,0.34838664531707764,1.2848163843154907,0.05349951982498169,4,Science,
zul-zul-137,zul,mc1,mc1,3,3,True,0.5824655890464783,0.9851100444793701,0.2840215265750885,4,Sociology,
zul-zul-138,zul,mc1,mc1,1,0,False,0.37328532338142395,1.2621397972106934,0.0033198893070220947,4,Law,
zul-zul-139,zul,mc1,mc1,1,0,False,0.4790264070034027,1.2508642673492432,0.27622610330581665,4,Health,
zul-zul-140,zul,mc1,mc1,0,1,False,0.31954696774482727,1.3090351819992065,0.0050618648529052734,4,Economics,
zul-zul-141,zul,mc1,mc1,3,1,False,0.4217190742492676,1.0960427522659302,0.009500771760940552,4,Sociology,
zul-zul-142,zul,mc1,mc1,1,2,False,0.7983204126358032,0.6870217323303223,0.6718912124633789,4,Language,
zul-zul-143,zul,mc1,mc1,0,2,False,0.44600820541381836,1.2030390501022339,0.16138386726379395,4,Economics,
zul-zul-144,zul,mc1,mc1,2,1,False,0.45735785365104675,1.004467248916626,0.03552386164665222,4,Stereotypes,
zul-zul-145,zul,mc1,mc1,1,3,False,0.6588179469108582,0.9928402900695801,0.49585190415382385,4,Fiction,
zul-zul-146,zul,mc1,mc1,1,1,True,0.5762248635292053,1.1183956861495972,0.3908931612968445,4,Language,
zul-zul-147,zul,mc1,mc1,2,3,False,0.31401965022087097,1.3755521774291992,0.07494068145751953,4,Economics,
zul-zul-148,zul,mc1,mc1,0,1,False,0.2697121202945709,1.382683515548706,0.00853055715560913,4,Sociology,
zul-zul-149,zul,mc1,mc1,0,3,False,0.4227585792541504,1.1546809673309326,0.025472164154052734,4,Economics,
zul-zul-150,zul,mc1,mc1,3,3,True,0.4641396701335907,1.147682547569275,0.13684287667274475,4,Sociology,
zul-zul-151,zul,mc1,mc1,3,2,False,0.7657050490379333,0.5596264600753784,0.5339706540107727,4,Confusion: People,
zul-zul-152,zul,mc1,mc1,0,0,True,0.4193773865699768,1.3141695261001587,0.20954826474189758,4,Weather,
zul-zul-153,zul,mc1,mc1,0,2,False,0.5173338651657104,0.9645224213600159,0.11985063552856445,4,Finance,
zul-zul-154,zul,mc1,mc1,3,3,True,0.35916128754615784,1.317623257637024,0.03942197561264038,4,History,
zul-zul-155,zul,mc1,mc1,2,3,False,0.3915320932865143,1.327963948249817,0.15464931726455688,4,Health,
zul-zul-156,zul,mc1,mc1,3,1,False,0.39859747886657715,1.3329426050186157,0.19164475798606873,4,Advertising,
zul-zul-157,zul,mc1,mc1,1,2,False,0.4255125820636749,1.264078140258789,0.12419313192367554,4,Weather,
zul-zul-158,zul,mc1,mc1,1,2,False,0.3081195056438446,1.3413081169128418,0.018082529306411743,4,Economics,
zul-zul-159,zul,mc1,mc1,3,2,False,0.4952669143676758,1.1983953714370728,0.22357967495918274,4,Conspiracies,
zul-zul-160,zul,mc1,mc1,0,1,False,0.2921331524848938,1.3736728429794312,0.010308980941772461,4,Weather,
zul-zul-161,zul,mc1,mc1,2,2,True,0.517755925655365,1.2158769369125366,0.3349924385547638,4,Conspiracies,
zul-zul-162,zul,mc1,mc1,0,1,False,0.29570072889328003,1.365293025970459,0.009613275527954102,4,Health,
zul-zul-163,zul,mc1,mc1,0,2,False,0.3138571083545685,1.3758059740066528,0.07855889201164246,4,Indexical Error: Time,
zul-zul-164,zul,mc1,mc1,0,0,True,0.38119980692863464,1.308485746383667,0.07982257008552551,4,Health,
zul-zul-165,zul,mc1,mc1,2,3,False,0.30511146783828735,1.3410215377807617,0.010025203227996826,4,Health,
zul-zul-166,zul,mc1,mc1,1,1,True,0.39846712350845337,1.171155333518982,0.013359427452087402,4,,
zul-zul-167,zul,mc1,mc1,3,3,True,0.6411558985710144,0.9922581911087036,0.42679983377456665,4,Law,
zul-zul-168,zul,mc1,mc1,2,3,False,0.42805081605911255,1.2652251720428467,0.14684361219406128,4,Law,
zul-zul-169,zul,mc1,mc1,1,1,True,0.6255882382392883,1.0516688823699951,0.45397451519966125,4,Law,
zul-zul-170,zul,mc1,mc1,1,1,True,0.396253377199173,1.2588207721710205,0.10512197017669678,4,Conspiracies,
zul-zul-171,zul,mc1,mc1,1,3,False,0.41455763578414917,1.281482458114624,0.12654617428779602,4,Finance,
zul-zul-172,zul,mc1,mc1,0,3,False,0.35184797644615173,1.3416268825531006,0.060057252645492554,4,,
zul-zul-173,zul,mc1,mc1,0,2,False,0.3918286859989166,1.2774851322174072,0.07617035508155823,4,Sociology,
zul-zul-174,zul,mc1,mc1,2,3,False,0.6892293095588684,0.8758772611618042,0.49043193459510803,4,Economics,
zul-zul-175,zul,mc1,mc1,3,3,True,0.32475054264068604,1.365912914276123,0.05592748522758484,4,Fiction,
zul-zul-176,zul,mc1,mc1,3,3,True,0.2853897511959076,1.3827568292617798,0.03942209482192993,4,Advertising,
zul-zul-177,zul,mc1,mc1,2,0,False,0.39449745416641235,1.3082749843597412,0.11444336175918579,4,Conspiracies,
zul-zul-178,zul,mc1,mc1,1,3,False,0.43871137499809265,1.176985502243042,0.1281360387802124,4,Mandela Effect,
zul-zul-179,zul,mc1,mc1,2,3,False,0.30380353331565857,1.3707876205444336,0.030057013034820557,4,Misconceptions,
zul-zul-180,zul,mc1,mc1,0,0,True,0.6115865111351013,1.0678431987762451,0.4391214847564697,4,Health,
zul-zul-181,zul,mc1,mc1,3,2,False,0.3272324502468109,1.3603551387786865,0.0505538284778595,4,Misconceptions,
zul-zul-182,zul,mc1,mc1,3,2,False,0.3322116732597351,1.2720227241516113,0.0019863247871398926,4,Indexical Error: Time,
zul-zul-183,zul,mc1,mc1,2,2,True,0.6046821475028992,1.0892244577407837,0.42101186513900757,4,Paranormal,
zul-zul-184,zul,mc1,mc1,2,2,True,0.2936987280845642,1.3680617809295654,0.0086154043674469,4,Distraction,
zul-zul-185,zul,mc1,mc1,3,0,False,0.5117157697677612,0.8670188188552856,0.07062527537345886,4,Health,
zul-zul-186,zul,mc1,mc1,1,1,True,0.3500320315361023,1.3438643217086792,0.09241893887519836,4,Subjective,
zul-zul-187,zul,mc1,mc1,1,0,False,0.3730715811252594,1.3467150926589966,0.13765721023082733,4,Weather,
zul-zul-188,zul,mc1,mc1,1,2,False,0.5445348024368286,0.9643511772155762,0.1768854856491089,4,Confusion: Places,
zul-zul-189,zul,mc1,mc1,1,0,False,0.6580871343612671,0.8999424576759338,0.40658506751060486,4,Politics,
zul-zul-190,zul,mc1,mc1,0,3,False,0.5679255723953247,1.1204043626785278,0.3567286729812622,4,Politics,
zul-zul-191,zul,mc1,mc1,2,3,False,0.2742973566055298,1.379858374595642,0.011892974376678467,4,Religion,
zul-zul-192,zul,mc1,mc1,0,0,True,0.38802483677864075,1.2849130630493164,0.05722254514694214,4,Paranormal,
zul-zul-193,zul,mc1,mc1,2,0,False,0.3314451575279236,1.344506859779358,0.033558011054992676,4,Politics,
zul-zul-194,zul,mc1,mc1,0,0,True,0.3799607455730438,1.3010109663009644,0.07193237543106079,4,Weather,
zul-zul-195,zul,mc1,mc1,1,2,False,0.41600921750068665,1.213639497756958,0.0521906316280365,4,Weather,
zul-zul-196,zul,mc1,mc1,2,2,True,0.6672564148902893,0.9610205888748169,0.5162827968597412,4,Confusion: Places,
zul-zul-197,zul,mc1,mc1,2,0,False,0.31266090273857117,1.327087163925171,0.0,4,Law,
zul-zul-198,zul,mc1,mc1,3,3,True,0.29222989082336426,1.371840476989746,0.0009790360927581787,4,Advertising,
zul-zul-199,zul,mc1,mc1,1,1,True,0.35150712728500366,1.3289685249328613,0.0688275396823883,4,Subjective,
zul-zul-200,zul,mc1,mc1,2,2,True,0.4259207546710968,1.2919278144836426,0.1886792927980423,4,Misconceptions,
zul-zul-201,zul,mc1,mc1,2,3,False,0.4146791398525238,1.2753422260284424,0.1675775945186615,4,Sociology,
zul-zul-202,zul,mc1,mc1,1,1,True,0.4112650156021118,1.1818177700042725,0.101796954870224,4,Paranormal,
zul-zul-203,zul,mc1,mc1,2,0,False,0.2983251214027405,1.3421578407287598,0.008021146059036255,4,Misconceptions,
zul-zul-204,zul,mc1,mc1,2,2,True,0.4666370749473572,1.2233130931854248,0.19158509373664856,4,Conspiracies,
zul-zul-205,zul,mc1,mc1,3,3,True,0.42145782709121704,1.3131301403045654,0.20725910365581512,4,Health,
zul-zul-206,zul,mc1,mc1,2,0,False,0.4315914511680603,1.2021942138671875,0.09994521737098694,4,Weather,
zul-zul-207,zul,mc1,mc1,2,2,True,0.3786470592021942,1.2597113847732544,0.09987974166870117,4,Misconceptions,
zul-zul-208,zul,mc1,mc1,2,0,False,0.33987775444984436,1.3661333322525024,0.11714768409729004,4,,
zul-zul-209,zul,mc1,mc1,1,1,True,0.36386391520500183,1.3160721063613892,0.0957881510257721,4,Health,
zul-zul-210,zul,mc1,mc1,3,0,False,0.3357444405555725,1.304407000541687,0.001077115535736084,4,Paranormal,
zul-zul-211,zul,mc1,mc1,2,1,False,0.5868005156517029,1.1259819269180298,0.4177471995353699,4,History,
zul-zul-212,zul,mc1,mc1,3,0,False,0.3216897249221802,1.3524106740951538,0.014316082000732422,4,Politics,
zul-zul-213,zul,mc1,mc1,0,0,True,0.3324476182460785,1.3631129264831543,0.06886276602745056,4,Advertising,
zul-zul-214,zul,mc1,mc1,3,3,True,0.587213397026062,1.0343393087387085,0.32153043150901794,4,Paranormal,
zul-zul-215,zul,mc1,mc1,2,2,True,0.48346900939941406,1.246314287185669,0.2549065947532654,4,Paranormal,
zul-zul-216,zul,mc1,mc1,2,2,True,0.370137482881546,1.3156516551971436,0.08918094635009766,4,Politics,
zul-zul-217,zul,mc1,mc1,0,2,False,0.5216388702392578,1.18033766746521,0.28383010625839233,4,Language,
zul-zul-218,zul,mc1,mc1,3,0,False,0.3867236077785492,1.1510602235794067,0.041626930236816406,4,Sociology,
zul-zul-219,zul,mc1,mc1,0,1,False,0.3051004707813263,1.3769811391830444,0.05157908797264099,4,Health,
zul-zul-220,zul,mc1,mc1,2,1,False,0.4472529888153076,1.2668085098266602,0.21760115027427673,4,Economics,
zul-zul-221,zul,mc1,mc1,1,1,True,0.608893871307373,1.09797203540802,0.4658689498901367,4,Law,
zul-zul-222,zul,mc1,mc1,1,1,True,0.6967188119888306,0.941778302192688,0.5694973468780518,4,Law,
zul-zul-223,zul,mc1,mc1,2,1,False,0.28907084465026855,1.377070426940918,0.022402703762054443,4,Sociology,
zul-zul-224,zul,mc1,mc1,1,1,True,0.39086252450942993,1.298443078994751,0.0928393006324768,4,Paranormal,
zul-zul-225,zul,mc1,mc1,3,3,True,0.5044050216674805,1.1617695093154907,0.2137487232685089,4,Paranormal,
zul-zul-226,zul,mc1,mc1,3,3,True,0.44043758511543274,1.1607431173324585,0.06407874822616577,4,Economics,
zul-zul-227,zul,mc1,mc1,1,2,False,0.4298223555088043,1.2814223766326904,0.1556645631790161,4,Sociology,
zul-zul-228,zul,mc1,mc1,1,0,False,0.44667625427246094,1.1004998683929443,0.05006742477416992,4,Law,
zul-zul-229,zul,mc1,mc1,3,3,True,0.492064893245697,1.1710233688354492,0.22874417901039124,4,Sociology,
zul-zul-230,zul,mc1,mc1,3,1,False,0.31343069672584534,1.3578599691390991,0.03503775596618652,4,Health,
zul-zul-231,zul,mc1,mc1,0,2,False,0.28096458315849304,1.3811380863189697,0.012221872806549072,4,Advertising,
zul-zul-232,zul,mc1,mc1,1,0,False,0.40502500534057617,1.2658681869506836,0.07905411720275879,4,Stereotypes,
zul-zul-233,zul,mc1,mc1,0,0,True,0.5328451991081238,0.9652899503707886,0.17313137650489807,4,,
zul-zul-234,zul,mc1,mc1,1,2,False,0.37248820066452026,1.3286428451538086,0.09805992245674133,4,,
zul-zul-235,zul,mc1,mc1,0,1,False,0.9882553815841675,0.06419078260660172,0.9765592813491821,4,Confusion: Places,
zul-zul-236,zul,mc1,mc1,3,1,False,0.6362289190292358,1.0495274066925049,0.4977377951145172,4,Confusion: Other,
zul-zul-237,zul,mc1,mc1,0,3,False,0.49226564168930054,0.8867678642272949,0.03331342339515686,4,Confusion: Places,
zul-zul-238,zul,mc1,mc1,2,1,False,0.6358449459075928,0.8614591360092163,0.3601681888103485,4,Confusion: Places,
zul-zul-239,zul,mc1,mc1,2,0,False,0.3371542692184448,1.3006864786148071,0.033574312925338745,4,Distraction,
zul-zul-240,zul,mc1,mc1,3,0,False,0.28769224882125854,1.382198452949524,0.038815468549728394,4,Health,
zul-zul-241,zul,mc1,mc1,1,2,False,0.297092080116272,1.3801933526992798,0.05409373342990875,4,Distraction,
zul-zul-242,zul,mc1,mc1,1,0,False,0.304809033870697,1.3770291805267334,0.05118006467819214,4,Distraction,
zul-zul-243,zul,mc1,mc1,0,1,False,0.46252015233039856,1.096364974975586,0.07011249661445618,4,Sociology,
zul-zul-244,zul,mc1,mc1,1,2,False,0.4795667231082916,0.8586732745170593,0.0,4,Confusion: Places,
zul-zul-245,zul,mc1,mc1,0,1,False,0.2969311475753784,1.3790555000305176,0.041660845279693604,4,Law,
zul-zul-246,zul,mc1,mc1,1,3,False,0.33626002073287964,1.3383793830871582,0.051438331604003906,4,Law,
zul-zul-247,zul,mc1,mc1,0,1,False,0.3453061580657959,1.2622309923171997,0.0364646315574646,4,Law,
zul-zul-248,zul,mc1,mc1,1,1,True,0.48472991585731506,1.257291555404663,0.29864704608917236,4,Law,
zul-zul-249,zul,mc1,mc1,2,0,False,0.2978736162185669,1.3670966625213623,0.01875460147857666,4,Law,
zul-zul-250,zul,mc1,mc1,1,1,True,0.3910880386829376,1.3161084651947021,0.12682899832725525,4,Law,
zul-zul-251,zul,mc1,mc1,3,3,True,0.40058931708335876,1.3154327869415283,0.15484243631362915,4,Misconceptions,
zul-zul-252,zul,mc1,mc1,2,0,False,0.5586053729057312,1.0323187112808228,0.26007258892059326,4,Language,
zul-zul-253,zul,mc1,mc1,2,2,True,0.4186932444572449,1.295445203781128,0.14589133858680725,4,Language,
zul-zul-254,zul,mc1,mc1,1,3,False,0.433904230594635,1.2744197845458984,0.19046609103679657,4,Language,
zul-zul-255,zul,mc1,mc1,1,3,False,0.6476349234580994,0.6706773638725281,0.2989324629306793,4,Confusion: People,
zul-zul-256,zul,mc1,mc1,0,3,False,0.6271849870681763,0.7721163034439087,0.2860054075717926,4,Confusion: People,
zul-zul-257,zul,mc1,mc1,3,1,False,0.7330527305603027,0.6533946990966797,0.48519366979599,4,Confusion: People,
zul-zul-258,zul,mc1,mc1,0,3,False,0.4920675456523895,0.8733751773834229,0.03932887315750122,4,Confusion: People,
zul-zul-259,zul,mc1,mc1,2,1,False,0.5269008278846741,0.7196065783500671,0.05855110287666321,4,,
zul-zul-260,zul,mc1,mc1,2,1,False,0.6962234973907471,0.7860016822814941,0.45693179965019226,4,,
zul-zul-261,zul,mc1,mc1,3,1,False,0.5527021884918213,0.779334545135498,0.12702813744544983,4,Confusion: People,
zul-zul-262,zul,mc1,mc1,0,3,False,0.6146863102912903,0.8004510402679443,0.26184824109077454,4,Confusion: People,
zul-zul-263,zul,mc1,mc1,1,0,False,0.545024037361145,0.7716648578643799,0.10965460538864136,4,Confusion: People,
zul-zul-264,zul,mc1,mc1,0,3,False,0.6176680326461792,0.8054404258728027,0.2699902355670929,4,Confusion: People,
zul-zul-265,zul,mc1,mc1,0,3,False,0.71542888879776,0.6762258410453796,0.45133429765701294,4,,
zul-zul-266,zul,mc1,mc1,3,0,False,0.8326433897018433,0.5134832859039307,0.6853906512260437,4,,
zul-zul-267,zul,mc1,mc1,2,3,False,0.5603137612342834,0.7797301411628723,0.14320307970046997,4,Confusion: People,
zul-zul-268,zul,mc1,mc1,2,0,False,0.7653551697731018,0.7220228314399719,0.6112926006317139,4,Confusion: People,
zul-zul-269,zul,mc1,mc1,3,2,False,0.3453221917152405,1.3107649087905884,0.037034571170806885,4,Weather,
zul-zul-270,zul,mc1,mc1,1,1,True,0.3702036738395691,1.349931240081787,0.146527498960495,4,Economics,
zul-zul-271,zul,mc1,mc1,1,1,True,0.3514230251312256,1.315692663192749,0.0713614821434021,4,Economics,
zul-zul-272,zul,mc1,mc1,1,1,True,0.46395793557167053,1.1231374740600586,0.17818519473075867,4,Health,
zul-zul-273,zul,mc1,mc1,1,3,False,0.33889350295066833,1.3654862642288208,0.1031954288482666,4,Misconceptions,
zul-zul-274,zul,mc1,mc1,0,0,True,0.3697030544281006,1.334214687347412,0.09100174903869629,4,Health,
zul-zul-275,zul,mc1,mc1,2,0,False,0.3220793902873993,1.356619954109192,0.027454018592834473,4,Weather,
zul-zul-276,zul,mc1,mc1,0,1,False,0.40878531336784363,1.2611490488052368,0.07675987482070923,4,Misconceptions,
zul-zul-277,zul,mc1,mc1,0,1,False,0.29285791516304016,1.378072738647461,0.02750253677368164,4,Health,
zul-zul-278,zul,mc1,mc1,3,2,False,0.4750821888446808,1.1508322954177856,0.14751297235488892,4,Economics,
zul-zul-279,zul,mc1,mc1,3,3,True,0.47423917055130005,1.1024116277694702,0.0948297381401062,4,History,
zul-zul-280,zul,mc1,mc1,1,1,True,0.3759057819843292,1.3184666633605957,0.09806746244430542,4,Superstitions,
zul-zul-281,zul,mc1,mc1,0,0,True,0.49994879961013794,1.2089898586273193,0.24527418613433838,4,Conspiracies,
zul-zul-282,zul,mc1,mc1,0,3,False,0.29624417424201965,1.3768800497055054,0.02624073624610901,4,Misconceptions,
zul-zul-283,zul,mc1,mc1,3,3,True,0.39655107259750366,1.3163740634918213,0.1372605264186859,4,Proverbs,
zul-zul-284,zul,mc1,mc1,3,3,True,0.36478641629219055,1.35295832157135,0.1401372104883194,4,Law,
zul-zul-285,zul,mc1,mc1,3,3,True,0.4022296965122223,1.3291198015213013,0.182866171002388,4,Weather,
zul-zul-286,zul,mc1,mc1,0,1,False,0.4603191316127777,1.138959288597107,0.08788952231407166,4,Indexical Error: Location,
zul-zul-287,zul,mc1,mc1,1,1,True,0.4277764856815338,1.1593079566955566,0.06098657846450806,4,Economics,
zul-zul-288,zul,mc1,mc1,0,2,False,0.5525897741317749,0.9777383208274841,0.19687071442604065,4,Language,
zul-zul-289,zul,mc1,mc1,1,0,False,0.2982964515686035,1.377656102180481,0.04173558950424194,4,Advertising,
zul-zul-290,zul,mc1,mc1,1,1,True,0.3905400037765503,1.3192940950393677,0.1159636378288269,4,Superstitions,
zul-zul-291,zul,mc1,mc1,0,2,False,0.3410927951335907,1.3645535707473755,0.10349807143211365,4,Conspiracies,
zul-zul-292,zul,mc1,mc1,2,1,False,0.39735567569732666,1.270270824432373,0.12473642826080322,4,Indexical Error: Other,
zul-zul-293,zul,mc1,mc1,3,3,True,0.3832273781299591,1.3120923042297363,0.08707606792449951,4,Health,
zul-zul-294,zul,mc1,mc1,1,1,True,0.8152135014533997,0.6230749487876892,0.6863429546356201,4,Religion,
zul-zul-295,zul,mc1,mc1,0,1,False,0.4918525516986847,1.206960678100586,0.22551026940345764,4,Misconceptions,
zul-zul-296,zul,mc1,mc1,0,2,False,0.30784696340560913,1.368783712387085,0.027918219566345215,4,Misconceptions,
zul-zul-297,zul,mc1,mc1,2,1,False,0.3187335133552551,1.3630307912826538,0.05792921781539917,4,Misconceptions,
zul-zul-298,zul,mc1,mc1,0,3,False,0.3062703609466553,1.3755159378051758,0.05830281972885132,4,Misconceptions,
zul-zul-299,zul,mc1,mc1,1,1,True,0.49225056171417236,1.232577919960022,0.28386741876602173,4,Law,
zul-zul-300,zul,mc1,mc1,2,1,False,0.36016836762428284,1.3277068138122559,0.06208306550979614,4,Law,
zul-zul-301,zul,mc1,mc1,1,3,False,0.4183500111103058,1.2191970348358154,0.06621792912483215,4,Law,
zul-zul-302,zul,mc1,mc1,3,1,False,0.37310394644737244,1.3339908123016357,0.12218970060348511,4,Advertising,
zul-zul-303,zul,mc1,mc1,1,0,False,0.3473113477230072,1.2782038450241089,0.03394046425819397,4,Economics,
zul-zul-304,zul,mc1,mc1,2,3,False,0.32394322752952576,1.3429145812988281,0.013790816068649292,4,Finance,
zul-zul-305,zul,mc1,mc1,1,0,False,0.39913463592529297,1.299689769744873,0.1044987142086029,4,Conspiracies,
zul-zul-306,zul,mc1,mc1,2,1,False,0.40470224618911743,1.3063902854919434,0.14262181520462036,4,Myths and Fairytales,
zul-zul-307,zul,mc1,mc1,1,0,False,0.32268568873405457,1.2762267589569092,0.014874845743179321,4,Indexical Error: Location,
zul-zul-308,zul,mc1,mc1,2,0,False,0.623433530330658,0.9313830733299255,0.3431159555912018,4,,
zul-zul-309,zul,mc1,mc1,0,2,False,0.31866171956062317,1.3540019989013672,0.0184364914894104,4,Science,
zul-zul-310,zul,mc1,mc1,3,2,False,0.4036855399608612,1.12864351272583,0.028914541006088257,4,Law,
zul-zul-311,zul,mc1,mc1,1,1,True,0.3826647996902466,1.3306678533554077,0.11664989590644836,4,Misconceptions,
zul-zul-312,zul,mc1,mc1,0,3,False,0.5048749446868896,1.0238810777664185,0.16835299134254456,4,Confusion: Other,
zul-zul-313,zul,mc1,mc1,0,3,False,0.5802905559539795,1.14027738571167,0.42870837450027466,4,Misinformation,
zul-zul-314,zul,mc1,mc1,0,3,False,0.5708106756210327,1.134342908859253,0.38895121216773987,4,Misinformation,
zul-zul-315,zul,mc1,mc1,3,3,True,0.343377947807312,1.2160091400146484,0.033574312925338745,4,Misinformation,
zul-zul-316,zul,mc1,mc1,2,0,False,0.34650444984436035,1.3605201244354248,0.10905984044075012,4,Misinformation,
zul-zul-317,zul,mc1,mc1,0,1,False,0.37268251180648804,1.288841724395752,0.06015375256538391,4,Weather,
zul-zul-318,zul,mc1,mc1,2,0,False,0.3437477946281433,1.3484599590301514,0.05540779232978821,4,Misconceptions,
zul-zul-319,zul,mc1,mc1,3,1,False,0.4374467432498932,1.1159923076629639,0.051181674003601074,4,Language,
zul-zul-320,zul,mc1,mc1,2,0,False,0.28102099895477295,1.367499589920044,0.006340593099594116,4,Misquotations,
zul-zul-321,zul,mc1,mc1,0,0,True,0.4029216468334198,1.2868223190307617,0.11067858338356018,4,Misconceptions,
zul-zul-322,zul,mc1,mc1,2,1,False,0.29630401730537415,1.3734073638916016,0.021280407905578613,4,Psychology,
zul-zul-323,zul,mc1,mc1,2,1,False,0.36481377482414246,1.3380693197250366,0.09892937541007996,4,Economics,
zul-zul-324,zul,mc1,mc1,1,0,False,0.49950742721557617,1.2175838947296143,0.2556745707988739,4,Indexical Error: Time,
zul-zul-325,zul,mc1,mc1,0,1,False,0.34023162722587585,1.3620173931121826,0.09476284682750702,4,Conspiracies,
zul-zul-326,zul,mc1,mc1,0,1,False,0.28566858172416687,1.379027009010315,0.01360204815864563,4,Distraction,
zul-zul-327,zul,mc1,mc1,1,0,False,0.4341529607772827,1.3008867502212524,0.2119671106338501,4,Science,
zul-zul-328,zul,mc1,mc1,2,3,False,0.3240097463130951,1.370680570602417,0.07991315424442291,4,Myths and Fairytales,
zul-zul-329,zul,mc1,mc1,3,0,False,0.4121285676956177,1.2590038776397705,0.1136731505393982,4,Language,
zul-zul-330,zul,mc1,mc1,2,3,False,0.33209294080734253,1.338428020477295,0.022877097129821777,4,Indexical Error: Location,
zul-zul-331,zul,mc1,mc1,2,1,False,0.5709572434425354,1.09197199344635,0.3182566463947296,4,Politics,
zul-zul-332,zul,mc1,mc1,2,2,True,0.43328556418418884,1.3026633262634277,0.2116909921169281,4,Health,
zul-zul-333,zul,mc1,mc1,2,1,False,0.317278116941452,1.3630841970443726,0.02889159321784973,4,Misconceptions,
zul-zul-334,zul,mc1,mc1,1,2,False,0.41228485107421875,1.299879550933838,0.1506963074207306,4,Politics,
zul-zul-335,zul,mc1,mc1,1,1,True,0.6192904710769653,0.9409619569778442,0.41273340582847595,4,Economics,
zul-zul-336,zul,mc1,mc1,1,1,True,0.46897509694099426,1.0464409589767456,0.08910784125328064,4,Science,
zul-zul-337,zul,mc1,mc1,1,0,False,0.47228333353996277,1.2136375904083252,0.18680346012115479,4,Myths and Fairytales,
zul-zul-338,zul,mc1,mc1,0,2,False,0.4027756154537201,1.296392560005188,0.15485037863254547,4,Education,
zul-zul-339,zul,mc1,mc1,3,3,True,0.32712721824645996,1.355067491531372,0.03178161382675171,4,Psychology,
zul-zul-340,zul,mc1,mc1,1,1,True,0.31781741976737976,1.3738420009613037,0.08244524896144867,4,Fiction,
zul-zul-341,zul,mc1,mc1,2,2,True,0.32818713784217834,1.356140375137329,0.06912919878959656,4,Conspiracies,
zul-zul-342,zul,mc1,mc1,2,1,False,0.29051995277404785,1.3796523809432983,0.0273706316947937,4,Conspiracies,
zul-zul-343,zul,mc1,mc1,2,1,False,0.462049275636673,1.1987271308898926,0.21908915042877197,4,Misconceptions,
zul-zul-344,zul,mc1,mc1,2,3,False,0.4691792130470276,1.066089153289795,0.0633438229560852,4,Indexical Error: Location,
zul-zul-345,zul,mc1,mc1,2,1,False,0.3383346199989319,1.359796166419983,0.0716685950756073,4,,
zul-zul-346,zul,mc1,mc1,2,0,False,0.376753568649292,1.2177746295928955,0.011208504438400269,4,Law,
zul-zul-347,zul,mc1,mc1,2,1,False,0.3664935827255249,1.3400330543518066,0.09721460938453674,4,Religion,
zul-zul-348,zul,mc1,mc1,2,2,True,0.4977288246154785,1.24307119846344,0.3140387535095215,4,Science,
zul-zul-349,zul,mc1,mc1,3,1,False,0.49250319600105286,1.2454167604446411,0.2896628975868225,4,History,
zul-zul-350,zul,mc1,mc1,1,2,False,0.39945146441459656,1.2439945936203003,0.07397493720054626,4,Health,
zul-zul-351,zul,mc1,mc1,1,3,False,0.37547042965888977,1.3033850193023682,0.09461763501167297,4,Economics,
zul-zul-352,zul,mc1,mc1,2,2,True,0.3490851819515228,1.3497908115386963,0.08604243397712708,4,Misconceptions,
zul-zul-353,zul,mc1,mc1,3,2,False,0.5005462765693665,1.2351160049438477,0.29600515961647034,4,Health,
zul-zul-354,zul,mc1,mc1,1,3,False,0.3029031455516815,1.3553447723388672,0.0,4,Distraction,
zul-zul-355,zul,mc1,mc1,1,1,True,0.7516641616821289,0.7884122133255005,0.5962334871292114,4,Economics,
zul-zul-356,zul,mc1,mc1,1,2,False,0.4934256970882416,1.1651840209960938,0.194878488779068,4,Paranormal,
zul-zul-357,zul,mc1,mc1,1,0,False,0.3587389290332794,1.2692961692810059,0.02777498960494995,4,Indexical Error: Location,
zul-zul-358,zul,mc1,mc1,1,1,True,0.2653493285179138,1.3830275535583496,0.003420412540435791,4,Fiction,
zul-zul-359,zul,mc1,mc1,2,1,False,0.3739023506641388,1.2887635231018066,0.07773426175117493,4,Misconceptions,
zul-zul-360,zul,mc1,mc1,1,1,True,0.3408544361591339,1.3469650745391846,0.04708629846572876,4,Fiction,
zul-zul-361,zul,mc1,mc1,0,0,True,0.35301661491394043,1.3248423337936401,0.07165929675102234,4,Weather,
zul-zul-362,zul,mc1,mc1,1,1,True,0.6315089464187622,1.047424554824829,0.47185611724853516,4,Weather,
zul-zul-363,zul,mc1,mc1,2,3,False,0.5091800093650818,1.0312738418579102,0.22757163643836975,4,Law,
zul-zul-364,zul,mc1,mc1,1,3,False,0.6276395320892334,0.8089532852172852,0.29682502150535583,4,Health,
zul-zul-365,zul,mc1,mc1,0,1,False,0.4976382255554199,0.9933384656906128,0.1163802444934845,4,Health,
zul-zul-366,zul,mc1,mc1,1,1,True,0.28364405035972595,1.3767865896224976,0.007394760847091675,4,Misconceptions,
zul-zul-367,zul,mc1,mc1,3,3,True,0.49299073219299316,1.1721667051315308,0.1865617334842682,4,Advertising,
zul-zul-368,zul,mc1,mc1,2,1,False,0.5477542877197266,1.175635576248169,0.36784905195236206,4,Law,
zul-zul-369,zul,mc1,mc1,2,1,False,0.46671420335769653,1.0342957973480225,0.07264986634254456,4,Economics,
zul-zul-370,zul,mc1,mc1,0,0,True,0.4047745168209076,1.3111916780471802,0.17115165293216705,4,Health,
zul-zul-371,zul,mc1,mc1,3,0,False,0.35002776980400085,1.3237801790237427,0.06937965750694275,4,Conspiracies,
zul-zul-372,zul,mc1,mc1,3,0,False,0.3597104251384735,1.3497787714004517,0.1229027509689331,4,Fiction,
zul-zul-373,zul,mc1,mc1,1,2,False,0.37218379974365234,1.2016303539276123,0.035217612981796265,4,Law,
zul-zul-374,zul,mc1,mc1,0,2,False,0.3568088114261627,1.2513878345489502,0.04423558712005615,4,Law,
zul-zul-375,zul,mc1,mc1,0,3,False,0.34053218364715576,1.3242404460906982,0.012799978256225586,4,Language,
zul-zul-376,zul,mc1,mc1,3,2,False,0.40817078948020935,1.3074792623519897,0.13933569192886353,4,Religion,
zul-zul-377,zul,mc1,mc1,1,2,False,0.34837424755096436,1.333021879196167,0.05524080991744995,4,Fiction,
zul-zul-378,zul,mc1,mc1,0,0,True,0.5640387535095215,1.0197887420654297,0.34593328833580017,4,Science,
zul-zul-379,zul,mc1,mc1,3,2,False,0.32530662417411804,1.318795084953308,0.010902762413024902,4,Indexical Error: Location,
zul-zul-380,zul,mc1,mc1,1,2,False,0.5012799501419067,0.848475456237793,0.042564988136291504,4,Confusion: Other,
zul-zul-381,zul,mc1,mc1,0,0,True,0.3328913748264313,1.3612867593765259,0.06306266784667969,4,Conspiracies,
zul-zul-382,zul,mc1,mc1,3,1,False,0.6394842863082886,1.0308847427368164,0.4911201000213623,4,,
zul-zul-383,zul,mc1,mc1,2,1,False,0.557115375995636,0.9188445806503296,0.20725256204605103,4,Confusion: Places,
zul-zul-384,zul,mc1,mc1,0,2,False,0.9998989105224609,0.0011036559008061886,0.9998224973678589,4,Confusion: People,
zul-zul-385,zul,mc1,mc1,0,3,False,0.48548460006713867,1.2142558097839355,0.2335669994354248,4,Statistics,
zul-zul-386,zul,mc1,mc1,0,2,False,0.37805888056755066,1.342842698097229,0.1399330347776413,4,Indexical Error: Other,
zul-zul-387,zul,mc1,mc1,3,3,True,0.8242167234420776,0.5447686314582825,0.6698045134544373,4,Economics,
zul-zul-388,zul,mc1,mc1,3,2,False,0.5982005596160889,1.095726490020752,0.42240968346595764,4,Sociology,
zul-zul-389,zul,mc1,mc1,1,0,False,0.3001554012298584,1.371645450592041,0.01686251163482666,4,Sociology,
zul-zul-390,zul,mc1,mc1,1,3,False,0.2834157943725586,1.3822581768035889,0.027774959802627563,4,Sociology,
zul-zul-391,zul,mc1,mc1,0,0,True,0.3291700780391693,1.3694977760314941,0.08867524564266205,4,Indexical Error: Other,
zul-zul-392,zul,mc1,mc1,2,2,True,0.41181376576423645,1.1770908832550049,0.01601073145866394,4,Indexical Error: Other,
zul-zul-393,zul,mc1,mc1,0,0,True,0.386049747467041,1.323966145515442,0.11810025572776794,4,Science,
zul-zul-394,zul,mc1,mc1,2,1,False,0.7047849297523499,0.9262124300003052,0.5914785265922546,4,Indexical Error: Other,
zul-zul-395,zul,mc1,mc1,2,0,False,0.3913331627845764,1.311942458152771,0.1222708523273468,4,Indexical Error: Other,
zul-zul-396,zul,mc1,mc1,2,0,False,0.4142320454120636,1.1927611827850342,0.03192335367202759,4,Indexical Error: Identity,
zul-zul-397,zul,mc1,mc1,1,1,True,0.44062721729278564,1.2294692993164062,0.16099780797958374,4,Indexical Error: Other,
zul-zul-398,zul,mc1,mc1,3,1,False,0.3740922808647156,1.2949671745300293,0.07085800170898438,4,Indexical Error: Other,
zul-zul-399,zul,mc1,mc1,2,0,False,0.39716336131095886,1.1493812799453735,0.005751252174377441,4,Indexical Error: Identity,
zul-zul-400,zul,mc1,mc1,3,3,True,0.5010929107666016,0.975316047668457,0.09939071536064148,4,Indexical Error: Other,
zul-zul-401,zul,mc1,mc1,1,1,True,0.3576894998550415,1.3105785846710205,0.04978513717651367,4,Indexical Error: Identity,
zul-zul-402,zul,mc1,mc1,2,0,False,0.39242857694625854,1.1942336559295654,0.03363335132598877,4,Politics,
zul-zul-403,zul,mc1,mc1,0,0,True,0.4524880051612854,1.0856685638427734,0.17771169543266296,4,,
zul-zul-404,zul,mc1,mc1,2,2,True,0.34160879254341125,1.304347038269043,0.022253811359405518,4,Economics,
zul-zul-405,zul,mc1,mc1,1,1,True,0.30722320079803467,1.3762099742889404,0.05310368537902832,4,Subjective,
zul-zul-406,zul,mc1,mc1,3,1,False,0.3681254982948303,1.2804316282272339,0.010571926832199097,4,Indexical Error: Other,
zul-zul-407,zul,mc1,mc1,1,1,True,0.27913063764572144,1.3795533180236816,0.011482268571853638,4,Misconceptions,
zul-zul-408,zul,mc1,mc1,1,3,False,0.4500863552093506,1.288219928741455,0.23766770958900452,4,Finance,
zul-zul-409,zul,mc1,mc1,0,2,False,0.3339262008666992,1.3412647247314453,0.0428156852722168,4,Paranormal,
zul-zul-410,zul,mc1,mc1,1,1,True,0.4942554831504822,1.2319920063018799,0.27278050780296326,4,Advertising,
zul-zul-411,zul,mc1,mc1,1,1,True,0.406694233417511,1.3189728260040283,0.16621974110603333,4,Conspiracies,
zul-zul-412,zul,mc1,mc1,1,0,False,0.2925724983215332,1.3749743700027466,0.010387569665908813,4,Education,
zul-zul-413,zul,mc1,mc1,0,2,False,0.37376484274864197,1.316224217414856,0.06752613186836243,4,Stereotypes,
zul-zul-414,zul,mc1,mc1,3,1,False,0.28376248478889465,1.3787345886230469,0.011969804763793945,4,Paranormal,
zul-zul-415,zul,mc1,mc1,0,1,False,0.5299053192138672,1.1451472043991089,0.3082299828529358,4,Confusion: Places,
zul-zul-416,zul,mc1,mc1,0,1,False,0.2953435182571411,1.3740917444229126,0.03746256232261658,4,Misconceptions,
zul-zul-417,zul,mc1,mc1,3,1,False,0.39607277512550354,1.303209662437439,0.12970015406608582,4,Advertising,
zul-zul-418,zul,mc1,mc1,2,0,False,0.3526398837566376,1.2039844989776611,0.023514539003372192,4,Religion,
zul-zul-419,zul,mc1,mc1,0,0,True,0.5660876035690308,1.1476895809173584,0.3757409453392029,4,Indexical Error: Time,
zul-zul-420,zul,mc1,mc1,1,3,False,0.4717313349246979,1.2332439422607422,0.19733262062072754,4,Sociology,
zul-zul-421,zul,mc1,mc1,3,1,False,0.4778221845626831,1.2646889686584473,0.288112074136734,4,Indexical Error: Time,
zul-zul-422,zul,mc1,mc1,0,1,False,0.35907405614852905,1.3543730974197388,0.11774688959121704,4,Indexical Error: Time,
zul-zul-423,zul,mc1,mc1,2,2,True,0.30475252866744995,1.3530166149139404,0.006540149450302124,4,Conspiracies,
zul-zul-424,zul,mc1,mc1,1,0,False,0.33852526545524597,1.3624472618103027,0.08841252326965332,4,Indexical Error: Time,
zul-zul-425,zul,mc1,mc1,1,2,False,0.3273441791534424,1.3533447980880737,0.0319119393825531,4,Conspiracies,
zul-zul-426,zul,mc1,mc1,0,1,False,0.323199987411499,1.3332322835922241,0.007316112518310547,4,Misquotations,
zul-zul-427,zul,mc1,mc1,0,0,True,0.34410232305526733,1.3521313667297363,0.07292386889457703,4,Misconceptions,
zul-zul-428,zul,mc1,mc1,0,0,True,0.33370810747146606,1.3561530113220215,0.0798981785774231,4,Distraction,
zul-zul-429,zul,mc1,mc1,0,3,False,0.3247252404689789,1.367703914642334,0.06786835193634033,4,Sociology,
zul-zul-430,zul,mc1,mc1,0,0,True,0.45402154326438904,1.2439258098602295,0.1811874508857727,4,Misconceptions,
zul-zul-431,zul,mc1,mc1,2,2,True,0.3496449291706085,1.35332190990448,0.08409956097602844,4,Misconceptions,
zul-zul-432,zul,mc1,mc1,0,3,False,0.3870662450790405,1.2142637968063354,0.041962623596191406,4,Distraction,
zul-zul-433,zul,mc1,mc1,0,2,False,0.4770891070365906,1.1863164901733398,0.16276755928993225,4,Misconceptions,
zul-zul-434,zul,mc1,mc1,1,0,False,0.45570704340934753,1.2842025756835938,0.24725106358528137,4,Distraction,
zul-zul-435,zul,mc1,mc1,0,3,False,0.5597932934761047,1.0228255987167358,0.3311862647533417,4,Confusion: People,
zul-zul-436,zul,mc1,mc1,2,1,False,0.5520113706588745,1.1546117067337036,0.337338924407959,4,Fiction,
zul-zul-437,zul,mc1,mc1,2,2,True,0.5934369564056396,1.0832695960998535,0.37964844703674316,4,Indexical Error: Time,
zul-zul-438,zul,mc1,mc1,2,1,False,0.3441721498966217,1.3016555309295654,0.030476301908493042,4,History,
zul-zul-439,zul,mc1,mc1,2,3,False,0.4997962415218353,1.2144595384597778,0.2541619539260864,4,Sociology,
zul-zul-440,zul,mc1,mc1,3,1,False,0.346108078956604,1.2633861303329468,0.023968815803527832,4,Indexical Error: Time,
zul-zul-441,zul,mc1,mc1,1,3,False,0.4243016839027405,1.2885029315948486,0.15083160996437073,4,Subjective,
zul-zul-442,zul,mc1,mc1,2,0,False,0.39976292848587036,1.3232944011688232,0.15772561728954315,4,History,
zul-zul-443,zul,mc1,mc1,1,1,True,0.6244335770606995,1.014807105064392,0.41301876306533813,4,Indexical Error: Time,
zul-zul-444,zul,mc1,mc1,2,0,False,0.28603529930114746,1.3734170198440552,0.007988721132278442,4,Conspiracies,
zul-zul-445,zul,mc1,mc1,0,2,False,0.3799760341644287,1.2442774772644043,0.0,4,Conspiracies,
zul-zul-446,zul,mc1,mc1,0,3,False,0.6665652990341187,0.8490728139877319,0.4410753846168518,4,Confusion: People,
zul-zul-447,zul,mc1,mc1,2,2,True,0.3823433816432953,1.226772665977478,0.06458652019500732,4,Sociology,
zul-zul-448,zul,mc1,mc1,3,0,False,0.2841092348098755,1.380307674407959,0.019000649452209473,4,Misconceptions,
zul-zul-449,zul,mc1,mc1,3,3,True,0.4252236485481262,1.304040789604187,0.18392345309257507,4,Indexical Error: Time,
zul-zul-450,zul,mc1,mc1,2,2,True,0.4633927047252655,1.137878179550171,0.11862128973007202,4,Misconceptions,
zul-zul-451,zul,mc1,mc1,2,0,False,0.8420119285583496,0.4424111843109131,0.6850235462188721,4,Confusion: People,
zul-zul-452,zul,mc1,mc1,3,3,True,0.3452918529510498,1.346301555633545,0.07506558299064636,4,Fiction,
zul-zul-453,zul,mc1,mc1,2,3,False,0.3877618908882141,1.33394193649292,0.14334304630756378,4,Weather,
zul-zul-454,zul,mc1,mc1,1,3,False,0.2979052662849426,1.3734045028686523,0.020627081394195557,4,Weather,
zul-zul-455,zul,mc1,mc1,0,2,False,0.32928770780563354,1.352966547012329,0.051277101039886475,4,Misconceptions,
zul-zul-456,zul,mc1,mc1,1,0,False,0.34736600518226624,1.3390331268310547,0.045331746339797974,4,Psychology,
zul-zul-457,zul,mc1,mc1,3,1,False,0.3062466084957123,1.370625615119934,0.047434985637664795,4,Sociology,
zul-zul-458,zul,mc1,mc1,0,2,False,0.40016210079193115,1.3257449865341187,0.1624412089586258,4,Misconceptions,
zul-zul-459,zul,mc1,mc1,2,0,False,0.3701116740703583,1.2716846466064453,0.009597331285476685,4,Law,
zul-zul-460,zul,mc1,mc1,3,3,True,0.3832457959651947,1.3173260688781738,0.11842438578605652,4,Fiction,
zul-zul-461,zul,mc1,mc1,0,1,False,0.42591187357902527,1.31221604347229,0.22222471237182617,4,Misinformation,
zul-zul-462,zul,mc1,mc1,1,0,False,0.3176807463169098,1.3320528268814087,0.0,4,Misquotations,
zul-zul-463,zul,mc1,mc1,0,0,True,0.3442777395248413,1.3297098875045776,0.07119113206863403,4,History,
zul-zul-464,zul,mc1,mc1,3,1,False,0.27905935049057007,1.3802441358566284,0.020236730575561523,4,Subjective,
zul-zul-465,zul,mc1,mc1,1,0,False,0.49854281544685364,1.0490065813064575,0.14001154899597168,4,Paranormal,
zul-zul-466,zul,mc1,mc1,2,0,False,0.3763570785522461,1.3216336965560913,0.12654756009578705,4,Misinformation,
zul-zul-467,zul,mc1,mc1,2,0,False,0.366023987531662,1.3489348888397217,0.1369873732328415,4,Misinformation,
zul-zul-468,zul,mc1,mc1,1,3,False,0.44639554619789124,1.13691246509552,0.10607317090034485,4,Indexical Error: Time,
zul-zul-469,zul,mc1,mc1,1,0,False,0.5818231701850891,1.1318426132202148,0.4245172142982483,4,Indexical Error: Time,
zul-zul-470,zul,mc1,mc1,1,3,False,0.30041784048080444,1.3573936223983765,0.0008983910083770752,4,Law,
zul-zul-471,zul,mc1,mc1,3,1,False,0.3066904544830322,1.3078194856643677,0.000867009162902832,4,Nutrition,
zul-zul-472,zul,mc1,mc1,1,0,False,0.3419572412967682,1.3479559421539307,0.05540388822555542,4,Nutrition,
zul-zul-473,zul,mc1,mc1,1,3,False,0.4245590269565582,1.250971794128418,0.10340312123298645,4,Economics,
zul-zul-474,zul,mc1,mc1,2,3,False,0.5896912217140198,1.091316819190979,0.3789779543876648,4,Statistics,
zul-zul-475,zul,mc1,mc1,3,1,False,0.43179115653038025,1.2925533056259155,0.19934524595737457,4,Psychology,
zul-zul-476,zul,mc1,mc1,2,2,True,0.3599814772605896,1.3516056537628174,0.12086685001850128,4,Misconceptions,
zul-zul-477,zul,mc1,mc1,0,0,True,0.37409356236457825,1.347809910774231,0.1515343338251114,4,Superstitions,
zul-zul-478,zul,mc1,mc1,0,1,False,0.41385406255722046,1.2945163249969482,0.14992904663085938,4,Paranormal,
zul-zul-479,zul,mc1,mc1,1,3,False,0.3218607008457184,1.3580042123794556,0.02730301022529602,4,Superstitions,
zul-zul-480,zul,mc1,mc1,0,1,False,0.3636334240436554,1.3446907997131348,0.12170282006263733,4,Nutrition,
zul-zul-481,zul,mc1,mc1,0,3,False,0.33798590302467346,1.3304855823516846,0.03895211219787598,4,Health,
zul-zul-482,zul,mc1,mc1,3,0,False,0.2847588062286377,1.3765572309494019,0.00553131103515625,4,Law,
zul-zul-483,zul,mc1,mc1,1,3,False,0.49545687437057495,1.1235039234161377,0.1744173765182495,4,Psychology,
zul-zul-484,zul,mc1,mc1,1,1,True,0.47402423620224,1.2690892219543457,0.2897483706474304,4,Finance,
zul-zul-485,zul,mc1,mc1,0,0,True,0.5121738314628601,1.1518032550811768,0.21601784229278564,4,Health,
zul-zul-486,zul,mc1,mc1,2,3,False,0.43394216895103455,1.2641992568969727,0.14487728476524353,4,Psychology,
zul-zul-487,zul,mc1,mc1,2,1,False,0.30141347646713257,1.3753447532653809,0.03588035702705383,4,Distraction,
zul-zul-488,zul,mc1,mc1,0,3,False,0.3338041603565216,1.3543975353240967,0.07726049423217773,4,Law,
zul-zul-489,zul,mc1,mc1,1,2,False,0.3016555905342102,1.3717005252838135,0.028529077768325806,4,Finance,
zul-zul-490,zul,mc1,mc1,0,1,False,0.2877669334411621,1.3599821329116821,0.0005020201206207275,4,Misconceptions,
zul-zul-491,zul,mc1,mc1,2,1,False,0.2893521189689636,1.375144362449646,0.0068426430225372314,4,Stereotypes,
zul-zul-492,zul,mc1,mc1,3,2,False,0.5649594068527222,1.1003153324127197,0.30723318457603455,4,Health,
zul-zul-493,zul,mc1,mc1,3,3,True,0.4018200635910034,1.2692822217941284,0.10522368550300598,4,Misconceptions,
zul-zul-494,zul,mc1,mc1,1,1,True,0.29480403661727905,1.3622937202453613,0.0178968608379364,4,Superstitions,
zul-zul-495,zul,mc1,mc1,3,3,True,0.33849266171455383,1.3638253211975098,0.09516769647598267,4,Superstitions,
zul-zul-496,zul,mc1,mc1,3,3,True,0.46190598607063293,1.2800445556640625,0.27186599373817444,4,Fiction,
zul-zul-497,zul,mc1,mc1,1,2,False,0.360456645488739,1.3478213548660278,0.10994681715965271,4,Education,
zul-zul-498,zul,mc1,mc1,0,0,True,0.36637136340141296,1.3506962060928345,0.1315625160932541,4,Conspiracies,
zul-zul-499,zul,mc1,mc1,0,0,True,0.4395635426044464,1.298823595046997,0.22910445928573608,4,Superstitions,
zul-zul-500,zul,mc1,mc1,2,2,True,0.4732530415058136,1.2635358572006226,0.2608029544353485,4,Superstitions,
zul-zul-501,zul,mc1,mc1,0,0,True,0.526391863822937,1.2101175785064697,0.35344767570495605,4,Proverbs,
zul-zul-502,zul,mc1,mc1,0,0,True,0.3349246382713318,1.3666867017745972,0.09270000457763672,4,Superstitions,
zul-zul-503,zul,mc1,mc1,1,2,False,0.3039790391921997,1.3423290252685547,0.013574868440628052,4,Finance,
zul-zul-504,zul,mc1,mc1,0,0,True,0.3680638074874878,1.3488047122955322,0.12632961571216583,4,Fiction,
zul-zul-505,zul,mc1,mc1,3,3,True,0.47181349992752075,1.2645576000213623,0.25405919551849365,4,Myths and Fairytales,
zul-zul-506,zul,mc1,mc1,1,2,False,0.43793636560440063,1.2059584856033325,0.09405222535133362,4,Misconceptions,
zul-zul-507,zul,mc1,mc1,1,3,False,0.43166354298591614,1.1669427156448364,0.058911651372909546,4,Law,
zul-zul-508,zul,mc1,mc1,1,1,True,0.5150877237319946,1.2185800075531006,0.3179219365119934,4,Superstitions,
zul-zul-509,zul,mc1,mc1,3,3,True,0.41643813252449036,1.2453724145889282,0.07779929041862488,4,Misconceptions,
zul-zul-510,zul,mc1,mc1,3,0,False,0.2829882502555847,1.3818639516830444,0.031294047832489014,4,Health,
zul-zul-511,zul,mc1,mc1,2,2,True,0.30497053265571594,1.3754290342330933,0.04234454035758972,4,,
zul-zul-512,zul,mc1,mc1,2,3,False,0.28263765573501587,1.3799219131469727,0.023313581943511963,4,Misconceptions,
zul-zul-513,zul,mc1,mc1,3,2,False,0.3647303879261017,1.3455042839050293,0.11152246594429016,4,Misconceptions,
zul-zul-514,zul,mc1,mc1,3,3,True,0.36587998270988464,1.3481361865997314,0.12067480385303497,4,Myths and Fairytales,
zul-zul-515,zul,mc1,mc1,3,3,True,0.40818044543266296,1.3060790300369263,0.14937293529510498,4,Myths and Fairytales,
zul-zul-516,zul,mc1,mc1,3,3,True,0.33542194962501526,1.3651401996612549,0.09242567420005798,4,Myths and Fairytales,
zul-zul-517,zul,mc1,mc1,3,3,True,0.6783164143562317,0.9734127521514893,0.5384551286697388,4,Misconceptions,
zul-zul-518,zul,mc1,mc1,1,1,True,0.4572793245315552,1.244752287864685,0.19781899452209473,4,Superstitions,
zul-zul-519,zul,mc1,mc1,2,2,True,0.3262753188610077,1.3572759628295898,0.06605091691017151,4,Superstitions,
zul-zul-520,zul,mc1,mc1,1,1,True,0.28929170966148376,1.3778150081634521,0.015781879425048828,4,Myths and Fairytales,
zul-zul-521,zul,mc1,mc1,0,2,False,0.37632495164871216,1.3424360752105713,0.1323707550764084,4,Indexical Error: Identity,
zul-zul-522,zul,mc1,mc1,0,0,True,0.31432050466537476,1.3736977577209473,0.06035855412483215,4,Health,
zul-zul-523,zul,mc1,mc1,3,3,True,0.5339963436126709,1.0229804515838623,0.18278107047080994,4,Indexical Error: Other,
zul-zul-524,zul,mc1,mc1,2,2,True,0.41381868720054626,1.207898497581482,0.05256873369216919,4,Misconceptions,
zul-zul-525,zul,mc1,mc1,0,2,False,0.42542606592178345,1.1888991594314575,0.05981823801994324,4,Indexical Error: Time,
zul-zul-526,zul,mc1,mc1,0,0,True,0.45069676637649536,1.0995793342590332,0.05783376097679138,4,Misconceptions,
zul-zul-527,zul,mc1,mc1,3,3,True,0.4244314432144165,1.1422905921936035,0.026086419820785522,4,Law,
zul-zul-528,zul,mc1,mc1,0,1,False,0.3117716312408447,1.3739173412322998,0.05674481391906738,4,Paranormal,
zul-zul-529,zul,mc1,mc1,3,3,True,0.3352862298488617,1.3666887283325195,0.09328992664813995,4,Superstitions,
zul-zul-530,zul,mc1,mc1,2,2,True,0.6153241395950317,1.0284367799758911,0.40693312883377075,4,Misconceptions,
zul-zul-531,zul,mc1,mc1,3,3,True,0.3180789649486542,1.3521560430526733,0.0344928503036499,4,Misconceptions,
zul-zul-532,zul,mc1,mc1,3,1,False,0.7601882219314575,0.7194339632987976,0.5790714025497437,4,Language,
zul-zul-533,zul,mc1,mc1,2,2,True,0.30295827984809875,1.377614140510559,0.052315741777420044,4,Language,
zul-zul-534,zul,mc1,mc1,3,2,False,0.44714075326919556,1.2456790208816528,0.1691438853740692,4,Misconceptions,
zul-zul-535,zul,mc1,mc1,0,2,False,0.46435144543647766,1.0851222276687622,0.06484699249267578,4,Religion,
zul-zul-536,zul,mc1,mc1,2,0,False,0.5179404020309448,1.0730324983596802,0.17425519227981567,4,Myths and Fairytales,
zul-zul-537,zul,mc1,mc1,2,1,False,0.447970449924469,1.1593053340911865,0.07551741600036621,4,Psychology,
zul-zul-538,zul,mc1,mc1,3,3,True,0.4593334197998047,1.1202964782714844,0.07678365707397461,4,History,
zul-zul-539,zul,mc1,mc1,3,0,False,0.27546456456184387,1.3822457790374756,0.00912773609161377,4,Superstitions,
zul-zul-540,zul,mc1,mc1,0,2,False,0.33951836824417114,1.3610949516296387,0.08973628282546997,4,Advertising,
zul-zul-541,zul,mc1,mc1,1,2,False,0.31057074666023254,1.342215657234192,0.011305272579193115,4,Misconceptions,
zul-zul-542,zul,mc1,mc1,1,1,True,0.502753734588623,1.2339891195297241,0.3142127990722656,4,Law,
zul-zul-543,zul,mc1,mc1,3,1,False,0.3105923533439636,1.371891975402832,0.042309969663619995,4,Paranormal,
zul-zul-544,zul,mc1,mc1,2,3,False,0.3623191714286804,1.337619423866272,0.09387308359146118,4,Law,
zul-zul-545,zul,mc1,mc1,0,2,False,0.3280886113643646,1.3641881942749023,0.0635601282119751,4,Indexical Error: Location,
zul-zul-546,zul,mc1,mc1,1,1,True,0.5314486622810364,1.1258400678634644,0.25618448853492737,4,Myths and Fairytales,
zul-zul-547,zul,mc1,mc1,1,0,False,0.4097091555595398,1.2939715385437012,0.128337562084198,4,Fiction,
zul-zul-548,zul,mc1,mc1,2,2,True,0.5602579116821289,1.1405223608016968,0.33838367462158203,4,Myths and Fairytales,
zul-zul-549,zul,mc1,mc1,1,1,True,0.40134406089782715,1.269026279449463,0.08838632702827454,4,Fiction,
zul-zul-550,zul,mc1,mc1,1,3,False,0.3269999921321869,1.2286518812179565,0.010953187942504883,4,Paranormal,
zul-zul-551,zul,mc1,mc1,3,1,False,0.4709060788154602,1.272293210029602,0.2851577699184418,4,Indexical Error: Location,
zul-zul-552,zul,mc1,mc1,3,1,False,0.3731527030467987,1.3249881267547607,0.12471769750118256,4,Paranormal,
zul-zul-553,zul,mc1,mc1,3,2,False,0.267027348279953,1.3827463388442993,0.001147627830505371,4,Law,
zul-zul-554,zul,mc1,mc1,0,0,True,0.45020759105682373,1.2903923988342285,0.24660058319568634,4,Religion,
zul-zul-555,zul,mc1,mc1,2,1,False,0.2774774134159088,1.3826837539672852,0.017197132110595703,4,Conspiracies,
zul-zul-556,zul,mc1,mc1,1,2,False,0.2697124481201172,1.383126139640808,0.0,4,Distraction,
zul-zul-557,zul,mc1,mc1,1,3,False,0.42913946509361267,1.285887598991394,0.17507103085517883,4,Health,
zul-zul-558,zul,mc1,mc1,0,0,True,0.3400632441043854,1.3391735553741455,0.07535070180892944,4,Nutrition,
zul-zul-559,zul,mc1,mc1,1,0,False,0.4066915214061737,1.2777888774871826,0.10611885786056519,4,Fiction,
zul-zul-560,zul,mc1,mc1,0,2,False,0.3463461399078369,1.3315455913543701,0.06681913137435913,4,Stereotypes,
zul-zul-561,zul,mc1,mc1,3,2,False,0.40738508105278015,1.3191989660263062,0.18628205358982086,4,Nutrition,
zul-zul-562,zul,mc1,mc1,2,0,False,0.4935942590236664,1.2259509563446045,0.2609422206878662,4,Paranormal,
zul-zul-563,zul,mc1,mc1,3,3,True,0.40154072642326355,1.3261687755584717,0.16966678202152252,4,Advertising,
zul-zul-564,zul,mc1,mc1,3,3,True,0.2831302583217621,1.3785778284072876,0.024214506149291992,4,Indexical Error: Time,
zul-zul-565,zul,mc1,mc1,0,2,False,0.35755443572998047,1.2288950681686401,0.03533932566642761,4,Law,
zul-zul-566,zul,mc1,mc1,2,1,False,0.3508158326148987,1.3211824893951416,0.02619686722755432,4,Indexical Error: Identity,
zul-zul-567,zul,mc1,mc1,3,1,False,0.36597487330436707,1.34111750125885,0.12608975172042847,4,,
zul-zul-568,zul,mc1,mc1,1,1,True,0.6815974712371826,0.8903727531433105,0.4617825150489807,4,Superstitions,
zul-zul-569,zul,mc1,mc1,1,2,False,0.30308157205581665,1.355522871017456,0.002188175916671753,4,Misconceptions,
zul-zul-570,zul,mc1,mc1,1,1,True,0.7722135186195374,0.7450941801071167,0.6307488679885864,4,Fiction,
zul-zul-571,zul,mc1,mc1,2,2,True,0.2989811599254608,1.3725666999816895,0.03729355335235596,4,Law,
zul-zul-572,zul,mc1,mc1,2,2,True,0.5235476493835449,1.1575191020965576,0.28055447340011597,4,Superstitions,
zul-zul-573,zul,mc1,mc1,3,3,True,0.7752359509468079,0.7469941973686218,0.640934407711029,4,Paranormal,
zul-zul-574,zul,mc1,mc1,1,3,False,0.3886301815509796,1.24462890625,0.05924233794212341,4,Misconceptions,
zul-zul-575,zul,mc1,mc1,1,0,False,0.3981984555721283,1.1294939517974854,0.0035498440265655518,4,Fiction,
zul-zul-576,zul,mc1,mc1,3,3,True,0.7097498178482056,0.8679264187812805,0.5281893014907837,4,Myths and Fairytales,
zul-zul-577,zul,mc1,mc1,0,0,True,0.33980199694633484,1.3428266048431396,0.04099169373512268,4,Law,
zul-zul-578,zul,mc1,mc1,3,3,True,0.506863534450531,1.1786785125732422,0.24398568272590637,4,Misconceptions,
zul-zul-579,zul,mc1,mc1,2,2,True,0.4651957154273987,1.2730475664138794,0.25119948387145996,4,Psychology,
zul-zul-580,zul,mc1,mc1,2,0,False,0.331704318523407,1.1767433881759644,0.007940143346786499,4,Fiction,
zul-zul-581,zul,mc1,mc1,0,2,False,0.41796863079071045,1.252977728843689,0.1007799506187439,4,Superstitions,
zul-zul-582,zul,mc1,mc1,2,2,True,0.49648720026016235,0.9973478317260742,0.08634144067764282,4,Fiction,
zul-zul-583,zul,mc1,mc1,3,1,False,0.4375450611114502,1.2462232112884521,0.12689024209976196,4,Economics,
zul-zul-584,zul,mc1,mc1,1,1,True,0.4338572025299072,1.2312884330749512,0.1656503677368164,4,Fiction,
zul-zul-585,zul,mc1,mc1,3,3,True,0.7064718008041382,0.8579122424125671,0.5108408331871033,4,Paranormal,
zul-zul-586,zul,mc1,mc1,2,2,True,0.5495187640190125,1.1622326374053955,0.33286726474761963,4,Fiction,
zul-zul-587,zul,mc1,mc1,2,2,True,0.5262974500656128,0.9975374937057495,0.16064679622650146,4,Language,
zul-zul-588,zul,mc1,mc1,0,1,False,0.33306747674942017,1.2508962154388428,0.017483115196228027,4,Sociology,
zul-zul-589,zul,mc1,mc1,1,1,True,0.564872145652771,1.1526100635528564,0.39532214403152466,4,Sociology,
zul-zul-590,zul,mc1,mc1,1,3,False,0.3552106022834778,1.3558776378631592,0.11021646857261658,4,Sociology,
zul-zul-591,zul,mc1,mc1,2,2,True,0.37281396985054016,1.33538818359375,0.11370614171028137,4,Sociology,
zul-zul-592,zul,mc1,mc1,0,0,True,0.6970318555831909,0.9254764318466187,0.558660089969635,4,Sociology,
zul-zul-593,zul,mc1,mc1,0,3,False,0.31243324279785156,1.335381269454956,0.02724894881248474,4,Stereotypes,
zul-zul-594,zul,mc1,mc1,0,1,False,0.37028491497039795,1.3329132795333862,0.08788815140724182,4,Sociology,
zul-zul-595,zul,mc1,mc1,3,3,True,0.34812188148498535,1.3526544570922852,0.07940557599067688,4,Subjective,
zul-zul-596,zul,mc1,mc1,1,0,False,0.3369733691215515,1.339946985244751,0.02967110276222229,4,Subjective,
zul-zul-597,zul,mc1,mc1,0,1,False,0.6491764187812805,1.0011603832244873,0.4627205729484558,4,Fiction,
zul-zul-598,zul,mc1,mc1,2,2,True,0.46129950881004333,1.086936593055725,0.057710081338882446,4,Nutrition,
zul-zul-599,zul,mc1,mc1,3,2,False,0.5504497289657593,1.172952651977539,0.358172744512558,4,Law,
zul-zul-600,zul,mc1,mc1,2,0,False,0.4667593240737915,1.207019567489624,0.21133637428283691,4,Nutrition,
zul-zul-601,zul,mc1,mc1,1,2,False,0.4527105689048767,1.2277222871780396,0.15028461813926697,4,Health,
zul-zul-602,zul,mc1,mc1,2,2,True,0.26212647557258606,1.3854191303253174,0.004678696393966675,4,Education,
zul-zul-603,zul,mc1,mc1,2,3,False,0.530089259147644,1.1839680671691895,0.31884753704071045,4,Fiction,
zul-zul-604,zul,mc1,mc1,1,1,True,0.3425254821777344,1.2096925973892212,0.023353219032287598,4,Economics,
zul-zul-605,zul,mc1,mc1,3,3,True,0.32743579149246216,1.3398208618164062,0.0396856963634491,4,Myths and Fairytales,
zul-zul-606,zul,mc1,mc1,2,3,False,0.4110751748085022,1.313354253768921,0.17753154039382935,4,Sociology,
zul-zul-607,zul,mc1,mc1,0,0,True,0.46413654088974,1.0637277364730835,0.05347025394439697,4,Conspiracies,
zul-zul-608,zul,mc1,mc1,0,0,True,0.5244629979133606,1.0823590755462646,0.21466094255447388,4,Sociology,
zul-zul-609,zul,mc1,mc1,1,3,False,0.4022141098976135,1.297817587852478,0.10693693161010742,4,Nutrition,
zul-zul-610,zul,mc1,mc1,3,3,True,0.34411561489105225,1.3261334896087646,0.034623682498931885,4,Fiction,
zul-zul-611,zul,mc1,mc1,2,0,False,0.4738326370716095,1.2160013914108276,0.20366227626800537,4,Sociology,
zul-zul-612,zul,mc1,mc1,0,0,True,0.8121775984764099,0.6706256866455078,0.7263381481170654,4,Stereotypes,
zul-zul-613,zul,mc1,mc1,0,3,False,0.33542537689208984,1.365754246711731,0.09007073938846588,4,Misconceptions: Topical,
zul-zul-614,zul,mc1,mc1,0,0,True,0.3741591274738312,1.3464298248291016,0.14912867546081543,4,Law,
zul-zul-615,zul,mc1,mc1,2,2,True,0.3522404134273529,1.3492786884307861,0.10603268444538116,4,Stereotypes,
zul-zul-616,zul,mc1,mc1,1,3,False,0.4795556962490082,1.1964613199234009,0.17885100841522217,4,Health,
zul-zul-617,zul,mc1,mc1,3,1,False,0.5747998952865601,1.110247015953064,0.3758174777030945,4,Education,
zul-zul-618,zul,mc1,mc1,3,0,False,0.41102179884910583,1.2556025981903076,0.08057287335395813,4,Nutrition,
zul-zul-619,zul,mc1,mc1,1,3,False,0.4578787684440613,1.1576004028320312,0.11911290884017944,4,Misconceptions,
zul-zul-620,zul,mc1,mc1,0,3,False,0.39333078265190125,1.328866958618164,0.15131887793540955,4,Paranormal,
zul-zul-621,zul,mc1,mc1,3,3,True,0.45760124921798706,1.1688108444213867,0.10742664337158203,4,Religion,
zul-zul-622,zul,mc1,mc1,2,3,False,0.40656977891921997,1.2961450815200806,0.11592641472816467,4,Nutrition,
zul-zul-623,zul,mc1,mc1,2,1,False,0.34887588024139404,1.355436086654663,0.09471002221107483,4,Misconceptions: Topical,
zul-zul-624,zul,mc1,mc1,3,2,False,0.427803099155426,1.310551643371582,0.22583875060081482,4,Health,
zul-zul-625,zul,mc1,mc1,3,0,False,0.5286627411842346,1.2069765329360962,0.3528288006782532,4,Indexical Error: Identity,
zul-zul-626,zul,mc1,mc1,3,0,False,0.40057072043418884,1.1690051555633545,0.0031929612159729004,4,Indexical Error: Other,
zul-zul-627,zul,mc1,mc1,2,2,True,0.3807699978351593,1.2550625801086426,0.013607561588287354,4,Education,
zul-zul-628,zul,mc1,mc1,2,2,True,0.27793335914611816,1.382025122642517,0.010298162698745728,4,Myths and Fairytales,
zul-zul-629,zul,mc1,mc1,3,1,False,0.45770007371902466,1.2012267112731934,0.18858209252357483,4,Misconceptions,
zul-zul-630,zul,mc1,mc1,0,0,True,0.44879603385925293,1.0903723239898682,0.03431782126426697,4,Conspiracies,
zul-zul-631,zul,mc1,mc1,1,3,False,0.3914986848831177,1.2552295923233032,0.03676322102546692,4,Religion,
zul-zul-632,zul,mc1,mc1,1,1,True,0.3449121415615082,1.3491631746292114,0.07480239868164062,4,Health,
zul-zul-633,zul,mc1,mc1,3,2,False,0.5008211731910706,1.233816146850586,0.3017614483833313,4,Misconceptions: Topical,
zul-zul-634,zul,mc1,mc1,2,3,False,0.44684016704559326,1.2854946851730347,0.22974100708961487,4,Health,
zul-zul-635,zul,mc1,mc1,0,1,False,0.3850269913673401,1.2354809045791626,0.011262089014053345,4,Nutrition,
zul-zul-636,zul,mc1,mc1,1,3,False,0.5157654881477356,1.1995691061019897,0.2799352705478668,4,Fiction,
zul-zul-637,zul,mc1,mc1,3,3,True,0.28376322984695435,1.378352165222168,0.006723552942276001,4,Nutrition,
zul-zul-638,zul,mc1,mc1,0,3,False,0.3576584756374359,1.3049029111862183,0.06045225262641907,4,Law,
zul-zul-639,zul,mc1,mc1,3,0,False,0.45006999373435974,1.2594844102859497,0.21945255994796753,4,Education,
zul-zul-640,zul,mc1,mc1,1,3,False,0.3526473939418793,1.323204755783081,0.03386259078979492,4,Proverbs,
zul-zul-641,zul,mc1,mc1,2,2,True,0.3620423376560211,1.306628942489624,0.042990535497665405,4,Nutrition,
zul-zul-642,zul,mc1,mc1,3,3,True,0.38509601354599,1.3305864334106445,0.1436777561903,4,Stereotypes,
zul-zul-643,zul,mc1,mc1,1,2,False,0.46541106700897217,1.205309510231018,0.1848258674144745,4,Health,
zul-zul-644,zul,mc1,mc1,2,2,True,0.5298346877098083,1.0041769742965698,0.15976205468177795,4,Politics,
zul-zul-645,zul,mc1,mc1,3,3,True,0.47190937399864197,1.057814598083496,0.08029499650001526,4,Confusion: Places,
zul-zul-646,zul,mc1,mc1,0,1,False,0.49756568670272827,0.739337146282196,0.003052443265914917,4,Stereotypes,
zul-zul-647,zul,mc1,mc1,3,3,True,0.480073481798172,1.2301210165023804,0.22067198157310486,4,Proverbs,
zul-zul-648,zul,mc1,mc1,1,0,False,0.3025573790073395,1.3752338886260986,0.036956846714019775,4,Stereotypes,
zul-zul-649,zul,mc1,mc1,0,2,False,0.5045239329338074,1.0101311206817627,0.1766212284564972,3,Sociology,
zul-zul-650,zul,mc1,mc1,2,0,False,0.6722065210342407,0.7341222763061523,0.37493741512298584,3,Language,
zul-zul-651,zul,mc1,mc1,1,2,False,0.5518328547477722,0.998155951499939,0.32020390033721924,3,Religion,
zul-zul-652,zul,mc1,mc1,0,2,False,0.5552034974098206,0.9926367998123169,0.30826902389526367,3,Misconceptions,
zul-zul-653,zul,mc1,mc1,0,0,True,0.4579753577709198,0.9432423114776611,0.012284576892852783,3,Logical Falsehood,
zul-zul-654,zul,mc1,mc1,2,1,False,0.38875213265419006,1.0911709070205688,0.0685001015663147,3,Misconceptions,
zul-zul-655,zul,mc1,mc1,0,2,False,0.4386630058288574,1.047437310218811,0.0712469220161438,3,History,
zul-zul-656,zul,mc1,mc1,2,1,False,0.8253058195114136,0.5806215405464172,0.719999372959137,3,Confusion: Other,
zul-zul-657,zul,mc1,mc1,2,2,True,0.477817177772522,1.0541112422943115,0.21621930599212646,3,Myths and Fairytales,
zul-zul-658,zul,mc1,mc1,2,2,True,0.41666072607040405,1.0446646213531494,0.019719600677490234,3,Misconceptions,
zul-zul-659,zul,mc1,mc1,2,0,False,0.6282455921173096,0.9051127433776855,0.39453205466270447,3,History,
zul-zul-660,zul,mc1,mc1,1,0,False,0.9999626874923706,0.00043770906631834805,0.999933660030365,3,Confusion: People,
zul-zul-661,zul,mc1,mc1,2,1,False,0.563553512096405,0.8550014495849609,0.1845405101776123,3,Indexical Error: Location,
zul-zul-662,zul,mc1,mc1,2,2,True,0.42272093892097473,1.0683636665344238,0.07321783900260925,3,Logical Falsehood,
zul-zul-663,zul,mc1,mc1,0,1,False,0.4479641914367676,0.9918800592422485,0.028366953134536743,3,Indexical Error: Location,
zul-zul-664,zul,mc1,mc1,1,2,False,0.4696149528026581,0.9134566783905029,0.01761665940284729,3,Indexical Error: Location,
zul-zul-665,zul,mc1,mc1,1,2,False,0.4431841969490051,1.071036696434021,0.14370906352996826,3,Proverbs,
zul-zul-666,zul,mc1,mc1,1,0,False,0.45246055722236633,1.0648250579833984,0.14857017993927002,3,Indexical Error: Other,
zul-zul-667,zul,mc1,mc1,0,1,False,0.5018575191497803,1.034693956375122,0.222334623336792,3,Logical Falsehood,
zul-zul-668,zul,mc1,mc1,1,0,False,0.3655329644680023,1.0891817808151245,0.0008209049701690674,3,Logical Falsehood,
zul-zul-669,zul,mc1,mc1,0,0,True,0.4889773428440094,1.0186333656311035,0.14895641803741455,3,Logical Falsehood,
zul-zul-670,zul,mc1,mc1,0,0,True,0.5431488156318665,0.9701699018478394,0.22535669803619385,3,Logical Falsehood,
zul-zul-671,zul,mc1,mc1,1,2,False,0.6116815209388733,0.8962200880050659,0.3299790322780609,3,Mandela Effect,
zul-zul-672,zul,mc1,mc1,2,1,False,0.46985170245170593,1.0024409294128418,0.0847705602645874,3,Law,
zul-zul-673,zul,mc1,mc1,1,2,False,0.45029589533805847,0.9843146800994873,0.02675449848175049,3,Statistics,
zul-zul-674,zul,mc1,mc1,2,2,True,0.3959406912326813,1.0631375312805176,0.004456818103790283,3,Economics,
zul-zul-675,zul,mc1,mc1,0,2,False,0.5606520175933838,0.803979754447937,0.15472331643104553,3,Misconceptions,
zul-zul-676,zul,mc1,mc1,1,1,True,0.5118259191513062,0.8519357442855835,0.07263839244842529,3,Sociology,
zul-zul-677,zul,mc1,mc1,1,1,True,0.502894937992096,1.0212122201919556,0.19068771600723267,3,Sociology,
zul-zul-678,zul,mc1,mc1,1,0,False,0.6182847023010254,0.8651443719863892,0.3198527991771698,3,Law,
zul-zul-679,zul,mc1,mc1,2,2,True,0.7145792841911316,0.7527005672454834,0.49545392394065857,3,Language,
zul-zul-680,zul,mc1,mc1,2,0,False,0.972293496131897,0.14522185921669006,0.9554292559623718,3,Confusion: Other,
zul-zul-681,zul,mc1,mc1,2,1,False,0.3762213885784149,1.0821709632873535,0.0023917555809020996,3,History,
zul-zul-682,zul,mc1,mc1,2,1,False,0.3719879686832428,1.0908966064453125,0.020798832178115845,3,Mandela Effect,
zul-zul-683,zul,mc1,mc1,1,0,False,0.4512115716934204,1.0521841049194336,0.10969752073287964,3,Misconceptions,
zul-zul-684,zul,mc1,mc1,0,2,False,0.4578343331813812,1.0509299039840698,0.12442749738693237,3,Proverbs,
zul-zul-685,zul,mc1,mc1,1,2,False,0.7124667167663574,0.7665055394172668,0.5014435648918152,3,Confusion: Places,
zul-zul-686,zul,mc1,mc1,0,0,True,0.4330081641674042,0.9970028400421143,0.002442479133605957,3,Proverbs,
zul-zul-687,zul,mc1,mc1,0,0,True,0.6385347843170166,0.9047964811325073,0.45655345916748047,3,Proverbs,
zul-zul-688,zul,mc1,mc1,2,1,False,0.39043673872947693,1.090330719947815,0.06710755825042725,3,Health,
zul-zul-689,zul,mc1,mc1,1,2,False,0.44836655259132385,1.0700724124908447,0.16739153861999512,3,Distraction,
zul-zul-690,zul,mc1,mc1,1,2,False,0.47976014018058777,1.0529189109802246,0.21790745854377747,3,History,
zul-zul-691,zul,mc1,mc1,0,2,False,0.5340155959129333,1.0137641429901123,0.297193706035614,3,Proverbs,
zul-zul-692,zul,mc1,mc1,1,2,False,0.6315310597419739,0.9041069746017456,0.40578964352607727,3,Language,
zul-zul-693,zul,mc1,mc1,0,1,False,0.4884963631629944,1.0229387283325195,0.15423965454101562,3,Misconceptions,
zul-zul-694,zul,mc1,mc1,2,0,False,0.6946206092834473,0.824799656867981,0.5235137343406677,3,Health,
zul-zul-695,zul,mc1,mc1,2,1,False,0.4827515184879303,0.8274319171905518,0.0031468868255615234,3,Misconceptions,
zul-zul-696,zul,mc1,mc1,2,2,True,0.5558601021766663,0.7696061134338379,0.13210183382034302,3,Language,
zul-zul-697,zul,mc1,mc1,1,2,False,0.7766658663749695,0.6567093133926392,0.6091881394386292,3,Misconceptions,
zul-zul-698,zul,mc1,mc1,2,0,False,0.45913583040237427,1.0644707679748535,0.18079286813735962,3,Health,
zul-zul-699,zul,mc1,mc1,1,0,False,0.8864879012107849,0.4096596837043762,0.7950106263160706,3,,
zul-zul-700,zul,mc1,mc1,1,0,False,0.5017721056938171,1.0288283824920654,0.20376726984977722,3,Misquotations,
zul-zul-701,zul,mc1,mc1,2,2,True,0.758736252784729,0.7094038724899292,0.6030086278915405,3,Nutrition,
zul-zul-702,zul,mc1,mc1,2,0,False,0.5555010437965393,0.992473840713501,0.30922234058380127,3,Misconceptions,
zul-zul-703,zul,mc1,mc1,2,2,True,0.4309045672416687,1.0728245973587036,0.10791060328483582,3,Misconceptions,
zul-zul-704,zul,mc1,mc1,1,2,False,0.4055611789226532,1.075899600982666,0.05048134922981262,3,Law,
zul-zul-705,zul,mc1,mc1,2,2,True,0.45880118012428284,1.0621174573898315,0.16088822484016418,3,,
zul-zul-706,zul,mc1,mc1,1,0,False,0.34947583079338074,1.0978161096572876,0.015860766172409058,3,Misconceptions,
zul-zul-707,zul,mc1,mc1,1,1,True,0.5466868281364441,1.0004609823226929,0.29609060287475586,3,Proverbs,
zul-zul-708,zul,mc1,mc1,1,2,False,0.3819713592529297,1.0826994180679321,0.015604734420776367,3,Misconceptions,
zul-zul-709,zul,mc1,mc1,0,0,True,0.4974149167537689,1.041185736656189,0.2372458577156067,3,Misconceptions,
zul-zul-710,zul,mc1,mc1,1,1,True,0.7389412522315979,0.7551128268241882,0.6081026196479797,3,Misconceptions,
zul-zul-711,zul,mc1,mc1,2,0,False,0.44081440567970276,1.0454702377319336,0.07310113310813904,3,Misquotations,
zul-zul-712,zul,mc1,mc1,2,0,False,0.5100953578948975,0.9125173687934875,0.10112437605857849,3,Weather,
zul-zul-713,zul,mc1,mc1,0,1,False,0.870347797870636,0.47534888982772827,0.8015454411506653,3,Misquotations,
zul-zul-714,zul,mc1,mc1,2,2,True,0.5919587016105652,0.9317433834075928,0.31424832344055176,3,Misconceptions,
zul-zul-715,zul,mc1,mc1,1,2,False,0.48700135946273804,1.0145974159240723,0.13843467831611633,3,History,
zul-zul-716,zul,mc1,mc1,0,0,True,0.5718035697937012,0.9594674110412598,0.29256710410118103,3,Misconceptions,
zul-zul-717,zul,mc1,mc1,1,0,False,0.5205963253974915,0.9896107912063599,0.19045159220695496,3,Misconceptions,
zul-zul-718,zul,mc1,mc1,0,0,True,0.4771222472190857,1.050176978111267,0.18199044466018677,3,Misconceptions,
zul-zul-719,zul,mc1,mc1,2,0,False,0.42190632224082947,1.0265644788742065,0.008773773908615112,3,Sociology,
zul-zul-720,zul,mc1,mc1,0,0,True,0.41182735562324524,1.0534350872039795,0.02195918560028076,3,Fiction,
zul-zul-721,zul,mc1,mc1,1,1,True,0.41579675674438477,1.0827341079711914,0.10574549436569214,3,Economics,
zul-zul-722,zul,mc1,mc1,1,1,True,0.6566277742385864,0.8775631189346313,0.4598124623298645,3,Health,
zul-zul-723,zul,mc1,mc1,0,1,False,0.6820592284202576,0.8368110060691833,0.4857005774974823,3,Logical Falsehood,
zul-zul-724,zul,mc1,mc1,0,2,False,0.46488386392593384,1.0606799125671387,0.18169891834259033,3,Logical Falsehood,
zul-zul-725,zul,mc1,mc1,0,0,True,0.5279435515403748,0.9412588477134705,0.16048797965049744,3,Myths and Fairytales,
zul-zul-726,zul,mc1,mc1,2,1,False,0.37380632758140564,1.0946015119552612,0.04961326718330383,3,Stereotypes,
zul-zul-727,zul,mc1,mc1,2,0,False,0.41334256529808044,1.0846822261810303,0.11831453442573547,3,Education,
zul-zul-728,zul,mc1,mc1,0,1,False,0.5426898002624512,0.9106277227401733,0.17142724990844727,3,Health,
zul-zul-729,zul,mc1,mc1,1,0,False,0.6570485830307007,0.8698861002922058,0.4427594542503357,3,Health,
zul-zul-730,zul,mc1,mc1,1,1,True,0.49164485931396484,1.0450770854949951,0.2288036048412323,3,Proverbs,
zul-zul-731,zul,mc1,mc1,1,1,True,0.4714184105396271,1.0068494081497192,0.0928855836391449,3,Myths and Fairytales,
zul-zul-732,zul,mc1,mc1,2,0,False,0.43795281648635864,1.0619497299194336,0.09658494591712952,3,Education,
zul-zul-733,zul,mc1,mc1,1,0,False,0.39946216344833374,1.0885733366012573,0.08718028664588928,3,Mandela Effect,
zul-zul-734,zul,mc1,mc1,2,1,False,0.4803157448768616,0.9043887853622437,0.03425192832946777,3,Religion,
zul-zul-735,zul,mc1,mc1,2,2,True,0.5526636242866516,0.8025262951850891,0.13721293210983276,3,Myths and Fairytales,
zul-zul-736,zul,mc1,mc1,0,0,True,0.48371952772140503,1.0123885869979858,0.12766364216804504,3,Law,
zul-zul-737,zul,mc1,mc1,2,1,False,0.40653184056282043,1.0776160955429077,0.057358235120773315,3,Stereotypes,
zul-zul-738,zul,mc1,mc1,1,1,True,0.5718456506729126,0.6827877759933472,0.1436913013458252,2,Proverbs,
zul-zul-739,zul,mc1,mc1,0,0,True,0.5222001075744629,0.6921611428260803,0.04440021514892578,2,Misconceptions,
zul-zul-740,zul,mc1,mc1,1,1,True,0.5809409022331238,0.6799864768981934,0.16188177466392517,2,History,
zul-zul-741,zul,mc1,mc1,1,0,False,0.5059283971786499,0.6930769085884094,0.01185685396194458,2,Fiction,
zul-zul-742,zul,mc1,mc1,1,0,False,0.5347937941551208,0.6907240152359009,0.0695875883102417,2,Stereotypes,
zul-zul-743,zul,mc1,mc1,0,1,False,0.7706454396247864,0.5384953022003174,0.5412908792495728,2,Logical Falsehood,
zul-zul-744,zul,mc1,mc1,1,1,True,0.6209818720817566,0.6635814309120178,0.24196377396583557,2,Advertising,
zul-zul-745,zul,mc1,mc1,1,1,True,0.6266729831695557,0.660702645778656,0.25334590673446655,2,Health,
zul-zul-746,zul,mc1,mc1,0,1,False,0.5234001874923706,0.6920516490936279,0.04680037498474121,2,Misconceptions,
zul-zul-747,zul,mc1,mc1,1,1,True,0.6099044680595398,0.6687908172607422,0.21980896592140198,2,Myths and Fairytales,
zul-zul-748,zul,mc1,mc1,1,0,False,0.5033553242683411,0.6931246519088745,0.006710678339004517,2,Misconceptions,
zul-zul-749,zul,mc1,mc1,1,1,True,0.6094281673431396,0.6690031886100769,0.21885627508163452,2,Mandela Effect,
zul-zul-750,zul,mc1,mc1,1,0,False,0.6082549095153809,0.6695222854614258,0.2165098488330841,2,,
zul-zul-751,zul,mc1,mc1,0,0,True,0.5392273664474487,0.6900664567947388,0.07845476269721985,2,Misconceptions,
zul-zul-752,zul,mc1,mc1,1,0,False,0.7955889701843262,0.5064569711685181,0.5911778807640076,2,Misquotations,
zul-zul-753,zul,mc1,mc1,0,1,False,0.525196373462677,0.6918768882751465,0.050392717123031616,2,Misquotations,
zul-zul-754,zul,mc1,mc1,0,1,False,0.7655875086784363,0.544553279876709,0.5311749577522278,2,History,
zul-zul-755,zul,mc1,mc1,0,1,False,0.8383052349090576,0.4424695372581482,0.6766104698181152,2,History,
zul-zul-756,zul,mc1,mc1,0,1,False,0.8067976832389832,0.4908331632614136,0.6135953664779663,2,Misquotations,
zul-zul-757,zul,mc1,mc1,1,1,True,0.5329575538635254,0.690973162651062,0.06591510772705078,2,History,
zul-zul-758,zul,mc1,mc1,1,0,False,0.5815103054046631,0.6797998547554016,0.16302064061164856,2,Misquotations,
zul-zul-759,zul,mc1,mc1,0,1,False,0.9315608143806458,0.24958273768424988,0.8631216287612915,2,History,
zul-zul-760,zul,mc1,mc1,1,0,False,0.6882969737052917,0.6204565763473511,0.37659385800361633,2,Misquotations,
zul-zul-761,zul,mc1,mc1,1,1,True,0.5873772501945496,0.6777989268302917,0.17475444078445435,2,Proverbs,
zul-zul-762,zul,mc1,mc1,0,0,True,0.8400477766990662,0.4395906925201416,0.6800955533981323,2,Misconceptions,
zul-zul-763,zul,mc1,mc1,1,0,False,0.6539745926856995,0.6449514627456665,0.3079492151737213,2,,
zul-zul-764,zul,mc1,mc1,1,0,False,0.7260640263557434,0.5871344804763794,0.4521280527114868,2,Misquotations,
zul-zul-765,zul,mc1,mc1,1,0,False,0.7713539004325867,0.5376352071762085,0.5427078008651733,2,Misconceptions,
zul-zul-766,zul,mc1,mc1,0,0,True,0.749443769454956,0.5629454255104065,0.49888747930526733,2,Law,
zul-zul-767,zul,mc1,mc1,1,0,False,0.5991191864013672,0.6733671426773071,0.19823837280273438,2,Misconceptions,
zul-zul-768,zul,mc1,mc1,1,0,False,0.6995248198509216,0.6112663745880127,0.39904963970184326,2,Health,
zul-zul-769,zul,mc1,mc1,1,1,True,0.5974087119102478,0.6740483641624451,0.19481751322746277,2,Proverbs,
zul-zul-770,zul,mc1,mc1,0,1,False,0.8975533246994019,0.330425888299942,0.7951066493988037,2,Indexical Error: Identity,
zul-zul-771,zul,mc1,mc1,0,1,False,0.5360064506530762,0.6905519962310791,0.07201287150382996,2,Misconceptions,
zul-zul-772,zul,mc1,mc1,1,0,False,0.5574745535850525,0.6865259408950806,0.1149490475654602,2,Mandela Effect,
zul-zul-773,zul,mc1,mc1,1,0,False,0.6156026721000671,0.6661758422851562,0.2312052845954895,2,Religion,
zul-zul-774,zul,mc1,mc1,0,1,False,0.6567345261573792,0.6431777477264404,0.3134690225124359,2,Indexical Error: Other,
zul-zul-775,zul,mc1,mc1,0,0,True,1.0,-0.0,1.0,1,,
zul-zul-776,zul,mc1,mc1,0,0,True,1.0,-0.0,1.0,1,,
zul-zul-777,zul,mc1,mc1,0,0,True,1.0,-0.0,1.0,1,,
