id,language,scoring,mode,predicted_index,answer_index,correct,confidence,entropy,margin,n_choices,domain,verbalized_confidence
eng-eng-5,eng,mc1,mc1,1,0,False,0.9857320189476013,0.07480109483003616,0.9714639782905579,2,Misquotations,
eng-eng-6,eng,mc1,mc1,2,2,True,0.38800889253616333,1.5094852447509766,0.10530006885528564,6,Paranormal,
eng-eng-7,eng,mc1,mc1,2,2,True,0.5546513199806213,0.9116742014884949,0.17296487092971802,4,Psychology,
eng-eng-8,eng,mc1,mc1,3,5,False,0.6822148561477661,0.9875391721725464,0.49227282404899597,6,Economics,
eng-eng-9,eng,mc1,mc1,8,9,False,0.3032439053058624,1.917321801185608,0.07373300194740295,10,Subjective,
eng-eng-10,eng,mc1,mc1,5,4,False,0.43982231616973877,1.4771149158477783,0.21456582844257355,6,Superstitions,
eng-eng-11,eng,mc1,mc1,3,1,False,0.3280845284461975,1.444965124130249,0.03725367784500122,6,Health,
eng-eng-12,eng,mc1,mc1,0,0,True,0.626639723777771,0.693076491355896,0.2592177093029022,4,Sociology,
eng-eng-13,eng,mc1,mc1,0,4,False,0.21989305317401886,1.9809677600860596,0.015315622091293335,8,Conspiracies,
eng-eng-14,eng,mc1,mc1,0,3,False,0.6247513294219971,1.2066088914871216,0.4940236210823059,6,Politics,
eng-eng-15,eng,mc1,mc1,1,0,False,0.9819105267524719,0.09050759673118591,0.9638210535049438,2,Indexical Error: Identity,
eng-eng-16,eng,mc1,mc1,2,0,False,0.22166715562343597,1.8723937273025513,0.044516369700431824,7,Finance,
eng-eng-17,eng,mc1,mc1,4,3,False,0.3492981195449829,1.4074827432632446,0.09720256924629211,6,Sociology,
eng-eng-18,eng,mc1,mc1,4,4,True,0.44038230180740356,1.3135069608688354,0.13088682293891907,5,Weather,
eng-eng-19,eng,mc1,mc1,4,4,True,0.5241624712944031,1.0515602827072144,0.16724950075149536,6,Law,
eng-eng-20,eng,mc1,mc1,2,2,True,0.2658393979072571,1.7476201057434082,0.07963979244232178,6,Misconceptions,
eng-eng-21,eng,mc1,mc1,1,1,True,0.9857731461524963,0.08932703733444214,0.9763240218162537,6,Fiction,
eng-eng-22,eng,mc1,mc1,2,2,True,0.5711084008216858,0.7370120882987976,0.15396279096603394,4,Law,
eng-eng-23,eng,mc1,mc1,0,4,False,0.7960049510002136,0.5769144296646118,0.6115707755088806,6,Law,
eng-eng-24,eng,mc1,mc1,6,7,False,0.6681705117225647,0.8162559866905212,0.3738515377044678,8,Finance,
eng-eng-25,eng,mc1,mc1,0,0,True,0.8035682439804077,0.6275821924209595,0.6540006399154663,4,Myths and Fairytales,
eng-eng-26,eng,mc1,mc1,2,2,True,0.5098981857299805,1.1298390626907349,0.14878860116004944,6,Law,
eng-eng-27,eng,mc1,mc1,1,2,False,0.5129152536392212,1.1616469621658325,0.19932770729064941,5,Paranormal,
eng-eng-28,eng,mc1,mc1,0,0,True,0.556530773639679,0.9845463037490845,0.2888612449169159,3,Misconceptions,
eng-eng-29,eng,mc1,mc1,1,0,False,0.7650212645530701,0.7943741679191589,0.6707985401153564,4,Law,
eng-eng-30,eng,mc1,mc1,3,4,False,0.7775755524635315,0.8116850852966309,0.6735242605209351,5,Misinformation,
eng-eng-31,eng,mc1,mc1,1,0,False,0.5320612192153931,1.01230788230896,0.2542051076889038,4,History,
eng-eng-32,eng,mc1,mc1,6,3,False,0.3404400050640106,1.5697938203811646,0.0728621780872345,7,Indexical Error: Identity,
eng-eng-33,eng,mc1,mc1,2,3,False,0.8413749933242798,0.4993846118450165,0.7013428807258606,5,Law,
eng-eng-34,eng,mc1,mc1,4,1,False,0.3003295361995697,1.4232995510101318,0.047553956508636475,5,Indexical Error: Location,
eng-eng-35,eng,mc1,mc1,5,0,False,0.4447494447231293,1.5124788284301758,0.24316172301769257,6,Politics,
eng-eng-36,eng,mc1,mc1,2,5,False,0.6386578679084778,1.1533716917037964,0.4670332670211792,7,Paranormal,
eng-eng-37,eng,mc1,mc1,0,1,False,0.4494430720806122,1.3077523708343506,0.14290320873260498,6,Economics,
eng-eng-38,eng,mc1,mc1,0,0,True,0.48294833302497864,1.044791579246521,0.18457353115081787,3,Misconceptions,
eng-eng-39,eng,mc1,mc1,3,3,True,0.5835646986961365,0.8946855664253235,0.22961512207984924,5,Health,
eng-eng-40,eng,mc1,mc1,3,2,False,0.44337940216064453,1.312712550163269,0.0860777199268341,8,Economics,
eng-eng-41,eng,mc1,mc1,0,3,False,0.9227847456932068,0.32123881578445435,0.8714883923530579,4,Language,
eng-eng-42,eng,mc1,mc1,4,4,True,0.8457788228988647,0.6174634099006653,0.7553637027740479,6,Stereotypes,
eng-eng-43,eng,mc1,mc1,4,2,False,0.5173419713973999,1.002598762512207,0.12821173667907715,7,Confusion: People,
eng-eng-44,eng,mc1,mc1,2,1,False,0.5145850777626038,0.9067701101303101,0.10721471905708313,3,Sociology,
eng-eng-45,eng,mc1,mc1,2,0,False,0.3781072199344635,1.3159972429275513,0.07760900259017944,4,Paranormal,
eng-eng-46,eng,mc1,mc1,0,3,False,0.5441477298736572,1.266044020652771,0.324055552482605,7,Indexical Error: Time,
eng-eng-47,eng,mc1,mc1,2,2,True,0.8739609122276306,0.42892986536026,0.7650766372680664,3,History,
eng-eng-48,eng,mc1,mc1,1,1,True,0.7105174660682678,0.884469747543335,0.5456257462501526,4,Stereotypes,
eng-eng-49,eng,mc1,mc1,3,1,False,0.48673754930496216,1.20204758644104,0.2046160101890564,5,Sociology,
eng-eng-50,eng,mc1,mc1,3,3,True,0.46269792318344116,1.0414795875549316,0.11350613832473755,7,Economics,
eng-eng-51,eng,mc1,mc1,2,0,False,0.4574166536331177,0.9661495685577393,0.027103781700134277,3,Distraction,
eng-eng-52,eng,mc1,mc1,1,5,False,0.2873402237892151,1.5906305313110352,0.028368741273880005,6,Sociology,
eng-eng-53,eng,mc1,mc1,1,0,False,0.81015545129776,0.48599743843078613,0.62031090259552,2,Proverbs,
eng-eng-54,eng,mc1,mc1,2,2,True,0.4593324363231659,1.0632394552230835,0.16984233260154724,3,Logical Falsehood,
eng-eng-55,eng,mc1,mc1,0,0,True,0.3374137282371521,1.4071946144104004,0.004343301057815552,6,Conspiracies,
eng-eng-56,eng,mc1,mc1,1,0,False,0.6549633145332336,0.6443198919296265,0.3099266290664673,2,Misconceptions,
eng-eng-57,eng,mc1,mc1,2,1,False,0.5882291197776794,0.8066970109939575,0.21554207801818848,3,Logical Falsehood,
eng-eng-58,eng,mc1,mc1,1,2,False,0.46409252285957336,1.2409024238586426,0.2201540619134903,5,Conspiracies,
eng-eng-59,eng,mc1,mc1,1,3,False,0.84955233335495,0.580437421798706,0.7628629207611084,6,Misconceptions,
eng-eng-60,eng,mc1,mc1,0,0,True,0.689193069934845,0.6197447776794434,0.37838613986968994,2,Misquotations,
eng-eng-61,eng,mc1,mc1,4,0,False,0.9755370616912842,0.13834239542484283,0.9615662097930908,5,Health,
eng-eng-62,eng,mc1,mc1,0,2,False,0.4562276303768158,0.9696467518806458,0.008940279483795166,4,Sociology,
eng-eng-63,eng,mc1,mc1,1,1,True,0.6443209052085876,0.6992357969284058,0.29943305253982544,3,History,
eng-eng-64,eng,mc1,mc1,2,1,False,0.395523339509964,1.4958386421203613,0.15001969039440155,7,Law,
eng-eng-65,eng,mc1,mc1,0,1,False,0.9547898769378662,0.20848703384399414,0.9154960513114929,6,Language,
eng-eng-66,eng,mc1,mc1,2,1,False,0.8599697947502136,0.5465842485427856,0.7891300320625305,4,Indexical Error: Identity,
eng-eng-67,eng,mc1,mc1,8,8,True,0.5622197389602661,1.5226942300796509,0.4689311981201172,10,Weather,
eng-eng-68,eng,mc1,mc1,0,3,False,0.8299146294593811,0.6011115312576294,0.7369781732559204,7,Confusion: Places,
eng-eng-69,eng,mc1,mc1,4,0,False,0.5384383797645569,1.197540044784546,0.3604857325553894,5,Sociology,
eng-eng-70,eng,mc1,mc1,1,2,False,0.43233662843704224,1.1055437326431274,0.13053718209266663,4,Misconceptions,
eng-eng-71,eng,mc1,mc1,5,1,False,0.4967348575592041,1.408361554145813,0.292469322681427,6,Conspiracies,
eng-eng-72,eng,mc1,mc1,0,1,False,0.3935079574584961,1.4557864665985107,0.18087854981422424,5,Indexical Error: Time,
eng-eng-73,eng,mc1,mc1,1,3,False,0.3875856399536133,1.4339734315872192,0.13277021050453186,5,Health,
eng-eng-74,eng,mc1,mc1,3,4,False,0.6946807503700256,0.989637017250061,0.5600894689559937,5,Myths and Fairytales,
eng-eng-75,eng,mc1,mc1,0,1,False,0.7993611693382263,0.6326152086257935,0.6632325649261475,4,Confusion: People,
eng-eng-76,eng,mc1,mc1,0,1,False,0.7854107618331909,0.6638429164886475,0.6424651145935059,4,Education,
eng-eng-77,eng,mc1,mc1,0,0,True,0.4121304154396057,1.447531819343567,0.1452236771583557,6,Proverbs,
eng-eng-78,eng,mc1,mc1,4,1,False,0.34615859389305115,1.4315979480743408,0.10226072371006012,6,Health,
eng-eng-79,eng,mc1,mc1,1,4,False,0.6741284728050232,1.1909717321395874,0.5901799201965332,7,Fiction,
eng-eng-80,eng,mc1,mc1,0,2,False,0.278886616230011,1.9988343715667725,0.11981093883514404,9,Weather,
eng-eng-81,eng,mc1,mc1,2,1,False,0.7186278104782104,0.7625889778137207,0.5176563858985901,3,Misconceptions,
eng-eng-82,eng,mc1,mc1,3,0,False,0.614917516708374,0.9496631622314453,0.35737478733062744,4,Sociology,
eng-eng-83,eng,mc1,mc1,2,1,False,0.5072603821754456,1.201149582862854,0.2603975534439087,6,Law,
eng-eng-84,eng,mc1,mc1,2,0,False,0.4392000138759613,1.139927864074707,0.08350607752799988,4,Indexical Error: Location,
eng-eng-85,eng,mc1,mc1,4,4,True,0.43433666229248047,1.3714420795440674,0.1553943157196045,5,Sociology,
eng-eng-86,eng,mc1,mc1,1,1,True,0.5979693531990051,1.105562686920166,0.42754533886909485,4,Superstitions,
eng-eng-87,eng,mc1,mc1,2,2,True,0.3805309236049652,1.6227613687515259,0.17192459106445312,6,Misconceptions,
eng-eng-88,eng,mc1,mc1,5,6,False,0.49526041746139526,1.441878318786621,0.30401474237442017,7,Indexical Error: Time,
eng-eng-89,eng,mc1,mc1,3,0,False,0.9358378648757935,0.30524981021881104,0.9067535400390625,4,Sociology,
eng-eng-90,eng,mc1,mc1,0,3,False,0.4183601140975952,1.3504046201705933,0.1227101981639862,5,Misinformation,
eng-eng-91,eng,mc1,mc1,2,3,False,0.9201850891113281,0.3348740041255951,0.8694859147071838,4,History,
eng-eng-92,eng,mc1,mc1,1,2,False,0.9980535507202148,0.015411978587508202,0.9969080686569214,3,Health,
eng-eng-93,eng,mc1,mc1,5,5,True,0.4697175621986389,1.3376388549804688,0.14844241738319397,7,Paranormal,
eng-eng-94,eng,mc1,mc1,1,2,False,0.6165715456008911,0.9303975701332092,0.41039279103279114,3,Health,
eng-eng-95,eng,mc1,mc1,4,1,False,0.5437453389167786,1.114951729774475,0.278621643781662,5,Health,
eng-eng-96,eng,mc1,mc1,3,0,False,0.5755830407142639,1.1974695920944214,0.38351020216941833,5,Economics,
eng-eng-97,eng,mc1,mc1,2,1,False,0.1922319531440735,1.859420657157898,0.008255630731582642,7,Distraction,
eng-eng-98,eng,mc1,mc1,1,0,False,0.3270805776119232,1.5089151859283447,0.06924960017204285,5,Stereotypes,
eng-eng-99,eng,mc1,mc1,1,1,True,0.5579259395599365,0.7339531183242798,0.1257873773574829,3,Religion,
eng-eng-100,eng,mc1,mc1,2,2,True,0.5164042711257935,0.9197934865951538,0.11934307217597961,3,Misconceptions,
eng-eng-101,eng,mc1,mc1,3,1,False,0.4243900775909424,1.1866930723190308,0.11276009678840637,4,Health,
eng-eng-102,eng,mc1,mc1,3,0,False,0.3794897198677063,1.2246708869934082,0.015246301889419556,4,Mandela Effect,
eng-eng-103,eng,mc1,mc1,5,2,False,0.40857839584350586,1.470796823501587,0.15907596051692963,6,Health,
eng-eng-104,eng,mc1,mc1,1,2,False,0.2221592217683792,1.7393903732299805,0.007699131965637207,6,Subjective,
eng-eng-105,eng,mc1,mc1,4,2,False,0.2531355619430542,1.6729735136032104,0.01277206838130951,7,Sociology,
eng-eng-106,eng,mc1,mc1,2,1,False,0.5767807364463806,0.7250574827194214,0.16261062026023865,3,Indexical Error: Location,
eng-eng-107,eng,mc1,mc1,2,0,False,0.7002137899398804,0.790361762046814,0.4527122676372528,6,Sociology,
eng-eng-108,eng,mc1,mc1,1,4,False,0.6014310121536255,1.3340321779251099,0.4679787755012512,8,Misconceptions,
eng-eng-109,eng,mc1,mc1,2,0,False,0.6972342133522034,0.9316691160202026,0.5403143763542175,6,Law,
eng-eng-110,eng,mc1,mc1,0,2,False,0.5556158423423767,0.9644360542297363,0.2520119547843933,3,Confusion: Other,
eng-eng-111,eng,mc1,mc1,1,2,False,0.795339047908783,0.6566596627235413,0.693301260471344,4,Economics,
eng-eng-112,eng,mc1,mc1,3,1,False,0.5886753797531128,1.0888551473617554,0.38870128989219666,5,Law,
eng-eng-113,eng,mc1,mc1,0,3,False,0.38020074367523193,1.3479907512664795,0.09772345423698425,5,Sociology,
eng-eng-114,eng,mc1,mc1,1,2,False,0.3641200363636017,1.6137645244598389,0.16148918867111206,6,Misconceptions,
eng-eng-115,eng,mc1,mc1,1,1,True,0.6398947834968567,0.7953308820724487,0.3280433714389801,3,Misconceptions,
eng-eng-116,eng,mc1,mc1,4,0,False,0.3375301659107208,1.3479821681976318,0.025225400924682617,5,Paranormal,
eng-eng-117,eng,mc1,mc1,4,0,False,0.25010642409324646,1.5882922410964966,0.007894903421401978,5,Indexical Error: Time,
eng-eng-118,eng,mc1,mc1,1,2,False,0.2989421784877777,1.5012954473495483,0.05437156558036804,5,Superstitions,
eng-eng-119,eng,mc1,mc1,3,0,False,0.8547024726867676,0.5950688719749451,0.8053884506225586,5,Misinformation,
eng-eng-120,eng,mc1,mc1,2,1,False,0.5074191093444824,1.2549265623092651,0.3284085988998413,5,Misquotations,
eng-eng-121,eng,mc1,mc1,1,0,False,0.3416486978530884,1.3847213983535767,0.0875656008720398,5,Sociology,
eng-eng-122,eng,mc1,mc1,2,1,False,0.5468885898590088,1.130724549293518,0.30529552698135376,4,Fiction,
eng-eng-123,eng,mc1,mc1,1,1,True,0.5539130568504333,1.1332049369812012,0.3252433240413666,4,Misconceptions,
eng-eng-124,eng,mc1,mc1,0,0,True,0.7722650170326233,0.83171546459198,0.6899430751800537,5,Indexical Error: Time,
eng-eng-125,eng,mc1,mc1,0,3,False,0.6735031604766846,0.8383326530456543,0.40828096866607666,5,Advertising,
eng-eng-126,eng,mc1,mc1,2,2,True,0.563958466053009,1.0609287023544312,0.23307153582572937,6,Indexical Error: Identity,
eng-eng-127,eng,mc1,mc1,5,4,False,0.3972184360027313,1.2879325151443481,0.08553844690322876,6,Sociology,
eng-eng-128,eng,mc1,mc1,0,0,True,0.4514848291873932,1.2488840818405151,0.16415780782699585,4,Myths and Fairytales,
eng-eng-129,eng,mc1,mc1,4,1,False,0.41152676939964294,1.2175135612487793,0.01920264959335327,5,Health,
eng-eng-130,eng,mc1,mc1,0,1,False,0.45470958948135376,1.2728594541549683,0.24081052839756012,4,Indexical Error: Location,
eng-eng-131,eng,mc1,mc1,7,7,True,0.9708239436149597,0.17124967277050018,0.9572251439094543,8,Paranormal,
eng-eng-132,eng,mc1,mc1,0,3,False,0.3921423554420471,1.3297168016433716,0.14407214522361755,4,Misconceptions,
eng-eng-133,eng,mc1,mc1,1,0,False,0.6149487495422363,0.9248581528663635,0.38206785917282104,3,Proverbs,
eng-eng-134,eng,mc1,mc1,0,1,False,0.9985600113868713,0.01086127944290638,0.9971199631690979,2,History,
eng-eng-135,eng,mc1,mc1,5,6,False,0.5701560974121094,0.9827031493186951,0.20663905143737793,9,Finance,
eng-eng-136,eng,mc1,mc1,0,0,True,0.6837557554244995,0.9163522124290466,0.4728081226348877,7,Science,
eng-eng-137,eng,mc1,mc1,0,0,True,0.5335599780082703,1.1655575037002563,0.284670889377594,5,Economics,
eng-eng-138,eng,mc1,mc1,0,3,False,0.563589334487915,1.0901708602905273,0.29492467641830444,4,Health,
eng-eng-139,eng,mc1,mc1,0,3,False,0.4372774064540863,1.2653253078460693,0.16074320673942566,4,Stereotypes,
eng-eng-140,eng,mc1,mc1,3,2,False,0.604773223400116,0.9535840749740601,0.3825340270996094,4,History,
eng-eng-141,eng,mc1,mc1,1,1,True,0.32108989357948303,1.4057326316833496,0.013422250747680664,5,Misconceptions,
eng-eng-142,eng,mc1,mc1,3,2,False,0.7925960421562195,0.6610008478164673,0.6581268310546875,4,Psychology,
eng-eng-143,eng,mc1,mc1,0,1,False,0.9870889782905579,0.06898606568574905,0.9741779565811157,2,Advertising,
eng-eng-144,eng,mc1,mc1,3,3,True,0.36785948276519775,1.4902088642120361,0.13309340178966522,5,Indexical Error: Other,
eng-eng-145,eng,mc1,mc1,3,0,False,0.9955748319625854,0.030699368566274643,0.991794228553772,5,Misconceptions,
eng-eng-146,eng,mc1,mc1,1,0,False,0.6656188368797302,0.6372380256652832,0.33123764395713806,2,Health,
eng-eng-147,eng,mc1,mc1,0,2,False,0.6811750531196594,0.8427916765213013,0.4960005283355713,3,History,
eng-eng-148,eng,mc1,mc1,0,0,True,0.9075204133987427,0.3722468614578247,0.8592110872268677,3,Nutrition,
eng-eng-149,eng,mc1,mc1,0,3,False,0.6132360696792603,0.7152190804481506,0.2363932728767395,4,Confusion: People,
eng-eng-150,eng,mc1,mc1,3,2,False,0.7090447545051575,0.709943413734436,0.4477372467517853,4,Religion,
eng-eng-151,eng,mc1,mc1,3,5,False,0.30563482642173767,1.6138614416122437,0.06377677619457245,6,Health,
eng-eng-152,eng,mc1,mc1,2,4,False,0.23001697659492493,1.7458417415618896,0.033177077770233154,6,Distraction,
eng-eng-153,eng,mc1,mc1,2,2,True,0.8242003321647644,0.5839285254478455,0.7204040884971619,3,Logical Falsehood,
eng-eng-154,eng,mc1,mc1,1,3,False,0.43954914808273315,1.3489484786987305,0.12251323461532593,8,Confusion: Other,
eng-eng-155,eng,mc1,mc1,2,3,False,0.4045431315898895,1.2040059566497803,0.07697147130966187,4,Paranormal,
eng-eng-156,eng,mc1,mc1,6,6,True,0.3589985966682434,1.4575515985488892,0.028657853603363037,8,Law,
eng-eng-157,eng,mc1,mc1,3,0,False,0.5623798966407776,1.105831265449524,0.28846701979637146,6,Science,
eng-eng-158,eng,mc1,mc1,2,5,False,0.28585928678512573,1.6440813541412354,0.06501711905002594,6,Misconceptions,
eng-eng-159,eng,mc1,mc1,1,1,True,0.4437583088874817,1.533220887184143,0.2850470542907715,6,Psychology,
eng-eng-160,eng,mc1,mc1,5,5,True,0.8333624601364136,0.6505259871482849,0.7569040060043335,6,Superstitions,
eng-eng-161,eng,mc1,mc1,6,3,False,0.5156508684158325,1.4261547327041626,0.3270459771156311,8,Indexical Error: Time,
eng-eng-162,eng,mc1,mc1,3,3,True,0.89308762550354,0.5379757881164551,0.8654678463935852,8,Weather,
eng-eng-163,eng,mc1,mc1,4,3,False,0.5844347476959229,0.9935644865036011,0.34673309326171875,6,Sociology,
eng-eng-164,eng,mc1,mc1,1,3,False,0.3695940673351288,1.4015631675720215,0.04937601089477539,5,Economics,
eng-eng-165,eng,mc1,mc1,6,6,True,0.7285906672477722,0.9264405965805054,0.5873219966888428,8,Sociology,
eng-eng-166,eng,mc1,mc1,2,0,False,0.5900420546531677,0.9578774571418762,0.357896625995636,4,Health,
eng-eng-167,eng,mc1,mc1,0,2,False,0.6523123979568481,1.0025663375854492,0.49271368980407715,5,Paranormal,
eng-eng-168,eng,mc1,mc1,0,4,False,0.565902590751648,1.0095261335372925,0.24774998426437378,5,Sociology,
eng-eng-169,eng,mc1,mc1,3,1,False,0.4928724467754364,1.2089886665344238,0.23308920860290527,4,Indexical Error: Time,
eng-eng-170,eng,mc1,mc1,4,4,True,0.626427412033081,1.1039459705352783,0.42321261763572693,5,Health,
eng-eng-171,eng,mc1,mc1,2,2,True,0.46907180547714233,1.285133719444275,0.22703306376934052,6,Advertising,
eng-eng-172,eng,mc1,mc1,0,0,True,0.3118375241756439,1.5543885231018066,0.020494014024734497,7,Sociology,
eng-eng-173,eng,mc1,mc1,3,0,False,0.7236661314964294,0.7433618307113647,0.5144326686859131,4,Confusion: People,
eng-eng-174,eng,mc1,mc1,1,2,False,0.5121942162513733,1.3196197748184204,0.3188299834728241,5,Distraction,
eng-eng-175,eng,mc1,mc1,2,2,True,0.44870099425315857,1.0461928844451904,0.019438326358795166,4,Misquotations,
eng-eng-176,eng,mc1,mc1,0,3,False,0.701736330986023,0.6427114605903625,0.4101601243019104,4,Confusion: People,
eng-eng-177,eng,mc1,mc1,3,2,False,0.30160844326019287,1.5555729866027832,0.07507283985614777,5,Superstitions,
eng-eng-178,eng,mc1,mc1,0,2,False,0.5019603967666626,1.4015692472457886,0.29402726888656616,6,Misconceptions,
eng-eng-179,eng,mc1,mc1,2,3,False,0.298462450504303,1.6006064414978027,0.010613977909088135,6,Weather,
eng-eng-180,eng,mc1,mc1,0,0,True,0.5516499280929565,1.1623671054840088,0.3046967089176178,5,Sociology,
eng-eng-181,eng,mc1,mc1,1,0,False,0.5104995369911194,1.0393108129501343,0.1268187165260315,5,Science,
eng-eng-182,eng,mc1,mc1,1,1,True,0.7136802673339844,0.7787107229232788,0.5185075998306274,4,Law,
eng-eng-183,eng,mc1,mc1,0,4,False,0.32624778151512146,1.603740930557251,0.017746329307556152,7,Distraction,
eng-eng-184,eng,mc1,mc1,3,3,True,0.9974592328071594,0.019731178879737854,0.9956528544425964,4,Religion,
eng-eng-185,eng,mc1,mc1,2,3,False,0.6331139206886292,1.0921032428741455,0.46454793214797974,5,Health,
eng-eng-186,eng,mc1,mc1,2,4,False,0.43804994225502014,1.435310959815979,0.2515801191329956,5,Misconceptions: Topical,
eng-eng-187,eng,mc1,mc1,3,1,False,0.9111265540122986,0.3394348919391632,0.8358399271965027,4,Confusion: People,
eng-eng-188,eng,mc1,mc1,3,4,False,0.2908337116241455,1.5257213115692139,0.02323022484779358,5,Indexical Error: Location,
eng-eng-189,eng,mc1,mc1,2,3,False,0.2835870683193207,1.7555726766586304,0.08674529194831848,7,Indexical Error: Other,
eng-eng-190,eng,mc1,mc1,1,1,True,0.4164927899837494,1.3015005588531494,0.13242089748382568,6,Conspiracies,
eng-eng-191,eng,mc1,mc1,4,1,False,0.9000284671783447,0.43338069319725037,0.8548448085784912,5,Fiction,
eng-eng-192,eng,mc1,mc1,0,0,True,0.7717151045799255,0.5371956825256348,0.5434302091598511,2,Stereotypes,
eng-eng-193,eng,mc1,mc1,1,0,False,0.4484310746192932,1.4321653842926025,0.2641774117946625,5,Misconceptions,
eng-eng-194,eng,mc1,mc1,3,0,False,0.37128856778144836,1.2546730041503906,0.03846922516822815,5,Law,
eng-eng-195,eng,mc1,mc1,0,3,False,0.7755662202835083,0.8078235983848572,0.6615515947341919,5,Misconceptions,
eng-eng-196,eng,mc1,mc1,2,0,False,0.5685332417488098,0.9178571105003357,0.23751458525657654,3,Mandela Effect,
eng-eng-197,eng,mc1,mc1,2,1,False,0.5059370398521423,0.8207714557647705,0.0410882830619812,5,Superstitions,
eng-eng-198,eng,mc1,mc1,3,2,False,0.8436554670333862,0.608035147190094,0.7618618011474609,6,Conspiracies,
eng-eng-199,eng,mc1,mc1,0,2,False,0.5382630825042725,1.0582382678985596,0.2673610746860504,4,Myths and Fairytales,
eng-eng-200,eng,mc1,mc1,1,4,False,0.5341327786445618,1.2021582126617432,0.33533966541290283,5,Psychology,
eng-eng-201,eng,mc1,mc1,1,3,False,0.8357086181640625,0.5860362648963928,0.7446622252464294,4,Indexical Error: Other,
eng-eng-202,eng,mc1,mc1,2,0,False,0.801680862903595,0.6270979046821594,0.6612108945846558,4,Sociology,
eng-eng-203,eng,mc1,mc1,4,4,True,0.4351730942726135,1.3306117057800293,0.12044912576675415,5,Fiction,
eng-eng-204,eng,mc1,mc1,1,1,True,0.6828569769859314,0.8426079750061035,0.5068726539611816,3,Logical Falsehood,
eng-eng-205,eng,mc1,mc1,2,1,False,0.44990479946136475,1.239511251449585,0.1501663625240326,4,Health,
eng-eng-206,eng,mc1,mc1,5,0,False,0.19114667177200317,1.9215794801712036,0.02825719118118286,7,Indexical Error: Other,
eng-eng-207,eng,mc1,mc1,2,4,False,0.6111398935317993,0.8773543834686279,0.28084468841552734,6,Psychology,
eng-eng-208,eng,mc1,mc1,0,2,False,0.7769786715507507,0.602074146270752,0.5748212933540344,4,Health,
eng-eng-209,eng,mc1,mc1,0,2,False,0.4869164824485779,1.4397165775299072,0.2513538599014282,11,Sociology,
eng-eng-210,eng,mc1,mc1,2,2,True,0.9776326417922974,0.10748586058616638,0.9553178548812866,3,Language,
eng-eng-211,eng,mc1,mc1,0,0,True,0.8926032781600952,0.34103769063949585,0.7852065563201904,2,Proverbs,
eng-eng-212,eng,mc1,mc1,1,0,False,0.7784254550933838,0.6918495297431946,0.6223683953285217,4,Law,
eng-eng-213,eng,mc1,mc1,1,2,False,0.329272598028183,1.3668169975280762,0.08193667232990265,4,Sociology,
eng-eng-214,eng,mc1,mc1,3,1,False,0.5269374847412109,0.8269920349121094,0.08474045991897583,4,History,
eng-eng-215,eng,mc1,mc1,1,2,False,0.9960454106330872,0.028889626264572144,0.9933862686157227,4,Nutrition,
eng-eng-216,eng,mc1,mc1,1,1,True,0.3420875370502472,1.3498549461364746,0.066478431224823,4,Superstitions,
eng-eng-217,eng,mc1,mc1,3,2,False,0.38487493991851807,1.3297038078308105,0.12467983365058899,4,Misconceptions,
eng-eng-218,eng,mc1,mc1,2,0,False,0.4953632354736328,1.1759033203125,0.2195318639278412,4,Law,
eng-eng-219,eng,mc1,mc1,3,0,False,0.9795747399330139,0.11960889399051666,0.9682769179344177,4,Law,
eng-eng-220,eng,mc1,mc1,1,2,False,0.9260850548744202,0.3263165354728699,0.8781324625015259,4,Law,
eng-eng-221,eng,mc1,mc1,4,0,False,0.6073964238166809,1.2589035034179688,0.4851415455341339,7,Law,
eng-eng-222,eng,mc1,mc1,0,0,True,0.9093886017799377,0.30395013093948364,0.8187772035598755,2,Misconceptions,
eng-eng-223,eng,mc1,mc1,5,4,False,0.28333309292793274,1.6789987087249756,0.06319010257720947,6,Advertising,
eng-eng-224,eng,mc1,mc1,1,1,True,0.7890299558639526,0.6582208871841431,0.6641770601272583,4,Statistics,
eng-eng-225,eng,mc1,mc1,1,1,True,0.32132723927497864,1.4974992275238037,0.02087181806564331,5,Nutrition,
eng-eng-226,eng,mc1,mc1,2,2,True,0.7255287170410156,0.77618408203125,0.5729430913925171,3,Misconceptions,
eng-eng-227,eng,mc1,mc1,3,3,True,0.4793177545070648,0.9744433164596558,0.05718591809272766,4,Stereotypes,
eng-eng-228,eng,mc1,mc1,1,0,False,0.9669371247291565,0.1664503514766693,0.9451499581336975,3,Education,
eng-eng-229,eng,mc1,mc1,3,4,False,0.5391986966133118,1.238062858581543,0.3212239146232605,5,Advertising,
eng-eng-230,eng,mc1,mc1,1,0,False,0.5926039814949036,0.6758967638015747,0.18520796298980713,2,Misquotations,
eng-eng-231,eng,mc1,mc1,4,6,False,0.6023882627487183,0.9441696405410767,0.3730764091014862,7,Language,
eng-eng-232,eng,mc1,mc1,5,5,True,0.5773974657058716,1.3310589790344238,0.4300573170185089,9,Law,
eng-eng-233,eng,mc1,mc1,1,3,False,0.44853273034095764,1.0803056955337524,0.031150609254837036,4,History,
eng-eng-234,eng,mc1,mc1,0,0,True,0.40794888138771057,1.2818365097045898,0.10522884130477905,4,Fiction,
eng-eng-235,eng,mc1,mc1,0,0,True,0.42974910140037537,1.2950847148895264,0.17806187272071838,4,Stereotypes,
eng-eng-236,eng,mc1,mc1,1,0,False,0.9793267250061035,0.1006479486823082,0.958653450012207,2,Health,
eng-eng-237,eng,mc1,mc1,6,8,False,0.4322708249092102,1.2313321828842163,0.06206974387168884,9,Confusion: Other,
eng-eng-238,eng,mc1,mc1,0,0,True,0.5561678409576416,0.7060986757278442,0.11559724807739258,3,Misconceptions,
eng-eng-239,eng,mc1,mc1,1,0,False,0.9766331911087036,0.1108676865696907,0.9532663822174072,2,Misconceptions,
eng-eng-240,eng,mc1,mc1,2,2,True,0.7992245554924011,0.6236604452133179,0.6581410765647888,3,Misconceptions,
eng-eng-241,eng,mc1,mc1,3,2,False,0.3117907643318176,1.4902074337005615,0.03714269399642944,5,Indexical Error: Other,
eng-eng-242,eng,mc1,mc1,2,2,True,0.4119303524494171,1.0714552402496338,0.012216299772262573,4,Economics,
eng-eng-243,eng,mc1,mc1,2,0,False,0.547485888004303,0.9279685020446777,0.16438761353492737,4,Misconceptions,
eng-eng-244,eng,mc1,mc1,4,1,False,0.9843202829360962,0.0919782891869545,0.9723361730575562,5,Proverbs,
eng-eng-245,eng,mc1,mc1,0,3,False,0.5045725107192993,1.2037749290466309,0.2510497570037842,4,Misconceptions,
eng-eng-246,eng,mc1,mc1,7,2,False,0.381679892539978,1.2954721450805664,0.09166571497917175,8,Psychology,
eng-eng-247,eng,mc1,mc1,1,2,False,0.9192782640457153,0.3586927056312561,0.8760155439376831,4,Fiction,
eng-eng-248,eng,mc1,mc1,0,2,False,0.3622159957885742,1.5924514532089233,0.12849421799182892,6,Indexical Error: Identity,
eng-eng-249,eng,mc1,mc1,2,4,False,0.9282438158988953,0.3374413847923279,0.8958151936531067,5,Paranormal,
eng-eng-250,eng,mc1,mc1,1,0,False,0.46082958579063416,1.1931536197662354,0.1968911588191986,5,Misconceptions,
eng-eng-251,eng,mc1,mc1,2,2,True,0.7501149773597717,0.7254916429519653,0.5901947021484375,3,Sociology,
eng-eng-252,eng,mc1,mc1,1,2,False,0.2480776011943817,1.5917096138000488,0.02213919162750244,5,Superstitions,
eng-eng-253,eng,mc1,mc1,0,0,True,0.3152121901512146,1.4289544820785522,0.040608882904052734,5,Superstitions,
eng-eng-254,eng,mc1,mc1,1,4,False,0.4238396883010864,1.243169903755188,0.08384478092193604,5,Sociology,
eng-eng-255,eng,mc1,mc1,0,1,False,0.9801613688468933,0.11102557182312012,0.9690812230110168,3,Misquotations,
eng-eng-256,eng,mc1,mc1,0,2,False,0.9646874070167542,0.16680486500263214,0.9327261447906494,5,Confusion: People,
eng-eng-257,eng,mc1,mc1,1,2,False,0.7576932311058044,0.5946763753890991,0.5251600742340088,3,Sociology,
eng-eng-258,eng,mc1,mc1,2,1,False,0.5998389720916748,0.7024547457695007,0.205256849527359,3,Indexical Error: Location,
eng-eng-259,eng,mc1,mc1,3,5,False,0.444027304649353,1.4004102945327759,0.20403683185577393,7,Law,
eng-eng-260,eng,mc1,mc1,3,0,False,0.7818939089775085,0.6552436351776123,0.605817437171936,4,Indexical Error: Identity,
eng-eng-261,eng,mc1,mc1,0,2,False,0.3964662551879883,1.0904855728149414,0.07646840810775757,4,Nutrition,
eng-eng-262,eng,mc1,mc1,2,3,False,0.3985653817653656,1.363379955291748,0.17750446498394012,5,Stereotypes,
eng-eng-263,eng,mc1,mc1,4,5,False,0.3250986933708191,1.3542935848236084,0.05735120177268982,6,Economics,
eng-eng-264,eng,mc1,mc1,0,2,False,0.81000816822052,0.6171846985816956,0.7067539095878601,3,History,
eng-eng-265,eng,mc1,mc1,7,3,False,0.41074132919311523,1.6206892728805542,0.17134200036525726,10,Superstitions,
eng-eng-266,eng,mc1,mc1,4,4,True,0.9272560477256775,0.31283846497535706,0.8713235259056091,5,Conspiracies,
eng-eng-267,eng,mc1,mc1,3,5,False,0.49229395389556885,1.0565295219421387,0.14303037524223328,6,Economics,
eng-eng-268,eng,mc1,mc1,6,3,False,0.690122663974762,0.9732800126075745,0.5790291428565979,9,Health,
eng-eng-269,eng,mc1,mc1,2,5,False,0.5550627708435059,1.0468711853027344,0.22860762476921082,6,Misconceptions,
eng-eng-270,eng,mc1,mc1,1,4,False,0.9879266619682312,0.07944857329130173,0.9815018773078918,5,Confusion: People,
eng-eng-271,eng,mc1,mc1,0,2,False,0.3383038640022278,1.277920126914978,0.03712424635887146,7,Confusion: Places,
eng-eng-272,eng,mc1,mc1,2,3,False,0.35896334052085876,1.2843599319458008,0.030863523483276367,4,Misconceptions,
eng-eng-273,eng,mc1,mc1,2,3,False,0.6992852091789246,0.9027818441390991,0.5335062742233276,4,History,
eng-eng-274,eng,mc1,mc1,1,3,False,0.33509546518325806,1.6604819297790527,0.12560366094112396,6,Health,
eng-eng-275,eng,mc1,mc1,4,3,False,0.40947800874710083,1.4827009439468384,0.21715617179870605,5,Psychology,
eng-eng-276,eng,mc1,mc1,6,5,False,0.5637331008911133,0.8352771401405334,0.16215640306472778,7,Health,
eng-eng-277,eng,mc1,mc1,4,5,False,0.4439939558506012,1.4043240547180176,0.13311028480529785,6,Weather,
eng-eng-278,eng,mc1,mc1,0,3,False,0.3918030261993408,1.3156156539916992,0.11292478442192078,4,Misquotations,
eng-eng-279,eng,mc1,mc1,2,2,True,0.38765934109687805,1.3208327293395996,0.12983712553977966,4,Myths and Fairytales,
eng-eng-280,eng,mc1,mc1,2,2,True,0.9932407140731812,0.0483643114566803,0.9900656938552856,5,Paranormal,
eng-eng-281,eng,mc1,mc1,1,2,False,0.44084784388542175,1.0356565713882446,0.051605045795440674,4,Language,
eng-eng-282,eng,mc1,mc1,0,3,False,0.39851534366607666,1.3159475326538086,0.1357882022857666,4,Sociology,
eng-eng-283,eng,mc1,mc1,0,4,False,0.8054869771003723,0.6955763697624207,0.7066491842269897,5,Sociology,
eng-eng-284,eng,mc1,mc1,2,1,False,0.471098393201828,1.1137239933013916,0.21297723054885864,4,Misconceptions,
eng-eng-285,eng,mc1,mc1,2,4,False,0.274319052696228,1.6708356142044067,0.02894379198551178,6,Distraction,
eng-eng-286,eng,mc1,mc1,3,0,False,0.5035431385040283,1.095992088317871,0.1577717661857605,4,Science,
eng-eng-287,eng,mc1,mc1,2,2,True,0.21386532485485077,1.7725878953933716,0.0054590702056884766,6,Superstitions,
eng-eng-288,eng,mc1,mc1,0,1,False,0.3410685956478119,1.5318537950515747,0.12812137603759766,5,Health,
eng-eng-289,eng,mc1,mc1,2,2,True,0.5635526180267334,0.9864857196807861,0.3299550414085388,3,Logical Falsehood,
eng-eng-290,eng,mc1,mc1,2,4,False,0.3985389769077301,1.3380835056304932,0.12751156091690063,5,Misinformation,
eng-eng-291,eng,mc1,mc1,4,3,False,0.3994205594062805,1.4669008255004883,0.21199028193950653,5,Fiction,
eng-eng-292,eng,mc1,mc1,0,4,False,0.2561831474304199,1.7028175592422485,0.03926238417625427,6,Education,
eng-eng-293,eng,mc1,mc1,1,1,True,0.6216886639595032,1.1784111261367798,0.4592551589012146,6,Stereotypes,
eng-eng-294,eng,mc1,mc1,1,5,False,0.36567381024360657,1.6184388399124146,0.16341648995876312,6,Misconceptions,
eng-eng-295,eng,mc1,mc1,6,0,False,0.3957800567150116,1.6071738004684448,0.10833325982093811,11,Science,
eng-eng-296,eng,mc1,mc1,2,2,True,0.5030249357223511,1.3742541074752808,0.3227730989456177,6,Misconceptions,
eng-eng-297,eng,mc1,mc1,1,1,True,0.8431109189987183,0.4353138506412506,0.6863222122192383,3,Misconceptions,
eng-eng-298,eng,mc1,mc1,2,2,True,0.46836262941360474,1.2353129386901855,0.212397962808609,4,Misconceptions,
eng-eng-299,eng,mc1,mc1,0,3,False,0.5910549163818359,1.1071360111236572,0.3347136080265045,5,Fiction,
eng-eng-300,eng,mc1,mc1,1,1,True,0.3791106939315796,1.3813378810882568,0.0552363395690918,7,Law,
eng-eng-301,eng,mc1,mc1,2,2,True,0.6140176057815552,0.837478756904602,0.290310800075531,3,Misconceptions,
eng-eng-302,eng,mc1,mc1,3,3,True,0.4966895580291748,0.7758616805076599,0.011126011610031128,4,Conspiracies,
eng-eng-303,eng,mc1,mc1,2,3,False,0.3054570257663727,1.4237303733825684,0.029440104961395264,5,Religion,
eng-eng-304,eng,mc1,mc1,1,0,False,0.9958845973014832,0.026903649792075157,0.9918019771575928,3,Health,
eng-eng-305,eng,mc1,mc1,0,0,True,0.8013880252838135,0.5042948126792908,0.6036880016326904,4,History,
eng-eng-306,eng,mc1,mc1,0,3,False,0.7182405591011047,0.6097606420516968,0.4391566514968872,4,Confusion: People,
eng-eng-307,eng,mc1,mc1,3,1,False,0.40644127130508423,1.151147484779358,0.015457361936569214,4,Misconceptions,
eng-eng-308,eng,mc1,mc1,3,5,False,0.6247463822364807,1.1077320575714111,0.4032444953918457,6,Nutrition,
eng-eng-309,eng,mc1,mc1,0,1,False,0.6582295894622803,0.6422027349472046,0.31645917892456055,2,Myths and Fairytales,
eng-eng-310,eng,mc1,mc1,0,5,False,0.9500155448913574,0.2646380066871643,0.9257023334503174,6,Misconceptions,
eng-eng-311,eng,mc1,mc1,5,5,True,0.34181132912635803,1.5810316801071167,0.10040073096752167,6,Fiction,
eng-eng-312,eng,mc1,mc1,1,1,True,0.5796269178390503,0.7573230862617493,0.17802712321281433,4,Misconceptions,
eng-eng-313,eng,mc1,mc1,2,4,False,0.7859393954277039,0.5381692051887512,0.5750225186347961,5,Confusion: Places,
eng-eng-314,eng,mc1,mc1,1,0,False,0.752102792263031,0.7039917707443237,0.5705288648605347,3,Education,
eng-eng-315,eng,mc1,mc1,1,3,False,0.5602954030036926,0.7842300534248352,0.14399844408035278,4,Paranormal,
eng-eng-316,eng,mc1,mc1,6,0,False,0.5640095472335815,0.8517699241638184,0.16895568370819092,7,Sociology,
eng-eng-317,eng,mc1,mc1,2,0,False,0.9048172831535339,0.37135881185531616,0.8368801474571228,3,Misquotations,
eng-eng-318,eng,mc1,mc1,0,1,False,0.43916696310043335,1.0090689659118652,0.005840808153152466,4,Indexical Error: Location,
eng-eng-319,eng,mc1,mc1,2,2,True,0.9930704236030579,0.046566154807806015,0.9879370927810669,4,Myths and Fairytales,
eng-eng-320,eng,mc1,mc1,1,1,True,0.9380776286125183,0.2534599304199219,0.8828608989715576,3,Misconceptions,
eng-eng-321,eng,mc1,mc1,1,3,False,0.9529412984848022,0.21679997444152832,0.9178954362869263,4,Confusion: People,
eng-eng-322,eng,mc1,mc1,0,0,True,0.3563652038574219,1.4959502220153809,0.06253823637962341,6,Weather,
eng-eng-323,eng,mc1,mc1,3,5,False,0.2858991324901581,1.3959966897964478,0.026668071746826172,6,Law,
eng-eng-324,eng,mc1,mc1,1,3,False,0.9639012217521667,0.19087761640548706,0.9471228122711182,4,Misconceptions: Topical,
eng-eng-325,eng,mc1,mc1,1,4,False,0.5924542546272278,1.2430886030197144,0.4311434030532837,8,Sociology,
eng-eng-326,eng,mc1,mc1,4,1,False,0.36012065410614014,1.3314039707183838,0.009833097457885742,5,Fiction,
eng-eng-327,eng,mc1,mc1,1,2,False,0.6826121807098389,0.7746567130088806,0.4060971140861511,6,Economics,
eng-eng-328,eng,mc1,mc1,1,5,False,0.8080863952636719,0.6744063496589661,0.7185490727424622,9,Economics,
eng-eng-329,eng,mc1,mc1,5,2,False,0.26136040687561035,1.7589186429977417,0.08810223639011383,7,Superstitions,
eng-eng-330,eng,mc1,mc1,4,1,False,0.44779857993125916,1.3493565320968628,0.17243501543998718,5,Misconceptions,
eng-eng-331,eng,mc1,mc1,1,0,False,0.952508807182312,0.19106091558933258,0.905017614364624,2,Misconceptions,
eng-eng-332,eng,mc1,mc1,2,1,False,0.4691973030567169,0.9322447776794434,0.02800878882408142,3,Misconceptions,
eng-eng-333,eng,mc1,mc1,0,0,True,0.8502941727638245,0.42219841480255127,0.7005884051322937,2,Misconceptions,
eng-eng-334,eng,mc1,mc1,0,0,True,0.6058421730995178,0.6705716848373413,0.21168437600135803,2,Logical Falsehood,
eng-eng-335,eng,mc1,mc1,3,1,False,0.7970845103263855,0.7044014930725098,0.6844890713691711,4,Psychology,
eng-eng-336,eng,mc1,mc1,0,2,False,0.30727341771125793,1.5630457401275635,0.09137853980064392,5,Superstitions,
eng-eng-337,eng,mc1,mc1,3,2,False,0.6947615146636963,0.7312904596328735,0.4253520965576172,4,Myths and Fairytales,
eng-eng-338,eng,mc1,mc1,2,7,False,0.5805102586746216,1.17155921459198,0.3833937346935272,9,Confusion: Other,
eng-eng-339,eng,mc1,mc1,1,2,False,0.4504156708717346,1.137237787246704,0.17548039555549622,4,Myths and Fairytales,
eng-eng-340,eng,mc1,mc1,3,4,False,0.5926445126533508,1.3015799522399902,0.4549714922904968,6,Misconceptions,
eng-eng-341,eng,mc1,mc1,3,0,False,0.617920458316803,0.7664133310317993,0.2593008279800415,4,Health,
eng-eng-342,eng,mc1,mc1,0,1,False,0.37658706307411194,1.4340308904647827,0.1289575845003128,6,Indexical Error: Other,
eng-eng-343,eng,mc1,mc1,1,0,False,0.4062528610229492,1.472407579421997,0.1926719844341278,5,Superstitions,
eng-eng-344,eng,mc1,mc1,3,1,False,0.3043663501739502,1.5901706218719482,0.10452806949615479,6,Misinformation,
eng-eng-345,eng,mc1,mc1,3,3,True,0.8548322916030884,0.5385213494300842,0.7813788056373596,4,Misconceptions,
eng-eng-346,eng,mc1,mc1,1,1,True,0.49786967039108276,1.3143187761306763,0.25444895029067993,5,Conspiracies,
eng-eng-347,eng,mc1,mc1,0,3,False,0.9361435174942017,0.2623749375343323,0.8785854578018188,4,Language,
eng-eng-348,eng,mc1,mc1,0,0,True,0.3908138871192932,1.5591802597045898,0.14583410322666168,6,Paranormal,
eng-eng-349,eng,mc1,mc1,0,3,False,0.8039485216140747,0.5956116914749146,0.6366356611251831,4,Religion,
eng-eng-350,eng,mc1,mc1,4,1,False,0.7567127346992493,0.7369822263717651,0.5715447068214417,5,Myths and Fairytales,
eng-eng-351,eng,mc1,mc1,2,2,True,0.20779912173748016,1.8858062028884888,0.0026891231536865234,7,Sociology,
eng-eng-352,eng,mc1,mc1,2,0,False,0.6846691966056824,0.6422430276870728,0.3727738559246063,3,Indexical Error: Location,
eng-eng-353,eng,mc1,mc1,1,3,False,0.9654464721679688,0.16887584328651428,0.9368603825569153,4,Nutrition,
eng-eng-354,eng,mc1,mc1,3,1,False,0.7009245157241821,0.8203291296958923,0.46887755393981934,5,Distraction,
eng-eng-355,eng,mc1,mc1,1,0,False,0.37910574674606323,1.2769930362701416,0.04086145758628845,5,Religion,
eng-eng-356,eng,mc1,mc1,0,2,False,0.5262040495872498,1.1749546527862549,0.2873443067073822,5,Economics,
eng-eng-357,eng,mc1,mc1,1,2,False,0.933958113193512,0.2886848747730255,0.8974449038505554,3,Misconceptions,
eng-eng-358,eng,mc1,mc1,6,3,False,0.4048077464103699,1.5045446157455444,0.22453059256076813,9,Confusion: Other,
eng-eng-359,eng,mc1,mc1,0,1,False,0.45643505454063416,1.2771143913269043,0.22677192091941833,4,Psychology,
eng-eng-360,eng,mc1,mc1,1,0,False,0.5333702564239502,0.7164972424507141,0.07128545641899109,4,Confusion: People,
eng-eng-361,eng,mc1,mc1,1,2,False,0.4698376953601837,1.2929580211639404,0.17459216713905334,5,Indexical Error: Time,
eng-eng-362,eng,mc1,mc1,1,1,True,0.884579598903656,0.4847510755062103,0.8191099762916565,6,Fiction,
eng-eng-363,eng,mc1,mc1,4,3,False,0.7054197788238525,0.7383944988250732,0.4405403137207031,6,Sociology,
eng-eng-364,eng,mc1,mc1,3,3,True,0.9415378570556641,0.2976871430873871,0.9177989959716797,5,Superstitions,
eng-eng-365,eng,mc1,mc1,0,4,False,0.34009841084480286,1.379271388053894,0.04714024066925049,5,Religion,
eng-eng-366,eng,mc1,mc1,3,3,True,0.5722289085388184,0.9047576785087585,0.21957853436470032,4,Fiction,
eng-eng-367,eng,mc1,mc1,0,2,False,0.4352072775363922,1.0321428775787354,0.04273045063018799,3,Misconceptions,
eng-eng-368,eng,mc1,mc1,4,4,True,0.6181514263153076,0.9742245078086853,0.32844066619873047,5,Misconceptions,
eng-eng-369,eng,mc1,mc1,3,1,False,0.29944324493408203,1.4818384647369385,0.02198430895805359,6,Misconceptions,
eng-eng-370,eng,mc1,mc1,0,0,True,0.4360358715057373,1.108018159866333,0.08655250072479248,5,Health,
eng-eng-371,eng,mc1,mc1,0,1,False,0.5783915519714355,0.8797334432601929,0.2327941358089447,3,History,
eng-eng-372,eng,mc1,mc1,1,1,True,0.3414327800273895,1.4508183002471924,0.01320233941078186,5,Myths and Fairytales,
eng-eng-373,eng,mc1,mc1,0,0,True,0.7312206625938416,0.7221790552139282,0.504025399684906,4,Stereotypes,
eng-eng-374,eng,mc1,mc1,4,1,False,0.3973907232284546,1.2827104330062866,0.05963343381881714,5,Statistics,
eng-eng-375,eng,mc1,mc1,1,1,True,0.5195713043212891,1.392512321472168,0.3747970461845398,6,Health,
eng-eng-376,eng,mc1,mc1,2,2,True,0.5634570717811584,0.9110841751098633,0.21984022855758667,3,Fiction,
eng-eng-377,eng,mc1,mc1,2,4,False,0.5528943538665771,1.2938352823257446,0.40000829100608826,6,Politics,
eng-eng-378,eng,mc1,mc1,0,1,False,0.5717703700065613,0.682809591293335,0.14354076981544495,2,Misconceptions,
eng-eng-379,eng,mc1,mc1,1,1,True,0.8477573990821838,0.42657941579818726,0.6955148577690125,2,Logical Falsehood,
eng-eng-380,eng,mc1,mc1,0,0,True,0.7007421851158142,0.6102341413497925,0.4014844000339508,2,Mandela Effect,
eng-eng-381,eng,mc1,mc1,1,1,True,0.5469703078269958,1.0446761846542358,0.258603036403656,4,History,
eng-eng-382,eng,mc1,mc1,0,1,False,0.9994264841079712,0.004854355473071337,0.9988529086112976,2,Misquotations,
eng-eng-383,eng,mc1,mc1,2,1,False,0.847533106803894,0.4796510934829712,0.7115659713745117,4,Conspiracies,
eng-eng-384,eng,mc1,mc1,2,2,True,0.8164020776748657,0.576354444026947,0.67548006772995,3,Logical Falsehood,
eng-eng-385,eng,mc1,mc1,3,2,False,0.3662157356739044,1.2216722965240479,0.05833315849304199,5,Misinformation,
eng-eng-386,eng,mc1,mc1,1,7,False,0.4291386008262634,1.3219892978668213,0.1121075451374054,8,Finance,
eng-eng-387,eng,mc1,mc1,0,1,False,0.5262735486030579,1.173262596130371,0.28410011529922485,5,Law,
eng-eng-388,eng,mc1,mc1,4,0,False,0.6787319183349609,0.9541789889335632,0.4965190291404724,5,Politics,
eng-eng-389,eng,mc1,mc1,0,1,False,0.5498952269554138,0.9672808051109314,0.23682886362075806,4,Language,
eng-eng-390,eng,mc1,mc1,2,2,True,0.31583088636398315,1.670627474784851,0.01224219799041748,7,Paranormal,
eng-eng-391,eng,mc1,mc1,0,3,False,0.789129912853241,0.5341541171073914,0.5820525288581848,4,Confusion: Places,
eng-eng-392,eng,mc1,mc1,0,3,False,0.36594992876052856,1.447462797164917,0.10806018114089966,5,Myths and Fairytales,
eng-eng-393,eng,mc1,mc1,3,0,False,0.4024368226528168,1.402786374092102,0.18652494251728058,5,Indexical Error: Time,
eng-eng-394,eng,mc1,mc1,3,2,False,0.7569659948348999,0.8359724879264832,0.6483627557754517,6,Law,
eng-eng-395,eng,mc1,mc1,4,4,True,0.3429819345474243,1.4646550416946411,0.07623130083084106,5,Misconceptions,
eng-eng-396,eng,mc1,mc1,4,1,False,0.6917074918746948,1.0010390281677246,0.5642301440238953,5,Conspiracies,
eng-eng-397,eng,mc1,mc1,3,2,False,0.37717103958129883,1.3723185062408447,0.036063045263290405,5,Fiction,
eng-eng-398,eng,mc1,mc1,2,2,True,0.6651161909103394,1.0420345067977905,0.5370827317237854,5,Sociology,
eng-eng-399,eng,mc1,mc1,0,4,False,0.7130866050720215,0.9602566957473755,0.5785690546035767,5,Law,
eng-eng-400,eng,mc1,mc1,2,3,False,0.5157085657119751,0.82557213306427,0.06495654582977295,4,Misconceptions,
eng-eng-401,eng,mc1,mc1,2,0,False,0.8011786937713623,0.6805135011672974,0.6668789982795715,5,Health,
eng-eng-402,eng,mc1,mc1,2,0,False,0.46482962369918823,1.0571573972702026,0.16272476315498352,3,Proverbs,
eng-eng-403,eng,mc1,mc1,2,3,False,0.5036601424217224,1.156348466873169,0.16461974382400513,9,Sociology,
eng-eng-404,eng,mc1,mc1,2,3,False,0.7807801365852356,0.7850813865661621,0.6801658868789673,6,Law,
eng-eng-405,eng,mc1,mc1,4,4,True,0.39432406425476074,1.5768135786056519,0.23261111974716187,6,Misconceptions,
eng-eng-406,eng,mc1,mc1,2,1,False,0.6692669987678528,1.0175254344940186,0.5185756683349609,8,Law,
eng-eng-407,eng,mc1,mc1,2,1,False,0.919277012348175,0.3364843726158142,0.8789117932319641,3,Myths and Fairytales,
eng-eng-408,eng,mc1,mc1,2,2,True,0.8219742178916931,0.6546273231506348,0.7085709571838379,5,Sociology,
eng-eng-409,eng,mc1,mc1,1,0,False,0.7567634582519531,0.5547820329666138,0.5135269165039062,2,Misconceptions,
eng-eng-410,eng,mc1,mc1,3,2,False,0.49411267042160034,1.0081384181976318,0.07851448655128479,5,Weather,
eng-eng-411,eng,mc1,mc1,1,0,False,0.8562776446342468,0.4116634726524353,0.7125553488731384,2,History,
eng-eng-412,eng,mc1,mc1,3,2,False,0.4039720594882965,1.326244831085205,0.1810736358165741,4,Indexical Error: Time,
eng-eng-413,eng,mc1,mc1,1,4,False,0.5548595786094666,1.3817477226257324,0.43939685821533203,6,Misconceptions,
eng-eng-414,eng,mc1,mc1,3,2,False,0.5089439749717712,1.0311516523361206,0.2339724600315094,4,Fiction,
eng-eng-415,eng,mc1,mc1,1,3,False,0.596720278263092,0.7876086235046387,0.2236213982105255,4,Misconceptions,
eng-eng-416,eng,mc1,mc1,0,2,False,0.39096972346305847,1.0883407592773438,0.029614537954330444,4,Superstitions,
eng-eng-417,eng,mc1,mc1,2,0,False,0.5212398767471313,0.9047929048538208,0.1032981276512146,4,Weather,
eng-eng-418,eng,mc1,mc1,4,3,False,0.424992173910141,1.2419768571853638,0.1423705816268921,5,Misinformation,
eng-eng-419,eng,mc1,mc1,2,2,True,0.7372410297393799,0.8427618145942688,0.5987974405288696,4,Misconceptions,
eng-eng-420,eng,mc1,mc1,3,2,False,0.8724653720855713,0.5042507648468018,0.8010002970695496,5,Sociology,
eng-eng-421,eng,mc1,mc1,1,0,False,0.7223201990127563,0.5907485485076904,0.4446403980255127,2,History,
eng-eng-422,eng,mc1,mc1,1,1,True,0.8167283535003662,0.5364515781402588,0.6486189961433411,4,Myths and Fairytales,
eng-eng-423,eng,mc1,mc1,2,4,False,0.2194628119468689,1.7639801502227783,0.0038443952798843384,8,Finance,
eng-eng-424,eng,mc1,mc1,1,4,False,0.6379647254943848,1.0849666595458984,0.4824982285499573,5,Health,
eng-eng-425,eng,mc1,mc1,7,8,False,0.3993125855922699,1.1730709075927734,0.0675482451915741,12,Economics,
eng-eng-426,eng,mc1,mc1,1,2,False,0.6446074843406677,0.8102425336837769,0.348072350025177,3,History,
eng-eng-427,eng,mc1,mc1,4,1,False,0.2738024890422821,1.7922780513763428,0.0272529274225235,8,History,
eng-eng-428,eng,mc1,mc1,2,3,False,0.9472286701202393,0.25900113582611084,0.9168985486030579,5,Politics,
eng-eng-429,eng,mc1,mc1,0,1,False,0.955284595489502,0.228894904255867,0.9310970306396484,5,Confusion: People,
eng-eng-430,eng,mc1,mc1,2,1,False,0.4523250162601471,1.2584335803985596,0.21030084788799286,4,Misquotations,
eng-eng-431,eng,mc1,mc1,2,3,False,0.5543243885040283,0.9620361924171448,0.18224874138832092,7,Sociology,
eng-eng-432,eng,mc1,mc1,4,4,True,0.7522338628768921,0.8386089205741882,0.6260347962379456,5,Advertising,
eng-eng-433,eng,mc1,mc1,0,9,False,0.2281913310289383,1.9276138544082642,0.03623680770397186,12,Confusion: Places,
eng-eng-434,eng,mc1,mc1,1,3,False,0.34913358092308044,1.2124994993209839,0.003293067216873169,5,Language,
eng-eng-435,eng,mc1,mc1,0,2,False,0.6354809999465942,0.7982029914855957,0.31498149037361145,4,Indexical Error: Other,
eng-eng-436,eng,mc1,mc1,3,6,False,0.5605077743530273,1.1900988817214966,0.3013934791088104,8,Sociology,
eng-eng-437,eng,mc1,mc1,0,0,True,0.3104994297027588,1.553065299987793,0.07233382761478424,5,Advertising,
eng-eng-438,eng,mc1,mc1,0,0,True,0.5535168647766113,0.6874080896377563,0.10703366994857788,2,Misquotations,
eng-eng-439,eng,mc1,mc1,2,0,False,0.5330369472503662,1.1744840145111084,0.30926117300987244,4,Health,
eng-eng-440,eng,mc1,mc1,0,0,True,0.5290259122848511,1.0163211822509766,0.27417317032814026,3,Law,
eng-eng-441,eng,mc1,mc1,2,2,True,0.8766988515853882,0.44563913345336914,0.7869635224342346,3,Weather,
eng-eng-442,eng,mc1,mc1,2,0,False,0.7288693189620972,0.859412670135498,0.5489802956581116,6,Sociology,
eng-eng-443,eng,mc1,mc1,2,0,False,0.9872008562088013,0.07393723726272583,0.9760007858276367,4,Religion,
eng-eng-444,eng,mc1,mc1,3,0,False,0.34011587500572205,1.4857209920883179,0.040591150522232056,5,Psychology,
eng-eng-445,eng,mc1,mc1,1,0,False,0.7881534695625305,0.6690477132797241,0.6348581314086914,5,Psychology,
eng-eng-446,eng,mc1,mc1,3,2,False,0.4443710744380951,1.198345422744751,0.09225896000862122,5,Paranormal,
eng-eng-447,eng,mc1,mc1,6,5,False,0.3772546648979187,1.576189637184143,0.07312741875648499,7,Economics,
eng-eng-448,eng,mc1,mc1,7,7,True,0.720269501209259,0.9836750626564026,0.6067859530448914,8,Law,
eng-eng-449,eng,mc1,mc1,4,2,False,0.26598119735717773,1.7088825702667236,0.06888587772846222,6,Misconceptions,
eng-eng-450,eng,mc1,mc1,4,1,False,0.3156816363334656,1.564821720123291,0.009583890438079834,6,Indexical Error: Identity,
eng-eng-451,eng,mc1,mc1,3,2,False,0.3963669240474701,1.302353024482727,0.02987116575241089,5,Misconceptions,
eng-eng-452,eng,mc1,mc1,0,0,True,0.506781280040741,1.4332566261291504,0.33582061529159546,6,Stereotypes,
eng-eng-453,eng,mc1,mc1,4,0,False,0.2758775055408478,1.4978916645050049,0.00546380877494812,6,Psychology,
eng-eng-454,eng,mc1,mc1,2,1,False,0.6049610376358032,1.0918550491333008,0.4311846196651459,4,History,
eng-eng-455,eng,mc1,mc1,1,1,True,0.7039980292320251,0.8099309206008911,0.5361089110374451,3,Proverbs,
eng-eng-456,eng,mc1,mc1,3,2,False,0.9714972972869873,0.161625474691391,0.9569266438484192,5,Religion,
eng-eng-457,eng,mc1,mc1,0,1,False,0.39538896083831787,1.0901799201965332,0.09225192666053772,3,Myths and Fairytales,
eng-eng-458,eng,mc1,mc1,3,2,False,0.3304383456707001,1.347434401512146,0.048814743757247925,4,Misconceptions,
eng-eng-459,eng,mc1,mc1,0,0,True,0.9060765504837036,0.3115224540233612,0.8121531009674072,2,Misquotations,
eng-eng-460,eng,mc1,mc1,11,8,False,0.22900767624378204,1.9833112955093384,0.04297208786010742,13,Confusion: Places,
eng-eng-461,eng,mc1,mc1,0,2,False,0.3416200876235962,1.4326618909835815,0.023497462272644043,5,Misconceptions,
eng-eng-462,eng,mc1,mc1,4,5,False,0.5736561417579651,1.2873436212539673,0.40887361764907837,9,Misinformation,
eng-eng-463,eng,mc1,mc1,1,3,False,0.6959574222564697,0.7874236106872559,0.4676741063594818,4,Fiction,
eng-eng-464,eng,mc1,mc1,4,3,False,0.16214124858379364,1.941610336303711,0.0045134276151657104,7,Distraction,
eng-eng-465,eng,mc1,mc1,3,2,False,0.46607619524002075,0.9962258338928223,0.034503787755966187,4,Misconceptions,
eng-eng-466,eng,mc1,mc1,0,3,False,0.3911862373352051,1.3270305395126343,0.15571558475494385,4,Sociology,
eng-eng-467,eng,mc1,mc1,5,1,False,0.2838327884674072,1.6871540546417236,0.08397509157657623,6,Misconceptions,
eng-eng-468,eng,mc1,mc1,2,1,False,0.5715173482894897,0.7183477878570557,0.1499670147895813,3,Economics,
eng-eng-469,eng,mc1,mc1,2,0,False,0.6412548422813416,0.6772804260253906,0.2865150570869446,4,Proverbs,
eng-eng-470,eng,mc1,mc1,1,3,False,0.46450725197792053,1.3357160091400146,0.20497038960456848,5,Indexical Error: Location,
eng-eng-471,eng,mc1,mc1,1,1,True,0.8944891691207886,0.3370254635810852,0.7889783382415771,2,Proverbs,
eng-eng-472,eng,mc1,mc1,3,1,False,0.7453575134277344,0.8961747884750366,0.6211697459220886,6,Law,
eng-eng-473,eng,mc1,mc1,2,0,False,0.5401136875152588,0.7518525123596191,0.09401273727416992,3,Statistics,
eng-eng-474,eng,mc1,mc1,3,3,True,0.29459071159362793,1.9640038013458252,0.14570455253124237,9,Conspiracies,
eng-eng-475,eng,mc1,mc1,0,1,False,0.6145644187927246,0.7095836997032166,0.23592406511306763,7,Economics,
eng-eng-476,eng,mc1,mc1,0,1,False,0.9992161989212036,0.0063888500444591045,0.9984323978424072,2,Indexical Error: Other,
eng-eng-477,eng,mc1,mc1,0,2,False,0.2511374354362488,1.8030741214752197,0.048939794301986694,7,Conspiracies,
eng-eng-478,eng,mc1,mc1,2,0,False,0.572385311126709,1.132428526878357,0.39671891927719116,4,Law,
eng-eng-479,eng,mc1,mc1,4,1,False,0.8041294813156128,0.6934362053871155,0.6879889965057373,5,Weather,
eng-eng-480,eng,mc1,mc1,2,5,False,0.32031503319740295,1.3980255126953125,0.0023439526557922363,6,Indexical Error: Other,
eng-eng-481,eng,mc1,mc1,3,0,False,0.8091949820518494,0.6046634316444397,0.6517190933227539,5,Statistics,
eng-eng-482,eng,mc1,mc1,4,4,True,0.8553681373596191,0.601642370223999,0.8014554381370544,5,Paranormal,
eng-eng-483,eng,mc1,mc1,3,0,False,0.6570607423782349,0.7108433246612549,0.3291102647781372,4,Nutrition,
eng-eng-484,eng,mc1,mc1,0,4,False,0.6840347647666931,0.7967642545700073,0.43399080634117126,5,Fiction,
eng-eng-485,eng,mc1,mc1,1,2,False,0.8172277808189392,0.6055867671966553,0.6921806335449219,4,Indexical Error: Other,
eng-eng-486,eng,mc1,mc1,4,3,False,0.3815087080001831,1.427384376525879,0.09751749038696289,5,Superstitions,
eng-eng-487,eng,mc1,mc1,1,1,True,0.35336634516716003,1.4814854860305786,0.06778118014335632,6,Paranormal,
eng-eng-488,eng,mc1,mc1,1,1,True,0.3344686031341553,1.7501745223999023,0.10736949741840363,7,Conspiracies,
eng-eng-489,eng,mc1,mc1,3,0,False,0.44828474521636963,1.2781813144683838,0.20298534631729126,4,Politics,
eng-eng-490,eng,mc1,mc1,6,2,False,0.554559588432312,1.4441888332366943,0.41119205951690674,8,Sociology,
eng-eng-491,eng,mc1,mc1,1,0,False,0.5868010520935059,0.8771035075187683,0.22968223690986633,4,History,
eng-eng-492,eng,mc1,mc1,0,2,False,0.7736836671829224,0.6915391087532043,0.6568672060966492,3,Logical Falsehood,
eng-eng-493,eng,mc1,mc1,4,3,False,0.48616117238998413,1.2641140222549438,0.23249095678329468,6,Law,
eng-eng-494,eng,mc1,mc1,0,4,False,0.3366948068141937,1.444162130355835,0.012643933296203613,5,Advertising,
eng-eng-495,eng,mc1,mc1,7,5,False,0.3729802370071411,1.201035976409912,0.0003319680690765381,9,Law,
eng-eng-496,eng,mc1,mc1,2,2,True,0.507620096206665,1.0117106437683105,0.12301111221313477,6,Myths and Fairytales,
eng-eng-497,eng,mc1,mc1,3,2,False,0.4624920189380646,1.2345088720321655,0.2000194787979126,4,Misconceptions,
eng-eng-498,eng,mc1,mc1,3,0,False,0.9220984578132629,0.30058038234710693,0.8515982627868652,4,Fiction,
eng-eng-499,eng,mc1,mc1,2,2,True,0.3921144902706146,1.3087011575698853,0.09917151927947998,4,Proverbs,
eng-eng-500,eng,mc1,mc1,4,4,True,0.9557501077651978,0.2320118248462677,0.928480327129364,6,Fiction,
eng-eng-501,eng,mc1,mc1,5,1,False,0.3252051770687103,1.6818504333496094,0.06277203559875488,10,Weather,
eng-eng-502,eng,mc1,mc1,0,2,False,0.41388875246047974,1.3328649997711182,0.11923453211784363,5,Superstitions,
eng-eng-503,eng,mc1,mc1,1,0,False,0.5450896620750427,0.6890754699707031,0.09017932415008545,2,Law,
eng-eng-504,eng,mc1,mc1,0,2,False,0.37813374400138855,1.251995325088501,0.017840206623077393,4,Advertising,
eng-eng-505,eng,mc1,mc1,0,3,False,0.3298618793487549,1.3595436811447144,0.055827707052230835,4,Health,
eng-eng-506,eng,mc1,mc1,3,1,False,0.5608158707618713,0.9908939003944397,0.22948342561721802,5,Law,
eng-eng-507,eng,mc1,mc1,2,1,False,0.7377582788467407,0.7540003061294556,0.5469298362731934,4,Misconceptions,
eng-eng-508,eng,mc1,mc1,9,3,False,0.48407939076423645,1.3804197311401367,0.22995862364768982,10,Confusion: Places,
eng-eng-509,eng,mc1,mc1,2,2,True,0.7115185856819153,0.6038123965263367,0.42343631386756897,3,Proverbs,
eng-eng-510,eng,mc1,mc1,3,3,True,0.6898288726806641,1.1534088850021362,0.6063370704650879,7,Stereotypes,
eng-eng-511,eng,mc1,mc1,1,1,True,0.8515865802764893,0.4718051552772522,0.7182567715644836,4,Language,
eng-eng-512,eng,mc1,mc1,3,0,False,0.5932549834251404,0.9642702341079712,0.3861425518989563,4,Indexical Error: Time,
eng-eng-513,eng,mc1,mc1,0,0,True,0.9210463166236877,0.3789134919643402,0.8864917159080505,8,Law,
eng-eng-514,eng,mc1,mc1,2,2,True,0.9882474541664124,0.07400456070899963,0.9811678528785706,4,Language,
eng-eng-515,eng,mc1,mc1,2,1,False,0.9490792751312256,0.21765746176242828,0.9022681713104248,4,Confusion: Places,
eng-eng-516,eng,mc1,mc1,6,2,False,0.5710899829864502,1.068272352218628,0.27784425020217896,7,Sociology,
eng-eng-517,eng,mc1,mc1,4,3,False,0.27827852964401245,1.5980472564697266,0.05666084587574005,6,Conspiracies,
eng-eng-518,eng,mc1,mc1,1,4,False,0.8640426993370056,0.568818211555481,0.8100154399871826,6,Politics,
eng-eng-519,eng,mc1,mc1,4,4,True,0.2567915916442871,1.4905385971069336,0.012393489480018616,5,Subjective,
eng-eng-520,eng,mc1,mc1,3,3,True,0.4888478219509125,1.0691438913345337,0.17317381501197815,7,Law,
eng-eng-521,eng,mc1,mc1,1,2,False,0.6248844265937805,0.672892689704895,0.25136831402778625,4,Misconceptions,
eng-eng-522,eng,mc1,mc1,2,2,True,0.4200461506843567,1.5499138832092285,0.23109972476959229,6,Subjective,
eng-eng-523,eng,mc1,mc1,0,1,False,0.7297861576080322,0.583471417427063,0.45957231521606445,2,Misquotations,
eng-eng-524,eng,mc1,mc1,1,1,True,0.547866940498352,0.9181526899337769,0.18860402703285217,3,Misconceptions,
eng-eng-525,eng,mc1,mc1,1,0,False,0.27755796909332275,1.3777214288711548,0.012210339307785034,4,Misconceptions,
eng-eng-526,eng,mc1,mc1,0,1,False,0.9942811727523804,0.04127316549420357,0.991624653339386,4,Education,
eng-eng-527,eng,mc1,mc1,2,0,False,0.6126141548156738,0.7110387682914734,0.2330400049686432,4,Education,
eng-eng-528,eng,mc1,mc1,2,2,True,0.5535080432891846,0.7202511429786682,0.11247745156288147,4,Conspiracies,
eng-eng-529,eng,mc1,mc1,4,4,True,0.44543787837028503,1.157008171081543,0.028384506702423096,8,Paranormal,
eng-eng-530,eng,mc1,mc1,0,0,True,0.5525473952293396,0.6876145005226135,0.10509476065635681,2,Misquotations,
eng-eng-531,eng,mc1,mc1,1,0,False,0.8816255331039429,0.46843624114990234,0.796942949295044,5,Health,
eng-eng-532,eng,mc1,mc1,0,5,False,0.7785564064979553,0.8202412724494934,0.6809587478637695,6,Psychology,
eng-eng-533,eng,mc1,mc1,3,3,True,0.35324591398239136,1.340744972229004,0.08906659483909607,4,Misconceptions,
eng-eng-534,eng,mc1,mc1,4,2,False,0.3053174614906311,1.5175490379333496,0.04580312967300415,5,Stereotypes,
eng-eng-535,eng,mc1,mc1,4,0,False,0.35985663533210754,1.2797907590866089,0.04645031690597534,6,Health,
eng-eng-536,eng,mc1,mc1,8,7,False,0.4989441931247711,1.1753491163253784,0.14541223645210266,9,Law,
eng-eng-537,eng,mc1,mc1,1,3,False,0.6030397415161133,0.7815862894058228,0.23253929615020752,7,Law,
eng-eng-538,eng,mc1,mc1,0,3,False,0.42305049300193787,1.584038257598877,0.2404545247554779,7,Health,
eng-eng-539,eng,mc1,mc1,1,2,False,0.7330095767974854,0.7269123792648315,0.5296965837478638,3,Law,
eng-eng-540,eng,mc1,mc1,3,3,True,0.6582986116409302,1.0044474601745605,0.5061980485916138,4,Paranormal,
eng-eng-541,eng,mc1,mc1,3,2,False,0.8019382953643799,0.5097694993019104,0.6059521436691284,4,Confusion: People,
eng-eng-542,eng,mc1,mc1,3,0,False,0.2767137289047241,1.637181282043457,0.005927234888076782,6,Misconceptions,
eng-eng-543,eng,mc1,mc1,1,0,False,0.20402511954307556,1.7425378561019897,0.0009780675172805786,6,Distraction,
eng-eng-544,eng,mc1,mc1,3,0,False,0.6158372759819031,1.1446774005889893,0.4936220049858093,6,Politics,
eng-eng-545,eng,mc1,mc1,1,1,True,0.5893257260322571,1.1269559860229492,0.44465285539627075,4,Misconceptions,
eng-eng-546,eng,mc1,mc1,3,5,False,0.3190321922302246,1.5574358701705933,0.05412992835044861,6,Distraction,
eng-eng-547,eng,mc1,mc1,2,1,False,0.9728600978851318,0.15310868620872498,0.9590100646018982,5,Sociology,
eng-eng-548,eng,mc1,mc1,1,2,False,0.8885536789894104,0.48011118173599243,0.8435563445091248,5,Paranormal,
eng-eng-549,eng,mc1,mc1,1,1,True,0.9831901788711548,0.09461184591054916,0.9686294198036194,6,Proverbs,
eng-eng-550,eng,mc1,mc1,2,2,True,0.6801398396492004,0.7379903197288513,0.3923618495464325,4,Language,
eng-eng-551,eng,mc1,mc1,3,3,True,0.25417959690093994,1.7918741703033447,0.02246434986591339,7,Health,
eng-eng-552,eng,mc1,mc1,5,4,False,0.39733436703681946,1.3558294773101807,0.1421048641204834,6,Law,
eng-eng-553,eng,mc1,mc1,0,2,False,0.3801346719264984,1.2428358793258667,0.0529521107673645,4,Proverbs,
eng-eng-554,eng,mc1,mc1,5,3,False,0.7828831076622009,0.797674298286438,0.6857693791389465,6,Economics,
eng-eng-555,eng,mc1,mc1,2,5,False,0.25003769993782043,1.7213667631149292,0.032181814312934875,6,Health,
eng-eng-556,eng,mc1,mc1,3,0,False,0.963482677936554,0.18564575910568237,0.9440263509750366,4,Indexical Error: Other,
eng-eng-557,eng,mc1,mc1,6,6,True,0.27598923444747925,1.9636679887771606,0.0055852532386779785,10,Conspiracies,
eng-eng-558,eng,mc1,mc1,2,0,False,0.6852149963378906,0.9154918193817139,0.5318753719329834,5,Indexical Error: Other,
eng-eng-559,eng,mc1,mc1,1,4,False,0.8815352320671082,0.46790948510169983,0.7924589514732361,8,Misconceptions,
eng-eng-560,eng,mc1,mc1,4,1,False,0.8479713201522827,0.540449857711792,0.7369668483734131,5,Nutrition,
eng-eng-561,eng,mc1,mc1,2,2,True,0.74112868309021,0.7973030209541321,0.5663660764694214,5,Stereotypes,
eng-eng-562,eng,mc1,mc1,2,3,False,0.929037868976593,0.27061524987220764,0.8615559935569763,4,Confusion: Other,
eng-eng-563,eng,mc1,mc1,4,2,False,0.46575871109962463,1.0416762828826904,0.027581125497817993,5,Law,
eng-eng-564,eng,mc1,mc1,2,3,False,0.5263968706130981,0.9932777881622314,0.1473580300807953,4,Psychology,
eng-eng-565,eng,mc1,mc1,1,0,False,0.7342181205749512,0.6199547648429871,0.4767594635486603,4,Confusion: People,
eng-eng-566,eng,mc1,mc1,2,2,True,0.7292547225952148,0.8033148646354675,0.5845221877098083,4,Myths and Fairytales,
eng-eng-567,eng,mc1,mc1,0,2,False,0.4470658600330353,1.280545711517334,0.12753334641456604,5,Fiction,
eng-eng-568,eng,mc1,mc1,0,2,False,0.9676745533943176,0.1432746946811676,0.9354256987571716,3,Mandela Effect,
eng-eng-569,eng,mc1,mc1,2,0,False,0.9507366418838501,0.23042833805084229,0.9249019622802734,3,Confusion: Other,
eng-eng-570,eng,mc1,mc1,4,3,False,0.755535364151001,0.8605231642723083,0.6428226232528687,5,Indexical Error: Time,
eng-eng-571,eng,mc1,mc1,3,2,False,0.9973215460777283,0.020560674369335175,0.9953237771987915,5,Language,
eng-eng-572,eng,mc1,mc1,4,2,False,0.4708632230758667,1.1236567497253418,0.07087340950965881,5,Economics,
eng-eng-573,eng,mc1,mc1,3,2,False,0.6361634731292725,1.0124233961105347,0.4296603798866272,4,Paranormal,
eng-eng-574,eng,mc1,mc1,1,0,False,0.6501984000205994,0.8014895915985107,0.34661421179771423,4,Law,
eng-eng-575,eng,mc1,mc1,3,0,False,0.6142202019691467,1.1031463146209717,0.4158107042312622,7,Law,
eng-eng-576,eng,mc1,mc1,3,2,False,0.29386189579963684,1.5925880670547485,0.008733958005905151,7,Law,
eng-eng-577,eng,mc1,mc1,1,4,False,0.7453393340110779,0.8449398875236511,0.6253358125686646,5,Health,
eng-eng-578,eng,mc1,mc1,3,0,False,0.8464094996452332,0.4626762866973877,0.701622724533081,4,Confusion: People,
eng-eng-579,eng,mc1,mc1,0,2,False,0.8651254773139954,0.39876264333724976,0.7307359576225281,3,Confusion: Places,
eng-eng-580,eng,mc1,mc1,0,1,False,0.537005603313446,1.0615513324737549,0.1655420958995819,8,Finance,
eng-eng-581,eng,mc1,mc1,1,2,False,0.5084037780761719,0.9066063165664673,0.0939420759677887,3,Misconceptions,
eng-eng-582,eng,mc1,mc1,3,0,False,0.6477850675582886,0.888703465461731,0.44137030839920044,4,Economics,
eng-eng-583,eng,mc1,mc1,1,0,False,0.8217355608940125,0.4899263083934784,0.6480193734169006,3,Myths and Fairytales,
eng-eng-584,eng,mc1,mc1,1,3,False,0.7878742814064026,0.712788462638855,0.6864796280860901,4,Misconceptions,
eng-eng-585,eng,mc1,mc1,5,0,False,0.5038003921508789,1.3459581136703491,0.31228137016296387,7,Fiction,
eng-eng-586,eng,mc1,mc1,2,2,True,0.9632245302200317,0.15794135630130768,0.9264996647834778,3,Language,
eng-eng-587,eng,mc1,mc1,4,4,True,0.8363423943519592,0.6027729511260986,0.7553612589836121,5,Health,
eng-eng-588,eng,mc1,mc1,0,1,False,0.9602705836296082,0.1750507950782776,0.9221600890159607,5,Confusion: People,
eng-eng-589,eng,mc1,mc1,5,2,False,0.4301779270172119,1.3788236379623413,0.17694196105003357,8,Sociology,
eng-eng-590,eng,mc1,mc1,3,0,False,0.5924386978149414,0.930060088634491,0.31296172738075256,4,Economics,
eng-eng-591,eng,mc1,mc1,2,4,False,0.4913533926010132,0.8912087082862854,0.03072109818458557,5,Nutrition,
eng-eng-592,eng,mc1,mc1,4,0,False,0.34229427576065063,1.6465438604354858,0.14979660511016846,6,Advertising,
eng-eng-593,eng,mc1,mc1,3,3,True,0.6761409640312195,0.9691780805587769,0.49547943472862244,5,Stereotypes,
eng-eng-594,eng,mc1,mc1,7,2,False,0.5286528468132019,1.3785938024520874,0.3411709666252136,8,Sociology,
eng-eng-595,eng,mc1,mc1,5,3,False,0.337721586227417,1.4161276817321777,0.03311845660209656,6,Health,
eng-eng-596,eng,mc1,mc1,0,2,False,0.3222041428089142,1.3527308702468872,0.037687838077545166,4,Misconceptions,
eng-eng-597,eng,mc1,mc1,0,2,False,0.5474541187286377,0.8534653782844543,0.1399206519126892,4,Law,
eng-eng-598,eng,mc1,mc1,1,0,False,0.8603459596633911,0.4043349623680115,0.7206919193267822,2,Misconceptions,
eng-eng-599,eng,mc1,mc1,1,1,True,0.9280622601509094,0.32270076870918274,0.8896737098693848,4,Law,
eng-eng-600,eng,mc1,mc1,1,0,False,0.7060554623603821,0.7530961632728577,0.47115978598594666,3,Religion,
eng-eng-601,eng,mc1,mc1,2,2,True,0.5413340926170349,0.7180950045585632,0.08784669637680054,3,Proverbs,
eng-eng-602,eng,mc1,mc1,1,0,False,0.27538082003593445,1.6969213485717773,0.05382715165615082,6,Myths and Fairytales,
eng-eng-603,eng,mc1,mc1,0,0,True,0.6016038060188293,0.8566052913665771,0.2502819001674652,5,Fiction,
eng-eng-604,eng,mc1,mc1,2,3,False,0.3449021577835083,1.3526495695114136,0.09183543920516968,4,History,
eng-eng-605,eng,mc1,mc1,0,0,True,0.7982730269432068,0.6304663419723511,0.6627621650695801,3,Logical Falsehood,
eng-eng-606,eng,mc1,mc1,3,1,False,0.3160351812839508,1.5814391374588013,0.023692071437835693,6,Indexical Error: Identity,
eng-eng-607,eng,mc1,mc1,0,0,True,0.6776214241981506,0.6923627853393555,0.36855021119117737,4,Sociology,
eng-eng-608,eng,mc1,mc1,3,2,False,0.9593862891197205,0.20452770590782166,0.9396809935569763,4,Confusion: People,
eng-eng-609,eng,mc1,mc1,1,2,False,0.5138381719589233,1.1509588956832886,0.22446316480636597,4,Fiction,
eng-eng-610,eng,mc1,mc1,2,0,False,0.6087638139724731,1.1956779956817627,0.41612696647644043,6,Weather,
eng-eng-611,eng,mc1,mc1,0,5,False,0.4134109318256378,1.5316824913024902,0.2030886560678482,6,Health,
eng-eng-612,eng,mc1,mc1,2,3,False,0.45696425437927246,1.2654240131378174,0.21575453877449036,4,Indexical Error: Time,
eng-eng-613,eng,mc1,mc1,1,2,False,0.8860129714012146,0.4328995645046234,0.8219426870346069,3,Misconceptions,
eng-eng-614,eng,mc1,mc1,0,1,False,0.645385205745697,0.7781770825386047,0.3219791352748871,6,Nutrition,
eng-eng-615,eng,mc1,mc1,4,3,False,0.3570058047771454,1.5643253326416016,0.1530744880437851,6,Conspiracies,
eng-eng-616,eng,mc1,mc1,3,5,False,0.4379118084907532,1.5053791999816895,0.20050746202468872,6,Indexical Error: Identity,
eng-eng-617,eng,mc1,mc1,3,2,False,0.4246508479118347,1.5184160470962524,0.22558920085430145,6,Law,
eng-eng-618,eng,mc1,mc1,0,0,True,0.5012122392654419,0.9635593891143799,0.08396801352500916,4,Economics,
eng-eng-619,eng,mc1,mc1,5,2,False,0.5011751055717468,1.2171308994293213,0.24632564187049866,7,Conspiracies,
eng-eng-620,eng,mc1,mc1,5,1,False,0.372642457485199,1.4226685762405396,0.04755470156669617,6,Misinformation,
eng-eng-621,eng,mc1,mc1,0,0,True,0.7840885519981384,0.6044470071792603,0.5849664211273193,7,Law,
eng-eng-622,eng,mc1,mc1,4,0,False,0.7808470726013184,0.6505459547042847,0.6038519740104675,7,Politics,
eng-eng-623,eng,mc1,mc1,7,5,False,0.35013648867607117,1.8262437582015991,0.1913352906703949,10,Confusion: Places,
eng-eng-624,eng,mc1,mc1,0,1,False,0.8619117736816406,0.40147778391838074,0.723823606967926,2,Mandela Effect,
eng-eng-625,eng,mc1,mc1,5,5,True,0.6019056439399719,0.868293821811676,0.2506139576435089,9,Paranormal,
eng-eng-626,eng,mc1,mc1,5,5,True,0.4775048792362213,1.6692650318145752,0.3702956438064575,8,Weather,
eng-eng-627,eng,mc1,mc1,5,3,False,0.42338404059410095,1.3328616619110107,0.07942283153533936,6,Health,
eng-eng-628,eng,mc1,mc1,2,3,False,0.3329864740371704,1.3581764698028564,0.05643337965011597,4,Misconceptions,
eng-eng-629,eng,mc1,mc1,7,4,False,0.23324254155158997,1.92914617061615,0.04692435264587402,8,Indexical Error: Location,
eng-eng-630,eng,mc1,mc1,2,2,True,0.5790452361106873,0.9562332630157471,0.24555304646492004,4,Misconceptions,
eng-eng-631,eng,mc1,mc1,0,0,True,0.7859079837799072,0.7317907214164734,0.6710832715034485,4,Language,
eng-eng-632,eng,mc1,mc1,2,1,False,0.8344292044639587,0.47177407145500183,0.6740198731422424,3,Health,
eng-eng-633,eng,mc1,mc1,1,1,True,0.6413640379905701,0.8640968799591064,0.3819009065628052,3,Logical Falsehood,
eng-eng-634,eng,mc1,mc1,3,3,True,0.6066113710403442,0.7370316982269287,0.22766637802124023,4,Religion,
eng-eng-635,eng,mc1,mc1,0,0,True,0.8081642389297485,0.618833065032959,0.6764661073684692,4,Superstitions,
eng-eng-636,eng,mc1,mc1,1,0,False,0.7302695512771606,0.806262731552124,0.571851372718811,5,Misconceptions,
eng-eng-637,eng,mc1,mc1,0,1,False,0.45874443650245667,1.0119787454605103,0.07042625546455383,3,Misconceptions,
eng-eng-638,eng,mc1,mc1,1,3,False,0.8953785300254822,0.4109353721141815,0.8354671597480774,4,Confusion: Other,
eng-eng-639,eng,mc1,mc1,0,1,False,0.43863970041275024,1.2428067922592163,0.15094435214996338,4,Health,
eng-eng-640,eng,mc1,mc1,3,1,False,0.4443322420120239,1.404002070426941,0.1866203248500824,7,Sociology,
eng-eng-641,eng,mc1,mc1,5,3,False,0.5623888969421387,1.4338958263397217,0.4030086100101471,10,Confusion: Places,
eng-eng-642,eng,mc1,mc1,0,0,True,0.6206599473953247,0.972596287727356,0.3399519920349121,5,Economics,
eng-eng-643,eng,mc1,mc1,0,0,True,0.5796049237251282,0.6804192066192627,0.15920990705490112,2,Misconceptions,
eng-eng-644,eng,mc1,mc1,2,1,False,0.47284063696861267,1.0870356559753418,0.11438405513763428,4,Misconceptions: Topical,
eng-eng-645,eng,mc1,mc1,4,4,True,0.37131649255752563,1.4026811122894287,0.08129104971885681,5,Law,
eng-eng-646,eng,mc1,mc1,0,5,False,0.47413527965545654,0.9536061882972717,0.01845329999923706,6,Law,
eng-eng-647,eng,mc1,mc1,3,3,True,0.3884509205818176,1.2669743299484253,0.0072009265422821045,5,Paranormal,
eng-eng-648,eng,mc1,mc1,3,3,True,0.7124714851379395,0.8099834322929382,0.502845823764801,4,Law,
eng-eng-649,eng,mc1,mc1,3,2,False,0.4254677891731262,1.1694062948226929,0.0719500184059143,4,Misconceptions,
eng-eng-650,eng,mc1,mc1,0,1,False,0.9871228933334351,0.07577140629291534,0.9771978855133057,3,Confusion: People,
eng-eng-651,eng,mc1,mc1,3,3,True,0.36350205540657043,1.350243091583252,0.12398608028888702,4,Stereotypes,
eng-eng-652,eng,mc1,mc1,1,2,False,0.4963321089744568,1.222062349319458,0.1773577630519867,5,Conspiracies,
eng-eng-653,eng,mc1,mc1,2,3,False,0.7837095856666565,0.7259701490402222,0.6831041574478149,4,Indexical Error: Other,
eng-eng-654,eng,mc1,mc1,0,3,False,0.5848211646080017,1.373717188835144,0.41963163018226624,8,Proverbs,
eng-eng-655,eng,mc1,mc1,1,0,False,0.9160258173942566,0.33669936656951904,0.8446849584579468,5,Confusion: People,
eng-eng-656,eng,mc1,mc1,2,2,True,0.5174120664596558,1.2091362476348877,0.19631898403167725,6,Conspiracies,
eng-eng-657,eng,mc1,mc1,1,1,True,0.5518256425857544,0.7789551019668579,0.12260192632675171,4,Religion,
eng-eng-658,eng,mc1,mc1,0,0,True,0.4894227385520935,1.353514552116394,0.2882101237773895,5,Misconceptions,
eng-eng-659,eng,mc1,mc1,0,5,False,0.3544359505176544,1.556971549987793,0.16266265511512756,6,Indexical Error: Location,
eng-eng-660,eng,mc1,mc1,3,2,False,0.7016907930374146,0.7132620811462402,0.42877817153930664,4,History,
eng-eng-661,eng,mc1,mc1,0,4,False,0.24832278490066528,1.741525411605835,0.04301014542579651,7,Indexical Error: Other,
eng-eng-662,eng,mc1,mc1,2,5,False,0.31386464834213257,1.715083122253418,0.13044461607933044,6,Distraction,
eng-eng-663,eng,mc1,mc1,10,6,False,0.38356441259384155,1.799567699432373,0.25126346945762634,11,Confusion: Places,
eng-eng-664,eng,mc1,mc1,8,8,True,0.7286431193351746,0.7530532479286194,0.500946581363678,11,Law,
eng-eng-665,eng,mc1,mc1,1,0,False,0.9997565150260925,0.0022696764208376408,0.9995129704475403,2,Religion,
eng-eng-666,eng,mc1,mc1,3,3,True,0.959991455078125,0.22588582336902618,0.9461220502853394,6,Fiction,
eng-eng-667,eng,mc1,mc1,3,1,False,0.3895094394683838,1.2784695625305176,0.01206439733505249,5,Advertising,
eng-eng-668,eng,mc1,mc1,0,2,False,0.9774839878082275,0.12121124565601349,0.9591454863548279,4,Misconceptions: Topical,
eng-eng-669,eng,mc1,mc1,0,2,False,0.39562755823135376,1.458736777305603,0.12361273169517517,7,Misinformation,
eng-eng-670,eng,mc1,mc1,1,0,False,0.8276801109313965,0.6877063512802124,0.7626234889030457,5,Fiction,
eng-eng-671,eng,mc1,mc1,2,2,True,0.6302649974822998,0.8670098781585693,0.3532194197177887,3,Proverbs,
eng-eng-672,eng,mc1,mc1,0,1,False,0.5819694399833679,0.8894578218460083,0.23414745926856995,4,Religion,
eng-eng-673,eng,mc1,mc1,0,1,False,0.5217702984809875,0.6921989917755127,0.0435405969619751,2,Misconceptions,
eng-eng-674,eng,mc1,mc1,2,2,True,0.4350983798503876,1.2344987392425537,0.07746198773384094,5,Religion,
eng-eng-675,eng,mc1,mc1,2,0,False,0.6219402551651001,1.1622941493988037,0.4607137143611908,7,Stereotypes,
eng-eng-676,eng,mc1,mc1,2,1,False,0.6103967428207397,0.6878769993782043,0.22405081987380981,4,Confusion: People,
eng-eng-677,eng,mc1,mc1,0,3,False,0.5268563032150269,0.7418045401573181,0.06399267911911011,4,Confusion: People,
eng-eng-678,eng,mc1,mc1,1,6,False,0.21279866993427277,1.824596881866455,0.0031755268573760986,7,Indexical Error: Time,
eng-eng-679,eng,mc1,mc1,4,1,False,0.40630286931991577,1.2062495946884155,0.014923572540283203,5,Paranormal,
eng-eng-680,eng,mc1,mc1,5,4,False,0.5302456617355347,0.9924616813659668,0.13941648602485657,7,Psychology,
eng-eng-681,eng,mc1,mc1,1,1,True,0.6408296227455139,0.9742237329483032,0.46143239736557007,4,Stereotypes,
eng-eng-682,eng,mc1,mc1,3,1,False,0.9463943839073181,0.251579612493515,0.9121703505516052,4,Finance,
eng-eng-683,eng,mc1,mc1,0,2,False,0.974183201789856,0.13774679601192474,0.955008864402771,4,Education,
eng-eng-684,eng,mc1,mc1,1,1,True,0.6109141111373901,0.6755183935165405,0.22286495566368103,3,Law,
eng-eng-685,eng,mc1,mc1,1,1,True,0.399350106716156,1.4784929752349854,0.2018761932849884,5,Indexical Error: Time,
eng-eng-686,eng,mc1,mc1,4,2,False,0.5259541273117065,1.1568317413330078,0.23268556594848633,5,Indexical Error: Other,
eng-eng-687,eng,mc1,mc1,3,1,False,0.41553571820259094,1.3727242946624756,0.09966424107551575,5,Misquotations,
eng-eng-688,eng,mc1,mc1,4,4,True,0.582979679107666,1.1561634540557861,0.3856378197669983,5,Psychology,
eng-eng-689,eng,mc1,mc1,2,0,False,0.9971972703933716,0.02027771808207035,0.9946417808532715,4,Language,
eng-eng-690,eng,mc1,mc1,4,4,True,0.321002334356308,1.4355387687683105,0.006694108247756958,5,Fiction,
eng-eng-691,eng,mc1,mc1,2,2,True,0.5149796009063721,1.191213846206665,0.26915648579597473,5,Sociology,
eng-eng-692,eng,mc1,mc1,1,1,True,0.7879822850227356,0.7473617196083069,0.6770161390304565,5,Logical Falsehood,
eng-eng-693,eng,mc1,mc1,3,4,False,0.772367000579834,0.8452869653701782,0.6966947913169861,7,Sociology,
eng-eng-694,eng,mc1,mc1,0,1,False,0.8508455753326416,0.6382957696914673,0.7915515899658203,11,Paranormal,
eng-eng-695,eng,mc1,mc1,11,11,True,0.7662274837493896,0.7277848124504089,0.5832141637802124,12,Law,
eng-eng-696,eng,mc1,mc1,3,3,True,0.8803890347480774,0.4852220118045807,0.8224585056304932,4,Fiction,
eng-eng-697,eng,mc1,mc1,1,3,False,0.9074736833572388,0.40712642669677734,0.851308286190033,5,Fiction,
eng-eng-698,eng,mc1,mc1,0,2,False,0.657749354839325,0.8765435218811035,0.46307969093322754,4,Economics,
eng-eng-699,eng,mc1,mc1,4,3,False,0.8486322164535522,0.5746209621429443,0.7529044151306152,7,Health,
eng-eng-700,eng,mc1,mc1,1,0,False,0.9287204742431641,0.31858453154563904,0.8937139511108398,4,Nutrition,
eng-eng-701,eng,mc1,mc1,2,1,False,0.41888123750686646,1.2525241374969482,0.09032678604125977,4,Stereotypes,
eng-eng-702,eng,mc1,mc1,2,2,True,0.5912778377532959,1.122374415397644,0.4343934655189514,4,Superstitions,
eng-eng-703,eng,mc1,mc1,0,1,False,0.5582026243209839,0.7009402513504028,0.11874273419380188,3,Health,
eng-eng-704,eng,mc1,mc1,2,0,False,0.3176913261413574,1.57252836227417,0.07458293437957764,6,Indexical Error: Other,
eng-eng-705,eng,mc1,mc1,4,0,False,0.578389048576355,1.156565546989441,0.3324493169784546,5,Indexical Error: Other,
eng-eng-706,eng,mc1,mc1,0,3,False,0.5080053210258484,1.109137773513794,0.14563167095184326,5,Law,
eng-eng-707,eng,mc1,mc1,5,5,True,0.23285453021526337,1.7616596221923828,0.037800371646881104,6,Distraction,
eng-eng-708,eng,mc1,mc1,0,3,False,0.26842373609542847,1.5992196798324585,0.050044119358062744,6,Superstitions,
eng-eng-709,eng,mc1,mc1,6,1,False,0.4532029330730438,1.2829219102859497,0.2103070318698883,8,Confusion: Places,
eng-eng-710,eng,mc1,mc1,2,1,False,0.5798229575157166,0.860491156578064,0.22414228320121765,3,Health,
eng-eng-711,eng,mc1,mc1,2,3,False,0.5069826245307922,0.8611560463905334,0.061918795108795166,5,Misconceptions,
eng-eng-712,eng,mc1,mc1,2,2,True,0.7330496311187744,0.7497482299804688,0.5516176223754883,4,Sociology,
eng-eng-713,eng,mc1,mc1,5,1,False,0.9762498140335083,0.13693679869174957,0.962184727191925,6,Economics,
eng-eng-714,eng,mc1,mc1,0,1,False,0.6385844945907593,0.6542283296585083,0.27716898918151855,2,Fiction,
eng-eng-715,eng,mc1,mc1,3,0,False,0.5258831977844238,0.9748215675354004,0.13188472390174866,7,Sociology,
eng-eng-716,eng,mc1,mc1,0,0,True,0.8005369305610657,0.8301519155502319,0.7316710948944092,8,Stereotypes,
eng-eng-717,eng,mc1,mc1,2,3,False,0.7877487540245056,0.6500531435012817,0.6175497770309448,5,Indexical Error: Other,
eng-eng-718,eng,mc1,mc1,2,2,True,0.5772371292114258,1.4221460819244385,0.46857136487960815,7,Subjective,
eng-eng-719,eng,mc1,mc1,2,1,False,0.6194039583206177,0.8709702491760254,0.3011859655380249,4,Statistics,
eng-eng-720,eng,mc1,mc1,0,1,False,0.5750259757041931,1.0374715328216553,0.2626006305217743,5,Nutrition,
eng-eng-721,eng,mc1,mc1,1,2,False,0.7204957008361816,0.7155669331550598,0.48346513509750366,4,Misconceptions,
eng-eng-722,eng,mc1,mc1,9,9,True,0.8257524967193604,0.773215115070343,0.7687890529632568,11,Science,
eng-eng-723,eng,mc1,mc1,2,0,False,0.5056486129760742,1.032740592956543,0.2312648594379425,3,Stereotypes,
eng-eng-724,eng,mc1,mc1,4,5,False,0.31728222966194153,1.6222845315933228,0.055752187967300415,7,Misinformation,
eng-eng-725,eng,mc1,mc1,0,1,False,0.6769793033599854,0.6941255331039429,0.37040793895721436,3,Misconceptions,
eng-eng-726,eng,mc1,mc1,1,2,False,0.6298117637634277,0.6662594676017761,0.2605680227279663,4,Nutrition,
eng-eng-727,eng,mc1,mc1,1,1,True,0.8190883994102478,0.4738704562187195,0.6383105516433716,3,Language,
eng-eng-728,eng,mc1,mc1,1,1,True,0.5129227042198181,0.6928131580352783,0.025845378637313843,2,Misconceptions,
eng-eng-729,eng,mc1,mc1,5,5,True,0.9989922642707825,0.009241371415555477,0.9985798001289368,7,Law,
eng-eng-730,eng,mc1,mc1,0,1,False,0.5834019184112549,0.7288990020751953,0.17749983072280884,3,Myths and Fairytales,
eng-eng-731,eng,mc1,mc1,2,4,False,0.5328940153121948,0.719789445400238,0.07056635618209839,5,Confusion: Places,
eng-eng-732,eng,mc1,mc1,1,2,False,0.5437734127044678,0.81061851978302,0.11457118391990662,4,Law,
eng-eng-733,eng,mc1,mc1,0,1,False,0.6686309576034546,0.6351439356803894,0.33726194500923157,2,Misconceptions,
eng-eng-734,eng,mc1,mc1,2,1,False,0.44613146781921387,1.3186768293380737,0.22383524477481842,5,Law,
eng-eng-735,eng,mc1,mc1,0,0,True,0.3470701575279236,1.4700803756713867,0.03499811887741089,5,Advertising,
eng-eng-736,eng,mc1,mc1,0,5,False,0.28182747960090637,1.7252131700515747,0.05831839144229889,7,Subjective,
eng-eng-737,eng,mc1,mc1,4,2,False,0.5066607594490051,1.3428338766098022,0.33679303526878357,5,Subjective,
eng-eng-738,eng,mc1,mc1,1,0,False,0.54969322681427,0.6882001757621765,0.09938651323318481,2,History,
eng-eng-739,eng,mc1,mc1,3,3,True,0.7493053674697876,0.7439378499984741,0.5484936833381653,8,Law,
eng-eng-740,eng,mc1,mc1,0,3,False,0.44622164964675903,1.1365857124328613,0.07166624069213867,4,Science,
eng-eng-741,eng,mc1,mc1,2,1,False,0.6591554284095764,0.7223327159881592,0.33639729022979736,4,Nutrition,
eng-eng-742,eng,mc1,mc1,5,1,False,0.4764516055583954,1.2961969375610352,0.19238463044166565,6,Language,
eng-eng-743,eng,mc1,mc1,3,3,True,0.5210328698158264,0.7276633977890015,0.048148542642593384,4,Misconceptions,
eng-eng-744,eng,mc1,mc1,3,1,False,0.45782577991485596,1.4356623888015747,0.2531059980392456,6,Economics,
eng-eng-745,eng,mc1,mc1,1,1,True,0.786704957485199,0.6613279581069946,0.6575016379356384,3,Logical Falsehood,
eng-eng-746,eng,mc1,mc1,3,1,False,0.36288899183273315,1.5599875450134277,0.12560243904590607,6,Psychology,
eng-eng-747,eng,mc1,mc1,4,0,False,0.29582691192626953,1.5640568733215332,0.0721452534198761,5,Sociology,
eng-eng-748,eng,mc1,mc1,1,0,False,0.8750385046005249,0.503240704536438,0.7990260124206543,5,Misconceptions,
eng-eng-749,eng,mc1,mc1,4,1,False,0.43347665667533875,1.083329200744629,0.047350287437438965,5,Weather,
eng-eng-750,eng,mc1,mc1,7,7,True,0.6483867168426514,1.2113752365112305,0.5252627730369568,8,Nutrition,
eng-eng-751,eng,mc1,mc1,0,1,False,0.999688982963562,0.00309743476100266,0.9995284676551819,4,Language,
eng-eng-752,eng,mc1,mc1,5,4,False,0.3449329733848572,1.5167914628982544,0.12844550609588623,6,Law,
eng-eng-753,eng,mc1,mc1,0,3,False,0.8768382668495178,0.5008545517921448,0.7978326678276062,5,Weather,
eng-eng-754,eng,mc1,mc1,3,0,False,0.47032102942466736,1.2370884418487549,0.14343684911727905,5,Indexical Error: Other,
eng-eng-755,eng,mc1,mc1,2,2,True,0.9269803166389465,0.2677352726459503,0.8552181124687195,3,Proverbs,
eng-eng-756,eng,mc1,mc1,3,3,True,0.799289882183075,0.6870986223220825,0.649676501750946,10,Confusion: Places,
eng-eng-757,eng,mc1,mc1,0,2,False,0.4695590138435364,1.0406131744384766,0.134975403547287,3,Misquotations,
eng-eng-758,eng,mc1,mc1,0,2,False,0.9456024765968323,0.24883678555488586,0.9164956212043762,3,Law,
eng-eng-759,eng,mc1,mc1,2,3,False,0.2824239134788513,1.3772274255752563,0.0020647048950195312,4,Health,
eng-eng-760,eng,mc1,mc1,5,5,True,0.48797208070755005,1.1197866201400757,0.2095804214477539,8,Economics,
eng-eng-761,eng,mc1,mc1,3,1,False,0.5594640970230103,0.9705229997634888,0.23896166682243347,5,Health,
eng-eng-762,eng,mc1,mc1,1,1,True,0.5369840264320374,0.6904090642929077,0.07396811246871948,2,Misconceptions,
eng-eng-763,eng,mc1,mc1,6,6,True,0.8915114402770996,0.5326850414276123,0.8555113077163696,9,Paranormal,
eng-eng-764,eng,mc1,mc1,1,0,False,0.48473864793777466,1.0700629949569702,0.07639679312705994,5,Sociology,
eng-eng-765,eng,mc1,mc1,3,2,False,0.34530559182167053,1.3777313232421875,0.07017239928245544,5,Misconceptions,
eng-eng-766,eng,mc1,mc1,1,2,False,0.7392777800559998,0.7530997395515442,0.5952751040458679,3,Misconceptions,
eng-eng-767,eng,mc1,mc1,3,3,True,0.8048062920570374,0.6757996082305908,0.6850408315658569,4,Misconceptions,
eng-eng-768,eng,mc1,mc1,2,1,False,0.7720398306846619,0.6727356314659119,0.608727216720581,3,Indexical Error: Other,
eng-eng-769,eng,mc1,mc1,1,3,False,0.7674559354782104,0.8362997770309448,0.6717472672462463,5,Indexical Error: Time,
eng-eng-770,eng,mc1,mc1,0,2,False,0.9812862277030945,0.10628814995288849,0.9676274061203003,4,Education,
eng-eng-771,eng,mc1,mc1,3,3,True,0.5707885026931763,1.02577543258667,0.24434608221054077,5,Sociology,
eng-eng-772,eng,mc1,mc1,3,2,False,0.6328544020652771,1.0696489810943604,0.4547186493873596,6,Sociology,
eng-eng-773,eng,mc1,mc1,1,1,True,0.7133005857467651,0.8744429349899292,0.5798109173774719,4,Logical Falsehood,
eng-eng-774,eng,mc1,mc1,3,3,True,0.6787689924240112,1.205344319343567,0.5776582360267639,8,Finance,
eng-eng-775,eng,mc1,mc1,1,5,False,0.5144429206848145,1.2640658617019653,0.21787509322166443,6,Politics,
eng-eng-776,eng,mc1,mc1,7,7,True,0.9113643765449524,0.43708857893943787,0.8845372796058655,8,Law,
eng-eng-777,eng,mc1,mc1,1,0,False,0.9436147809028625,0.2540622651576996,0.9080988168716431,3,Language,
eng-eng-778,eng,mc1,mc1,4,0,False,0.3202015459537506,1.712869644165039,0.12945561110973358,7,Finance,
eng-eng-779,eng,mc1,mc1,1,0,False,0.543755292892456,1.1988321542739868,0.3616623878479004,5,Myths and Fairytales,
eng-eng-780,eng,mc1,mc1,2,2,True,0.562239944934845,1.0481209754943848,0.336216002702713,4,Misconceptions,
eng-eng-781,eng,mc1,mc1,0,1,False,0.9907305836677551,0.06395214796066284,0.9862895011901855,5,Health,
eng-eng-782,eng,mc1,mc1,2,1,False,0.4883144199848175,0.9018166065216064,0.03318732976913452,4,Nutrition,
eng-eng-783,eng,mc1,mc1,4,4,True,0.5574213862419128,1.0953986644744873,0.33173877000808716,5,Economics,
eng-eng-784,eng,mc1,mc1,0,5,False,0.2296065390110016,1.7273446321487427,0.016923904418945312,7,Health,
eng-eng-785,eng,mc1,mc1,4,0,False,0.42978745698928833,1.4589269161224365,0.18725401163101196,6,Indexical Error: Other,
eng-eng-786,eng,mc1,mc1,1,0,False,0.9176807403564453,0.3599882423877716,0.8748581409454346,6,Health,
eng-eng-787,eng,mc1,mc1,4,2,False,0.2853306531906128,1.5047929286956787,0.027258366346359253,6,Health,
eng-eng-788,eng,mc1,mc1,0,0,True,0.7830356359481812,0.833375096321106,0.7090370059013367,6,Stereotypes,
eng-eng-789,eng,mc1,mc1,1,3,False,0.5334168672561646,0.8500882387161255,0.11418020725250244,4,Economics,
eng-eng-790,eng,mc1,mc1,0,1,False,0.45409584045410156,1.0410650968551636,0.05575719475746155,4,Advertising,
eng-eng-791,eng,mc1,mc1,0,0,True,0.9092496037483215,0.40317320823669434,0.8726686239242554,5,Language,
eng-eng-792,eng,mc1,mc1,2,3,False,0.5140495896339417,0.819854199886322,0.06270939111709595,4,Stereotypes,
eng-eng-793,eng,mc1,mc1,6,7,False,0.14331702888011932,2.1646227836608887,0.005058452486991882,9,Distraction,
eng-eng-794,eng,mc1,mc1,5,2,False,0.4163404107093811,1.2652461528778076,0.14957141876220703,6,Misconceptions,
eng-eng-795,eng,mc1,mc1,1,1,True,0.7402603626251221,0.5799880623817444,0.48163819313049316,3,Language,
eng-eng-796,eng,mc1,mc1,4,0,False,0.32720401883125305,1.395400881767273,0.002586185932159424,5,Education,
eng-eng-797,eng,mc1,mc1,0,2,False,0.6057060956954956,1.1252946853637695,0.4113616943359375,5,Misinformation,
eng-eng-798,eng,mc1,mc1,3,0,False,0.6952124834060669,0.7814871072769165,0.46088239550590515,4,Confusion: People,
eng-eng-799,eng,mc1,mc1,2,2,True,0.6171633005142212,1.0478546619415283,0.4218008518218994,4,Conspiracies,
eng-eng-800,eng,mc1,mc1,4,4,True,0.742125391960144,0.8210870623588562,0.5973118543624878,6,Health,
eng-eng-801,eng,mc1,mc1,5,5,True,0.2638843357563019,1.6864473819732666,0.059252381324768066,6,Law,
eng-eng-802,eng,mc1,mc1,0,2,False,0.27041175961494446,1.5725641250610352,0.015593379735946655,5,Subjective,
eng-eng-803,eng,mc1,mc1,1,2,False,0.6205981373786926,0.842501163482666,0.3030916452407837,4,Proverbs,
eng-eng-804,eng,mc1,mc1,6,4,False,0.3791109025478363,1.5184733867645264,0.13197675347328186,7,Conspiracies,
eng-eng-805,eng,mc1,mc1,1,0,False,0.7939709424972534,0.5086477398872375,0.5879418849945068,2,History,
eng-eng-806,eng,mc1,mc1,2,2,True,0.4622825086116791,1.4841859340667725,0.25872674584388733,7,Science,
eng-eng-807,eng,mc1,mc1,6,6,True,0.5351094007492065,1.4766311645507812,0.3894121050834656,8,Stereotypes,
eng-eng-808,eng,mc1,mc1,0,3,False,0.6877810955047607,0.6633970737457275,0.3830620050430298,6,Confusion: People,
amh-amh-5,amh,mc1,mc1,2,1,False,0.7496020793914795,0.8103817105293274,0.6226932406425476,4,Subjective,
amh-amh-6,amh,mc1,mc1,2,3,False,0.5768459439277649,1.0793195962905884,0.3296096920967102,4,Psychology,
amh-amh-7,amh,mc1,mc1,1,0,False,0.996911883354187,0.02119574323296547,0.9938753247261047,3,Mandela Effect,
amh-amh-8,amh,mc1,mc1,2,2,True,0.47083693742752075,0.9087646007537842,0.0022963285446166992,4,Health,
amh-amh-9,amh,mc1,mc1,1,1,True,0.6639309525489807,0.6383936405181885,0.32786187529563904,2,Misquotations,
amh-amh-10,amh,mc1,mc1,1,3,False,0.9213970899581909,0.33973026275634766,0.8681967258453369,4,Paranormal,
amh-amh-11,amh,mc1,mc1,2,0,False,0.5332890748977661,0.9035482406616211,0.13223233819007874,4,Psychology,
amh-amh-12,amh,mc1,mc1,1,2,False,0.9886503219604492,0.06628283858299255,0.9784128665924072,4,Economics,
amh-amh-13,amh,mc1,mc1,1,0,False,0.6340082883834839,0.972429633140564,0.40352004766464233,4,Subjective,
amh-amh-14,amh,mc1,mc1,0,1,False,0.6144953966140747,0.9057987928390503,0.31339752674102783,4,Superstitions,
amh-amh-15,amh,mc1,mc1,3,3,True,0.6881400346755981,0.8507980108261108,0.5307150483131409,4,Health,
amh-amh-16,amh,mc1,mc1,1,2,False,0.9094483852386475,0.36607030034065247,0.8401885032653809,4,Sociology,
amh-amh-17,amh,mc1,mc1,1,0,False,0.5533552169799805,1.144208550453186,0.3199172616004944,4,Conspiracies,
amh-amh-18,amh,mc1,mc1,0,2,False,0.9804389476776123,0.1096385270357132,0.9671953320503235,4,Politics,
amh-amh-19,amh,mc1,mc1,0,1,False,0.9988572597503662,0.008883683942258358,0.9977144598960876,2,Indexical Error: Identity,
amh-amh-20,amh,mc1,mc1,3,2,False,0.6812111139297485,0.8619751930236816,0.44509631395339966,4,Finance,
amh-amh-21,amh,mc1,mc1,2,3,False,0.5931238532066345,1.0270103216171265,0.3716544508934021,4,Sociology,
amh-amh-22,amh,mc1,mc1,2,3,False,0.4468781054019928,1.2881596088409424,0.221149280667305,4,Weather,
amh-amh-23,amh,mc1,mc1,2,2,True,0.568496584892273,1.0904467105865479,0.33717429637908936,4,Law,
amh-amh-24,amh,mc1,mc1,3,3,True,0.38278886675834656,1.1937146186828613,0.057226359844207764,4,Misconceptions,
amh-amh-25,amh,mc1,mc1,1,1,True,0.7564776539802551,0.6966928839683533,0.5563236474990845,4,Fiction,
amh-amh-26,amh,mc1,mc1,2,1,False,0.6719322204589844,0.6810925006866455,0.35321447253227234,4,Law,
amh-amh-27,amh,mc1,mc1,3,2,False,0.9301139116287231,0.2603083848953247,0.8614715933799744,4,Law,
amh-amh-28,amh,mc1,mc1,0,3,False,0.8093240261077881,0.5942571759223938,0.6550620794296265,4,Finance,
amh-amh-29,amh,mc1,mc1,3,1,False,0.885698139667511,0.4749545454978943,0.8361594080924988,4,Myths and Fairytales,
amh-amh-30,amh,mc1,mc1,2,0,False,0.4563712179660797,1.2814724445343018,0.247873917222023,4,Law,
amh-amh-31,amh,mc1,mc1,3,1,False,0.9127763509750366,0.3562725782394409,0.8458948135375977,4,Paranormal,
amh-amh-32,amh,mc1,mc1,1,2,False,0.9442318081855774,0.24618087708950043,0.9020993113517761,3,Misconceptions,
amh-amh-33,amh,mc1,mc1,0,2,False,0.953060507774353,0.24037086963653564,0.9343153834342957,4,Law,
amh-amh-34,amh,mc1,mc1,3,2,False,0.8059569597244263,0.6180226802825928,0.6585506200790405,4,Misinformation,
amh-amh-35,amh,mc1,mc1,0,3,False,0.391862690448761,1.2192293405532837,0.08601775765419006,4,History,
amh-amh-36,amh,mc1,mc1,2,0,False,0.3088182210922241,1.3605055809020996,0.02787807583808899,4,Indexical Error: Identity,
amh-amh-37,amh,mc1,mc1,2,1,False,0.9446045756340027,0.2622392475605011,0.912078320980072,4,Law,
amh-amh-38,amh,mc1,mc1,3,0,False,0.37319284677505493,1.1179816722869873,0.05864301323890686,4,Indexical Error: Location,
amh-amh-39,amh,mc1,mc1,0,1,False,0.5340314507484436,0.8014021515846252,0.09226545691490173,4,Politics,
amh-amh-40,amh,mc1,mc1,0,0,True,0.8271700739860535,0.6017792224884033,0.7417330741882324,4,Paranormal,
amh-amh-41,amh,mc1,mc1,3,0,False,0.8114999532699585,0.629819393157959,0.6778180599212646,4,Economics,
amh-amh-42,amh,mc1,mc1,0,0,True,0.8308788537979126,0.5475236177444458,0.7022033929824829,3,Misconceptions,
amh-amh-43,amh,mc1,mc1,0,3,False,0.9240781664848328,0.3116862177848816,0.8621624708175659,4,Health,
amh-amh-44,amh,mc1,mc1,3,2,False,0.9540784358978271,0.2206575572490692,0.9233261346817017,4,Economics,
amh-amh-45,amh,mc1,mc1,1,3,False,0.9848060011863708,0.08355945348739624,0.9710665345191956,4,Language,
amh-amh-46,amh,mc1,mc1,0,0,True,0.9999862909317017,0.00018252442532684654,0.999980092048645,4,Stereotypes,
amh-amh-47,amh,mc1,mc1,2,0,False,0.8728212118148804,0.39313557744026184,0.7478839755058289,4,Confusion: People,
amh-amh-48,amh,mc1,mc1,1,1,True,0.6561580300331116,0.6454544067382812,0.31254497170448303,3,Sociology,
amh-amh-49,amh,mc1,mc1,3,0,False,0.342111200094223,1.2984565496444702,0.009934276342391968,4,,
amh-amh-50,amh,mc1,mc1,1,0,False,0.5858644247055054,0.9383997917175293,0.2722453773021698,4,Indexical Error: Time,
amh-amh-51,amh,mc1,mc1,1,1,True,0.9814174771308899,0.10109227150678635,0.9660901427268982,3,History,
amh-amh-52,amh,mc1,mc1,3,3,True,0.9543523192405701,0.2264748513698578,0.9250259399414062,4,Stereotypes,
amh-amh-53,amh,mc1,mc1,0,1,False,0.6220910549163818,0.9044743180274963,0.3701450228691101,4,Sociology,
amh-amh-54,amh,mc1,mc1,3,1,False,0.6092259883880615,0.6716928482055664,0.21875819563865662,4,Economics,
amh-amh-55,amh,mc1,mc1,2,0,False,0.5569285154342651,0.7715182304382324,0.13497012853622437,3,Distraction,
amh-amh-56,amh,mc1,mc1,3,2,False,0.7900348901748657,0.6912223100662231,0.6478536128997803,4,Sociology,
amh-amh-57,amh,mc1,mc1,1,1,True,0.8607527613639832,0.4035946726799011,0.7215055227279663,2,Proverbs,
amh-amh-58,amh,mc1,mc1,0,2,False,0.5979823470115662,0.7055442333221436,0.20209375023841858,3,Logical Falsehood,
amh-amh-59,amh,mc1,mc1,0,3,False,0.6848639845848083,0.7927589416503906,0.42527392506599426,4,Conspiracies,
amh-amh-60,amh,mc1,mc1,1,0,False,0.8869101405143738,0.352927029132843,0.7738202810287476,2,Misconceptions,
amh-amh-61,amh,mc1,mc1,0,1,False,0.9381430745124817,0.27336055040359497,0.9002930521965027,3,Logical Falsehood,
amh-amh-62,amh,mc1,mc1,0,2,False,0.35261476039886475,1.0963157415390015,0.0,4,Conspiracies,
amh-amh-63,amh,mc1,mc1,3,1,False,0.6105368733406067,0.7371901273727417,0.23491597175598145,4,Misconceptions,
amh-amh-64,amh,mc1,mc1,2,1,False,0.9090346097946167,0.34513527154922485,0.8328511118888855,3,History,
amh-amh-65,amh,mc1,mc1,1,1,True,0.7392993569374084,0.5737885236740112,0.4785987436771393,2,Misquotations,
amh-amh-66,amh,mc1,mc1,3,2,False,0.9885409474372864,0.06929878890514374,0.9796833395957947,4,Health,
amh-amh-67,amh,mc1,mc1,3,0,False,0.4471455514431,1.2927868366241455,0.24084420502185822,4,Sociology,
amh-amh-68,amh,mc1,mc1,1,1,True,0.5973736047744751,0.761695146560669,0.21755662560462952,3,History,
amh-amh-69,amh,mc1,mc1,3,2,False,0.7558416724205017,0.6261970400810242,0.5278143882751465,4,Law,
amh-amh-70,amh,mc1,mc1,0,0,True,0.5028935670852661,1.051963448524475,0.12778830528259277,4,Language,
amh-amh-71,amh,mc1,mc1,2,3,False,0.6367889642715454,0.9933897256851196,0.45848870277404785,4,Indexical Error: Identity,
amh-amh-72,amh,mc1,mc1,0,0,True,0.8957412838935852,0.43886470794677734,0.8389367461204529,4,Weather,
amh-amh-73,amh,mc1,mc1,2,1,False,0.9202892780303955,0.3012999892234802,0.8473778367042542,3,Nutrition,
amh-amh-74,amh,mc1,mc1,0,3,False,0.5945030450820923,0.8062804937362671,0.2270970642566681,4,Confusion: Places,
amh-amh-75,amh,mc1,mc1,3,3,True,0.9555350542068481,0.2158379852771759,0.9231035113334656,4,Sociology,
amh-amh-76,amh,mc1,mc1,3,1,False,0.40189385414123535,1.1112583875656128,0.04975822567939758,4,Misconceptions,
amh-amh-77,amh,mc1,mc1,2,1,False,0.9069250822067261,0.39979419112205505,0.8543040156364441,4,Conspiracies,
amh-amh-78,amh,mc1,mc1,1,2,False,0.9668871760368347,0.16605150699615479,0.9439008831977844,4,Indexical Error: Time,
amh-amh-79,amh,mc1,mc1,2,0,False,0.7149518132209778,0.8363081812858582,0.5392506122589111,4,Health,
amh-amh-80,amh,mc1,mc1,2,1,False,0.9993528723716736,0.005444328300654888,0.9987142086029053,3,Health,
amh-amh-81,amh,mc1,mc1,3,1,False,0.6129168272018433,1.0378243923187256,0.43124204874038696,4,Myths and Fairytales,
amh-amh-82,amh,mc1,mc1,0,1,False,0.9455183148384094,0.26479971408843994,0.9142904877662659,4,Paranormal,
amh-amh-83,amh,mc1,mc1,0,3,False,0.922576904296875,0.2816672921180725,0.8468431830406189,4,Confusion: People,
amh-amh-84,amh,mc1,mc1,2,2,True,0.41234833002090454,1.084347128868103,0.10434988141059875,3,Health,
amh-amh-85,amh,mc1,mc1,2,3,False,0.963801383972168,0.1759909987449646,0.9340276122093201,4,Education,
amh-amh-86,amh,mc1,mc1,1,0,False,0.5513917803764343,0.8736225366592407,0.15223428606987,4,Confusion: People,
amh-amh-87,amh,mc1,mc1,0,1,False,0.6589050889015198,0.8642717003822327,0.40666818618774414,4,Proverbs,
amh-amh-88,amh,mc1,mc1,0,2,False,0.7538079023361206,0.7997119426727295,0.6308535933494568,4,Economics,
amh-amh-89,amh,mc1,mc1,0,0,True,0.9971109628677368,0.02196120284497738,0.9951663613319397,4,Stereotypes,
amh-amh-90,amh,mc1,mc1,0,2,False,0.7916471362113953,0.7131561040878296,0.678821861743927,4,Health,
amh-amh-91,amh,mc1,mc1,2,1,False,0.6095734238624573,1.0569673776626587,0.4082130491733551,4,Fiction,
amh-amh-92,amh,mc1,mc1,1,2,False,0.5412394404411316,0.6900901794433594,0.08251187205314636,3,Religion,
amh-amh-93,amh,mc1,mc1,2,1,False,0.532171368598938,0.9511160850524902,0.1409434974193573,4,Weather,
amh-amh-94,amh,mc1,mc1,2,1,False,0.4949814975261688,0.8972770571708679,0.060481876134872437,3,Misconceptions,
amh-amh-95,amh,mc1,mc1,2,1,False,0.7133810520172119,0.7953032851219177,0.5513137578964233,3,Misconceptions,
amh-amh-96,amh,mc1,mc1,2,1,False,0.3926151692867279,1.3145312070846558,0.11419764161109924,4,Health,
amh-amh-97,amh,mc1,mc1,3,2,False,0.6686222553253174,0.8611037731170654,0.47496289014816284,4,Sociology,
amh-amh-98,amh,mc1,mc1,1,2,False,0.9447900056838989,0.2544596791267395,0.915990948677063,4,Mandela Effect,
amh-amh-99,amh,mc1,mc1,1,1,True,0.47635382413864136,1.042290210723877,0.11977756023406982,4,Law,
amh-amh-100,amh,mc1,mc1,0,0,True,0.6493027210235596,0.8116992115974426,0.36075153946876526,3,Confusion: Other,
amh-amh-101,amh,mc1,mc1,1,0,False,0.7315076589584351,0.6406607627868652,0.47563785314559937,4,Indexical Error: Location,
amh-amh-102,amh,mc1,mc1,2,1,False,0.8203392028808594,0.47422128915786743,0.6411615610122681,3,Indexical Error: Location,
amh-amh-103,amh,mc1,mc1,3,3,True,0.7314463257789612,0.7288697957992554,0.5265248417854309,4,Sociology,
amh-amh-104,amh,mc1,mc1,0,0,True,0.5839292407035828,0.7007802128791809,0.1712285876274109,4,Sociology,
amh-amh-105,amh,mc1,mc1,1,1,True,0.6156419515609741,0.9339748620986938,0.3251279592514038,4,Sociology,
amh-amh-106,amh,mc1,mc1,1,1,True,0.8474114537239075,0.4532679617404938,0.7005382776260376,4,Superstitions,
amh-amh-107,amh,mc1,mc1,1,1,True,0.6077328324317932,0.986242949962616,0.3880020081996918,4,Misconceptions,
amh-amh-108,amh,mc1,mc1,3,2,False,0.5782335996627808,1.1066805124282837,0.39352908730506897,4,Misconceptions,
amh-amh-109,amh,mc1,mc1,3,2,False,0.970115065574646,0.1525220423936844,0.9465878009796143,4,Indexical Error: Time,
amh-amh-110,amh,mc1,mc1,2,3,False,0.6019836664199829,1.1027436256408691,0.4351819157600403,4,Law,
amh-amh-111,amh,mc1,mc1,3,2,False,0.5591577887535095,0.9709837436676025,0.25805598497390747,4,Sociology,
amh-amh-112,amh,mc1,mc1,0,3,False,0.8743634819984436,0.479498952627182,0.7884113192558289,4,Indexical Error: Time,
amh-amh-113,amh,mc1,mc1,2,1,False,0.7974933981895447,0.6570848226547241,0.6789203882217407,4,Misinformation,
amh-amh-114,amh,mc1,mc1,3,3,True,0.8456306457519531,0.5583659410476685,0.7414219975471497,4,Superstitions,
amh-amh-115,amh,mc1,mc1,3,1,False,0.5483759045600891,0.9959407448768616,0.24828535318374634,4,History,
amh-amh-116,amh,mc1,mc1,0,0,True,0.9716897010803223,0.14947350323200226,0.9510275721549988,4,Sociology,
amh-amh-117,amh,mc1,mc1,3,1,False,0.8394360542297363,0.5370067358016968,0.7081649899482727,4,Misconceptions,
amh-amh-118,amh,mc1,mc1,1,1,True,0.810154914855957,0.5523965954780579,0.6414875388145447,3,Misconceptions,
amh-amh-119,amh,mc1,mc1,0,3,False,0.8327771425247192,0.5310460329055786,0.6946560144424438,4,Paranormal,
amh-amh-120,amh,mc1,mc1,0,1,False,0.8679948449134827,0.4629112482070923,0.7657887935638428,4,Misinformation,
amh-amh-121,amh,mc1,mc1,3,3,True,0.619536817073822,0.6716020107269287,0.24003645777702332,4,Indexical Error: Identity,
amh-amh-122,amh,mc1,mc1,3,1,False,0.717978835105896,0.8500263094902039,0.5397228002548218,4,Misconceptions,
amh-amh-123,amh,mc1,mc1,1,3,False,0.3979363739490509,1.2722256183624268,0.11701598763465881,4,Sociology,
amh-amh-124,amh,mc1,mc1,2,3,False,0.5400993227958679,1.0666918754577637,0.29123663902282715,4,Sociology,
amh-amh-125,amh,mc1,mc1,0,1,False,0.7778444290161133,0.6890527009963989,0.6556985974311829,4,Indexical Error: Time,
amh-amh-126,amh,mc1,mc1,1,3,False,0.7691559791564941,0.7838951945304871,0.6699901223182678,4,Advertising,
amh-amh-127,amh,mc1,mc1,0,0,True,0.4850163459777832,1.205114722251892,0.21008214354515076,4,Fiction,
amh-amh-128,amh,mc1,mc1,0,3,False,0.49399125576019287,0.9359985589981079,0.056807518005371094,4,Health,
amh-amh-129,amh,mc1,mc1,0,1,False,0.4493172764778137,1.051804542541504,0.09588146209716797,4,Indexical Error: Location,
amh-amh-130,amh,mc1,mc1,0,0,True,0.5050212144851685,0.87369704246521,0.06043002009391785,4,Misconceptions,
amh-amh-131,amh,mc1,mc1,3,0,False,0.6984660625457764,0.770173192024231,0.45663484930992126,4,Science,
amh-amh-132,amh,mc1,mc1,2,2,True,0.49987247586250305,0.839306116104126,0.042557090520858765,3,Proverbs,
amh-amh-133,amh,mc1,mc1,0,1,False,0.9153550267219543,0.2899699807167053,0.8307100534439087,2,History,
amh-amh-134,amh,mc1,mc1,0,3,False,0.9239872097969055,0.2988966405391693,0.8565986156463623,4,Finance,
amh-amh-135,amh,mc1,mc1,0,3,False,0.42614972591400146,1.1762466430664062,0.06199410557746887,4,Health,
amh-amh-136,amh,mc1,mc1,0,3,False,0.5716555714607239,1.0464037656784058,0.3014947772026062,4,Stereotypes,
amh-amh-137,amh,mc1,mc1,2,3,False,0.5506722927093506,0.9016538262367249,0.17145398259162903,4,History,
amh-amh-138,amh,mc1,mc1,3,3,True,0.7838956713676453,0.7584589719772339,0.7030459642410278,4,Misconceptions,
amh-amh-139,amh,mc1,mc1,0,0,True,0.5747942924499512,0.6819167137145996,0.14958861470222473,2,Advertising,
amh-amh-140,amh,mc1,mc1,2,0,False,0.7975199818611145,0.6199193000793457,0.6455885171890259,4,Misconceptions,
amh-amh-141,amh,mc1,mc1,3,2,False,0.9994953870773315,0.004598671570420265,0.9990810751914978,4,Psychology,
amh-amh-142,amh,mc1,mc1,0,0,True,0.9962627291679382,0.027565913274884224,0.9935802221298218,4,Indexical Error: Other,
amh-amh-143,amh,mc1,mc1,1,0,False,0.8851803541183472,0.3564748764038086,0.7703606486320496,2,Health,
amh-amh-144,amh,mc1,mc1,0,2,False,0.36922499537467957,1.2958344221115112,0.06551674008369446,4,Distraction,
amh-amh-145,amh,mc1,mc1,0,2,False,0.6054845452308655,0.7340375185012817,0.22583219408988953,3,Logical Falsehood,
amh-amh-146,amh,mc1,mc1,2,0,False,0.6355230808258057,0.6899628043174744,0.2769121527671814,4,Confusion: Other,
amh-amh-147,amh,mc1,mc1,2,3,False,0.9860207438468933,0.07868815958499908,0.9733085632324219,4,Health,
amh-amh-148,amh,mc1,mc1,1,0,False,0.46966323256492615,1.2217040061950684,0.17823952436447144,4,Distraction,
amh-amh-149,amh,mc1,mc1,2,1,False,0.6059936881065369,0.9941152334213257,0.3435811400413513,4,Health,
amh-amh-150,amh,mc1,mc1,3,1,False,0.9906993508338928,0.06000949442386627,0.984865128993988,4,Economics,
amh-amh-151,amh,mc1,mc1,2,2,True,0.7315165400505066,0.8210619688034058,0.5680292844772339,4,Subjective,
amh-amh-152,amh,mc1,mc1,3,0,False,0.5924437046051025,0.7718710899353027,0.20806777477264404,4,Law,
amh-amh-153,amh,mc1,mc1,0,3,False,0.4869866967201233,1.073282241821289,0.22112584114074707,4,Misquotations,
amh-amh-154,amh,mc1,mc1,0,0,True,0.6508581042289734,0.9777196645736694,0.4473268985748291,4,Myths and Fairytales,
amh-amh-155,amh,mc1,mc1,3,3,True,0.6452934145927429,1.005933403968811,0.4634769558906555,4,Psychology,
amh-amh-156,amh,mc1,mc1,2,2,True,0.35525956749916077,1.34611177444458,0.11007893085479736,4,Misconceptions,
amh-amh-157,amh,mc1,mc1,0,3,False,0.38475558161735535,1.244085431098938,0.029496699571609497,4,Distraction,
amh-amh-158,amh,mc1,mc1,2,3,False,0.616193413734436,0.8386971950531006,0.28290030360221863,4,Misconceptions,
amh-amh-159,amh,mc1,mc1,0,0,True,0.9990552067756653,0.008150836452841759,0.9983272552490234,4,Statistics,
amh-amh-160,amh,mc1,mc1,3,1,False,0.5254824757575989,1.0357279777526855,0.2251487374305725,4,Law,
amh-amh-161,amh,mc1,mc1,0,0,True,0.8240527510643005,0.6301894187927246,0.7166166305541992,4,Fiction,
amh-amh-162,amh,mc1,mc1,0,1,False,0.5779415965080261,1.1378979682922363,0.4074280858039856,4,Stereotypes,
amh-amh-163,amh,mc1,mc1,3,3,True,0.8983362317085266,0.40606606006622314,0.8341164588928223,4,Misconceptions,
amh-amh-164,amh,mc1,mc1,3,2,False,0.527474582195282,1.060534954071045,0.20250290632247925,4,Psychology,
amh-amh-165,amh,mc1,mc1,0,3,False,0.6740493774414062,0.9816455841064453,0.5327731966972351,4,Superstitions,
amh-amh-166,amh,mc1,mc1,0,3,False,0.9700517654418945,0.13571399450302124,0.9402714967727661,4,Law,
amh-amh-167,amh,mc1,mc1,2,2,True,0.5330120921134949,1.044434905052185,0.296928733587265,4,Stereotypes,
amh-amh-168,amh,mc1,mc1,3,3,True,0.5313622355461121,1.041009783744812,0.2595236599445343,4,Economics,
amh-amh-169,amh,mc1,mc1,3,3,True,0.43918508291244507,1.2743229866027832,0.17349395155906677,4,Confusion: Places,
amh-amh-170,amh,mc1,mc1,2,2,True,0.4237501919269562,1.2855392694473267,0.18287819623947144,4,Health,
amh-amh-171,amh,mc1,mc1,2,0,False,0.841440737247467,0.5408017039299011,0.7156757116317749,4,Weather,
amh-amh-172,amh,mc1,mc1,2,3,False,0.6403893232345581,0.919774055480957,0.4211944043636322,4,Misquotations,
amh-amh-173,amh,mc1,mc1,3,3,True,0.9777786135673523,0.12984544038772583,0.9669766426086426,4,Distraction,
amh-amh-174,amh,mc1,mc1,0,2,False,0.5202973484992981,1.1484591960906982,0.24073970317840576,4,Fiction,
amh-amh-175,amh,mc1,mc1,3,1,False,0.5136820673942566,1.0948082208633423,0.17832055687904358,4,Education,
amh-amh-176,amh,mc1,mc1,3,0,False,0.9174641966819763,0.3324165344238281,0.8509262800216675,4,Misconceptions,
amh-amh-177,amh,mc1,mc1,2,3,False,0.45282039046287537,1.218685507774353,0.14710134267807007,4,Fiction,
amh-amh-178,amh,mc1,mc1,2,0,False,0.8490133285522461,0.5461488366127014,0.7550953030586243,4,Law,
amh-amh-179,amh,mc1,mc1,0,2,False,0.9874433875083923,0.07166071236133575,0.9758990406990051,4,Nutrition,
amh-amh-180,amh,mc1,mc1,0,3,False,0.7695406675338745,0.6455299854278564,0.5741877555847168,4,Sociology,
amh-amh-181,amh,mc1,mc1,3,1,False,0.7588812708854675,0.7771677374839783,0.616248607635498,4,Law,
amh-amh-182,amh,mc1,mc1,1,2,False,0.3794390559196472,1.2557331323623657,0.06763219833374023,4,Law,
amh-amh-183,amh,mc1,mc1,3,2,False,0.5298300385475159,1.0890413522720337,0.22138315439224243,4,Paranormal,
amh-amh-184,amh,mc1,mc1,0,0,True,0.8625495433807373,0.5392289161682129,0.7967233657836914,4,Weather,
amh-amh-185,amh,mc1,mc1,3,2,False,0.6820535659790039,0.9312598705291748,0.5352194309234619,4,Sociology,
amh-amh-186,amh,mc1,mc1,2,2,True,0.9554868340492249,0.22800567746162415,0.9354602098464966,4,Superstitions,
amh-amh-187,amh,mc1,mc1,1,2,False,0.38470444083213806,1.0881690979003906,0.03765439987182617,4,Indexical Error: Time,
amh-amh-188,amh,mc1,mc1,1,1,True,0.7517556548118591,0.5679065585136414,0.5046467781066895,4,Economics,
amh-amh-189,amh,mc1,mc1,0,0,True,0.756498396396637,0.747769296169281,0.6233597993850708,4,Paranormal,
amh-amh-190,amh,mc1,mc1,3,1,False,0.7367565035820007,0.8057050108909607,0.5915899276733398,4,Sociology,
amh-amh-191,amh,mc1,mc1,2,1,False,0.6694926619529724,0.9305888414382935,0.48760658502578735,4,Indexical Error: Time,
amh-amh-192,amh,mc1,mc1,0,0,True,0.7532829642295837,0.7143272161483765,0.5551114678382874,4,Health,
amh-amh-193,amh,mc1,mc1,2,2,True,0.9519942998886108,0.19957971572875977,0.9054553508758545,4,Advertising,
amh-amh-194,amh,mc1,mc1,1,1,True,0.8791253566741943,0.3912460207939148,0.7635902166366577,4,Sociology,
amh-amh-195,amh,mc1,mc1,2,0,False,0.7889321446418762,0.7197971343994141,0.6757073998451233,4,Distraction,
amh-amh-196,amh,mc1,mc1,2,3,False,0.6597898602485657,0.8681513071060181,0.3966970443725586,4,Misquotations,
amh-amh-197,amh,mc1,mc1,0,1,False,0.9463731646537781,0.23252306878566742,0.8998318910598755,4,Confusion: People,
amh-amh-198,amh,mc1,mc1,0,1,False,0.8015989661216736,0.5836522579193115,0.6319366693496704,4,Misconceptions,
amh-amh-199,amh,mc1,mc1,1,2,False,0.6889907121658325,0.8416409492492676,0.4869679808616638,4,Weather,
amh-amh-200,amh,mc1,mc1,1,1,True,0.9666568040847778,0.18102535605430603,0.9505000114440918,4,Sociology,
amh-amh-201,amh,mc1,mc1,0,2,False,0.4995092749595642,1.0538368225097656,0.18343719840049744,4,Science,
amh-amh-202,amh,mc1,mc1,2,2,True,0.9980721473693848,0.015206810086965561,0.9965581297874451,4,Religion,
amh-amh-203,amh,mc1,mc1,0,0,True,0.5790771245956421,0.9314302206039429,0.27641424536705017,4,Health,
amh-amh-204,amh,mc1,mc1,3,2,False,0.9335564970970154,0.28757113218307495,0.8829470872879028,4,Misconceptions: Topical,
amh-amh-205,amh,mc1,mc1,0,2,False,0.3949613571166992,1.2204269170761108,0.05568072199821472,4,Indexical Error: Location,
amh-amh-206,amh,mc1,mc1,2,3,False,0.37473997473716736,1.3274174928665161,0.08905816078186035,4,Indexical Error: Other,
amh-amh-207,amh,mc1,mc1,1,3,False,0.8369832038879395,0.5963703393936157,0.7494166493415833,4,Conspiracies,
amh-amh-208,amh,mc1,mc1,1,0,False,0.6487826704978943,0.6724018454551697,0.3014901578426361,4,Fiction,
amh-amh-209,amh,mc1,mc1,0,0,True,0.9948373436927795,0.0323372408747673,0.9896747469902039,2,Stereotypes,
amh-amh-210,amh,mc1,mc1,3,0,False,0.48738163709640503,1.0616399049758911,0.1357702612876892,4,Law,
amh-amh-211,amh,mc1,mc1,3,1,False,0.8019368052482605,0.6429985761642456,0.6532685160636902,4,Misconceptions,
amh-amh-212,amh,mc1,mc1,0,2,False,0.4697125256061554,0.9153088331222534,0.01887601613998413,3,Mandela Effect,
amh-amh-213,amh,mc1,mc1,3,1,False,0.9869569540023804,0.08225477486848831,0.979772686958313,4,Conspiracies,
amh-amh-214,amh,mc1,mc1,3,0,False,0.6931561231613159,0.7225342988967896,0.4119758903980255,4,Myths and Fairytales,
amh-amh-215,amh,mc1,mc1,2,0,False,0.7825061082839966,0.6336106061935425,0.6084514856338501,4,Psychology,
amh-amh-216,amh,mc1,mc1,2,3,False,0.6513642072677612,0.7240623235702515,0.3198375403881073,4,Indexical Error: Other,
amh-amh-217,amh,mc1,mc1,3,3,True,0.9117323756217957,0.363242506980896,0.8462415337562561,4,Fiction,
amh-amh-218,amh,mc1,mc1,2,0,False,0.49660924077033997,0.7675352096557617,0.010249048471450806,3,Logical Falsehood,
amh-amh-219,amh,mc1,mc1,0,3,False,0.41301828622817993,1.1765258312225342,0.10708844661712646,4,Health,
amh-amh-220,amh,mc1,mc1,3,3,True,0.9139826893806458,0.38676750659942627,0.8813058137893677,4,Indexical Error: Other,
amh-amh-221,amh,mc1,mc1,1,1,True,0.9639560580253601,0.1582644283771515,0.9284365773200989,4,Psychology,
amh-amh-222,amh,mc1,mc1,3,2,False,0.5997397303581238,0.6818599700927734,0.20065179467201233,4,Health,
amh-amh-223,amh,mc1,mc1,3,0,False,0.6738325953483582,0.9794538617134094,0.5462378263473511,4,Sociology,
amh-amh-224,amh,mc1,mc1,2,2,True,0.9910306930541992,0.05390031635761261,0.9828587770462036,3,Language,
amh-amh-225,amh,mc1,mc1,0,1,False,0.6655135750770569,0.6373104453086853,0.331027090549469,2,Proverbs,
amh-amh-226,amh,mc1,mc1,3,1,False,0.515413224697113,0.898643434047699,0.08649572730064392,4,History,
amh-amh-227,amh,mc1,mc1,3,0,False,0.9976348876953125,0.019108328968286514,0.9965021014213562,4,Nutrition,
amh-amh-228,amh,mc1,mc1,1,3,False,0.5162463784217834,1.0465571880340576,0.15239137411117554,4,Superstitions,
amh-amh-229,amh,mc1,mc1,3,2,False,0.910268247127533,0.3951673209667206,0.8654117584228516,4,Misconceptions,
amh-amh-230,amh,mc1,mc1,1,2,False,0.3687382638454437,1.276856541633606,0.008187830448150635,4,Law,
amh-amh-231,amh,mc1,mc1,3,2,False,0.9950908422470093,0.03604281693696976,0.993024468421936,4,Law,
amh-amh-232,amh,mc1,mc1,2,0,False,0.9430044293403625,0.26878535747528076,0.9121407270431519,4,Law,
amh-amh-233,amh,mc1,mc1,0,0,True,0.8757331967353821,0.37534099817276,0.7514663934707642,2,Misconceptions,
amh-amh-234,amh,mc1,mc1,1,0,False,0.3945674002170563,1.084932804107666,0.038365185260772705,4,Advertising,
amh-amh-235,amh,mc1,mc1,3,0,False,0.5122535228729248,0.8463340997695923,0.06052926182746887,4,History,
amh-amh-236,amh,mc1,mc1,2,2,True,0.6512244939804077,0.8205369710922241,0.35078704357147217,4,Nutrition,
amh-amh-237,amh,mc1,mc1,2,2,True,0.983810305595398,0.08981628715991974,0.9701417088508606,3,Misconceptions,
amh-amh-238,amh,mc1,mc1,3,3,True,0.9934806823730469,0.0404992401599884,0.9872087240219116,4,Stereotypes,
amh-amh-239,amh,mc1,mc1,2,0,False,0.9967814683914185,0.022114679217338562,0.9936585426330566,3,Education,
amh-amh-240,amh,mc1,mc1,0,3,False,0.881828784942627,0.4459070563316345,0.8209149837493896,4,Advertising,
amh-amh-241,amh,mc1,mc1,0,1,False,0.9174391031265259,0.28497976064682007,0.8348782658576965,2,Misquotations,
amh-amh-242,amh,mc1,mc1,2,2,True,0.7169992923736572,0.8190165758132935,0.5148818492889404,4,Language,
amh-amh-243,amh,mc1,mc1,2,1,False,0.8104588985443115,0.5972605347633362,0.6732708215713501,3,Misconceptions,
amh-amh-244,amh,mc1,mc1,0,0,True,0.7302636504173279,0.5857938528060913,0.4608956277370453,3,Misconceptions,
amh-amh-245,amh,mc1,mc1,1,0,False,0.998204231262207,0.013147702440619469,0.9964084625244141,2,Misconceptions,
amh-amh-246,amh,mc1,mc1,1,0,False,0.9994527697563171,0.004656739067286253,0.998905599117279,2,Health,
amh-amh-247,amh,mc1,mc1,0,3,False,0.5293598175048828,0.7402687072753906,0.06790107488632202,4,Confusion: Other,
amh-amh-248,amh,mc1,mc1,3,0,False,0.4482274055480957,1.0608997344970703,0.027727752923965454,4,Indexical Error: Other,
amh-amh-249,amh,mc1,mc1,0,0,True,0.7503944039344788,0.6886540651321411,0.5515866279602051,4,Economics,
amh-amh-250,amh,mc1,mc1,0,1,False,0.7208778262138367,0.6836786866188049,0.46698299050331116,4,Confusion: People,
amh-amh-251,amh,mc1,mc1,3,0,False,0.6139811873435974,1.0164228677749634,0.42519712448120117,4,Proverbs,
amh-amh-252,amh,mc1,mc1,0,2,False,0.998759388923645,0.010614258237183094,0.9979293942451477,4,Paranormal,
amh-amh-253,amh,mc1,mc1,1,0,False,0.5041701793670654,0.7156732678413391,0.011948823928833008,4,Misconceptions,
amh-amh-254,amh,mc1,mc1,1,3,False,0.981461226940155,0.11225394904613495,0.974066436290741,4,Fiction,
amh-amh-255,amh,mc1,mc1,0,0,True,0.6860377788543701,0.9654258489608765,0.5682410597801208,4,Indexical Error: Identity,
amh-amh-256,amh,mc1,mc1,1,1,True,0.7821233868598938,0.7335019111633301,0.6613004207611084,4,Misconceptions,
amh-amh-257,amh,mc1,mc1,1,1,True,0.9459268450737,0.22274011373519897,0.8951452970504761,3,Sociology,
amh-amh-258,amh,mc1,mc1,3,1,False,0.474507600069046,1.0478322505950928,0.06409627199172974,4,Superstitions,
amh-amh-259,amh,mc1,mc1,1,2,False,0.683949887752533,0.9114177227020264,0.4853246808052063,4,Sociology,
amh-amh-260,amh,mc1,mc1,2,1,False,0.9458861351013184,0.24146950244903564,0.9058462977409363,3,Misquotations,
amh-amh-261,amh,mc1,mc1,2,1,False,0.7361458539962769,0.593298077583313,0.4749651551246643,4,Confusion: People,
amh-amh-262,amh,mc1,mc1,1,2,False,0.5265525579452515,0.7185354232788086,0.0579017698764801,3,Sociology,
amh-amh-263,amh,mc1,mc1,1,0,False,0.5328124165534973,0.8734067678451538,0.127363383769989,3,Indexical Error: Location,
amh-amh-264,amh,mc1,mc1,3,2,False,0.7759376764297485,0.7171687483787537,0.6621637344360352,4,Indexical Error: Identity,
amh-amh-265,amh,mc1,mc1,1,3,False,0.6715819239616394,0.8551358580589294,0.45274293422698975,4,Nutrition,
amh-amh-266,amh,mc1,mc1,1,1,True,0.529148519039154,0.9818203449249268,0.17911472916603088,4,Economics,
amh-amh-267,amh,mc1,mc1,1,1,True,0.5594255328178406,0.7532675862312317,0.1343793272972107,3,History,
amh-amh-268,amh,mc1,mc1,0,1,False,0.5746089220046997,0.8159772753715515,0.18593326210975647,4,Superstitions,
amh-amh-269,amh,mc1,mc1,3,3,True,0.9984602928161621,0.01319489348679781,0.9978804588317871,4,Conspiracies,
amh-amh-270,amh,mc1,mc1,2,1,False,0.919928789138794,0.2975924611091614,0.843876302242279,4,Health,
amh-amh-271,amh,mc1,mc1,0,2,False,0.2947550117969513,1.3687818050384521,0.016144096851348877,4,Misconceptions,
amh-amh-272,amh,mc1,mc1,2,2,True,0.958371639251709,0.21874476969242096,0.9434733390808105,4,Misconceptions,
amh-amh-273,amh,mc1,mc1,3,1,False,0.5518394708633423,1.118622064590454,0.28757306933403015,4,History,
amh-amh-274,amh,mc1,mc1,0,3,False,0.5145519971847534,1.1222360134124756,0.2661309242248535,4,Psychology,
amh-amh-275,amh,mc1,mc1,3,0,False,0.733649730682373,0.7754867672920227,0.5885734558105469,4,Health,
amh-amh-276,amh,mc1,mc1,1,0,False,0.6544374823570251,0.8811635971069336,0.44839122891426086,4,Myths and Fairytales,
amh-amh-277,amh,mc1,mc1,3,3,True,0.9731884598731995,0.13911041617393494,0.951616644859314,4,Paranormal,
amh-amh-278,amh,mc1,mc1,2,3,False,0.4375007450580597,1.0100231170654297,0.018762677907943726,4,Language,
amh-amh-279,amh,mc1,mc1,1,2,False,0.4348834753036499,1.263145089149475,0.17790403962135315,4,Sociology,
amh-amh-280,amh,mc1,mc1,3,1,False,0.5186690092086792,1.147574543952942,0.23980790376663208,4,Sociology,
amh-amh-281,amh,mc1,mc1,1,2,False,0.615471363067627,0.9891795516014099,0.36626332998275757,4,Misconceptions,
amh-amh-282,amh,mc1,mc1,2,2,True,0.4214206039905548,1.3084787130355835,0.18272320926189423,4,Science,
amh-amh-283,amh,mc1,mc1,3,3,True,0.6535273790359497,0.8530911207199097,0.3729790151119232,4,Superstitions,
amh-amh-284,amh,mc1,mc1,0,3,False,0.6346713304519653,0.9589820504188538,0.4168325662612915,4,Health,
amh-amh-285,amh,mc1,mc1,2,2,True,0.9378949999809265,0.274488240480423,0.9005591869354248,3,Logical Falsehood,
amh-amh-286,amh,mc1,mc1,2,2,True,0.5097498297691345,1.1646270751953125,0.281575083732605,4,Misinformation,
amh-amh-287,amh,mc1,mc1,2,2,True,0.9720265865325928,0.1574683040380478,0.9605573415756226,4,Stereotypes,
amh-amh-288,amh,mc1,mc1,3,0,False,0.9131062030792236,0.36672890186309814,0.8547887206077576,4,Science,
amh-amh-289,amh,mc1,mc1,1,2,False,0.3563932478427887,1.2846015691757202,0.05897015333175659,4,Misconceptions,
amh-amh-290,amh,mc1,mc1,1,2,False,0.5381760001182556,0.6918361186981201,0.07653376460075378,3,Misconceptions,
amh-amh-291,amh,mc1,mc1,0,2,False,0.43834662437438965,1.092315435409546,0.07638958096504211,4,Misconceptions,
amh-amh-292,amh,mc1,mc1,0,1,False,0.5834893584251404,0.9472464323043823,0.3102853000164032,3,Misconceptions,
amh-amh-293,amh,mc1,mc1,3,0,False,0.9197351336479187,0.3126705586910248,0.848199725151062,4,Conspiracies,
amh-amh-294,amh,mc1,mc1,0,3,False,0.9636777639389038,0.17882123589515686,0.9353151321411133,4,Religion,
amh-amh-295,amh,mc1,mc1,0,2,False,0.9996546506881714,0.003317727241665125,0.9994238018989563,3,Health,
amh-amh-296,amh,mc1,mc1,1,1,True,0.7404249906539917,0.5772753953933716,0.48150762915611267,4,History,
amh-amh-297,amh,mc1,mc1,2,3,False,0.6648402214050293,0.648144006729126,0.3311351537704468,4,Confusion: People,
amh-amh-298,amh,mc1,mc1,0,1,False,0.5627620220184326,1.098200798034668,0.3243659734725952,4,Misconceptions,
amh-amh-299,amh,mc1,mc1,1,0,False,0.5135565400123596,0.7572078704833984,0.04138633608818054,3,Education,
amh-amh-300,amh,mc1,mc1,1,0,False,0.9433637857437134,0.2176097333431244,0.8867276310920715,2,Myths and Fairytales,
amh-amh-301,amh,mc1,mc1,1,0,False,0.969290554523468,0.16708211600780487,0.9516227841377258,4,Misconceptions,
amh-amh-302,amh,mc1,mc1,3,3,True,0.8748764991760254,0.47116297483444214,0.7834011912345886,4,Fiction,
amh-amh-303,amh,mc1,mc1,2,0,False,0.6807758808135986,0.6431018114089966,0.3642893135547638,4,Misconceptions,
amh-amh-304,amh,mc1,mc1,1,2,False,0.9603817462921143,0.1995803862810135,0.9354422688484192,4,Confusion: Places,
amh-amh-305,amh,mc1,mc1,1,0,False,0.5291883945465088,1.06805419921875,0.22753623127937317,4,Paranormal,
amh-amh-306,amh,mc1,mc1,2,2,True,0.6290309429168701,0.9124563336372375,0.4158560633659363,3,Misquotations,
amh-amh-307,amh,mc1,mc1,1,3,False,0.49655115604400635,0.8937770128250122,0.05977445840835571,4,Science,
amh-amh-308,amh,mc1,mc1,2,1,False,0.7236011624336243,0.6318547129631042,0.4553374946117401,4,Sociology,
amh-amh-309,amh,mc1,mc1,1,2,False,0.8004827499389648,0.5816650390625,0.6281967163085938,4,Health,
amh-amh-310,amh,mc1,mc1,0,0,True,0.7499420642852783,0.7051132321357727,0.5505040287971497,4,Confusion: People,
amh-amh-311,amh,mc1,mc1,0,1,False,0.4978378713130951,1.121877908706665,0.23578381538391113,4,Superstitions,
amh-amh-312,amh,mc1,mc1,0,2,False,0.8440418839454651,0.541418731212616,0.7412431836128235,4,Superstitions,
amh-amh-313,amh,mc1,mc1,1,3,False,0.5333144068717957,0.8303185701370239,0.10551005601882935,4,Sociology,
amh-amh-314,amh,mc1,mc1,1,0,False,0.6830722689628601,0.6877419352531433,0.3818231523036957,4,Law,
amh-amh-315,amh,mc1,mc1,3,2,False,0.6086026430130005,1.0580408573150635,0.4140837788581848,4,Sociology,
amh-amh-316,amh,mc1,mc1,3,0,False,0.36523494124412537,1.3372952938079834,0.1055837869644165,4,Law,
amh-amh-317,amh,mc1,mc1,3,1,False,0.9934675097465515,0.045540861785411835,0.9905001521110535,4,Sociology,
amh-amh-318,amh,mc1,mc1,2,1,False,0.40772929787635803,1.0621190071105957,0.0003383457660675049,4,Fiction,
amh-amh-319,amh,mc1,mc1,3,3,True,0.444325715303421,1.204228401184082,0.11337143182754517,4,Superstitions,
amh-amh-320,amh,mc1,mc1,1,0,False,0.5002005696296692,0.949644923210144,0.09753075242042542,4,Misinformation,
amh-amh-321,amh,mc1,mc1,2,3,False,0.986670196056366,0.07995627820491791,0.9771351218223572,4,Nutrition,
amh-amh-322,amh,mc1,mc1,0,0,True,0.5122395753860474,0.7227051854133606,0.029314249753952026,4,Sociology,
amh-amh-323,amh,mc1,mc1,3,3,True,0.5331357717514038,1.1447683572769165,0.2730323374271393,4,Myths and Fairytales,
amh-amh-324,amh,mc1,mc1,1,2,False,0.6537054181098938,0.6537095904350281,0.308573454618454,4,Conspiracies,
amh-amh-325,amh,mc1,mc1,1,2,False,0.43219858407974243,1.0664392709732056,0.08657029271125793,4,Myths and Fairytales,
amh-amh-326,amh,mc1,mc1,1,3,False,0.9958209991455078,0.030962560325860977,0.9932692050933838,4,Health,
amh-amh-327,amh,mc1,mc1,1,1,True,0.44585445523262024,1.1133499145507812,0.0655180811882019,4,Indexical Error: Time,
amh-amh-328,amh,mc1,mc1,2,3,False,0.44263193011283875,1.0883960723876953,0.12531819939613342,4,Fiction,
amh-amh-329,amh,mc1,mc1,2,1,False,0.7894842624664307,0.6753382086753845,0.6802788376808167,4,Sociology,
amh-amh-330,amh,mc1,mc1,2,0,False,0.5398436784744263,1.0584014654159546,0.3138764500617981,4,Finance,
amh-amh-331,amh,mc1,mc1,3,3,True,0.4162393808364868,1.3015129566192627,0.15037333965301514,4,Confusion: People,
amh-amh-332,amh,mc1,mc1,2,3,False,0.7115429639816284,0.6192919015884399,0.4263441860675812,4,Confusion: Places,
amh-amh-333,amh,mc1,mc1,3,0,False,0.5309414863586426,0.9629205465316772,0.16403663158416748,4,Advertising,
amh-amh-334,amh,mc1,mc1,2,2,True,0.9479250907897949,0.24038667976856232,0.9191474914550781,3,Weather,
amh-amh-335,amh,mc1,mc1,1,2,False,0.9577455520629883,0.19808030128479004,0.9231687784194946,4,Psychology,
amh-amh-336,amh,mc1,mc1,0,2,False,0.7168821692466736,0.8214511275291443,0.5353268384933472,4,Paranormal,
amh-amh-337,amh,mc1,mc1,3,3,True,0.8571136593818665,0.5373093485832214,0.7726207971572876,4,Law,
amh-amh-338,amh,mc1,mc1,0,2,False,0.3991228938102722,1.240062952041626,0.10863682627677917,4,Misconceptions,
amh-amh-339,amh,mc1,mc1,0,2,False,0.8214088082313538,0.614117443561554,0.7110618948936462,4,Religion,
amh-amh-340,amh,mc1,mc1,2,3,False,0.957147479057312,0.21030299365520477,0.9277157783508301,4,Confusion: Places,
amh-amh-341,amh,mc1,mc1,2,2,True,0.30855756998062134,1.377534031867981,0.0750029981136322,4,Distraction,
amh-amh-342,amh,mc1,mc1,0,0,True,0.7648500204086304,0.549178957939148,0.5302291512489319,3,Economics,
amh-amh-343,amh,mc1,mc1,1,2,False,0.583027184009552,0.6844338774681091,0.16674897074699402,3,Statistics,
amh-amh-344,amh,mc1,mc1,3,2,False,0.7658392786979675,0.723719596862793,0.6127059459686279,4,Law,
amh-amh-345,amh,mc1,mc1,3,3,True,0.7974457740783691,0.6099840998649597,0.6303918361663818,4,Fiction,
amh-amh-346,amh,mc1,mc1,2,0,False,0.7341282367706299,0.6983206868171692,0.5122089982032776,3,History,
amh-amh-347,amh,mc1,mc1,0,1,False,0.999639630317688,0.003217574441805482,0.999279260635376,2,Misquotations,
amh-amh-348,amh,mc1,mc1,1,2,False,0.46242755651474,1.0492093563079834,0.11359554529190063,4,Confusion: Places,
amh-amh-349,amh,mc1,mc1,0,1,False,0.9252933859825134,0.265646755695343,0.8505867719650269,2,History,
amh-amh-350,amh,mc1,mc1,2,2,True,0.9999819993972778,0.00023107226297724992,0.9999707937240601,4,Myths and Fairytales,
amh-amh-351,amh,mc1,mc1,0,2,False,0.6921219229698181,0.6255918741226196,0.38550639152526855,3,Misconceptions,
amh-amh-352,amh,mc1,mc1,0,2,False,0.6229831576347351,0.8823100328445435,0.3398072421550751,4,Indexical Error: Location,
amh-amh-353,amh,mc1,mc1,0,3,False,0.5685994029045105,0.696940541267395,0.13909956812858582,4,Confusion: People,
amh-amh-354,amh,mc1,mc1,2,2,True,0.970234751701355,0.16165386140346527,0.951884925365448,4,Weather,
amh-amh-355,amh,mc1,mc1,3,1,False,0.7719165086746216,0.6792848110198975,0.6139849424362183,4,Law,
amh-amh-356,amh,mc1,mc1,2,0,False,0.9801623821258545,0.10675127804279327,0.9632074236869812,4,Misconceptions: Topical,
amh-amh-357,amh,mc1,mc1,1,3,False,0.9373497366905212,0.3008219003677368,0.9090996384620667,4,Economics,
amh-amh-358,amh,mc1,mc1,2,0,False,0.738685667514801,0.7567365169525146,0.5779765248298645,4,Economics,
amh-amh-359,amh,mc1,mc1,1,2,False,0.6714805960655212,0.860636830329895,0.48637938499450684,4,Superstitions,
amh-amh-360,amh,mc1,mc1,2,3,False,0.6667588949203491,0.8883076310157776,0.4452093839645386,4,Misconceptions,
amh-amh-361,amh,mc1,mc1,0,1,False,0.8685249090194702,0.3891812562942505,0.7370497584342957,2,Misconceptions,
amh-amh-362,amh,mc1,mc1,1,0,False,0.6458307504653931,0.6550222039222717,0.29235753417015076,3,Misconceptions,
amh-amh-363,amh,mc1,mc1,1,0,False,0.6551735997200012,0.6441850066184998,0.31034716963768005,2,Logical Falsehood,
amh-amh-364,amh,mc1,mc1,0,0,True,0.9743531942367554,0.11926785111427307,0.9487064480781555,2,Misconceptions,
amh-amh-365,amh,mc1,mc1,2,0,False,0.6527665853500366,0.6788275241851807,0.3113384246826172,4,Psychology,
amh-amh-366,amh,mc1,mc1,1,3,False,0.5985994935035706,0.807158350944519,0.23759660124778748,4,Myths and Fairytales,
amh-amh-367,amh,mc1,mc1,0,1,False,0.7221739888191223,0.6682726740837097,0.46383050084114075,4,Confusion: Other,
amh-amh-368,amh,mc1,mc1,1,3,False,0.7675395607948303,0.7931519746780396,0.6693270206451416,4,Myths and Fairytales,
amh-amh-369,amh,mc1,mc1,1,0,False,0.47010287642478943,1.1006444692611694,0.08687227964401245,4,Misconceptions,
amh-amh-370,amh,mc1,mc1,1,1,True,0.8458251357078552,0.5404481291770935,0.7566585540771484,4,Health,
amh-amh-371,amh,mc1,mc1,0,3,False,0.44803109765052795,1.1787892580032349,0.08929741382598877,4,Indexical Error: Other,
amh-amh-372,amh,mc1,mc1,2,2,True,0.6445549130439758,0.915503740310669,0.38658589124679565,4,Superstitions,
amh-amh-373,amh,mc1,mc1,2,2,True,0.6863908767700195,0.8907458186149597,0.4853862524032593,4,Misconceptions,
amh-amh-374,amh,mc1,mc1,1,1,True,0.4531063437461853,1.1279337406158447,0.07835766673088074,4,Conspiracies,
amh-amh-375,amh,mc1,mc1,1,3,False,0.6950826644897461,0.6172307729721069,0.3904435932636261,4,Language,
amh-amh-376,amh,mc1,mc1,1,2,False,0.7760612964630127,0.6866873502731323,0.6073061227798462,4,Paranormal,
amh-amh-377,amh,mc1,mc1,3,2,False,0.9917448163032532,0.053259171545505524,0.9854253530502319,4,Religion,
amh-amh-378,amh,mc1,mc1,3,1,False,0.7590215802192688,0.7562295794487,0.6152913570404053,4,Myths and Fairytales,
amh-amh-379,amh,mc1,mc1,0,0,True,0.7549271583557129,0.8246586322784424,0.663630485534668,4,Sociology,
amh-amh-380,amh,mc1,mc1,0,2,False,0.5897853374481201,0.6777448654174805,0.1796559989452362,3,Indexical Error: Location,
amh-amh-381,amh,mc1,mc1,3,0,False,0.8065043091773987,0.6223412156105042,0.6910368800163269,4,Distraction,
amh-amh-382,amh,mc1,mc1,1,3,False,0.3864341378211975,1.104099988937378,0.05267491936683655,4,Religion,
amh-amh-383,amh,mc1,mc1,1,1,True,0.5424996018409729,1.0123193264007568,0.3022232949733734,4,Economics,
amh-amh-384,amh,mc1,mc1,1,2,False,0.9688646197319031,0.1466023325920105,0.9399235248565674,3,Misconceptions,
amh-amh-385,amh,mc1,mc1,2,2,True,0.521401047706604,0.9479861259460449,0.1464504599571228,4,Confusion: Other,
amh-amh-386,amh,mc1,mc1,2,2,True,0.8946713805198669,0.4343610107898712,0.8296675682067871,4,Psychology,
amh-amh-387,amh,mc1,mc1,1,3,False,0.6433576345443726,0.6606489419937134,0.2880434989929199,4,Confusion: People,
amh-amh-388,amh,mc1,mc1,2,3,False,0.4614998400211334,0.9387786388397217,0.003717184066772461,4,Indexical Error: Time,
amh-amh-389,amh,mc1,mc1,1,1,True,0.7759453058242798,0.7739467620849609,0.6829311847686768,4,Superstitions,
amh-amh-390,amh,mc1,mc1,0,3,False,0.8816230297088623,0.4622746407985687,0.8202388882637024,4,Religion,
amh-amh-391,amh,mc1,mc1,1,1,True,0.9944692850112915,0.039512284100055695,0.991644561290741,4,Fiction,
amh-amh-392,amh,mc1,mc1,1,0,False,0.4713989794254303,1.0527650117874146,0.17028772830963135,3,Misconceptions,
amh-amh-393,amh,mc1,mc1,0,3,False,0.3035520017147064,1.3720473051071167,0.025057315826416016,4,Misconceptions,
amh-amh-394,amh,mc1,mc1,0,1,False,0.48286518454551697,0.9619994163513184,0.06593936681747437,4,Misconceptions,
amh-amh-395,amh,mc1,mc1,1,1,True,0.4913952350616455,0.9209694862365723,0.06448724865913391,4,Health,
amh-amh-396,amh,mc1,mc1,3,2,False,0.9663882851600647,0.17599284648895264,0.9456514120101929,4,Stereotypes,
amh-amh-397,amh,mc1,mc1,1,3,False,0.9313337802886963,0.3227134346961975,0.9004853367805481,4,Statistics,
amh-amh-398,amh,mc1,mc1,3,3,True,0.4875440001487732,0.9874773621559143,0.06791523098945618,4,Health,
amh-amh-399,amh,mc1,mc1,2,0,False,0.9326111674308777,0.2903931736946106,0.8886973857879639,3,Fiction,
amh-amh-400,amh,mc1,mc1,3,0,False,0.7808426022529602,0.6618106961250305,0.6127833127975464,4,Politics,
amh-amh-401,amh,mc1,mc1,0,1,False,0.7586712837219238,0.5526066422462463,0.5173425674438477,2,Misconceptions,
amh-amh-402,amh,mc1,mc1,0,1,False,0.7011620402336121,0.6098765134811401,0.4023240804672241,2,Logical Falsehood,
amh-amh-403,amh,mc1,mc1,0,0,True,0.6702539920806885,0.6339986324310303,0.3405079245567322,2,Mandela Effect,
amh-amh-404,amh,mc1,mc1,3,0,False,0.7004988193511963,0.8615784645080566,0.5239906907081604,4,History,
amh-amh-405,amh,mc1,mc1,1,1,True,0.5009613633155823,0.7012592554092407,0.0030696988105773926,3,Logical Falsehood,
amh-amh-406,amh,mc1,mc1,1,2,False,0.7995678186416626,0.6266510486602783,0.6632078886032104,4,Misinformation,
amh-amh-407,amh,mc1,mc1,2,1,False,0.5266504287719727,0.6941030025482178,0.05357274413108826,4,Finance,
amh-amh-408,amh,mc1,mc1,3,1,False,0.5609727501869202,0.9611430168151855,0.2073858380317688,4,Law,
amh-amh-409,amh,mc1,mc1,3,1,False,0.9918807148933411,0.05367915332317352,0.9866983294487,4,Politics,
amh-amh-410,amh,mc1,mc1,1,3,False,0.5803474187850952,1.0456117391586304,0.37446340918540955,4,Language,
amh-amh-411,amh,mc1,mc1,2,2,True,0.921312689781189,0.34057801961898804,0.8785340189933777,4,Paranormal,
amh-amh-412,amh,mc1,mc1,0,1,False,0.46935176849365234,1.1743390560150146,0.13340610265731812,4,Law,
amh-amh-413,amh,mc1,mc1,2,1,False,0.8308610916137695,0.5551081895828247,0.7092605829238892,4,Indexical Error: Time,
amh-amh-414,amh,mc1,mc1,3,0,False,0.8133351802825928,0.6629728078842163,0.7247767448425293,4,Misconceptions,
amh-amh-415,amh,mc1,mc1,0,2,False,0.5429977178573608,0.8690208196640015,0.13887357711791992,4,Conspiracies,
amh-amh-416,amh,mc1,mc1,0,2,False,0.7934292554855347,0.71458899974823,0.684397280216217,4,Fiction,
amh-amh-417,amh,mc1,mc1,3,3,True,0.7943990230560303,0.670739471912384,0.6636204719543457,4,Sociology,
amh-amh-418,amh,mc1,mc1,1,2,False,0.44129812717437744,1.1046204566955566,0.1582784652709961,4,Law,
amh-amh-419,amh,mc1,mc1,3,0,False,0.7574409246444702,0.6166937351226807,0.5316997766494751,4,Misconceptions,
amh-amh-420,amh,mc1,mc1,0,2,False,0.4604780972003937,1.0093978643417358,0.07145917415618896,3,Proverbs,
amh-amh-421,amh,mc1,mc1,2,3,False,0.6340842843055725,0.8374146819114685,0.3199514150619507,4,Sociology,
amh-amh-422,amh,mc1,mc1,1,2,False,0.3538241684436798,1.3028408288955688,0.0681551992893219,4,Law,
amh-amh-423,amh,mc1,mc1,3,3,True,0.62361741065979,0.9337983131408691,0.38521668314933777,4,Misconceptions,
amh-amh-424,amh,mc1,mc1,2,2,True,0.35994765162467957,1.140958309173584,0.012672752141952515,4,Law,
amh-amh-425,amh,mc1,mc1,1,0,False,0.9959098100662231,0.02741045132279396,0.9920324087142944,3,Myths and Fairytales,
amh-amh-426,amh,mc1,mc1,1,1,True,0.986992597579956,0.08118946850299835,0.9789469838142395,4,Sociology,
amh-amh-427,amh,mc1,mc1,1,0,False,0.5781986117362976,0.6808667778968811,0.1563972532749176,2,Misconceptions,
amh-amh-428,amh,mc1,mc1,3,0,False,0.9699428677558899,0.15685373544692993,0.9472935199737549,4,Weather,
amh-amh-429,amh,mc1,mc1,2,2,True,0.35737964510917664,1.3424744606018066,0.08587175607681274,4,Misconceptions,
amh-amh-430,amh,mc1,mc1,3,3,True,0.7584192156791687,0.6932215690612793,0.5770046710968018,4,Misconceptions,
amh-amh-431,amh,mc1,mc1,1,1,True,0.6494114398956299,0.8906405568122864,0.46618402004241943,4,Superstitions,
amh-amh-432,amh,mc1,mc1,0,1,False,0.3941580057144165,1.3154884576797485,0.12773928046226501,4,Weather,
amh-amh-433,amh,mc1,mc1,3,0,False,0.47375375032424927,1.055817723274231,0.14565828442573547,4,Misinformation,
amh-amh-434,amh,mc1,mc1,0,2,False,0.6364181637763977,0.8263106346130371,0.32010388374328613,4,Misconceptions,
amh-amh-435,amh,mc1,mc1,1,0,False,0.4994942247867584,0.8957024216651917,0.06898725032806396,3,Proverbs,
amh-amh-436,amh,mc1,mc1,1,1,True,0.7191823720932007,0.5937238931655884,0.43836477398872375,2,History,
amh-amh-437,amh,mc1,mc1,0,0,True,0.45714226365089417,1.1706135272979736,0.10507932305335999,4,Myths and Fairytales,
amh-amh-438,amh,mc1,mc1,0,2,False,0.7601115107536316,0.6738224029541016,0.5606271624565125,4,Health,
amh-amh-439,amh,mc1,mc1,0,1,False,0.3835298717021942,1.3410346508026123,0.1547688990831375,4,Economics,
amh-amh-440,amh,mc1,mc1,1,2,False,0.5627821683883667,0.8644319772720337,0.18795636296272278,3,History,
amh-amh-441,amh,mc1,mc1,1,3,False,0.37998536229133606,1.2747584581375122,0.08437120914459229,4,History,
amh-amh-442,amh,mc1,mc1,0,3,False,0.7394819259643555,0.6568502187728882,0.5042535066604614,4,Politics,
amh-amh-443,amh,mc1,mc1,2,2,True,0.6168452501296997,1.0636216402053833,0.4436272382736206,4,Misquotations,
amh-amh-444,amh,mc1,mc1,3,1,False,0.84690922498703,0.42819857597351074,0.6938339471817017,4,Sociology,
amh-amh-445,amh,mc1,mc1,0,3,False,0.5334052443504333,1.0215996503829956,0.23946356773376465,4,Advertising,
amh-amh-446,amh,mc1,mc1,3,0,False,0.6031031608581543,0.7520756721496582,0.22593984007835388,4,Language,
amh-amh-447,amh,mc1,mc1,0,3,False,0.710983157157898,0.643617570400238,0.4300207495689392,4,Indexical Error: Other,
amh-amh-448,amh,mc1,mc1,3,3,True,0.46847134828567505,1.0689759254455566,0.15794649720191956,4,Sociology,
amh-amh-449,amh,mc1,mc1,0,1,False,0.8319630026817322,0.4527599513530731,0.6639260053634644,2,Misquotations,
amh-amh-450,amh,mc1,mc1,3,3,True,0.3750722408294678,1.3380860090255737,0.1130555272102356,4,Health,
amh-amh-451,amh,mc1,mc1,1,1,True,0.7484622597694397,0.7383057475090027,0.6198326349258423,3,Law,
amh-amh-452,amh,mc1,mc1,2,2,True,0.480734258890152,0.9168439507484436,0.02069312334060669,4,Sociology,
amh-amh-453,amh,mc1,mc1,0,3,False,0.3843735456466675,1.2976653575897217,0.067646324634552,4,Religion,
amh-amh-454,amh,mc1,mc1,1,1,True,0.31919026374816895,1.3211357593536377,0.005712747573852539,4,Psychology,
amh-amh-455,amh,mc1,mc1,3,1,False,0.7454832792282104,0.6186665296554565,0.5023491382598877,4,Economics,
amh-amh-456,amh,mc1,mc1,1,3,False,0.5468664169311523,1.1728962659835815,0.35039085149765015,4,Misconceptions,
amh-amh-457,amh,mc1,mc1,1,3,False,0.8494672775268555,0.5229792594909668,0.7305823564529419,4,Indexical Error: Identity,
amh-amh-458,amh,mc1,mc1,2,2,True,0.9621241092681885,0.20080965757369995,0.9448679685592651,4,Stereotypes,
amh-amh-459,amh,mc1,mc1,0,1,False,0.7024354338645935,0.8383336663246155,0.4954986870288849,4,Psychology,
amh-amh-460,amh,mc1,mc1,0,1,False,0.7053594589233398,0.8315219879150391,0.5237034559249878,4,History,
amh-amh-461,amh,mc1,mc1,1,1,True,0.6501017212867737,0.858557403087616,0.4022144675254822,3,Myths and Fairytales,
amh-amh-462,amh,mc1,mc1,0,3,False,0.48187580704689026,1.1520591974258423,0.21558812260627747,4,Misconceptions,
amh-amh-463,amh,mc1,mc1,1,0,False,0.5526038408279419,0.6876025795936584,0.10520768165588379,2,Misquotations,
amh-amh-464,amh,mc1,mc1,3,1,False,0.7476029992103577,0.827324628829956,0.6238852739334106,4,Misconceptions,
amh-amh-465,amh,mc1,mc1,3,2,False,0.39599648118019104,1.2066272497177124,0.010570704936981201,4,Misinformation,
amh-amh-466,amh,mc1,mc1,0,3,False,0.49787184596061707,1.00108802318573,0.14646169543266296,4,Fiction,
amh-amh-467,amh,mc1,mc1,3,1,False,0.7048017978668213,0.7829538583755493,0.48242247104644775,4,Law,
amh-amh-468,amh,mc1,mc1,0,1,False,0.5067284107208252,1.2347387075424194,0.3370554447174072,4,Sociology,
amh-amh-469,amh,mc1,mc1,0,3,False,0.8891924619674683,0.371101975440979,0.7839212417602539,4,Misconceptions,
amh-amh-470,amh,mc1,mc1,2,3,False,0.48277801275253296,1.1741886138916016,0.2120886743068695,4,Misconceptions,
amh-amh-471,amh,mc1,mc1,1,1,True,0.9372545480728149,0.24363958835601807,0.8763017654418945,4,Proverbs,
amh-amh-472,amh,mc1,mc1,3,0,False,0.6343592405319214,0.8876539468765259,0.383869469165802,4,Indexical Error: Location,
amh-amh-473,amh,mc1,mc1,1,1,True,0.765889048576355,0.5441961288452148,0.53177809715271,2,Proverbs,
amh-amh-474,amh,mc1,mc1,1,0,False,0.8487650156021118,0.5588377118110657,0.7504531145095825,4,Conspiracies,
amh-amh-475,amh,mc1,mc1,0,1,False,0.8644313812255859,0.5120573043823242,0.7989080548286438,4,Economics,
amh-amh-476,amh,mc1,mc1,0,1,False,0.9897242784500122,0.057264816015958786,0.9794484972953796,2,Indexical Error: Other,
amh-amh-477,amh,mc1,mc1,0,3,False,0.4400479197502136,1.2793670892715454,0.2152854949235916,4,Conspiracies,
amh-amh-478,amh,mc1,mc1,3,1,False,0.7704032063484192,0.7909474968910217,0.6916497349739075,4,Weather,
amh-amh-479,amh,mc1,mc1,0,2,False,0.502973198890686,1.1224361658096313,0.2135200798511505,4,Indexical Error: Other,
amh-amh-480,amh,mc1,mc1,2,2,True,0.9982953667640686,0.013131411746144295,0.9967262744903564,4,Paranormal,
amh-amh-481,amh,mc1,mc1,3,0,False,0.7968860268592834,0.6463654041290283,0.6673429608345032,4,History,
amh-amh-482,amh,mc1,mc1,3,3,True,0.4465198814868927,1.1951769590377808,0.1754789650440216,4,Law,
amh-amh-483,amh,mc1,mc1,1,0,False,0.39457374811172485,1.2412493228912354,0.11260318756103516,4,Proverbs,
amh-amh-484,amh,mc1,mc1,3,0,False,0.4599855840206146,1.2648205757141113,0.2121366560459137,4,Health,
amh-amh-485,amh,mc1,mc1,2,1,False,0.5390564203262329,1.147006869316101,0.3332907557487488,4,Misconceptions,
amh-amh-486,amh,mc1,mc1,3,3,True,0.9427608847618103,0.26104873418807983,0.9006648063659668,4,Law,
amh-amh-487,amh,mc1,mc1,3,0,False,0.6373898983001709,1.0316720008850098,0.45734554529190063,4,Confusion: Places,
amh-amh-488,amh,mc1,mc1,2,0,False,0.6278873085975647,0.9505904316902161,0.35869669914245605,4,Conspiracies,
amh-amh-489,amh,mc1,mc1,2,3,False,0.49076005816459656,1.2391002178192139,0.28835397958755493,4,Misconceptions,
amh-amh-490,amh,mc1,mc1,1,2,False,0.9708573818206787,0.14631277322769165,0.9458138942718506,4,Education,
amh-amh-491,amh,mc1,mc1,1,1,True,0.8334493041038513,0.6255987286567688,0.7566391229629517,4,Paranormal,
amh-amh-492,amh,mc1,mc1,3,2,False,0.46071645617485046,1.2533773183822632,0.2386874407529831,4,Psychology,
amh-amh-493,amh,mc1,mc1,3,0,False,0.5416147708892822,0.992407500743866,0.2479090392589569,4,Paranormal,
amh-amh-494,amh,mc1,mc1,0,0,True,0.5226808786392212,1.1710326671600342,0.2619665265083313,4,Misconceptions,
amh-amh-495,amh,mc1,mc1,2,0,False,0.9276546835899353,0.3278346359729767,0.8916875123977661,4,Politics,
amh-amh-496,amh,mc1,mc1,2,0,False,0.5453217625617981,1.1125141382217407,0.31923559308052063,4,Sociology,
amh-amh-497,amh,mc1,mc1,1,1,True,0.960359513759613,0.20988282561302185,0.9442331194877625,4,Health,
amh-amh-498,amh,mc1,mc1,0,1,False,0.3368229568004608,1.3338679075241089,0.06196010112762451,4,Health,
amh-amh-499,amh,mc1,mc1,1,0,False,0.5743903517723083,0.780281662940979,0.17379838228225708,4,Law,
amh-amh-500,amh,mc1,mc1,3,1,False,0.6485500335693359,0.791574239730835,0.33852413296699524,4,Economics,
amh-amh-501,amh,mc1,mc1,2,2,True,0.6987876296043396,0.8640127182006836,0.5286006927490234,4,Health,
amh-amh-502,amh,mc1,mc1,2,3,False,0.4705866575241089,0.8980242609977722,0.0032516121864318848,4,Sociology,
amh-amh-503,amh,mc1,mc1,1,0,False,0.8319478034973145,0.5110452175140381,0.6789279580116272,4,Nutrition,
amh-amh-504,amh,mc1,mc1,2,2,True,0.7926566004753113,0.6817960739135742,0.6504712700843811,4,Law,
amh-amh-505,amh,mc1,mc1,2,1,False,0.44959384202957153,1.2728700637817383,0.19959761202335358,4,Weather,
amh-amh-506,amh,mc1,mc1,0,3,False,0.32399141788482666,1.3666937351226807,0.06552767753601074,4,Health,
amh-amh-507,amh,mc1,mc1,0,3,False,0.37471136450767517,1.3131604194641113,0.10787680745124817,4,Conspiracies,
amh-amh-508,amh,mc1,mc1,3,2,False,0.43972674012184143,1.2529093027114868,0.1714305579662323,4,Economics,
amh-amh-509,amh,mc1,mc1,1,1,True,0.8017560839653015,0.49795830249786377,0.6035122275352478,2,Politics,
amh-amh-510,amh,mc1,mc1,1,2,False,0.36505889892578125,1.275102138519287,0.0,4,Misconceptions,
amh-amh-511,amh,mc1,mc1,1,2,False,0.7808762788772583,0.7062482833862305,0.6354389786720276,4,Confusion: Other,
amh-amh-512,amh,mc1,mc1,2,2,True,0.8866215944290161,0.477961003780365,0.8463681936264038,4,Fiction,
amh-amh-513,amh,mc1,mc1,1,1,True,0.5005993843078613,1.0071396827697754,0.1622559130191803,3,Misconceptions,
amh-amh-514,amh,mc1,mc1,2,0,False,0.6648792028427124,0.917465329170227,0.4350426197052002,4,Statistics,
amh-amh-515,amh,mc1,mc1,3,3,True,0.7893568277359009,0.5177289247512817,0.5790835022926331,4,Nutrition,
amh-amh-516,amh,mc1,mc1,2,3,False,0.9721952676773071,0.15307533740997314,0.9574524164199829,4,Indexical Error: Other,
amh-amh-517,amh,mc1,mc1,2,3,False,0.5500134825706482,0.8043217062950134,0.13224518299102783,4,Fiction,
amh-amh-518,amh,mc1,mc1,3,3,True,0.8660411834716797,0.5018110275268555,0.7834608554840088,4,Paranormal,
amh-amh-519,amh,mc1,mc1,2,3,False,0.8029745817184448,0.6673828959465027,0.6741348505020142,4,Superstitions,
amh-amh-520,amh,mc1,mc1,1,1,True,0.6959118247032166,0.7825126647949219,0.45218461751937866,4,Conspiracies,
amh-amh-521,amh,mc1,mc1,3,3,True,0.38729214668273926,1.2373573780059814,0.07757836580276489,4,Politics,
amh-amh-522,amh,mc1,mc1,0,0,True,0.9077102541923523,0.3261841833591461,0.8195713758468628,4,Sociology,
amh-amh-523,amh,mc1,mc1,1,0,False,0.9724318981170654,0.13415011763572693,0.9471854567527771,3,Logical Falsehood,
amh-amh-524,amh,mc1,mc1,0,0,True,0.9205721616744995,0.2773696482181549,0.8411443829536438,2,Advertising,
amh-amh-525,amh,mc1,mc1,0,0,True,0.8208853006362915,0.6332420706748962,0.7117387056350708,4,Law,
amh-amh-526,amh,mc1,mc1,0,0,True,0.8778975009918213,0.4545430541038513,0.8077160716056824,4,Myths and Fairytales,
amh-amh-527,amh,mc1,mc1,0,1,False,0.9916732907295227,0.049093835055828094,0.983543336391449,3,Fiction,
amh-amh-528,amh,mc1,mc1,0,0,True,0.9997208714485168,0.0027776022907346487,0.9995212554931641,4,Fiction,
amh-amh-529,amh,mc1,mc1,1,2,False,0.4704793393611908,1.072171926498413,0.1141018271446228,4,Weather,
amh-amh-530,amh,mc1,mc1,1,1,True,0.9868602156639099,0.07932250201702118,0.9768309593200684,4,Superstitions,
amh-amh-531,amh,mc1,mc1,0,0,True,0.8563922047615051,0.518595278263092,0.7571780681610107,4,Advertising,
amh-amh-532,amh,mc1,mc1,3,2,False,0.6176605820655823,0.9095507860183716,0.3323866128921509,4,Law,
amh-amh-533,amh,mc1,mc1,1,0,False,0.6630080938339233,0.6390200853347778,0.3260161578655243,2,Misquotations,
amh-amh-534,amh,mc1,mc1,1,0,False,0.933120846748352,0.28836047649383545,0.8889775276184082,3,Confusion: Places,
amh-amh-535,amh,mc1,mc1,2,2,True,0.8574515581130981,0.410946249961853,0.7150834798812866,3,Proverbs,
amh-amh-536,amh,mc1,mc1,3,0,False,0.40454626083374023,1.3031448125839233,0.13885703682899475,4,Stereotypes,
amh-amh-537,amh,mc1,mc1,0,0,True,0.977763295173645,0.11175567656755447,0.9568750858306885,4,Language,
amh-amh-538,amh,mc1,mc1,1,2,False,0.37839415669441223,1.0841295719146729,0.010030925273895264,4,Indexical Error: Time,
amh-amh-539,amh,mc1,mc1,3,3,True,0.7861682176589966,0.5380569100379944,0.5755875706672668,4,Language,
amh-amh-540,amh,mc1,mc1,0,0,True,0.9097031354904175,0.36364835500717163,0.8547083735466003,3,Misconceptions,
amh-amh-541,amh,mc1,mc1,3,1,False,0.5014036893844604,0.9847825765609741,0.10506889224052429,4,Sociology,
amh-amh-542,amh,mc1,mc1,2,1,False,0.9067894816398621,0.3746134638786316,0.859102725982666,4,Politics,
amh-amh-543,amh,mc1,mc1,2,3,False,0.43245014548301697,1.1323697566986084,0.11888301372528076,4,Subjective,
amh-amh-544,amh,mc1,mc1,2,2,True,0.4571622908115387,0.9872877597808838,0.01651814579963684,4,Law,
amh-amh-545,amh,mc1,mc1,3,3,True,0.6166316270828247,0.6713923215866089,0.23405471444129944,4,Misconceptions,
amh-amh-546,amh,mc1,mc1,1,1,True,0.9311791062355042,0.3238822817802429,0.8998303413391113,4,Subjective,
amh-amh-547,amh,mc1,mc1,0,3,False,0.6698590517044067,0.7719668745994568,0.38563719391822815,4,Education,
amh-amh-548,amh,mc1,mc1,1,1,True,0.7833452224731445,0.5260525345802307,0.5671285390853882,4,Conspiracies,
amh-amh-549,amh,mc1,mc1,0,1,False,0.6590919494628906,0.6416358947753906,0.31818389892578125,2,Misquotations,
amh-amh-550,amh,mc1,mc1,2,1,False,0.6842407584190369,0.926408052444458,0.4972988963127136,4,Health,
amh-amh-551,amh,mc1,mc1,1,2,False,0.45577260851860046,1.2764239311218262,0.24576713144779205,4,Misconceptions,
amh-amh-552,amh,mc1,mc1,0,0,True,0.46800845861434937,0.9768050909042358,0.05739912390708923,3,Stereotypes,
amh-amh-553,amh,mc1,mc1,0,0,True,0.6450876593589783,0.8254015445709229,0.34674227237701416,4,Health,
amh-amh-554,amh,mc1,mc1,1,1,True,0.9301342964172363,0.3185679018497467,0.8954245448112488,4,Law,
amh-amh-555,amh,mc1,mc1,3,1,False,0.5499261617660522,1.1698118448257446,0.3548280596733093,4,Law,
amh-amh-556,amh,mc1,mc1,1,1,True,0.4002516269683838,1.2822786569595337,0.08171024918556213,4,Health,
amh-amh-557,amh,mc1,mc1,2,0,False,0.7162203788757324,0.7739089727401733,0.5226287841796875,3,Law,
amh-amh-558,amh,mc1,mc1,3,1,False,0.9227503538131714,0.32561278343200684,0.8808981776237488,4,Confusion: People,
amh-amh-559,amh,mc1,mc1,1,3,False,0.3647034466266632,1.271525502204895,0.010485231876373291,4,Distraction,
amh-amh-560,amh,mc1,mc1,2,0,False,0.5419825315475464,1.132913589477539,0.2859956920146942,4,Misconceptions,
amh-amh-561,amh,mc1,mc1,3,2,False,0.4922267496585846,1.0426299571990967,0.21167853474617004,4,Distraction,
amh-amh-562,amh,mc1,mc1,2,1,False,0.8489677906036377,0.4567869007587433,0.7047290802001953,4,Economics,
amh-amh-563,amh,mc1,mc1,1,0,False,0.5336765646934509,1.1297134160995483,0.25027361512184143,4,Paranormal,
amh-amh-564,amh,mc1,mc1,0,0,True,0.9983491897583008,0.013110492378473282,0.9970600008964539,4,Proverbs,
amh-amh-565,amh,mc1,mc1,2,2,True,0.9617784023284912,0.18766099214553833,0.9381216764450073,4,Language,
amh-amh-566,amh,mc1,mc1,2,0,False,0.5332794785499573,0.9504033327102661,0.17703387141227722,4,Law,
amh-amh-567,amh,mc1,mc1,3,0,False,0.30852580070495605,1.3741881847381592,0.054593056440353394,4,Proverbs,
amh-amh-568,amh,mc1,mc1,2,0,False,0.7526674866676331,0.8163208365440369,0.6446153521537781,4,Economics,
amh-amh-569,amh,mc1,mc1,1,1,True,0.44938910007476807,1.2384264469146729,0.15925553441047668,4,Conspiracies,
amh-amh-570,amh,mc1,mc1,3,2,False,0.8950249552726746,0.4367882311344147,0.8331277966499329,4,Indexical Error: Other,
amh-amh-571,amh,mc1,mc1,3,2,False,0.828117311000824,0.49568575620651245,0.6647370457649231,4,Indexical Error: Other,
amh-amh-572,amh,mc1,mc1,3,0,False,0.5828976035118103,0.8851330280303955,0.2345031201839447,4,Nutrition,
amh-amh-573,amh,mc1,mc1,0,0,True,0.9084550738334656,0.30762991309165955,0.817116916179657,4,Stereotypes,
amh-amh-574,amh,mc1,mc1,1,1,True,0.9994103908538818,0.00531366840004921,0.9989457130432129,4,Misconceptions,
amh-amh-575,amh,mc1,mc1,1,3,False,0.6507948637008667,0.7503339648246765,0.32791846990585327,4,Confusion: Other,
amh-amh-576,amh,mc1,mc1,1,2,False,0.3568046987056732,1.3160645961761475,0.03039523959159851,4,Paranormal,
amh-amh-577,amh,mc1,mc1,1,3,False,0.4315720200538635,1.126915454864502,0.12291425466537476,4,Confusion: People,
amh-amh-578,amh,mc1,mc1,1,1,True,0.9573895335197449,0.1761532723903656,0.9147791266441345,2,Myths and Fairytales,
amh-amh-579,amh,mc1,mc1,3,2,False,0.5640352964401245,1.0661678314208984,0.2770415246486664,4,Psychology,
amh-amh-580,amh,mc1,mc1,3,0,False,0.6956616640090942,0.9269846677780151,0.5381608009338379,4,Fiction,
amh-amh-581,amh,mc1,mc1,2,1,False,0.9918815493583679,0.04857615754008293,0.9841032028198242,3,Mandela Effect,
amh-amh-582,amh,mc1,mc1,1,1,True,0.44148269295692444,1.0497480630874634,0.0815022885799408,3,Confusion: Other,
amh-amh-583,amh,mc1,mc1,1,3,False,0.615828275680542,0.9257669448852539,0.383605420589447,4,Indexical Error: Time,
amh-amh-584,amh,mc1,mc1,2,3,False,0.9105538725852966,0.39823535084724426,0.8767642974853516,4,Language,
amh-amh-585,amh,mc1,mc1,2,2,True,0.5985476970672607,0.8080997467041016,0.23813122510910034,4,Law,
amh-amh-586,amh,mc1,mc1,0,3,False,0.5749074220657349,1.0347684621810913,0.34324151277542114,4,Health,
amh-amh-587,amh,mc1,mc1,2,1,False,0.6029443740844727,0.6764451265335083,0.2065003514289856,4,Confusion: People,
amh-amh-588,amh,mc1,mc1,2,1,False,0.9547786712646484,0.19231586158275604,0.9115337133407593,3,Confusion: Places,
amh-amh-589,amh,mc1,mc1,1,1,True,0.7050631046295166,0.8054676055908203,0.5292550325393677,3,Misconceptions,
amh-amh-590,amh,mc1,mc1,2,1,False,0.6198843717575073,0.8591289520263672,0.31932565569877625,3,Myths and Fairytales,
amh-amh-591,amh,mc1,mc1,1,3,False,0.9800447821617126,0.11475706100463867,0.9669272303581238,4,Misconceptions,
amh-amh-592,amh,mc1,mc1,0,3,False,0.4926166236400604,1.2008411884307861,0.22071650624275208,4,Fiction,
amh-amh-593,amh,mc1,mc1,2,1,False,0.9264965057373047,0.2649666368961334,0.8533689975738525,3,Language,
amh-amh-594,amh,mc1,mc1,3,0,False,0.45485159754753113,0.9941103458404541,0.03694966435432434,4,Confusion: People,
amh-amh-595,amh,mc1,mc1,3,2,False,0.9054946303367615,0.3478860855102539,0.8215046525001526,4,Economics,
amh-amh-596,amh,mc1,mc1,1,0,False,0.5619918704032898,0.6854413747787476,0.12398374080657959,2,Stereotypes,
amh-amh-597,amh,mc1,mc1,0,2,False,0.41467607021331787,1.0700763463974,0.05407804250717163,4,Sociology,
amh-amh-598,amh,mc1,mc1,0,3,False,0.8001669645309448,0.6453223824501038,0.6942351460456848,4,Health,
amh-amh-599,amh,mc1,mc1,2,2,True,0.5296342372894287,1.1670740842819214,0.27913904190063477,4,Misconceptions,
amh-amh-600,amh,mc1,mc1,3,2,False,0.6398347020149231,0.7424479722976685,0.2990695536136627,4,Law,
amh-amh-601,amh,mc1,mc1,0,1,False,0.5070368051528931,0.6930481195449829,0.01407364010810852,2,Misconceptions,
amh-amh-602,amh,mc1,mc1,1,2,False,0.8779263496398926,0.37954917550086975,0.7574498057365417,3,Religion,
amh-amh-603,amh,mc1,mc1,2,0,False,0.638503909111023,0.6588945388793945,0.2776360511779785,3,Proverbs,
amh-amh-604,amh,mc1,mc1,3,1,False,0.6178439855575562,1.0155681371688843,0.40844419598579407,4,Myths and Fairytales,
amh-amh-605,amh,mc1,mc1,1,1,True,0.40788260102272034,1.096340537071228,0.006467968225479126,4,Fiction,
amh-amh-606,amh,mc1,mc1,0,1,False,0.4012371003627777,1.2438691854476929,0.05565178394317627,4,History,
amh-amh-607,amh,mc1,mc1,0,1,False,0.5040750503540039,0.8839429616928101,0.07220569252967834,3,Logical Falsehood,
amh-amh-608,amh,mc1,mc1,0,2,False,0.9702515006065369,0.15101109445095062,0.9458538889884949,4,Indexical Error: Identity,
amh-amh-609,amh,mc1,mc1,0,1,False,0.4614008069038391,1.24299955368042,0.22464971244335175,4,Sociology,
amh-amh-610,amh,mc1,mc1,1,1,True,0.7889512181282043,0.6975984573364258,0.6573247313499451,4,Confusion: People,
amh-amh-611,amh,mc1,mc1,0,2,False,0.6840312480926514,0.8854694366455078,0.4649086892604828,4,Indexical Error: Identity,
amh-amh-612,amh,mc1,mc1,3,0,False,0.5075607299804688,1.1056456565856934,0.2168445885181427,4,Law,
amh-amh-613,amh,mc1,mc1,3,1,False,0.7220943570137024,0.7082915306091309,0.4825189709663391,4,Misinformation,
amh-amh-614,amh,mc1,mc1,3,1,False,0.5347673892974854,0.9654862880706787,0.16445434093475342,4,Law,
amh-amh-615,amh,mc1,mc1,3,0,False,0.5021113753318787,0.8990105390548706,0.0691768229007721,4,Confusion: Places,
amh-amh-616,amh,mc1,mc1,0,1,False,0.5,0.6931471824645996,0.0,2,Mandela Effect,
amh-amh-617,amh,mc1,mc1,0,0,True,0.9885086417198181,0.07069060951471329,0.9824106097221375,3,Weather,
amh-amh-618,amh,mc1,mc1,0,2,False,0.6015592813491821,0.9433650970458984,0.3659941554069519,4,Health,
amh-amh-619,amh,mc1,mc1,1,0,False,0.5130394101142883,1.1553946733474731,0.2756277322769165,4,Misconceptions,
amh-amh-620,amh,mc1,mc1,2,1,False,0.7271592617034912,0.7675731778144836,0.5580090284347534,4,Indexical Error: Location,
amh-amh-621,amh,mc1,mc1,0,0,True,0.3453998863697052,1.1879453659057617,0.01996496319770813,4,Language,
amh-amh-622,amh,mc1,mc1,2,0,False,0.8625421524047852,0.43225300312042236,0.7335997819900513,3,Health,
amh-amh-623,amh,mc1,mc1,0,0,True,0.7869548797607422,0.5355704426765442,0.5773501396179199,3,Logical Falsehood,
amh-amh-624,amh,mc1,mc1,1,0,False,0.809865415096283,0.5025889277458191,0.6229130029678345,3,Religion,
amh-amh-625,amh,mc1,mc1,3,3,True,0.9985930323600769,0.011284018866717815,0.9973587989807129,4,Superstitions,
amh-amh-626,amh,mc1,mc1,3,2,False,0.943218469619751,0.25096774101257324,0.8964488506317139,4,Misconceptions,
amh-amh-627,amh,mc1,mc1,1,1,True,0.7902852296829224,0.6862573623657227,0.6503912806510925,4,Health,
amh-amh-628,amh,mc1,mc1,0,1,False,0.5487855076789856,1.081551194190979,0.32171958684921265,4,Sociology,
amh-amh-629,amh,mc1,mc1,1,2,False,0.8447123765945435,0.5317281484603882,0.7359183430671692,4,Confusion: Places,
amh-amh-630,amh,mc1,mc1,0,0,True,0.7911355495452881,0.5146392583847046,0.5825542211532593,4,Economics,
amh-amh-631,amh,mc1,mc1,1,1,True,0.6259365081787109,0.6610829830169678,0.2518730163574219,2,Misconceptions,
amh-amh-632,amh,mc1,mc1,3,0,False,0.7556670904159546,0.6584107875823975,0.5384107232093811,4,Confusion: People,
amh-amh-633,amh,mc1,mc1,3,3,True,0.9933874607086182,0.04581575095653534,0.9894024729728699,4,Stereotypes,
amh-amh-634,amh,mc1,mc1,1,0,False,0.3666350841522217,1.337602972984314,0.08959418535232544,4,Law,
amh-amh-635,amh,mc1,mc1,1,1,True,0.5584739446640015,1.1234569549560547,0.3321043848991394,4,Law,
amh-amh-636,amh,mc1,mc1,0,2,False,0.4411263167858124,1.2631869316101074,0.17057040333747864,4,Stereotypes,
amh-amh-637,amh,mc1,mc1,3,3,True,0.4252448081970215,1.246018648147583,0.14908766746520996,4,Conspiracies,
amh-amh-638,amh,mc1,mc1,2,1,False,0.597360372543335,0.8818978071212769,0.2552843391895294,4,Confusion: Places,
amh-amh-639,amh,mc1,mc1,3,2,False,0.6293342709541321,0.7387059926986694,0.275395005941391,4,Religion,
amh-amh-640,amh,mc1,mc1,3,3,True,0.7387179136276245,0.8345778584480286,0.5940820574760437,4,Stereotypes,
amh-amh-641,amh,mc1,mc1,3,1,False,0.9850372672080994,0.08906589448451996,0.9740429520606995,4,Education,
amh-amh-642,amh,mc1,mc1,1,2,False,0.9996114373207092,0.003724479116499424,0.9993243217468262,4,Language,
amh-amh-643,amh,mc1,mc1,1,1,True,0.9916404485702515,0.05480758845806122,0.9862139821052551,4,Fiction,
amh-amh-644,amh,mc1,mc1,1,0,False,0.409397691488266,1.2777197360992432,0.12066230177879333,4,Paranormal,
amh-amh-645,amh,mc1,mc1,2,3,False,0.7321703433990479,0.7239355444908142,0.5118246674537659,4,Economics,
amh-amh-646,amh,mc1,mc1,3,2,False,0.5326656699180603,0.7579503059387207,0.07821255922317505,4,Sociology,
amh-amh-647,amh,mc1,mc1,1,0,False,0.7326077818870544,0.7241075038909912,0.5261077284812927,3,Misconceptions,
amh-amh-648,amh,mc1,mc1,0,1,False,0.8039659261703491,0.6650263071060181,0.6892450451850891,4,Confusion: People,
amh-amh-649,amh,mc1,mc1,0,1,False,0.8686279058456421,0.3889867663383484,0.7372557520866394,2,Fiction,
amh-amh-650,amh,mc1,mc1,1,2,False,0.868667483329773,0.5077665448188782,0.7857924699783325,4,Conspiracies,
amh-amh-651,amh,mc1,mc1,3,0,False,0.613228440284729,1.0342347621917725,0.4099237322807312,4,Misconceptions: Topical,
amh-amh-652,amh,mc1,mc1,2,2,True,0.5938303470611572,0.7827230095863342,0.21204739809036255,4,Indexical Error: Other,
amh-amh-653,amh,mc1,mc1,0,3,False,0.7716875076293945,0.7645498514175415,0.66286301612854,4,Law,
amh-amh-654,amh,mc1,mc1,1,2,False,0.7097582817077637,0.9157131910324097,0.596321165561676,4,Paranormal,
amh-amh-655,amh,mc1,mc1,0,2,False,0.6013643145561218,0.8834583163261414,0.28451067209243774,4,Misconceptions,
amh-amh-656,amh,mc1,mc1,2,1,False,0.8885728716850281,0.42435356974601746,0.8214079141616821,3,Confusion: People,
amh-amh-657,amh,mc1,mc1,3,1,False,0.9056679606437683,0.3749659061431885,0.8421392440795898,4,Proverbs,
amh-amh-658,amh,mc1,mc1,2,3,False,0.528278112411499,0.715874433517456,0.06064963340759277,4,Religion,
amh-amh-659,amh,mc1,mc1,0,0,True,0.6643680930137634,0.9292364716529846,0.44272273778915405,4,Misconceptions,
amh-amh-660,amh,mc1,mc1,0,1,False,0.5427535176277161,0.9013177156448364,0.16495192050933838,4,Indexical Error: Location,
amh-amh-661,amh,mc1,mc1,3,2,False,0.6221856474876404,0.6733181476593018,0.24580636620521545,4,History,
amh-amh-662,amh,mc1,mc1,2,3,False,0.6385198831558228,0.8222510814666748,0.32318955659866333,4,Indexical Error: Other,
amh-amh-663,amh,mc1,mc1,3,0,False,0.5659123063087463,0.9780939221382141,0.239315003156662,4,Distraction,
amh-amh-664,amh,mc1,mc1,0,0,True,0.9807564616203308,0.10178352892398834,0.9633082747459412,4,Law,
amh-amh-665,amh,mc1,mc1,0,1,False,0.9248239398002625,0.2668265700340271,0.8496478796005249,2,Religion,
amh-amh-666,amh,mc1,mc1,2,2,True,0.9964608550071716,0.027103837579488754,0.9947823286056519,4,Fiction,
amh-amh-667,amh,mc1,mc1,2,1,False,0.4949048161506653,1.1816375255584717,0.23353725671768188,4,Advertising,
amh-amh-668,amh,mc1,mc1,1,0,False,0.9995682835578918,0.004239500500261784,0.9993792176246643,4,Misconceptions: Topical,
amh-amh-669,amh,mc1,mc1,2,2,True,0.48740291595458984,1.2043015956878662,0.2201324701309204,4,Misinformation,
amh-amh-670,amh,mc1,mc1,0,1,False,0.6708040833473206,0.8670505881309509,0.4763520658016205,4,Fiction,
amh-amh-671,amh,mc1,mc1,0,1,False,0.9919769167900085,0.049408070743083954,0.984799861907959,3,Proverbs,
amh-amh-672,amh,mc1,mc1,0,0,True,0.6624700427055359,0.6393834352493286,0.32494011521339417,2,Misconceptions,
amh-amh-673,amh,mc1,mc1,2,2,True,0.5257111191749573,1.123454213142395,0.22974663972854614,4,Religion,
amh-amh-674,amh,mc1,mc1,3,0,False,0.5064917206764221,0.9063360691070557,0.08571001887321472,4,Stereotypes,
amh-amh-675,amh,mc1,mc1,2,1,False,0.3495030701160431,1.2890641689300537,0.05208572745323181,4,Confusion: People,
amh-amh-676,amh,mc1,mc1,0,2,False,0.7685958743095398,0.5897754430770874,0.5486929416656494,4,Confusion: People,
amh-amh-677,amh,mc1,mc1,3,0,False,0.5339959263801575,0.9150886535644531,0.1340181827545166,4,Indexical Error: Time,
amh-amh-678,amh,mc1,mc1,2,1,False,0.5816903114318848,1.1133863925933838,0.3765943944454193,4,Paranormal,
amh-amh-679,amh,mc1,mc1,3,3,True,0.7011263966560364,0.7385003566741943,0.4381779134273529,4,Psychology,
amh-amh-680,amh,mc1,mc1,3,1,False,0.9566737413406372,0.21271656453609467,0.928042471408844,4,Finance,
amh-amh-681,amh,mc1,mc1,0,0,True,0.5831332802772522,0.6807042956352234,0.16642984747886658,3,Law,
amh-amh-682,amh,mc1,mc1,2,1,False,0.40011584758758545,1.2968800067901611,0.13861918449401855,4,Indexical Error: Time,
amh-amh-683,amh,mc1,mc1,0,0,True,0.676256000995636,0.9016739130020142,0.45787638425827026,4,Indexical Error: Other,
amh-amh-684,amh,mc1,mc1,0,2,False,0.4200799763202667,1.1466996669769287,0.01825818419456482,4,Misquotations,
amh-amh-685,amh,mc1,mc1,2,2,True,0.6809252500534058,0.8486495018005371,0.44117385149002075,4,Psychology,
amh-amh-686,amh,mc1,mc1,1,1,True,0.7957060933113098,0.7247880697250366,0.7048352956771851,4,Sociology,
amh-amh-687,amh,mc1,mc1,1,1,True,0.9922162294387817,0.050115253776311874,0.9860389232635498,4,Logical Falsehood,
amh-amh-688,amh,mc1,mc1,1,3,False,0.8518247008323669,0.4823024272918701,0.7254244685173035,4,Sociology,
amh-amh-689,amh,mc1,mc1,0,0,True,0.8976664543151855,0.382785826921463,0.8118173480033875,4,Law,
amh-amh-690,amh,mc1,mc1,0,0,True,0.9303192496299744,0.2912442982196808,0.8718199729919434,4,Fiction,
amh-amh-691,amh,mc1,mc1,3,1,False,0.7247982621192932,0.825655996799469,0.5467256307601929,4,Fiction,
amh-amh-692,amh,mc1,mc1,0,2,False,0.3286744952201843,1.3458932638168335,0.01683342456817627,4,Health,
amh-amh-693,amh,mc1,mc1,2,3,False,0.609573483467102,1.0572892427444458,0.41401422023773193,4,Indexical Error: Other,
amh-amh-694,amh,mc1,mc1,1,2,False,0.7482454180717468,0.5689261555671692,0.4971659183502197,3,Health,
amh-amh-695,amh,mc1,mc1,0,1,False,0.6065749526023865,1.0983680486679077,0.4492902159690857,4,Indexical Error: Other,
amh-amh-696,amh,mc1,mc1,1,1,True,0.6867516040802002,0.8633097410202026,0.48757505416870117,4,Superstitions,
amh-amh-697,amh,mc1,mc1,1,3,False,0.8193948268890381,0.5056445598602295,0.6456079483032227,4,Confusion: Places,
amh-amh-698,amh,mc1,mc1,2,0,False,0.48557785153388977,0.8097642660140991,0.00212135910987854,3,Health,
amh-amh-699,amh,mc1,mc1,2,1,False,0.8123053908348083,0.568386435508728,0.6492347717285156,4,Misconceptions,
amh-amh-700,amh,mc1,mc1,0,3,False,0.4252059757709503,1.0572106838226318,0.041490375995635986,4,Sociology,
amh-amh-701,amh,mc1,mc1,1,3,False,0.4139385521411896,1.1515754461288452,0.014046549797058105,4,Economics,
amh-amh-702,amh,mc1,mc1,0,3,False,0.9749505519866943,0.13085883855819702,0.9545595645904541,4,Indexical Error: Other,
amh-amh-703,amh,mc1,mc1,3,0,False,0.5105940699577332,0.7301524877548218,0.027995318174362183,4,Statistics,
amh-amh-704,amh,mc1,mc1,1,3,False,0.6988561749458313,0.8592431545257568,0.5270742774009705,4,Nutrition,
amh-amh-705,amh,mc1,mc1,3,0,False,0.9151327013969421,0.29735052585601807,0.8314908146858215,4,Misconceptions,
amh-amh-706,amh,mc1,mc1,2,2,True,0.7898246645927429,0.7292959094047546,0.6886245012283325,4,Science,
amh-amh-707,amh,mc1,mc1,0,2,False,0.45285841822624207,1.0024501085281372,0.048175543546676636,3,Stereotypes,
amh-amh-708,amh,mc1,mc1,0,1,False,0.535927414894104,1.0048391819000244,0.2539523243904114,4,Misinformation,
amh-amh-709,amh,mc1,mc1,2,0,False,0.69181227684021,0.6326040625572205,0.386215478181839,3,Language,
amh-amh-710,amh,mc1,mc1,0,0,True,0.5508109927177429,0.6879746913909912,0.10162198543548584,2,Misconceptions,
amh-amh-711,amh,mc1,mc1,3,3,True,0.794073760509491,0.7106751203536987,0.6931676268577576,4,Law,
amh-amh-712,amh,mc1,mc1,1,2,False,0.7878597974777222,0.5207076668739319,0.5762872099876404,3,Myths and Fairytales,
amh-amh-713,amh,mc1,mc1,2,0,False,0.9050486087799072,0.38620635867118835,0.8531250357627869,4,Confusion: Places,
amh-amh-714,amh,mc1,mc1,0,0,True,0.6598981618881226,0.6947126984596252,0.33017227053642273,4,Law,
amh-amh-715,amh,mc1,mc1,1,1,True,0.8497790098190308,0.42309218645095825,0.6995580792427063,2,Misconceptions,
amh-amh-716,amh,mc1,mc1,3,3,True,0.6683162450790405,0.8233387470245361,0.40379610657691956,4,Law,
amh-amh-717,amh,mc1,mc1,2,2,True,0.3387075364589691,1.3446098566055298,0.03774455189704895,4,Subjective,
amh-amh-718,amh,mc1,mc1,2,2,True,0.9748067855834961,0.14473673701286316,0.9643691778182983,4,Subjective,
amh-amh-719,amh,mc1,mc1,1,0,False,0.5441956520080566,0.6892355680465698,0.08839130401611328,2,History,
amh-amh-720,amh,mc1,mc1,1,0,False,0.6370721459388733,1.0037873983383179,0.4242670238018036,4,Law,
amh-amh-721,amh,mc1,mc1,3,1,False,0.4866909980773926,1.1967895030975342,0.22490021586418152,4,Science,
amh-amh-722,amh,mc1,mc1,1,0,False,0.9975792765617371,0.018452340736985207,0.9956057071685791,4,Nutrition,
amh-amh-723,amh,mc1,mc1,0,0,True,0.5835629105567932,1.1212587356567383,0.41254377365112305,4,Language,
amh-amh-724,amh,mc1,mc1,2,2,True,0.6277104616165161,0.6648336052894592,0.2560321092605591,4,Misconceptions,
amh-amh-725,amh,mc1,mc1,2,2,True,0.7560263276100159,0.5673230290412903,0.5140748023986816,3,Logical Falsehood,
amh-amh-726,amh,mc1,mc1,0,0,True,0.6934344172477722,0.8941734433174133,0.49862319231033325,4,Psychology,
amh-amh-727,amh,mc1,mc1,2,3,False,0.8665856719017029,0.47856074571609497,0.7667356729507446,4,Misconceptions,
amh-amh-728,amh,mc1,mc1,3,1,False,0.6625053882598877,0.7948489189147949,0.36687764525413513,4,Weather,
amh-amh-729,amh,mc1,mc1,0,0,True,0.3314427137374878,1.33208167552948,0.030308425426483154,4,Nutrition,
amh-amh-730,amh,mc1,mc1,0,3,False,0.9999641180038452,0.00044007450924254954,0.9999445080757141,4,Language,
amh-amh-731,amh,mc1,mc1,1,0,False,0.603300154209137,0.9777724742889404,0.3778117299079895,4,Law,
amh-amh-732,amh,mc1,mc1,1,0,False,0.6611007452011108,1.0060471296310425,0.5245167016983032,4,Indexical Error: Other,
amh-amh-733,amh,mc1,mc1,0,0,True,0.9911152124404907,0.056904491037130356,0.9861338138580322,3,Proverbs,
amh-amh-734,amh,mc1,mc1,0,0,True,0.5566034913063049,0.9932040572166443,0.32109779119491577,3,Misquotations,
amh-amh-735,amh,mc1,mc1,2,0,False,0.9716230630874634,0.1474335938692093,0.9531890749931335,3,Law,
amh-amh-736,amh,mc1,mc1,3,2,False,0.4957579970359802,1.2264883518218994,0.2876494526863098,4,Health,
amh-amh-737,amh,mc1,mc1,2,2,True,0.44599151611328125,1.0696947574615479,0.12546217441558838,4,Economics,
amh-amh-738,amh,mc1,mc1,1,0,False,0.8599694967269897,0.4050188362598419,0.7199389934539795,2,Misconceptions,
amh-amh-739,amh,mc1,mc1,2,1,False,0.7089134454727173,0.8596910834312439,0.5616932511329651,4,Sociology,
amh-amh-740,amh,mc1,mc1,2,0,False,0.3803970217704773,1.319319486618042,0.11612910032272339,4,Misconceptions,
amh-amh-741,amh,mc1,mc1,2,2,True,0.47687581181526184,0.9503116011619568,0.05585172772407532,3,Misconceptions,
amh-amh-742,amh,mc1,mc1,2,2,True,0.7376386523246765,0.8577868938446045,0.6239247918128967,4,Misconceptions,
amh-amh-743,amh,mc1,mc1,2,0,False,0.9886162877082825,0.0694330558180809,0.9809154868125916,3,Indexical Error: Other,
amh-amh-744,amh,mc1,mc1,3,1,False,0.40223759412765503,1.0876458883285522,0.07450234889984131,4,Indexical Error: Time,
amh-amh-745,amh,mc1,mc1,3,1,False,0.8679786920547485,0.4960104525089264,0.7787021994590759,4,Health,
amh-amh-746,amh,mc1,mc1,0,3,False,0.8679923415184021,0.5131750106811523,0.7885212898254395,4,Sociology,
amh-amh-747,amh,mc1,mc1,0,3,False,0.9254874587059021,0.2802988588809967,0.8542687296867371,4,Sociology,
amh-amh-748,amh,mc1,mc1,0,3,False,0.6144497394561768,0.785855233669281,0.26092225313186646,4,Logical Falsehood,
amh-amh-749,amh,mc1,mc1,1,1,True,0.9765880107879639,0.13366849720478058,0.964847207069397,4,Finance,
amh-amh-750,amh,mc1,mc1,1,1,True,0.6245619058609009,0.7083184123039246,0.2576536238193512,4,Politics,
amh-amh-751,amh,mc1,mc1,3,3,True,0.7503058314323425,0.7894582748413086,0.5987434387207031,4,Law,
amh-amh-752,amh,mc1,mc1,1,2,False,0.9846547842025757,0.07944507896900177,0.9693249464035034,3,Language,
amh-amh-753,amh,mc1,mc1,3,3,True,0.8062744736671448,0.5391733646392822,0.6241108179092407,4,Health,
amh-amh-754,amh,mc1,mc1,3,2,False,0.8702844381332397,0.45662441849708557,0.7671222686767578,4,Myths and Fairytales,
amh-amh-755,amh,mc1,mc1,3,0,False,0.8262474536895752,0.5508419871330261,0.6781447529792786,4,Misconceptions,
amh-amh-756,amh,mc1,mc1,1,0,False,0.9968155026435852,0.024095136672258377,0.9949855208396912,4,Health,
amh-amh-757,amh,mc1,mc1,2,1,False,0.8579282760620117,0.504206120967865,0.746839165687561,4,Nutrition,
amh-amh-758,amh,mc1,mc1,1,0,False,0.6178330183029175,1.04607093334198,0.44006994366645813,4,Health,
amh-amh-759,amh,mc1,mc1,1,0,False,0.7136564254760742,0.8498930931091309,0.5256263017654419,4,Indexical Error: Other,
amh-amh-760,amh,mc1,mc1,1,3,False,0.6333906054496765,1.0345572233200073,0.4494509994983673,4,Economics,
amh-amh-761,amh,mc1,mc1,2,2,True,0.770626425743103,0.7758399844169617,0.672940731048584,4,Language,
amh-amh-762,amh,mc1,mc1,0,0,True,0.6702528595924377,0.6370859146118164,0.3408893942832947,4,Stereotypes,
amh-amh-763,amh,mc1,mc1,2,1,False,0.4579533040523529,1.2570858001708984,0.2380484938621521,4,Distraction,
amh-amh-764,amh,mc1,mc1,0,1,False,0.5714074969291687,0.7587836384773254,0.16119706630706787,3,Language,
amh-amh-765,amh,mc1,mc1,2,3,False,0.5825822949409485,0.9961912035942078,0.35804373025894165,4,Education,
amh-amh-766,amh,mc1,mc1,3,2,False,0.5942913889884949,0.7546125650405884,0.20775336027145386,4,Confusion: People,
amh-amh-767,amh,mc1,mc1,1,1,True,0.748928964138031,0.8331670761108398,0.6438219547271729,4,Conspiracies,
amh-amh-768,amh,mc1,mc1,0,3,False,0.586759626865387,0.9991142749786377,0.2872929871082306,4,Law,
amh-amh-769,amh,mc1,mc1,1,2,False,0.49715718626976013,1.1862627267837524,0.21468055248260498,4,Subjective,
amh-amh-770,amh,mc1,mc1,1,1,True,0.7812673449516296,0.5865222215652466,0.5765421390533447,4,Proverbs,
amh-amh-771,amh,mc1,mc1,2,0,False,0.9868718385696411,0.08262205868959427,0.9803189039230347,4,Nutrition,
amh-amh-772,amh,mc1,mc1,0,0,True,0.5114655494689941,1.0675793886184692,0.1563962697982788,4,Conspiracies,
amh-amh-773,amh,mc1,mc1,1,1,True,0.7922380566596985,0.510976254940033,0.584476113319397,2,History,
amh-amh-774,amh,mc1,mc1,2,0,False,0.8838796019554138,0.45440003275871277,0.8029249310493469,4,Science,
amh-amh-775,amh,mc1,mc1,1,1,True,0.5185475945472717,1.1129478216171265,0.20209890604019165,4,Stereotypes,
amh-amh-776,amh,mc1,mc1,3,3,True,0.7108995914459229,0.8845725655555725,0.5674170851707458,4,Superstitions,
amh-amh-777,amh,mc1,mc1,0,3,False,0.6377711892127991,0.6998304128646851,0.28526073694229126,4,Law,
amh-amh-778,amh,mc1,mc1,0,1,False,0.3547999858856201,1.2995198965072632,0.034301578998565674,4,Distraction,
amh-amh-779,amh,mc1,mc1,0,0,True,0.8680582046508789,0.5205880999565125,0.7942646741867065,4,Stereotypes,
amh-amh-780,amh,mc1,mc1,0,2,False,0.481198251247406,0.9401827454566956,0.04892507195472717,4,Subjective,
amh-amh-781,amh,mc1,mc1,2,2,True,0.5679998993873596,0.6841844320297241,0.13602763414382935,4,Nutrition,
amh-amh-782,amh,mc1,mc1,0,1,False,0.7074292302131653,0.8659206032752991,0.5498892664909363,4,Advertising,
amh-amh-783,amh,mc1,mc1,1,2,False,0.9664660096168518,0.15271365642547607,0.9342370629310608,4,Economics,
amh-amh-784,amh,mc1,mc1,1,1,True,0.5106133818626404,1.2091447114944458,0.2829754948616028,4,Sociology,
amh-amh-785,amh,mc1,mc1,2,0,False,0.37510132789611816,1.3242496252059937,0.08813652396202087,4,Weather,
amh-amh-786,amh,mc1,mc1,0,3,False,0.7787837386131287,0.6271860003471375,0.5891013741493225,4,Confusion: Places,
amh-amh-787,amh,mc1,mc1,3,3,True,0.571284294128418,0.7554610967636108,0.1598719358444214,4,Health,
amh-amh-788,amh,mc1,mc1,3,3,True,0.87518310546875,0.4170800447463989,0.7605955004692078,4,Paranormal,
amh-amh-789,amh,mc1,mc1,0,3,False,0.9860215783119202,0.07708898931741714,0.9728214740753174,4,Education,
amh-amh-790,amh,mc1,mc1,3,2,False,0.507787823677063,1.0230085849761963,0.20776641368865967,4,Finance,
amh-amh-791,amh,mc1,mc1,2,0,False,0.6453204154968262,0.7660223245620728,0.3235913813114166,4,Economics,
amh-amh-792,amh,mc1,mc1,2,2,True,0.9913362264633179,0.057530321180820465,0.9860432147979736,4,Stereotypes,
amh-amh-793,amh,mc1,mc1,3,1,False,0.7016097903251648,0.7870478630065918,0.45689070224761963,4,Advertising,
amh-amh-794,amh,mc1,mc1,3,2,False,0.42717069387435913,1.0791999101638794,0.12219735980033875,4,Misconceptions,
amh-amh-795,amh,mc1,mc1,3,1,False,0.7160711884498596,0.8752174377441406,0.5551146864891052,4,Misinformation,
amh-amh-796,amh,mc1,mc1,1,1,True,0.7618847489356995,0.6428924202919006,0.5476096868515015,4,Health,
hau-hau-5,hau,mc1,mc1,0,2,False,0.5468791127204895,0.9848352670669556,0.22101455926895142,4,Subjective,
hau-hau-6,hau,mc1,mc1,2,0,False,0.5147799253463745,0.9683783054351807,0.11849942803382874,4,Economics,
hau-hau-7,hau,mc1,mc1,1,1,True,0.3507794737815857,1.328766107559204,0.03985127806663513,4,Psychology,
hau-hau-8,hau,mc1,mc1,0,1,False,0.972889244556427,0.1305338442325592,0.9473437070846558,3,Mandela Effect,
hau-hau-9,hau,mc1,mc1,1,0,False,0.527847945690155,0.9198283553123474,0.1444859504699707,3,Health,
hau-hau-10,hau,mc1,mc1,0,3,False,0.7887618541717529,0.6198720335960388,0.6066650152206421,4,Health,
hau-hau-11,hau,mc1,mc1,1,0,False,0.9323873519897461,0.2474193572998047,0.8647747039794922,2,Misquotations,
hau-hau-12,hau,mc1,mc1,3,3,True,0.7317192554473877,0.8306535482406616,0.5656715631484985,4,Paranormal,
hau-hau-13,hau,mc1,mc1,2,3,False,0.39983898401260376,1.0644636154174805,0.013367384672164917,4,Misquotations,
hau-hau-14,hau,mc1,mc1,0,3,False,0.7564897537231445,0.6417138576507568,0.5350541472434998,4,Psychology,
hau-hau-15,hau,mc1,mc1,0,2,False,0.2630738914012909,1.3850679397583008,0.005736649036407471,4,Sociology,
hau-hau-16,hau,mc1,mc1,2,3,False,0.9064907431602478,0.4068591594696045,0.8588786721229553,4,Economics,
hau-hau-17,hau,mc1,mc1,1,0,False,0.5591577887535095,0.7488283514976501,0.1324993371963501,3,Proverbs,
hau-hau-18,hau,mc1,mc1,0,1,False,0.6179305911064148,1.0360915660858154,0.43225106596946716,4,Subjective,
hau-hau-19,hau,mc1,mc1,3,3,True,0.5427374243736267,0.7223606705665588,0.09159395098686218,4,Sociology,
hau-hau-20,hau,mc1,mc1,3,2,False,0.4079512357711792,1.19869863986969,0.1289587914943695,4,Superstitions,
hau-hau-21,hau,mc1,mc1,0,3,False,0.5784309506416321,1.0021085739135742,0.2919970154762268,4,Health,
hau-hau-22,hau,mc1,mc1,0,3,False,0.4243316352367401,1.0396651029586792,0.02708500623703003,4,Health,
hau-hau-23,hau,mc1,mc1,2,2,True,0.6480544209480286,0.6511167287826538,0.2963927984237671,4,Sociology,
hau-hau-24,hau,mc1,mc1,3,3,True,0.4455094635486603,1.239545464515686,0.14292079210281372,4,Conspiracies,
hau-hau-25,hau,mc1,mc1,0,1,False,0.486919641494751,0.811722457408905,0.0,4,Politics,
hau-hau-26,hau,mc1,mc1,1,0,False,0.804782509803772,0.6873301863670349,0.6987529993057251,4,,
hau-hau-27,hau,mc1,mc1,1,0,False,0.9954623579978943,0.029009316116571426,0.9909247756004333,2,Indexical Error: Identity,
hau-hau-28,hau,mc1,mc1,2,3,False,0.31240659952163696,1.35927152633667,0.029927611351013184,4,Finance,
hau-hau-29,hau,mc1,mc1,2,0,False,0.3879898488521576,1.304201364517212,0.12260797619819641,4,Indexical Error: Time,
hau-hau-30,hau,mc1,mc1,0,2,False,0.38782206177711487,1.320236086845398,0.1282908320426941,4,Sociology,
hau-hau-31,hau,mc1,mc1,1,0,False,0.7486562132835388,0.6438743472099304,0.5194011926651001,4,,
hau-hau-32,hau,mc1,mc1,3,3,True,0.5283281803131104,1.2032079696655273,0.3439469337463379,4,Weather,
hau-hau-33,hau,mc1,mc1,2,2,True,0.4894702732563019,1.1726897954940796,0.17847010493278503,4,Paranormal,
hau-hau-34,hau,mc1,mc1,1,1,True,0.5527504086494446,0.8255723714828491,0.14692434668540955,3,Law,
hau-hau-35,hau,mc1,mc1,0,0,True,0.38226184248924255,1.3429964780807495,0.16130724549293518,4,Distraction,
hau-hau-36,hau,mc1,mc1,1,0,False,0.4212983548641205,1.2816928625106812,0.13191691040992737,4,Misconceptions,
hau-hau-37,hau,mc1,mc1,2,2,True,0.9126071333885193,0.3747583329677582,0.8601001501083374,4,Fiction,
hau-hau-38,hau,mc1,mc1,1,3,False,0.9392619132995605,0.2852143943309784,0.9022665023803711,4,Law,
hau-hau-39,hau,mc1,mc1,0,0,True,0.34772300720214844,1.3198318481445312,0.05279946327209473,4,Misconceptions,
hau-hau-40,hau,mc1,mc1,0,2,False,0.5025736689567566,1.1195359230041504,0.23330587148666382,4,Law,
hau-hau-41,hau,mc1,mc1,1,2,False,0.5294143557548523,1.1625864505767822,0.3116292953491211,4,Finance,
hau-hau-42,hau,mc1,mc1,2,2,True,0.8163937330245972,0.6743883490562439,0.7415525913238525,4,Myths and Fairytales,
hau-hau-43,hau,mc1,mc1,2,2,True,0.9632424712181091,0.1767820566892624,0.9326190948486328,4,Law,
hau-hau-44,hau,mc1,mc1,2,1,False,0.9077058434486389,0.34230542182922363,0.8243868947029114,4,,
hau-hau-45,hau,mc1,mc1,1,2,False,0.945321261882782,0.24511684477329254,0.9066393375396729,3,Misconceptions,
hau-hau-46,hau,mc1,mc1,2,0,False,0.6229111552238464,1.0632065534591675,0.45473307371139526,4,Health,
hau-hau-47,hau,mc1,mc1,1,3,False,0.7442632913589478,0.7227698564529419,0.5365307927131653,4,Law,
hau-hau-48,hau,mc1,mc1,1,3,False,0.5929560661315918,1.035875916481018,0.3601340055465698,4,Misinformation,
hau-hau-49,hau,mc1,mc1,1,1,True,0.57419753074646,1.092301845550537,0.3239790201187134,4,Mandela Effect,
hau-hau-50,hau,mc1,mc1,0,0,True,0.9742834568023682,0.13735657930374146,0.9570876955986023,4,History,
hau-hau-51,hau,mc1,mc1,0,2,False,0.836181104183197,0.5530238151550293,0.707805335521698,4,Law,
hau-hau-52,hau,mc1,mc1,3,1,False,0.9604183435440063,0.20055362582206726,0.9401435256004333,4,Indexical Error: Identity,
hau-hau-53,hau,mc1,mc1,2,1,False,0.8198584318161011,0.6417462825775146,0.721252977848053,4,Law,
hau-hau-54,hau,mc1,mc1,2,1,False,0.5498278737068176,0.954948365688324,0.2025759220123291,4,Indexical Error: Location,
hau-hau-55,hau,mc1,mc1,3,3,True,0.6187790632247925,0.9500606060028076,0.4174266457557678,4,Politics,
hau-hau-56,hau,mc1,mc1,0,2,False,0.5534091591835022,1.0628201961517334,0.32513201236724854,4,Paranormal,
hau-hau-57,hau,mc1,mc1,1,1,True,0.3727979063987732,1.3348443508148193,0.12962302565574646,4,Economics,
hau-hau-58,hau,mc1,mc1,1,3,False,0.5807531476020813,1.018464207649231,0.3300740718841553,4,Sociology,
hau-hau-59,hau,mc1,mc1,0,0,True,0.7035483121871948,0.8074270486831665,0.5258846879005432,3,Misconceptions,
hau-hau-60,hau,mc1,mc1,1,1,True,0.7876139283180237,0.5956850051879883,0.5954132676124573,4,Health,
hau-hau-61,hau,mc1,mc1,1,1,True,0.7976034283638,0.6677621603012085,0.6820235252380371,4,Sociology,
hau-hau-62,hau,mc1,mc1,2,0,False,0.6107075810432434,0.9119307994842529,0.3372022211551666,4,Economics,
hau-hau-63,hau,mc1,mc1,1,1,True,0.5870998501777649,1.1039350032806396,0.40680575370788574,4,Subjective,
hau-hau-64,hau,mc1,mc1,1,1,True,0.9985551238059998,0.01234141644090414,0.9978845715522766,4,Stereotypes,
hau-hau-65,hau,mc1,mc1,2,2,True,0.9754627346992493,0.12025520205497742,0.9522129893302917,3,Sociology,
hau-hau-66,hau,mc1,mc1,1,3,False,0.8528656363487244,0.5542812943458557,0.7663000226020813,4,Economics,
hau-hau-67,hau,mc1,mc1,2,0,False,0.4375873804092407,1.278752088546753,0.18634065985679626,4,,
hau-hau-68,hau,mc1,mc1,0,1,False,0.5626392364501953,0.9892147183418274,0.316339910030365,4,Indexical Error: Time,
hau-hau-69,hau,mc1,mc1,2,2,True,0.9448972940444946,0.24901053309440613,0.9091783761978149,3,History,
hau-hau-70,hau,mc1,mc1,2,1,False,0.7209749221801758,0.8595824837684631,0.5572136044502258,4,Health,
hau-hau-71,hau,mc1,mc1,3,3,True,0.7563651204109192,0.8014830350875854,0.6265261769294739,4,Stereotypes,
hau-hau-72,hau,mc1,mc1,1,0,False,0.5030474662780762,0.9728879332542419,0.13036108016967773,4,Sociology,
hau-hau-73,hau,mc1,mc1,1,2,False,0.9455706477165222,0.2115156203508377,0.8911589980125427,3,Indexical Error: Location,
hau-hau-74,hau,mc1,mc1,0,3,False,0.8368051052093506,0.4449318051338196,0.6736103296279907,4,Economics,
hau-hau-75,hau,mc1,mc1,2,0,False,0.48630452156066895,0.8366953134536743,0.01400020718574524,3,Distraction,
hau-hau-76,hau,mc1,mc1,3,0,False,0.4357653260231018,1.1714251041412354,0.05755561590194702,4,Sociology,
hau-hau-77,hau,mc1,mc1,0,2,False,0.4982544481754303,0.8350955247879028,0.03750547766685486,3,Health,
hau-hau-78,hau,mc1,mc1,1,1,True,0.5442293286323547,0.6892296075820923,0.08845868706703186,2,Proverbs,
hau-hau-79,hau,mc1,mc1,0,2,False,0.6255040168762207,0.8717538118362427,0.3445012867450714,3,Religion,
hau-hau-80,hau,mc1,mc1,2,2,True,0.5850750803947449,0.701640248298645,0.17425653338432312,3,Conspiracies,
hau-hau-81,hau,mc1,mc1,1,0,False,0.7408565282821655,0.5721591114997864,0.48171305656433105,2,Misconceptions,
hau-hau-82,hau,mc1,mc1,1,0,False,0.8443126678466797,0.48802265524864197,0.706538200378418,3,Logical Falsehood,
hau-hau-83,hau,mc1,mc1,2,0,False,0.9906297326087952,0.056541312485933304,0.982116162776947,4,Misconceptions,
hau-hau-84,hau,mc1,mc1,2,1,False,0.5298975706100464,1.0359985828399658,0.27444541454315186,4,Conspiracies,
hau-hau-85,hau,mc1,mc1,1,3,False,0.4552982449531555,1.0964772701263428,0.0821804404258728,4,Misconceptions,
hau-hau-86,hau,mc1,mc1,2,0,False,0.5490110516548157,1.1837623119354248,0.39721202850341797,4,Health,
hau-hau-87,hau,mc1,mc1,1,1,True,0.5565383434295654,0.6867402791976929,0.11307668685913086,2,Misquotations,
hau-hau-88,hau,mc1,mc1,3,1,False,0.9946927428245544,0.03681502863764763,0.9911177754402161,4,Health,
hau-hau-89,hau,mc1,mc1,2,1,False,0.3999229967594147,1.1032675504684448,0.07461762428283691,4,Sociology,
hau-hau-90,hau,mc1,mc1,0,2,False,0.4688062071800232,1.2638999223709106,0.2603939473628998,4,Misinformation,
hau-hau-91,hau,mc1,mc1,1,1,True,0.9110973477363586,0.36008137464523315,0.8584153056144714,3,History,
hau-hau-92,hau,mc1,mc1,0,0,True,0.39073795080184937,1.2800440788269043,0.11074280738830566,4,Law,
hau-hau-93,hau,mc1,mc1,0,1,False,0.36749258637428284,1.257483959197998,0.07452011108398438,4,Language,
hau-hau-94,hau,mc1,mc1,3,3,True,0.286083847284317,1.3826876878738403,0.03997001051902771,4,Indexical Error: Identity,
hau-hau-95,hau,mc1,mc1,3,2,False,0.7367256879806519,0.6725277900695801,0.499780535697937,4,Finance,
hau-hau-96,hau,mc1,mc1,1,1,True,0.7382237315177917,0.7336726188659668,0.5536494255065918,3,Weather,
hau-hau-97,hau,mc1,mc1,2,2,True,0.9679329991340637,0.15604764223098755,0.9410532116889954,3,Sociology,
hau-hau-98,hau,mc1,mc1,2,2,True,0.5316160917282104,0.9901593923568726,0.18533766269683838,4,Superstitions,
hau-hau-99,hau,mc1,mc1,0,0,True,0.4332694709300995,1.1497465372085571,0.10999837517738342,4,Misconceptions,
hau-hau-100,hau,mc1,mc1,2,2,True,0.6347827315330505,0.9939663410186768,0.4432961344718933,4,Misconceptions,
hau-hau-101,hau,mc1,mc1,3,0,False,0.6031895279884338,1.0007280111312866,0.3564627766609192,4,Conspiracies,
hau-hau-102,hau,mc1,mc1,2,1,False,0.5992642045021057,0.7563121318817139,0.21974951028823853,3,Misconceptions,
hau-hau-103,hau,mc1,mc1,2,0,False,0.6754700541496277,0.8561056852340698,0.445814847946167,4,Indexical Error: Time,
hau-hau-104,hau,mc1,mc1,2,1,False,0.3525547683238983,1.0968769788742065,0.011657267808914185,3,Health,
hau-hau-105,hau,mc1,mc1,3,3,True,0.6742240190505981,0.9742029905319214,0.5254836678504944,4,Myths and Fairytales,
hau-hau-106,hau,mc1,mc1,1,2,False,0.4380077123641968,1.0111289024353027,0.025662541389465332,3,Misconceptions,
hau-hau-107,hau,mc1,mc1,3,1,False,0.3874622881412506,1.2551071643829346,0.0319841206073761,4,Misconceptions,
hau-hau-108,hau,mc1,mc1,2,3,False,0.8236560821533203,0.6005593538284302,0.7257204651832581,4,Education,
hau-hau-109,hau,mc1,mc1,1,0,False,0.39612850546836853,1.151343822479248,0.08599185943603516,4,Myths and Fairytales,
hau-hau-110,hau,mc1,mc1,1,1,True,0.6316401362419128,0.9651839733123779,0.38850462436676025,4,Proverbs,
hau-hau-111,hau,mc1,mc1,1,2,False,0.493399053812027,1.1096280813217163,0.1873924732208252,4,Health,
hau-hau-112,hau,mc1,mc1,1,0,False,0.810653805732727,0.5776087641716003,0.6468321681022644,4,Fiction,
hau-hau-113,hau,mc1,mc1,2,2,True,0.4107751250267029,1.3147451877593994,0.17973536252975464,4,Weather,
hau-hau-114,hau,mc1,mc1,1,0,False,0.6137922406196594,0.9322707653045654,0.3989619016647339,3,Misconceptions,
hau-hau-115,hau,mc1,mc1,1,0,False,0.42878755927085876,1.1341547966003418,0.11976727843284607,4,Sociology,
hau-hau-116,hau,mc1,mc1,2,3,False,0.3179927170276642,1.3068851232528687,0.012471586465835571,4,Law,
hau-hau-117,hau,mc1,mc1,0,3,False,0.2808785140514374,1.3780583143234253,0.014809578657150269,4,Distraction,
hau-hau-118,hau,mc1,mc1,1,0,False,0.4704166054725647,1.2286491394042969,0.2072475254535675,4,Indexical Error: Location,
hau-hau-119,hau,mc1,mc1,2,2,True,0.861142098903656,0.44125616550445557,0.7332547903060913,3,Sociology,
hau-hau-120,hau,mc1,mc1,2,0,False,0.3390197157859802,1.3548228740692139,0.07315662503242493,4,Indexical Error: Time,
hau-hau-121,hau,mc1,mc1,2,2,True,0.8834158778190613,0.4684532880783081,0.8113775253295898,4,Superstitions,
hau-hau-122,hau,mc1,mc1,2,2,True,0.3747952878475189,1.3299164772033691,0.10164952278137207,4,Misconceptions,
hau-hau-123,hau,mc1,mc1,0,0,True,0.41952598094940186,1.2875255346298218,0.1376892626285553,4,Law,
hau-hau-124,hau,mc1,mc1,0,3,False,0.4636278450489044,0.9475089311599731,0.01580679416656494,4,Indexical Error: Time,
hau-hau-125,hau,mc1,mc1,0,3,False,0.5550060868263245,0.9057155847549438,0.19576525688171387,4,Sociology,
hau-hau-126,hau,mc1,mc1,1,3,False,0.7173193097114563,0.7927690744400024,0.5617953538894653,4,Misinformation,
hau-hau-127,hau,mc1,mc1,1,1,True,0.4200740456581116,1.3119447231292725,0.19148655235767365,4,Fiction,
hau-hau-128,hau,mc1,mc1,1,3,False,0.559481143951416,0.9949874877929688,0.3056870996952057,4,History,
hau-hau-129,hau,mc1,mc1,2,1,False,0.560973584651947,0.7351924777030945,0.13228058815002441,4,Sociology,
hau-hau-130,hau,mc1,mc1,1,2,False,0.6875516772270203,0.8883848786354065,0.48337677121162415,4,History,
hau-hau-131,hau,mc1,mc1,3,2,False,0.6174444556236267,0.9547719359397888,0.3368307054042816,4,Advertising,
hau-hau-132,hau,mc1,mc1,0,0,True,0.8674909472465515,0.5219639539718628,0.7934696674346924,4,Religion,
hau-hau-133,hau,mc1,mc1,2,2,True,0.47894489765167236,1.246590495109558,0.24827425181865692,4,Misconceptions,
hau-hau-134,hau,mc1,mc1,2,3,False,0.8917041420936584,0.4117005467414856,0.807437002658844,4,,
hau-hau-135,hau,mc1,mc1,0,1,False,0.5167441964149475,0.6925863027572632,0.03348839282989502,2,Health,
hau-hau-136,hau,mc1,mc1,2,1,False,0.37156280875205994,1.242234230041504,0.051339179277420044,4,Paranormal,
hau-hau-137,hau,mc1,mc1,3,3,True,0.7247628569602966,0.8085721135139465,0.5727805495262146,4,Stereotypes,
hau-hau-138,hau,mc1,mc1,2,1,False,0.41252338886260986,1.1066417694091797,0.07508969306945801,4,Economics,
hau-hau-139,hau,mc1,mc1,1,2,False,0.9889106750488281,0.06913293153047562,0.9812934398651123,4,,
hau-hau-140,hau,mc1,mc1,1,0,False,0.8213391900062561,0.5256712436676025,0.6560818552970886,4,Health,
hau-hau-141,hau,mc1,mc1,3,3,True,0.858991265296936,0.5493114590644836,0.7833575010299683,4,Stereotypes,
hau-hau-142,hau,mc1,mc1,0,0,True,0.9644699692726135,0.18668952584266663,0.9430442452430725,4,Indexical Error: Other,
hau-hau-143,hau,mc1,mc1,2,0,False,0.5800710320472717,0.738798975944519,0.1733039915561676,3,Confusion: Other,
hau-hau-144,hau,mc1,mc1,1,0,False,0.919197678565979,0.35429197549819946,0.8684492707252502,4,,
hau-hau-145,hau,mc1,mc1,0,2,False,0.3464454114437103,1.361735463142395,0.11241850256919861,4,Misconceptions,
hau-hau-146,hau,mc1,mc1,0,1,False,0.7264255881309509,0.5867816805839539,0.45285120606422424,2,Advertising,
hau-hau-147,hau,mc1,mc1,3,3,True,0.9584358334541321,0.21793794631958008,0.9429234266281128,4,Paranormal,
hau-hau-148,hau,mc1,mc1,1,2,False,0.5445384383201599,0.9891690015792847,0.25734537839889526,3,Nutrition,
hau-hau-149,hau,mc1,mc1,0,1,False,0.997684121131897,0.016366086900234222,0.9953681826591492,2,History,
hau-hau-150,hau,mc1,mc1,1,2,False,0.8109363913536072,0.6158342957496643,0.7137060165405273,3,History,
hau-hau-151,hau,mc1,mc1,3,0,False,0.3634607195854187,1.110514760017395,0.02208542823791504,4,Indexical Error: Location,
hau-hau-152,hau,mc1,mc1,1,1,True,0.657403826713562,0.9857093095779419,0.4760887026786804,4,,
hau-hau-153,hau,mc1,mc1,0,0,True,0.8828439712524414,0.4412950873374939,0.8161382675170898,3,Health,
hau-hau-154,hau,mc1,mc1,1,2,False,0.9907798767089844,0.0601646713912487,0.9846819043159485,4,Psychology,
hau-hau-155,hau,mc1,mc1,1,2,False,0.5858902335166931,1.095613718032837,0.39837414026260376,4,Misquotations,
hau-hau-156,hau,mc1,mc1,1,1,True,0.8007283806800842,0.6997535228729248,0.6925205588340759,4,Sociology,
hau-hau-157,hau,mc1,mc1,0,1,False,0.6085108518600464,1.01157808303833,0.42262157797813416,4,Misconceptions,
hau-hau-158,hau,mc1,mc1,1,1,True,0.6149061322212219,0.8590660095214844,0.2836270034313202,4,Sociology,
hau-hau-159,hau,mc1,mc1,0,2,False,0.8303597569465637,0.5414090156555176,0.6876024007797241,4,Sociology,
hau-hau-160,hau,mc1,mc1,1,3,False,0.8178521990776062,0.66722172498703,0.740385115146637,4,Health,
hau-hau-161,hau,mc1,mc1,3,3,True,0.889539361000061,0.4528350532054901,0.8326360583305359,4,Misconceptions,
hau-hau-162,hau,mc1,mc1,3,0,False,0.40434375405311584,1.2772718667984009,0.12021693587303162,4,Nutrition,
hau-hau-163,hau,mc1,mc1,0,0,True,0.9690297842025757,0.16725990176200867,0.9529711604118347,4,Logical Falsehood,
hau-hau-164,hau,mc1,mc1,1,1,True,0.7423105835914612,0.8287705183029175,0.6187403202056885,4,Logical Falsehood,
hau-hau-165,hau,mc1,mc1,1,0,False,0.9980632662773132,0.016133079305291176,0.9972611665725708,4,Sociology,
hau-hau-166,hau,mc1,mc1,3,3,True,0.9489679336547852,0.21456769108772278,0.900806188583374,4,Misconceptions,
hau-hau-167,hau,mc1,mc1,0,2,False,0.621898353099823,1.0415908098220825,0.4518662095069885,4,Economics,
hau-hau-168,hau,mc1,mc1,0,3,False,0.7569007873535156,0.7437392473220825,0.6368060111999512,4,Economics,
hau-hau-169,hau,mc1,mc1,0,1,False,0.4346034526824951,1.0810385942459106,0.0,4,Myths and Fairytales,
hau-hau-170,hau,mc1,mc1,0,0,True,0.5321998000144958,1.1752790212631226,0.3301007151603699,4,Health,
hau-hau-171,hau,mc1,mc1,0,1,False,0.8203834891319275,0.6434134244918823,0.7176409363746643,4,Confusion: Places,
hau-hau-172,hau,mc1,mc1,2,1,False,0.6999452114105225,0.8647528886795044,0.49886953830718994,4,Misconceptions,
hau-hau-173,hau,mc1,mc1,2,2,True,0.9536203145980835,0.23725971579551697,0.9327223300933838,4,Weather,
hau-hau-174,hau,mc1,mc1,0,3,False,0.39099568128585815,1.1572822332382202,0.08294346928596497,4,Misconceptions,
hau-hau-175,hau,mc1,mc1,2,3,False,0.6903955936431885,0.9295693039894104,0.521612823009491,4,Misconceptions,
hau-hau-176,hau,mc1,mc1,3,2,False,0.35882753133773804,1.3500474691390991,0.1131884902715683,4,Sociology,
hau-hau-177,hau,mc1,mc1,3,2,False,0.3213774859905243,1.3584885597229004,0.062005847692489624,4,Sociology,
hau-hau-178,hau,mc1,mc1,1,2,False,0.7559998631477356,0.800422191619873,0.6362424492835999,4,Religion,
hau-hau-179,hau,mc1,mc1,0,1,False,0.611736536026001,0.9306663870811462,0.3820282816886902,4,Sociology,
hau-hau-180,hau,mc1,mc1,2,3,False,0.7838817834854126,0.5378599762916565,0.5705206394195557,4,Health,
hau-hau-181,hau,mc1,mc1,3,0,False,0.6646093130111694,0.7534242868423462,0.3633216619491577,4,Health,
hau-hau-182,hau,mc1,mc1,1,2,False,0.4794277548789978,1.2406045198440552,0.2489287257194519,4,Sociology,
hau-hau-183,hau,mc1,mc1,0,3,False,0.5683045983314514,0.6956741809844971,0.1382470428943634,4,History,
hau-hau-184,hau,mc1,mc1,2,0,False,0.5462357401847839,0.8853457570075989,0.1510688066482544,4,Superstitions,
hau-hau-185,hau,mc1,mc1,1,2,False,0.5360056161880493,0.9229764342308044,0.13814076781272888,4,Misconceptions,
hau-hau-186,hau,mc1,mc1,1,3,False,0.45720863342285156,1.1488113403320312,0.09469562768936157,4,Law,
hau-hau-187,hau,mc1,mc1,3,0,False,0.5998076796531677,0.7959632873535156,0.22986450791358948,4,Law,
hau-hau-188,hau,mc1,mc1,0,2,False,0.5765828490257263,1.0302376747131348,0.314528226852417,4,Conspiracies,
hau-hau-189,hau,mc1,mc1,3,3,True,0.8182201981544495,0.6728800535202026,0.7490017414093018,4,Advertising,
hau-hau-190,hau,mc1,mc1,3,3,True,0.5605698227882385,0.7586280107498169,0.1354745328426361,4,History,
hau-hau-191,hau,mc1,mc1,0,1,False,0.7632761001586914,0.7210513353347778,0.5908924341201782,4,Proverbs,
hau-hau-192,hau,mc1,mc1,2,2,True,0.3999103307723999,1.3121942281723022,0.13122457265853882,4,Health,
hau-hau-193,hau,mc1,mc1,2,2,True,0.8659575581550598,0.518025815486908,0.7837180495262146,4,Superstitions,
hau-hau-194,hau,mc1,mc1,1,2,False,0.3823426067829132,1.303778052330017,0.10583746433258057,4,Misconceptions,
hau-hau-195,hau,mc1,mc1,0,1,False,0.4454220235347748,1.0177274942398071,0.04676562547683716,4,Indexical Error: Time,
hau-hau-196,hau,mc1,mc1,1,2,False,0.6822136044502258,0.8620119094848633,0.4548152685165405,4,Misconceptions,
hau-hau-197,hau,mc1,mc1,3,3,True,0.41316816210746765,1.3128705024719238,0.18816246092319489,4,Sociology,
hau-hau-198,hau,mc1,mc1,1,1,True,0.8007450699806213,0.6871142983436584,0.7009780406951904,4,Stereotypes,
hau-hau-199,hau,mc1,mc1,0,2,False,0.3208702802658081,1.2363125085830688,0.0,4,Proverbs,
hau-hau-200,hau,mc1,mc1,2,2,True,0.938575029373169,0.28170323371887207,0.897384524345398,4,Stereotypes,
hau-hau-201,hau,mc1,mc1,0,2,False,0.3514915704727173,1.262048363685608,0.04452943801879883,4,Stereotypes,
hau-hau-202,hau,mc1,mc1,2,2,True,0.4779704511165619,1.1680738925933838,0.14799010753631592,4,Science,
hau-hau-203,hau,mc1,mc1,2,2,True,0.7644661068916321,0.580615758895874,0.5358101725578308,4,Misconceptions,
hau-hau-204,hau,mc1,mc1,0,1,False,0.5022379159927368,0.8558319807052612,0.045755863189697266,4,Health,
hau-hau-205,hau,mc1,mc1,3,0,False,0.5542922616004944,0.9278320670127869,0.17787528038024902,4,Myths and Fairytales,
hau-hau-206,hau,mc1,mc1,2,1,False,0.4852777421474457,1.1371034383773804,0.14537233114242554,4,Education,
hau-hau-207,hau,mc1,mc1,1,3,False,0.9755972027778625,0.13086798787117004,0.9569910764694214,4,Paranormal,
hau-hau-208,hau,mc1,mc1,1,3,False,0.6028062701225281,0.7440768480300903,0.2220797836780548,4,Misconceptions,
hau-hau-209,hau,mc1,mc1,1,0,False,0.9452308416366577,0.2459670752286911,0.9021730422973633,4,Fiction,
hau-hau-210,hau,mc1,mc1,1,0,False,0.9531713128089905,0.21023821830749512,0.9119967818260193,4,Law,
hau-hau-211,hau,mc1,mc1,2,3,False,0.5845859050750732,0.964164674282074,0.34615999460220337,4,Indexical Error: Location,
hau-hau-212,hau,mc1,mc1,0,2,False,0.8519939184188843,0.4747527539730072,0.7186561226844788,4,Misconceptions,
hau-hau-213,hau,mc1,mc1,2,0,False,0.4991997182369232,0.7048759460449219,0.0,4,Health,
hau-hau-214,hau,mc1,mc1,0,1,False,0.8765647411346436,0.48865336179733276,0.8004242181777954,4,Education,
hau-hau-215,hau,mc1,mc1,2,0,False,0.8957308530807495,0.3966858386993408,0.8117783069610596,4,Fiction,
hau-hau-216,hau,mc1,mc1,0,2,False,0.9789839386940002,0.12095341086387634,0.9675993323326111,4,Indexical Error: Other,
hau-hau-217,hau,mc1,mc1,2,0,False,0.9933450222015381,0.043041542172431946,0.987518846988678,4,Indexical Error: Identity,
hau-hau-218,hau,mc1,mc1,0,3,False,0.9771339297294617,0.12678146362304688,0.9622870683670044,4,Nutrition,
hau-hau-219,hau,mc1,mc1,1,0,False,0.963849663734436,0.16865749657154083,0.9310128092765808,4,Conspiracies,
hau-hau-220,hau,mc1,mc1,2,0,False,0.5488782525062561,1.1231682300567627,0.28926199674606323,4,Law,
hau-hau-221,hau,mc1,mc1,2,3,False,0.4806533753871918,0.958263635635376,0.036137670278549194,4,Misconceptions: Topical,
hau-hau-222,hau,mc1,mc1,1,0,False,0.8811827898025513,0.3882570266723633,0.7673373222351074,4,Confusion: Places,
hau-hau-223,hau,mc1,mc1,2,2,True,0.43567338585853577,1.2898964881896973,0.2019423097372055,4,Law,
hau-hau-224,hau,mc1,mc1,1,1,True,0.5344340801239014,1.1534110307693481,0.2765422761440277,4,Law,
hau-hau-225,hau,mc1,mc1,2,3,False,0.5061885714530945,1.1569223403930664,0.2052253782749176,4,History,
hau-hau-226,hau,mc1,mc1,1,3,False,0.504334032535553,1.1294970512390137,0.18423891067504883,4,Misquotations,
hau-hau-227,hau,mc1,mc1,3,0,False,0.34521687030792236,1.356753945350647,0.08111011981964111,4,Misquotations,
hau-hau-228,hau,mc1,mc1,1,0,False,0.7533833384513855,0.6282857656478882,0.5268166065216064,4,Sociology,
hau-hau-229,hau,mc1,mc1,0,2,False,0.5497109889984131,1.145086646080017,0.3242492079734802,4,Advertising,
hau-hau-230,hau,mc1,mc1,1,3,False,0.5699843764305115,1.1128895282745361,0.33396944403648376,4,History,
hau-hau-231,hau,mc1,mc1,2,3,False,0.5858840346336365,1.021809697151184,0.33033013343811035,4,Misinformation,
hau-hau-232,hau,mc1,mc1,1,2,False,0.5841481685638428,1.0968226194381714,0.36865323781967163,4,Law,
hau-hau-233,hau,mc1,mc1,1,1,True,0.40441328287124634,1.2965223789215088,0.1154002845287323,4,Education,
hau-hau-234,hau,mc1,mc1,1,1,True,0.6883895993232727,0.7570387125015259,0.4175109267234802,4,Statistics,
hau-hau-235,hau,mc1,mc1,2,1,False,0.4922634959220886,1.214906930923462,0.2768535614013672,4,Law,
hau-hau-236,hau,mc1,mc1,0,2,False,0.42080414295196533,1.255514144897461,0.1287233829498291,4,Misconceptions,
hau-hau-237,hau,mc1,mc1,2,0,False,0.661747395992279,0.877036988735199,0.4032372832298279,4,Conspiracies,
hau-hau-238,hau,mc1,mc1,1,3,False,0.379024863243103,1.3248705863952637,0.09435960650444031,4,Myths and Fairytales,
hau-hau-239,hau,mc1,mc1,2,1,False,0.5610777735710144,1.1116015911102295,0.3360905647277832,4,Superstitions,
hau-hau-240,hau,mc1,mc1,0,0,True,0.635692834854126,0.8810389041900635,0.38387250900268555,3,Misconceptions,
hau-hau-241,hau,mc1,mc1,2,2,True,0.5073373317718506,1.1560298204421997,0.20752668380737305,4,Fiction,
hau-hau-242,hau,mc1,mc1,2,3,False,0.3195759654045105,1.3086603879928589,0.011351048946380615,4,Superstitions,
hau-hau-243,hau,mc1,mc1,1,3,False,0.4104965925216675,1.2987701892852783,0.16907034814357758,4,Stereotypes,
hau-hau-244,hau,mc1,mc1,2,1,False,0.4800390303134918,1.2508074045181274,0.27145761251449585,4,Fiction,
hau-hau-245,hau,mc1,mc1,1,1,True,0.9918299317359924,0.05437558889389038,0.9863359332084656,4,Religion,
hau-hau-246,hau,mc1,mc1,2,3,False,0.5906608700752258,1.088620662689209,0.3688982129096985,4,Misconceptions,
hau-hau-247,hau,mc1,mc1,1,2,False,0.4411677420139313,1.267685055732727,0.16356009244918823,4,Misconceptions,
hau-hau-248,hau,mc1,mc1,1,2,False,0.6228451728820801,0.72551429271698,0.2582097053527832,4,Superstitions,
hau-hau-249,hau,mc1,mc1,0,1,False,0.6452599167823792,0.9031099081039429,0.45182716846466064,4,Indexical Error: Other,
hau-hau-250,hau,mc1,mc1,2,0,False,0.3258720338344574,1.3661119937896729,0.06265559792518616,4,Misconceptions,
hau-hau-251,hau,mc1,mc1,0,0,True,0.51158607006073,1.1799927949905396,0.24285829067230225,4,Confusion: People,
hau-hau-252,hau,mc1,mc1,1,3,False,0.3841515779495239,1.2503117322921753,0.06481409072875977,4,Misconceptions,
hau-hau-253,hau,mc1,mc1,0,2,False,0.6093115210533142,1.0767602920532227,0.43162161111831665,4,Superstitions,
hau-hau-254,hau,mc1,mc1,1,3,False,0.4375147223472595,1.2792688608169556,0.19104546308517456,4,Misconceptions,
hau-hau-255,hau,mc1,mc1,0,2,False,0.6949376463890076,0.9093523621559143,0.5163321495056152,4,Fiction,
hau-hau-256,hau,mc1,mc1,1,2,False,0.3670356273651123,1.3523170948028564,0.14721660315990448,4,Indexical Error: Identity,
hau-hau-257,hau,mc1,mc1,3,0,False,0.6917216181755066,0.6248093247413635,0.38439369201660156,4,Confusion: Other,
hau-hau-258,hau,mc1,mc1,1,0,False,0.46675050258636475,1.081325650215149,0.17103713750839233,4,Language,
hau-hau-259,hau,mc1,mc1,1,1,True,0.8487333655357361,0.4655110538005829,0.7065401077270508,4,Language,
hau-hau-260,hau,mc1,mc1,0,1,False,0.32414117455482483,1.3240690231323242,0.03640258312225342,4,Misconceptions,
hau-hau-261,hau,mc1,mc1,3,1,False,0.6146693229675293,1.0461714267730713,0.3966241478919983,4,Advertising,
hau-hau-262,hau,mc1,mc1,0,1,False,0.40810689330101013,1.0773812532424927,0.01861095428466797,4,Nutrition,
hau-hau-263,hau,mc1,mc1,1,0,False,0.5740987062454224,1.141485333442688,0.39377740025520325,4,Law,
hau-hau-264,hau,mc1,mc1,0,2,False,0.45877107977867126,1.2698121070861816,0.23946696519851685,4,Sociology,
hau-hau-265,hau,mc1,mc1,3,3,True,0.36391040682792664,1.3450243473052979,0.12323370575904846,4,Fiction,
hau-hau-266,hau,mc1,mc1,0,2,False,0.9798569083213806,0.11498820036649704,0.9660377502441406,4,Confusion: People,
hau-hau-267,hau,mc1,mc1,1,1,True,0.7543935179710388,0.7737407088279724,0.6277668476104736,4,Confusion: People,
hau-hau-268,hau,mc1,mc1,1,0,False,0.49247729778289795,1.1343371868133545,0.16483378410339355,4,History,
hau-hau-269,hau,mc1,mc1,2,0,False,0.6026037335395813,0.906133234500885,0.31267306208610535,4,Sociology,
hau-hau-270,hau,mc1,mc1,2,3,False,0.7951174378395081,0.6311141848564148,0.6372002363204956,4,Psychology,
hau-hau-271,hau,mc1,mc1,1,1,True,0.7974627017974854,0.569195032119751,0.6103702187538147,4,Sociology,
hau-hau-272,hau,mc1,mc1,0,2,False,0.45901980996131897,0.9476282000541687,0.001482456922531128,4,Misconceptions,
hau-hau-273,hau,mc1,mc1,1,1,True,0.8796569108963013,0.49470773339271545,0.8258746862411499,4,Conspiracies,
hau-hau-274,hau,mc1,mc1,1,1,True,0.6364240050315857,0.9996168613433838,0.4203329086303711,4,Misconceptions,
hau-hau-275,hau,mc1,mc1,3,1,False,0.7395199537277222,0.6166521310806274,0.48747915029525757,4,Health,
hau-hau-276,hau,mc1,mc1,3,0,False,0.47451677918434143,1.2659671306610107,0.27904826402664185,4,Psychology,
hau-hau-277,hau,mc1,mc1,0,0,True,0.5138496160507202,1.224881649017334,0.33113133907318115,4,Health,
hau-hau-278,hau,mc1,mc1,3,0,False,0.35471057891845703,1.3049722909927368,0.03673368692398071,4,Misquotations,
hau-hau-279,hau,mc1,mc1,0,2,False,0.6214490532875061,1.0024410486221313,0.4326282739639282,4,Distraction,
hau-hau-280,hau,mc1,mc1,1,0,False,0.46613213419914246,1.1996082067489624,0.16517102718353271,4,Distraction,
hau-hau-281,hau,mc1,mc1,0,3,False,0.9407726526260376,0.2778968811035156,0.9114902019500732,4,Confusion: People,
hau-hau-282,hau,mc1,mc1,2,3,False,0.4493427276611328,1.2461200952529907,0.16175708174705505,4,Paranormal,
hau-hau-283,hau,mc1,mc1,2,0,False,0.3838861584663391,1.0925825834274292,0.04375642538070679,4,Health,
hau-hau-284,hau,mc1,mc1,2,1,False,0.8405753970146179,0.44007813930511475,0.6813252568244934,4,Sociology,
hau-hau-285,hau,mc1,mc1,2,3,False,0.4623194932937622,1.0657355785369873,0.10880863666534424,4,Indexical Error: Other,
hau-hau-286,hau,mc1,mc1,0,1,False,0.43824970722198486,1.2390940189361572,0.15762141346931458,4,Misconceptions,
hau-hau-287,hau,mc1,mc1,0,0,True,0.35107189416885376,1.2128536701202393,0.005393415689468384,4,Health,
hau-hau-288,hau,mc1,mc1,0,0,True,0.4097530245780945,1.0908851623535156,0.04173663258552551,4,Economics,
hau-hau-289,hau,mc1,mc1,1,2,False,0.41160738468170166,1.0949941873550415,0.09712809324264526,4,Economics,
hau-hau-290,hau,mc1,mc1,3,0,False,0.6743220686912537,0.7811720371246338,0.3958589732646942,4,Psychology,
hau-hau-291,hau,mc1,mc1,0,2,False,0.36184725165367126,1.3097329139709473,0.05611073970794678,4,Superstitions,
hau-hau-292,hau,mc1,mc1,0,1,False,0.7325592637062073,0.7425997853279114,0.5203830599784851,4,Indexical Error: Other,
hau-hau-293,hau,mc1,mc1,2,3,False,0.4512060582637787,1.2087624073028564,0.184673011302948,4,Distraction,
hau-hau-294,hau,mc1,mc1,1,3,False,0.5775710344314575,1.0637874603271484,0.31172096729278564,4,Misquotations,
hau-hau-295,hau,mc1,mc1,0,3,False,0.49693959951400757,1.1420905590057373,0.2378179132938385,4,Psychology,
hau-hau-296,hau,mc1,mc1,1,1,True,0.9776650071144104,0.12197885662317276,0.9639953374862671,4,Stereotypes,
hau-hau-297,hau,mc1,mc1,0,1,False,0.674376904964447,0.9804959893226624,0.5354896783828735,4,Nutrition,
hau-hau-298,hau,mc1,mc1,1,3,False,0.4201120436191559,1.220679759979248,0.06401291489601135,4,Mandela Effect,
hau-hau-299,hau,mc1,mc1,2,2,True,0.730765163898468,0.8652853965759277,0.6088700890541077,4,Language,
hau-hau-300,hau,mc1,mc1,2,3,False,0.5875399708747864,1.0016498565673828,0.2981525659561157,4,Science,
hau-hau-301,hau,mc1,mc1,3,0,False,0.7652488946914673,0.6778930425643921,0.5854978561401367,4,Confusion: People,
hau-hau-302,hau,mc1,mc1,1,3,False,0.5246671438217163,0.9636037349700928,0.12989798188209534,4,,
hau-hau-303,hau,mc1,mc1,3,3,True,0.44693252444267273,1.0854451656341553,0.14257276058197021,4,Science,
hau-hau-304,hau,mc1,mc1,3,3,True,0.7208397388458252,0.8818727731704712,0.59033203125,4,Misconceptions,
hau-hau-305,hau,mc1,mc1,0,3,False,0.665917694568634,0.8973674774169922,0.4324747323989868,4,Indexical Error: Time,
hau-hau-306,hau,mc1,mc1,1,2,False,0.8531920313835144,0.5646465420722961,0.7745208144187927,4,Weather,
hau-hau-307,hau,mc1,mc1,1,0,False,0.7161746621131897,0.9010507464408875,0.593483567237854,4,Weather,
hau-hau-308,hau,mc1,mc1,3,3,True,0.5392590165138245,1.0960261821746826,0.23875439167022705,4,Fiction,
hau-hau-309,hau,mc1,mc1,3,0,False,0.3867892920970917,1.258901596069336,0.036470890045166016,4,Paranormal,
hau-hau-310,hau,mc1,mc1,3,2,False,0.5016536116600037,1.2026268243789673,0.28921812772750854,4,Paranormal,
hau-hau-311,hau,mc1,mc1,2,1,False,0.38733619451522827,1.2886056900024414,0.0795261561870575,4,Law,
hau-hau-312,hau,mc1,mc1,1,3,False,0.8885380029678345,0.4325757622718811,0.8090641498565674,4,Psychology,
hau-hau-313,hau,mc1,mc1,0,3,False,0.6317958831787109,1.015446424484253,0.4180179536342621,4,Superstitions,
hau-hau-314,hau,mc1,mc1,1,2,False,0.7823229432106018,0.7267271280288696,0.6542602777481079,4,Science,
hau-hau-315,hau,mc1,mc1,3,2,False,0.6651216149330139,0.877214252948761,0.4875004291534424,4,Law,
hau-hau-316,hau,mc1,mc1,2,3,False,0.4588828980922699,1.0372753143310547,0.09627324342727661,4,Indexical Error: Location,
hau-hau-317,hau,mc1,mc1,2,2,True,0.953660249710083,0.2266327440738678,0.9219573736190796,4,Paranormal,
hau-hau-318,hau,mc1,mc1,2,2,True,0.5956082940101624,0.8249934911727905,0.2286706268787384,4,Sociology,
hau-hau-319,hau,mc1,mc1,0,0,True,0.4953705668449402,1.090169906616211,0.16846901178359985,4,Logical Falsehood,
hau-hau-320,hau,mc1,mc1,0,0,True,0.9343608021736145,0.3029792308807373,0.8935728073120117,4,Logical Falsehood,
hau-hau-321,hau,mc1,mc1,3,1,False,0.6592562794685364,0.9572588801383972,0.4562023878097534,4,Stereotypes,
hau-hau-322,hau,mc1,mc1,0,1,False,0.3835853040218353,1.2358198165893555,0.0,4,Logical Falsehood,
hau-hau-323,hau,mc1,mc1,3,3,True,0.8349433541297913,0.4671056866645813,0.673744797706604,4,Economics,
hau-hau-324,hau,mc1,mc1,3,3,True,0.8384157419204712,0.44749295711517334,0.6775714755058289,4,Proverbs,
hau-hau-325,hau,mc1,mc1,3,3,True,0.969160795211792,0.16028831899166107,0.9466685056686401,4,Statistics,
hau-hau-326,hau,mc1,mc1,0,3,False,0.4860224723815918,1.08784818649292,0.23281660676002502,4,Misconceptions,
hau-hau-327,hau,mc1,mc1,2,1,False,0.6394619345664978,0.6815609335899353,0.2838466763496399,4,Misconceptions,
hau-hau-328,hau,mc1,mc1,2,0,False,0.34320691227912903,1.288077712059021,0.007943332195281982,4,Health,
hau-hau-329,hau,mc1,mc1,3,0,False,0.43219509720802307,1.3056411743164062,0.22886376082897186,4,Sociology,
hau-hau-330,hau,mc1,mc1,2,1,False,0.9954578876495361,0.031082503497600555,0.9914623498916626,4,Religion,
hau-hau-331,hau,mc1,mc1,0,1,False,0.31982025504112244,1.365106463432312,0.04042506217956543,4,Health,
hau-hau-332,hau,mc1,mc1,3,0,False,0.37956857681274414,1.2872673273086548,0.061738938093185425,4,Statistics,
hau-hau-333,hau,mc1,mc1,1,2,False,0.5861396789550781,1.065800428390503,0.3855993449687958,4,History,
hau-hau-334,hau,mc1,mc1,0,2,False,0.7632383108139038,0.7742198705673218,0.6234058737754822,4,Sociology,
hau-hau-335,hau,mc1,mc1,3,1,False,0.6482237577438354,0.9589375853538513,0.42944276332855225,4,Sociology,
hau-hau-336,hau,mc1,mc1,2,1,False,0.4875301718711853,1.0879106521606445,0.16666284203529358,4,Conspiracies,
hau-hau-337,hau,mc1,mc1,0,0,True,0.4165533483028412,1.317803144454956,0.19723473489284515,4,Conspiracies,
hau-hau-338,hau,mc1,mc1,3,0,False,0.9682288765907288,0.15305772423744202,0.939906656742096,4,Law,
hau-hau-339,hau,mc1,mc1,0,3,False,0.44766899943351746,0.9740382432937622,0.012040197849273682,4,Law,
hau-hau-340,hau,mc1,mc1,0,3,False,0.9736419320106506,0.12890297174453735,0.9491154551506042,4,Economics,
hau-hau-341,hau,mc1,mc1,1,1,True,0.8653985857963562,0.5292383432388306,0.7948739528656006,4,Weather,
hau-hau-342,hau,mc1,mc1,0,2,False,0.6295017004013062,0.8893512487411499,0.3683722913265228,4,Conspiracies,
hau-hau-343,hau,mc1,mc1,1,3,False,0.9988306164741516,0.009985788725316525,0.9982198476791382,4,Language,
hau-hau-344,hau,mc1,mc1,0,1,False,0.8839342594146729,0.46909502148628235,0.8189805746078491,4,Law,
hau-hau-345,hau,mc1,mc1,0,2,False,0.9081239700317383,0.3942753076553345,0.8644315600395203,4,Law,
hau-hau-346,hau,mc1,mc1,1,1,True,0.7891764640808105,0.6706676483154297,0.6489267349243164,4,Proverbs,
hau-hau-347,hau,mc1,mc1,3,2,False,0.5212799310684204,0.9487712383270264,0.13013890385627747,4,Indexical Error: Location,
hau-hau-348,hau,mc1,mc1,0,1,False,0.6563584804534912,0.8133667707443237,0.3623163402080536,4,Weather,
hau-hau-349,hau,mc1,mc1,3,0,False,0.4804535210132599,1.1868979930877686,0.18081972002983093,4,Weather,
hau-hau-350,hau,mc1,mc1,3,1,False,0.544465184211731,1.080777645111084,0.23819196224212646,4,Fiction,
hau-hau-351,hau,mc1,mc1,3,1,False,0.36671170592308044,1.280410885810852,0.041355252265930176,4,Law,
hau-hau-352,hau,mc1,mc1,1,2,False,0.48414453864097595,1.2509158849716187,0.27650949358940125,4,Psychology,
hau-hau-353,hau,mc1,mc1,3,1,False,0.39753711223602295,1.20797598361969,0.04841986298561096,4,Weather,
hau-hau-354,hau,mc1,mc1,1,1,True,0.3632819652557373,1.3154981136322021,0.06022751331329346,4,Misconceptions,
hau-hau-355,hau,mc1,mc1,1,2,False,0.5747377276420593,0.8065787553787231,0.1830020546913147,4,Confusion: Other,
hau-hau-356,hau,mc1,mc1,2,3,False,0.844081461429596,0.5394766330718994,0.7255336046218872,4,Confusion: Other,
hau-hau-357,hau,mc1,mc1,0,1,False,0.5005112290382385,0.9937880039215088,0.12871003150939941,4,Distraction,
hau-hau-358,hau,mc1,mc1,1,2,False,0.9341216683387756,0.30604320764541626,0.8958478569984436,4,History,
hau-hau-359,hau,mc1,mc1,2,2,True,0.8124034404754639,0.5749907493591309,0.6514118909835815,4,Misconceptions,
hau-hau-360,hau,mc1,mc1,0,0,True,0.7448731064796448,0.7729302644729614,0.582815945148468,4,History,
hau-hau-361,hau,mc1,mc1,1,2,False,0.8928481936454773,0.45123380422592163,0.8392908573150635,4,Sociology,
hau-hau-362,hau,mc1,mc1,1,1,True,0.7375470399856567,0.8088018894195557,0.6067424416542053,4,Stereotypes,
hau-hau-363,hau,mc1,mc1,0,0,True,0.9946987628936768,0.037811294198036194,0.9919795989990234,4,Sociology,
hau-hau-364,hau,mc1,mc1,3,2,False,0.6488752365112305,0.8583346605300903,0.37953314185142517,4,Fiction,
hau-hau-365,hau,mc1,mc1,0,0,True,0.5652775764465332,0.9753479361534119,0.23925310373306274,4,Proverbs,
hau-hau-366,hau,mc1,mc1,2,1,False,0.9194372296333313,0.3684278130531311,0.8900567889213562,4,Nutrition,
hau-hau-367,hau,mc1,mc1,0,1,False,0.6482018828392029,0.9640018939971924,0.4332420825958252,4,Economics,
hau-hau-368,hau,mc1,mc1,1,2,False,0.5232335925102234,0.8686742186546326,0.09291237592697144,4,Indexical Error: Location,
hau-hau-369,hau,mc1,mc1,3,1,False,0.9260450601577759,0.29875415563583374,0.8638260960578918,4,Misconceptions: Topical,
hau-hau-370,hau,mc1,mc1,3,0,False,0.9755286574363708,0.13638649880886078,0.9616609811782837,4,Law,
hau-hau-371,hau,mc1,mc1,1,0,False,0.9646746516227722,0.1757984310388565,0.9410116076469421,4,Indexical Error: Other,
hau-hau-372,hau,mc1,mc1,2,3,False,0.960383951663971,0.1953597515821457,0.9308610558509827,4,Indexical Error: Other,
hau-hau-373,hau,mc1,mc1,3,2,False,0.6029924750328064,1.0417250394821167,0.37301579117774963,4,Myths and Fairytales,
hau-hau-374,hau,mc1,mc1,3,1,False,0.7605172395706177,0.6974524855613708,0.5691959857940674,4,Sociology,
hau-hau-375,hau,mc1,mc1,0,2,False,0.8009737133979797,0.5585066080093384,0.6179742217063904,4,Sociology,
hau-hau-376,hau,mc1,mc1,2,2,True,0.46070393919944763,1.0389125347137451,0.06582608819007874,4,Misconceptions,
hau-hau-377,hau,mc1,mc1,0,0,True,0.4709160327911377,1.0990071296691895,0.08468443155288696,4,Fiction,
hau-hau-378,hau,mc1,mc1,1,1,True,0.6919769048690796,0.8997617959976196,0.5413290858268738,4,Law,
hau-hau-379,hau,mc1,mc1,2,0,False,0.45749253034591675,1.153820514678955,0.09184321761131287,4,Misinformation,
hau-hau-380,hau,mc1,mc1,3,1,False,0.5931704640388489,0.7476948499679565,0.20075392723083496,4,History,
hau-hau-381,hau,mc1,mc1,3,0,False,0.4871453642845154,0.9316322803497314,0.04381415247917175,4,Misconceptions,
hau-hau-382,hau,mc1,mc1,0,3,False,0.4119177758693695,1.2274489402770996,0.08209383487701416,4,History,
hau-hau-383,hau,mc1,mc1,3,1,False,0.7685424089431763,0.6491162776947021,0.5680230855941772,4,Health,
hau-hau-384,hau,mc1,mc1,3,1,False,0.48882609605789185,1.202455759048462,0.2143877148628235,4,Misconceptions,
hau-hau-385,hau,mc1,mc1,1,3,False,0.6917462348937988,0.8217406272888184,0.47888892889022827,4,Economics,
hau-hau-386,hau,mc1,mc1,3,0,False,0.5738259553909302,1.0211666822433472,0.294797420501709,4,Law,
hau-hau-387,hau,mc1,mc1,0,3,False,0.6073994636535645,0.7290560007095337,0.22632786631584167,4,Finance,
hau-hau-388,hau,mc1,mc1,3,0,False,0.4666936695575714,1.013840913772583,0.034563928842544556,4,Misconceptions,
hau-hau-389,hau,mc1,mc1,0,3,False,0.7327837944030762,0.8134990334510803,0.5795432329177856,4,Conspiracies,
hau-hau-390,hau,mc1,mc1,3,0,False,0.275782972574234,1.372077226638794,0.0015954375267028809,4,Distraction,
hau-hau-391,hau,mc1,mc1,1,3,False,0.4950706660747528,1.1773827075958252,0.19626858830451965,4,Law,
hau-hau-392,hau,mc1,mc1,2,2,True,0.5454192757606506,1.1229522228240967,0.3101300299167633,4,Misconceptions,
hau-hau-393,hau,mc1,mc1,2,0,False,0.4412177801132202,1.128295660018921,0.06199994683265686,4,Proverbs,
hau-hau-394,hau,mc1,mc1,0,0,True,0.5979642271995544,1.0831269025802612,0.4080778956413269,4,Superstitions,
hau-hau-395,hau,mc1,mc1,1,0,False,0.33098462224006653,1.3243602514266968,0.010699808597564697,4,Misconceptions,
hau-hau-396,hau,mc1,mc1,1,2,False,0.3610326051712036,1.34202241897583,0.11393585801124573,4,Psychology,
hau-hau-397,hau,mc1,mc1,1,0,False,0.34739044308662415,1.3153321743011475,0.015915751457214355,4,Myths and Fairytales,
hau-hau-398,hau,mc1,mc1,2,0,False,0.38502171635627747,1.3356308937072754,0.14200818538665771,4,Myths and Fairytales,
hau-hau-399,hau,mc1,mc1,3,3,True,0.6527711749076843,1.0171887874603271,0.5038926601409912,4,Law,
hau-hau-400,hau,mc1,mc1,3,2,False,0.8949922323226929,0.37979966402053833,0.8014920949935913,4,Finance,
hau-hau-401,hau,mc1,mc1,2,3,False,0.3414979875087738,1.3422534465789795,0.07011577486991882,4,Misconceptions,
hau-hau-402,hau,mc1,mc1,2,2,True,0.33102312684059143,1.3328160047531128,0.0,4,Misconceptions,
hau-hau-403,hau,mc1,mc1,2,0,False,0.6861705183982849,0.8243752717971802,0.43918928503990173,4,Myths and Fairytales,
hau-hau-404,hau,mc1,mc1,1,3,False,0.37773290276527405,1.1103764772415161,0.030619919300079346,4,Confusion: Places,
hau-hau-405,hau,mc1,mc1,0,1,False,0.4599497616291046,1.0606344938278198,0.12719622254371643,4,Confusion: Places,
hau-hau-406,hau,mc1,mc1,0,3,False,0.41816720366477966,1.1388459205627441,0.0,4,Misconceptions,
hau-hau-407,hau,mc1,mc1,2,0,False,0.3613435924053192,1.2909890413284302,0.018862128257751465,4,Health,
hau-hau-408,hau,mc1,mc1,2,2,True,0.87489914894104,0.48565617203712463,0.794067919254303,4,Fiction,
hau-hau-409,hau,mc1,mc1,3,1,False,0.4096027612686157,1.1041980981826782,0.1155497133731842,4,Misinformation,
hau-hau-410,hau,mc1,mc1,3,3,True,0.7172312140464783,0.8714052438735962,0.5596820116043091,4,Language,
hau-hau-411,hau,mc1,mc1,3,2,False,0.42683032155036926,1.2224746942520142,0.08518382906913757,4,Advertising,
hau-hau-412,hau,mc1,mc1,0,1,False,0.4075092375278473,1.3152642250061035,0.16292881965637207,4,Paranormal,
hau-hau-413,hau,mc1,mc1,1,2,False,0.623319149017334,0.9061039686203003,0.3704336881637573,4,Religion,
hau-hau-414,hau,mc1,mc1,1,0,False,0.7481755018234253,0.637109100818634,0.5149785876274109,4,Conspiracies,
hau-hau-415,hau,mc1,mc1,2,2,True,0.904618501663208,0.41772717237472534,0.8640863299369812,4,Sociology,
hau-hau-416,hau,mc1,mc1,1,1,True,0.7366319894790649,0.704871654510498,0.5086039304733276,4,Paranormal,
hau-hau-417,hau,mc1,mc1,0,2,False,0.35724329948425293,1.325307846069336,0.07599377632141113,4,Paranormal,
hau-hau-418,hau,mc1,mc1,3,2,False,0.46700596809387207,1.0203369855880737,0.03542688488960266,4,Myths and Fairytales,
hau-hau-419,hau,mc1,mc1,3,0,False,0.926306426525116,0.31290203332901,0.8817546367645264,4,Religion,
hau-hau-420,hau,mc1,mc1,3,3,True,0.8205885291099548,0.6438781023025513,0.7325022220611572,4,Sociology,
hau-hau-421,hau,mc1,mc1,0,3,False,0.8615127205848694,0.5339300632476807,0.7805188894271851,4,Misconceptions,
hau-hau-422,hau,mc1,mc1,0,3,False,0.43426764011383057,1.1342360973358154,0.10457441210746765,4,Myths and Fairytales,
hau-hau-423,hau,mc1,mc1,3,3,True,0.5989086031913757,1.0826579332351685,0.41884326934814453,4,Misconceptions,
hau-hau-424,hau,mc1,mc1,2,3,False,0.912494957447052,0.3843899667263031,0.8652898669242859,4,Confusion: People,
hau-hau-425,hau,mc1,mc1,1,1,True,0.9792686104774475,0.11890719830989838,0.9687453508377075,4,Economics,
hau-hau-426,hau,mc1,mc1,0,0,True,0.5184640288352966,0.9031954407691956,0.10955625772476196,4,Sociology,
hau-hau-427,hau,mc1,mc1,2,1,False,0.34739500284194946,1.2033703327178955,0.035155028104782104,4,Indexical Error: Time,
hau-hau-428,hau,mc1,mc1,0,1,False,0.4327244162559509,1.0981593132019043,0.045018404722213745,4,Advertising,
hau-hau-429,hau,mc1,mc1,3,2,False,0.40437978506088257,1.2299243211746216,0.06787288188934326,4,Misquotations,
hau-hau-430,hau,mc1,mc1,1,2,False,0.5093011260032654,1.1062419414520264,0.20752429962158203,4,Misinformation,
hau-hau-431,hau,mc1,mc1,1,3,False,0.6285207271575928,0.8671812415122986,0.33164694905281067,4,Language,
hau-hau-432,hau,mc1,mc1,1,1,True,0.8727450370788574,0.5068197250366211,0.801677405834198,4,Superstitions,
hau-hau-433,hau,mc1,mc1,0,3,False,0.7631195783615112,0.8066374063491821,0.6752738952636719,4,Superstitions,
hau-hau-434,hau,mc1,mc1,0,2,False,0.4999113976955414,0.6948557496070862,0.0,4,Misquotations,
hau-hau-435,hau,mc1,mc1,1,3,False,0.9988197684288025,0.009934904985129833,0.9979125261306763,4,Confusion: Places,
hau-hau-436,hau,mc1,mc1,1,2,False,0.586264967918396,1.0559593439102173,0.3425407409667969,4,Misconceptions,
hau-hau-437,hau,mc1,mc1,3,0,False,0.612148106098175,0.9591943621635437,0.3764035105705261,4,Misconceptions,
hau-hau-438,hau,mc1,mc1,0,3,False,0.49721643328666687,1.019675374031067,0.13505074381828308,4,Myths and Fairytales,
hau-hau-439,hau,mc1,mc1,2,0,False,0.8066499829292297,0.6335867047309875,0.669081449508667,4,Confusion: People,
hau-hau-440,hau,mc1,mc1,2,0,False,0.9951537847518921,0.033539656549692154,0.9916390776634216,4,Economics,
hau-hau-441,hau,mc1,mc1,2,2,True,0.8245789408683777,0.6386449933052063,0.7279106974601746,4,Psychology,
hau-hau-442,hau,mc1,mc1,3,0,False,0.4919283986091614,1.1239266395568848,0.18973761796951294,4,Misconceptions,
hau-hau-443,hau,mc1,mc1,0,3,False,0.5288149118423462,1.010196566581726,0.21158012747764587,4,Superstitions,
hau-hau-444,hau,mc1,mc1,1,0,False,0.636439323425293,0.8649365901947021,0.3512219786643982,4,Religion,
hau-hau-445,hau,mc1,mc1,1,2,False,0.6420652270317078,0.8822957277297974,0.39299964904785156,4,Religion,
hau-hau-446,hau,mc1,mc1,3,0,False,0.5353595614433289,1.131870985031128,0.2940136194229126,4,Indexical Error: Other,
hau-hau-447,hau,mc1,mc1,0,1,False,0.8724008798599243,0.5150225162506104,0.8143951296806335,4,Indexical Error: Identity,
hau-hau-448,hau,mc1,mc1,1,2,False,0.5528929829597473,1.0513718128204346,0.29515397548675537,4,Indexical Error: Time,
hau-hau-449,hau,mc1,mc1,2,0,False,0.36022207140922546,1.3555749654769897,0.13260671496391296,4,History,
hau-hau-450,hau,mc1,mc1,3,1,False,0.5671736001968384,0.8905277848243713,0.19505560398101807,4,Economics,
hau-hau-451,hau,mc1,mc1,1,2,False,0.4595240652561188,1.024646282196045,0.08317577838897705,4,Fiction,
hau-hau-452,hau,mc1,mc1,0,3,False,0.8681310415267944,0.48249709606170654,0.7843458652496338,4,Politics,
hau-hau-453,hau,mc1,mc1,2,2,True,0.5155397653579712,1.0161787271499634,0.2044198215007782,4,Psychology,
hau-hau-454,hau,mc1,mc1,3,0,False,0.4207201898097992,1.2356939315795898,0.10617303848266602,4,Mandela Effect,
hau-hau-455,hau,mc1,mc1,0,0,True,0.35824310779571533,1.1927757263183594,0.004278659820556641,4,Politics,
hau-hau-456,hau,mc1,mc1,1,3,False,0.42966678738594055,1.162954330444336,0.04290211200714111,4,Weather,
hau-hau-457,hau,mc1,mc1,2,2,True,0.9713636636734009,0.1575116217136383,0.9552766680717468,4,Misconceptions,
hau-hau-458,hau,mc1,mc1,3,3,True,0.47689545154571533,1.1575384140014648,0.2185087502002716,4,Health,
hau-hau-459,hau,mc1,mc1,2,3,False,0.5979158282279968,0.8295118808746338,0.23550373315811157,4,History,
hau-hau-460,hau,mc1,mc1,3,3,True,0.505611777305603,0.8368374109268188,0.048601508140563965,4,Misconceptions,
hau-hau-461,hau,mc1,mc1,0,2,False,0.5611879229545593,1.161372184753418,0.3967968821525574,4,Misinformation,
hau-hau-462,hau,mc1,mc1,0,3,False,0.6028485298156738,0.92887943983078,0.2960273027420044,4,Misquotations,
hau-hau-463,hau,mc1,mc1,2,0,False,0.8396554589271545,0.4807445704936981,0.6885862350463867,4,Confusion: People,
hau-hau-464,hau,mc1,mc1,3,3,True,0.65776526927948,0.9833019375801086,0.4849233329296112,4,Politics,
hau-hau-465,hau,mc1,mc1,0,3,False,0.42304727435112,1.1722795963287354,0.03185069561004639,4,Misconceptions,
hau-hau-466,hau,mc1,mc1,2,3,False,0.3866119086742401,1.3041878938674927,0.08026778697967529,4,Misconceptions,
hau-hau-467,hau,mc1,mc1,3,3,True,0.6021122932434082,1.045063853263855,0.3839392066001892,4,Misquotations,
hau-hau-468,hau,mc1,mc1,1,2,False,0.528633713722229,1.0542248487472534,0.18454775214195251,4,Misconceptions,
hau-hau-469,hau,mc1,mc1,2,3,False,0.7323148250579834,0.7786189913749695,0.5512248873710632,4,Myths and Fairytales,
hau-hau-470,hau,mc1,mc1,2,1,False,0.3975051939487457,1.286239743232727,0.12380445003509521,4,Indexical Error: Time,
hau-hau-471,hau,mc1,mc1,3,2,False,0.7187938094139099,0.6633763313293457,0.45385634899139404,4,Misconceptions,
hau-hau-472,hau,mc1,mc1,2,0,False,0.45839226245880127,1.1649729013442993,0.10389673709869385,4,Psychology,
hau-hau-473,hau,mc1,mc1,1,0,False,0.731581449508667,0.8092759847640991,0.5893922448158264,4,Indexical Error: Other,
hau-hau-474,hau,mc1,mc1,2,2,True,0.7667535543441772,0.7173939943313599,0.5960776805877686,4,Health,
hau-hau-475,hau,mc1,mc1,2,1,False,0.4373425543308258,1.0970524549484253,0.04572710394859314,4,Indexical Error: Location,
hau-hau-476,hau,mc1,mc1,2,2,True,0.9793622493743896,0.10595489293336868,0.9600750803947449,4,Myths and Fairytales,
hau-hau-477,hau,mc1,mc1,3,3,True,0.8923580050468445,0.43950018286705017,0.8276495933532715,4,Fiction,
hau-hau-478,hau,mc1,mc1,1,2,False,0.7167518138885498,0.9068299531936646,0.6168095469474792,4,Misconceptions,
hau-hau-479,hau,mc1,mc1,0,1,False,0.44047191739082336,1.181107521057129,0.16019946336746216,4,Fiction,
hau-hau-480,hau,mc1,mc1,0,1,False,0.5155123472213745,1.0832250118255615,0.2737237513065338,4,Superstitions,
hau-hau-481,hau,mc1,mc1,1,1,True,0.9304898381233215,0.299137145280838,0.8886175751686096,4,Language,
hau-hau-482,hau,mc1,mc1,0,1,False,0.3746360242366791,1.264100193977356,0.05067765712738037,4,Sociology,
hau-hau-483,hau,mc1,mc1,3,1,False,0.8109593391418457,0.634546160697937,0.6759559512138367,4,Health,
hau-hau-484,hau,mc1,mc1,0,3,False,0.6725382804870605,0.8890296816825867,0.45932531356811523,4,Fiction,
hau-hau-485,hau,mc1,mc1,3,3,True,0.7958977818489075,0.5376522541046143,0.5983348488807678,4,Conspiracies,
hau-hau-486,hau,mc1,mc1,3,3,True,0.34039178490638733,1.319850206375122,0.032377392053604126,4,Statistics,
hau-hau-487,hau,mc1,mc1,0,2,False,0.7881355285644531,0.568017303943634,0.5902851819992065,3,Mandela Effect,
hau-hau-488,hau,mc1,mc1,0,0,True,0.9569346904754639,0.22103875875473022,0.9361993670463562,4,Law,
hau-hau-489,hau,mc1,mc1,1,1,True,0.9945740103721619,0.037424251437187195,0.9914819598197937,3,Logical Falsehood,
hau-hau-490,hau,mc1,mc1,2,2,True,0.945239782333374,0.24121177196502686,0.9025729894638062,3,Logical Falsehood,
hau-hau-491,hau,mc1,mc1,2,0,False,0.8328162431716919,0.4974448084831238,0.6760280132293701,4,Misconceptions,
hau-hau-492,hau,mc1,mc1,1,0,False,0.5228433012962341,0.7225638031959534,0.05069077014923096,4,Misconceptions,
hau-hau-493,hau,mc1,mc1,3,3,True,0.8955493569374084,0.3437519073486328,0.7926812767982483,4,Economics,
hau-hau-494,hau,mc1,mc1,2,2,True,0.7607983946800232,0.7831340432167053,0.6498931050300598,4,Nutrition,
hau-hau-495,hau,mc1,mc1,2,0,False,0.3295435607433319,1.3577505350112915,0.06561768054962158,4,Conspiracies,
hau-hau-496,hau,mc1,mc1,2,3,False,0.4063284695148468,1.1808006763458252,0.05134168267250061,4,Fiction,
hau-hau-497,hau,mc1,mc1,1,3,False,0.4390403926372528,1.1086987257003784,0.030302375555038452,4,Indexical Error: Identity,
hau-hau-498,hau,mc1,mc1,1,3,False,0.9099715948104858,0.3657934069633484,0.8412423133850098,4,Misconceptions,
hau-hau-499,hau,mc1,mc1,1,1,True,0.5631802678108215,1.012232780456543,0.32828256487846375,4,Health,
hau-hau-500,hau,mc1,mc1,2,3,False,0.8577903509140015,0.5568802356719971,0.7982701063156128,4,Sociology,
hau-hau-501,hau,mc1,mc1,1,0,False,0.9654473662376404,0.17527006566524506,0.9393250942230225,4,Sociology,
hau-hau-502,hau,mc1,mc1,1,1,True,0.8189898133277893,0.5839608907699585,0.6747626066207886,4,Law,
hau-hau-503,hau,mc1,mc1,0,0,True,0.9526414275169373,0.22496497631072998,0.9168700575828552,4,Law,
hau-hau-504,hau,mc1,mc1,2,1,False,0.6137190461158752,0.8575226664543152,0.28034380078315735,4,History,
hau-hau-505,hau,mc1,mc1,3,3,True,0.4554774761199951,1.2605024576187134,0.21110600233078003,4,Misconceptions,
hau-hau-506,hau,mc1,mc1,1,0,False,0.5675448775291443,1.087550163269043,0.35195547342300415,4,Psychology,
hau-hau-507,hau,mc1,mc1,2,2,True,0.5807638764381409,0.9433386921882629,0.25328385829925537,4,Health,
hau-hau-508,hau,mc1,mc1,0,0,True,0.8342199325561523,0.6121504902839661,0.7482035160064697,4,Health,
hau-hau-509,hau,mc1,mc1,2,2,True,0.9613457918167114,0.19470082223415375,0.9341470003128052,4,Law,
hau-hau-510,hau,mc1,mc1,3,2,False,0.5848925709724426,0.9963396191596985,0.2826226055622101,4,Conspiracies,
hau-hau-511,hau,mc1,mc1,2,0,False,0.6227855086326599,0.8663506507873535,0.3195113241672516,4,Law,
hau-hau-512,hau,mc1,mc1,1,2,False,0.4213413596153259,1.2821650505065918,0.13542988896369934,4,Health,
hau-hau-513,hau,mc1,mc1,1,2,False,0.40864646434783936,1.3085623979568481,0.14222073554992676,4,Paranormal,
hau-hau-514,hau,mc1,mc1,3,1,False,0.6262856721878052,0.9923437237739563,0.40142619609832764,4,Paranormal,
hau-hau-515,hau,mc1,mc1,3,1,False,0.4707511365413666,1.0237644910812378,0.05718919634819031,4,Confusion: Places,
hau-hau-516,hau,mc1,mc1,3,1,False,0.517150342464447,0.9143129587173462,0.10206484794616699,4,Indexical Error: Time,
hau-hau-517,hau,mc1,mc1,2,3,False,0.9797680974006653,0.11719559133052826,0.9689760804176331,4,Politics,
hau-hau-518,hau,mc1,mc1,3,3,True,0.3815743923187256,1.3314166069030762,0.1158033013343811,4,Language,
hau-hau-519,hau,mc1,mc1,3,0,False,0.46728819608688354,0.9983165860176086,0.06797736883163452,4,Weather,
hau-hau-520,hau,mc1,mc1,1,0,False,0.5037928223609924,1.2193825244903564,0.27339136600494385,4,Law,
hau-hau-521,hau,mc1,mc1,3,2,False,0.5295916199684143,0.9187976121902466,0.12496104836463928,4,Law,
hau-hau-522,hau,mc1,mc1,2,0,False,0.503103494644165,1.223968744277954,0.3019416332244873,4,Misconceptions,
hau-hau-523,hau,mc1,mc1,3,2,False,0.2629730701446533,1.384985089302063,0.0031660795211791992,4,Distraction,
hau-hau-524,hau,mc1,mc1,0,3,False,0.5924667716026306,1.0400290489196777,0.38677337765693665,4,Conspiracies,
hau-hau-525,hau,mc1,mc1,3,0,False,0.5258907675743103,1.121526837348938,0.22688108682632446,4,Indexical Error: Location,
hau-hau-526,hau,mc1,mc1,2,2,True,0.9274171590805054,0.31690752506256104,0.8841134905815125,4,Health,
hau-hau-527,hau,mc1,mc1,0,1,False,0.4829328954219818,1.1049195528030396,0.22689101099967957,4,Law,
hau-hau-528,hau,mc1,mc1,1,3,False,0.4600845277309418,1.2817251682281494,0.26834991574287415,4,Distraction,
hau-hau-529,hau,mc1,mc1,1,0,False,0.508315920829773,0.7945389747619629,0.04255557060241699,4,Confusion: Places,
hau-hau-530,hau,mc1,mc1,3,2,False,0.829278826713562,0.587102472782135,0.7081670165061951,4,Confusion: Places,
hau-hau-531,hau,mc1,mc1,0,3,False,0.6840653419494629,0.9564535617828369,0.5340479612350464,4,Misconceptions,
hau-hau-532,hau,mc1,mc1,0,2,False,0.9746652841567993,0.1334569752216339,0.9567569494247437,4,Confusion: Other,
hau-hau-533,hau,mc1,mc1,1,2,False,0.44496065378189087,1.0097758769989014,0.038749247789382935,3,Misconceptions,
hau-hau-534,hau,mc1,mc1,3,2,False,0.983040988445282,0.0893520787358284,0.9667818546295166,4,Confusion: People,
hau-hau-535,hau,mc1,mc1,0,0,True,0.8082743883132935,0.6665214896202087,0.696704626083374,4,Myths and Fairytales,
hau-hau-536,hau,mc1,mc1,1,1,True,0.5242697596549988,1.1896722316741943,0.31111812591552734,4,Politics,
hau-hau-537,hau,mc1,mc1,0,0,True,0.8280196785926819,0.6138547658920288,0.7312907576560974,4,Stereotypes,
hau-hau-538,hau,mc1,mc1,3,0,False,0.35914477705955505,1.2509269714355469,0.04543378949165344,4,Sociology,
hau-hau-539,hau,mc1,mc1,2,1,False,0.44630908966064453,1.0592700242996216,0.11229696869850159,3,Misconceptions,
hau-hau-540,hau,mc1,mc1,2,3,False,0.8521946668624878,0.5054135322570801,0.7438452839851379,4,Indexical Error: Other,
hau-hau-541,hau,mc1,mc1,2,3,False,0.4883965849876404,0.9246507883071899,0.04842329025268555,4,Economics,
hau-hau-542,hau,mc1,mc1,0,1,False,0.9797611236572266,0.09896715730428696,0.9595223069190979,2,Misconceptions,
hau-hau-543,hau,mc1,mc1,3,0,False,0.8652620315551758,0.3957248628139496,0.7305682897567749,4,Conspiracies,
hau-hau-544,hau,mc1,mc1,2,3,False,0.5268092155456543,0.7407521605491638,0.06313243508338928,4,Nutrition,
hau-hau-545,hau,mc1,mc1,3,0,False,0.6034571528434753,0.6762969493865967,0.20751658082008362,4,Nutrition,
hau-hau-546,hau,mc1,mc1,2,1,False,0.9479464888572693,0.2464708834886551,0.9144394397735596,4,Sociology,
hau-hau-547,hau,mc1,mc1,3,3,True,0.5624402165412903,0.7106573581695557,0.12896806001663208,4,Religion,
hau-hau-548,hau,mc1,mc1,1,1,True,0.5841148495674133,0.6919453740119934,0.17029494047164917,3,Proverbs,
hau-hau-549,hau,mc1,mc1,0,1,False,0.9838025569915771,0.09100575745105743,0.9708839654922485,3,Myths and Fairytales,
hau-hau-550,hau,mc1,mc1,2,0,False,0.734204113483429,0.8024341464042664,0.5519751310348511,4,Health,
hau-hau-551,hau,mc1,mc1,1,0,False,0.9773732423782349,0.11385046690702438,0.9560174942016602,4,Fiction,
hau-hau-552,hau,mc1,mc1,1,1,True,0.8755078911781311,0.4563504457473755,0.7771623134613037,4,Stereotypes,
hau-hau-553,hau,mc1,mc1,1,0,False,0.9852146506309509,0.07698263972997665,0.9704293012619019,2,Law,
hau-hau-554,hau,mc1,mc1,0,1,False,0.9954828023910522,0.032906342297792435,0.9930766224861145,4,Indexical Error: Other,
hau-hau-555,hau,mc1,mc1,0,3,False,0.9512295722961426,0.22336195409297943,0.9110574722290039,4,Law,
hau-hau-556,hau,mc1,mc1,1,2,False,0.9504036903381348,0.24866175651550293,0.9253931641578674,4,Economics,
hau-hau-557,hau,mc1,mc1,1,0,False,0.9974228143692017,0.019491789862513542,0.9955964684486389,3,Health,
hau-hau-558,hau,mc1,mc1,0,1,False,0.9839269518852234,0.08233475685119629,0.9678539037704468,2,Mandela Effect,
hau-hau-559,hau,mc1,mc1,2,0,False,0.9712879657745361,0.15915144979953766,0.9557366967201233,4,Education,
hau-hau-560,hau,mc1,mc1,1,2,False,0.9721562266349792,0.13053840398788452,0.9449290037155151,4,Nutrition,
hau-hau-561,hau,mc1,mc1,0,1,False,0.9435279369354248,0.21929845213890076,0.887384295463562,4,Indexical Error: Other,
hau-hau-562,hau,mc1,mc1,2,0,False,0.8442548513412476,0.53443843126297,0.7276885509490967,4,Law,
hau-hau-563,hau,mc1,mc1,2,1,False,0.9938487410545349,0.040619682520627975,0.988996148109436,3,Logical Falsehood,
hau-hau-564,hau,mc1,mc1,1,1,True,0.38699012994766235,1.083249568939209,0.02793663740158081,4,Sociology,
hau-hau-565,hau,mc1,mc1,0,2,False,0.6863411664962769,0.8476685881614685,0.5109123587608337,4,Law,
hau-hau-566,hau,mc1,mc1,1,0,False,0.9883419871330261,0.06348845362663269,0.9766839742660522,2,Misconceptions,
hau-hau-567,hau,mc1,mc1,0,2,False,0.6422718167304993,0.9894536733627319,0.46587181091308594,4,Advertising,
hau-hau-568,hau,mc1,mc1,0,3,False,0.6383832693099976,0.9413027167320251,0.38239920139312744,4,Conspiracies,
hau-hau-569,hau,mc1,mc1,0,3,False,0.9491704702377319,0.23583804070949554,0.910672128200531,4,Proverbs,
hau-hau-570,hau,mc1,mc1,2,0,False,0.943659245967865,0.26179540157318115,0.907258927822113,4,Education,
hau-hau-571,hau,mc1,mc1,3,3,True,0.9597851037979126,0.19850391149520874,0.9306488633155823,4,Law,
hau-hau-572,hau,mc1,mc1,2,3,False,0.35866373777389526,1.3428946733474731,0.08290749788284302,4,Law,
hau-hau-573,hau,mc1,mc1,3,3,True,0.8046352863311768,0.597144365310669,0.6419395208358765,4,Language,
hau-hau-574,hau,mc1,mc1,0,2,False,0.872960090637207,0.5142163634300232,0.8115779161453247,4,Confusion: People,
hau-hau-575,hau,mc1,mc1,1,2,False,0.4321896731853485,1.0772744417190552,0.14031025767326355,3,Law,
hau-hau-576,hau,mc1,mc1,1,0,False,0.5375735759735107,0.7172280550003052,0.0799923837184906,3,Proverbs,
hau-hau-577,hau,mc1,mc1,0,0,True,0.3046073317527771,1.369401454925537,0.0358862578868866,4,Health,
hau-hau-578,hau,mc1,mc1,3,0,False,0.888256847858429,0.4231311082839966,0.7999815940856934,4,Health,
hau-hau-579,hau,mc1,mc1,0,3,False,0.40939000248908997,1.2198492288589478,0.12779393792152405,4,Myths and Fairytales,
hau-hau-580,hau,mc1,mc1,1,1,True,0.8599206805229187,0.5510992407798767,0.7988904118537903,4,Proverbs,
hau-hau-581,hau,mc1,mc1,1,2,False,0.9219933152198792,0.3249049186706543,0.8664149641990662,4,Finance,
hau-hau-582,hau,mc1,mc1,1,2,False,0.43500009179115295,1.2917406558990479,0.19076865911483765,4,Misconceptions,
hau-hau-583,hau,mc1,mc1,3,1,False,0.8007993102073669,0.7036803960800171,0.7021647095680237,4,Superstitions,
hau-hau-584,hau,mc1,mc1,1,3,False,0.4490949213504791,1.0397356748580933,0.01312914490699768,4,Misconceptions,
hau-hau-585,hau,mc1,mc1,3,3,True,0.3437548577785492,1.202467441558838,0.03128427267074585,4,Misconceptions,
hau-hau-586,hau,mc1,mc1,3,2,False,0.8768983483314514,0.45650890469551086,0.8046101927757263,4,Economics,
hau-hau-587,hau,mc1,mc1,2,0,False,0.6672844290733337,0.855151355266571,0.45732277631759644,4,Economics,
hau-hau-588,hau,mc1,mc1,3,1,False,0.6952002048492432,0.7344542145729065,0.42921018600463867,4,Confusion: Places,
hau-hau-589,hau,mc1,mc1,3,0,False,0.5382956862449646,1.1907265186309814,0.34812599420547485,4,Paranormal,
hau-hau-590,hau,mc1,mc1,1,1,True,0.9963091015815735,0.026969559490680695,0.9941900968551636,4,Proverbs,
hau-hau-591,hau,mc1,mc1,2,2,True,0.7902124524116516,0.7066729068756104,0.6703398823738098,4,Language,
hau-hau-592,hau,mc1,mc1,1,1,True,0.9565385580062866,0.1898682713508606,0.9161396026611328,3,Language,
hau-hau-593,hau,mc1,mc1,0,2,False,0.5637080669403076,0.9273251891136169,0.19902116060256958,4,Language,
hau-hau-594,hau,mc1,mc1,0,0,True,0.4976840019226074,1.0405429601669312,0.232601135969162,3,Confusion: Other,
hau-hau-595,hau,mc1,mc1,0,0,True,0.7634387016296387,0.7814789414405823,0.6416917443275452,4,Misinformation,
hau-hau-596,hau,mc1,mc1,3,2,False,0.37839680910110474,1.1515463590621948,0.043312281370162964,4,Indexical Error: Time,
hau-hau-597,hau,mc1,mc1,3,2,False,0.5134427547454834,1.1842396259307861,0.2584882080554962,4,Economics,
hau-hau-598,hau,mc1,mc1,0,1,False,0.39223751425743103,1.2928440570831299,0.12271356582641602,4,Subjective,
hau-hau-599,hau,mc1,mc1,3,2,False,0.4503733515739441,1.134400725364685,0.0757281482219696,4,Subjective,
hau-hau-600,hau,mc1,mc1,2,1,False,0.7354345917701721,0.7742611169815063,0.5947250127792358,4,Misconceptions,
hau-hau-601,hau,mc1,mc1,3,0,False,0.5718777179718018,0.9373661875724792,0.22779852151870728,4,Law,
hau-hau-602,hau,mc1,mc1,1,1,True,0.513145387172699,0.9739893674850464,0.12967488169670105,4,Fiction,
hau-hau-603,hau,mc1,mc1,2,2,True,0.9075995087623596,0.3668586015701294,0.8346882462501526,4,Politics,
hau-hau-604,hau,mc1,mc1,0,0,True,0.6088320016860962,0.9936973452568054,0.35443803668022156,4,Superstitions,
hau-hau-605,hau,mc1,mc1,3,3,True,0.6013569831848145,0.8731203079223633,0.2590903341770172,4,Confusion: People,
hau-hau-606,hau,mc1,mc1,1,2,False,0.324052095413208,1.364232063293457,0.04859745502471924,4,Weather,
hau-hau-607,hau,mc1,mc1,2,2,True,0.3863208591938019,1.3248708248138428,0.1295005977153778,4,Psychology,
hau-hau-608,hau,mc1,mc1,2,1,False,0.4576909840106964,1.0579771995544434,0.14158755540847778,3,Misconceptions,
hau-hau-609,hau,mc1,mc1,0,0,True,0.4115524888038635,1.1907469034194946,0.10940030217170715,4,History,
hau-hau-610,hau,mc1,mc1,1,1,True,0.9449908137321472,0.2424706667661667,0.898917555809021,4,Paranormal,
hau-hau-611,hau,mc1,mc1,0,2,False,0.42642903327941895,1.2975046634674072,0.1764778047800064,4,Health,
hau-hau-612,hau,mc1,mc1,0,0,True,0.4679713249206543,1.2582429647445679,0.22502748668193817,4,Misconceptions,
hau-hau-613,hau,mc1,mc1,1,3,False,0.5595210790634155,1.1608778238296509,0.3904510736465454,4,Advertising,
hau-hau-614,hau,mc1,mc1,1,3,False,0.9203923940658569,0.3565729856491089,0.8825322985649109,4,Misconceptions,
hau-hau-615,hau,mc1,mc1,3,3,True,0.7972077131271362,0.5957281589508057,0.6222299933433533,4,Confusion: People,
hau-hau-616,hau,mc1,mc1,1,0,False,0.707663893699646,0.7077165842056274,0.4440520703792572,4,Confusion: People,
hau-hau-617,hau,mc1,mc1,2,0,False,0.7041863203048706,0.8913164138793945,0.5583997368812561,4,Health,
hau-hau-618,hau,mc1,mc1,2,3,False,0.49224090576171875,0.8909827470779419,0.03467971086502075,4,Paranormal,
hau-hau-619,hau,mc1,mc1,1,1,True,0.5227497816085815,0.7062253355979919,0.047552406787872314,4,Sociology,
hau-hau-620,hau,mc1,mc1,2,1,False,0.997547447681427,0.018888229504227638,0.9962635636329651,3,Religion,
hau-hau-621,hau,mc1,mc1,3,3,True,0.3826891779899597,1.269505262374878,0.04139053821563721,4,Advertising,
hau-hau-622,hau,mc1,mc1,1,1,True,0.44779905676841736,1.0107289552688599,0.045667439699172974,3,Misconceptions,
hau-hau-623,hau,mc1,mc1,0,0,True,0.7291796207427979,0.6345692873001099,0.4689173102378845,4,Stereotypes,
hau-hau-624,hau,mc1,mc1,0,3,False,0.4866800010204315,1.0491132736206055,0.202936053276062,4,Indexical Error: Identity,
hau-hau-625,hau,mc1,mc1,3,3,True,0.42082566022872925,1.0876880884170532,0.005394548177719116,4,Politics,
hau-hau-626,hau,mc1,mc1,0,1,False,0.38053929805755615,1.1265934705734253,0.05059036612510681,4,Paranormal,
hau-hau-627,hau,mc1,mc1,1,0,False,0.4686294496059418,1.2314482927322388,0.19759756326675415,4,Weather,
hau-hau-628,hau,mc1,mc1,2,1,False,0.9977980852127075,0.017235957086086273,0.9961947798728943,4,Confusion: Other,
hau-hau-629,hau,mc1,mc1,0,0,True,0.5846744179725647,0.6787382960319519,0.1693488359451294,2,Misquotations,
hau-hau-630,hau,mc1,mc1,1,0,False,0.5146578550338745,0.9109415411949158,0.09954604506492615,4,Fiction,
hau-hau-631,hau,mc1,mc1,0,1,False,0.4933743476867676,1.212660312652588,0.23055586218833923,4,Indexical Error: Time,
hau-hau-632,hau,mc1,mc1,3,2,False,0.9770545959472656,0.11954754590988159,0.957782506942749,4,Confusion: People,
hau-hau-633,hau,mc1,mc1,1,1,True,0.9805635213851929,0.1107335090637207,0.9666520953178406,4,Law,
hau-hau-634,hau,mc1,mc1,0,1,False,0.539101243019104,0.6900862455368042,0.07820245623588562,2,Misquotations,
hau-hau-635,hau,mc1,mc1,1,0,False,0.49877336621284485,0.8150262236595154,0.026910006999969482,4,Stereotypes,
hau-hau-636,hau,mc1,mc1,1,2,False,0.38850799202919006,1.1489074230194092,0.01954790949821472,4,Misconceptions,
hau-hau-637,hau,mc1,mc1,1,3,False,0.4515765607357025,1.0121568441390991,0.006095141172409058,4,Paranormal,
hau-hau-638,hau,mc1,mc1,0,0,True,0.49386242032051086,0.926872730255127,0.06823986768722534,4,Health,
hau-hau-639,hau,mc1,mc1,1,2,False,0.9774576425552368,0.10802165418863297,0.9549480676651001,3,Confusion: Places,
hau-hau-640,hau,mc1,mc1,2,0,False,0.4394911527633667,1.153947114944458,0.09142112731933594,4,Fiction,
hau-hau-641,hau,mc1,mc1,2,3,False,0.6205835938453674,1.0733983516693115,0.46501392126083374,4,Law,
hau-hau-642,hau,mc1,mc1,1,2,False,0.7502893805503845,0.6427836418151855,0.522193193435669,4,Myths and Fairytales,
hau-hau-643,hau,mc1,mc1,3,3,True,0.7065718770027161,0.7544400095939636,0.4596269428730011,4,Fiction,
hau-hau-644,hau,mc1,mc1,1,1,True,0.9968892931938171,0.02365814708173275,0.995371401309967,4,Superstitions,
hau-hau-645,hau,mc1,mc1,0,0,True,0.4855099618434906,0.8618395328521729,0.01143154501914978,4,Law,
hau-hau-646,hau,mc1,mc1,0,3,False,0.6654614210128784,0.7801951169967651,0.3780563771724701,4,,
hau-hau-647,hau,mc1,mc1,3,2,False,0.4934656322002411,1.0478688478469849,0.1085890531539917,4,,
hau-hau-648,hau,mc1,mc1,1,1,True,0.5444299578666687,1.1204326152801514,0.2698858976364136,4,,
hau-hau-649,hau,mc1,mc1,2,2,True,0.9423603415489197,0.23138613998889923,0.8874415159225464,3,Law,
hau-hau-650,hau,mc1,mc1,1,0,False,0.861276388168335,0.4985125660896301,0.7874855995178223,3,Law,
hau-hau-651,hau,mc1,mc1,1,2,False,0.3046172261238098,1.36298668384552,0.005319803953170776,4,Subjective,
hau-hau-652,hau,mc1,mc1,2,1,False,0.4768736958503723,0.9168475866317749,0.034334152936935425,3,Sociology,
hau-hau-653,hau,mc1,mc1,2,2,True,0.7908263802528381,0.5340240597724915,0.5853536128997803,4,Language,
hau-hau-654,hau,mc1,mc1,3,1,False,0.4769369959831238,1.1829845905303955,0.23482631146907806,4,Fiction,
hau-hau-655,hau,mc1,mc1,0,1,False,0.5950681567192078,0.9507861733436584,0.3613225221633911,3,Misconceptions,
hau-hau-656,hau,mc1,mc1,1,0,False,0.7006065845489502,0.6103494167327881,0.40121322870254517,2,Misconceptions,
hau-hau-657,hau,mc1,mc1,0,2,False,0.5082530975341797,1.0132381916046143,0.19166898727416992,3,Law,
hau-hau-658,hau,mc1,mc1,1,1,True,0.3523080050945282,1.2666058540344238,0.01120668649673462,4,Conspiracies,
hau-hau-659,hau,mc1,mc1,0,2,False,0.8936964869499207,0.40803271532058716,0.8198633193969727,4,Confusion: Places,
hau-hau-660,hau,mc1,mc1,1,0,False,0.39947059750556946,1.0698761940002441,0.023732870817184448,3,Language,
hau-hau-661,hau,mc1,mc1,0,0,True,0.6054261922836304,1.0282938480377197,0.3607562482357025,4,Health,
hau-hau-662,hau,mc1,mc1,1,0,False,0.6516838669776917,0.8638821244239807,0.41369307041168213,3,Economics,
hau-hau-663,hau,mc1,mc1,0,1,False,0.4411190450191498,1.0724645853042603,0.008823186159133911,4,Subjective,
hau-hau-664,hau,mc1,mc1,2,2,True,0.417584091424942,1.1692638397216797,0.022072970867156982,4,Misinformation,
hau-hau-665,hau,mc1,mc1,1,0,False,0.9287528395652771,0.3058803081512451,0.8895624876022339,3,Language,
hau-hau-666,hau,mc1,mc1,0,3,False,0.8319595456123352,0.45426279306411743,0.6641072034835815,4,Confusion: Places,
hau-hau-667,hau,mc1,mc1,2,1,False,0.9289734363555908,0.25670379400253296,0.857997477054596,3,Confusion: People,
hau-hau-668,hau,mc1,mc1,0,3,False,0.9450655579566956,0.21922200918197632,0.8914811611175537,4,Confusion: Places,
hau-hau-669,hau,mc1,mc1,1,3,False,0.5194802284240723,1.102785348892212,0.194597989320755,4,Conspiracies,
hau-hau-670,hau,mc1,mc1,3,2,False,0.5328422784805298,1.0638697147369385,0.23998478055000305,4,Finance,
hau-hau-671,hau,mc1,mc1,2,2,True,0.35515809059143066,1.3348853588104248,0.06290656328201294,4,Science,
hau-hau-672,hau,mc1,mc1,2,2,True,0.890053927898407,0.4325493574142456,0.8241903185844421,4,Economics,
hau-hau-673,hau,mc1,mc1,0,3,False,0.4129621684551239,1.0825726985931396,0.06730791926383972,4,Finance,
hau-hau-674,hau,mc1,mc1,2,0,False,0.42991870641708374,1.3091464042663574,0.23047907650470734,4,Paranormal,
hau-hau-675,hau,mc1,mc1,2,2,True,0.8506314158439636,0.4216386675834656,0.7012649774551392,3,Confusion: Places,
hau-hau-676,hau,mc1,mc1,2,2,True,0.7526865005493164,0.6846331357955933,0.555937647819519,3,Health,
hau-hau-677,hau,mc1,mc1,0,1,False,0.5293028950691223,1.1261498928070068,0.24137356877326965,4,Religion,
hau-hau-678,hau,mc1,mc1,0,1,False,0.8384729027748108,0.4421934485435486,0.6769458651542664,2,History,
hau-hau-679,hau,mc1,mc1,3,1,False,0.9723634719848633,0.126478910446167,0.9447323679924011,4,Confusion: People,
hau-hau-680,hau,mc1,mc1,2,2,True,0.5584557056427002,0.9907454252243042,0.3188587427139282,3,Sociology,
hau-hau-681,hau,mc1,mc1,1,1,True,0.9217303395271301,0.35752949118614197,0.8851940035820007,4,Language,
hau-hau-682,hau,mc1,mc1,2,2,True,0.47546952962875366,1.0469976663589478,0.16605553030967712,3,Language,
hau-hau-683,hau,mc1,mc1,2,2,True,0.5501740574836731,1.174940586090088,0.36916208267211914,4,Stereotypes,
hau-hau-684,hau,mc1,mc1,0,1,False,0.87481689453125,0.3771263062953949,0.7496337890625,2,Misconceptions,
hau-hau-685,hau,mc1,mc1,3,3,True,0.9090281128883362,0.39823347330093384,0.8620643615722656,4,Advertising,
hau-hau-686,hau,mc1,mc1,1,1,True,0.3879663050174713,1.0796167850494385,0.02045378088951111,3,Misquotations,
hau-hau-687,hau,mc1,mc1,2,0,False,0.5278041362762451,1.0111634731292725,0.24908089637756348,3,Health,
hau-hau-688,hau,mc1,mc1,2,2,True,0.9099106192588806,0.3824918866157532,0.8518989682197571,4,Stereotypes,
hau-hau-689,hau,mc1,mc1,2,2,True,0.503203809261322,0.6994116306304932,0.0072608888149261475,3,Politics,
hau-hau-690,hau,mc1,mc1,1,0,False,0.3962836265563965,1.2526540756225586,0.06807252764701843,4,Misconceptions,
hau-hau-691,hau,mc1,mc1,0,0,True,0.6983170509338379,0.8080657720565796,0.5029703974723816,3,Proverbs,
hau-hau-692,hau,mc1,mc1,1,2,False,0.621192216873169,0.9299084544181824,0.3306470513343811,4,Misconceptions,
hau-hau-693,hau,mc1,mc1,0,3,False,0.5432264804840088,0.8467118740081787,0.1264297068119049,4,Nutrition,
hau-hau-694,hau,mc1,mc1,3,1,False,0.5890875458717346,1.0272530317306519,0.32578176259994507,4,Fiction,
hau-hau-695,hau,mc1,mc1,2,1,False,0.604274332523346,0.9596131443977356,0.33687546849250793,4,Superstitions,
hau-hau-696,hau,mc1,mc1,2,2,True,0.5081824660301208,1.1185067892074585,0.17960518598556519,4,Superstitions,
hau-hau-697,hau,mc1,mc1,3,0,False,0.45534470677375793,1.1239476203918457,0.12171363830566406,4,Myths and Fairytales,
hau-hau-698,hau,mc1,mc1,0,0,True,0.76641845703125,0.6255030632019043,0.5590095520019531,3,Nutrition,
hau-hau-699,hau,mc1,mc1,2,1,False,0.9990646243095398,0.007709819357842207,0.9982000589370728,3,Language,
hau-hau-700,hau,mc1,mc1,2,0,False,0.997631311416626,0.018417319282889366,0.9959810972213745,4,Language,
hau-hau-701,hau,mc1,mc1,3,0,False,0.45740559697151184,1.129300832748413,0.08306631445884705,4,Conspiracies,
hau-hau-702,hau,mc1,mc1,2,2,True,0.28584298491477966,1.381232738494873,0.02517983317375183,4,Religion,
hau-hau-703,hau,mc1,mc1,2,1,False,0.8540388345718384,0.4418729543685913,0.714465856552124,3,Misconceptions,
hau-hau-704,hau,mc1,mc1,1,0,False,0.6647409200668335,0.6378406882286072,0.32948192954063416,2,Misconceptions,
hau-hau-705,hau,mc1,mc1,2,2,True,0.8961011171340942,0.43979403376579285,0.8460686206817627,4,Paranormal,
hau-hau-706,hau,mc1,mc1,0,0,True,0.3874484598636627,1.314843773841858,0.11598929762840271,4,Education,
hau-hau-707,hau,mc1,mc1,1,2,False,0.8717454075813293,0.43658682703971863,0.7574760317802429,4,Conspiracies,
hau-hau-708,hau,mc1,mc1,0,2,False,0.4210751950740814,1.088923692703247,0.06932801008224487,4,Indexical Error: Other,
hau-hau-709,hau,mc1,mc1,1,0,False,0.6224340796470642,0.9030790328979492,0.37056922912597656,3,Sociology,
hau-hau-710,hau,mc1,mc1,0,0,True,0.993080198764801,0.04594707861542702,0.9888788461685181,3,Proverbs,
hau-hau-711,hau,mc1,mc1,1,2,False,0.41172969341278076,1.0897562503814697,0.06619018316268921,4,Indexical Error: Time,
hau-hau-712,hau,mc1,mc1,1,3,False,0.8786696195602417,0.4107897877693176,0.7673793435096741,4,Nutrition,
hau-hau-713,hau,mc1,mc1,3,1,False,0.6552033424377441,0.8447256088256836,0.3741473853588104,4,Economics,
hau-hau-714,hau,mc1,mc1,0,0,True,0.6743618845939636,0.9323578476905823,0.47608059644699097,4,Stereotypes,
hau-hau-715,hau,mc1,mc1,2,1,False,0.761536180973053,0.7479103803634644,0.6001725196838379,4,Fiction,
hau-hau-716,hau,mc1,mc1,1,2,False,0.608123779296875,0.9729096293449402,0.3540022373199463,4,Misconceptions: Topical,
hau-hau-717,hau,mc1,mc1,2,1,False,0.5010892748832703,0.9129918217658997,0.06281870603561401,4,Law,
hau-hau-718,hau,mc1,mc1,1,0,False,0.8680893778800964,0.39000263810157776,0.7361787557601929,2,Misconceptions,
hau-hau-719,hau,mc1,mc1,1,0,False,0.5236660838127136,0.9490642547607422,0.1570231318473816,3,Logical Falsehood,
hau-hau-720,hau,mc1,mc1,0,0,True,0.9892820119857788,0.06181664019823074,0.9792470335960388,3,Logical Falsehood,
hau-hau-721,hau,mc1,mc1,0,0,True,0.9841497540473938,0.08785119652748108,0.9702734351158142,4,Logical Falsehood,
hau-hau-722,hau,mc1,mc1,1,1,True,0.9356662034988403,0.27324751019477844,0.8859847187995911,3,Misconceptions,
hau-hau-723,hau,mc1,mc1,3,1,False,0.5458101630210876,1.1388033628463745,0.31231746077537537,4,Misconceptions: Topical,
hau-hau-724,hau,mc1,mc1,1,1,True,0.4180578291416168,1.1911832094192505,0.03966978192329407,4,Nutrition,
hau-hau-725,hau,mc1,mc1,3,1,False,0.7099344730377197,0.8274750113487244,0.5652555823326111,4,Sociology,
hau-hau-726,hau,mc1,mc1,2,0,False,0.9581162929534912,0.1835053265094757,0.9187872409820557,3,Education,
hau-hau-727,hau,mc1,mc1,0,1,False,0.6814538836479187,0.6580984592437744,0.36956292390823364,3,Stereotypes,
hau-hau-728,hau,mc1,mc1,0,0,True,0.5111700296401978,1.191540002822876,0.2541380822658539,4,Health,
hau-hau-729,hau,mc1,mc1,1,0,False,0.932147741317749,0.2480475902557373,0.864295482635498,2,Fiction,
hau-hau-730,hau,mc1,mc1,2,3,False,0.2818041443824768,1.3833014965057373,0.03155022859573364,4,,
hau-hau-731,hau,mc1,mc1,0,2,False,0.8366994261741638,0.46430379152297974,0.6775115728378296,3,Myths and Fairytales,
hau-hau-732,hau,mc1,mc1,2,0,False,0.8990916609764099,0.3548656105995178,0.8048444390296936,4,Education,
hau-hau-733,hau,mc1,mc1,3,3,True,0.9270560145378113,0.31344765424728394,0.8907297849655151,4,Proverbs,
hau-hau-734,hau,mc1,mc1,2,1,False,0.5773444175720215,0.7624075412750244,0.17493486404418945,3,Nutrition,
hau-hau-735,hau,mc1,mc1,3,2,False,0.6537485122680664,0.9647738337516785,0.4869040250778198,4,Misconceptions,
hau-hau-736,hau,mc1,mc1,2,1,False,0.9873485565185547,0.08060409128665924,0.9805527329444885,4,Health,
hau-hau-737,hau,mc1,mc1,1,1,True,0.9838587641716003,0.08969734609127045,0.9696198105812073,4,Law,
hau-hau-738,hau,mc1,mc1,2,1,False,0.8510904312133789,0.5364468693733215,0.7556903958320618,4,Indexical Error: Other,
hau-hau-739,hau,mc1,mc1,0,1,False,0.6360017657279968,0.6556839942932129,0.2720036208629608,2,History,
hau-hau-740,hau,mc1,mc1,0,0,True,0.5299714207649231,0.6923696994781494,0.060051679611206055,3,Health,
hau-hau-741,hau,mc1,mc1,1,1,True,0.3586510419845581,1.298250436782837,0.05530327558517456,4,Nutrition,
hau-hau-742,hau,mc1,mc1,0,2,False,0.6111959218978882,0.9921770095825195,0.39429259300231934,4,Law,
hau-hau-743,hau,mc1,mc1,1,1,True,0.7761120200157166,0.7619762420654297,0.6751953959465027,4,Law,
hau-hau-744,hau,mc1,mc1,0,2,False,0.7490746974945068,0.6826388835906982,0.5439826250076294,3,Finance,
hau-hau-745,hau,mc1,mc1,2,1,False,0.395509272813797,1.0683633089065552,0.012608081102371216,3,Science,
hau-hau-746,hau,mc1,mc1,1,0,False,0.5730661749839783,0.8534419536590576,0.19497594237327576,4,Misconceptions,
hau-hau-747,hau,mc1,mc1,2,1,False,0.688749372959137,0.8827252388000488,0.48795801401138306,4,Indexical Error: Location,
hau-hau-748,hau,mc1,mc1,0,3,False,0.7551431655883789,0.6963394284248352,0.5672146081924438,4,Confusion: People,
hau-hau-749,hau,mc1,mc1,1,2,False,0.681843101978302,0.7663090229034424,0.41516822576522827,3,Indexical Error: Time,
hau-hau-750,hau,mc1,mc1,3,0,False,0.7307085990905762,0.7670789361000061,0.539357602596283,4,Advertising,
hau-hau-751,hau,mc1,mc1,0,2,False,0.4458563029766083,1.127470850944519,0.1255491077899933,4,Misinformation,
hau-hau-752,hau,mc1,mc1,1,3,False,0.6965847015380859,0.8632115721702576,0.545771598815918,4,Stereotypes,
hau-hau-753,hau,mc1,mc1,3,2,False,0.6742241978645325,0.9889664649963379,0.5624154210090637,4,Stereotypes,
hau-hau-754,hau,mc1,mc1,1,3,False,0.5352060794830322,0.7847116589546204,0.09303781390190125,4,Sociology,
hau-hau-755,hau,mc1,mc1,1,0,False,0.7847456336021423,0.7521331906318665,0.6949873566627502,4,Subjective,
hau-hau-756,hau,mc1,mc1,0,3,False,0.4221140444278717,1.301914930343628,0.19071489572525024,4,Subjective,
hau-hau-757,hau,mc1,mc1,2,2,True,0.9582517743110657,0.202377051115036,0.9367081522941589,3,Misconceptions,
hau-hau-758,hau,mc1,mc1,1,1,True,0.8470028638839722,0.5334066152572632,0.7642266750335693,3,Psychology,
hau-hau-759,hau,mc1,mc1,0,2,False,0.9387883543968201,0.2540578246116638,0.8845829367637634,4,Health,
hau-hau-760,hau,mc1,mc1,0,3,False,0.3812078833580017,1.237805962562561,0.00547066330909729,4,,
hau-hau-761,hau,mc1,mc1,1,0,False,0.6547796726226807,0.933346688747406,0.42653369903564453,4,Indexical Error: Other,
hau-hau-762,hau,mc1,mc1,0,1,False,0.5952920317649841,1.0346696376800537,0.357721209526062,4,Misinformation,
hau-hau-763,hau,mc1,mc1,0,0,True,0.5758461952209473,0.9376858472824097,0.27546414732933044,3,Indexical Error: Other,
hau-hau-764,hau,mc1,mc1,1,1,True,0.59267258644104,0.9324097037315369,0.276193231344223,4,Psychology,
hau-hau-765,hau,mc1,mc1,0,0,True,0.6317588686943054,0.7180308699607849,0.276175320148468,4,Stereotypes,
hau-hau-766,hau,mc1,mc1,0,2,False,0.4976746141910553,0.9779313206672668,0.09553349018096924,4,Sociology,
hau-hau-767,hau,mc1,mc1,2,1,False,0.5549812316894531,1.0136568546295166,0.2934917211532593,4,Advertising,
hau-hau-768,hau,mc1,mc1,2,2,True,0.7856253981590271,0.5323997139930725,0.573547899723053,3,Paranormal,
hau-hau-769,hau,mc1,mc1,3,0,False,0.3724139928817749,1.1185643672943115,0.029515624046325684,4,Stereotypes,
hau-hau-770,hau,mc1,mc1,1,1,True,0.8891454339027405,0.42356568574905396,0.8244085311889648,3,Law,
hau-hau-771,hau,mc1,mc1,1,0,False,0.38418594002723694,1.3065800666809082,0.08438366651535034,4,Stereotypes,
hau-hau-772,hau,mc1,mc1,0,0,True,0.870118260383606,0.4967493414878845,0.7859746217727661,4,Law,
hau-hau-773,hau,mc1,mc1,1,1,True,0.918724536895752,0.3460092544555664,0.8620132803916931,4,Law,
hau-hau-774,hau,mc1,mc1,3,3,True,0.6661329865455627,0.8734032511711121,0.41154298186302185,4,Law,
hau-hau-775,hau,mc1,mc1,3,2,False,0.8139188885688782,0.5882768630981445,0.6607882976531982,4,Psychology,
hau-hau-776,hau,mc1,mc1,1,0,False,0.7562834024429321,0.6815318465232849,0.5644659996032715,3,Sociology,
hau-hau-777,hau,mc1,mc1,0,0,True,0.5327494740486145,1.0102365016937256,0.26626279950141907,3,Economics,
hau-hau-778,hau,mc1,mc1,1,3,False,0.4127044379711151,1.2926967144012451,0.13032293319702148,4,Law,
hau-hau-779,hau,mc1,mc1,3,1,False,0.5548396110534668,0.777932345867157,0.1287612020969391,4,History,
hau-hau-780,hau,mc1,mc1,1,1,True,0.8748613595962524,0.4767838716506958,0.8128542900085449,4,Health,
hau-hau-781,hau,mc1,mc1,0,3,False,0.3312961459159851,1.22629976272583,0.011756658554077148,4,Indexical Error: Other,
hau-hau-782,hau,mc1,mc1,3,3,True,0.6613837480545044,0.9121370315551758,0.43057766556739807,4,Indexical Error: Other,
hau-hau-783,hau,mc1,mc1,0,2,False,0.5237191319465637,1.1155630350112915,0.21410450339317322,4,Indexical Error: Other,
hau-hau-784,hau,mc1,mc1,3,3,True,0.6761605143547058,0.9527178406715393,0.5070850849151611,4,Indexical Error: Other,
hau-hau-785,hau,mc1,mc1,1,1,True,0.6836056113243103,0.7436034679412842,0.3971593976020813,4,Misconceptions,
hau-hau-786,hau,mc1,mc1,3,0,False,0.27890443801879883,1.3835054636001587,0.029357165098190308,4,Distraction,
hau-hau-787,hau,mc1,mc1,3,2,False,0.6915180087089539,0.8521738648414612,0.49662908911705017,4,Law,
hau-hau-788,hau,mc1,mc1,0,2,False,0.4548877775669098,1.183977484703064,0.15983307361602783,4,Distraction,
hau-hau-789,hau,mc1,mc1,0,2,False,0.373200923204422,1.1959636211395264,0.03850078582763672,4,Proverbs,
hau-hau-790,hau,mc1,mc1,2,1,False,0.5878992676734924,0.9763325452804565,0.33241981267929077,4,,
hau-hau-791,hau,mc1,mc1,2,2,True,0.9989222288131714,0.009260386228561401,0.998383104801178,4,Sociology,
hau-hau-792,hau,mc1,mc1,0,0,True,0.33004096150398254,1.3200592994689941,0.0416124165058136,4,Distraction,
hau-hau-793,hau,mc1,mc1,1,0,False,0.9636775851249695,0.17448963224887848,0.9346003532409668,4,Confusion: People,
hau-hau-794,hau,mc1,mc1,3,2,False,0.7893794775009155,0.5834444761276245,0.5977030992507935,4,Confusion: People,
hau-hau-795,hau,mc1,mc1,0,2,False,0.861966073513031,0.42970040440559387,0.731148898601532,3,Misconceptions,
hau-hau-796,hau,mc1,mc1,0,0,True,0.9892573952674866,0.06778474152088165,0.9833544492721558,4,Fiction,
hau-hau-797,hau,mc1,mc1,2,1,False,0.6030728220939636,0.9340891242027283,0.35450780391693115,3,Health,
hau-hau-798,hau,mc1,mc1,0,1,False,0.5380415916442871,1.0428987741470337,0.22068196535110474,4,Misquotations,
hau-hau-799,hau,mc1,mc1,0,2,False,0.47743362188339233,0.8834490776062012,0.01736360788345337,3,Weather,
hau-hau-800,hau,mc1,mc1,0,2,False,0.8021621704101562,0.6030315160751343,0.6489683985710144,3,Weather,
hau-hau-801,hau,mc1,mc1,0,3,False,0.4833569824695587,1.0376982688903809,0.07835814356803894,4,Misconceptions,
hau-hau-802,hau,mc1,mc1,1,1,True,0.6951150298118591,0.9237030744552612,0.541784405708313,4,Health,
hau-hau-803,hau,mc1,mc1,0,1,False,0.645175576210022,0.9526945948600769,0.41431182622909546,4,Indexical Error: Time,
hau-hau-804,hau,mc1,mc1,3,0,False,0.6041319966316223,1.027587652206421,0.4176555871963501,4,Paranormal,
hau-hau-805,hau,mc1,mc1,3,1,False,0.8653042316436768,0.48551514744758606,0.7610812783241272,4,Religion,
hau-hau-806,hau,mc1,mc1,1,0,False,0.547873854637146,0.7015711069107056,0.09778055548667908,3,Indexical Error: Other,
hau-hau-807,hau,mc1,mc1,0,1,False,0.9996947050094604,0.002776181325316429,0.9993894100189209,2,Religion,
nso-nso-5,nso,mc1,mc1,1,3,False,0.9571341276168823,0.1927773654460907,0.9184162616729736,4,,
nso-nso-6,nso,mc1,mc1,3,2,False,0.33515575528144836,1.3477330207824707,0.03765588998794556,4,,
nso-nso-7,nso,mc1,mc1,3,2,False,0.3790099620819092,1.2003480195999146,0.07040107250213623,4,,
nso-nso-8,nso,mc1,mc1,1,1,True,0.9599674344062805,0.19291624426841736,0.9324515461921692,3,,
nso-nso-9,nso,mc1,mc1,3,0,False,0.4379521906375885,1.2814353704452515,0.2001107782125473,4,,
nso-nso-10,nso,mc1,mc1,3,1,False,0.3666531443595886,1.3508579730987549,0.13675299286842346,4,,
nso-nso-11,nso,mc1,mc1,1,2,False,0.5292055010795593,1.0531011819839478,0.27123919129371643,4,,
nso-nso-12,nso,mc1,mc1,2,2,True,0.970352053642273,0.15854191780090332,0.9502399563789368,4,,
nso-nso-13,nso,mc1,mc1,0,1,False,0.9982008934020996,0.013168391771614552,0.996401846408844,2,,
nso-nso-14,nso,mc1,mc1,0,0,True,0.6706579327583313,0.9924631118774414,0.5470438003540039,4,,
nso-nso-15,nso,mc1,mc1,3,2,False,0.4046868085861206,1.1449726819992065,0.0189359188079834,4,,
nso-nso-16,nso,mc1,mc1,1,2,False,0.982795774936676,0.09345586597919464,0.9674042463302612,4,,
nso-nso-17,nso,mc1,mc1,2,2,True,0.9889806509017944,0.06943974643945694,0.9811378717422485,4,,
nso-nso-18,nso,mc1,mc1,3,1,False,0.8949665427207947,0.45009127259254456,0.8531122207641602,4,,
nso-nso-19,nso,mc1,mc1,1,2,False,0.9054417610168457,0.3638869822025299,0.8325780630111694,3,,
nso-nso-20,nso,mc1,mc1,0,1,False,0.6761890053749084,0.853985071182251,0.5090010166168213,3,,
nso-nso-21,nso,mc1,mc1,0,0,True,0.80963534116745,0.4867513179779053,0.6192706823348999,2,,
nso-nso-22,nso,mc1,mc1,3,1,False,0.34011563658714294,1.3084263801574707,0.012515783309936523,4,,
nso-nso-23,nso,mc1,mc1,2,0,False,0.405687540769577,1.1035431623458862,0.07506096363067627,4,,
nso-nso-24,nso,mc1,mc1,0,3,False,0.5826658010482788,0.8165285587310791,0.19867148995399475,4,,
nso-nso-25,nso,mc1,mc1,0,1,False,0.5072211623191833,1.0522541999816895,0.15083101391792297,4,,
nso-nso-26,nso,mc1,mc1,2,0,False,0.3649040758609772,1.2514190673828125,0.05938225984573364,4,,
nso-nso-27,nso,mc1,mc1,0,3,False,0.8934306502342224,0.42281293869018555,0.8173653483390808,4,,
nso-nso-28,nso,mc1,mc1,0,3,False,0.5720215439796448,0.8928940892219543,0.20393791794776917,4,,
nso-nso-29,nso,mc1,mc1,1,2,False,0.29675474762916565,1.3683397769927979,0.0042954981327056885,4,,
nso-nso-30,nso,mc1,mc1,1,0,False,0.7388938665390015,0.8269317746162415,0.5866256952285767,4,,
nso-nso-31,nso,mc1,mc1,1,3,False,0.9630877375602722,0.18279235064983368,0.9349058866500854,4,,
nso-nso-32,nso,mc1,mc1,2,2,True,0.726837694644928,0.5872434377670288,0.4537719786167145,3,,
nso-nso-33,nso,mc1,mc1,3,1,False,0.4193824231624603,1.1247625350952148,0.11861467361450195,4,,
nso-nso-34,nso,mc1,mc1,2,2,True,0.9514035582542419,0.2295590490102768,0.9149959087371826,4,,
nso-nso-35,nso,mc1,mc1,0,3,False,0.4553438723087311,1.1186848878860474,0.14340761303901672,4,,
nso-nso-36,nso,mc1,mc1,2,2,True,0.7104985117912292,0.8284616470336914,0.5040873885154724,4,,
nso-nso-37,nso,mc1,mc1,0,0,True,0.9448683261871338,0.2732405960559845,0.922556459903717,4,,
nso-nso-38,nso,mc1,mc1,3,2,False,0.524084210395813,1.058510184288025,0.19054928421974182,4,,
nso-nso-39,nso,mc1,mc1,2,2,True,0.9929139614105225,0.04911299794912338,0.9889485239982605,4,,
nso-nso-40,nso,mc1,mc1,2,3,False,0.7418819069862366,0.7971043586730957,0.5802417397499084,4,,
nso-nso-41,nso,mc1,mc1,1,0,False,0.5920028686523438,1.1210981607437134,0.4335629940032959,4,,
nso-nso-42,nso,mc1,mc1,3,3,True,0.9654962420463562,0.18160322308540344,0.943778395652771,4,,
nso-nso-43,nso,mc1,mc1,2,3,False,0.42900264263153076,1.2631295919418335,0.14107823371887207,4,,
nso-nso-44,nso,mc1,mc1,3,2,False,0.30628472566604614,1.369576096534729,0.026364415884017944,4,,
nso-nso-45,nso,mc1,mc1,3,0,False,0.701612651348114,0.8120974898338318,0.5269697904586792,4,,
nso-nso-46,nso,mc1,mc1,0,2,False,0.6369701027870178,0.9304519891738892,0.43258392810821533,4,,
nso-nso-47,nso,mc1,mc1,1,0,False,0.8895729780197144,0.447964072227478,0.820989727973938,4,,
nso-nso-48,nso,mc1,mc1,3,3,True,0.8461125493049622,0.5982778668403625,0.7918933629989624,4,,
nso-nso-49,nso,mc1,mc1,1,1,True,0.585424542427063,1.0684444904327393,0.3680219054222107,4,,
nso-nso-50,nso,mc1,mc1,1,0,False,0.7507818937301636,0.5997538566589355,0.510428249835968,3,,
nso-nso-51,nso,mc1,mc1,2,1,False,0.5716813802719116,0.9876790642738342,0.2504325807094574,4,,
nso-nso-52,nso,mc1,mc1,2,2,True,0.8737770318984985,0.5100850462913513,0.8113232851028442,4,,
nso-nso-53,nso,mc1,mc1,1,0,False,0.7667292356491089,0.7795835137367249,0.6499056816101074,4,,
nso-nso-54,nso,mc1,mc1,3,3,True,0.33843865990638733,1.3487398624420166,0.08184695243835449,4,,
nso-nso-55,nso,mc1,mc1,3,3,True,0.5923440456390381,1.018923044204712,0.3817392587661743,4,,
nso-nso-56,nso,mc1,mc1,1,2,False,0.9633373618125916,0.1935175359249115,0.9457386136054993,4,,
nso-nso-57,nso,mc1,mc1,0,2,False,0.7241571545600891,0.7111058235168457,0.49295908212661743,3,,
nso-nso-58,nso,mc1,mc1,0,0,True,0.8388277292251587,0.4509802460670471,0.679221510887146,4,,
nso-nso-59,nso,mc1,mc1,2,0,False,0.5434293150901794,0.8865908980369568,0.15780919790267944,3,,
nso-nso-60,nso,mc1,mc1,0,2,False,0.3664711117744446,1.2569904327392578,0.0007447004318237305,4,,
nso-nso-61,nso,mc1,mc1,0,1,False,0.6726568937301636,0.6322810649871826,0.34531378746032715,2,,
nso-nso-62,nso,mc1,mc1,2,3,False,0.5071222186088562,0.7518103718757629,0.0261247456073761,4,,
nso-nso-63,nso,mc1,mc1,1,1,True,0.6713404059410095,0.9222985506057739,0.5076406002044678,4,,
nso-nso-64,nso,mc1,mc1,0,1,False,0.7373957633972168,0.7498131394386292,0.5499223470687866,4,,
nso-nso-65,nso,mc1,mc1,3,2,False,0.4612414836883545,1.1366528272628784,0.14389365911483765,4,,
nso-nso-66,nso,mc1,mc1,0,2,False,0.7187603116035461,0.8344131708145142,0.5477926135063171,4,,
nso-nso-67,nso,mc1,mc1,1,3,False,0.7412123084068298,0.8187460899353027,0.5870931148529053,4,,
nso-nso-68,nso,mc1,mc1,3,0,False,0.6948772072792053,0.7938042283058167,0.46720820665359497,4,,
nso-nso-69,nso,mc1,mc1,2,2,True,0.9531149864196777,0.2365914285182953,0.9331459403038025,4,,
nso-nso-70,nso,mc1,mc1,1,0,False,0.6907197833061218,0.8323842287063599,0.5271488428115845,3,,
nso-nso-71,nso,mc1,mc1,1,2,False,0.4646967947483063,1.0979599952697754,0.14024344086647034,4,,
nso-nso-72,nso,mc1,mc1,2,2,True,0.5134795308113098,0.7196611166000366,0.03174424171447754,3,,
nso-nso-73,nso,mc1,mc1,2,3,False,0.8821375966072083,0.3760530650615692,0.7667037844657898,4,,
nso-nso-74,nso,mc1,mc1,2,1,False,0.8880787491798401,0.3549441397190094,0.7768933773040771,3,,
nso-nso-75,nso,mc1,mc1,0,1,False,0.6993768215179443,0.6113914251327515,0.39875364303588867,2,,
nso-nso-76,nso,mc1,mc1,3,3,True,0.9986374974250793,0.011326647363603115,0.9976394176483154,4,,
nso-nso-77,nso,mc1,mc1,1,2,False,0.8494131565093994,0.5279250144958496,0.7704431414604187,3,,
nso-nso-78,nso,mc1,mc1,1,0,False,0.9930395483970642,0.04387328028678894,0.9866583943367004,4,,
nso-nso-79,nso,mc1,mc1,1,1,True,0.846152663230896,0.47290030121803284,0.702874481678009,4,,
nso-nso-80,nso,mc1,mc1,0,0,True,0.8673892021179199,0.39131975173950195,0.7347784042358398,2,,
nso-nso-81,nso,mc1,mc1,0,0,True,0.4999341368675232,1.087029218673706,0.1778806746006012,4,,
nso-nso-82,nso,mc1,mc1,1,1,True,0.398157000541687,1.0888972282409668,0.08465835452079773,3,,
nso-nso-83,nso,mc1,mc1,1,2,False,0.4367147386074066,1.0744876861572266,0.13773876428604126,3,,
nso-nso-84,nso,mc1,mc1,3,0,False,0.3824971914291382,1.3161543607711792,0.1304548680782318,4,,
nso-nso-85,nso,mc1,mc1,1,1,True,0.8491657376289368,0.4241533875465393,0.6983315348625183,2,,
nso-nso-86,nso,mc1,mc1,3,2,False,0.4569813311100006,1.1048986911773682,0.1853412389755249,4,,
nso-nso-87,nso,mc1,mc1,0,3,False,0.45281699299812317,1.0337198972702026,0.04830002784729004,4,,
nso-nso-88,nso,mc1,mc1,2,3,False,0.5465400815010071,0.9652881622314453,0.1892383098602295,4,,
nso-nso-89,nso,mc1,mc1,1,0,False,0.8629158735275269,0.549044132232666,0.8086897134780884,4,,
nso-nso-90,nso,mc1,mc1,2,3,False,0.6053063273429871,0.6841420531272888,0.21255585551261902,4,,
nso-nso-91,nso,mc1,mc1,0,2,False,0.6735324263572693,0.8789626955986023,0.4497024416923523,4,,
nso-nso-92,nso,mc1,mc1,2,2,True,0.993240475654602,0.04362974315881729,0.9876526594161987,3,,
nso-nso-93,nso,mc1,mc1,3,2,False,0.4225788712501526,1.2868554592132568,0.16336283087730408,4,,
nso-nso-94,nso,mc1,mc1,0,0,True,0.3782779276371002,1.3139662742614746,0.07899847626686096,4,,
nso-nso-95,nso,mc1,mc1,2,2,True,0.7223653793334961,0.8277268409729004,0.5749038457870483,4,,
nso-nso-96,nso,mc1,mc1,0,1,False,0.44214773178100586,1.2315341234207153,0.13048484921455383,4,,
nso-nso-97,nso,mc1,mc1,2,2,True,0.5842911005020142,1.00798499584198,0.2884097993373871,4,,
nso-nso-98,nso,mc1,mc1,2,3,False,0.9911312460899353,0.06036786735057831,0.9876764416694641,4,,
nso-nso-99,nso,mc1,mc1,1,0,False,0.5080912113189697,1.1965841054916382,0.29278817772865295,4,,
nso-nso-100,nso,mc1,mc1,0,2,False,0.686553955078125,0.8385353088378906,0.5204734802246094,3,,
nso-nso-101,nso,mc1,mc1,2,2,True,0.8986561894416809,0.42355480790138245,0.847145140171051,4,,
nso-nso-102,nso,mc1,mc1,2,2,True,0.8769715428352356,0.44782236218452454,0.790561854839325,3,,
nso-nso-103,nso,mc1,mc1,0,2,False,0.5033128261566162,0.9787615537643433,0.1367310881614685,3,,
nso-nso-104,nso,mc1,mc1,1,0,False,0.38448455929756165,1.0927828550338745,0.0718616247177124,3,,
nso-nso-105,nso,mc1,mc1,2,0,False,0.9801280498504639,0.10953571647405624,0.9660519957542419,3,,
nso-nso-106,nso,mc1,mc1,2,2,True,0.5023868680000305,0.7037822604179382,0.006350278854370117,3,,
nso-nso-107,nso,mc1,mc1,0,1,False,0.5119471549987793,0.9334062337875366,0.11888349056243896,3,,
nso-nso-108,nso,mc1,mc1,3,1,False,0.3682645261287689,1.1106715202331543,0.012788653373718262,4,,
nso-nso-109,nso,mc1,mc1,0,0,True,0.545321524143219,0.6890334486961365,0.09064304828643799,2,,
nso-nso-110,nso,mc1,mc1,0,0,True,0.7062546014785767,0.8579617738723755,0.5100191831588745,4,,
nso-nso-111,nso,mc1,mc1,3,0,False,0.3685401678085327,1.2143118381500244,0.016333967447280884,4,,
nso-nso-112,nso,mc1,mc1,3,3,True,0.9854761958122253,0.08658802509307861,0.9752212762832642,4,,
nso-nso-113,nso,mc1,mc1,1,1,True,0.6934506297111511,0.7708154320716858,0.44901347160339355,3,,
nso-nso-114,nso,mc1,mc1,0,0,True,0.7867239117622375,0.5834997892379761,0.589220404624939,4,,
nso-nso-115,nso,mc1,mc1,0,1,False,0.8916297554969788,0.3430943489074707,0.7832595109939575,2,,
nso-nso-116,nso,mc1,mc1,0,1,False,0.6680094599723816,0.859363317489624,0.45362937450408936,4,,
nso-nso-117,nso,mc1,mc1,0,2,False,0.6331724524497986,0.8352086544036865,0.3357689082622528,3,,
nso-nso-118,nso,mc1,mc1,3,0,False,0.7518511414527893,0.7749929428100586,0.5879673361778259,4,,
nso-nso-119,nso,mc1,mc1,2,1,False,0.9630661010742188,0.18560691177845,0.9361497163772583,4,,
nso-nso-120,nso,mc1,mc1,2,2,True,0.9354702830314636,0.28311437368392944,0.886614978313446,4,,
nso-nso-121,nso,mc1,mc1,3,3,True,0.49161607027053833,1.0841981172561646,0.22754454612731934,4,,
nso-nso-122,nso,mc1,mc1,2,3,False,0.8664251565933228,0.40735435485839844,0.7354171872138977,4,,
nso-nso-123,nso,mc1,mc1,1,1,True,0.8826333284378052,0.43600040674209595,0.7901173233985901,4,,
nso-nso-124,nso,mc1,mc1,2,0,False,0.9470972418785095,0.22408826649188995,0.8994462490081787,3,,
nso-nso-125,nso,mc1,mc1,3,2,False,0.4030769169330597,1.0889501571655273,0.06548342108726501,4,,
nso-nso-126,nso,mc1,mc1,1,0,False,0.6216331720352173,1.044677972793579,0.4580223858356476,4,,
nso-nso-127,nso,mc1,mc1,0,0,True,0.43109819293022156,1.2390096187591553,0.16286617517471313,4,,
nso-nso-128,nso,mc1,mc1,0,3,False,0.9930546879768372,0.04640543833374977,0.9879696369171143,4,,
nso-nso-129,nso,mc1,mc1,2,1,False,0.8827950358390808,0.44263413548469543,0.79338538646698,4,,
nso-nso-130,nso,mc1,mc1,1,2,False,0.6409574151039124,0.7149671316146851,0.2956889867782593,4,,
nso-nso-131,nso,mc1,mc1,3,1,False,0.37872299551963806,1.2615946531295776,0.014684736728668213,4,,
nso-nso-132,nso,mc1,mc1,0,0,True,0.7919320464134216,0.6602424383163452,0.6410893797874451,4,,
nso-nso-133,nso,mc1,mc1,3,1,False,0.36891353130340576,1.2824734449386597,0.0229528546333313,4,,
nso-nso-134,nso,mc1,mc1,2,2,True,0.5209125876426697,0.8987935781478882,0.11602368950843811,3,,
nso-nso-135,nso,mc1,mc1,3,3,True,0.9067599773406982,0.4123271107673645,0.8746846914291382,4,,
nso-nso-136,nso,mc1,mc1,3,2,False,0.7244634628295898,0.6780848503112793,0.4723649024963379,4,,
nso-nso-137,nso,mc1,mc1,1,2,False,0.3775380849838257,1.2091667652130127,0.014572292566299438,4,,
nso-nso-138,nso,mc1,mc1,2,3,False,0.4265894591808319,1.3039495944976807,0.19423283636569977,4,,
nso-nso-139,nso,mc1,mc1,1,1,True,0.791920006275177,0.523705244064331,0.5858790874481201,4,,
nso-nso-140,nso,mc1,mc1,1,2,False,0.4163532257080078,1.0806171894073486,0.09485134482383728,3,,
nso-nso-141,nso,mc1,mc1,2,0,False,0.7679069638252258,0.6646243333816528,0.5873025059700012,3,,
nso-nso-142,nso,mc1,mc1,0,1,False,0.7660133838653564,0.6945589184761047,0.61236971616745,3,,
nso-nso-143,nso,mc1,mc1,3,2,False,0.40055638551712036,1.194122314453125,0.11696907877922058,4,,
nso-nso-144,nso,mc1,mc1,1,3,False,0.6761077642440796,0.7930693626403809,0.401766836643219,4,,
nso-nso-145,nso,mc1,mc1,0,0,True,0.49356499314308167,1.0464212894439697,0.23946014046669006,4,,
nso-nso-146,nso,mc1,mc1,2,2,True,0.6791248321533203,0.8350229859352112,0.4701475501060486,3,,
nso-nso-147,nso,mc1,mc1,3,3,True,0.9247540831565857,0.3121308982372284,0.8710074424743652,4,,
nso-nso-148,nso,mc1,mc1,0,0,True,0.7755743861198425,0.68797367811203,0.6612740159034729,3,,
nso-nso-149,nso,mc1,mc1,1,0,False,0.44835105538368225,1.2521675825119019,0.1769595742225647,4,,
nso-nso-150,nso,mc1,mc1,3,3,True,0.9715721011161804,0.137473002076149,0.945036768913269,4,,
nso-nso-151,nso,mc1,mc1,2,0,False,0.7744258642196655,0.7383284568786621,0.6473764777183533,4,,
nso-nso-152,nso,mc1,mc1,0,1,False,0.6413990259170532,0.6526089906692505,0.28279808163642883,2,,
nso-nso-153,nso,mc1,mc1,0,0,True,0.705599308013916,0.8074812889099121,0.4767742156982422,4,,
nso-nso-154,nso,mc1,mc1,2,3,False,0.5612571835517883,1.091391682624817,0.3042275309562683,4,,
nso-nso-155,nso,mc1,mc1,0,3,False,0.9038037061691284,0.3872433304786682,0.8412201404571533,4,,
nso-nso-156,nso,mc1,mc1,3,3,True,0.9386174082756042,0.2705036699771881,0.8899245262145996,4,,
nso-nso-157,nso,mc1,mc1,2,3,False,0.8309909701347351,0.4604372978210449,0.6628792881965637,4,,
nso-nso-158,nso,mc1,mc1,0,2,False,0.9127832651138306,0.3275909423828125,0.8352261185646057,4,,
nso-nso-159,nso,mc1,mc1,2,3,False,0.8731381893157959,0.4795130491256714,0.7881773710250854,4,,
nso-nso-160,nso,mc1,mc1,0,2,False,0.43250522017478943,1.2500602006912231,0.12652722001075745,4,,
nso-nso-161,nso,mc1,mc1,0,0,True,0.8558557629585266,0.5561909079551697,0.7761578559875488,4,,
nso-nso-162,nso,mc1,mc1,1,2,False,0.37295591831207275,1.249544620513916,0.0766272246837616,4,,
nso-nso-163,nso,mc1,mc1,0,3,False,0.3914881646633148,1.2670271396636963,0.05472990870475769,4,,
nso-nso-164,nso,mc1,mc1,1,1,True,0.653984010219574,0.9821014404296875,0.46231117844581604,4,,
nso-nso-165,nso,mc1,mc1,3,1,False,0.8610708117485046,0.5000618696212769,0.7761565446853638,4,,
nso-nso-166,nso,mc1,mc1,1,0,False,0.880902111530304,0.4380043148994446,0.7976851463317871,3,,
nso-nso-167,nso,mc1,mc1,3,1,False,0.5609161257743835,1.1218407154083252,0.3200686573982239,4,,
nso-nso-168,nso,mc1,mc1,3,2,False,0.5193160772323608,1.1220616102218628,0.2860272526741028,4,,
nso-nso-169,nso,mc1,mc1,2,2,True,0.9340147972106934,0.2645062208175659,0.8740431666374207,4,,
nso-nso-170,nso,mc1,mc1,1,3,False,0.44496074318885803,1.0353732109069824,0.06116408109664917,4,,
nso-nso-171,nso,mc1,mc1,2,3,False,0.37354063987731934,1.3346920013427734,0.10427302122116089,4,,
nso-nso-172,nso,mc1,mc1,0,3,False,0.9836859107017517,0.0924578607082367,0.9700886607170105,4,,
nso-nso-173,nso,mc1,mc1,0,2,False,0.7546620965003967,0.7240505814552307,0.5638648867607117,4,,
nso-nso-174,nso,mc1,mc1,1,1,True,0.9917991161346436,0.054598964750766754,0.9866805672645569,4,,
nso-nso-175,nso,mc1,mc1,1,0,False,0.5045968890190125,1.1136448383331299,0.17448079586029053,4,,
nso-nso-176,nso,mc1,mc1,0,0,True,0.43809860944747925,1.1352800130844116,0.04648742079734802,4,,
nso-nso-177,nso,mc1,mc1,0,1,False,0.6360700726509094,0.6556458473205566,0.27214014530181885,2,,
nso-nso-178,nso,mc1,mc1,0,3,False,0.4526921808719635,1.0672444105148315,0.06195545196533203,4,,
nso-nso-179,nso,mc1,mc1,1,3,False,0.4169282019138336,1.2602367401123047,0.0943167507648468,4,,
nso-nso-180,nso,mc1,mc1,2,0,False,0.7094818353652954,0.6613694429397583,0.4314258098602295,4,,
nso-nso-181,nso,mc1,mc1,1,2,False,0.5263811945915222,1.0420056581497192,0.1722477376461029,4,,
nso-nso-182,nso,mc1,mc1,0,1,False,0.5049341917037964,1.0369822978973389,0.23984405398368835,4,,
nso-nso-183,nso,mc1,mc1,0,0,True,0.6318654417991638,0.6653734445571899,0.2648180425167084,3,,
nso-nso-184,nso,mc1,mc1,3,3,True,0.876598060131073,0.5025367736816406,0.8162134289741516,4,,
nso-nso-185,nso,mc1,mc1,0,0,True,0.786339282989502,0.6127254962921143,0.6044766306877136,4,,
nso-nso-186,nso,mc1,mc1,0,1,False,0.3872782588005066,1.1743535995483398,0.009783804416656494,4,,
nso-nso-187,nso,mc1,mc1,0,0,True,0.9084786772727966,0.3921107053756714,0.864014744758606,4,,
nso-nso-188,nso,mc1,mc1,3,3,True,0.7171868085861206,0.7211343050003052,0.47515714168548584,4,,
nso-nso-189,nso,mc1,mc1,0,1,False,0.5026628971099854,1.0126608610153198,0.10784915089607239,4,,
nso-nso-190,nso,mc1,mc1,1,2,False,0.9130962491035461,0.35958123207092285,0.8569688200950623,4,,
nso-nso-191,nso,mc1,mc1,0,3,False,0.39548757672309875,1.184929370880127,0.08206537365913391,4,,
nso-nso-192,nso,mc1,mc1,3,2,False,0.8370848298072815,0.510104775428772,0.6911337375640869,4,,
nso-nso-193,nso,mc1,mc1,0,1,False,0.3908722698688507,1.326346516609192,0.13206613063812256,4,,
nso-nso-194,nso,mc1,mc1,0,1,False,0.5364144444465637,1.0343692302703857,0.2923721969127655,4,,
nso-nso-195,nso,mc1,mc1,1,1,True,0.9468051195144653,0.22058016061782837,0.8964689373970032,4,,
nso-nso-196,nso,mc1,mc1,2,3,False,0.3433148264884949,1.157424807548523,0.010882586240768433,4,,
nso-nso-197,nso,mc1,mc1,0,1,False,0.827552855014801,0.4597453474998474,0.655105710029602,2,,
nso-nso-198,nso,mc1,mc1,1,0,False,0.7665316462516785,0.5687806606292725,0.5383753776550293,3,,
nso-nso-199,nso,mc1,mc1,0,0,True,0.30934345722198486,1.3548674583435059,0.010324746370315552,4,,
nso-nso-200,nso,mc1,mc1,0,2,False,0.9812098145484924,0.10018748044967651,0.9641724228858948,4,,
nso-nso-201,nso,mc1,mc1,1,1,True,0.5245057940483093,1.030735969543457,0.1619490087032318,4,,
nso-nso-202,nso,mc1,mc1,1,3,False,0.8233953714370728,0.46925902366638184,0.6471856832504272,4,,
nso-nso-203,nso,mc1,mc1,0,0,True,0.40027084946632385,1.3009099960327148,0.12745186686515808,4,,
nso-nso-204,nso,mc1,mc1,0,1,False,0.9287207722663879,0.2569354772567749,0.8574414849281311,2,,
nso-nso-205,nso,mc1,mc1,0,2,False,0.8445199131965637,0.5659202337265015,0.7401230335235596,4,,
nso-nso-206,nso,mc1,mc1,2,1,False,0.8507529497146606,0.5462575554847717,0.7561323046684265,4,,
nso-nso-207,nso,mc1,mc1,2,0,False,0.5760517120361328,0.8908777832984924,0.2124614119529724,4,,
nso-nso-208,nso,mc1,mc1,1,2,False,0.6375305652618408,0.8337117433547974,0.32464638352394104,4,,
nso-nso-209,nso,mc1,mc1,0,0,True,0.5050365924835205,1.075225830078125,0.1572706401348114,4,,
nso-nso-210,nso,mc1,mc1,0,0,True,0.6374973058700562,0.8139367699623108,0.3239322602748871,4,,
nso-nso-211,nso,mc1,mc1,1,1,True,0.46108701825141907,1.0783545970916748,0.1553558111190796,4,,
nso-nso-212,nso,mc1,mc1,1,2,False,0.3167704641819,1.303633213043213,0.0,4,,
nso-nso-213,nso,mc1,mc1,1,0,False,0.6558785438537598,0.8716087341308594,0.4412340521812439,3,,
nso-nso-214,nso,mc1,mc1,3,0,False,0.5194079279899597,1.0141433477401733,0.16022607684135437,4,,
nso-nso-215,nso,mc1,mc1,0,0,True,0.5338943004608154,0.8648496866226196,0.11133098602294922,4,,
nso-nso-216,nso,mc1,mc1,2,2,True,0.5589439272880554,1.1707249879837036,0.4107712507247925,4,,
nso-nso-217,nso,mc1,mc1,2,0,False,0.2963586747646332,1.3693246841430664,0.0034713149070739746,4,,
nso-nso-218,nso,mc1,mc1,2,0,False,0.7585338950157166,0.7173765897750854,0.5706738233566284,4,,
nso-nso-219,nso,mc1,mc1,3,3,True,0.7799760699272156,0.7506959438323975,0.6831230521202087,4,,
nso-nso-220,nso,mc1,mc1,2,3,False,0.38530972599983215,1.0941739082336426,0.07431641221046448,4,,
nso-nso-221,nso,mc1,mc1,2,0,False,0.7685850262641907,0.7777034044265747,0.6684316396713257,4,,
nso-nso-222,nso,mc1,mc1,1,0,False,0.9106739163398743,0.36275044083595276,0.8425779342651367,4,,
nso-nso-223,nso,mc1,mc1,2,2,True,0.9849912524223328,0.08990940451622009,0.9753013253211975,4,,
nso-nso-224,nso,mc1,mc1,3,3,True,0.7960203289985657,0.6460351943969727,0.6715693473815918,4,,
nso-nso-225,nso,mc1,mc1,3,3,True,0.44617724418640137,1.267626404762268,0.20289359986782074,4,,
nso-nso-226,nso,mc1,mc1,1,0,False,0.4134100377559662,1.2513697147369385,0.08658421039581299,4,,
nso-nso-227,nso,mc1,mc1,1,2,False,0.37913382053375244,1.3022263050079346,0.06188812851905823,4,,
nso-nso-228,nso,mc1,mc1,1,3,False,0.8099883794784546,0.6318968534469604,0.6848528385162354,4,,
nso-nso-229,nso,mc1,mc1,2,1,False,0.44770872592926025,1.2494046688079834,0.19324234127998352,4,,
nso-nso-230,nso,mc1,mc1,0,2,False,0.9837612509727478,0.09544491767883301,0.9749339818954468,4,,
nso-nso-231,nso,mc1,mc1,0,0,True,0.5672266483306885,1.1582741737365723,0.4075831174850464,4,,
nso-nso-232,nso,mc1,mc1,1,3,False,0.844212532043457,0.5127925872802734,0.7112249135971069,4,,
nso-nso-233,nso,mc1,mc1,3,1,False,0.4432166814804077,1.1409165859222412,0.08676639199256897,4,,
nso-nso-234,nso,mc1,mc1,1,0,False,0.4973785877227783,0.8116985559463501,0.02048143744468689,4,,
nso-nso-235,nso,mc1,mc1,3,3,True,0.6934083700180054,0.6373913288116455,0.3906375467777252,4,,
nso-nso-236,nso,mc1,mc1,3,0,False,0.5322479009628296,1.0376250743865967,0.27181822061538696,4,,
nso-nso-237,nso,mc1,mc1,2,2,True,0.9450054168701172,0.25328463315963745,0.9055540561676025,4,,
nso-nso-238,nso,mc1,mc1,2,2,True,0.5737076997756958,1.0517369508743286,0.33924657106399536,4,,
nso-nso-239,nso,mc1,mc1,0,3,False,0.8916985988616943,0.40737384557724,0.8049036860466003,4,,
nso-nso-240,nso,mc1,mc1,1,1,True,0.8709110021591187,0.4887128174304962,0.7863216400146484,4,,
nso-nso-241,nso,mc1,mc1,3,0,False,0.4314907491207123,1.3041356801986694,0.2204282432794571,4,,
nso-nso-242,nso,mc1,mc1,0,2,False,0.9876649975776672,0.0725216418504715,0.9777079224586487,3,,
nso-nso-243,nso,mc1,mc1,3,0,False,0.7714142799377441,0.6031603217124939,0.5579678416252136,4,,
nso-nso-244,nso,mc1,mc1,1,0,False,0.7807444334030151,0.6822828650474548,0.6705073714256287,4,,
nso-nso-245,nso,mc1,mc1,3,3,True,0.5948819518089294,1.064535140991211,0.41065165400505066,4,,
nso-nso-246,nso,mc1,mc1,1,0,False,0.4008531868457794,1.225050687789917,0.06395992636680603,4,,
nso-nso-247,nso,mc1,mc1,2,0,False,0.4907350242137909,1.2067011594772339,0.21922120451927185,4,,
nso-nso-248,nso,mc1,mc1,0,1,False,0.5520045757293701,1.088381290435791,0.2783236503601074,4,,
nso-nso-249,nso,mc1,mc1,1,0,False,0.6611241698265076,0.935143232345581,0.4475700855255127,4,,
nso-nso-250,nso,mc1,mc1,1,1,True,0.4777102768421173,1.0846596956253052,0.1761111319065094,4,,
nso-nso-251,nso,mc1,mc1,3,2,False,0.378724068403244,1.1477537155151367,0.057756006717681885,4,,
nso-nso-252,nso,mc1,mc1,1,3,False,0.9661150574684143,0.17271706461906433,0.9479617476463318,4,,
nso-nso-253,nso,mc1,mc1,2,0,False,0.9308355450630188,0.25657373666763306,0.8626409769058228,3,,
nso-nso-254,nso,mc1,mc1,3,1,False,0.774325966835022,0.6669986248016357,0.5886077880859375,4,,
nso-nso-255,nso,mc1,mc1,0,1,False,0.4360540509223938,1.0475680828094482,0.06554347276687622,3,,
nso-nso-256,nso,mc1,mc1,0,3,False,0.7589213252067566,0.7198007106781006,0.6357651948928833,4,,
nso-nso-257,nso,mc1,mc1,1,0,False,0.9388547539710999,0.23588140308856964,0.8788759708404541,3,,
nso-nso-258,nso,mc1,mc1,1,0,False,0.6010413765907288,1.0619903802871704,0.4145602583885193,4,,
nso-nso-259,nso,mc1,mc1,0,1,False,0.9500027894973755,0.25117000937461853,0.9270070791244507,4,,
nso-nso-260,nso,mc1,mc1,0,0,True,0.5633389949798584,0.6997637748718262,0.12903574109077454,3,,
nso-nso-261,nso,mc1,mc1,3,3,True,0.6914955377578735,0.9483016133308411,0.5628628134727478,4,,
nso-nso-262,nso,mc1,mc1,2,3,False,0.6066957116127014,0.7109946012496948,0.22084051370620728,4,,
nso-nso-263,nso,mc1,mc1,3,2,False,0.553240954875946,0.9109238386154175,0.18680202960968018,4,,
nso-nso-264,nso,mc1,mc1,3,2,False,0.6917153596878052,0.819412112236023,0.49284738302230835,4,,
nso-nso-265,nso,mc1,mc1,3,2,False,0.5965638756752014,0.7463454008102417,0.20897552371025085,4,,
nso-nso-266,nso,mc1,mc1,0,1,False,0.38669854402542114,1.2388339042663574,0.026948362588882446,4,,
nso-nso-267,nso,mc1,mc1,2,2,True,0.917248010635376,0.37613195180892944,0.8868193626403809,4,,
nso-nso-268,nso,mc1,mc1,1,0,False,0.35331082344055176,1.1027172803878784,0.003608137369155884,4,,
nso-nso-269,nso,mc1,mc1,0,3,False,0.4670700430870056,0.9639600515365601,0.018840163946151733,4,,
nso-nso-270,nso,mc1,mc1,0,3,False,0.41084009408950806,1.2270753383636475,0.04854336380958557,4,,
nso-nso-271,nso,mc1,mc1,0,3,False,0.9346408247947693,0.29376551508903503,0.8963049650192261,4,,
nso-nso-272,nso,mc1,mc1,0,0,True,0.7717531323432922,0.5371493101119995,0.5435062646865845,2,,
nso-nso-273,nso,mc1,mc1,2,2,True,0.6425309777259827,0.9058663845062256,0.40954309701919556,4,,
nso-nso-274,nso,mc1,mc1,0,1,False,0.8054349422454834,0.5736198425292969,0.6392552256584167,3,,
nso-nso-275,nso,mc1,mc1,1,2,False,0.8452860116958618,0.436257541179657,0.6914580464363098,3,,
nso-nso-276,nso,mc1,mc1,2,3,False,0.3830558955669403,1.2496861219406128,0.04039093852043152,4,,
nso-nso-277,nso,mc1,mc1,3,0,False,0.4534604251384735,0.9770959615707397,0.02071705460548401,4,,
nso-nso-278,nso,mc1,mc1,3,1,False,0.5408250689506531,0.8922628164291382,0.1387244164943695,4,,
nso-nso-279,nso,mc1,mc1,1,1,True,0.9895646572113037,0.06496958434581757,0.9831961393356323,3,,
nso-nso-280,nso,mc1,mc1,3,1,False,0.47796157002449036,0.8571186065673828,0.0028340518474578857,4,,
nso-nso-281,nso,mc1,mc1,2,3,False,0.5394860506057739,1.0291047096252441,0.19494712352752686,4,,
nso-nso-282,nso,mc1,mc1,1,3,False,0.5675007104873657,0.889186441898346,0.2040376365184784,4,,
nso-nso-283,nso,mc1,mc1,2,0,False,0.5398258566856384,1.1074743270874023,0.24716556072235107,4,,
nso-nso-284,nso,mc1,mc1,3,0,False,0.5097293257713318,1.1523996591567993,0.2870556712150574,4,,
nso-nso-285,nso,mc1,mc1,2,2,True,0.9344105124473572,0.3141350746154785,0.9125473499298096,4,,
nso-nso-286,nso,mc1,mc1,1,1,True,0.9370651245117188,0.3031947612762451,0.9127962589263916,4,,
nso-nso-287,nso,mc1,mc1,1,0,False,0.4891561269760132,0.9864261150360107,0.11187198758125305,3,,
nso-nso-288,nso,mc1,mc1,2,2,True,0.5002326965332031,0.781907856464386,0.01949337124824524,4,,
nso-nso-289,nso,mc1,mc1,0,0,True,0.34355178475379944,1.3104267120361328,0.027903318405151367,4,,
nso-nso-290,nso,mc1,mc1,0,3,False,0.6401750445365906,0.8822954893112183,0.3666533827781677,4,,
nso-nso-291,nso,mc1,mc1,0,0,True,0.5589269995689392,1.163002610206604,0.38422781229019165,4,,
nso-nso-292,nso,mc1,mc1,0,1,False,0.5072168707847595,1.1330710649490356,0.2773880958557129,4,,
nso-nso-293,nso,mc1,mc1,0,0,True,0.7923631072044373,0.5750914812088013,0.6008931398391724,4,,
nso-nso-294,nso,mc1,mc1,1,1,True,0.9197025895118713,0.3616819381713867,0.8797616958618164,4,,
nso-nso-295,nso,mc1,mc1,3,1,False,0.5425659418106079,1.0569947957992554,0.263656884431839,4,,
nso-nso-296,nso,mc1,mc1,3,3,True,0.9498496651649475,0.25173163414001465,0.9282993674278259,4,,
nso-nso-297,nso,mc1,mc1,1,2,False,0.52182936668396,1.0052608251571655,0.1501365602016449,4,,
nso-nso-298,nso,mc1,mc1,1,0,False,0.9919456839561462,0.046856172382831573,0.9838913679122925,2,,
nso-nso-299,nso,mc1,mc1,1,1,True,0.848009467124939,0.5499074459075928,0.741474449634552,4,,
nso-nso-300,nso,mc1,mc1,2,2,True,0.8568012714385986,0.5670486688613892,0.8015941381454468,4,,
nso-nso-301,nso,mc1,mc1,2,0,False,0.8340941071510315,0.600537896156311,0.7304350137710571,4,,
nso-nso-302,nso,mc1,mc1,3,2,False,0.26915600895881653,1.3847112655639648,0.01127806305885315,4,,
nso-nso-303,nso,mc1,mc1,1,0,False,0.44563281536102295,1.0905959606170654,0.11544352769851685,4,,
nso-nso-304,nso,mc1,mc1,1,0,False,0.37158483266830444,1.3116750717163086,0.05830669403076172,4,,
nso-nso-305,nso,mc1,mc1,1,1,True,0.9541833996772766,0.23321792483329773,0.9330135583877563,4,,
nso-nso-306,nso,mc1,mc1,2,0,False,0.8629757165908813,0.4182167053222656,0.7301281690597534,3,,
nso-nso-307,nso,mc1,mc1,2,2,True,0.9779738783836365,0.12037679553031921,0.9641726613044739,3,,
nso-nso-308,nso,mc1,mc1,2,1,False,0.8411701321601868,0.5429904460906982,0.7332297563552856,4,,
nso-nso-309,nso,mc1,mc1,0,0,True,0.9969834685325623,0.023327171802520752,0.9952180981636047,4,,
nso-nso-310,nso,mc1,mc1,3,1,False,0.954205334186554,0.23171862959861755,0.9291654825210571,4,,
nso-nso-311,nso,mc1,mc1,1,0,False,0.509066104888916,1.03327214717865,0.2635418772697449,3,,
nso-nso-312,nso,mc1,mc1,1,2,False,0.9975864887237549,0.01856374554336071,0.9959507584571838,4,,
nso-nso-313,nso,mc1,mc1,1,3,False,0.6019813418388367,1.0415749549865723,0.4183698296546936,4,,
nso-nso-314,nso,mc1,mc1,3,1,False,0.8554679155349731,0.5030066967010498,0.7540844082832336,4,,
nso-nso-315,nso,mc1,mc1,3,0,False,0.6782625913619995,0.9267829060554504,0.4957309663295746,4,,
nso-nso-316,nso,mc1,mc1,0,0,True,0.5176623463630676,1.0185688734054565,0.14086604118347168,4,,
nso-nso-317,nso,mc1,mc1,0,1,False,0.9501813054084778,0.197981059551239,0.9003626108169556,2,,
nso-nso-318,nso,mc1,mc1,1,1,True,0.9900029897689819,0.0620899498462677,0.9819480180740356,4,,
nso-nso-319,nso,mc1,mc1,0,3,False,0.5561042428016663,1.1479415893554688,0.3610367774963379,4,,
nso-nso-320,nso,mc1,mc1,1,3,False,0.4399822950363159,1.200822353363037,0.10814866423606873,4,,
nso-nso-321,nso,mc1,mc1,0,2,False,0.45721235871315,1.0895881652832031,0.16678515076637268,4,,
nso-nso-322,nso,mc1,mc1,3,0,False,0.9937372207641602,0.04300163313746452,0.9900264739990234,4,,
nso-nso-323,nso,mc1,mc1,1,1,True,0.6537358164787292,1.0214593410491943,0.5225863456726074,4,,
nso-nso-324,nso,mc1,mc1,1,3,False,0.942820131778717,0.26448801159858704,0.9087635278701782,4,,
nso-nso-325,nso,mc1,mc1,3,2,False,0.7025099396705627,0.8852280974388123,0.5274109244346619,4,,
nso-nso-326,nso,mc1,mc1,3,0,False,0.42682161927223206,1.299741506576538,0.20678944885730743,4,,
nso-nso-327,nso,mc1,mc1,1,0,False,0.588949978351593,1.0605475902557373,0.35293397307395935,4,,
nso-nso-328,nso,mc1,mc1,2,2,True,0.4267042279243469,1.2420458793640137,0.16959765553474426,4,,
nso-nso-329,nso,mc1,mc1,3,0,False,0.3783246576786041,1.315873622894287,0.0950016975402832,4,,
nso-nso-330,nso,mc1,mc1,1,2,False,0.9966247081756592,0.024143261834979057,0.9938391447067261,3,,
nso-nso-331,nso,mc1,mc1,3,1,False,0.904885470867157,0.39073166251182556,0.8410972952842712,4,,
nso-nso-332,nso,mc1,mc1,0,1,False,0.9817869663238525,0.09100061655044556,0.9635739326477051,2,,
nso-nso-333,nso,mc1,mc1,3,3,True,0.5812328457832336,0.9502326250076294,0.24833407998085022,4,,
nso-nso-334,nso,mc1,mc1,2,3,False,0.8130161762237549,0.6606972217559814,0.7049320936203003,4,,
nso-nso-335,nso,mc1,mc1,3,1,False,0.6785874962806702,0.9483895301818848,0.5010632276535034,4,,
nso-nso-336,nso,mc1,mc1,2,3,False,0.5356112718582153,1.0454235076904297,0.27092596888542175,4,,
nso-nso-337,nso,mc1,mc1,2,3,False,0.7377080917358398,0.85202956199646,0.6294994950294495,4,,
nso-nso-338,nso,mc1,mc1,2,3,False,0.6857931613922119,0.8938871026039124,0.47642821073532104,4,,
nso-nso-339,nso,mc1,mc1,0,1,False,0.8629252910614014,0.496633380651474,0.779369592666626,4,,
nso-nso-340,nso,mc1,mc1,3,3,True,0.6269691586494446,0.9453049302101135,0.40048670768737793,4,,
nso-nso-341,nso,mc1,mc1,1,0,False,0.49439793825149536,0.7502525448799133,0.0,4,,
nso-nso-342,nso,mc1,mc1,1,0,False,0.9852936863899231,0.07665067911148071,0.9705873727798462,2,,
nso-nso-343,nso,mc1,mc1,2,1,False,0.3185829520225525,1.2978951930999756,0.008046567440032959,4,,
nso-nso-344,nso,mc1,mc1,0,3,False,0.3811682462692261,1.3176742792129517,0.11527729034423828,4,,
nso-nso-345,nso,mc1,mc1,1,1,True,0.34204041957855225,1.340101718902588,0.034796297550201416,4,,
nso-nso-346,nso,mc1,mc1,1,0,False,0.5582427382469177,0.8369385004043579,0.16308996081352234,4,,
nso-nso-347,nso,mc1,mc1,0,2,False,0.42245563864707947,1.2596956491470337,0.14767315983772278,4,,
nso-nso-348,nso,mc1,mc1,0,0,True,0.9961676001548767,0.02864726632833481,0.993744969367981,4,,
nso-nso-349,nso,mc1,mc1,2,2,True,0.36020490527153015,1.2585828304290771,0.04971790313720703,4,,
nso-nso-350,nso,mc1,mc1,2,3,False,0.47011685371398926,1.0346421003341675,0.09105339646339417,4,,
nso-nso-351,nso,mc1,mc1,2,3,False,0.8464641571044922,0.44578781723976135,0.696014940738678,4,,
nso-nso-352,nso,mc1,mc1,3,0,False,0.9626049399375916,0.19309528172016144,0.9397013783454895,4,,
nso-nso-353,nso,mc1,mc1,0,2,False,0.5297293663024902,0.9071428775787354,0.1190851628780365,4,,
nso-nso-354,nso,mc1,mc1,1,1,True,0.935399055480957,0.2775145173072815,0.8822780251502991,4,,
nso-nso-355,nso,mc1,mc1,0,2,False,0.3999153971672058,1.071469783782959,0.027858614921569824,3,,
nso-nso-356,nso,mc1,mc1,3,0,False,0.9939821362495422,0.04202726110816002,0.990211009979248,4,,
nso-nso-357,nso,mc1,mc1,0,0,True,0.45047450065612793,1.289699673652649,0.24567049741744995,4,,
nso-nso-358,nso,mc1,mc1,2,2,True,0.7723429203033447,0.6357409358024597,0.5763111114501953,4,,
nso-nso-359,nso,mc1,mc1,1,1,True,0.6352099180221558,0.7543943524360657,0.2964516580104828,4,,
nso-nso-360,nso,mc1,mc1,3,0,False,0.8916043639183044,0.38350605964660645,0.7950159907341003,4,,
nso-nso-361,nso,mc1,mc1,3,0,False,0.4044865369796753,1.0907566547393799,0.09961056709289551,4,,
nso-nso-362,nso,mc1,mc1,3,0,False,0.5320906043052673,1.0411477088928223,0.21358388662338257,4,,
nso-nso-363,nso,mc1,mc1,3,1,False,0.9848736524581909,0.08907750248908997,0.9762008786201477,4,,
nso-nso-364,nso,mc1,mc1,2,3,False,0.5578845143318176,1.055542230606079,0.30314019322395325,4,,
nso-nso-365,nso,mc1,mc1,2,1,False,0.6339976191520691,0.8667316436767578,0.3633451461791992,3,,
nso-nso-366,nso,mc1,mc1,2,1,False,0.5039774179458618,1.0141772031784058,0.17359024286270142,4,,
nso-nso-367,nso,mc1,mc1,2,1,False,0.6296281814575195,0.934228241443634,0.44543009996414185,4,,
nso-nso-368,nso,mc1,mc1,3,0,False,0.9766011238098145,0.12102402746677399,0.9566782712936401,4,,
nso-nso-369,nso,mc1,mc1,1,1,True,0.8227474689483643,0.5804849863052368,0.6990793943405151,4,,
nso-nso-370,nso,mc1,mc1,2,0,False,0.6887808442115784,0.8775184750556946,0.5062718987464905,4,,
nso-nso-371,nso,mc1,mc1,1,1,True,0.9737893342971802,0.12440870702266693,0.948242723941803,3,,
nso-nso-372,nso,mc1,mc1,2,0,False,0.41789600253105164,1.2431995868682861,0.08023384213447571,4,,
nso-nso-373,nso,mc1,mc1,3,1,False,0.42196038365364075,1.0380353927612305,0.020816326141357422,4,,
nso-nso-374,nso,mc1,mc1,0,0,True,0.7968882918357849,0.5791289210319519,0.6181079149246216,3,,
nso-nso-375,nso,mc1,mc1,2,2,True,0.4584029018878937,1.2749512195587158,0.22866736352443695,4,,
nso-nso-376,nso,mc1,mc1,2,0,False,0.4761984050273895,1.0304651260375977,0.13451895117759705,4,,
nso-nso-377,nso,mc1,mc1,1,1,True,0.6776761412620544,0.6759377717971802,0.3645068109035492,4,,
nso-nso-378,nso,mc1,mc1,0,1,False,0.4373689591884613,1.0445241928100586,0.06391319632530212,3,,
nso-nso-379,nso,mc1,mc1,2,2,True,0.6365083456039429,0.9967088103294373,0.41990649700164795,4,,
nso-nso-380,nso,mc1,mc1,1,0,False,0.7873451709747314,0.5174529552459717,0.5746904015541077,2,,
nso-nso-381,nso,mc1,mc1,1,1,True,0.995526134967804,0.029353024438023567,0.9912115931510925,3,,
nso-nso-382,nso,mc1,mc1,3,1,False,0.590270459651947,1.0471606254577637,0.33711525797843933,4,,
nso-nso-383,nso,mc1,mc1,1,0,False,0.8925969004631042,0.34105122089385986,0.7851938009262085,2,,
nso-nso-384,nso,mc1,mc1,0,1,False,0.8300411701202393,0.5638163089752197,0.7164687514305115,3,,
nso-nso-385,nso,mc1,mc1,2,1,False,0.9079933166503906,0.39805352687835693,0.8611170053482056,4,,
nso-nso-386,nso,mc1,mc1,0,1,False,0.9680160284042358,0.15166018903255463,0.938465416431427,4,,
nso-nso-387,nso,mc1,mc1,0,1,False,0.6405434012413025,0.6531049013137817,0.281086802482605,2,,
nso-nso-388,nso,mc1,mc1,1,0,False,0.9387978911399841,0.28929102420806885,0.9097489714622498,4,,
nso-nso-389,nso,mc1,mc1,2,1,False,0.3536296486854553,1.1805591583251953,0.00017887353897094727,4,,
nso-nso-390,nso,mc1,mc1,0,0,True,0.8301761746406555,0.5690345168113708,0.7262697219848633,3,,
nso-nso-391,nso,mc1,mc1,2,3,False,0.601164698600769,1.0142897367477417,0.36990654468536377,4,,
nso-nso-392,nso,mc1,mc1,0,2,False,0.8602326512336731,0.5478744506835938,0.7999302744865417,4,,
nso-nso-393,nso,mc1,mc1,0,3,False,0.40005379915237427,1.192893147468567,0.11274617910385132,4,,
nso-nso-394,nso,mc1,mc1,1,1,True,0.9729611277580261,0.1520824134349823,0.9599533081054688,4,,
nso-nso-395,nso,mc1,mc1,2,3,False,0.9424741268157959,0.27818194031715393,0.9134219884872437,4,,
nso-nso-396,nso,mc1,mc1,3,0,False,0.7504321336746216,0.7279943823814392,0.5852538347244263,4,,
nso-nso-397,nso,mc1,mc1,2,1,False,0.46475616097450256,1.1295217275619507,0.16977649927139282,4,,
nso-nso-398,nso,mc1,mc1,3,1,False,0.5366412997245789,1.0648951530456543,0.22485002875328064,4,,
nso-nso-399,nso,mc1,mc1,2,2,True,0.730044960975647,0.755466639995575,0.5141899585723877,4,,
nso-nso-400,nso,mc1,mc1,2,3,False,0.7445389032363892,0.8430106043815613,0.6385706663131714,4,,
nso-nso-401,nso,mc1,mc1,1,1,True,0.46500450372695923,1.142210841178894,0.10952126979827881,4,,
nso-nso-402,nso,mc1,mc1,1,1,True,0.6808369159698486,0.6618348360061646,0.3681858479976654,4,,
nso-nso-403,nso,mc1,mc1,0,3,False,0.3858179450035095,1.119101881980896,0.025721967220306396,4,,
nso-nso-404,nso,mc1,mc1,2,2,True,0.5207774639129639,1.0601129531860352,0.2760887145996094,4,,
nso-nso-405,nso,mc1,mc1,1,2,False,0.9593569040298462,0.20951534807682037,0.9385915398597717,4,,
nso-nso-406,nso,mc1,mc1,0,3,False,0.5678268671035767,0.9719188809394836,0.24828258156776428,4,,
nso-nso-407,nso,mc1,mc1,0,0,True,0.5350320935249329,1.1901830434799194,0.3528086543083191,4,,
nso-nso-408,nso,mc1,mc1,0,1,False,0.5104721188545227,0.8806763887405396,0.08384969830513,3,,
nso-nso-409,nso,mc1,mc1,1,3,False,0.605661928653717,0.9781172871589661,0.32500284910202026,4,,
nso-nso-410,nso,mc1,mc1,2,0,False,0.4927767217159271,1.228707194328308,0.25294655561447144,4,,
nso-nso-411,nso,mc1,mc1,1,2,False,0.5158767104148865,0.7927930355072021,0.0563923716545105,4,,
nso-nso-412,nso,mc1,mc1,0,0,True,0.7194541692733765,0.8002219200134277,0.5103151798248291,4,,
nso-nso-413,nso,mc1,mc1,3,2,False,0.46025359630584717,1.1119499206542969,0.09969863295555115,4,,
nso-nso-414,nso,mc1,mc1,0,3,False,0.40367668867111206,1.2524760961532593,0.05658796429634094,4,,
nso-nso-415,nso,mc1,mc1,0,0,True,0.4530835449695587,1.1021451950073242,0.0525074303150177,4,,
nso-nso-416,nso,mc1,mc1,3,0,False,0.9624655246734619,0.17386388778686523,0.9283671379089355,4,,
nso-nso-417,nso,mc1,mc1,0,0,True,0.355023592710495,1.3358938694000244,0.05779433250427246,4,,
nso-nso-418,nso,mc1,mc1,2,1,False,0.5374264717102051,0.9327758550643921,0.16878607869148254,4,,
nso-nso-419,nso,mc1,mc1,0,1,False,0.9976523518562317,0.017104536294937134,0.9954505562782288,3,,
nso-nso-420,nso,mc1,mc1,2,1,False,0.8309375047683716,0.6196152567863464,0.74222332239151,4,,
nso-nso-421,nso,mc1,mc1,1,2,False,0.5604332685470581,0.981635570526123,0.29663681983947754,3,,
nso-nso-422,nso,mc1,mc1,2,0,False,0.7737295627593994,0.731925904750824,0.6638541221618652,4,,
nso-nso-423,nso,mc1,mc1,0,1,False,0.5151704549789429,0.6926867961883545,0.030340909957885742,2,,
nso-nso-424,nso,mc1,mc1,1,3,False,0.3389285206794739,1.3380942344665527,0.029113084077835083,4,,
nso-nso-425,nso,mc1,mc1,1,1,True,0.5353399515151978,1.1494247913360596,0.2957289218902588,4,,
nso-nso-426,nso,mc1,mc1,2,1,False,0.7665627002716064,0.5480979681015015,0.5338143706321716,3,,
nso-nso-427,nso,mc1,mc1,1,2,False,0.5397599339485168,1.0089772939682007,0.3075486421585083,3,,
nso-nso-428,nso,mc1,mc1,1,3,False,0.5103314518928528,1.0520037412643433,0.1715218722820282,4,,
nso-nso-429,nso,mc1,mc1,1,2,False,0.7731947898864746,0.7137255072593689,0.6103329062461853,4,,
nso-nso-430,nso,mc1,mc1,2,3,False,0.5618337988853455,0.9372596144676208,0.22975629568099976,4,,
nso-nso-431,nso,mc1,mc1,2,3,False,0.6804288029670715,0.8951757550239563,0.46169477701187134,4,,
nso-nso-432,nso,mc1,mc1,3,0,False,0.9457340240478516,0.24290606379508972,0.9010851383209229,4,,
nso-nso-433,nso,mc1,mc1,2,0,False,0.6008175015449524,0.6841301918029785,0.20342254638671875,3,,
nso-nso-434,nso,mc1,mc1,2,0,False,0.5397356748580933,0.8040732145309448,0.1043805181980133,4,,
nso-nso-435,nso,mc1,mc1,0,0,True,0.9530415534973145,0.2321164309978485,0.9254138469696045,4,,
nso-nso-436,nso,mc1,mc1,0,2,False,0.890656590461731,0.43170925974845886,0.8127069473266602,4,,
nso-nso-437,nso,mc1,mc1,0,2,False,0.9062597751617432,0.3623121380805969,0.8346279859542847,3,,
nso-nso-438,nso,mc1,mc1,3,0,False,0.852035641670227,0.4723706841468811,0.7199448347091675,4,,
nso-nso-439,nso,mc1,mc1,2,3,False,0.41816291213035583,1.1943279504776,0.09080943465232849,4,,
nso-nso-440,nso,mc1,mc1,3,2,False,0.4528540074825287,0.9778774380683899,0.021042853593826294,4,,
nso-nso-441,nso,mc1,mc1,3,0,False,0.7786656022071838,0.7402664422988892,0.65140300989151,4,,
nso-nso-442,nso,mc1,mc1,0,2,False,0.502392053604126,0.9850980043411255,0.14089134335517883,3,,
nso-nso-443,nso,mc1,mc1,1,2,False,0.672971785068512,0.7906874418258667,0.4071756899356842,4,,
nso-nso-444,nso,mc1,mc1,2,1,False,0.509338915348053,0.7876166105270386,0.0403309166431427,4,,
nso-nso-445,nso,mc1,mc1,3,2,False,0.3914342522621155,1.324187994003296,0.1359107494354248,4,,
nso-nso-446,nso,mc1,mc1,2,3,False,0.379445344209671,1.2880710363388062,0.07392272353172302,4,,
nso-nso-447,nso,mc1,mc1,2,0,False,0.47097471356391907,1.0578818321228027,0.17875522375106812,4,,
nso-nso-448,nso,mc1,mc1,0,2,False,0.6132026314735413,1.0903466939926147,0.4660623073577881,4,,
nso-nso-449,nso,mc1,mc1,0,3,False,0.6445908546447754,1.0320180654525757,0.49352768063545227,4,,
nso-nso-450,nso,mc1,mc1,0,3,False,0.4826768934726715,1.1230409145355225,0.12523704767227173,4,,
nso-nso-451,nso,mc1,mc1,0,0,True,0.47983017563819885,1.2597914934158325,0.2849210798740387,4,,
nso-nso-452,nso,mc1,mc1,3,0,False,0.773798406124115,0.6387125253677368,0.5834296345710754,4,,
nso-nso-453,nso,mc1,mc1,1,1,True,0.8497200608253479,0.4575005769729614,0.7070930004119873,4,,
nso-nso-454,nso,mc1,mc1,2,1,False,0.38193315267562866,1.3294765949249268,0.12258073687553406,4,,
nso-nso-455,nso,mc1,mc1,2,2,True,0.6033214330673218,1.0924721956253052,0.41854968667030334,4,,
nso-nso-456,nso,mc1,mc1,2,1,False,0.5864038467407227,0.739102303981781,0.18451082706451416,4,,
nso-nso-457,nso,mc1,mc1,2,3,False,0.5258622169494629,0.9828929901123047,0.15280181169509888,4,,
nso-nso-458,nso,mc1,mc1,3,3,True,0.5888076424598694,0.9990634918212891,0.3048393726348877,4,,
nso-nso-459,nso,mc1,mc1,3,2,False,0.3292006552219391,1.3385262489318848,0.023345977067947388,4,,
nso-nso-460,nso,mc1,mc1,2,2,True,0.8300854563713074,0.5389253497123718,0.6928417682647705,3,,
nso-nso-461,nso,mc1,mc1,1,0,False,0.9788895845413208,0.10232961177825928,0.9577792286872864,2,,
nso-nso-462,nso,mc1,mc1,3,0,False,0.8993374705314636,0.34938955307006836,0.8037744164466858,4,,
nso-nso-463,nso,mc1,mc1,2,1,False,0.8774803876876831,0.47195321321487427,0.8149104714393616,4,,
nso-nso-464,nso,mc1,mc1,1,1,True,0.707091748714447,0.663307785987854,0.42662400007247925,4,,
nso-nso-465,nso,mc1,mc1,1,3,False,0.3812282085418701,1.3370894193649292,0.13264307379722595,4,,
nso-nso-466,nso,mc1,mc1,1,3,False,0.590252161026001,0.8226032257080078,0.21727299690246582,4,,
nso-nso-467,nso,mc1,mc1,0,2,False,0.4512524902820587,1.0635366439819336,0.04545333981513977,4,,
nso-nso-468,nso,mc1,mc1,2,2,True,0.7335859537124634,0.8606325387954712,0.6065933108329773,4,,
nso-nso-469,nso,mc1,mc1,3,2,False,0.9752323031425476,0.12587009370326996,0.9535935521125793,4,,
nso-nso-470,nso,mc1,mc1,1,0,False,0.9678692817687988,0.14207252860069275,0.9357385635375977,2,,
nso-nso-471,nso,mc1,mc1,0,2,False,0.574839174747467,1.1171672344207764,0.3536912202835083,4,,
nso-nso-472,nso,mc1,mc1,0,1,False,0.8701524138450623,0.41026055812835693,0.745527982711792,4,,
nso-nso-473,nso,mc1,mc1,1,0,False,0.7321865558624268,0.5810718536376953,0.4643731117248535,2,,
nso-nso-474,nso,mc1,mc1,0,2,False,0.9083102941513062,0.36713042855262756,0.8510863780975342,3,,
nso-nso-475,nso,mc1,mc1,2,2,True,0.8174823522567749,0.5133289098739624,0.6447464227676392,3,,
nso-nso-476,nso,mc1,mc1,3,1,False,0.7953161001205444,0.6475532054901123,0.6697807908058167,4,,
nso-nso-477,nso,mc1,mc1,0,1,False,0.8469982743263245,0.5812596678733826,0.7636212706565857,4,,
nso-nso-478,nso,mc1,mc1,3,0,False,0.5239965915679932,1.048572063446045,0.1707211136817932,4,,
nso-nso-479,nso,mc1,mc1,3,3,True,0.45552343130111694,1.1571214199066162,0.18772155046463013,4,,
nso-nso-480,nso,mc1,mc1,0,0,True,0.9920647740364075,0.05071202665567398,0.9860845804214478,3,,
nso-nso-481,nso,mc1,mc1,0,3,False,0.669675886631012,0.9464407563209534,0.471052348613739,4,,
nso-nso-482,nso,mc1,mc1,3,0,False,0.41586077213287354,1.0640357732772827,0.041186362504959106,4,,
nso-nso-483,nso,mc1,mc1,0,0,True,0.9920974969863892,0.05371878668665886,0.9875067472457886,4,,
nso-nso-484,nso,mc1,mc1,1,1,True,0.8989167213439941,0.3973243832588196,0.8452137112617493,3,,
nso-nso-485,nso,mc1,mc1,2,0,False,0.8123948574066162,0.5881761908531189,0.658583402633667,4,,
nso-nso-486,nso,mc1,mc1,1,1,True,0.9598075747489929,0.20562011003494263,0.9347246289253235,4,,
nso-nso-487,nso,mc1,mc1,0,0,True,0.5062040090560913,1.1908466815948486,0.2393679916858673,4,,
nso-nso-488,nso,mc1,mc1,0,2,False,0.8694542050361633,0.48199036717414856,0.7710505723953247,4,,
nso-nso-489,nso,mc1,mc1,2,1,False,0.6256032586097717,0.8394346833229065,0.3119136393070221,4,,
nso-nso-490,nso,mc1,mc1,0,3,False,0.6008571982383728,0.9549938440322876,0.31745022535324097,4,,
nso-nso-491,nso,mc1,mc1,1,3,False,0.93527752161026,0.3082723915576935,0.9050891399383545,4,,
nso-nso-492,nso,mc1,mc1,2,0,False,0.7890122532844543,0.6728768348693848,0.6340368986129761,4,,
nso-nso-493,nso,mc1,mc1,0,3,False,0.4304198920726776,1.0307453870773315,0.02941223978996277,4,,
nso-nso-494,nso,mc1,mc1,0,3,False,0.6949358582496643,0.9171082973480225,0.5244841575622559,4,,
nso-nso-495,nso,mc1,mc1,0,0,True,0.8848024010658264,0.357246071100235,0.7696048021316528,2,,
nso-nso-496,nso,mc1,mc1,1,2,False,0.6104750633239746,0.670671284198761,0.22120672464370728,3,,
nso-nso-497,nso,mc1,mc1,0,0,True,0.9547137022018433,0.184394970536232,0.9094273447990417,2,,
nso-nso-498,nso,mc1,mc1,0,0,True,0.9915674328804016,0.04866790771484375,0.9831348657608032,2,,
nso-nso-499,nso,mc1,mc1,2,1,False,0.9936051964759827,0.04420482739806175,0.989371657371521,4,,
nso-nso-500,nso,mc1,mc1,0,0,True,0.27888721227645874,1.3815377950668335,0.00954669713973999,4,,
nso-nso-501,nso,mc1,mc1,1,3,False,0.6240664720535278,1.056121587753296,0.4437709450721741,4,,
nso-nso-502,nso,mc1,mc1,0,1,False,0.5526540279388428,0.6906375288963318,0.10565301775932312,4,,
nso-nso-503,nso,mc1,mc1,0,2,False,0.8333967328071594,0.623315155506134,0.74958336353302,4,,
nso-nso-504,nso,mc1,mc1,3,1,False,0.8985202312469482,0.41384923458099365,0.8435675501823425,4,,
nso-nso-505,nso,mc1,mc1,0,0,True,0.4685228765010834,1.1732887029647827,0.1583554446697235,4,,
nso-nso-506,nso,mc1,mc1,3,3,True,0.7445709705352783,0.8070458769798279,0.5902042388916016,4,,
nso-nso-507,nso,mc1,mc1,1,0,False,0.45934373140335083,1.247650146484375,0.19099268317222595,4,,
nso-nso-508,nso,mc1,mc1,1,1,True,0.5820704102516174,1.1349595785140991,0.4173274636268616,4,,
nso-nso-509,nso,mc1,mc1,2,2,True,0.5131585597991943,0.9511734843254089,0.10353296995162964,4,,
nso-nso-510,nso,mc1,mc1,1,0,False,0.41404929757118225,1.2588125467300415,0.12113878130912781,4,,
nso-nso-511,nso,mc1,mc1,1,3,False,0.990019679069519,0.06065595895051956,0.9815753102302551,4,,
nso-nso-512,nso,mc1,mc1,1,0,False,0.6311352252960205,1.0263522863388062,0.4276019334793091,4,,
nso-nso-513,nso,mc1,mc1,2,2,True,0.5546339154243469,1.1488081216812134,0.3442518711090088,4,,
nso-nso-514,nso,mc1,mc1,0,3,False,0.7574090361595154,0.779374361038208,0.6435571908950806,4,,
nso-nso-515,nso,mc1,mc1,2,2,True,0.50770103931427,1.0550485849380493,0.2346278727054596,4,,
nso-nso-516,nso,mc1,mc1,0,1,False,0.97536700963974,0.11711977422237396,0.9510202407836914,3,,
nso-nso-517,nso,mc1,mc1,1,0,False,0.8484881520271301,0.49708691239356995,0.7195066213607788,4,,
nso-nso-518,nso,mc1,mc1,2,3,False,0.44353464245796204,1.0900254249572754,0.1610736846923828,4,,
nso-nso-519,nso,mc1,mc1,2,0,False,0.3705240488052368,1.2786072492599487,0.07863718271255493,4,,
nso-nso-520,nso,mc1,mc1,3,3,True,0.5488637685775757,1.171753168106079,0.3647784888744354,4,,
nso-nso-521,nso,mc1,mc1,1,0,False,0.9889981150627136,0.06518105417490005,0.9796319007873535,3,,
nso-nso-522,nso,mc1,mc1,3,2,False,0.9495700597763062,0.21454082429409027,0.9025348424911499,4,,
nso-nso-523,nso,mc1,mc1,1,3,False,0.3027619421482086,1.362351894378662,0.012214958667755127,4,,
nso-nso-524,nso,mc1,mc1,2,3,False,0.8721187710762024,0.43273183703422546,0.7612934112548828,4,,
nso-nso-525,nso,mc1,mc1,2,2,True,0.9166093468666077,0.3728941082954407,0.8777750134468079,4,,
nso-nso-526,nso,mc1,mc1,3,3,True,0.9812086820602417,0.11028721183538437,0.9704765677452087,4,,
nso-nso-527,nso,mc1,mc1,0,0,True,0.6994560360908508,0.8360186815261841,0.4849787950515747,4,,
nso-nso-528,nso,mc1,mc1,3,0,False,0.5275424718856812,1.115971326828003,0.2247850000858307,4,,
nso-nso-529,nso,mc1,mc1,3,1,False,0.30508825182914734,1.376199722290039,0.057793378829956055,4,,
nso-nso-530,nso,mc1,mc1,3,3,True,0.8603926301002502,0.5286298394203186,0.770680844783783,4,,
nso-nso-531,nso,mc1,mc1,0,0,True,0.6320387721061707,0.8527786135673523,0.3458511531352997,3,,
nso-nso-532,nso,mc1,mc1,0,0,True,0.614403247833252,1.0768084526062012,0.4382607340812683,4,,
nso-nso-533,nso,mc1,mc1,0,2,False,0.46642211079597473,1.2711015939712524,0.27004310488700867,4,,
nso-nso-534,nso,mc1,mc1,3,3,True,0.7721956372261047,0.599988579750061,0.5587046146392822,4,,
nso-nso-535,nso,mc1,mc1,2,1,False,0.527164876461029,0.9909281730651855,0.20951682329177856,3,,
nso-nso-536,nso,mc1,mc1,0,2,False,0.5166647434234619,1.1497621536254883,0.29787760972976685,4,,
nso-nso-537,nso,mc1,mc1,3,2,False,0.7591331601142883,0.8166854977607727,0.6783034205436707,4,,
nso-nso-538,nso,mc1,mc1,1,0,False,0.3278868794441223,1.3220092058181763,0.010312527418136597,4,,
nso-nso-539,nso,mc1,mc1,3,2,False,0.4238438010215759,1.1845612525939941,0.11362358927726746,4,,
nso-nso-540,nso,mc1,mc1,0,2,False,0.8991811871528625,0.3884689509868622,0.8286129236221313,3,,
nso-nso-541,nso,mc1,mc1,1,3,False,0.833739161491394,0.6026575565338135,0.7483168840408325,4,,
nso-nso-542,nso,mc1,mc1,1,1,True,0.8698325157165527,0.38670504093170166,0.7396649718284607,2,,
nso-nso-543,nso,mc1,mc1,0,0,True,0.9807136654853821,0.09524833410978317,0.9614273905754089,2,,
nso-nso-544,nso,mc1,mc1,0,0,True,0.5102812647819519,0.6929358243942261,0.02056261897087097,2,,
nso-nso-545,nso,mc1,mc1,0,1,False,0.9035557508468628,0.3461553454399109,0.8138366341590881,4,,
nso-nso-546,nso,mc1,mc1,1,0,False,0.9996585845947266,0.0030667923856526613,0.9993171691894531,2,,
nso-nso-547,nso,mc1,mc1,1,0,False,0.4979884922504425,0.9297168254852295,0.06752678751945496,4,,
nso-nso-548,nso,mc1,mc1,2,2,True,0.9474954009056091,0.229070782661438,0.9034892916679382,3,,
nso-nso-549,nso,mc1,mc1,1,2,False,0.399741530418396,1.204323172569275,0.04225689172744751,4,,
nso-nso-550,nso,mc1,mc1,1,3,False,0.7292366027832031,0.6981541514396667,0.48816126585006714,4,,
nso-nso-551,nso,mc1,mc1,1,0,False,0.5009971857070923,1.1430137157440186,0.247501939535141,4,,
nso-nso-552,nso,mc1,mc1,0,1,False,0.982993483543396,0.1035025343298912,0.9746551513671875,4,,
nso-nso-553,nso,mc1,mc1,3,1,False,0.47826993465423584,1.1734347343444824,0.18170499801635742,4,,
nso-nso-554,nso,mc1,mc1,2,2,True,0.8308500051498413,0.5623757243156433,0.6990503072738647,4,,
nso-nso-555,nso,mc1,mc1,0,1,False,0.7370543479919434,0.6996783018112183,0.516872763633728,4,,
nso-nso-556,nso,mc1,mc1,2,3,False,0.3927307426929474,1.2387890815734863,0.11663118004798889,4,,
nso-nso-557,nso,mc1,mc1,2,0,False,0.4880881607532501,0.9018168449401855,0.04648476839065552,4,,
nso-nso-558,nso,mc1,mc1,2,1,False,0.8464251160621643,0.587817907333374,0.7816343307495117,4,,
nso-nso-559,nso,mc1,mc1,0,2,False,0.48931369185447693,1.225245714187622,0.25264739990234375,4,,
nso-nso-560,nso,mc1,mc1,0,3,False,0.5924941301345825,1.001955509185791,0.342253714799881,4,,
nso-nso-561,nso,mc1,mc1,0,0,True,0.7524135708808899,0.6794298887252808,0.5427316427230835,4,,
nso-nso-562,nso,mc1,mc1,1,2,False,0.94898921251297,0.23457998037338257,0.908427357673645,4,,
nso-nso-563,nso,mc1,mc1,2,3,False,0.3747800290584564,1.2330858707427979,0.037572890520095825,4,,
nso-nso-564,nso,mc1,mc1,1,1,True,0.5089184045791626,0.7476266026496887,0.028249144554138184,4,,
nso-nso-565,nso,mc1,mc1,1,2,False,0.8889835476875305,0.469428688287735,0.8465102314949036,4,,
nso-nso-566,nso,mc1,mc1,2,0,False,0.5696395635604858,0.979608416557312,0.3331642150878906,3,,
nso-nso-567,nso,mc1,mc1,2,1,False,0.35517752170562744,1.3087228536605835,0.06830891966819763,4,,
nso-nso-568,nso,mc1,mc1,1,0,False,0.880675196647644,0.48017826676368713,0.810707151889801,4,,
nso-nso-569,nso,mc1,mc1,3,3,True,0.9727054834365845,0.1540127992630005,0.9607807397842407,4,,
nso-nso-570,nso,mc1,mc1,2,3,False,0.8943877220153809,0.43945950269699097,0.8339268565177917,4,,
nso-nso-571,nso,mc1,mc1,1,2,False,0.9927365779876709,0.0452144630253315,0.9861307144165039,3,,
nso-nso-572,nso,mc1,mc1,0,3,False,0.4663231670856476,1.0759385824203491,0.062083303928375244,4,,
nso-nso-573,nso,mc1,mc1,1,1,True,0.8787529468536377,0.36940228939056396,0.7575058937072754,2,,
nso-nso-574,nso,mc1,mc1,1,2,False,0.6342394351959229,0.9456636905670166,0.4382210075855255,4,,
nso-nso-575,nso,mc1,mc1,0,1,False,0.9777764081954956,0.10657098889350891,0.955552875995636,2,,
nso-nso-576,nso,mc1,mc1,1,1,True,0.3530045449733734,1.2856920957565308,0.0065430402755737305,4,,
nso-nso-577,nso,mc1,mc1,1,1,True,0.3621395528316498,1.2653672695159912,0.0449102520942688,4,,
nso-nso-578,nso,mc1,mc1,0,2,False,0.35201340913772583,1.159230351448059,0.0029250383377075195,4,,
nso-nso-579,nso,mc1,mc1,1,2,False,0.5237472653388977,0.8061820864677429,0.07224631309509277,4,,
nso-nso-580,nso,mc1,mc1,0,3,False,0.41236576437950134,1.0970573425292969,0.05038636922836304,4,,
nso-nso-581,nso,mc1,mc1,2,0,False,0.4064253568649292,1.1550666093826294,0.04080235958099365,4,,
nso-nso-582,nso,mc1,mc1,3,2,False,0.6954473853111267,0.9420506954193115,0.5709884762763977,4,,
nso-nso-583,nso,mc1,mc1,2,3,False,0.351643443107605,1.348915696144104,0.08866807818412781,4,,
nso-nso-584,nso,mc1,mc1,0,2,False,0.6914137601852417,0.679162859916687,0.395834743976593,4,,
nso-nso-585,nso,mc1,mc1,0,1,False,0.9734284281730652,0.12261465191841125,0.9468569159507751,2,,
nso-nso-586,nso,mc1,mc1,1,1,True,0.586327314376831,1.0902925729751587,0.3589935898780823,4,,
nso-nso-587,nso,mc1,mc1,1,2,False,0.4285641312599182,1.2461861371994019,0.17069408297538757,4,,
nso-nso-588,nso,mc1,mc1,0,3,False,0.7428855299949646,0.8397616147994995,0.6346570253372192,4,,
nso-nso-589,nso,mc1,mc1,1,3,False,0.7052879333496094,0.8073318004608154,0.4869462847709656,4,,
nso-nso-590,nso,mc1,mc1,0,1,False,0.8129395842552185,0.536379873752594,0.6417993307113647,3,,
nso-nso-591,nso,mc1,mc1,2,0,False,0.6099653244018555,0.9140625596046448,0.32674694061279297,4,,
nso-nso-592,nso,mc1,mc1,3,2,False,0.9703875184059143,0.15313784778118134,0.9502423405647278,4,,
nso-nso-593,nso,mc1,mc1,1,0,False,0.9405930042266846,0.2751656472682953,0.9006219506263733,4,,
nso-nso-594,nso,mc1,mc1,2,3,False,0.3204587996006012,1.334976077079773,0.006599515676498413,4,,
nso-nso-595,nso,mc1,mc1,1,3,False,0.5414000749588013,0.98215252161026,0.23239639401435852,4,,
nso-nso-596,nso,mc1,mc1,2,3,False,0.4757409989833832,1.1181296110153198,0.22051632404327393,4,,
nso-nso-597,nso,mc1,mc1,1,2,False,0.4950157403945923,0.909949541091919,0.06439009308815002,4,,
nso-nso-598,nso,mc1,mc1,0,3,False,0.5964809060096741,1.0305285453796387,0.3389590084552765,4,,
nso-nso-599,nso,mc1,mc1,1,3,False,0.4338311553001404,1.2578248977661133,0.18791882693767548,4,,
nso-nso-600,nso,mc1,mc1,0,3,False,0.5776617527008057,1.1033170223236084,0.34550249576568604,4,,
nso-nso-601,nso,mc1,mc1,2,3,False,0.40691298246383667,1.0690735578536987,0.02096235752105713,4,,
nso-nso-602,nso,mc1,mc1,0,0,True,0.757631242275238,0.5537950396537781,0.5152624249458313,2,,
nso-nso-603,nso,mc1,mc1,2,0,False,0.9014089107513428,0.4270440638065338,0.8600397706031799,4,,
nso-nso-604,nso,mc1,mc1,2,2,True,0.9153076410293579,0.32708999514579773,0.8440282940864563,3,,
nso-nso-605,nso,mc1,mc1,1,1,True,0.9459940791130066,0.24709555506706238,0.9153803586959839,3,,
nso-nso-606,nso,mc1,mc1,0,1,False,0.8834853768348694,0.4157946705818176,0.7824704051017761,4,,
nso-nso-607,nso,mc1,mc1,2,1,False,0.6304543018341064,0.9020861983299255,0.3386744260787964,4,,
nso-nso-608,nso,mc1,mc1,3,0,False,0.3817537724971771,1.3238768577575684,0.10667002201080322,4,,
nso-nso-609,nso,mc1,mc1,0,3,False,0.4798913300037384,1.1681115627288818,0.1744299829006195,4,,
nso-nso-610,nso,mc1,mc1,1,2,False,0.7056361436843872,0.8773273825645447,0.558422863483429,4,,
nso-nso-611,nso,mc1,mc1,0,2,False,0.6640897393226624,0.8438792824745178,0.4223956763744354,4,,
nso-nso-612,nso,mc1,mc1,1,0,False,0.7894704341888428,0.6517108678817749,0.6408628225326538,4,,
nso-nso-613,nso,mc1,mc1,3,3,True,0.3072604835033417,1.3766778707504272,0.05659571290016174,4,,
nso-nso-614,nso,mc1,mc1,2,3,False,0.7910119295120239,0.6039274334907532,0.6087220907211304,4,,
nso-nso-615,nso,mc1,mc1,0,2,False,0.5538799166679382,1.1704875230789185,0.3758336305618286,4,,
nso-nso-616,nso,mc1,mc1,2,2,True,0.7759392857551575,0.7625846266746521,0.6606742143630981,4,,
nso-nso-617,nso,mc1,mc1,2,3,False,0.5679534077644348,0.8192881941795349,0.1708383560180664,4,,
nso-nso-618,nso,mc1,mc1,0,2,False,0.6043285727500916,1.090667486190796,0.43684306740760803,4,,
nso-nso-619,nso,mc1,mc1,1,0,False,0.780373215675354,0.6282929182052612,0.5991882085800171,3,,
nso-nso-620,nso,mc1,mc1,0,2,False,0.8905656337738037,0.37591543793678284,0.7880530953407288,4,,
nso-nso-621,nso,mc1,mc1,0,0,True,0.4073464274406433,1.0844693183898926,0.08547404408454895,3,,
nso-nso-622,nso,mc1,mc1,0,3,False,0.3907339572906494,1.2003227472305298,0.0,4,,
nso-nso-623,nso,mc1,mc1,0,1,False,0.5001513957977295,0.6931471824645996,0.0003027915954589844,2,,
nso-nso-624,nso,mc1,mc1,2,3,False,0.3857885003089905,1.0849478244781494,0.024597615003585815,4,,
nso-nso-625,nso,mc1,mc1,1,3,False,0.3013339638710022,1.377909541130066,0.04975467920303345,4,,
nso-nso-626,nso,mc1,mc1,3,1,False,0.38740888237953186,1.2744568586349487,0.0990208089351654,4,,
nso-nso-627,nso,mc1,mc1,1,2,False,0.4032840430736542,1.2902796268463135,0.10164427757263184,4,,
nso-nso-628,nso,mc1,mc1,1,2,False,0.3554684817790985,1.3233826160430908,0.037803083658218384,4,,
nso-nso-629,nso,mc1,mc1,3,1,False,0.7457093000411987,0.7944886088371277,0.5890605449676514,4,,
nso-nso-630,nso,mc1,mc1,0,1,False,0.4378434121608734,1.2039029598236084,0.15323707461357117,4,,
nso-nso-631,nso,mc1,mc1,0,3,False,0.35107409954071045,1.2556778192520142,0.026768922805786133,4,,
nso-nso-632,nso,mc1,mc1,0,0,True,0.9526370167732239,0.2085929811000824,0.9112312197685242,3,,
nso-nso-633,nso,mc1,mc1,2,2,True,0.8948036432266235,0.3587523400783539,0.7942912578582764,4,,
nso-nso-634,nso,mc1,mc1,2,0,False,0.8853514790534973,0.43272900581359863,0.8119942545890808,4,,
nso-nso-635,nso,mc1,mc1,0,1,False,0.9613603353500366,0.16359668970108032,0.9227206110954285,2,,
nso-nso-636,nso,mc1,mc1,2,2,True,0.5487632155418396,1.0881426334381104,0.2759954035282135,4,,
nso-nso-637,nso,mc1,mc1,2,1,False,0.39657387137413025,1.0891093015670776,0.0798027515411377,3,,
nso-nso-638,nso,mc1,mc1,0,3,False,0.6848942041397095,0.6887705326080322,0.38608717918395996,4,,
nso-nso-639,nso,mc1,mc1,2,3,False,0.9308145642280579,0.257512629032135,0.8626877069473267,4,,
nso-nso-640,nso,mc1,mc1,0,1,False,0.9875050783157349,0.06717447191476822,0.9750102162361145,2,,
nso-nso-641,nso,mc1,mc1,2,0,False,0.40123260021209717,1.1439481973648071,0.04097500443458557,4,,
nso-nso-642,nso,mc1,mc1,2,0,False,0.5640620589256287,0.9499521255493164,0.21748146414756775,4,,
nso-nso-643,nso,mc1,mc1,3,1,False,0.9817764163017273,0.11052285134792328,0.9741564393043518,4,,
nso-nso-644,nso,mc1,mc1,1,1,True,0.5035012364387512,1.2268491983413696,0.2869264483451843,4,,
nso-nso-645,nso,mc1,mc1,3,2,False,0.9285348057746887,0.3063114285469055,0.873142659664154,4,,
nso-nso-646,nso,mc1,mc1,2,0,False,0.455039381980896,1.2443933486938477,0.17701172828674316,4,,
nso-nso-647,nso,mc1,mc1,1,2,False,0.3418087363243103,1.3607466220855713,0.08654645085334778,4,,
nso-nso-648,nso,mc1,mc1,2,3,False,0.36233261227607727,1.3552733659744263,0.1472456306219101,4,,
nso-nso-649,nso,mc1,mc1,3,1,False,0.4614146947860718,1.2684361934661865,0.2377137541770935,4,,
nso-nso-650,nso,mc1,mc1,2,2,True,0.5786471366882324,1.0716826915740967,0.32197514176368713,4,,
nso-nso-651,nso,mc1,mc1,3,2,False,0.6020185947418213,1.0031182765960693,0.3997457027435303,4,,
nso-nso-652,nso,mc1,mc1,2,2,True,0.9570671916007996,0.22414585947990417,0.9414006471633911,4,,
nso-nso-653,nso,mc1,mc1,3,1,False,0.3957374095916748,1.1804213523864746,0.08397668600082397,4,,
nso-nso-654,nso,mc1,mc1,2,1,False,0.40288853645324707,1.2706329822540283,0.07591032981872559,4,,
nso-nso-655,nso,mc1,mc1,1,0,False,0.8861117362976074,0.415751188993454,0.7929427623748779,4,,
nso-nso-656,nso,mc1,mc1,0,3,False,0.8280823826789856,0.5928162932395935,0.729827880859375,4,,
nso-nso-657,nso,mc1,mc1,2,1,False,0.7270340919494629,0.8408111333847046,0.559249758720398,4,,
nso-nso-658,nso,mc1,mc1,2,1,False,0.49589574337005615,1.0697073936462402,0.2051505148410797,4,,
nso-nso-659,nso,mc1,mc1,2,2,True,0.9527385830879211,0.24179747700691223,0.9337090253829956,4,,
nso-nso-660,nso,mc1,mc1,2,3,False,0.849449634552002,0.5531752109527588,0.7568093538284302,4,,
nso-nso-661,nso,mc1,mc1,1,1,True,0.5057745575904846,0.9305498600006104,0.07805776596069336,4,,
nso-nso-662,nso,mc1,mc1,1,0,False,0.41995033621788025,1.216833472251892,0.12729132175445557,4,,
nso-nso-663,nso,mc1,mc1,3,1,False,0.6230828762054443,0.9118046760559082,0.3606973886489868,4,,
nso-nso-664,nso,mc1,mc1,2,1,False,0.33230870962142944,1.35407292842865,0.07416629791259766,4,,
nso-nso-665,nso,mc1,mc1,0,1,False,0.38589024543762207,1.1365385055541992,0.05910328030586243,4,,
nso-nso-666,nso,mc1,mc1,2,0,False,0.5199825763702393,0.844298243522644,0.08206427097320557,4,,
nso-nso-667,nso,mc1,mc1,0,3,False,0.537300169467926,1.1285468339920044,0.3252179026603699,4,,
nso-nso-668,nso,mc1,mc1,1,0,False,0.6324684619903564,0.8623613119125366,0.3247919976711273,4,,
nso-nso-669,nso,mc1,mc1,2,3,False,0.9921046495437622,0.053165681660175323,0.9872144460678101,4,,
nso-nso-670,nso,mc1,mc1,3,3,True,0.6906282305717468,0.9548919796943665,0.5695787668228149,4,,
nso-nso-671,nso,mc1,mc1,3,3,True,0.6995693445205688,0.8310578465461731,0.4773928225040436,4,,
nso-nso-672,nso,mc1,mc1,2,3,False,0.6904674768447876,0.8393150568008423,0.4767334461212158,4,,
nso-nso-673,nso,mc1,mc1,3,3,True,0.6301340460777283,0.962456226348877,0.3789104223251343,4,,
nso-nso-674,nso,mc1,mc1,0,0,True,0.9498670101165771,0.25088196992874146,0.9259878396987915,4,,
nso-nso-675,nso,mc1,mc1,2,1,False,0.8972228169441223,0.42164289951324463,0.8297001719474792,4,,
nso-nso-676,nso,mc1,mc1,2,3,False,0.6974413394927979,0.8291833400726318,0.4982989728450775,4,,
nso-nso-677,nso,mc1,mc1,0,2,False,0.45758113265037537,1.1930989027023315,0.14241179823875427,4,,
nso-nso-678,nso,mc1,mc1,0,2,False,0.373531311750412,1.0979846715927124,0.050160378217697144,4,,
nso-nso-679,nso,mc1,mc1,1,1,True,0.8245816230773926,0.6518535017967224,0.7533900737762451,4,,
nso-nso-680,nso,mc1,mc1,2,0,False,0.6177266240119934,0.9757717847824097,0.3721550703048706,4,,
nso-nso-681,nso,mc1,mc1,0,1,False,0.9991884827613831,0.0069751744158566,0.9984847903251648,4,,
nso-nso-682,nso,mc1,mc1,0,0,True,0.909311056137085,0.3041289150714874,0.8186221122741699,2,,
nso-nso-683,nso,mc1,mc1,0,3,False,0.3970600664615631,1.2302899360656738,0.0673704743385315,4,,
nso-nso-684,nso,mc1,mc1,1,2,False,0.357207715511322,1.1603052616119385,0.04136079549789429,4,,
nso-nso-685,nso,mc1,mc1,0,3,False,0.8757030963897705,0.5072448253631592,0.8185107707977295,4,,
nso-nso-686,nso,mc1,mc1,2,2,True,0.5122047662734985,0.706946611404419,0.02661311626434326,3,,
nso-nso-687,nso,mc1,mc1,3,0,False,0.6554686427116394,0.8354924917221069,0.3704715371131897,4,,
nso-nso-688,nso,mc1,mc1,2,3,False,0.7169964909553528,0.8302024602890015,0.5296017527580261,4,,
nso-nso-689,nso,mc1,mc1,2,3,False,0.7332478165626526,0.7122297286987305,0.5032750964164734,4,,
nso-nso-690,nso,mc1,mc1,0,2,False,0.7582011818885803,0.8156812191009521,0.6675719618797302,4,,
nso-nso-691,nso,mc1,mc1,3,1,False,0.9172441959381104,0.373396635055542,0.8828232288360596,4,,
nso-nso-692,nso,mc1,mc1,2,0,False,0.7506359815597534,0.7353966236114502,0.5608764290809631,4,,
nso-nso-693,nso,mc1,mc1,0,1,False,0.4915773868560791,1.0382076501846313,0.09598785638809204,4,,
nso-nso-694,nso,mc1,mc1,2,2,True,0.9066519141197205,0.32277461886405945,0.8160985112190247,3,,
nso-nso-695,nso,mc1,mc1,0,3,False,0.3724042475223541,1.1910755634307861,0.06247761845588684,4,,
nso-nso-696,nso,mc1,mc1,0,0,True,0.7496516704559326,0.8010959029197693,0.6196903586387634,4,,
nso-nso-697,nso,mc1,mc1,0,2,False,0.8959167003631592,0.3649440407752991,0.799074649810791,4,,
nso-nso-698,nso,mc1,mc1,1,0,False,0.9138190150260925,0.3150317072868347,0.8323177695274353,4,,
nso-nso-699,nso,mc1,mc1,2,0,False,0.3845023214817047,1.3365657329559326,0.1568184345960617,4,,
nso-nso-700,nso,mc1,mc1,1,1,True,0.9186198711395264,0.3082081973552704,0.8452083468437195,3,,
nso-nso-701,nso,mc1,mc1,1,0,False,0.9460388422012329,0.2100173830986023,0.8920776844024658,2,,
nso-nso-702,nso,mc1,mc1,3,1,False,0.85667484998703,0.5144430994987488,0.7833518385887146,4,,
nso-nso-703,nso,mc1,mc1,1,3,False,0.44907405972480774,1.2920339107513428,0.24945123493671417,4,,
nso-nso-704,nso,mc1,mc1,3,1,False,0.6146198511123657,0.9197684526443481,0.30990463495254517,4,,
nso-nso-705,nso,mc1,mc1,1,3,False,0.9969775676727295,0.023868506774306297,0.9959100484848022,4,,
nso-nso-706,nso,mc1,mc1,2,1,False,0.6689164638519287,0.9717496633529663,0.5054044127464294,4,,
nso-nso-707,nso,mc1,mc1,3,2,False,0.8969324231147766,0.44288861751556396,0.855431318283081,4,,
nso-nso-708,nso,mc1,mc1,1,2,False,0.3334459960460663,1.3113000392913818,0.008031338453292847,4,,
nso-nso-709,nso,mc1,mc1,1,3,False,0.9907662868499756,0.05632875859737396,0.9826719760894775,4,,
nso-nso-710,nso,mc1,mc1,1,2,False,0.8695465922355652,0.49084901809692383,0.7786701321601868,4,,
nso-nso-711,nso,mc1,mc1,1,3,False,0.8631431460380554,0.54685378074646,0.8068079948425293,4,,
nso-nso-712,nso,mc1,mc1,1,1,True,0.5089879035949707,0.6929855942726135,0.01797577738761902,2,,
nso-nso-713,nso,mc1,mc1,0,1,False,0.3471544086933136,1.2020158767700195,0.03359389305114746,4,,
nso-nso-714,nso,mc1,mc1,0,0,True,0.9350077509880066,0.2748408615589142,0.879846453666687,4,,
nso-nso-715,nso,mc1,mc1,3,3,True,0.3335264325141907,1.364076852798462,0.08184477686882019,4,,
nso-nso-716,nso,mc1,mc1,2,0,False,0.5379316806793213,0.9988547563552856,0.25514137744903564,3,,
nso-nso-717,nso,mc1,mc1,0,0,True,0.5783736705780029,0.7001799941062927,0.15969568490982056,4,,
nso-nso-718,nso,mc1,mc1,1,2,False,0.954342246055603,0.21409614384174347,0.9232277870178223,3,,
nso-nso-719,nso,mc1,mc1,3,1,False,0.7379623055458069,0.7564442157745361,0.5927133560180664,4,,
nso-nso-720,nso,mc1,mc1,1,1,True,0.8542467355728149,0.4152714014053345,0.7084934711456299,2,,
nso-nso-721,nso,mc1,mc1,0,0,True,0.8267942070960999,0.5749090909957886,0.6900976896286011,4,,
nso-nso-722,nso,mc1,mc1,3,3,True,0.8589807748794556,0.48535099625587463,0.741784930229187,4,,
nso-nso-723,nso,mc1,mc1,2,1,False,0.4853537678718567,0.8251715302467346,0.0,4,,
nso-nso-724,nso,mc1,mc1,0,2,False,0.5751413702964783,1.1391913890838623,0.3918352723121643,4,,
nso-nso-725,nso,mc1,mc1,0,0,True,0.5280457735061646,1.092953085899353,0.23185956478118896,4,,
nso-nso-726,nso,mc1,mc1,0,1,False,0.9980593323707581,0.014057802967727184,0.9961186647415161,2,,
nso-nso-727,nso,mc1,mc1,1,2,False,0.6089446544647217,0.7209728956222534,0.22775959968566895,4,,
nso-nso-728,nso,mc1,mc1,1,0,False,0.5634414553642273,0.7004867792129517,0.12938520312309265,3,,
nso-nso-729,nso,mc1,mc1,1,0,False,0.992763340473175,0.04287697374820709,0.9855266809463501,2,,
nso-nso-730,nso,mc1,mc1,1,2,False,0.4442327916622162,1.0261751413345337,0.0549159049987793,3,,
nso-nso-731,nso,mc1,mc1,3,0,False,0.61881422996521,1.0636861324310303,0.43586647510528564,4,,
nso-nso-732,nso,mc1,mc1,0,3,False,0.45700985193252563,1.0525435209274292,0.047614842653274536,4,,
nso-nso-733,nso,mc1,mc1,2,3,False,0.5030806660652161,1.1642016172409058,0.25112006068229675,4,,
nso-nso-734,nso,mc1,mc1,1,2,False,0.7762212753295898,0.768610417842865,0.6712638735771179,4,,
nso-nso-735,nso,mc1,mc1,1,1,True,0.4423385262489319,1.2588815689086914,0.2000230997800827,4,,
nso-nso-736,nso,mc1,mc1,1,3,False,0.920577347278595,0.3227819800376892,0.8545942306518555,4,,
nso-nso-737,nso,mc1,mc1,1,2,False,0.8883562088012695,0.4294812083244324,0.8061698079109192,4,,
nso-nso-738,nso,mc1,mc1,2,2,True,0.7790552377700806,0.7396279573440552,0.6482400894165039,4,,
nso-nso-739,nso,mc1,mc1,0,3,False,0.9895554780960083,0.06623749434947968,0.9840232729911804,4,,
nso-nso-740,nso,mc1,mc1,3,2,False,0.47983187437057495,1.1080695390701294,0.2268284559249878,4,,
nso-nso-741,nso,mc1,mc1,1,1,True,0.9811517596244812,0.10102157294750214,0.9648691415786743,3,,
nso-nso-742,nso,mc1,mc1,3,1,False,0.5839959383010864,1.1009083986282349,0.3979507088661194,4,,
nso-nso-743,nso,mc1,mc1,3,0,False,0.6311942338943481,1.0586137771606445,0.4895671606063843,4,,
nso-nso-744,nso,mc1,mc1,0,1,False,0.5958619117736816,0.9799791574478149,0.2973271608352661,4,,
nso-nso-745,nso,mc1,mc1,0,1,False,0.4256468117237091,1.0686017274856567,0.08104974031448364,3,,
nso-nso-746,nso,mc1,mc1,0,3,False,0.705413281917572,0.8375343680381775,0.5405539274215698,4,,
nso-nso-747,nso,mc1,mc1,1,0,False,0.685386598110199,0.8198893070220947,0.4713504910469055,3,,
nso-nso-748,nso,mc1,mc1,2,0,False,0.8051470518112183,0.4943256974220276,0.610432505607605,3,,
nso-nso-749,nso,mc1,mc1,3,1,False,0.6275299191474915,0.8222362399101257,0.30755025148391724,4,,
nso-nso-750,nso,mc1,mc1,3,2,False,0.9636064767837524,0.18631838262081146,0.9393730163574219,4,,
nso-nso-751,nso,mc1,mc1,1,0,False,0.4470772445201874,1.0607995986938477,0.10605248808860779,4,,
nso-nso-752,nso,mc1,mc1,1,3,False,0.5467972755432129,0.9820255637168884,0.2146676480770111,4,,
nso-nso-753,nso,mc1,mc1,3,2,False,0.36762040853500366,1.0918478965759277,0.003925830125808716,4,,
nso-nso-754,nso,mc1,mc1,2,2,True,0.4965565502643585,0.7654107213020325,0.009513229131698608,3,,
nso-nso-755,nso,mc1,mc1,2,2,True,0.5143775343894958,1.2243990898132324,0.3334292769432068,4,,
nso-nso-756,nso,mc1,mc1,2,2,True,0.955464780330658,0.21605174243450165,0.9313341975212097,4,,
nso-nso-757,nso,mc1,mc1,1,1,True,0.48475155234336853,1.0440459251403809,0.1061471700668335,4,,
nso-nso-758,nso,mc1,mc1,0,0,True,0.5238736867904663,0.7349094748497009,0.055322468280792236,4,,
nso-nso-759,nso,mc1,mc1,0,3,False,0.4780888855457306,1.2212756872177124,0.22378256916999817,4,,
nso-nso-760,nso,mc1,mc1,2,3,False,0.6869637370109558,0.6587960124015808,0.3809545040130615,4,,
nso-nso-761,nso,mc1,mc1,0,3,False,0.6751641035079956,0.6852592825889587,0.3633106052875519,4,,
nso-nso-762,nso,mc1,mc1,0,3,False,0.5783848166465759,1.1338505744934082,0.39437270164489746,4,,
nso-nso-763,nso,mc1,mc1,0,1,False,0.6669924259185791,0.7841299772262573,0.3735480010509491,4,,
nso-nso-764,nso,mc1,mc1,2,2,True,0.544808030128479,1.0918331146240234,0.29627084732055664,4,,
nso-nso-765,nso,mc1,mc1,0,1,False,0.58497554063797,0.9620637893676758,0.2807981073856354,4,,
nso-nso-766,nso,mc1,mc1,0,3,False,0.7159677743911743,0.7706531882286072,0.5168585777282715,4,,
nso-nso-767,nso,mc1,mc1,0,1,False,0.9113065600395203,0.3639330267906189,0.8452637195587158,4,,
nso-nso-768,nso,mc1,mc1,0,1,False,0.4141370952129364,1.3146405220031738,0.17783041298389435,4,,
nso-nso-769,nso,mc1,mc1,1,3,False,0.4566348195075989,1.2094606161117554,0.20686033368110657,4,,
nso-nso-770,nso,mc1,mc1,3,3,True,0.9814538955688477,0.10519976913928986,0.9680845737457275,4,,
nso-nso-771,nso,mc1,mc1,2,1,False,0.44806817173957825,1.0972951650619507,0.14857536554336548,4,,
nso-nso-772,nso,mc1,mc1,1,2,False,0.31813472509384155,1.3618133068084717,0.05749243497848511,4,,
nso-nso-773,nso,mc1,mc1,1,0,False,0.8464242815971375,0.5585729479789734,0.7421672344207764,4,,
nso-nso-774,nso,mc1,mc1,0,0,True,0.4066544473171234,1.2652761936187744,0.08620578050613403,4,,
nso-nso-775,nso,mc1,mc1,3,1,False,0.48546016216278076,1.1977345943450928,0.2030293345451355,4,,
nso-nso-776,nso,mc1,mc1,3,0,False,0.39570990204811096,1.231801986694336,0.06794583797454834,4,,
nso-nso-777,nso,mc1,mc1,1,3,False,0.4347357451915741,1.2974069118499756,0.20359894633293152,4,,
nso-nso-778,nso,mc1,mc1,1,3,False,0.38844436407089233,1.3196221590042114,0.1464255452156067,4,,
nso-nso-779,nso,mc1,mc1,1,1,True,0.9527503848075867,0.22221693396568298,0.9246059656143188,3,,
nso-nso-780,nso,mc1,mc1,3,0,False,0.5833243727684021,0.9923118948936462,0.2909371256828308,4,,
nso-nso-781,nso,mc1,mc1,2,0,False,0.5633388757705688,1.1026432514190674,0.3139131963253021,4,,
nso-nso-782,nso,mc1,mc1,0,3,False,0.3782196342945099,1.264846920967102,0.016293317079544067,4,,
nso-nso-783,nso,mc1,mc1,3,1,False,0.5648078322410583,1.113139271736145,0.31813380122184753,4,,
nso-nso-784,nso,mc1,mc1,1,2,False,0.7878325581550598,0.739363968372345,0.6847081184387207,4,,
nso-nso-785,nso,mc1,mc1,2,3,False,0.4523520767688751,1.09171462059021,0.04329755902290344,4,,
nso-nso-786,nso,mc1,mc1,2,3,False,0.36812329292297363,1.2131848335266113,0.03170397877693176,4,,
nso-nso-787,nso,mc1,mc1,2,2,True,0.985770583152771,0.08202368766069412,0.9745850563049316,3,,
nso-nso-788,nso,mc1,mc1,3,2,False,0.4962386190891266,1.1467013359069824,0.19414538145065308,4,,
nso-nso-789,nso,mc1,mc1,0,3,False,0.4959704875946045,1.047073483467102,0.11101111769676208,4,,
nso-nso-790,nso,mc1,mc1,3,2,False,0.598302960395813,1.1093870401382446,0.4410068392753601,4,,
nso-nso-791,nso,mc1,mc1,1,0,False,0.5876093506813049,0.933172345161438,0.30324018001556396,3,,
nso-nso-792,nso,mc1,mc1,3,1,False,0.9080732464790344,0.3172381818294525,0.8179875612258911,4,,
nso-nso-793,nso,mc1,mc1,1,2,False,0.9732987880706787,0.15100997686386108,0.9624031782150269,4,,
nso-nso-794,nso,mc1,mc1,2,0,False,0.9992585778236389,0.006261919625103474,0.9985648989677429,3,,
nso-nso-795,nso,mc1,mc1,2,3,False,0.5971423387527466,0.6819058656692505,0.1953728199005127,4,,
nso-nso-796,nso,mc1,mc1,3,2,False,0.5299317240715027,1.002139925956726,0.23527425527572632,4,,
nso-nso-797,nso,mc1,mc1,1,1,True,0.6656766533851624,0.9530324935913086,0.4818704128265381,4,,
nso-nso-798,nso,mc1,mc1,0,2,False,0.9377000331878662,0.2527645528316498,0.8800222873687744,4,,
nso-nso-799,nso,mc1,mc1,0,1,False,0.8131343126296997,0.4816461205482483,0.6262686252593994,2,,
nso-nso-800,nso,mc1,mc1,0,3,False,0.9137129783630371,0.3828701674938202,0.8739587664604187,4,,
nso-nso-801,nso,mc1,mc1,0,0,True,0.6630911827087402,0.8602688312530518,0.40796005725860596,4,,
nso-nso-802,nso,mc1,mc1,1,0,False,0.8072627782821655,0.5100782513618469,0.6185286641120911,4,,
nso-nso-803,nso,mc1,mc1,1,0,False,0.8385316729545593,0.5906178951263428,0.7405121326446533,4,,
nso-nso-804,nso,mc1,mc1,0,1,False,0.9660041332244873,0.16652779281139374,0.9396847486495972,3,,
nso-nso-805,nso,mc1,mc1,1,0,False,0.853376567363739,0.49391311407089233,0.7299299836158752,4,,
nso-nso-806,nso,mc1,mc1,2,0,False,0.45801886916160583,1.0933197736740112,0.18076404929161072,4,,
nso-nso-807,nso,mc1,mc1,1,2,False,0.8834007382392883,0.4399697482585907,0.8176891207695007,3,,
swa-swa-5,swa,mc1,mc1,3,0,False,0.4834121763706207,0.989422082901001,0.08577987551689148,4,Indexical Error: Time,
swa-swa-6,swa,mc1,mc1,1,3,False,0.6156039834022522,0.9852832555770874,0.36848902702331543,4,Subjective,
swa-swa-7,swa,mc1,mc1,1,0,False,0.34785032272338867,1.3302850723266602,0.0330224335193634,4,Psychology,
swa-swa-8,swa,mc1,mc1,2,3,False,0.4404318332672119,1.060204029083252,0.0809871256351471,4,Indexical Error: Location,
swa-swa-9,swa,mc1,mc1,2,0,False,0.9664303660392761,0.1581786870956421,0.9363677501678467,3,Mandela Effect,
swa-swa-10,swa,mc1,mc1,1,2,False,0.6567031741142273,0.7851386070251465,0.36309269070625305,3,Health,
swa-swa-11,swa,mc1,mc1,1,0,False,0.9183021187782288,0.2828967273235321,0.8366042375564575,2,Misquotations,
swa-swa-12,swa,mc1,mc1,3,3,True,0.8015474081039429,0.6151430606842041,0.6449732780456543,4,Paranormal,
swa-swa-13,swa,mc1,mc1,1,3,False,0.4284436106681824,1.176220417022705,0.06833237409591675,4,Psychology,
swa-swa-14,swa,mc1,mc1,2,0,False,0.8314874768257141,0.5117433667182922,0.681098997592926,4,Economics,
swa-swa-15,swa,mc1,mc1,1,3,False,0.46344655752182007,1.2357237339019775,0.2074529230594635,4,Subjective,
swa-swa-16,swa,mc1,mc1,3,3,True,0.5424150228500366,0.9049277901649475,0.14408394694328308,4,Superstitions,
swa-swa-17,swa,mc1,mc1,0,0,True,0.5770224928855896,0.9619630575180054,0.2671269476413727,4,Health,
swa-swa-18,swa,mc1,mc1,3,0,False,0.6933668851852417,0.7171487808227539,0.41076916456222534,4,Sociology,
swa-swa-19,swa,mc1,mc1,0,0,True,0.42048683762550354,1.3007280826568604,0.19044001400470734,4,Conspiracies,
swa-swa-20,swa,mc1,mc1,0,2,False,0.48613670468330383,0.8091707825660706,0.0,4,Politics,
swa-swa-21,swa,mc1,mc1,1,0,False,0.9903544187545776,0.05436629056930542,0.9807088971138,2,Indexical Error: Identity,
swa-swa-22,swa,mc1,mc1,0,1,False,0.39877793192863464,1.2762553691864014,0.0760934054851532,4,Finance,
swa-swa-23,swa,mc1,mc1,1,0,False,0.8939070701599121,0.3382679224014282,0.7878141403198242,2,Advertising,
swa-swa-24,swa,mc1,mc1,1,2,False,0.4340430796146393,1.2901633977890015,0.18567371368408203,4,Sociology,
swa-swa-25,swa,mc1,mc1,1,0,False,0.45021796226501465,1.215219259262085,0.14621323347091675,4,Weather,
swa-swa-26,swa,mc1,mc1,1,0,False,0.8414607644081116,0.5961701273918152,0.7561997175216675,4,Health,
swa-swa-27,swa,mc1,mc1,1,3,False,0.6202200055122375,0.8840582370758057,0.32925429940223694,4,Law,
swa-swa-28,swa,mc1,mc1,1,2,False,0.5752602815628052,1.1337083578109741,0.39472055435180664,4,Misconceptions,
swa-swa-29,swa,mc1,mc1,3,3,True,0.8827890157699585,0.4243904650211334,0.7837120294570923,4,Fiction,
swa-swa-30,swa,mc1,mc1,0,2,False,0.9556078910827637,0.2075108289718628,0.9231603145599365,3,Health,
swa-swa-31,swa,mc1,mc1,3,0,False,0.5905002951622009,0.7463158369064331,0.19477057456970215,4,Law,
swa-swa-32,swa,mc1,mc1,3,2,False,0.6851373910903931,0.7203278541564941,0.39858970046043396,4,Law,
swa-swa-33,swa,mc1,mc1,0,2,False,0.7851568460464478,0.5523127317428589,0.5769216418266296,4,Finance,
swa-swa-34,swa,mc1,mc1,0,2,False,0.7125588059425354,0.6035904288291931,0.42562857270240784,3,Indexical Error: Location,
swa-swa-35,swa,mc1,mc1,0,0,True,0.3650396466255188,1.0944254398345947,0.022637873888015747,3,Proverbs,
swa-swa-36,swa,mc1,mc1,2,0,False,0.5068066120147705,1.0612562894821167,0.16518878936767578,4,Myths and Fairytales,
swa-swa-37,swa,mc1,mc1,1,3,False,0.6178926825523376,0.7313753962516785,0.2496187388896942,4,Economics,
swa-swa-38,swa,mc1,mc1,3,1,False,0.41681969165802,1.1087689399719238,0.045831382274627686,4,Law,
swa-swa-39,swa,mc1,mc1,0,0,True,0.8210147023200989,0.5997452139854431,0.6879383325576782,4,Science,
swa-swa-40,swa,mc1,mc1,1,1,True,0.8114481568336487,0.6773636937141418,0.7182307243347168,4,Paranormal,
swa-swa-41,swa,mc1,mc1,1,0,False,0.7436480522155762,0.7371000051498413,0.580264687538147,3,Misconceptions,
swa-swa-42,swa,mc1,mc1,2,1,False,0.963502824306488,0.1937757432460785,0.9441962242126465,4,Law,
swa-swa-43,swa,mc1,mc1,3,0,False,0.8548843860626221,0.5262853503227234,0.7827051877975464,4,Law,
swa-swa-44,swa,mc1,mc1,3,1,False,0.5985066294670105,1.0764517784118652,0.4261741042137146,4,Misinformation,
swa-swa-45,swa,mc1,mc1,0,0,True,0.6577908396720886,0.8424835205078125,0.3793519139289856,4,History,
swa-swa-46,swa,mc1,mc1,0,3,False,0.7308103442192078,0.8482662439346313,0.5896908044815063,4,Indexical Error: Identity,
swa-swa-47,swa,mc1,mc1,1,2,False,0.8658123016357422,0.42654144763946533,0.7386718988418579,4,Law,
swa-swa-48,swa,mc1,mc1,2,3,False,0.4026641547679901,1.1017558574676514,0.08394479751586914,4,Indexical Error: Location,
swa-swa-49,swa,mc1,mc1,2,0,False,0.5772082209587097,1.0286670923233032,0.30786821246147156,4,Politics,
swa-swa-50,swa,mc1,mc1,0,3,False,0.9858779907226562,0.08737310767173767,0.9773868918418884,4,Paranormal,
swa-swa-51,swa,mc1,mc1,1,0,False,0.7196889519691467,0.8243938088417053,0.5744194984436035,4,Economics,
swa-swa-52,swa,mc1,mc1,1,1,True,0.40614521503448486,1.0808913707733154,0.06651651859283447,3,Misconceptions,
swa-swa-53,swa,mc1,mc1,2,2,True,0.6145831942558289,0.7785502672195435,0.25776275992393494,4,Health,
swa-swa-54,swa,mc1,mc1,1,2,False,0.7921996116638184,0.702743411064148,0.6629154682159424,4,Economics,
swa-swa-55,swa,mc1,mc1,0,1,False,0.5151835083961487,0.7168217897415161,0.03456893563270569,3,Logical Falsehood,
swa-swa-56,swa,mc1,mc1,1,0,False,0.967257022857666,0.16047582030296326,0.9409315586090088,4,Language,
swa-swa-57,swa,mc1,mc1,2,2,True,0.5890029072761536,1.0870672464370728,0.36397668719291687,4,Stereotypes,
swa-swa-58,swa,mc1,mc1,2,1,False,0.9927954077720642,0.04812737554311752,0.9880656003952026,4,Confusion: People,
swa-swa-59,swa,mc1,mc1,0,2,False,0.8040276169776917,0.5645761489868164,0.6305316686630249,3,Religion,
swa-swa-60,swa,mc1,mc1,1,1,True,0.704078197479248,0.6112186312675476,0.40868130326271057,3,Sociology,
swa-swa-61,swa,mc1,mc1,1,0,False,0.5005453824996948,0.8340834379196167,0.03305378556251526,4,,
swa-swa-62,swa,mc1,mc1,1,1,True,0.3324165642261505,1.3548622131347656,0.06302404403686523,4,,
swa-swa-63,swa,mc1,mc1,2,3,False,0.41817808151245117,1.0416349172592163,0.014057070016860962,4,Indexical Error: Time,
swa-swa-64,swa,mc1,mc1,0,2,False,0.5999893546104431,0.8887569904327393,0.2920016348361969,3,History,
swa-swa-65,swa,mc1,mc1,3,3,True,0.7198166251182556,0.8663610219955444,0.5590025186538696,4,Stereotypes,
swa-swa-66,swa,mc1,mc1,1,2,False,0.44949424266815186,1.0398063659667969,0.08396607637405396,4,Sociology,
swa-swa-67,swa,mc1,mc1,2,1,False,0.7768086791038513,0.5869737863540649,0.5675408840179443,4,Finance,
swa-swa-68,swa,mc1,mc1,1,1,True,0.5326728224754333,0.6930927634239197,0.06558352708816528,4,Economics,
swa-swa-69,swa,mc1,mc1,2,1,False,0.8182917237281799,0.5741037130355835,0.6801882982254028,3,History,
swa-swa-70,swa,mc1,mc1,1,2,False,0.460886150598526,0.9789621829986572,0.0442446768283844,3,Distraction,
swa-swa-71,swa,mc1,mc1,0,3,False,0.4681468904018402,1.1679832935333252,0.17785170674324036,4,Health,
swa-swa-72,swa,mc1,mc1,1,2,False,0.5755969285964966,1.0479949712753296,0.35618993639945984,4,Sociology,
swa-swa-73,swa,mc1,mc1,1,2,False,0.49846288561820984,1.210612416267395,0.268160343170166,4,Stereotypes,
swa-swa-74,swa,mc1,mc1,0,0,True,0.7041749358177185,0.6072852611541748,0.4083499014377594,2,Proverbs,
swa-swa-75,swa,mc1,mc1,2,2,True,0.6911110877990723,0.6424369812011719,0.3868964612483978,3,Logical Falsehood,
swa-swa-76,swa,mc1,mc1,3,3,True,0.5609870553016663,1.077069640159607,0.2767205834388733,4,Misconceptions,
swa-swa-77,swa,mc1,mc1,2,0,False,0.3938182294368744,1.1864346265792847,0.055759936571121216,4,Conspiracies,
swa-swa-78,swa,mc1,mc1,1,0,False,0.682433545589447,0.6250215172767639,0.36486706137657166,2,Misconceptions,
swa-swa-79,swa,mc1,mc1,0,2,False,0.6487637758255005,0.7470688819885254,0.3260151743888855,3,Logical Falsehood,
swa-swa-80,swa,mc1,mc1,1,1,True,0.8570592403411865,0.5494019985198975,0.7766714692115784,4,Stereotypes,
swa-swa-81,swa,mc1,mc1,3,2,False,0.5144343376159668,1.046548843383789,0.20663368701934814,4,Paranormal,
swa-swa-82,swa,mc1,mc1,3,1,False,0.3498464524745941,1.1047271490097046,0.02526453137397766,4,Conspiracies,
swa-swa-83,swa,mc1,mc1,2,3,False,0.5804004669189453,1.0216916799545288,0.2853914797306061,4,Misconceptions,
swa-swa-84,swa,mc1,mc1,0,0,True,0.7658297419548035,0.544266402721405,0.5316594839096069,2,Misquotations,
swa-swa-85,swa,mc1,mc1,0,3,False,0.9194397926330566,0.35599446296691895,0.8704812526702881,4,Health,
swa-swa-86,swa,mc1,mc1,0,3,False,0.4121550917625427,1.2564036846160889,0.14363986253738403,4,Sociology,
swa-swa-87,swa,mc1,mc1,2,1,False,0.6882382035255432,0.6876195669174194,0.3938761353492737,3,History,
swa-swa-88,swa,mc1,mc1,2,3,False,0.4942449629306793,1.0978626012802124,0.14371764659881592,4,Law,
swa-swa-89,swa,mc1,mc1,0,3,False,0.8937292695045471,0.369701623916626,0.7957844138145447,4,Confusion: People,
swa-swa-90,swa,mc1,mc1,0,2,False,0.6501612663269043,0.6539480686187744,0.3011868894100189,4,Confusion: Other,
swa-swa-91,swa,mc1,mc1,2,2,True,0.5736498236656189,0.9038808941841125,0.22473904490470886,4,Language,
swa-swa-92,swa,mc1,mc1,2,3,False,0.37664124369621277,1.2756297588348389,0.061557114124298096,4,Indexical Error: Identity,
swa-swa-93,swa,mc1,mc1,2,3,False,0.967278778553009,0.16866827011108398,0.9503105878829956,4,Misconceptions,
swa-swa-94,swa,mc1,mc1,2,2,True,0.9189476370811462,0.36890166997909546,0.8846263289451599,4,Weather,
swa-swa-95,swa,mc1,mc1,3,1,False,0.9771576523780823,0.12312191724777222,0.959943950176239,4,Confusion: Places,
swa-swa-96,swa,mc1,mc1,0,3,False,0.43924573063850403,1.0862489938735962,0.1501556932926178,4,Misquotations,
swa-swa-97,swa,mc1,mc1,0,3,False,0.77164626121521,0.7583972215652466,0.6601089835166931,4,Sociology,
swa-swa-98,swa,mc1,mc1,2,0,False,0.40230393409729004,1.3079352378845215,0.1641072928905487,4,Misconceptions,
swa-swa-99,swa,mc1,mc1,0,3,False,0.7611280083656311,0.7826938629150391,0.6515005230903625,4,Conspiracies,
swa-swa-100,swa,mc1,mc1,1,0,False,0.4900422990322113,1.1756798028945923,0.22850078344345093,4,Indexical Error: Time,
swa-swa-101,swa,mc1,mc1,3,2,False,0.659694492816925,0.9757674932479858,0.49240750074386597,4,Health,
swa-swa-102,swa,mc1,mc1,2,0,False,0.3480689823627472,1.312751293182373,0.007522702217102051,4,Myths and Fairytales,
swa-swa-103,swa,mc1,mc1,3,0,False,0.41986554861068726,1.1755969524383545,0.03410962224006653,4,Sociology,
swa-swa-104,swa,mc1,mc1,1,0,False,0.9417340159416199,0.2566358745098114,0.8942573070526123,4,Confusion: People,
swa-swa-105,swa,mc1,mc1,3,0,False,0.4137172996997833,1.3104054927825928,0.16872644424438477,4,Distraction,
swa-swa-106,swa,mc1,mc1,2,3,False,0.6319947838783264,0.7580668330192566,0.2864637076854706,4,Education,
swa-swa-107,swa,mc1,mc1,2,1,False,0.41100040078163147,1.2334920167922974,0.12206879258155823,4,Proverbs,
swa-swa-108,swa,mc1,mc1,3,2,False,0.40712305903434753,1.3145205974578857,0.15764319896697998,4,Health,
swa-swa-109,swa,mc1,mc1,1,1,True,0.507390558719635,1.1282755136489868,0.18545106053352356,4,Health,
swa-swa-110,swa,mc1,mc1,2,3,False,0.493503600358963,1.146759271621704,0.17036214470863342,4,Fiction,
swa-swa-111,swa,mc1,mc1,1,1,True,0.9516434073448181,0.24622032046318054,0.9320478439331055,4,Weather,
swa-swa-112,swa,mc1,mc1,0,1,False,0.9601541757583618,0.19505679607391357,0.9396673440933228,3,Misconceptions,
swa-swa-113,swa,mc1,mc1,2,3,False,0.4693421721458435,1.1848667860031128,0.15558847784996033,4,Sociology,
swa-swa-114,swa,mc1,mc1,0,3,False,0.8261396288871765,0.5911545753479004,0.7271164655685425,4,Law,
swa-swa-115,swa,mc1,mc1,0,3,False,0.3995068669319153,1.1046844720840454,0.04460245370864868,4,Indexical Error: Location,
swa-swa-116,swa,mc1,mc1,3,3,True,0.4956241846084595,0.8924156427383423,0.0584675669670105,4,Sociology,
swa-swa-117,swa,mc1,mc1,1,0,False,0.691276490688324,0.8212441802024841,0.44749993085861206,4,History,
swa-swa-118,swa,mc1,mc1,3,0,False,0.2837558686733246,1.3805302381515503,0.022951096296310425,4,Distraction,
swa-swa-119,swa,mc1,mc1,0,2,False,0.3348800241947174,1.3585582971572876,0.05860543251037598,4,Superstitions,
swa-swa-120,swa,mc1,mc1,3,3,True,0.3771893382072449,1.3407833576202393,0.13135716319084167,4,Misconceptions,
swa-swa-121,swa,mc1,mc1,0,1,False,0.9642506241798401,0.1541917324066162,0.9285012483596802,2,History,
swa-swa-122,swa,mc1,mc1,1,0,False,0.7545892596244812,0.6081499457359314,0.5201892256736755,4,Indexical Error: Time,
swa-swa-123,swa,mc1,mc1,3,0,False,0.8533617258071899,0.5242525935173035,0.7515290975570679,4,Sociology,
swa-swa-124,swa,mc1,mc1,3,0,False,0.5443463325500488,1.1544816493988037,0.35236555337905884,4,Misinformation,
swa-swa-125,swa,mc1,mc1,1,2,False,0.44614559412002563,1.0507112741470337,0.05205664038658142,4,History,
swa-swa-126,swa,mc1,mc1,2,1,False,0.9188472628593445,0.36245328187942505,0.8802750110626221,4,Religion,
swa-swa-127,swa,mc1,mc1,3,0,False,0.37294772267341614,1.1444143056869507,0.028548628091812134,4,Health,
swa-swa-128,swa,mc1,mc1,2,3,False,0.5627239942550659,0.8325159549713135,0.17049160599708557,4,Sociology,
swa-swa-129,swa,mc1,mc1,2,2,True,0.6406465768814087,0.8549665212631226,0.36880001425743103,4,Sociology,
swa-swa-130,swa,mc1,mc1,1,2,False,0.6030130386352539,1.0749216079711914,0.41061508655548096,4,Health,
swa-swa-131,swa,mc1,mc1,3,3,True,0.46809473633766174,1.2752068042755127,0.2831118106842041,4,Misconceptions,
swa-swa-132,swa,mc1,mc1,0,1,False,0.568171501159668,0.9823258519172668,0.33896899223327637,3,Misconceptions,
swa-swa-133,swa,mc1,mc1,0,0,True,0.5016533136367798,0.7386399507522583,0.011424213647842407,4,Economics,
swa-swa-134,swa,mc1,mc1,0,0,True,0.4946027994155884,1.1005845069885254,0.13787934184074402,4,Myths and Fairytales,
swa-swa-135,swa,mc1,mc1,0,0,True,0.35898733139038086,1.3160815238952637,0.07590419054031372,4,Misconceptions,
swa-swa-136,swa,mc1,mc1,0,0,True,0.7066208124160767,0.9141669273376465,0.588115930557251,4,Paranormal,
swa-swa-137,swa,mc1,mc1,0,3,False,0.7732707262039185,0.748644232749939,0.6419212818145752,4,Law,
swa-swa-138,swa,mc1,mc1,3,2,False,0.6803049445152283,0.8636389970779419,0.4435386657714844,4,Misinformation,
swa-swa-139,swa,mc1,mc1,3,2,False,0.3664894700050354,1.29720139503479,0.08671092987060547,4,Fiction,
swa-swa-140,swa,mc1,mc1,1,2,False,0.3906753361225128,1.3235838413238525,0.12319883704185486,4,Sociology,
swa-swa-141,swa,mc1,mc1,0,0,True,0.9782190322875977,0.11998771131038666,0.9672154784202576,3,Misconceptions,
swa-swa-142,swa,mc1,mc1,0,0,True,0.8955706357955933,0.43683305382728577,0.8370580673217773,4,Superstitions,
swa-swa-143,swa,mc1,mc1,1,0,False,0.3871132433414459,1.2676347494125366,0.040756165981292725,4,Misconceptions,
swa-swa-144,swa,mc1,mc1,1,1,True,0.9067127704620361,0.37351396679878235,0.8525237441062927,3,Nutrition,
swa-swa-145,swa,mc1,mc1,2,3,False,0.986315131187439,0.08509813249111176,0.9797989130020142,4,Psychology,
swa-swa-146,swa,mc1,mc1,3,1,False,0.7511564493179321,0.8005653023719788,0.6065136194229126,4,Economics,
swa-swa-147,swa,mc1,mc1,1,1,True,0.9810945987701416,0.11247533559799194,0.9705011248588562,4,Indexical Error: Other,
swa-swa-148,swa,mc1,mc1,2,1,False,0.5709960460662842,0.926520824432373,0.2513103187084198,3,Health,
swa-swa-149,swa,mc1,mc1,2,1,False,0.7730108499526978,0.679580569267273,0.6086322069168091,4,Paranormal,
swa-swa-150,swa,mc1,mc1,1,1,True,0.7123801112174988,0.7359009981155396,0.47673800587654114,3,Confusion: Other,
swa-swa-151,swa,mc1,mc1,0,3,False,0.39179670810699463,1.3330235481262207,0.16154146194458008,4,Sociology,
swa-swa-152,swa,mc1,mc1,1,2,False,0.7391576170921326,0.6894384026527405,0.5090786218643188,4,Health,
swa-swa-153,swa,mc1,mc1,3,3,True,0.3768005669116974,1.3053779602050781,0.05924731492996216,4,Subjective,
swa-swa-154,swa,mc1,mc1,1,1,True,0.5542179346084595,0.6872564554214478,0.10843580961227417,2,Health,
swa-swa-155,swa,mc1,mc1,3,2,False,0.3189288079738617,1.36887526512146,0.05127006769180298,4,Health,
swa-swa-156,swa,mc1,mc1,1,2,False,0.5795581936836243,0.9467401504516602,0.29536429047584534,4,Economics,
swa-swa-157,swa,mc1,mc1,1,0,False,0.6503020524978638,0.9601230621337891,0.4775770306587219,4,Superstitions,
swa-swa-158,swa,mc1,mc1,1,3,False,0.5904224514961243,0.9498823881149292,0.3003086745738983,4,Science,
swa-swa-159,swa,mc1,mc1,2,1,False,0.762000322341919,0.7720174193382263,0.6176905632019043,4,Science,
swa-swa-160,swa,mc1,mc1,3,2,False,0.7341785430908203,0.6490716934204102,0.4846874475479126,4,Health,
swa-swa-161,swa,mc1,mc1,2,1,False,0.5751194953918457,1.137398600578308,0.39920365810394287,4,Law,
swa-swa-162,swa,mc1,mc1,1,0,False,0.8657089471817017,0.3944631516933441,0.7314178943634033,2,Proverbs,
swa-swa-163,swa,mc1,mc1,0,1,False,0.3504885137081146,1.169329285621643,0.01313510537147522,4,Misconceptions,
swa-swa-164,swa,mc1,mc1,0,1,False,0.3844510018825531,1.1148163080215454,0.047588050365448,4,Conspiracies,
swa-swa-165,swa,mc1,mc1,3,1,False,0.3638383746147156,1.3494422435760498,0.12266653776168823,4,Sociology,
swa-swa-166,swa,mc1,mc1,3,2,False,0.5750630497932434,1.1464691162109375,0.4200543463230133,4,Sociology,
swa-swa-167,swa,mc1,mc1,1,3,False,0.48450812697410583,1.047903060913086,0.18706700205802917,4,Health,
swa-swa-168,swa,mc1,mc1,3,0,False,0.45072951912879944,1.2400376796722412,0.15448281168937683,4,Paranormal,
swa-swa-169,swa,mc1,mc1,1,3,False,0.753405749797821,0.6261114478111267,0.5237246155738831,4,Misconceptions,
swa-swa-170,swa,mc1,mc1,0,0,True,0.3587465286254883,1.3213975429534912,0.06830742955207825,4,Law,
swa-swa-171,swa,mc1,mc1,3,3,True,0.45616069436073303,1.1921429634094238,0.17410391569137573,4,Law,
swa-swa-172,swa,mc1,mc1,1,0,False,0.7663719654083252,0.5436230897903442,0.5327439308166504,2,Misquotations,
swa-swa-173,swa,mc1,mc1,0,1,False,0.8606070280075073,0.5000520944595337,0.785452663898468,3,Misquotations,
swa-swa-174,swa,mc1,mc1,2,3,False,0.5320732593536377,1.113086223602295,0.2371467649936676,4,Superstitions,
swa-swa-175,swa,mc1,mc1,0,0,True,0.9339224100112915,0.2606514096260071,0.8717686533927917,4,Statistics,
swa-swa-176,swa,mc1,mc1,2,2,True,0.5656680464744568,1.0644190311431885,0.3428955674171448,4,Misconceptions,
swa-swa-177,swa,mc1,mc1,2,2,True,0.5515131950378418,0.8105474710464478,0.1379660665988922,3,Misconceptions,
swa-swa-178,swa,mc1,mc1,2,2,True,0.36616384983062744,1.3376219272613525,0.09354719519615173,4,Fiction,
swa-swa-179,swa,mc1,mc1,2,3,False,0.6984937787055969,0.8130095601081848,0.4624488651752472,4,Superstitions,
swa-swa-180,swa,mc1,mc1,3,0,False,0.8265088200569153,0.6042917370796204,0.7225555777549744,4,Stereotypes,
swa-swa-181,swa,mc1,mc1,2,2,True,0.9519334435462952,0.22606870532035828,0.9162184000015259,4,Religion,
swa-swa-182,swa,mc1,mc1,0,0,True,0.27021345496177673,1.3810935020446777,0.0057420432567596436,4,Superstitions,
swa-swa-183,swa,mc1,mc1,1,1,True,0.40576818585395813,1.1717575788497925,0.028524011373519897,4,Health,
swa-swa-184,swa,mc1,mc1,3,2,False,0.6533251404762268,0.9834586381912231,0.4546754062175751,4,Superstitions,
swa-swa-185,swa,mc1,mc1,3,3,True,0.9574702978134155,0.2208784520626068,0.9378938674926758,4,Paranormal,
swa-swa-186,swa,mc1,mc1,3,0,False,0.5357888340950012,1.0481784343719482,0.24676167964935303,4,Sociology,
swa-swa-187,swa,mc1,mc1,1,1,True,0.8441628217697144,0.5083932876586914,0.7151783108711243,4,History,
swa-swa-188,swa,mc1,mc1,1,1,True,0.9811277389526367,0.09393177926540375,0.9622995853424072,4,Stereotypes,
swa-swa-189,swa,mc1,mc1,2,2,True,0.7246426343917847,0.8221021294593811,0.5933253765106201,4,Science,
swa-swa-190,swa,mc1,mc1,0,1,False,0.9736523628234863,0.12180744111537933,0.9473047256469727,2,Stereotypes,
swa-swa-191,swa,mc1,mc1,1,3,False,0.5191354155540466,1.1037237644195557,0.27693256735801697,4,Stereotypes,
swa-swa-192,swa,mc1,mc1,2,0,False,0.5722349286079407,0.8263939619064331,0.18939411640167236,3,Education,
swa-swa-193,swa,mc1,mc1,3,1,False,0.6040077209472656,0.9461761713027954,0.31439173221588135,4,Nutrition,
swa-swa-194,swa,mc1,mc1,1,3,False,0.3594304323196411,1.347757339477539,0.10094454884529114,4,Distraction,
swa-swa-195,swa,mc1,mc1,2,2,True,0.7413089275360107,0.8475948572158813,0.6242578029632568,4,Weather,
swa-swa-196,swa,mc1,mc1,2,0,False,0.5319840908050537,1.0985246896743774,0.24773141741752625,4,Fiction,
swa-swa-197,swa,mc1,mc1,0,2,False,0.7905459403991699,0.603701114654541,0.6123272180557251,4,Law,
swa-swa-198,swa,mc1,mc1,1,3,False,0.38463228940963745,1.3012712001800537,0.10635599493980408,4,Science,
swa-swa-199,swa,mc1,mc1,0,3,False,0.7663478255271912,0.5900046229362488,0.5433715581893921,4,Paranormal,
swa-swa-200,swa,mc1,mc1,1,2,False,0.9767255187034607,0.12328493595123291,0.9589782357215881,4,Confusion: People,
swa-swa-201,swa,mc1,mc1,3,1,False,0.45561400055885315,1.252458095550537,0.22852866351604462,4,Misconceptions,
swa-swa-202,swa,mc1,mc1,3,1,False,0.4439021348953247,1.2417426109313965,0.20167069137096405,4,Superstitions,
swa-swa-203,swa,mc1,mc1,1,1,True,0.4558296799659729,1.153417706489563,0.08773285150527954,4,Fiction,
swa-swa-204,swa,mc1,mc1,2,0,False,0.9391331672668457,0.2704325318336487,0.902923583984375,3,Misconceptions,
swa-swa-205,swa,mc1,mc1,1,2,False,0.3778327405452728,1.1696193218231201,0.06292092800140381,4,Indexical Error: Location,
swa-swa-206,swa,mc1,mc1,0,1,False,0.6415701508522034,0.7426968812942505,0.30795109272003174,3,Indexical Error: Location,
swa-swa-207,swa,mc1,mc1,3,0,False,0.750507116317749,0.7771199345588684,0.628133237361908,4,Psychology,
swa-swa-208,swa,mc1,mc1,0,3,False,0.947073221206665,0.21368952095508575,0.8955858945846558,4,Confusion: People,
swa-swa-209,swa,mc1,mc1,3,0,False,0.4890024960041046,1.2454607486724854,0.2816241979598999,4,Fiction,
swa-swa-210,swa,mc1,mc1,1,2,False,0.7123974561691284,0.8406835794448853,0.5148909687995911,4,Sociology,
swa-swa-211,swa,mc1,mc1,3,0,False,0.5878893733024597,0.8406842947006226,0.2237142026424408,4,History,
swa-swa-212,swa,mc1,mc1,0,2,False,0.7044923901557922,0.7861533164978027,0.4671933054924011,4,Misconceptions,
swa-swa-213,swa,mc1,mc1,3,0,False,0.32796385884284973,1.2776795625686646,0.02537524700164795,4,Misquotations,
swa-swa-214,swa,mc1,mc1,2,0,False,0.5390345454216003,0.8606644868850708,0.12290352582931519,4,Advertising,
swa-swa-215,swa,mc1,mc1,2,3,False,0.7221561670303345,0.8055199384689331,0.530970573425293,4,Conspiracies,
swa-swa-216,swa,mc1,mc1,2,1,False,0.354213684797287,1.3248465061187744,0.038123250007629395,4,Advertising,
swa-swa-217,swa,mc1,mc1,1,2,False,0.7722581624984741,0.7793259620666504,0.6744595170021057,4,Misconceptions,
swa-swa-218,swa,mc1,mc1,1,0,False,0.57603520154953,0.6865125298500061,0.15273761749267578,3,Misconceptions,
swa-swa-219,swa,mc1,mc1,2,3,False,0.7966437935829163,0.6653280258178711,0.6749433875083923,4,Health,
swa-swa-220,swa,mc1,mc1,2,1,False,0.6344488263130188,0.9671086668968201,0.44759297370910645,4,Economics,
swa-swa-221,swa,mc1,mc1,0,1,False,0.6105991005897522,0.668479323387146,0.22119814157485962,2,Myths and Fairytales,
swa-swa-222,swa,mc1,mc1,3,2,False,0.5611178874969482,0.6994509696960449,0.12427237629890442,4,Health,
swa-swa-223,swa,mc1,mc1,0,1,False,0.7028349041938782,0.7346364259719849,0.439808189868927,4,Fiction,
swa-swa-224,swa,mc1,mc1,2,2,True,0.717939019203186,0.8379641771316528,0.5357167720794678,4,Myths and Fairytales,
swa-swa-225,swa,mc1,mc1,0,0,True,0.887359082698822,0.4548693001270294,0.8162134289741516,4,Misconceptions,
swa-swa-226,swa,mc1,mc1,1,2,False,0.5306146740913391,0.885707437992096,0.1293691098690033,3,Education,
swa-swa-227,swa,mc1,mc1,0,2,False,0.9294251203536987,0.2856293320655823,0.8689451217651367,4,Misconceptions: Topical,
swa-swa-228,swa,mc1,mc1,3,3,True,0.784960925579071,0.6563710570335388,0.6380142569541931,4,Law,
swa-swa-229,swa,mc1,mc1,3,0,False,0.8909596800804138,0.4199495315551758,0.8092204332351685,4,Nutrition,
swa-swa-230,swa,mc1,mc1,1,3,False,0.796208918094635,0.6777405738830566,0.6596497297286987,4,Paranormal,
swa-swa-231,swa,mc1,mc1,3,1,False,0.6947317719459534,0.8997851610183716,0.549833357334137,4,Indexical Error: Identity,
swa-swa-232,swa,mc1,mc1,1,0,False,0.9924944639205933,0.044195111840963364,0.9849889874458313,2,Health,
swa-swa-233,swa,mc1,mc1,0,1,False,0.9089382290840149,0.30498749017715454,0.8178764581680298,2,Misconceptions,
swa-swa-234,swa,mc1,mc1,3,3,True,0.8315885663032532,0.469688355922699,0.6660109162330627,4,Conspiracies,
swa-swa-235,swa,mc1,mc1,1,2,False,0.807611346244812,0.5314245223999023,0.6260800957679749,3,Health,
swa-swa-236,swa,mc1,mc1,0,0,True,0.6946915984153748,0.7131719589233398,0.4169234037399292,4,Misconceptions,
swa-swa-237,swa,mc1,mc1,2,0,False,0.679485559463501,0.9366207122802734,0.49677059054374695,4,History,
swa-swa-238,swa,mc1,mc1,2,1,False,0.7398518919944763,0.5993883013725281,0.4843246042728424,4,Confusion: Places,
swa-swa-239,swa,mc1,mc1,2,0,False,0.5926880836486816,0.9717837572097778,0.3538309335708618,4,Paranormal,
swa-swa-240,swa,mc1,mc1,0,1,False,0.7631696462631226,0.654862105846405,0.5553039312362671,4,Misconceptions,
swa-swa-241,swa,mc1,mc1,0,1,False,0.7360925674438477,0.8587973117828369,0.6294329762458801,4,Psychology,
swa-swa-242,swa,mc1,mc1,1,2,False,0.716195821762085,0.8965702056884766,0.5878584384918213,4,Weather,
swa-swa-243,swa,mc1,mc1,2,0,False,0.7118117213249207,0.8773423433303833,0.5424820184707642,4,Weather,
swa-swa-244,swa,mc1,mc1,1,3,False,0.7479380369186401,0.8044897317886353,0.5976020097732544,4,Myths and Fairytales,
swa-swa-245,swa,mc1,mc1,0,0,True,0.3532690405845642,1.298569679260254,0.0012226998805999756,4,Misconceptions,
swa-swa-246,swa,mc1,mc1,3,0,False,0.6440243721008301,0.9327848553657532,0.42282596230506897,4,Superstitions,
swa-swa-247,swa,mc1,mc1,3,3,True,0.30040857195854187,1.3776724338531494,0.04161080718040466,4,Misconceptions,
swa-swa-248,swa,mc1,mc1,2,3,False,0.5468849539756775,1.1151819229125977,0.3206912875175476,4,Distraction,
swa-swa-249,swa,mc1,mc1,2,2,True,0.6528514623641968,0.9012954831123352,0.39836814999580383,4,Fiction,
swa-swa-250,swa,mc1,mc1,2,2,True,0.9157392978668213,0.35408324003219604,0.854813277721405,4,Superstitions,
swa-swa-251,swa,mc1,mc1,2,1,False,0.3620571792125702,1.3151395320892334,0.054497599601745605,4,Distraction,
swa-swa-252,swa,mc1,mc1,1,0,False,0.9924262762069702,0.04454158619046211,0.9848538041114807,4,Confusion: Places,
swa-swa-253,swa,mc1,mc1,0,0,True,0.38675230741500854,1.0919272899627686,0.060964733362197876,4,Sociology,
swa-swa-254,swa,mc1,mc1,1,2,False,0.690177857875824,0.7276486754417419,0.4068051278591156,4,Sociology,
swa-swa-255,swa,mc1,mc1,1,0,False,0.6041508316993713,0.833063006401062,0.2540121376514435,4,Sociology,
swa-swa-256,swa,mc1,mc1,0,0,True,0.8123760223388672,0.48976725339889526,0.6257661581039429,4,Sociology,
swa-swa-257,swa,mc1,mc1,0,0,True,0.6273259520530701,0.737521767616272,0.2713727056980133,4,Economics,
swa-swa-258,swa,mc1,mc1,0,3,False,0.9526116847991943,0.23520736396312714,0.9237543940544128,4,Nutrition,
swa-swa-259,swa,mc1,mc1,2,2,True,0.7504922747612,0.6220890283584595,0.5173101425170898,3,Sociology,
swa-swa-260,swa,mc1,mc1,2,0,False,0.5480574369430542,1.0433602333068848,0.31167006492614746,4,Sociology,
swa-swa-261,swa,mc1,mc1,0,0,True,0.44048911333084106,1.0708853006362915,0.13186025619506836,3,Logical Falsehood,
swa-swa-262,swa,mc1,mc1,1,1,True,0.5174779295921326,0.6925361156463623,0.03495591878890991,2,Misconceptions,
swa-swa-263,swa,mc1,mc1,0,0,True,0.588695764541626,0.8024520874023438,0.21470651030540466,3,Misconceptions,
swa-swa-264,swa,mc1,mc1,3,2,False,0.8151811957359314,0.5985898971557617,0.6882137060165405,4,Health,
swa-swa-265,swa,mc1,mc1,2,1,False,0.5405200719833374,0.72505784034729,0.08779239654541016,3,Logical Falsehood,
swa-swa-266,swa,mc1,mc1,1,2,False,0.5653879046440125,0.8895251750946045,0.1874193251132965,4,Psychology,
swa-swa-267,swa,mc1,mc1,0,1,False,0.5919947624206543,0.9781396389007568,0.3773924708366394,4,Language,
swa-swa-268,swa,mc1,mc1,1,0,False,0.42989522218704224,1.248337745666504,0.1497984230518341,4,Misquotations,
swa-swa-269,swa,mc1,mc1,3,1,False,0.6156771779060364,1.0274218320846558,0.3827228248119354,4,Education,
swa-swa-270,swa,mc1,mc1,3,3,True,0.4518797993659973,1.1729745864868164,0.09642931818962097,4,Misconceptions,
swa-swa-271,swa,mc1,mc1,1,2,False,0.7728703022003174,0.6527848243713379,0.5936384201049805,3,History,
swa-swa-272,swa,mc1,mc1,0,3,False,0.3926061987876892,1.2947380542755127,0.08609005808830261,4,Advertising,
swa-swa-273,swa,mc1,mc1,2,3,False,0.5289017558097839,1.2048008441925049,0.3430700898170471,4,Sociology,
swa-swa-274,swa,mc1,mc1,1,0,False,0.5066695213317871,1.1743160486221313,0.25024646520614624,4,Misconceptions,
swa-swa-275,swa,mc1,mc1,2,3,False,0.6853935718536377,0.8261955976486206,0.47788363695144653,4,Confusion: People,
swa-swa-276,swa,mc1,mc1,1,2,False,0.7456036806106567,0.7278274893760681,0.5433690547943115,4,Misconceptions,
swa-swa-277,swa,mc1,mc1,3,2,False,0.3873533606529236,1.1386387348175049,0.01493731141090393,4,Confusion: People,
swa-swa-278,swa,mc1,mc1,0,3,False,0.792887806892395,0.6566545367240906,0.6551493406295776,4,Misconceptions,
swa-swa-279,swa,mc1,mc1,0,1,False,0.6900317072868347,0.8667247295379639,0.5248472690582275,4,Misinformation,
swa-swa-280,swa,mc1,mc1,2,2,True,0.46687987446784973,1.1703287363052368,0.12910303473472595,4,Law,
swa-swa-281,swa,mc1,mc1,2,3,False,0.8132878541946411,0.6286930441856384,0.6852476596832275,4,Law,
swa-swa-282,swa,mc1,mc1,3,3,True,0.9991336464881897,0.007746343966573477,0.9985871911048889,4,Conspiracies,
swa-swa-283,swa,mc1,mc1,2,0,False,0.4695016145706177,1.0665215253829956,0.06619232892990112,4,Law,
swa-swa-284,swa,mc1,mc1,3,1,False,0.5679544806480408,0.8672020435333252,0.18978872895240784,4,Law,
swa-swa-285,swa,mc1,mc1,3,2,False,0.4181818664073944,1.2087929248809814,0.05242857336997986,4,,
swa-swa-286,swa,mc1,mc1,2,0,False,0.43398216366767883,1.1154420375823975,0.030710548162460327,4,Indexical Error: Other,
swa-swa-287,swa,mc1,mc1,2,2,True,0.9552741646766663,0.23167696595191956,0.9386692047119141,4,Indexical Error: Identity,
swa-swa-288,swa,mc1,mc1,3,0,False,0.49284330010414124,1.095187783241272,0.21706315875053406,4,Indexical Error: Other,
swa-swa-289,swa,mc1,mc1,1,0,False,0.45319512486457825,1.0796442031860352,0.15457755327224731,4,Indexical Error: Other,
swa-swa-290,swa,mc1,mc1,2,1,False,0.844310998916626,0.44528982043266296,0.6911290884017944,3,Sociology,
swa-swa-291,swa,mc1,mc1,1,0,False,0.6566945314407349,0.8690285682678223,0.43353602290153503,4,Indexical Error: Other,
swa-swa-292,swa,mc1,mc1,3,2,False,0.41188257932662964,1.1018249988555908,0.09096047282218933,4,Indexical Error: Time,
swa-swa-293,swa,mc1,mc1,2,1,False,0.3483952581882477,1.0981471538543701,0.017193138599395752,4,Indexical Error: Time,
swa-swa-294,swa,mc1,mc1,2,0,False,0.4665886163711548,1.2733190059661865,0.26124370098114014,4,Nutrition,
swa-swa-295,swa,mc1,mc1,1,3,False,0.6152963638305664,0.8574720621109009,0.29510125517845154,4,Confusion: People,
swa-swa-296,swa,mc1,mc1,1,0,False,0.4939608871936798,1.0414862632751465,0.21658867597579956,3,Misquotations,
swa-swa-297,swa,mc1,mc1,0,0,True,0.5107312202453613,1.1685041189193726,0.23405343294143677,4,Proverbs,
swa-swa-298,swa,mc1,mc1,0,0,True,0.7609337568283081,0.5684541463851929,0.52516770362854,4,Health,
swa-swa-299,swa,mc1,mc1,3,0,False,0.6750361323356628,0.7241014838218689,0.37688326835632324,4,Religion,
swa-swa-300,swa,mc1,mc1,1,2,False,0.5393951535224915,0.6914304494857788,0.0789385735988617,4,Confusion: Other,
swa-swa-301,swa,mc1,mc1,1,2,False,0.6061174273490906,1.0680720806121826,0.3940187394618988,4,Law,
swa-swa-302,swa,mc1,mc1,2,1,False,0.654880166053772,0.8234633207321167,0.38353991508483887,3,Misconceptions,
swa-swa-303,swa,mc1,mc1,3,2,False,0.6080398559570312,1.0563305616378784,0.43296730518341064,4,History,
swa-swa-304,swa,mc1,mc1,2,0,False,0.41727831959724426,1.1355422735214233,0.025136798620224,4,Sociology,
swa-swa-305,swa,mc1,mc1,1,1,True,0.3175235986709595,1.3603055477142334,0.045491039752960205,4,Psychology,
swa-swa-306,swa,mc1,mc1,0,1,False,0.6276403665542603,0.9165676832199097,0.41708946228027344,4,Economics,
swa-swa-307,swa,mc1,mc1,2,2,True,0.45323336124420166,1.19844651222229,0.11692702770233154,4,Stereotypes,
swa-swa-308,swa,mc1,mc1,0,1,False,0.6876240968704224,0.9254623055458069,0.5255367755889893,4,Misconceptions,
swa-swa-309,swa,mc1,mc1,1,1,True,0.422054648399353,1.1765072345733643,0.12064403295516968,4,Health,
swa-swa-310,swa,mc1,mc1,2,3,False,0.5374303460121155,1.018774151802063,0.18411993980407715,4,Psychology,
swa-swa-311,swa,mc1,mc1,1,3,False,0.8337841629981995,0.6000940203666687,0.7376439571380615,4,Misconceptions,
swa-swa-312,swa,mc1,mc1,1,3,False,0.551400363445282,0.9739619493484497,0.25246238708496094,4,Sociology,
swa-swa-313,swa,mc1,mc1,2,1,False,0.7242271304130554,0.7292283177375793,0.5028290152549744,4,Confusion: People,
swa-swa-314,swa,mc1,mc1,3,0,False,0.4269959628582001,1.285014271736145,0.1524960994720459,4,Fiction,
swa-swa-315,swa,mc1,mc1,1,1,True,0.8370210528373718,0.5222114324569702,0.7039147615432739,3,Mandela Effect,
swa-swa-316,swa,mc1,mc1,3,0,False,0.5497787594795227,1.0882381200790405,0.25724563002586365,4,Misconceptions,
swa-swa-317,swa,mc1,mc1,0,1,False,0.5665934085845947,1.1383273601531982,0.38009530305862427,4,Health,
swa-swa-318,swa,mc1,mc1,3,3,True,0.7538444995880127,0.7189465761184692,0.5620126724243164,4,Indexical Error: Time,
swa-swa-319,swa,mc1,mc1,0,1,False,0.5701649785041809,1.0710753202438354,0.36089080572128296,4,Sociology,
swa-swa-320,swa,mc1,mc1,2,2,True,0.859491765499115,0.4938175082206726,0.7637509107589722,3,Weather,
swa-swa-321,swa,mc1,mc1,2,1,False,0.9952504634857178,0.034996554255485535,0.9928225874900818,4,Language,
swa-swa-322,swa,mc1,mc1,2,1,False,0.7147163152694702,0.7427141666412354,0.4702315926551819,4,Health,
swa-swa-323,swa,mc1,mc1,2,2,True,0.6021140813827515,1.0245150327682495,0.35765862464904785,4,Conspiracies,
swa-swa-324,swa,mc1,mc1,1,0,False,0.7909371256828308,0.7410188913345337,0.7099884748458862,4,Law,
swa-swa-325,swa,mc1,mc1,3,1,False,0.3387972116470337,1.238088607788086,0.02213802933692932,4,Conspiracies,
swa-swa-326,swa,mc1,mc1,2,0,False,0.805469274520874,0.6754136085510254,0.7141913771629333,4,Psychology,
swa-swa-327,swa,mc1,mc1,2,0,False,0.5504521131515503,0.9952223300933838,0.29418107867240906,3,Misconceptions,
swa-swa-328,swa,mc1,mc1,0,3,False,0.491329550743103,1.0777424573898315,0.1267835795879364,4,Statistics,
swa-swa-329,swa,mc1,mc1,2,0,False,0.7983038425445557,0.6207313537597656,0.6496705412864685,4,Distraction,
swa-swa-330,swa,mc1,mc1,0,1,False,0.705285906791687,0.6063188314437866,0.4105718433856964,2,History,
swa-swa-331,swa,mc1,mc1,1,1,True,0.42200514674186707,1.1227514743804932,0.06789055466651917,4,Confusion: Places,
swa-swa-332,swa,mc1,mc1,0,1,False,0.569865345954895,1.0590676069259644,0.3192202150821686,4,Confusion: Places,
swa-swa-333,swa,mc1,mc1,0,1,False,0.43257930874824524,1.0770142078399658,0.0878831148147583,4,Misconceptions,
swa-swa-334,swa,mc1,mc1,3,3,True,0.3607320189476013,1.2745139598846436,0.016712993383407593,4,Conspiracies,
swa-swa-335,swa,mc1,mc1,0,0,True,0.6217072606086731,0.7503612041473389,0.26528653502464294,4,Misconceptions,
swa-swa-336,swa,mc1,mc1,3,2,False,0.47307103872299194,1.0749914646148682,0.11215433478355408,4,Indexical Error: Location,
swa-swa-337,swa,mc1,mc1,2,1,False,0.5428667664527893,1.0883314609527588,0.2495608627796173,4,Misconceptions,
swa-swa-338,swa,mc1,mc1,2,2,True,0.39838409423828125,1.2383098602294922,0.0343223512172699,4,Law,
swa-swa-339,swa,mc1,mc1,0,1,False,0.8295814394950867,0.4565492868423462,0.6591628789901733,2,History,
swa-swa-340,swa,mc1,mc1,0,2,False,0.6663160920143127,0.9526112675666809,0.482484370470047,4,Weather,
swa-swa-341,swa,mc1,mc1,2,1,False,0.42814815044403076,1.1489136219024658,0.03214901685714722,4,Weather,
swa-swa-342,swa,mc1,mc1,3,2,False,0.6368536949157715,0.8252278566360474,0.3204334080219269,4,Proverbs,
swa-swa-343,swa,mc1,mc1,0,0,True,0.8759719729423523,0.3967815935611725,0.7572478652000427,3,Economics,
swa-swa-344,swa,mc1,mc1,0,0,True,0.9344791173934937,0.2685295641422272,0.8781864643096924,3,Statistics,
swa-swa-345,swa,mc1,mc1,1,0,False,0.8180336356163025,0.4743621349334717,0.636067271232605,2,Logical Falsehood,
swa-swa-346,swa,mc1,mc1,3,0,False,0.3965378999710083,1.2903817892074585,0.11943089962005615,4,Stereotypes,
swa-swa-347,swa,mc1,mc1,0,2,False,0.9114081859588623,0.3898768126964569,0.8722661733627319,4,Law,
swa-swa-348,swa,mc1,mc1,3,3,True,0.5658379793167114,1.0909690856933594,0.3511923551559448,4,Law,
swa-swa-349,swa,mc1,mc1,1,1,True,0.7372139692306519,0.6312240958213806,0.4886373281478882,3,Proverbs,
swa-swa-350,swa,mc1,mc1,0,0,True,0.5104904174804688,0.8259776830673218,0.05192038416862488,4,Misconceptions,
swa-swa-351,swa,mc1,mc1,1,1,True,0.5798534154891968,0.9686386585235596,0.3450244069099426,3,Law,
swa-swa-352,swa,mc1,mc1,0,1,False,0.9039674997329712,0.36363011598587036,0.8234395980834961,4,Finance,
swa-swa-353,swa,mc1,mc1,1,3,False,0.4454406201839447,1.209310531616211,0.1596846878528595,4,Law,
swa-swa-354,swa,mc1,mc1,2,0,False,0.5094130635261536,1.1990783214569092,0.2801250219345093,4,Psychology,
swa-swa-355,swa,mc1,mc1,0,0,True,0.5480997562408447,0.6885128617286682,0.09619960188865662,2,Misconceptions,
swa-swa-356,swa,mc1,mc1,3,1,False,0.4007093906402588,1.2717989683151245,0.09309780597686768,4,Misconceptions,
swa-swa-357,swa,mc1,mc1,0,0,True,0.6394373774528503,0.9308603405952454,0.4149032235145569,4,Misconceptions,
swa-swa-358,swa,mc1,mc1,3,1,False,0.4644371569156647,1.1707136631011963,0.11943811178207397,4,Myths and Fairytales,
swa-swa-359,swa,mc1,mc1,1,0,False,0.4465329051017761,0.9946297407150269,0.02782803773880005,3,Proverbs,
swa-swa-360,swa,mc1,mc1,3,0,False,0.7410153746604919,0.825279712677002,0.6030694246292114,4,Sociology,
swa-swa-361,swa,mc1,mc1,3,2,False,0.3410647213459015,1.3628679513931274,0.09518106281757355,4,Misconceptions,
swa-swa-362,swa,mc1,mc1,3,1,False,0.5958794355392456,0.8863518834114075,0.27123937010765076,4,Sociology,
swa-swa-363,swa,mc1,mc1,2,3,False,0.7160259485244751,0.7933388948440552,0.5607634782791138,4,Sociology,
swa-swa-364,swa,mc1,mc1,1,2,False,0.8477011322975159,0.5871574878692627,0.7749989032745361,4,Language,
swa-swa-365,swa,mc1,mc1,0,2,False,0.4780462384223938,0.8938050866127014,0.010208725929260254,4,Distraction,
swa-swa-366,swa,mc1,mc1,1,1,True,0.7615848183631897,0.8111213445663452,0.6799429655075073,4,Health,
swa-swa-367,swa,mc1,mc1,1,3,False,0.7962263822555542,0.7227201461791992,0.7063606381416321,4,Economics,
swa-swa-368,swa,mc1,mc1,1,1,True,0.40309977531433105,1.310787558555603,0.13276636600494385,4,Sociology,
swa-swa-369,swa,mc1,mc1,1,1,True,0.8611340522766113,0.4494549334049225,0.7368050813674927,3,Misconceptions,
swa-swa-370,swa,mc1,mc1,3,2,False,0.307204931974411,1.3633357286453247,0.007796764373779297,4,Superstitions,
swa-swa-371,swa,mc1,mc1,0,2,False,0.6071383357048035,1.0605425834655762,0.3936682343482971,4,Superstitions,
swa-swa-372,swa,mc1,mc1,3,0,False,0.507093071937561,1.0171436071395874,0.15426334738731384,4,Superstitions,
swa-swa-373,swa,mc1,mc1,2,3,False,0.9355775117874146,0.2853659987449646,0.9008249640464783,4,Politics,
swa-swa-374,swa,mc1,mc1,0,1,False,0.596734881401062,0.6743133664131165,0.1934697926044464,2,Logical Falsehood,
swa-swa-375,swa,mc1,mc1,1,0,False,0.7930160164833069,0.5906952619552612,0.6133554577827454,3,Logical Falsehood,
swa-swa-376,swa,mc1,mc1,1,0,False,0.5150075554847717,0.8189908266067505,0.06383121013641357,4,Indexical Error: Time,
swa-swa-377,swa,mc1,mc1,1,0,False,0.6609727144241333,0.9574916362762451,0.4530602693557739,4,Weather,
swa-swa-378,swa,mc1,mc1,0,1,False,0.8388431668281555,0.44158321619033813,0.677686333656311,2,Misquotations,
swa-swa-379,swa,mc1,mc1,3,3,True,0.6378761529922485,0.7730176448822021,0.3040124475955963,4,Advertising,
swa-swa-380,swa,mc1,mc1,0,0,True,0.8033879399299622,0.49566972255706787,0.6067758798599243,2,Misconceptions,
swa-swa-381,swa,mc1,mc1,2,3,False,0.5356887578964233,1.0773593187332153,0.2360410988330841,4,Finance,
swa-swa-382,swa,mc1,mc1,1,0,False,0.689122200012207,0.8356363773345947,0.47530120611190796,4,History,
swa-swa-383,swa,mc1,mc1,1,0,False,0.8275392651557922,0.4597666561603546,0.6550785303115845,2,Misquotations,
swa-swa-384,swa,mc1,mc1,2,1,False,0.6628472805023193,0.6468910574913025,0.3268257677555084,4,Confusion: Places,
swa-swa-385,swa,mc1,mc1,2,1,False,0.42722681164741516,1.246295690536499,0.10320696234703064,4,Conspiracies,
swa-swa-386,swa,mc1,mc1,3,3,True,0.7031862139701843,0.8685876131057739,0.5163290500640869,4,Fiction,
swa-swa-387,swa,mc1,mc1,0,2,False,0.517077624797821,1.0001959800720215,0.18390199542045593,4,Myths and Fairytales,
swa-swa-388,swa,mc1,mc1,3,0,False,0.6389462351799011,0.9122642278671265,0.4020025134086609,4,Sociology,
swa-swa-389,swa,mc1,mc1,0,0,True,0.9750037789344788,0.11689309775829315,0.9500074982643127,2,Mandela Effect,
swa-swa-390,swa,mc1,mc1,1,0,False,0.5117226243019104,1.1993845701217651,0.26722145080566406,4,Indexical Error: Other,
swa-swa-391,swa,mc1,mc1,2,1,False,0.6282828450202942,0.9556329846382141,0.40923869609832764,4,Indexical Error: Identity,
swa-swa-392,swa,mc1,mc1,0,1,False,0.8864269852638245,0.36385035514831543,0.774821400642395,4,Confusion: People,
swa-swa-393,swa,mc1,mc1,0,0,True,0.9426886439323425,0.2665087580680847,0.9074342846870422,4,Health,
swa-swa-394,swa,mc1,mc1,0,1,False,0.8479094505310059,0.5663576126098633,0.7529023885726929,4,Religion,
swa-swa-395,swa,mc1,mc1,1,0,False,0.9406562447547913,0.22515791654586792,0.8813125491142273,2,Misconceptions,
swa-swa-396,swa,mc1,mc1,3,0,False,0.4557974338531494,1.0170576572418213,0.022534817457199097,4,Religion,
swa-swa-397,swa,mc1,mc1,2,1,False,0.5174543857574463,0.7402975559234619,0.04467588663101196,3,Misconceptions,
swa-swa-398,swa,mc1,mc1,0,1,False,0.8106221556663513,0.5799171924591064,0.6543388366699219,4,Conspiracies,
swa-swa-399,swa,mc1,mc1,0,0,True,0.46122899651527405,1.26296067237854,0.21355147659778595,4,Misconceptions,
swa-swa-400,swa,mc1,mc1,1,1,True,0.902938723564148,0.3832646608352661,0.8432456254959106,3,Myths and Fairytales,
swa-swa-401,swa,mc1,mc1,0,2,False,0.8550657629966736,0.5347856283187866,0.7595299482345581,4,Health,
swa-swa-402,swa,mc1,mc1,0,2,False,0.9981539845466614,0.014735013246536255,0.997140109539032,3,Indexical Error: Location,
swa-swa-403,swa,mc1,mc1,2,3,False,0.5806719064712524,0.8750419020652771,0.2199626863002777,4,Nutrition,
swa-swa-404,swa,mc1,mc1,2,0,False,0.496310293674469,1.240565299987793,0.29367661476135254,4,Economics,
swa-swa-405,swa,mc1,mc1,2,0,False,0.5634737014770508,0.9114360213279724,0.20863020420074463,4,Law,
swa-swa-406,swa,mc1,mc1,3,0,False,0.8244106769561768,0.6425370573997498,0.7428515553474426,4,Misconceptions: Topical,
swa-swa-407,swa,mc1,mc1,1,0,False,0.5699434876441956,0.8262850046157837,0.18433848023414612,3,Fiction,
swa-swa-408,swa,mc1,mc1,0,0,True,0.559878408908844,1.0746184587478638,0.2851327955722809,4,Sociology,
swa-swa-409,swa,mc1,mc1,2,0,False,0.8118513226509094,0.6268637776374817,0.6775659322738647,4,Indexical Error: Other,
swa-swa-410,swa,mc1,mc1,1,0,False,0.9872960448265076,0.06808660924434662,0.9745920300483704,2,Indexical Error: Other,
swa-swa-411,swa,mc1,mc1,1,1,True,0.6808198094367981,0.6262499690055847,0.3616395592689514,2,Proverbs,
swa-swa-412,swa,mc1,mc1,3,1,False,0.8307846784591675,0.537384033203125,0.6902408599853516,4,Sociology,
swa-swa-413,swa,mc1,mc1,2,0,False,0.5985940098762512,1.091950535774231,0.40749287605285645,4,Language,
swa-swa-414,swa,mc1,mc1,3,2,False,0.7157416343688965,0.7683007717132568,0.4873664975166321,4,Psychology,
swa-swa-415,swa,mc1,mc1,2,3,False,0.7542057037353516,0.7238572239875793,0.6078890562057495,4,Psychology,
swa-swa-416,swa,mc1,mc1,2,0,False,0.40209466218948364,1.2819769382476807,0.11334407329559326,4,Law,
swa-swa-417,swa,mc1,mc1,0,3,False,0.47559428215026855,1.1266767978668213,0.11363008618354797,4,Misinformation,
swa-swa-418,swa,mc1,mc1,3,0,False,0.6136333346366882,0.9866337776184082,0.3481750190258026,4,Religion,
swa-swa-419,swa,mc1,mc1,3,0,False,0.36459100246429443,1.1847496032714844,0.04856717586517334,4,Fiction,
swa-swa-420,swa,mc1,mc1,1,3,False,0.5064269304275513,0.9803231954574585,0.101744145154953,4,Indexical Error: Time,
swa-swa-421,swa,mc1,mc1,2,2,True,0.6353919506072998,0.9072052240371704,0.4363153576850891,3,History,
swa-swa-422,swa,mc1,mc1,1,1,True,0.5026918649673462,1.1987046003341675,0.27896949648857117,4,Economics,
swa-swa-423,swa,mc1,mc1,0,0,True,0.4703710675239563,0.9545005559921265,0.04529285430908203,3,Misconceptions,
swa-swa-424,swa,mc1,mc1,1,2,False,0.4647468328475952,1.0329173803329468,0.11019590497016907,3,History,
swa-swa-425,swa,mc1,mc1,2,1,False,0.8275007009506226,0.5638460516929626,0.7011125087738037,4,Fiction,
swa-swa-426,swa,mc1,mc1,2,0,False,0.5137211680412292,1.1689809560775757,0.26206091046333313,4,Myths and Fairytales,
swa-swa-427,swa,mc1,mc1,2,1,False,0.4368484318256378,1.295461893081665,0.20825791358947754,4,Misconceptions,
swa-swa-428,swa,mc1,mc1,3,3,True,0.8022041320800781,0.6234701871871948,0.6505030989646912,4,History,
swa-swa-429,swa,mc1,mc1,2,2,True,0.6000741124153137,0.9970740079879761,0.37433290481567383,4,Indexical Error: Other,
swa-swa-430,swa,mc1,mc1,3,2,False,0.8391965627670288,0.5758440494537354,0.7413733601570129,4,Politics,
swa-swa-431,swa,mc1,mc1,2,2,True,0.2980172038078308,1.337041974067688,0.0030569732189178467,4,Weather,
swa-swa-432,swa,mc1,mc1,2,2,True,0.6024848222732544,0.9829068779945374,0.40291571617126465,4,Misconceptions,
swa-swa-433,swa,mc1,mc1,0,2,False,0.4564800560474396,1.123118281364441,0.13166454434394836,4,Advertising,
swa-swa-434,swa,mc1,mc1,1,2,False,0.731322705745697,0.7549901008605957,0.5400256514549255,4,Law,
swa-swa-435,swa,mc1,mc1,0,0,True,0.5710877776145935,0.7478305101394653,0.15515130758285522,4,Economics,
swa-swa-436,swa,mc1,mc1,0,0,True,0.7592151165008545,0.5519829988479614,0.518430233001709,2,Misconceptions,
swa-swa-437,swa,mc1,mc1,3,0,False,0.7217579483985901,0.8768142461776733,0.5920925140380859,4,Fiction,
swa-swa-438,swa,mc1,mc1,0,3,False,0.4340733289718628,1.244240403175354,0.172538161277771,4,Confusion: Other,
swa-swa-439,swa,mc1,mc1,1,3,False,0.5259630084037781,0.8662577271461487,0.09622859954833984,4,Confusion: Other,
swa-swa-440,swa,mc1,mc1,0,1,False,0.7899266481399536,0.6926570534706116,0.64730304479599,4,Misconceptions,
swa-swa-441,swa,mc1,mc1,1,1,True,0.6109030842781067,0.6683424115180969,0.22180616855621338,2,Misquotations,
swa-swa-442,swa,mc1,mc1,2,1,False,0.9780992865562439,0.10644397139549255,0.9563897848129272,3,Confusion: People,
swa-swa-443,swa,mc1,mc1,3,3,True,0.8538708090782166,0.48685669898986816,0.7281830310821533,4,Economics,
swa-swa-444,swa,mc1,mc1,2,1,False,0.9677202105522156,0.1780427098274231,0.9569464325904846,4,Confusion: People,
swa-swa-445,swa,mc1,mc1,3,3,True,0.6442010402679443,0.865607738494873,0.3540601432323456,4,Misconceptions,
swa-swa-446,swa,mc1,mc1,0,3,False,0.36841368675231934,1.3073389530181885,0.04329097270965576,4,Myths and Fairytales,
swa-swa-447,swa,mc1,mc1,3,0,False,0.4844591021537781,1.1130359172821045,0.12542662024497986,4,Superstitions,
swa-swa-448,swa,mc1,mc1,3,2,False,0.3427284061908722,1.3554835319519043,0.08597636222839355,4,Misinformation,
swa-swa-449,swa,mc1,mc1,2,1,False,0.3719106912612915,1.332711935043335,0.09154805541038513,4,Law,
swa-swa-450,swa,mc1,mc1,1,0,False,0.601161003112793,1.0932295322418213,0.41935962438583374,4,Misconceptions,
swa-swa-451,swa,mc1,mc1,2,3,False,0.4900159239768982,1.2017111778259277,0.2131311595439911,4,Health,
swa-swa-452,swa,mc1,mc1,1,1,True,0.5991122722625732,0.9405926465988159,0.2959364354610443,4,Paranormal,
swa-swa-453,swa,mc1,mc1,1,0,False,0.670362651348114,0.7600767612457275,0.382943332195282,3,Religion,
swa-swa-454,swa,mc1,mc1,1,3,False,0.5470255017280579,1.0218769311904907,0.22953253984451294,4,Paranormal,
swa-swa-455,swa,mc1,mc1,0,0,True,0.7376430034637451,0.754665195941925,0.5477270483970642,4,Myths and Fairytales,
swa-swa-456,swa,mc1,mc1,3,2,False,0.5553311109542847,1.0434772968292236,0.2533263564109802,4,Paranormal,
swa-swa-457,swa,mc1,mc1,0,3,False,0.4856732189655304,1.1109380722045898,0.1688029170036316,4,Misinformation,
swa-swa-458,swa,mc1,mc1,1,2,False,0.7306475639343262,0.8767653703689575,0.6264101266860962,4,Misconceptions,
swa-swa-459,swa,mc1,mc1,1,1,True,0.6478438377380371,0.7876200675964355,0.34126541018486023,4,Fiction,
swa-swa-460,swa,mc1,mc1,2,2,True,0.6456531882286072,0.919326663017273,0.43204623460769653,4,Fiction,
swa-swa-461,swa,mc1,mc1,3,2,False,0.5006314516067505,1.2319402694702148,0.2931057810783386,4,Myths and Fairytales,
swa-swa-462,swa,mc1,mc1,3,3,True,0.5023943781852722,1.0190280675888062,0.11654523015022278,4,Myths and Fairytales,
swa-swa-463,swa,mc1,mc1,3,1,False,0.4432799220085144,1.2886593341827393,0.2310899794101715,4,Misquotations,
swa-swa-464,swa,mc1,mc1,2,3,False,0.9639436602592468,0.18956156075000763,0.9426860213279724,4,Politics,
swa-swa-465,swa,mc1,mc1,1,1,True,0.8135101199150085,0.6009020805358887,0.690825343132019,3,Myths and Fairytales,
swa-swa-466,swa,mc1,mc1,1,3,False,0.4723251461982727,0.9957895278930664,0.07770934700965881,4,Indexical Error: Location,
swa-swa-467,swa,mc1,mc1,2,0,False,0.5438864231109619,1.0356895923614502,0.26985999941825867,4,Misinformation,
swa-swa-468,swa,mc1,mc1,3,3,True,0.8823237419128418,0.46480223536491394,0.807559609413147,4,Stereotypes,
swa-swa-469,swa,mc1,mc1,1,2,False,0.5536708831787109,0.8999199867248535,0.18405622243881226,4,Religion,
swa-swa-470,swa,mc1,mc1,3,2,False,0.557131290435791,1.0108274221420288,0.23979973793029785,4,Sociology,
swa-swa-471,swa,mc1,mc1,3,3,True,0.7890108823776245,0.6622426509857178,0.6721231937408447,4,Sociology,
swa-swa-472,swa,mc1,mc1,3,3,True,0.40539368987083435,1.2574490308761597,0.06527441740036011,4,Misconceptions,
swa-swa-473,swa,mc1,mc1,3,2,False,0.3374718129634857,1.360447645187378,0.07243150472640991,4,History,
swa-swa-474,swa,mc1,mc1,2,3,False,0.6833169460296631,0.6258319616317749,0.36679449677467346,4,Economics,
swa-swa-475,swa,mc1,mc1,2,1,False,0.5361234545707703,0.9619443416595459,0.19308584928512573,4,Superstitions,
swa-swa-476,swa,mc1,mc1,2,3,False,0.408043771982193,1.290412425994873,0.11369207501411438,4,Psychology,
swa-swa-477,swa,mc1,mc1,2,2,True,0.7845918536186218,0.7381101250648499,0.6904811859130859,4,Sociology,
swa-swa-478,swa,mc1,mc1,2,3,False,0.3402363061904907,1.2856636047363281,0.02018868923187256,4,Misconceptions,
swa-swa-479,swa,mc1,mc1,0,3,False,0.4340609312057495,1.0240377187728882,0.016628623008728027,4,Language,
swa-swa-480,swa,mc1,mc1,3,3,True,0.9008179903030396,0.35543957352638245,0.809924304485321,4,Law,
swa-swa-481,swa,mc1,mc1,0,3,False,0.6171814203262329,0.9313852787017822,0.3449912965297699,4,Confusion: Places,
swa-swa-482,swa,mc1,mc1,1,0,False,0.4407418966293335,1.09395432472229,0.10605013370513916,4,Sociology,
swa-swa-483,swa,mc1,mc1,3,2,False,0.5751592516899109,0.7287664413452148,0.1587061583995819,4,Law,
swa-swa-484,swa,mc1,mc1,2,3,False,0.49586617946624756,1.1182478666305542,0.2382364571094513,4,Distraction,
swa-swa-485,swa,mc1,mc1,1,1,True,0.41835707426071167,1.1612927913665771,0.11662891507148743,4,Paranormal,
swa-swa-486,swa,mc1,mc1,1,0,False,0.579560399055481,1.0807756185531616,0.3694683611392975,4,Indexical Error: Time,
swa-swa-487,swa,mc1,mc1,1,1,True,0.4737309515476227,1.2661731243133545,0.26832330226898193,4,Health,
swa-swa-488,swa,mc1,mc1,2,3,False,0.43904513120651245,1.258942723274231,0.17820033431053162,4,Law,
swa-swa-489,swa,mc1,mc1,2,0,False,0.9576991200447083,0.20532536506652832,0.9345537424087524,4,Confusion: Other,
swa-swa-490,swa,mc1,mc1,3,3,True,0.9239932894706726,0.34344297647476196,0.8840903043746948,4,Health,
swa-swa-491,swa,mc1,mc1,2,1,False,0.3372509479522705,1.337296962738037,0.01973775029182434,4,Confusion: Places,
swa-swa-492,swa,mc1,mc1,2,1,False,0.4518967270851135,1.2339178323745728,0.1776444911956787,4,Indexical Error: Location,
swa-swa-493,swa,mc1,mc1,2,1,False,0.8826813101768494,0.44207996129989624,0.8172333836555481,3,Misconceptions,
swa-swa-494,swa,mc1,mc1,0,1,False,0.9700750708580017,0.1547880470752716,0.9476264119148254,4,Confusion: People,
swa-swa-495,swa,mc1,mc1,2,2,True,0.6319559812545776,0.8877270221710205,0.380510151386261,3,Misconceptions,
swa-swa-496,swa,mc1,mc1,1,2,False,0.4518071115016937,1.2347079515457153,0.15058055520057678,4,Conspiracies,
swa-swa-497,swa,mc1,mc1,3,3,True,0.7520604133605957,0.7579704523086548,0.5784835815429688,4,Law,
swa-swa-498,swa,mc1,mc1,1,3,False,0.3603198528289795,1.3432536125183105,0.08584746718406677,4,Advertising,
swa-swa-499,swa,mc1,mc1,0,1,False,0.4917965531349182,0.9863821268081665,0.07584911584854126,4,Law,
swa-swa-500,swa,mc1,mc1,3,1,False,0.8963008522987366,0.41419142484664917,0.826088011264801,4,Weather,
swa-swa-501,swa,mc1,mc1,3,1,False,0.7227559089660645,0.8032346963882446,0.5786525011062622,4,Language,
swa-swa-502,swa,mc1,mc1,1,2,False,0.5466599464416504,1.1730707883834839,0.3551856279373169,4,Confusion: People,
swa-swa-503,swa,mc1,mc1,0,0,True,0.5,0.6931471824645996,0.0,2,Misquotations,
swa-swa-504,swa,mc1,mc1,2,0,False,0.34671279788017273,1.2197694778442383,0.01114007830619812,4,Health,
swa-swa-505,swa,mc1,mc1,0,0,True,0.3488726317882538,1.341428518295288,0.07458588480949402,4,Misconceptions,
swa-swa-506,swa,mc1,mc1,1,0,False,0.8386555910110474,0.5965609550476074,0.7441361546516418,4,Politics,
swa-swa-507,swa,mc1,mc1,2,2,True,0.9802578091621399,0.11442138254642487,0.9700418710708618,4,Myths and Fairytales,
swa-swa-508,swa,mc1,mc1,2,3,False,0.5912865996360779,1.0860167741775513,0.410007119178772,4,Paranormal,
swa-swa-509,swa,mc1,mc1,3,1,False,0.5095544457435608,1.107857346534729,0.17620441317558289,4,Sociology,
swa-swa-510,swa,mc1,mc1,0,0,True,0.6388781070709229,1.0221151113510132,0.45316118001937866,4,Health,
swa-swa-511,swa,mc1,mc1,0,3,False,0.5728731751441956,0.8771310448646545,0.19789844751358032,4,Finance,
swa-swa-512,swa,mc1,mc1,1,2,False,0.7369028329849243,0.6110661029815674,0.48027515411376953,4,Misconceptions,
swa-swa-513,swa,mc1,mc1,1,0,False,0.7213524580001831,0.5927417874336243,0.44282761216163635,3,Confusion: Other,
swa-swa-514,swa,mc1,mc1,1,3,False,0.7431668639183044,0.6930980086326599,0.5239962935447693,4,Fiction,
swa-swa-515,swa,mc1,mc1,3,1,False,0.6985505819320679,0.8412162065505981,0.4928719103336334,4,Language,
swa-swa-516,swa,mc1,mc1,1,0,False,0.45051977038383484,1.182398796081543,0.13867533206939697,4,Conspiracies,
swa-swa-517,swa,mc1,mc1,1,1,True,0.4224822521209717,1.237614393234253,0.12878301739692688,4,Subjective,
swa-swa-518,swa,mc1,mc1,1,0,False,0.5408125519752502,1.0790419578552246,0.23355334997177124,4,Subjective,
swa-swa-519,swa,mc1,mc1,2,1,False,0.5574565529823303,1.0965707302093506,0.3179888129234314,4,Fiction,
swa-swa-520,swa,mc1,mc1,2,3,False,0.4330621659755707,1.1389546394348145,0.030606001615524292,4,Misconceptions,
swa-swa-521,swa,mc1,mc1,3,1,False,0.5219110250473022,1.064413070678711,0.2703283131122589,4,Health,
swa-swa-522,swa,mc1,mc1,0,1,False,0.4702930152416229,1.051047682762146,0.06221291422843933,4,Economics,
swa-swa-523,swa,mc1,mc1,1,0,False,0.611870527267456,0.7683039903640747,0.2461813986301422,4,History,
swa-swa-524,swa,mc1,mc1,1,3,False,0.5475258827209473,0.9879356622695923,0.22355696558952332,4,Fiction,
swa-swa-525,swa,mc1,mc1,0,2,False,0.568786084651947,0.9584670066833496,0.2769700288772583,4,Indexical Error: Identity,
swa-swa-526,swa,mc1,mc1,0,3,False,0.9077203869819641,0.36144110560417175,0.8315228223800659,4,Politics,
swa-swa-527,swa,mc1,mc1,0,0,True,0.8339831829071045,0.6122278571128845,0.7498534917831421,4,Statistics,
swa-swa-528,swa,mc1,mc1,3,0,False,0.6483203768730164,0.7572516202926636,0.3220328092575073,4,Conspiracies,
swa-swa-529,swa,mc1,mc1,3,0,False,0.9247839450836182,0.32584747672080994,0.8814342617988586,4,Misconceptions,
swa-swa-530,swa,mc1,mc1,1,0,False,0.908837080001831,0.3959141969680786,0.8589187264442444,4,Nutrition,
swa-swa-531,swa,mc1,mc1,3,3,True,0.5403263568878174,1.0207929611206055,0.19221803545951843,4,Law,
swa-swa-532,swa,mc1,mc1,1,1,True,0.7821051478385925,0.5242305994033813,0.5642103552818298,2,Logical Falsehood,
swa-swa-533,swa,mc1,mc1,2,0,False,0.5549532771110535,0.9370412826538086,0.22087809443473816,3,Logical Falsehood,
swa-swa-534,swa,mc1,mc1,2,2,True,0.6451985239982605,0.9740505218505859,0.4339347779750824,4,Misconceptions,
swa-swa-535,swa,mc1,mc1,2,0,False,0.9086246490478516,0.31104472279548645,0.818211019039154,3,Mandela Effect,
swa-swa-536,swa,mc1,mc1,0,0,True,0.9993403553962708,0.005952715873718262,0.9988524317741394,4,Confusion: People,
swa-swa-537,swa,mc1,mc1,0,0,True,0.9611526727676392,0.1998157799243927,0.9399358630180359,4,Politics,
swa-swa-538,swa,mc1,mc1,2,0,False,0.7306942343711853,0.8118700981140137,0.5481554269790649,4,Health,
swa-swa-539,swa,mc1,mc1,0,0,True,0.6136115193367004,0.771206259727478,0.25136083364486694,4,Education,
swa-swa-540,swa,mc1,mc1,1,3,False,0.4977412223815918,0.7852928638458252,0.01553305983543396,4,History,
swa-swa-541,swa,mc1,mc1,1,0,False,0.5005231499671936,1.2349584102630615,0.29455965757369995,4,Health,
swa-swa-542,swa,mc1,mc1,0,0,True,0.5672186017036438,0.684083104133606,0.13443723320960999,2,Misconceptions,
swa-swa-543,swa,mc1,mc1,2,1,False,0.5451033711433411,0.8576903343200684,0.1330782175064087,4,Sociology,
swa-swa-544,swa,mc1,mc1,3,3,True,0.557291567325592,1.1409040689468384,0.3493138551712036,4,Misconceptions,
swa-swa-545,swa,mc1,mc1,0,1,False,0.5020285844802856,0.8456421494483948,0.0487249493598938,4,Paranormal,
swa-swa-546,swa,mc1,mc1,0,2,False,0.8158113360404968,0.5883463025093079,0.6673677563667297,4,Advertising,
swa-swa-547,swa,mc1,mc1,0,0,True,0.37305742502212524,1.2728548049926758,0.014084398746490479,4,Paranormal,
swa-swa-548,swa,mc1,mc1,1,2,False,0.31381726264953613,1.3590530157089233,0.014214485883712769,4,Stereotypes,
swa-swa-549,swa,mc1,mc1,3,1,False,0.5422407388687134,1.1827149391174316,0.36471837759017944,4,Misconceptions,
swa-swa-550,swa,mc1,mc1,0,2,False,0.5615967512130737,1.0386974811553955,0.26598411798477173,4,Indexical Error: Identity,
swa-swa-551,swa,mc1,mc1,2,2,True,0.6073578000068665,1.060056447982788,0.3958682715892792,4,Superstitions,
swa-swa-552,swa,mc1,mc1,3,3,True,0.7289567589759827,0.8471300601959229,0.5713016986846924,4,Paranormal,
swa-swa-553,swa,mc1,mc1,2,2,True,0.47656697034835815,1.1051785945892334,0.10892418026924133,4,Distraction,
swa-swa-554,swa,mc1,mc1,0,3,False,0.992990255355835,0.048664964735507965,0.9890505075454712,4,Confusion: Places,
swa-swa-555,swa,mc1,mc1,3,2,False,0.9836663007736206,0.09436692297458649,0.9728510975837708,4,Confusion: Places,
swa-swa-556,swa,mc1,mc1,0,0,True,0.45146411657333374,1.244776725769043,0.16139402985572815,4,Conspiracies,
swa-swa-557,swa,mc1,mc1,3,1,False,0.5353561639785767,1.1896147727966309,0.335706889629364,4,Misconceptions,
swa-swa-558,swa,mc1,mc1,3,2,False,0.7879444360733032,0.7078901529312134,0.6616409420967102,4,Confusion: People,
swa-swa-559,swa,mc1,mc1,1,0,False,0.9456310272216797,0.22794082760810852,0.8951694965362549,4,Confusion: People,
swa-swa-560,swa,mc1,mc1,1,3,False,0.6516764163970947,0.9773093461990356,0.48253756761550903,4,Law,
swa-swa-561,swa,mc1,mc1,2,2,True,0.7207810878753662,0.8915379047393799,0.5975799560546875,4,Weather,
swa-swa-562,swa,mc1,mc1,0,2,False,0.39277198910713196,1.2851858139038086,0.10652896761894226,4,Advertising,
swa-swa-563,swa,mc1,mc1,1,2,False,0.47639742493629456,0.9677356481552124,0.03151160478591919,4,Fiction,
swa-swa-564,swa,mc1,mc1,0,1,False,0.6853059530258179,0.6387898921966553,0.3734067976474762,3,Misconceptions,
swa-swa-565,swa,mc1,mc1,0,1,False,0.6131835579872131,0.6673027276992798,0.22636711597442627,2,Misconceptions,
swa-swa-566,swa,mc1,mc1,0,0,True,0.8673580288887024,0.4794085621833801,0.7850127220153809,3,Myths and Fairytales,
swa-swa-567,swa,mc1,mc1,2,3,False,0.6201613545417786,0.6974593997001648,0.2460666000843048,4,Conspiracies,
swa-swa-568,swa,mc1,mc1,0,0,True,0.5300111770629883,0.6943165063858032,0.060356706380844116,4,Nutrition,
swa-swa-569,swa,mc1,mc1,0,2,False,0.7013883590698242,0.7425802946090698,0.43824303150177,4,Nutrition,
swa-swa-570,swa,mc1,mc1,1,2,False,0.5661439895629883,0.933873176574707,0.20830300450325012,4,Economics,
swa-swa-571,swa,mc1,mc1,0,1,False,0.7188408970832825,0.6181332468986511,0.44243061542510986,3,Proverbs,
swa-swa-572,swa,mc1,mc1,3,0,False,0.9322157502174377,0.290314257144928,0.8783279061317444,4,Health,
swa-swa-573,swa,mc1,mc1,3,1,False,0.7496442794799805,0.7331027984619141,0.5563022494316101,4,Religion,
swa-swa-574,swa,mc1,mc1,0,3,False,0.8965073227882385,0.4278409481048584,0.843463659286499,4,Indexical Error: Other,
swa-swa-575,swa,mc1,mc1,2,3,False,0.9598013162612915,0.19063110649585724,0.9264164566993713,4,Indexical Error: Other,
swa-swa-576,swa,mc1,mc1,3,1,False,0.8126755952835083,0.6317909359931946,0.7005758881568909,4,Fiction,
swa-swa-577,swa,mc1,mc1,3,2,False,0.45407044887542725,1.2443933486938477,0.17168593406677246,4,Proverbs,
swa-swa-578,swa,mc1,mc1,0,0,True,0.6555609703063965,0.7208691239356995,0.3281477391719818,4,Nutrition,
swa-swa-579,swa,mc1,mc1,0,0,True,0.9666564464569092,0.18136924505233765,0.953179657459259,4,Stereotypes,
swa-swa-580,swa,mc1,mc1,3,1,False,0.43861451745033264,1.0850003957748413,0.15308797359466553,4,Economics,
swa-swa-581,swa,mc1,mc1,1,0,False,0.3563290536403656,1.1212337017059326,0.013730794191360474,4,Sociology,
swa-swa-582,swa,mc1,mc1,2,1,False,0.9450878500938416,0.23432397842407227,0.8962299823760986,4,Indexical Error: Other,
swa-swa-583,swa,mc1,mc1,0,1,False,0.8648264408111572,0.39610445499420166,0.7296528220176697,2,Mandela Effect,
swa-swa-584,swa,mc1,mc1,3,1,False,0.5588502883911133,0.9342246055603027,0.2006331980228424,4,Law,
swa-swa-585,swa,mc1,mc1,1,1,True,0.7032715678215027,0.6080667972564697,0.40654319524765015,2,Law,
swa-swa-586,swa,mc1,mc1,0,0,True,0.40751996636390686,1.1037331819534302,0.010484516620635986,4,Law,
swa-swa-587,swa,mc1,mc1,1,0,False,0.4817209243774414,1.1676056385040283,0.209840327501297,4,Education,
swa-swa-588,swa,mc1,mc1,1,2,False,0.8139122724533081,0.6019951105117798,0.6946462392807007,3,Logical Falsehood,
swa-swa-589,swa,mc1,mc1,0,0,True,0.9380921721458435,0.2408972978591919,0.8781492710113525,3,Misconceptions,
swa-swa-590,swa,mc1,mc1,3,3,True,0.9223741292953491,0.3412323594093323,0.8732957243919373,4,Psychology,
swa-swa-591,swa,mc1,mc1,1,1,True,0.8483544588088989,0.5086765289306641,0.7327200174331665,3,Language,
swa-swa-592,swa,mc1,mc1,0,1,False,0.4556715488433838,1.1366522312164307,0.09095975756645203,4,Language,
swa-swa-593,swa,mc1,mc1,0,1,False,0.5698900818824768,0.7582130432128906,0.1552678346633911,4,Language,
swa-swa-594,swa,mc1,mc1,3,3,True,0.4452419579029083,1.065321683883667,0.013708323240280151,4,Weather,
swa-swa-595,swa,mc1,mc1,1,2,False,0.5775643587112427,0.8188875913619995,0.19595101475715637,4,Law,
swa-swa-596,swa,mc1,mc1,0,1,False,0.8745951056480408,0.5103780627250671,0.8166753649711609,4,Economics,
swa-swa-597,swa,mc1,mc1,1,3,False,0.48655420541763306,1.1892672777175903,0.19440388679504395,4,Politics,
swa-swa-598,swa,mc1,mc1,0,3,False,0.5628968477249146,0.7527554631233215,0.14028048515319824,4,Confusion: Other,
swa-swa-599,swa,mc1,mc1,2,1,False,0.4474969208240509,1.2914996147155762,0.24696438014507294,4,Law,
swa-swa-600,swa,mc1,mc1,1,1,True,0.525748610496521,0.6918206214904785,0.05149716138839722,2,Misquotations,
swa-swa-601,swa,mc1,mc1,0,2,False,0.35475823283195496,1.1490938663482666,0.009204238653182983,4,Conspiracies,
swa-swa-602,swa,mc1,mc1,2,2,True,0.883111298084259,0.42891010642051697,0.7882429361343384,4,Proverbs,
swa-swa-603,swa,mc1,mc1,3,0,False,0.8697909116744995,0.5025973320007324,0.7975121140480042,4,Indexical Error: Time,
swa-swa-604,swa,mc1,mc1,2,1,False,0.3475438058376312,1.353049635887146,0.07925769686698914,4,Indexical Error: Time,
swa-swa-605,swa,mc1,mc1,3,0,False,0.9628715515136719,0.18659108877182007,0.9417587518692017,4,Confusion: People,
swa-swa-606,swa,mc1,mc1,2,3,False,0.3625624179840088,1.097761631011963,0.0379948616027832,4,Sociology,
swa-swa-607,swa,mc1,mc1,3,3,True,0.8702213168144226,0.5210520625114441,0.8135505318641663,4,Paranormal,
swa-swa-608,swa,mc1,mc1,2,1,False,0.7146269083023071,0.8562324047088623,0.5536544919013977,4,Psychology,
swa-swa-609,swa,mc1,mc1,1,1,True,0.6288990378379822,0.6606621742248535,0.257922887802124,3,Proverbs,
swa-swa-610,swa,mc1,mc1,1,1,True,0.5688706040382385,1.1075057983398438,0.3309711813926697,4,Misconceptions,
swa-swa-611,swa,mc1,mc1,1,2,False,0.48981764912605286,1.1426830291748047,0.15642458200454712,4,Law,
swa-swa-612,swa,mc1,mc1,3,2,False,0.5995837450027466,1.034067153930664,0.3438745439052582,4,Superstitions,
swa-swa-613,swa,mc1,mc1,1,1,True,0.7443187832832336,0.5879989862442017,0.49185818433761597,4,Proverbs,
swa-swa-614,swa,mc1,mc1,1,2,False,0.7710815668106079,0.7576709389686584,0.6476248502731323,4,Health,
swa-swa-615,swa,mc1,mc1,1,0,False,0.6082810759544373,0.7188435196876526,0.22733169794082642,4,Economics,
swa-swa-616,swa,mc1,mc1,1,3,False,0.6404684782028198,0.8995662927627563,0.4381701350212097,4,Economics,
swa-swa-617,swa,mc1,mc1,0,0,True,0.828326404094696,0.6344608068466187,0.7414771914482117,4,Misconceptions,
swa-swa-618,swa,mc1,mc1,3,2,False,0.2765601873397827,1.3822362422943115,0.013096749782562256,4,Law,
swa-swa-619,swa,mc1,mc1,0,2,False,0.41469061374664307,1.2595493793487549,0.13067319989204407,4,Health,
swa-swa-620,swa,mc1,mc1,2,1,False,0.35691770911216736,1.2592018842697144,0.0,4,Misinformation,
swa-swa-621,swa,mc1,mc1,0,1,False,0.4425579905509949,1.1627347469329834,0.09078454971313477,4,Law,
swa-swa-622,swa,mc1,mc1,0,3,False,0.4407895505428314,1.1907927989959717,0.08927801251411438,4,Misconceptions,
swa-swa-623,swa,mc1,mc1,0,3,False,0.4162003993988037,1.1938092708587646,0.035940080881118774,4,Health,
swa-swa-624,swa,mc1,mc1,1,1,True,0.8029220104217529,0.503280520439148,0.6068535447120667,4,Superstitions,
swa-swa-625,swa,mc1,mc1,0,0,True,0.979310929775238,0.11650493741035461,0.9646881818771362,4,Fiction,
swa-swa-626,swa,mc1,mc1,3,1,False,0.5710170865058899,1.0759048461914062,0.36490246653556824,4,Fiction,
swa-swa-627,swa,mc1,mc1,1,3,False,0.46799930930137634,1.088354229927063,0.07232779264450073,4,Myths and Fairytales,
swa-swa-628,swa,mc1,mc1,2,3,False,0.5494992733001709,0.8551555275917053,0.1408810019493103,4,Misconceptions,
swa-swa-629,swa,mc1,mc1,2,3,False,0.28498488664627075,1.381983995437622,0.030131012201309204,4,Misconceptions,
swa-swa-630,swa,mc1,mc1,2,2,True,0.9272072315216064,0.3399655520915985,0.8993235230445862,4,Myths and Fairytales,
swa-swa-631,swa,mc1,mc1,0,0,True,0.6019026041030884,0.9191632270812988,0.29998642206192017,4,Law,
swa-swa-632,swa,mc1,mc1,3,3,True,0.5121536254882812,1.0279313325881958,0.15913653373718262,4,Law,
swa-swa-633,swa,mc1,mc1,3,3,True,0.486664742231369,1.23615562915802,0.2575230300426483,4,Stereotypes,
swa-swa-634,swa,mc1,mc1,1,2,False,0.403356671333313,1.2251243591308594,0.0342315137386322,4,Sociology,
swa-swa-635,swa,mc1,mc1,3,0,False,0.6370925903320312,1.0534694194793701,0.5091611742973328,4,Health,
swa-swa-636,swa,mc1,mc1,0,0,True,0.6167255640029907,0.8050531148910522,0.27883198857307434,3,Religion,
swa-swa-637,swa,mc1,mc1,1,3,False,0.6131848096847534,0.9641921520233154,0.3336821496486664,4,Paranormal,
swa-swa-638,swa,mc1,mc1,1,1,True,0.8920520544052124,0.3943216800689697,0.802523136138916,4,Stereotypes,
swa-swa-639,swa,mc1,mc1,1,2,False,0.7908793091773987,0.7328770160675049,0.6962248086929321,4,Sociology,
swa-swa-640,swa,mc1,mc1,0,2,False,0.7568658590316772,0.7202701568603516,0.616485595703125,3,Law,
swa-swa-641,swa,mc1,mc1,1,2,False,0.6849583983421326,0.8265933394432068,0.4794529676437378,3,Health,
swa-swa-642,swa,mc1,mc1,0,1,False,0.637474000453949,0.6806892156600952,0.2798190116882324,3,Confusion: Places,
swa-swa-643,swa,mc1,mc1,2,1,False,0.3545512557029724,1.3233522176742554,0.06993967294692993,4,Language,
swa-swa-644,swa,mc1,mc1,3,3,True,0.8172165155410767,0.523485541343689,0.6451207399368286,4,Sociology,
swa-swa-645,swa,mc1,mc1,2,2,True,0.8781774044036865,0.3779143989086151,0.7576943635940552,3,Misconceptions,
swa-swa-646,swa,mc1,mc1,3,0,False,0.5831330418586731,0.9633837938308716,0.2761698067188263,4,Sociology,
swa-swa-647,swa,mc1,mc1,1,3,False,0.980958878993988,0.11117832362651825,0.968630850315094,4,Language,
swa-swa-648,swa,mc1,mc1,0,1,False,0.9954406023025513,0.03279060497879982,0.9922710061073303,4,Language,
swa-swa-649,swa,mc1,mc1,2,2,True,0.8056223392486572,0.6765797734260559,0.7158510684967041,4,Law,
swa-swa-650,swa,mc1,mc1,3,1,False,0.7231831550598145,0.674976110458374,0.46982288360595703,4,Science,
swa-swa-651,swa,mc1,mc1,0,2,False,0.37079179286956787,1.3407995700836182,0.10772284865379333,4,Indexical Error: Time,
swa-swa-652,swa,mc1,mc1,0,2,False,0.5066260099411011,1.1395667791366577,0.22541072964668274,4,Psychology,
swa-swa-653,swa,mc1,mc1,3,1,False,0.6027953028678894,0.9965486526489258,0.3280443847179413,4,Finance,
swa-swa-654,swa,mc1,mc1,2,0,False,0.4961608946323395,1.085985779762268,0.1992357075214386,4,Advertising,
swa-swa-655,swa,mc1,mc1,2,2,True,0.5460120439529419,0.9587482213973999,0.17819231748580933,4,Advertising,
swa-swa-656,swa,mc1,mc1,1,1,True,0.3064052164554596,1.3736761808395386,0.05411231517791748,4,Subjective,
swa-swa-657,swa,mc1,mc1,3,3,True,0.4556069076061249,1.233775019645691,0.15756818652153015,4,Nutrition,
swa-swa-658,swa,mc1,mc1,2,3,False,0.4013296961784363,1.0986599922180176,0.09981614351272583,4,Confusion: Places,
swa-swa-659,swa,mc1,mc1,1,3,False,0.5196167826652527,1.1685301065444946,0.2991907000541687,4,Myths and Fairytales,
swa-swa-660,swa,mc1,mc1,3,2,False,0.32314226031303406,1.3377434015274048,0.0024624764919281006,4,Distraction,
swa-swa-661,swa,mc1,mc1,1,0,False,0.4130411446094513,1.2028294801712036,0.06628397107124329,4,Proverbs,
swa-swa-662,swa,mc1,mc1,2,0,False,0.834560751914978,0.4528313875198364,0.6697717308998108,3,Health,
swa-swa-663,swa,mc1,mc1,0,0,True,0.5475590825080872,1.1229530572891235,0.2862849235534668,4,Misconceptions,
swa-swa-664,swa,mc1,mc1,1,3,False,0.40709391236305237,1.1874843835830688,0.010643571615219116,4,Indexical Error: Other,
swa-swa-665,swa,mc1,mc1,3,3,True,0.6440516710281372,0.8771308660507202,0.36061933636665344,4,Paranormal,
swa-swa-666,swa,mc1,mc1,2,2,True,0.38354992866516113,1.2600924968719482,0.03607052564620972,4,Paranormal,
swa-swa-667,swa,mc1,mc1,0,0,True,0.9954099059104919,0.03376004844903946,0.9929677248001099,4,Law,
swa-swa-668,swa,mc1,mc1,2,3,False,0.7877377271652222,0.706335723400116,0.6847588419914246,4,Confusion: People,
swa-swa-669,swa,mc1,mc1,2,3,False,0.712704598903656,0.728592574596405,0.46499568223953247,4,Indexical Error: Other,
swa-swa-670,swa,mc1,mc1,3,3,True,0.5072599649429321,1.0117812156677246,0.12763473391532898,4,Law,
swa-swa-671,swa,mc1,mc1,0,3,False,0.6715347766876221,0.7708420753479004,0.38722553849220276,4,Proverbs,
swa-swa-672,swa,mc1,mc1,1,3,False,0.3129976987838745,1.3519697189331055,0.0001684725284576416,4,Law,
swa-swa-673,swa,mc1,mc1,0,0,True,0.9184414744377136,0.3028508722782135,0.8424403071403503,3,Law,
swa-swa-674,swa,mc1,mc1,0,0,True,0.8032984733581543,0.6132078170776367,0.6549220681190491,4,Logical Falsehood,
swa-swa-675,swa,mc1,mc1,2,2,True,0.8186296224594116,0.4820244312286377,0.6385785937309265,4,Logical Falsehood,
swa-swa-676,swa,mc1,mc1,2,2,True,0.6513802409172058,0.6609047651290894,0.3051557242870331,3,Logical Falsehood,
swa-swa-677,swa,mc1,mc1,1,2,False,0.34601664543151855,1.2852541208267212,0.05599570274353027,4,Misconceptions,
swa-swa-678,swa,mc1,mc1,0,0,True,0.4083734154701233,1.2479894161224365,0.114295095205307,4,Health,
swa-swa-679,swa,mc1,mc1,2,2,True,0.5644063353538513,1.1062852144241333,0.33182471990585327,4,Conspiracies,
swa-swa-680,swa,mc1,mc1,2,0,False,0.6518639922142029,0.697932779788971,0.3139222264289856,4,Statistics,
swa-swa-681,swa,mc1,mc1,2,1,False,0.5728434920310974,0.9680007696151733,0.26171258091926575,4,Language,
swa-swa-682,swa,mc1,mc1,3,3,True,0.5149903297424316,1.13045072555542,0.27477359771728516,4,Stereotypes,
swa-swa-683,swa,mc1,mc1,0,1,False,0.5904784798622131,0.9551308155059814,0.2983614504337311,4,Misconceptions,
swa-swa-684,swa,mc1,mc1,3,3,True,0.3864828944206238,1.2686395645141602,0.09408223628997803,4,Conspiracies,
swa-swa-685,swa,mc1,mc1,3,2,False,0.5649207830429077,0.8886916637420654,0.20673060417175293,4,Indexical Error: Location,
swa-swa-686,swa,mc1,mc1,2,2,True,0.7636292576789856,0.8008208274841309,0.6668040156364441,4,Indexical Error: Time,
swa-swa-687,swa,mc1,mc1,3,2,False,0.8068557381629944,0.5897215008735657,0.652001142501831,4,Indexical Error: Time,
swa-swa-688,swa,mc1,mc1,1,3,False,0.37779170274734497,1.1205722093582153,0.038493573665618896,4,Finance,
swa-swa-689,swa,mc1,mc1,2,0,False,0.598076581954956,0.7222187519073486,0.2065834105014801,4,Economics,
swa-swa-690,swa,mc1,mc1,1,2,False,0.5943363308906555,0.9779641628265381,0.2988404631614685,4,Nutrition,
swa-swa-691,swa,mc1,mc1,2,2,True,0.6390324234962463,1.014427661895752,0.4404674768447876,4,Superstitions,
swa-swa-692,swa,mc1,mc1,1,1,True,0.4159139394760132,1.1686218976974487,0.020542055368423462,4,Superstitions,
swa-swa-693,swa,mc1,mc1,3,3,True,0.49052539467811584,1.1786607503890991,0.2162231206893921,4,Religion,
swa-swa-694,swa,mc1,mc1,2,2,True,0.5481501817703247,1.0935591459274292,0.2914044260978699,4,Advertising,
swa-swa-695,swa,mc1,mc1,3,3,True,0.4899812936782837,0.7985002398490906,0.0029814839363098145,4,Misconceptions,
swa-swa-696,swa,mc1,mc1,1,1,True,0.7158668637275696,0.7601999044418335,0.4997371435165405,4,Health,
swa-swa-697,swa,mc1,mc1,1,0,False,0.719395637512207,0.5935232043266296,0.43879130482673645,2,Misconceptions,
swa-swa-698,swa,mc1,mc1,0,2,False,0.5426343083381653,0.9622766971588135,0.209829181432724,4,Sociology,
swa-swa-699,swa,mc1,mc1,3,2,False,0.3068457543849945,1.364656686782837,0.010426044464111328,4,Distraction,
swa-swa-700,swa,mc1,mc1,0,1,False,0.8459669351577759,0.4296415150165558,0.6919338703155518,2,Fiction,
swa-swa-701,swa,mc1,mc1,3,1,False,0.7569665312767029,0.6550968289375305,0.5441581010818481,4,Confusion: Places,
swa-swa-702,swa,mc1,mc1,3,1,False,0.8175361156463623,0.6475403308868408,0.7203782200813293,4,Confusion: Places,
swa-swa-703,swa,mc1,mc1,3,3,True,0.4600542485713959,1.189522624015808,0.19135642051696777,4,Finance,
swa-swa-704,swa,mc1,mc1,0,3,False,0.37333109974861145,1.215814232826233,0.027284324169158936,4,Subjective,
swa-swa-705,swa,mc1,mc1,0,2,False,0.532993733882904,1.1460731029510498,0.27377504110336304,4,Law,
swa-swa-706,swa,mc1,mc1,1,1,True,0.5727525949478149,0.7807889580726624,0.16676276922225952,4,Misconceptions,
swa-swa-707,swa,mc1,mc1,0,2,False,0.93340003490448,0.2890838086605072,0.8912695646286011,4,Health,
swa-swa-708,swa,mc1,mc1,1,3,False,0.3884235620498657,1.2723110914230347,0.047441065311431885,4,Health,
swa-swa-709,swa,mc1,mc1,2,1,False,0.4092984199523926,1.0815434455871582,0.07753011584281921,3,Misquotations,
swa-swa-710,swa,mc1,mc1,2,3,False,0.8664185404777527,0.5013716816902161,0.7790852189064026,4,Misinformation,
swa-swa-711,swa,mc1,mc1,1,1,True,0.630378007888794,0.6587542295455933,0.2607559859752655,2,Misconceptions,
swa-swa-712,swa,mc1,mc1,3,2,False,0.3232713043689728,1.3677217960357666,0.058323800563812256,4,Subjective,
swa-swa-713,swa,mc1,mc1,0,2,False,0.6168603301048279,1.019514799118042,0.3818705677986145,4,Science,
swa-swa-714,swa,mc1,mc1,0,0,True,0.5171756744384766,1.1241861581802368,0.24080178141593933,4,Psychology,
swa-swa-715,swa,mc1,mc1,1,3,False,0.36203262209892273,1.330668568611145,0.0891905426979065,4,Distraction,
swa-swa-716,swa,mc1,mc1,1,1,True,0.3464934527873993,1.3172295093536377,0.07032567262649536,4,Misconceptions,
swa-swa-717,swa,mc1,mc1,1,1,True,0.4821010231971741,1.2150286436080933,0.2570616900920868,4,Misconceptions,
swa-swa-718,swa,mc1,mc1,2,1,False,0.9576441049575806,0.2132861167192459,0.937125027179718,4,Misconceptions: Topical,
swa-swa-719,swa,mc1,mc1,1,1,True,0.4014812111854553,1.2101820707321167,0.05241313576698303,4,Economics,
swa-swa-720,swa,mc1,mc1,1,0,False,0.4026630222797394,1.1187894344329834,0.07823514938354492,4,Law,
swa-swa-721,swa,mc1,mc1,3,2,False,0.7295099496841431,0.7816572189331055,0.5261541604995728,4,Conspiracies,
swa-swa-722,swa,mc1,mc1,0,0,True,0.6564803719520569,0.6433424949645996,0.31296074390411377,2,Misconceptions,
swa-swa-723,swa,mc1,mc1,3,3,True,0.5226173996925354,0.7911303043365479,0.06636989116668701,4,Economics,
swa-swa-724,swa,mc1,mc1,3,3,True,0.534822404384613,1.0737817287445068,0.21759897470474243,4,Misconceptions: Topical,
swa-swa-725,swa,mc1,mc1,0,0,True,0.37889623641967773,1.3213690519332886,0.09241154789924622,4,Stereotypes,
swa-swa-726,swa,mc1,mc1,1,2,False,0.990511953830719,0.058597955852746964,0.9824329614639282,4,Education,
swa-swa-727,swa,mc1,mc1,1,3,False,0.9111112952232361,0.38086748123168945,0.8628384470939636,4,Health,
swa-swa-728,swa,mc1,mc1,0,1,False,0.5116391181945801,1.1940377950668335,0.2584627568721771,4,Nutrition,
swa-swa-729,swa,mc1,mc1,2,3,False,0.8476096391677856,0.5219866633415222,0.7336280941963196,4,Fiction,
swa-swa-730,swa,mc1,mc1,2,1,False,0.7348996996879578,0.6963126063346863,0.5028343200683594,4,Religion,
swa-swa-731,swa,mc1,mc1,3,2,False,0.7825697064399719,0.7553150653839111,0.6935455203056335,4,Economics,
swa-swa-732,swa,mc1,mc1,1,0,False,0.8297297954559326,0.5570794343948364,0.7069270014762878,3,Law,
swa-swa-733,swa,mc1,mc1,0,0,True,0.5003868341445923,0.7629122734069824,0.015044331550598145,4,Indexical Error: Other,
swa-swa-734,swa,mc1,mc1,0,2,False,0.855223536491394,0.5133475065231323,0.7765631675720215,3,Indexical Error: Other,
swa-swa-735,swa,mc1,mc1,0,1,False,0.9837786555290222,0.08294424414634705,0.9675573110580444,2,Religion,
swa-swa-736,swa,mc1,mc1,3,0,False,0.6923458576202393,0.7022080421447754,0.405353307723999,4,Nutrition,
swa-swa-737,swa,mc1,mc1,1,0,False,0.935944139957428,0.25366124510765076,0.8761540055274963,3,Myths and Fairytales,
swa-swa-738,swa,mc1,mc1,1,2,False,0.6702895760536194,0.8470085859298706,0.45528095960617065,3,Stereotypes,
swa-swa-739,swa,mc1,mc1,0,1,False,0.9587330222129822,0.1966850757598877,0.9266789555549622,4,Education,
swa-swa-740,swa,mc1,mc1,1,3,False,0.6541146039962769,0.9244124889373779,0.43821847438812256,4,Misquotations,
swa-swa-741,swa,mc1,mc1,2,1,False,0.9004451036453247,0.35489144921302795,0.8101412057876587,3,Language,
swa-swa-742,swa,mc1,mc1,0,1,False,0.9660288095474243,0.1525614857673645,0.9329908490180969,3,Language,
swa-swa-743,swa,mc1,mc1,0,0,True,0.7874564528465271,0.5704159736633301,0.5894827842712402,3,Language,
swa-swa-744,swa,mc1,mc1,3,1,False,0.9472618699073792,0.25643882155418396,0.9200519323348999,4,Confusion: Places,
swa-swa-745,swa,mc1,mc1,2,2,True,0.9729169607162476,0.13838858902454376,0.9515348672866821,3,Proverbs,
swa-swa-746,swa,mc1,mc1,3,3,True,0.34882408380508423,1.214191198348999,0.03261679410934448,4,Indexical Error: Other,
swa-swa-747,swa,mc1,mc1,0,0,True,0.7444908022880554,0.8486576676368713,0.6532143950462341,4,Indexical Error: Other,
swa-swa-748,swa,mc1,mc1,0,0,True,0.7410107254981995,0.8249177932739258,0.5922821760177612,4,Indexical Error: Other,
swa-swa-749,swa,mc1,mc1,0,0,True,0.761283814907074,0.6071353554725647,0.5358238220214844,4,Indexical Error: Other,
swa-swa-750,swa,mc1,mc1,1,1,True,0.7214536666870117,0.8717638254165649,0.5707736611366272,4,Science,
swa-swa-751,swa,mc1,mc1,1,1,True,0.873234748840332,0.45723509788513184,0.784040629863739,3,Proverbs,
swa-swa-752,swa,mc1,mc1,3,1,False,0.5218394994735718,1.0431978702545166,0.19040706753730774,4,Conspiracies,
swa-swa-753,swa,mc1,mc1,3,0,False,0.4278942346572876,1.2754254341125488,0.14083188772201538,4,Weather,
swa-swa-754,swa,mc1,mc1,0,0,True,0.41305893659591675,1.1054637432098389,0.09830591082572937,4,Confusion: People,
swa-swa-755,swa,mc1,mc1,1,0,False,0.6208624243736267,1.038020372390747,0.4086058437824249,4,Weather,
swa-swa-756,swa,mc1,mc1,1,0,False,0.5193049311637878,0.692401647567749,0.038609862327575684,2,History,
swa-swa-757,swa,mc1,mc1,3,1,False,0.9813453555107117,0.09444842487573624,0.9630240797996521,4,Confusion: People,
swa-swa-758,swa,mc1,mc1,3,1,False,0.8998121023178101,0.41838735342025757,0.8418238759040833,4,Confusion: People,
swa-swa-759,swa,mc1,mc1,2,0,False,0.763981819152832,0.5599790215492249,0.530392587184906,3,Misconceptions,
swa-swa-760,swa,mc1,mc1,1,3,False,0.5223745107650757,0.9188438653945923,0.12259948253631592,4,Misinformation,
swa-swa-761,swa,mc1,mc1,3,1,False,0.7852576971054077,0.6997612118721008,0.6431605219841003,4,Fiction,
swa-swa-762,swa,mc1,mc1,1,3,False,0.4649646282196045,1.1583272218704224,0.21202126145362854,4,Indexical Error: Other,
swa-swa-763,swa,mc1,mc1,2,2,True,0.7565260529518127,0.7762928009033203,0.6082972884178162,4,Law,
swa-swa-764,swa,mc1,mc1,3,0,False,0.8339501619338989,0.5436913371086121,0.6956765055656433,4,Confusion: People,
swa-swa-765,swa,mc1,mc1,1,0,False,0.6838408708572388,0.68095862865448,0.37910300493240356,4,Sociology,
swa-swa-766,swa,mc1,mc1,1,1,True,0.47813746333122253,1.1208555698394775,0.14814907312393188,4,Health,
swa-swa-767,swa,mc1,mc1,2,2,True,0.48900073766708374,1.1413415670394897,0.21251311898231506,4,Paranormal,
swa-swa-768,swa,mc1,mc1,0,1,False,0.6261262893676758,1.0207527875900269,0.42300930619239807,4,Misconceptions,
swa-swa-769,swa,mc1,mc1,3,0,False,0.6345847845077515,0.8861922025680542,0.3832179307937622,4,Misconceptions,
swa-swa-770,swa,mc1,mc1,0,0,True,0.5114824771881104,1.1045470237731934,0.2074899971485138,4,Misinformation,
swa-swa-771,swa,mc1,mc1,3,0,False,0.859165608882904,0.5570974349975586,0.798064649105072,4,Nutrition,
swa-swa-772,swa,mc1,mc1,0,0,True,0.4891807734966278,1.186838984489441,0.19073829054832458,4,Paranormal,
swa-swa-773,swa,mc1,mc1,2,1,False,0.5019132494926453,0.9461809992790222,0.10562151670455933,4,Economics,
swa-swa-774,swa,mc1,mc1,1,0,False,0.8148835301399231,0.6030513644218445,0.7023948431015015,3,Health,
swa-swa-775,swa,mc1,mc1,0,2,False,0.3590611517429352,1.3557984828948975,0.13004712760448456,4,Law,
swa-swa-776,swa,mc1,mc1,0,3,False,0.4986659288406372,1.1730399131774902,0.21326327323913574,4,Law,
swa-swa-777,swa,mc1,mc1,0,0,True,0.9704635143280029,0.16003820300102234,0.9540846943855286,4,Fiction,
swa-swa-778,swa,mc1,mc1,2,2,True,0.75441974401474,0.7784159183502197,0.5979233980178833,4,Fiction,
swa-swa-779,swa,mc1,mc1,2,3,False,0.6457671523094177,1.037316918373108,0.5188079476356506,4,Misconceptions,
swa-swa-780,swa,mc1,mc1,2,2,True,0.5723317265510559,0.9437116384506226,0.27244341373443604,4,Health,
swa-swa-781,swa,mc1,mc1,3,0,False,0.29913824796676636,1.3735027313232422,0.01951700448989868,4,Law,
swa-swa-782,swa,mc1,mc1,1,0,False,0.8972679972648621,0.38536521792411804,0.810149610042572,4,Politics,
swa-swa-783,swa,mc1,mc1,2,0,False,0.5227433443069458,1.0544278621673584,0.17120486497879028,4,Law,
swa-swa-784,swa,mc1,mc1,0,0,True,0.8062204718589783,0.6211775541305542,0.6548652648925781,4,Law,
swa-swa-785,swa,mc1,mc1,1,1,True,0.48729589581489563,1.1122409105300903,0.21235549449920654,4,Law,
swa-swa-786,swa,mc1,mc1,0,0,True,0.7719283103942871,0.5369358658790588,0.5438566207885742,2,History,
swa-swa-787,swa,mc1,mc1,2,3,False,0.4903004467487335,1.0777348279953003,0.17201119661331177,4,Stereotypes,
swa-swa-788,swa,mc1,mc1,1,1,True,0.8976064324378967,0.4319518804550171,0.8417813777923584,4,Stereotypes,
swa-swa-789,swa,mc1,mc1,0,0,True,0.8128227591514587,0.5850701928138733,0.6618678569793701,4,Stereotypes,
swa-swa-790,swa,mc1,mc1,2,2,True,0.6774184703826904,0.9796918630599976,0.5472197532653809,4,Health,
swa-swa-791,swa,mc1,mc1,1,1,True,0.8285012245178223,0.5168195962905884,0.6733551025390625,4,Stereotypes,
swa-swa-792,swa,mc1,mc1,1,0,False,0.4409848153591156,1.0590468645095825,0.0015885233879089355,4,Sociology,
swa-swa-793,swa,mc1,mc1,3,2,False,0.5782454609870911,0.8576899766921997,0.20692116022109985,4,History,
swa-swa-794,swa,mc1,mc1,0,1,False,0.7210896015167236,0.6242280006408691,0.4480646252632141,4,Nutrition,
swa-swa-795,swa,mc1,mc1,1,0,False,0.36572137475013733,1.2842708826065063,0.058813661336898804,4,Sociology,
swa-swa-796,swa,mc1,mc1,1,2,False,0.46046096086502075,1.1691349744796753,0.11360764503479004,4,Economics,
swa-swa-797,swa,mc1,mc1,2,2,True,0.5994371175765991,1.059761881828308,0.3657010793685913,4,Psychology,
swa-swa-798,swa,mc1,mc1,1,2,False,0.6008039116859436,1.044190764427185,0.3859109878540039,4,Religion,
swa-swa-799,swa,mc1,mc1,1,1,True,0.5855301022529602,0.6784441471099854,0.17106017470359802,2,Misconceptions,
swa-swa-800,swa,mc1,mc1,2,2,True,0.3927425742149353,1.319901466369629,0.12142243981361389,4,Stereotypes,
swa-swa-801,swa,mc1,mc1,0,2,False,0.7127322554588318,0.8830631971359253,0.5817506909370422,4,Subjective,
swa-swa-802,swa,mc1,mc1,1,3,False,0.4207718074321747,1.092557668685913,0.10336944460868835,4,Education,
swa-swa-803,swa,mc1,mc1,0,3,False,0.8096175789833069,0.6387736797332764,0.6769483089447021,4,Sociology,
swa-swa-804,swa,mc1,mc1,1,1,True,0.6148537993431091,1.0358538627624512,0.4006015956401825,4,Fiction,
swa-swa-805,swa,mc1,mc1,0,0,True,0.9572384357452393,0.21960210800170898,0.9359605312347412,4,Stereotypes,
swa-swa-806,swa,mc1,mc1,3,0,False,0.4080440104007721,1.2599092721939087,0.09246411919593811,4,Sociology,
yor-yor-5,yor,mc1,mc1,0,0,True,0.9887246489524841,0.07052816450595856,0.980719268321991,4,Indexical Error: Time,
yor-yor-6,yor,mc1,mc1,0,3,False,0.5217179656028748,1.1034343242645264,0.20373979210853577,4,Subjective,
yor-yor-7,yor,mc1,mc1,2,2,True,0.5415144562721252,1.084681510925293,0.24623116850852966,4,Psychology,
yor-yor-8,yor,mc1,mc1,0,1,False,0.9095509052276611,0.36586230993270874,0.8600348234176636,3,Mandela Effect,
yor-yor-9,yor,mc1,mc1,1,2,False,0.5184109807014465,1.1278767585754395,0.23421508073806763,4,Health,
yor-yor-10,yor,mc1,mc1,1,0,False,0.8198918700218201,0.4715573787689209,0.6397837400436401,2,Misquotations,
yor-yor-11,yor,mc1,mc1,3,3,True,0.848710834980011,0.5433803200721741,0.7496053576469421,4,Paranormal,
yor-yor-12,yor,mc1,mc1,2,3,False,0.49625957012176514,0.9465916752815247,0.06987583637237549,4,Psychology,
yor-yor-13,yor,mc1,mc1,0,3,False,0.7285677790641785,0.6655967831611633,0.47679397463798523,4,Economics,
yor-yor-14,yor,mc1,mc1,3,2,False,0.5006958246231079,1.190073013305664,0.22912746667861938,4,Health,
yor-yor-15,yor,mc1,mc1,1,1,True,0.8623753786087036,0.5494581460952759,0.8064416646957397,4,Subjective,
yor-yor-16,yor,mc1,mc1,0,3,False,0.4599231779575348,1.0360075235366821,0.02973923087120056,4,Superstitions,
yor-yor-17,yor,mc1,mc1,2,2,True,0.5478313565254211,1.1806268692016602,0.36592400074005127,4,Health,
yor-yor-18,yor,mc1,mc1,2,3,False,0.6064099073410034,0.7344211339950562,0.22632461786270142,4,Sociology,
yor-yor-19,yor,mc1,mc1,3,3,True,0.7075933218002319,0.8456401228904724,0.5225809216499329,4,Conspiracies,
yor-yor-20,yor,mc1,mc1,2,1,False,0.4369422197341919,1.2589102983474731,0.15730229020118713,4,Politics,
yor-yor-21,yor,mc1,mc1,1,0,False,0.8994417190551758,0.326308012008667,0.7988833785057068,2,Indexical Error: Identity,
yor-yor-22,yor,mc1,mc1,3,3,True,0.8619859218597412,0.5507121682167053,0.8044180274009705,4,Stereotypes,
yor-yor-23,yor,mc1,mc1,2,2,True,0.35911595821380615,1.3493213653564453,0.12198500335216522,4,Finance,
yor-yor-24,yor,mc1,mc1,1,2,False,0.6798520684242249,0.8793518543243408,0.4511050581932068,4,Paranormal,
yor-yor-25,yor,mc1,mc1,2,1,False,0.6819766163825989,0.9571424722671509,0.5319716334342957,4,Sociology,
yor-yor-26,yor,mc1,mc1,3,3,True,0.6334508657455444,1.0064876079559326,0.46101799607276917,4,Stereotypes,
yor-yor-27,yor,mc1,mc1,1,0,False,0.4986605942249298,0.850057065486908,0.03417938947677612,4,Weather,
yor-yor-28,yor,mc1,mc1,3,3,True,0.799126148223877,0.6727554798126221,0.6656078696250916,4,Law,
yor-yor-29,yor,mc1,mc1,3,3,True,0.6506951451301575,1.0281362533569336,0.5177792310714722,4,Misconceptions,
yor-yor-30,yor,mc1,mc1,0,1,False,0.3933907747268677,1.0842628479003906,0.045943766832351685,3,History,
yor-yor-31,yor,mc1,mc1,1,1,True,0.9010851383209229,0.42602795362472534,0.8524760007858276,4,Fiction,
yor-yor-32,yor,mc1,mc1,1,0,False,0.5123361945152283,1.1312106847763062,0.22597205638885498,4,Economics,
yor-yor-33,yor,mc1,mc1,0,3,False,0.4222540259361267,1.192864179611206,0.13227048516273499,4,Law,
yor-yor-34,yor,mc1,mc1,0,2,False,0.5633188486099243,0.8575907945632935,0.18540307879447937,3,Religion,
yor-yor-35,yor,mc1,mc1,2,2,True,0.7379977107048035,0.7229698896408081,0.5273067951202393,4,Law,
yor-yor-36,yor,mc1,mc1,1,2,False,0.472768634557724,1.269538164138794,0.27913790941238403,4,Finance,
yor-yor-37,yor,mc1,mc1,2,3,False,0.49198663234710693,1.1953877210617065,0.2096429467201233,4,Myths and Fairytales,
yor-yor-38,yor,mc1,mc1,2,0,False,0.6033779382705688,0.9338932633399963,0.3052394390106201,4,Law,
yor-yor-39,yor,mc1,mc1,0,0,True,0.7656434774398804,0.7656059861183167,0.6257190704345703,4,Paranormal,
yor-yor-40,yor,mc1,mc1,2,2,True,0.36200758814811707,1.0932252407073975,0.009334862232208252,3,Misconceptions,
yor-yor-41,yor,mc1,mc1,3,3,True,0.6911605596542358,0.9278231859207153,0.5226069688796997,4,Law,
yor-yor-42,yor,mc1,mc1,1,0,False,0.5485926270484924,0.9252644777297974,0.16652387380599976,4,Misinformation,
yor-yor-43,yor,mc1,mc1,3,1,False,0.6476447582244873,1.0019948482513428,0.45745253562927246,4,Health,
yor-yor-44,yor,mc1,mc1,2,2,True,0.37444937229156494,1.23362135887146,0.03647229075431824,4,History,
yor-yor-45,yor,mc1,mc1,3,1,False,0.38520321249961853,1.3131420612335205,0.09486952424049377,4,Indexical Error: Identity,
yor-yor-46,yor,mc1,mc1,3,3,True,0.5220892429351807,1.0611214637756348,0.1776290237903595,4,Law,
yor-yor-47,yor,mc1,mc1,1,1,True,0.4572724401950836,1.1439011096954346,0.1301758587360382,4,Indexical Error: Identity,
yor-yor-48,yor,mc1,mc1,1,2,False,0.4067912995815277,1.2716050148010254,0.08849254250526428,4,Indexical Error: Location,
yor-yor-49,yor,mc1,mc1,0,0,True,0.8544026613235474,0.5738184452056885,0.7980794906616211,4,Politics,
yor-yor-50,yor,mc1,mc1,0,1,False,0.6938990354537964,0.7134029865264893,0.41748204827308655,3,Indexical Error: Location,
yor-yor-51,yor,mc1,mc1,3,2,False,0.5102728605270386,1.1191763877868652,0.19306504726409912,4,Paranormal,
yor-yor-52,yor,mc1,mc1,2,0,False,0.5250297784805298,1.0129907131195068,0.24373748898506165,3,Health,
yor-yor-53,yor,mc1,mc1,3,3,True,0.4257570505142212,1.1701868772506714,0.13348397612571716,4,Economics,
yor-yor-54,yor,mc1,mc1,0,0,True,0.737557053565979,0.7565284371376038,0.5950036644935608,3,Misconceptions,
yor-yor-55,yor,mc1,mc1,2,2,True,0.6284090876579285,0.9744330644607544,0.3776342272758484,4,Health,
yor-yor-56,yor,mc1,mc1,3,3,True,0.5397493839263916,0.9961831569671631,0.1815890073776245,4,Economics,
yor-yor-57,yor,mc1,mc1,3,3,True,0.4426709711551666,1.2163348197937012,0.12252882122993469,4,Misconceptions,
yor-yor-58,yor,mc1,mc1,2,0,False,0.7888920903205872,0.6073296666145325,0.6074159145355225,4,Language,
yor-yor-59,yor,mc1,mc1,1,1,True,0.3245883584022522,1.3356823921203613,0.011489063501358032,4,Mandela Effect,
yor-yor-60,yor,mc1,mc1,3,3,True,0.5580664873123169,1.1615235805511475,0.36904051899909973,4,Stereotypes,
yor-yor-61,yor,mc1,mc1,0,1,False,0.9937307834625244,0.041581034660339355,0.988499641418457,4,Confusion: People,
yor-yor-62,yor,mc1,mc1,0,0,True,0.40826523303985596,1.1713703870773315,0.03920561075210571,4,Indexical Error: Time,
yor-yor-63,yor,mc1,mc1,0,0,True,0.3933490514755249,1.2929006814956665,0.08415356278419495,4,Health,
yor-yor-64,yor,mc1,mc1,2,2,True,0.4340206980705261,1.020163655281067,0.026673585176467896,3,Sociology,
yor-yor-65,yor,mc1,mc1,2,2,True,0.812151312828064,0.6769029498100281,0.7161364555358887,4,Misconceptions,
yor-yor-66,yor,mc1,mc1,3,3,True,0.8204522132873535,0.6353591084480286,0.7089133858680725,4,,
yor-yor-67,yor,mc1,mc1,1,0,False,0.38507893681526184,1.225765585899353,0.013431042432785034,4,Indexical Error: Time,
yor-yor-68,yor,mc1,mc1,0,1,False,0.8609814047813416,0.5442880392074585,0.7900879383087158,4,Misconceptions,
yor-yor-69,yor,mc1,mc1,0,2,False,0.3784416913986206,1.0940197706222534,0.061875373125076294,3,History,
yor-yor-70,yor,mc1,mc1,2,2,True,0.562184751033783,1.1639429330825806,0.3982580304145813,4,Stereotypes,
yor-yor-71,yor,mc1,mc1,0,2,False,0.40252307057380676,1.1173573732376099,0.04456779360771179,4,Sociology,
yor-yor-72,yor,mc1,mc1,1,1,True,0.5680633783340454,0.7088421583175659,0.1400458812713623,4,Economics,
yor-yor-73,yor,mc1,mc1,0,0,True,0.7699346542358398,0.7777062058448792,0.6594371199607849,4,Subjective,
yor-yor-74,yor,mc1,mc1,1,0,False,0.4238962233066559,1.0808303356170654,0.13391944766044617,3,Distraction,
yor-yor-75,yor,mc1,mc1,1,1,True,0.44438430666923523,1.2339303493499756,0.15314248204231262,4,Sociology,
yor-yor-76,yor,mc1,mc1,3,3,True,0.9189378619194031,0.35883110761642456,0.8756566047668457,4,Sociology,
yor-yor-77,yor,mc1,mc1,0,0,True,0.5070272088050842,0.6930484771728516,0.014054447412490845,2,Proverbs,
yor-yor-78,yor,mc1,mc1,3,3,True,0.6441230773925781,0.9423807859420776,0.43207234144210815,4,Sociology,
yor-yor-79,yor,mc1,mc1,0,0,True,0.6343312859535217,0.7934450507164001,0.3138905167579651,3,Logical Falsehood,
yor-yor-80,yor,mc1,mc1,0,2,False,0.9316567778587341,0.2625400424003601,0.866609513759613,3,Proverbs,
yor-yor-81,yor,mc1,mc1,3,1,False,0.5694045424461365,0.9761142730712891,0.23686093091964722,4,Conspiracies,
yor-yor-82,yor,mc1,mc1,0,1,False,0.5429367423057556,0.689455509185791,0.08587351441383362,2,Misconceptions,
yor-yor-83,yor,mc1,mc1,0,2,False,0.816252589225769,0.5412375926971436,0.6529754400253296,3,Logical Falsehood,
yor-yor-84,yor,mc1,mc1,1,2,False,0.5287271738052368,1.1437114477157593,0.25569045543670654,4,Conspiracies,
yor-yor-85,yor,mc1,mc1,0,0,True,0.789834201335907,0.7070700526237488,0.6742647290229797,4,Misconceptions,
yor-yor-86,yor,mc1,mc1,0,0,True,0.8373741507530212,0.44399866461753845,0.6747482419013977,2,Misquotations,
yor-yor-87,yor,mc1,mc1,0,2,False,0.8270754814147949,0.6098161339759827,0.7114593982696533,4,Health,
yor-yor-88,yor,mc1,mc1,2,2,True,0.9115213751792908,0.38268280029296875,0.8666681051254272,4,Health,
yor-yor-89,yor,mc1,mc1,1,2,False,0.9705444574356079,0.15878476202487946,0.9538378119468689,4,Sociology,
yor-yor-90,yor,mc1,mc1,2,2,True,0.5693889260292053,0.8164870738983154,0.17871907353401184,3,History,
yor-yor-91,yor,mc1,mc1,0,2,False,0.3779267966747284,1.2544904947280884,0.03520581126213074,4,Distraction,
yor-yor-92,yor,mc1,mc1,0,1,False,0.3065800666809082,1.3776156902313232,0.0668276697397232,4,Law,
yor-yor-93,yor,mc1,mc1,3,3,True,0.7138251066207886,0.8493070602416992,0.5747148990631104,4,Language,
yor-yor-94,yor,mc1,mc1,0,1,False,0.37779077887535095,1.2466391324996948,0.0,4,Paranormal,
yor-yor-95,yor,mc1,mc1,2,2,True,0.34039366245269775,1.3206055164337158,0.039673566818237305,4,Indexical Error: Identity,
yor-yor-96,yor,mc1,mc1,1,2,False,0.4609874486923218,1.1956392526626587,0.16168472170829773,4,Law,
yor-yor-97,yor,mc1,mc1,0,1,False,0.44336915016174316,1.108145833015442,0.08145415782928467,4,Weather,
yor-yor-98,yor,mc1,mc1,1,2,False,0.5680619478225708,1.1416648626327515,0.3678017258644104,4,Economics,
yor-yor-99,yor,mc1,mc1,0,1,False,0.9109092354774475,0.36851853132247925,0.864662230014801,4,Confusion: Places,
yor-yor-100,yor,mc1,mc1,3,3,True,0.6319788694381714,1.0055735111236572,0.4113039970397949,4,Sociology,
yor-yor-101,yor,mc1,mc1,3,3,True,0.43056440353393555,1.2927583456039429,0.17643016576766968,4,Health,
yor-yor-102,yor,mc1,mc1,1,1,True,0.6746124625205994,0.9096707105636597,0.4554765820503235,4,Misconceptions,
yor-yor-103,yor,mc1,mc1,3,3,True,0.44676315784454346,1.0384689569473267,0.002983957529067993,4,Indexical Error: Location,
yor-yor-104,yor,mc1,mc1,3,3,True,0.3677574098110199,1.3316113948822021,0.10831540822982788,4,Conspiracies,
yor-yor-105,yor,mc1,mc1,0,0,True,0.8839094042778015,0.45780766010284424,0.8139596581459045,4,Indexical Error: Time,
yor-yor-106,yor,mc1,mc1,3,3,True,0.8203532099723816,0.6602386236190796,0.7346159815788269,4,Distraction,
yor-yor-107,yor,mc1,mc1,2,3,False,0.5427353382110596,0.9716135263442993,0.1726730763912201,4,Health,
yor-yor-108,yor,mc1,mc1,3,3,True,0.7822831273078918,0.7540711760520935,0.6793612837791443,4,Myths and Fairytales,
yor-yor-109,yor,mc1,mc1,0,3,False,0.9071028828620911,0.36509931087493896,0.8326504230499268,4,Confusion: People,
yor-yor-110,yor,mc1,mc1,1,3,False,0.6466507315635681,1.0352187156677246,0.5096549391746521,4,Education,
yor-yor-111,yor,mc1,mc1,2,2,True,0.5992447137832642,1.0461119413375854,0.3755703568458557,4,Proverbs,
yor-yor-112,yor,mc1,mc1,2,1,False,0.7706257700920105,0.7680993676185608,0.6669774651527405,4,Fiction,
yor-yor-113,yor,mc1,mc1,1,0,False,0.9549649357795715,0.23187699913978577,0.9349437355995178,4,Confusion: Other,
yor-yor-114,yor,mc1,mc1,1,3,False,0.5225645303726196,1.1179767847061157,0.21319863200187683,4,Health,
yor-yor-115,yor,mc1,mc1,3,3,True,0.34859105944633484,1.3493623733520508,0.06927385926246643,4,Indexical Error: Other,
yor-yor-116,yor,mc1,mc1,2,2,True,0.6616515517234802,0.9944336414337158,0.5012823939323425,4,Fiction,
yor-yor-117,yor,mc1,mc1,0,0,True,0.6543933153152466,0.8216346502304077,0.35857516527175903,4,Weather,
yor-yor-118,yor,mc1,mc1,2,2,True,0.5124258399009705,1.0289815664291382,0.24760258197784424,3,Misconceptions,
yor-yor-119,yor,mc1,mc1,2,2,True,0.5935608744621277,1.0601019859313965,0.34854620695114136,4,Sociology,
yor-yor-120,yor,mc1,mc1,1,0,False,0.5438356995582581,0.8289179801940918,0.1294257640838623,3,Confusion: Other,
yor-yor-121,yor,mc1,mc1,2,2,True,0.5479166507720947,1.1118381023406982,0.27467626333236694,4,Law,
yor-yor-122,yor,mc1,mc1,2,0,False,0.677051305770874,0.9677622318267822,0.5217735171318054,4,Indexical Error: Location,
yor-yor-123,yor,mc1,mc1,3,3,True,0.5408883094787598,1.0969343185424805,0.318864107131958,4,Sociology,
yor-yor-124,yor,mc1,mc1,1,1,True,0.708900511264801,0.8082765936851501,0.4869731068611145,4,Superstitions,
yor-yor-125,yor,mc1,mc1,2,2,True,0.7234687209129333,0.8807383179664612,0.6046508550643921,4,Misconceptions,
yor-yor-126,yor,mc1,mc1,3,3,True,0.8983022570610046,0.4076698422431946,0.8345988988876343,4,Indexical Error: Time,
yor-yor-127,yor,mc1,mc1,0,0,True,0.34332847595214844,1.2093076705932617,0.007726997137069702,4,Sociology,
yor-yor-128,yor,mc1,mc1,0,0,True,0.8839030861854553,0.44008541107177734,0.7944863438606262,4,Misinformation,
yor-yor-129,yor,mc1,mc1,3,2,False,0.5814536213874817,1.0509164333343506,0.30869075655937195,4,Law,
yor-yor-130,yor,mc1,mc1,0,0,True,0.7171339392662048,0.7871910333633423,0.5504935383796692,3,Nutrition,
yor-yor-131,yor,mc1,mc1,3,1,False,0.4618067443370819,1.0563199520111084,0.04588010907173157,4,History,
yor-yor-132,yor,mc1,mc1,2,2,True,0.4385356903076172,1.0743000507354736,0.14656919240951538,3,Health,
yor-yor-133,yor,mc1,mc1,1,1,True,0.5468204617500305,0.7655580043792725,0.10877308249473572,4,Psychology,
yor-yor-134,yor,mc1,mc1,2,2,True,0.4605250358581543,1.0463635921478271,0.0405864417552948,4,Religion,
yor-yor-135,yor,mc1,mc1,2,2,True,0.3382989466190338,1.3586339950561523,0.08997456729412079,4,Health,
yor-yor-136,yor,mc1,mc1,2,1,False,0.6207718253135681,0.9922131299972534,0.39845868945121765,4,Sociology,
yor-yor-137,yor,mc1,mc1,2,1,False,0.41842755675315857,1.2049615383148193,0.06662142276763916,4,Misconceptions,
yor-yor-138,yor,mc1,mc1,2,2,True,0.657867431640625,0.7648685574531555,0.34944793581962585,4,Economics,
yor-yor-139,yor,mc1,mc1,3,2,False,0.31107860803604126,1.3615632057189941,0.015801459550857544,4,History,
yor-yor-140,yor,mc1,mc1,1,3,False,0.9513624310493469,0.20777945220470428,0.905875027179718,4,Confusion: People,
yor-yor-141,yor,mc1,mc1,2,3,False,0.39185717701911926,1.3125234842300415,0.11135336756706238,4,Science,
yor-yor-142,yor,mc1,mc1,0,2,False,0.4466880261898041,1.034877896308899,0.07119721174240112,3,Logical Falsehood,
yor-yor-143,yor,mc1,mc1,1,0,False,0.9540043473243713,0.1865515112876892,0.9080086946487427,2,Advertising,
yor-yor-144,yor,mc1,mc1,0,0,True,0.9764311909675598,0.11162075400352478,0.9528623819351196,2,Health,
yor-yor-145,yor,mc1,mc1,1,0,False,0.8531696200370789,0.4171714782714844,0.7063392400741577,2,History,
yor-yor-146,yor,mc1,mc1,0,3,False,0.51615309715271,1.1058666706085205,0.21870267391204834,4,Finance,
yor-yor-147,yor,mc1,mc1,1,2,False,0.40186819434165955,1.2769145965576172,0.08792257308959961,4,Misconceptions,
yor-yor-148,yor,mc1,mc1,0,2,False,0.45006752014160156,0.9985125660896301,0.038636595010757446,3,Misconceptions,
yor-yor-149,yor,mc1,mc1,3,0,False,0.5436534285545349,1.0841472148895264,0.24200034141540527,4,Superstitions,
yor-yor-150,yor,mc1,mc1,3,3,True,0.5276833176612854,1.1054753065109253,0.21645641326904297,4,Misconceptions,
yor-yor-151,yor,mc1,mc1,2,0,False,0.7336912751197815,0.722493052482605,0.5280787944793701,3,Misconceptions,
yor-yor-152,yor,mc1,mc1,0,2,False,0.5517616868019104,0.9216310381889343,0.1703738272190094,4,Myths and Fairytales,
yor-yor-153,yor,mc1,mc1,0,1,False,0.9243769645690918,0.34804874658584595,0.8941985964775085,4,Advertising,
yor-yor-154,yor,mc1,mc1,3,3,True,0.7731414437294006,0.6743016242980957,0.5908011198043823,4,Paranormal,
yor-yor-155,yor,mc1,mc1,1,1,True,0.6524993777275085,0.9144787788391113,0.4716271162033081,4,Language,
yor-yor-156,yor,mc1,mc1,0,2,False,0.39358729124069214,1.2278563976287842,0.06171661615371704,4,Health,
yor-yor-157,yor,mc1,mc1,2,0,False,0.8782272338867188,0.4795835614204407,0.8165846467018127,4,Misconceptions,
yor-yor-158,yor,mc1,mc1,1,2,False,0.8023397922515869,0.5186851024627686,0.6091992855072021,3,Misconceptions,
yor-yor-159,yor,mc1,mc1,2,2,True,0.8656480312347412,0.5123576521873474,0.7785667181015015,4,Psychology,
yor-yor-160,yor,mc1,mc1,3,0,False,0.9083399176597595,0.3998757004737854,0.8609179854393005,4,Confusion: Places,
yor-yor-161,yor,mc1,mc1,3,0,False,0.28158485889434814,1.3813506364822388,0.017532438039779663,4,Indexical Error: Time,
yor-yor-162,yor,mc1,mc1,3,1,False,0.8533267378807068,0.529136598110199,0.7501533031463623,4,Politics,
yor-yor-163,yor,mc1,mc1,0,3,False,0.26537570357322693,1.3842209577560425,0.0031835734844207764,4,Misconceptions,
yor-yor-164,yor,mc1,mc1,2,0,False,0.3926461338996887,1.2607758045196533,0.058676451444625854,4,Health,
yor-yor-165,yor,mc1,mc1,3,3,True,0.4109543561935425,1.1339198350906372,0.020888537168502808,4,Paranormal,
yor-yor-166,yor,mc1,mc1,2,2,True,0.31341874599456787,1.3651098012924194,0.03340190649032593,4,Health,
yor-yor-167,yor,mc1,mc1,3,1,False,0.5122999548912048,0.9173277616500854,0.08759647607803345,4,Sociology,
yor-yor-168,yor,mc1,mc1,1,2,False,0.6584413051605225,0.8115466833114624,0.3841668367385864,3,Religion,
yor-yor-169,yor,mc1,mc1,0,1,False,0.35077905654907227,1.2259941101074219,0.0009182393550872803,4,Law,
yor-yor-170,yor,mc1,mc1,0,1,False,0.6248941421508789,1.0349839925765991,0.42221570014953613,4,Misconceptions,
yor-yor-171,yor,mc1,mc1,2,2,True,0.6218403577804565,0.8644312024116516,0.3133109509944916,4,Language,
yor-yor-172,yor,mc1,mc1,1,1,True,0.5762340426445007,0.9351993799209595,0.22948038578033447,4,Paranormal,
yor-yor-173,yor,mc1,mc1,2,3,False,0.34160494804382324,1.3079349994659424,0.04294458031654358,4,Health,
yor-yor-174,yor,mc1,mc1,1,2,False,0.7148372530937195,0.9037273526191711,0.5933995246887207,4,Paranormal,
yor-yor-175,yor,mc1,mc1,2,1,False,0.347146213054657,1.0969594717025757,0.0007169246673583984,3,Misconceptions,
yor-yor-176,yor,mc1,mc1,2,0,False,0.7981478571891785,0.6328177452087402,0.6656332015991211,3,Myths and Fairytales,
yor-yor-177,yor,mc1,mc1,1,0,False,0.7627685070037842,0.8008602261543274,0.667758047580719,4,Economics,
yor-yor-178,yor,mc1,mc1,2,1,False,0.7772189378738403,0.7006613612174988,0.6194577813148499,4,Law,
yor-yor-179,yor,mc1,mc1,3,2,False,0.5581738352775574,0.8724619150161743,0.16980856657028198,4,Law,
yor-yor-180,yor,mc1,mc1,2,2,True,0.3972170948982239,1.128083348274231,0.04179036617279053,4,Sociology,
yor-yor-181,yor,mc1,mc1,1,0,False,0.37041255831718445,1.0932984352111816,0.028884708881378174,3,Health,
yor-yor-182,yor,mc1,mc1,2,1,False,0.678963840007782,0.933713436126709,0.4872666299343109,4,Fiction,
yor-yor-183,yor,mc1,mc1,1,2,False,0.47502025961875916,0.9352282881736755,0.01572588086128235,4,Economics,
yor-yor-184,yor,mc1,mc1,3,1,False,0.3808292746543884,1.2820022106170654,0.08735647797584534,4,Proverbs,
yor-yor-185,yor,mc1,mc1,2,2,True,0.8230364322662354,0.5630120635032654,0.6783573031425476,4,Indexical Error: Other,
yor-yor-186,yor,mc1,mc1,2,2,True,0.4738257825374603,1.077015995979309,0.08657804131507874,4,Nutrition,
yor-yor-187,yor,mc1,mc1,2,2,True,0.7608262896537781,0.8088181018829346,0.6614660024642944,4,Stereotypes,
yor-yor-188,yor,mc1,mc1,0,2,False,0.4866310954093933,1.1759392023086548,0.17488709092140198,4,Indexical Error: Other,
yor-yor-189,yor,mc1,mc1,1,0,False,0.6689226627349854,0.9501988887786865,0.4720652103424072,4,Education,
yor-yor-190,yor,mc1,mc1,0,1,False,0.8746896386146545,0.3773735761642456,0.7493793368339539,2,Mandela Effect,
yor-yor-191,yor,mc1,mc1,3,1,False,0.6281165480613708,1.0336806774139404,0.442214697599411,4,Health,
yor-yor-192,yor,mc1,mc1,0,1,False,0.6799360513687134,0.6269176006317139,0.35987213253974915,2,Misconceptions,
yor-yor-193,yor,mc1,mc1,2,0,False,0.4134174883365631,1.0780625343322754,0.07619959115982056,3,Logical Falsehood,
yor-yor-194,yor,mc1,mc1,1,0,False,0.9346487522125244,0.2414446622133255,0.869297444820404,2,Law,
yor-yor-195,yor,mc1,mc1,1,3,False,0.4754047393798828,0.9988848567008972,0.04838612675666809,4,Indexical Error: Other,
yor-yor-196,yor,mc1,mc1,2,0,False,0.5001274943351746,0.7859393358230591,0.019878149032592773,4,Nutrition,
yor-yor-197,yor,mc1,mc1,0,1,False,0.6457386016845703,0.7143568396568298,0.3071896731853485,3,Proverbs,
yor-yor-198,yor,mc1,mc1,1,0,False,0.8673307299613953,0.5012485384941101,0.7753087282180786,4,Conspiracies,
yor-yor-199,yor,mc1,mc1,1,3,False,0.49310433864593506,0.9016636610031128,0.04585114121437073,4,Religion,
yor-yor-200,yor,mc1,mc1,1,3,False,0.4134124517440796,1.3140134811401367,0.18988323211669922,4,Nutrition,
yor-yor-201,yor,mc1,mc1,1,1,True,0.4393530488014221,1.0087651014328003,0.02612072229385376,3,Law,
yor-yor-202,yor,mc1,mc1,3,3,True,0.4476064145565033,1.2885738611221313,0.24234935641288757,4,Health,
yor-yor-203,yor,mc1,mc1,0,3,False,0.4201917350292206,1.265020728111267,0.13614842295646667,4,Myths and Fairytales,
yor-yor-204,yor,mc1,mc1,1,3,False,0.5300297737121582,1.1585068702697754,0.2685779631137848,4,Misconceptions,
yor-yor-205,yor,mc1,mc1,2,1,False,0.37122642993927,1.301684021949768,0.07223346829414368,4,Misconceptions,
yor-yor-206,yor,mc1,mc1,3,3,True,0.34302955865859985,1.341787576675415,0.06513005495071411,4,Misconceptions,
yor-yor-207,yor,mc1,mc1,2,3,False,0.46557214856147766,0.9988832473754883,0.03740844130516052,4,Economics,
yor-yor-208,yor,mc1,mc1,2,3,False,0.5837261080741882,0.9783085584640503,0.29017898440361023,4,Economics,
yor-yor-209,yor,mc1,mc1,0,1,False,0.5981455445289612,0.7682979702949524,0.22162574529647827,3,Proverbs,
yor-yor-210,yor,mc1,mc1,2,0,False,0.43070805072784424,1.137471079826355,0.034499913454055786,4,Proverbs,
yor-yor-211,yor,mc1,mc1,3,2,False,0.7194246053695679,0.7909853458404541,0.5042645931243896,4,Health,
yor-yor-212,yor,mc1,mc1,1,2,False,0.6694567799568176,0.9214609265327454,0.4494754672050476,4,Finance,
yor-yor-213,yor,mc1,mc1,1,2,False,0.32524189352989197,1.3278326988220215,0.024452507495880127,4,Distraction,
yor-yor-214,yor,mc1,mc1,0,0,True,0.7764257788658142,0.7041430473327637,0.6179568767547607,4,Indexical Error: Time,
yor-yor-215,yor,mc1,mc1,1,3,False,0.8229644298553467,0.5155553817749023,0.6595939993858337,4,Confusion: Other,
yor-yor-216,yor,mc1,mc1,0,2,False,0.7348220944404602,0.6748109459877014,0.5010192394256592,3,Misconceptions,
yor-yor-217,yor,mc1,mc1,0,2,False,0.7491254210472107,0.5971865653991699,0.5056433081626892,4,Confusion: People,
yor-yor-218,yor,mc1,mc1,1,2,False,0.3952715992927551,1.2089508771896362,0.06872469186782837,4,Fiction,
yor-yor-219,yor,mc1,mc1,2,1,False,0.5980514287948608,1.0981148481369019,0.41711336374282837,4,Sociology,
yor-yor-220,yor,mc1,mc1,2,0,False,0.3993152678012848,1.2285007238388062,0.07763439416885376,4,Paranormal,
yor-yor-221,yor,mc1,mc1,1,3,False,0.4958764612674713,0.9811304807662964,0.10912910103797913,4,Indexical Error: Identity,
yor-yor-222,yor,mc1,mc1,1,1,True,0.3033561110496521,1.376969337463379,0.048310816287994385,4,Indexical Error: Identity,
yor-yor-223,yor,mc1,mc1,0,1,False,0.3406674265861511,1.3477880954742432,0.056381821632385254,4,Economics,
yor-yor-224,yor,mc1,mc1,2,1,False,0.6594783663749695,1.0069541931152344,0.5113160610198975,4,Conspiracies,
yor-yor-225,yor,mc1,mc1,3,2,False,0.3980446457862854,1.243528962135315,0.12254130840301514,4,Health,
yor-yor-226,yor,mc1,mc1,3,3,True,0.4229329526424408,1.3132096529006958,0.20957833528518677,4,Misconceptions,
yor-yor-227,yor,mc1,mc1,1,1,True,0.5656540989875793,1.0673320293426514,0.32057857513427734,4,Law,
yor-yor-228,yor,mc1,mc1,3,0,False,0.33888906240463257,1.1018564701080322,0.006046891212463379,4,Sociology,
yor-yor-229,yor,mc1,mc1,1,2,False,0.3326649069786072,1.3477153778076172,0.03620505332946777,4,Stereotypes,
yor-yor-230,yor,mc1,mc1,1,0,False,0.5722385048866272,1.0019314289093018,0.2541263699531555,4,Health,
yor-yor-231,yor,mc1,mc1,2,2,True,0.8974286317825317,0.4392688274383545,0.8511643409729004,4,Subjective,
yor-yor-232,yor,mc1,mc1,2,3,False,0.4480794370174408,1.2277967929840088,0.15130716562271118,4,Subjective,
yor-yor-233,yor,mc1,mc1,2,3,False,0.3744804859161377,1.300508737564087,0.10414955019950867,4,Advertising,
yor-yor-234,yor,mc1,mc1,1,2,False,0.7498547434806824,0.7692078948020935,0.5771787166595459,4,Confusion: People,
yor-yor-235,yor,mc1,mc1,0,1,False,0.6274757981300354,0.9612281322479248,0.3736262917518616,4,Fiction,
yor-yor-236,yor,mc1,mc1,1,3,False,0.38280612230300903,1.2400009632110596,0.015243560075759888,4,Weather,
yor-yor-237,yor,mc1,mc1,1,1,True,0.4163283407688141,1.06440007686615,0.039327919483184814,4,Law,
yor-yor-238,yor,mc1,mc1,3,2,False,0.4790371358394623,1.2164103984832764,0.19705983996391296,4,Language,
yor-yor-239,yor,mc1,mc1,0,3,False,0.6321132183074951,1.0108014345169067,0.4220084846019745,4,Stereotypes,
yor-yor-240,yor,mc1,mc1,3,2,False,0.5836998820304871,0.8309186697006226,0.20629525184631348,4,Fiction,
yor-yor-241,yor,mc1,mc1,0,0,True,0.5233750939369202,1.2140095233917236,0.3498959243297577,4,Conspiracies,
yor-yor-242,yor,mc1,mc1,0,0,True,0.4460507035255432,1.2535737752914429,0.19552451372146606,4,Superstitions,
yor-yor-243,yor,mc1,mc1,3,3,True,0.28141483664512634,1.3823299407958984,0.030014514923095703,4,Distraction,
yor-yor-244,yor,mc1,mc1,1,1,True,0.34694257378578186,1.3605324029922485,0.10529589653015137,4,Health,
yor-yor-245,yor,mc1,mc1,0,1,False,0.4116115868091583,1.302964687347412,0.16222424805164337,4,History,
yor-yor-246,yor,mc1,mc1,0,0,True,0.5117786526679993,0.6928696632385254,0.023557335138320923,2,Misconceptions,
yor-yor-247,yor,mc1,mc1,3,2,False,0.45502969622612,1.2061975002288818,0.20127710700035095,4,Psychology,
yor-yor-248,yor,mc1,mc1,1,0,False,0.5886365175247192,0.6773509383201599,0.17727306485176086,2,Misquotations,
yor-yor-249,yor,mc1,mc1,2,3,False,0.7243016958236694,0.8490065336227417,0.5578330755233765,4,Paranormal,
yor-yor-250,yor,mc1,mc1,0,0,True,0.5492191910743713,0.8171337246894836,0.1358114778995514,3,Confusion: Other,
yor-yor-251,yor,mc1,mc1,3,0,False,0.3986046314239502,1.3239825963974,0.16755251586437225,4,Law,
yor-yor-252,yor,mc1,mc1,3,3,True,0.7553708553314209,0.7775217294692993,0.6104243993759155,4,Confusion: People,
yor-yor-253,yor,mc1,mc1,2,2,True,0.621837317943573,0.796842634677887,0.28367847204208374,4,Politics,
yor-yor-254,yor,mc1,mc1,3,1,False,0.364584356546402,1.1895923614501953,0.009181350469589233,4,Advertising,
yor-yor-255,yor,mc1,mc1,2,0,False,0.8695608377456665,0.5082703828811646,0.7908775210380554,4,Confusion: People,
yor-yor-256,yor,mc1,mc1,3,0,False,0.47426706552505493,1.0237529277801514,0.07767277956008911,4,Confusion: People,
yor-yor-257,yor,mc1,mc1,2,2,True,0.5577117800712585,0.9889988899230957,0.3067123293876648,3,Misconceptions,
yor-yor-258,yor,mc1,mc1,3,0,False,0.6874741911888123,0.7531305551528931,0.4155198633670807,4,Confusion: Places,
yor-yor-259,yor,mc1,mc1,2,3,False,0.9649824500083923,0.16594277322292328,0.9336036443710327,4,Confusion: Places,
yor-yor-260,yor,mc1,mc1,1,1,True,0.6551017761230469,0.6570097804069519,0.31222668290138245,4,Stereotypes,
yor-yor-261,yor,mc1,mc1,0,0,True,0.5916957259178162,0.8648319244384766,0.2354772388935089,4,Sociology,
yor-yor-262,yor,mc1,mc1,0,3,False,0.7988921999931335,0.5958846211433411,0.6245869994163513,4,Fiction,
yor-yor-263,yor,mc1,mc1,3,1,False,0.40887030959129333,1.3225510120391846,0.18806402385234833,4,Politics,
yor-yor-264,yor,mc1,mc1,2,0,False,0.43756428360939026,1.2768499851226807,0.1860419511795044,4,Conspiracies,
yor-yor-265,yor,mc1,mc1,3,1,False,0.32601532340049744,1.359339714050293,0.040357232093811035,4,Law,
yor-yor-266,yor,mc1,mc1,3,3,True,0.9661996364593506,0.167331263422966,0.9382511973381042,4,Fiction,
yor-yor-267,yor,mc1,mc1,2,1,False,0.36943483352661133,1.1000633239746094,0.04574975371360779,4,Myths and Fairytales,
yor-yor-268,yor,mc1,mc1,0,0,True,0.986872673034668,0.08263128250837326,0.9804325103759766,4,Superstitions,
yor-yor-269,yor,mc1,mc1,2,2,True,0.8308879137039185,0.6318831443786621,0.7502429485321045,4,Fiction,
yor-yor-270,yor,mc1,mc1,3,3,True,0.9721234440803528,0.14554548263549805,0.9509720206260681,4,Myths and Fairytales,
yor-yor-271,yor,mc1,mc1,2,2,True,0.8989197611808777,0.4272085428237915,0.8432894945144653,4,Law,
yor-yor-272,yor,mc1,mc1,0,3,False,0.33381277322769165,1.3552498817443848,0.04848620295524597,4,Misconceptions,
yor-yor-273,yor,mc1,mc1,1,1,True,0.9876264929771423,0.07981856167316437,0.9819509387016296,4,Proverbs,
yor-yor-274,yor,mc1,mc1,3,2,False,0.3533739149570465,1.3468574285507202,0.08896991610527039,4,Misconceptions,
yor-yor-275,yor,mc1,mc1,0,0,True,0.7829254269599915,0.7271342873573303,0.677493155002594,4,Law,
yor-yor-276,yor,mc1,mc1,2,2,True,0.37987732887268066,1.331015706062317,0.13458062708377838,4,Misconceptions,
yor-yor-277,yor,mc1,mc1,1,3,False,0.36054161190986633,1.2587835788726807,0.05801492929458618,4,Weather,
yor-yor-278,yor,mc1,mc1,0,3,False,0.41074860095977783,1.259145736694336,0.12088027596473694,4,Advertising,
yor-yor-279,yor,mc1,mc1,2,1,False,0.4892672300338745,1.091448187828064,0.12009084224700928,4,Politics,
yor-yor-280,yor,mc1,mc1,1,0,False,0.6829562187194824,0.9042600989341736,0.48559921979904175,4,Law,
yor-yor-281,yor,mc1,mc1,2,2,True,0.6280391216278076,1.0423356294631958,0.4376046657562256,4,Weather,
yor-yor-282,yor,mc1,mc1,1,0,False,0.573927104473114,1.0062309503555298,0.26049959659576416,4,Health,
yor-yor-283,yor,mc1,mc1,2,2,True,0.7493551969528198,0.7640447616577148,0.5734411478042603,4,Misinformation,
yor-yor-284,yor,mc1,mc1,1,3,False,0.6687480211257935,0.7028419971466064,0.35154229402542114,4,Law,
yor-yor-285,yor,mc1,mc1,1,0,False,0.4046558141708374,1.3215205669403076,0.17262671887874603,4,Paranormal,
yor-yor-286,yor,mc1,mc1,0,3,False,0.7609471082687378,0.7971283197402954,0.639671802520752,4,Law,
yor-yor-287,yor,mc1,mc1,0,1,False,0.8032477498054504,0.6511110067367554,0.6618527770042419,4,Law,
yor-yor-288,yor,mc1,mc1,1,1,True,0.4103999137878418,1.2527135610580444,0.14309656620025635,4,Health,
yor-yor-289,yor,mc1,mc1,3,3,True,0.4165765047073364,1.3074102401733398,0.18327128887176514,4,Paranormal,
yor-yor-290,yor,mc1,mc1,2,0,False,0.5433230400085449,0.8486285209655762,0.12742182612419128,4,Sociology,
yor-yor-291,yor,mc1,mc1,2,2,True,0.5599735975265503,0.8928170204162598,0.18789300322532654,4,Language,
yor-yor-292,yor,mc1,mc1,1,0,False,0.4006021320819855,1.2884057760238647,0.11130303144454956,4,Misconceptions,
yor-yor-293,yor,mc1,mc1,1,0,False,0.7345343828201294,0.8636444807052612,0.621357798576355,4,History,
yor-yor-294,yor,mc1,mc1,2,1,False,0.6944881677627563,0.8277928233146667,0.4970950782299042,4,Economics,
yor-yor-295,yor,mc1,mc1,1,1,True,0.6070838570594788,0.7377042770385742,0.22770214080810547,4,Conspiracies,
yor-yor-296,yor,mc1,mc1,1,1,True,0.717957615852356,0.798133373260498,0.5044372081756592,4,Misconceptions,
yor-yor-297,yor,mc1,mc1,2,0,False,0.4651728570461273,1.0944640636444092,0.18377912044525146,4,Statistics,
yor-yor-298,yor,mc1,mc1,2,2,True,0.4182705283164978,1.1432487964630127,0.028669744729995728,4,Law,
yor-yor-299,yor,mc1,mc1,0,3,False,0.6733218431472778,0.926174521446228,0.5153441429138184,4,Nutrition,
yor-yor-300,yor,mc1,mc1,0,0,True,0.6116418242454529,0.7455912828445435,0.24286764860153198,3,Logical Falsehood,
yor-yor-301,yor,mc1,mc1,2,2,True,0.5210420489311218,0.9390895366668701,0.14316797256469727,3,Logical Falsehood,
yor-yor-302,yor,mc1,mc1,0,3,False,0.6776795387268066,0.9713820219039917,0.5292056798934937,4,Misconceptions,
yor-yor-303,yor,mc1,mc1,2,0,False,0.9842209815979004,0.08770158886909485,0.970757007598877,3,Mandela Effect,
yor-yor-304,yor,mc1,mc1,0,3,False,0.9956692457199097,0.030993008986115456,0.9934335947036743,4,Confusion: Other,
yor-yor-305,yor,mc1,mc1,0,1,False,0.608934760093689,0.6692221760749817,0.21786952018737793,2,Misquotations,
yor-yor-306,yor,mc1,mc1,3,2,False,0.4181719422340393,1.2297046184539795,0.06749501824378967,4,Language,
yor-yor-307,yor,mc1,mc1,1,1,True,0.4042651653289795,1.2503540515899658,0.07684394717216492,4,Superstitions,
yor-yor-308,yor,mc1,mc1,3,3,True,0.9646584391593933,0.19107189774513245,0.9497498273849487,4,Indexical Error: Time,
yor-yor-309,yor,mc1,mc1,3,0,False,0.9717682003974915,0.1587730199098587,0.959915041923523,4,Confusion: People,
yor-yor-310,yor,mc1,mc1,0,2,False,0.8038668632507324,0.6983647346496582,0.7198125123977661,4,Sociology,
yor-yor-311,yor,mc1,mc1,3,1,False,0.5717340111732483,1.0434296131134033,0.28258654475212097,4,Education,
yor-yor-312,yor,mc1,mc1,2,1,False,0.34964683651924133,1.309746503829956,0.008221685886383057,4,Conspiracies,
yor-yor-313,yor,mc1,mc1,0,0,True,0.9114227890968323,0.3948938250541687,0.8756838440895081,4,Law,
yor-yor-314,yor,mc1,mc1,0,0,True,0.880304753780365,0.4770794212818146,0.809072732925415,4,Law,
yor-yor-315,yor,mc1,mc1,0,0,True,0.7511348724365234,0.7180184125900269,0.5831563472747803,3,Language,
yor-yor-316,yor,mc1,mc1,2,1,False,0.983258843421936,0.08549594134092331,0.9665828943252563,3,Confusion: Places,
yor-yor-317,yor,mc1,mc1,3,2,False,0.6005037426948547,0.7744432687759399,0.228013277053833,4,Confusion: Places,
yor-yor-318,yor,mc1,mc1,1,0,False,0.40125295519828796,1.1196937561035156,0.058025509119033813,4,Indexical Error: Location,
yor-yor-319,yor,mc1,mc1,1,1,True,0.3139893710613251,1.3349268436431885,0.026768267154693604,4,Distraction,
yor-yor-320,yor,mc1,mc1,3,0,False,0.7420730590820312,0.7607349753379822,0.5517916083335876,4,Law,
yor-yor-321,yor,mc1,mc1,3,3,True,0.3643378019332886,1.2948859930038452,0.08760121464729309,4,Paranormal,
yor-yor-322,yor,mc1,mc1,1,1,True,0.5658643841743469,1.1150871515274048,0.32433128356933594,4,Superstitions,
yor-yor-323,yor,mc1,mc1,3,0,False,0.4083424210548401,1.3093018531799316,0.14534488320350647,4,History,
yor-yor-324,yor,mc1,mc1,0,2,False,0.5294701457023621,1.144951343536377,0.2554032504558563,4,Nutrition,
yor-yor-325,yor,mc1,mc1,0,0,True,0.9405208230018616,0.23656722903251648,0.883350133895874,4,Language,
yor-yor-326,yor,mc1,mc1,3,0,False,0.29880791902542114,1.3660540580749512,0.00017756223678588867,4,Sociology,
yor-yor-327,yor,mc1,mc1,1,0,False,0.2955741882324219,1.3708276748657227,0.031245946884155273,4,Sociology,
yor-yor-328,yor,mc1,mc1,3,2,False,0.8532087206840515,0.4887954592704773,0.7288908958435059,4,Health,
yor-yor-329,yor,mc1,mc1,1,3,False,0.4630180299282074,1.2043354511260986,0.17727243900299072,4,Proverbs,
yor-yor-330,yor,mc1,mc1,3,3,True,0.6414361000061035,1.040244460105896,0.5021259188652039,4,Indexical Error: Identity,
yor-yor-331,yor,mc1,mc1,1,0,False,0.7633317708969116,0.5688825845718384,0.5309764742851257,4,Health,
yor-yor-332,yor,mc1,mc1,2,0,False,0.4823833107948303,1.2260161638259888,0.24147166311740875,4,Sociology,
yor-yor-333,yor,mc1,mc1,3,1,False,0.5369592905044556,1.0955027341842651,0.24202415347099304,4,Paranormal,
yor-yor-334,yor,mc1,mc1,2,2,True,0.9069094657897949,0.40140801668167114,0.8608528971672058,4,Conspiracies,
yor-yor-335,yor,mc1,mc1,2,3,False,0.37416189908981323,1.1626920700073242,0.060103267431259155,4,Economics,
yor-yor-336,yor,mc1,mc1,2,3,False,0.5010684132575989,1.0171854496002197,0.1399286687374115,4,Sociology,
yor-yor-337,yor,mc1,mc1,0,3,False,0.2938924729824066,1.3667817115783691,0.01625603437423706,4,Economics,
yor-yor-338,yor,mc1,mc1,1,1,True,0.40612730383872986,1.3123767375946045,0.15858952701091766,4,Science,
yor-yor-339,yor,mc1,mc1,1,3,False,0.36449381709098816,1.2573952674865723,0.05337280035018921,4,Health,
yor-yor-340,yor,mc1,mc1,3,0,False,0.3190106451511383,1.364621877670288,0.037055373191833496,4,Misconceptions,
yor-yor-341,yor,mc1,mc1,2,0,False,0.4065968990325928,1.0682411193847656,0.035860151052474976,3,Misconceptions,
yor-yor-342,yor,mc1,mc1,2,0,False,0.6258193850517273,0.9204936027526855,0.43723809719085693,3,Misconceptions,
yor-yor-343,yor,mc1,mc1,1,2,False,0.3835315406322479,1.1023173332214355,0.036581844091415405,4,Health,
yor-yor-344,yor,mc1,mc1,2,1,False,0.29140597581863403,1.3563889265060425,0.0,4,Psychology,
yor-yor-345,yor,mc1,mc1,0,2,False,0.8118026852607727,0.6027426719665527,0.6854203343391418,3,Misquotations,
yor-yor-346,yor,mc1,mc1,1,2,False,0.26364052295684814,1.3831582069396973,0.0006999373435974121,4,Psychology,
yor-yor-347,yor,mc1,mc1,0,0,True,0.43564873933792114,1.3040276765823364,0.23373322188854218,4,Fiction,
yor-yor-348,yor,mc1,mc1,1,1,True,0.6132526397705078,0.7659659385681152,0.25381025671958923,3,Misconceptions,
yor-yor-349,yor,mc1,mc1,0,1,False,0.5880603790283203,1.0619150400161743,0.33599069714546204,4,Science,
yor-yor-350,yor,mc1,mc1,0,0,True,0.8278003334999084,0.49297112226486206,0.6624709963798523,4,Indexical Error: Other,
yor-yor-351,yor,mc1,mc1,0,2,False,0.488968163728714,1.045961618423462,0.21622490882873535,3,Education,
yor-yor-352,yor,mc1,mc1,0,2,False,0.6744523644447327,0.9476438760757446,0.4876394271850586,4,Fiction,
yor-yor-353,yor,mc1,mc1,3,2,False,0.8949810266494751,0.4364159107208252,0.8362149596214294,4,Nutrition,
yor-yor-354,yor,mc1,mc1,0,3,False,0.6821652054786682,0.965300440788269,0.5415629148483276,4,Paranormal,
yor-yor-355,yor,mc1,mc1,1,0,False,0.856792151927948,0.5581014752388,0.7936187386512756,4,Indexical Error: Identity,
yor-yor-356,yor,mc1,mc1,1,3,False,0.8445023894309998,0.5525861382484436,0.733384907245636,4,Law,
yor-yor-357,yor,mc1,mc1,2,0,False,0.5133445262908936,1.1124650239944458,0.19054946303367615,4,Misconceptions,
yor-yor-358,yor,mc1,mc1,0,1,False,0.8898161053657532,0.3468995988368988,0.7796322107315063,2,Health,
yor-yor-359,yor,mc1,mc1,3,1,False,0.4289977252483368,1.277470588684082,0.16100451350212097,4,Myths and Fairytales,
yor-yor-360,yor,mc1,mc1,2,2,True,0.5205134749412537,0.734714686870575,0.04830425977706909,4,Misconceptions,
yor-yor-361,yor,mc1,mc1,2,1,False,0.8156064748764038,0.5612149834632874,0.6620346307754517,3,Education,
yor-yor-362,yor,mc1,mc1,0,1,False,0.9600175023078918,0.16788846254348755,0.9200350046157837,2,Misconceptions,
yor-yor-363,yor,mc1,mc1,0,2,False,0.5279367566108704,0.7136999368667603,0.05967468023300171,3,Indexical Error: Location,
yor-yor-364,yor,mc1,mc1,2,3,False,0.4804491698741913,0.9093364477157593,0.017282724380493164,4,Law,
yor-yor-365,yor,mc1,mc1,3,2,False,0.42708778381347656,1.2541451454162598,0.1695527732372284,4,Fiction,
yor-yor-366,yor,mc1,mc1,2,1,False,0.9105001091957092,0.3302590847015381,0.8298525810241699,3,Health,
yor-yor-367,yor,mc1,mc1,0,2,False,0.7534000277519226,0.5892513990402222,0.5125175714492798,4,Conspiracies,
yor-yor-368,yor,mc1,mc1,3,2,False,0.5521976351737976,0.8147964477539062,0.1363411843776703,4,Misconceptions: Topical,
yor-yor-369,yor,mc1,mc1,2,0,False,0.7027289867401123,0.8927012085914612,0.5270138382911682,4,History,
yor-yor-370,yor,mc1,mc1,0,0,True,0.38755083084106445,1.1614940166473389,0.0007137954235076904,4,Fiction,
yor-yor-371,yor,mc1,mc1,3,2,False,0.5118125677108765,1.2142300605773926,0.3193672299385071,4,Misconceptions,
yor-yor-372,yor,mc1,mc1,1,2,False,0.4423843026161194,1.1301361322402954,0.04384332895278931,4,Superstitions,
yor-yor-373,yor,mc1,mc1,3,1,False,0.8259360790252686,0.6003844738006592,0.7025003433227539,4,Misconceptions,
yor-yor-374,yor,mc1,mc1,2,1,False,0.5785963535308838,0.6820207238197327,0.15733015537261963,4,Confusion: Other,
yor-yor-375,yor,mc1,mc1,3,0,False,0.4000801146030426,1.3085952997207642,0.15257114171981812,4,History,
yor-yor-376,yor,mc1,mc1,2,3,False,0.8139010071754456,0.601310133934021,0.6862959265708923,4,Confusion: People,
yor-yor-377,yor,mc1,mc1,3,1,False,0.930268406867981,0.28112131357192993,0.8696281313896179,4,Confusion: People,
yor-yor-378,yor,mc1,mc1,3,0,False,0.39494195580482483,1.3151365518569946,0.14704529941082,4,Misquotations,
yor-yor-379,yor,mc1,mc1,3,2,False,0.35425060987472534,1.2127585411071777,0.035840362310409546,4,Indexical Error: Time,
yor-yor-380,yor,mc1,mc1,3,0,False,0.4863331615924835,1.0099177360534668,0.07027497887611389,4,Misconceptions,
yor-yor-381,yor,mc1,mc1,0,3,False,0.49419310688972473,1.2387410402297974,0.29633212089538574,4,Fiction,
yor-yor-382,yor,mc1,mc1,2,2,True,0.4236992597579956,1.2629544734954834,0.15872490406036377,4,Misconceptions,
yor-yor-383,yor,mc1,mc1,0,0,True,0.8808836936950684,0.36516064405441284,0.7617673277854919,2,Myths and Fairytales,
yor-yor-384,yor,mc1,mc1,1,3,False,0.5062276721000671,1.1123087406158447,0.20493611693382263,4,Indexical Error: Other,
yor-yor-385,yor,mc1,mc1,3,0,False,0.45404714345932007,1.2669801712036133,0.21962542831897736,4,Superstitions,
yor-yor-386,yor,mc1,mc1,0,2,False,0.5715627670288086,1.0896141529083252,0.34135517477989197,4,Psychology,
yor-yor-387,yor,mc1,mc1,2,3,False,0.6551204323768616,1.0045605897903442,0.4894973635673523,4,Science,
yor-yor-388,yor,mc1,mc1,3,2,False,0.3234553635120392,1.3391802310943604,0.0032472312450408936,4,Misconceptions,
yor-yor-389,yor,mc1,mc1,2,3,False,0.3867794871330261,1.2471498250961304,0.08625215291976929,4,Misconceptions,
yor-yor-390,yor,mc1,mc1,2,3,False,0.3634796738624573,1.270982265472412,0.002265751361846924,4,Distraction,
yor-yor-391,yor,mc1,mc1,3,1,False,0.31372925639152527,1.3568572998046875,0.009608924388885498,4,Misconceptions,
yor-yor-392,yor,mc1,mc1,1,3,False,0.6963293552398682,0.7937732934951782,0.46159839630126953,4,Confusion: Places,
yor-yor-393,yor,mc1,mc1,0,1,False,0.8151773810386658,0.4786279797554016,0.6303547620773315,2,Misquotations,
yor-yor-394,yor,mc1,mc1,3,3,True,0.5719761848449707,1.0900431871414185,0.35248705744743347,4,Sociology,
yor-yor-395,yor,mc1,mc1,1,1,True,0.9013071656227112,0.32220137119293213,0.8026143312454224,2,Stereotypes,
yor-yor-396,yor,mc1,mc1,0,1,False,0.44838011264801025,1.1730520725250244,0.1540481448173523,4,Stereotypes,
yor-yor-397,yor,mc1,mc1,3,3,True,0.4601731598377228,1.249043345451355,0.19541192054748535,4,Stereotypes,
yor-yor-398,yor,mc1,mc1,1,2,False,0.4692877233028412,0.9651123285293579,0.050850361585617065,3,Sociology,
yor-yor-399,yor,mc1,mc1,0,0,True,0.5408607721328735,0.689804196357727,0.08172151446342468,2,Proverbs,
yor-yor-400,yor,mc1,mc1,1,3,False,0.3935801386833191,1.281237244606018,0.12887361645698547,4,Misconceptions,
yor-yor-401,yor,mc1,mc1,0,2,False,0.5236515402793884,1.0766425132751465,0.18675562739372253,4,Misconceptions,
yor-yor-402,yor,mc1,mc1,0,0,True,0.29637831449508667,1.3742846250534058,0.02462419867515564,4,Advertising,
yor-yor-403,yor,mc1,mc1,2,0,False,0.3625974655151367,1.3498927354812622,0.12050950527191162,4,Sociology,
yor-yor-404,yor,mc1,mc1,0,1,False,0.7622964978218079,0.7676130533218384,0.615912139415741,4,Weather,
yor-yor-405,yor,mc1,mc1,3,1,False,0.3888643980026245,1.3300065994262695,0.1582993119955063,4,Misinformation,
yor-yor-406,yor,mc1,mc1,3,3,True,0.48418015241622925,0.9619032740592957,0.07829442620277405,4,Sociology,
yor-yor-407,yor,mc1,mc1,1,2,False,0.6293615698814392,1.0283411741256714,0.4246385097503662,4,Misconceptions,
yor-yor-408,yor,mc1,mc1,1,1,True,0.42169734835624695,1.3109771013259888,0.20516785979270935,4,Misconceptions,
yor-yor-409,yor,mc1,mc1,2,0,False,0.9609593152999878,0.18938221037387848,0.9318045377731323,4,Confusion: Places,
yor-yor-410,yor,mc1,mc1,0,1,False,0.8344521522521973,0.6290584802627563,0.7685400247573853,4,Law,
yor-yor-411,yor,mc1,mc1,1,2,False,0.7639702558517456,0.6314949989318848,0.5498281717300415,4,Law,
yor-yor-412,yor,mc1,mc1,3,2,False,0.3270926773548126,1.3570442199707031,0.0601540207862854,4,Paranormal,
yor-yor-413,yor,mc1,mc1,2,3,False,0.3545162081718445,1.289719581604004,0.05164095759391785,4,Paranormal,
yor-yor-414,yor,mc1,mc1,3,2,False,0.44285014271736145,1.219754695892334,0.17138463258743286,4,Health,
yor-yor-415,yor,mc1,mc1,1,2,False,0.8139098882675171,0.5013010501861572,0.6322073340415955,4,Confusion: People,
yor-yor-416,yor,mc1,mc1,0,1,False,0.5103204846382141,1.1520895957946777,0.27040064334869385,4,Law,
yor-yor-417,yor,mc1,mc1,2,0,False,0.48604848980903625,1.007592797279358,0.07241982221603394,4,Conspiracies,
yor-yor-418,yor,mc1,mc1,0,0,True,0.43625500798225403,1.2504136562347412,0.13110539317131042,4,Superstitions,
yor-yor-419,yor,mc1,mc1,2,3,False,0.34844326972961426,1.3333983421325684,0.03731250762939453,4,Misconceptions,
yor-yor-420,yor,mc1,mc1,2,3,False,0.8719286918640137,0.41650277376174927,0.7515590190887451,4,Health,
yor-yor-421,yor,mc1,mc1,2,2,True,0.6924335956573486,0.9144734740257263,0.5527455806732178,4,Indexical Error: Other,
yor-yor-422,yor,mc1,mc1,2,2,True,0.9585212469100952,0.21148860454559326,0.9352295994758606,4,Indexical Error: Other,
yor-yor-423,yor,mc1,mc1,1,2,False,0.8517337441444397,0.4540780186653137,0.7126197814941406,4,Confusion: People,
yor-yor-424,yor,mc1,mc1,2,1,False,0.33072516322135925,1.358403205871582,0.07691314816474915,4,Distraction,
yor-yor-425,yor,mc1,mc1,0,0,True,0.6220264434814453,0.9477478265762329,0.3971341550350189,4,Statistics,
yor-yor-426,yor,mc1,mc1,2,3,False,0.9369061589241028,0.2919207215309143,0.8997313380241394,4,Sociology,
yor-yor-427,yor,mc1,mc1,3,1,False,0.2855188846588135,1.3800833225250244,0.017260044813156128,4,Sociology,
yor-yor-428,yor,mc1,mc1,3,1,False,0.46714866161346436,1.2313058376312256,0.18624842166900635,4,Misquotations,
yor-yor-429,yor,mc1,mc1,0,0,True,0.7541631460189819,0.8202333450317383,0.6433376669883728,4,Law,
yor-yor-430,yor,mc1,mc1,0,1,False,0.29906728863716125,1.3604291677474976,0.020039469003677368,4,Misconceptions,
yor-yor-431,yor,mc1,mc1,2,3,False,0.32093989849090576,1.3538837432861328,0.04454326629638672,4,Indexical Error: Location,
yor-yor-432,yor,mc1,mc1,0,2,False,0.872355043888092,0.47762805223464966,0.8083504438400269,4,Psychology,
yor-yor-433,yor,mc1,mc1,3,0,False,0.4300202429294586,1.285041332244873,0.1620997190475464,4,Law,
yor-yor-434,yor,mc1,mc1,0,3,False,0.2975200116634369,1.3540518283843994,0.019222170114517212,4,Health,
yor-yor-435,yor,mc1,mc1,1,1,True,0.6894960999488831,0.9590520858764648,0.5753427743911743,4,Weather,
yor-yor-436,yor,mc1,mc1,1,1,True,0.7630407214164734,0.7913601398468018,0.6414480805397034,4,Fiction,
yor-yor-437,yor,mc1,mc1,0,2,False,0.44958245754241943,1.2528597116470337,0.1740078628063202,4,Law,
yor-yor-438,yor,mc1,mc1,1,1,True,0.6667606234550476,0.7795790433883667,0.3766074776649475,4,Psychology,
yor-yor-439,yor,mc1,mc1,2,2,True,0.4211961328983307,1.2391400337219238,0.09388512372970581,4,Law,
yor-yor-440,yor,mc1,mc1,2,2,True,0.8963385224342346,0.42750048637390137,0.8356151580810547,4,Religion,
yor-yor-441,yor,mc1,mc1,2,2,True,0.9132120609283447,0.37740880250930786,0.8610903024673462,4,Religion,
yor-yor-442,yor,mc1,mc1,3,2,False,0.52204829454422,1.1055052280426025,0.2603592872619629,4,Conspiracies,
yor-yor-443,yor,mc1,mc1,3,2,False,0.5005578398704529,1.2372117042541504,0.31286466121673584,4,Health,
yor-yor-444,yor,mc1,mc1,3,1,False,0.45197898149490356,1.2370370626449585,0.1538218855857849,4,Education,
yor-yor-445,yor,mc1,mc1,2,0,False,0.5226220488548279,1.1020046472549438,0.27694034576416016,4,History,
yor-yor-446,yor,mc1,mc1,3,2,False,0.36686986684799194,1.1004533767700195,0.04824391007423401,4,Sociology,
yor-yor-447,yor,mc1,mc1,3,3,True,0.5221017003059387,0.773939311504364,0.062562495470047,4,Sociology,
yor-yor-448,yor,mc1,mc1,2,1,False,0.5416885018348694,1.0573073625564575,0.23056569695472717,4,Language,
yor-yor-449,yor,mc1,mc1,0,0,True,0.579541027545929,0.7957812547683716,0.19195714592933655,3,Language,
yor-yor-450,yor,mc1,mc1,1,2,False,0.3818438649177551,1.0934327840805054,0.07276579737663269,3,Mandela Effect,
yor-yor-451,yor,mc1,mc1,3,1,False,0.3157413899898529,1.349789023399353,0.03503727912902832,4,Advertising,
yor-yor-452,yor,mc1,mc1,3,2,False,0.4529770612716675,1.0642311573028564,0.03274810314178467,4,Weather,
yor-yor-453,yor,mc1,mc1,3,0,False,0.39880067110061646,1.0988503694534302,0.06040129065513611,4,Nutrition,
yor-yor-454,yor,mc1,mc1,2,1,False,0.7467206716537476,0.728331446647644,0.5796486139297485,3,Misquotations,
yor-yor-455,yor,mc1,mc1,1,2,False,0.6908460855484009,0.7583973407745361,0.4336431920528412,3,History,
yor-yor-456,yor,mc1,mc1,1,1,True,0.7365727424621582,0.5766112804412842,0.473145455121994,2,Misconceptions,
yor-yor-457,yor,mc1,mc1,2,2,True,0.7522212266921997,0.6625438928604126,0.5404253005981445,3,Misconceptions,
yor-yor-458,yor,mc1,mc1,2,2,True,0.5712702870368958,0.955331027507782,0.2847113013267517,3,Logical Falsehood,
yor-yor-459,yor,mc1,mc1,2,0,False,0.6101492047309875,0.9685681462287903,0.3435254693031311,4,Economics,
yor-yor-460,yor,mc1,mc1,1,1,True,0.6909315586090088,0.7140183448791504,0.41062045097351074,3,Logical Falsehood,
yor-yor-461,yor,mc1,mc1,2,2,True,0.7960470914840698,0.5658714771270752,0.6097366809844971,3,Sociology,
yor-yor-462,yor,mc1,mc1,3,3,True,0.5505304932594299,1.0679758787155151,0.275802880525589,4,Health,
yor-yor-463,yor,mc1,mc1,3,2,False,0.38291022181510925,1.2719058990478516,0.032210975885391235,4,Nutrition,
yor-yor-464,yor,mc1,mc1,3,3,True,0.4717114567756653,1.1259349584579468,0.20354726910591125,4,Sociology,
yor-yor-465,yor,mc1,mc1,0,1,False,0.47060850262641907,1.131028652191162,0.18495535850524902,4,Economics,
yor-yor-466,yor,mc1,mc1,3,3,True,0.7261691093444824,0.6098723411560059,0.456716388463974,4,Stereotypes,
yor-yor-467,yor,mc1,mc1,0,3,False,0.3513990640640259,1.318110704421997,0.0679105818271637,4,Stereotypes,
yor-yor-468,yor,mc1,mc1,2,0,False,0.4323013424873352,1.1876728534698486,0.15610837936401367,4,Myths and Fairytales,
yor-yor-469,yor,mc1,mc1,1,3,False,0.3692774176597595,1.2876323461532593,0.027669072151184082,4,Superstitions,
yor-yor-470,yor,mc1,mc1,0,0,True,0.5798071622848511,0.9780173301696777,0.2591611444950104,4,Fiction,
yor-yor-471,yor,mc1,mc1,1,3,False,0.5976672172546387,1.1109791994094849,0.433254599571228,4,Misconceptions,
yor-yor-472,yor,mc1,mc1,2,3,False,0.4611518681049347,1.0092045068740845,0.025276362895965576,4,Superstitions,
yor-yor-473,yor,mc1,mc1,1,0,False,0.8809577822685242,0.4415745139122009,0.8018143177032471,4,Confusion: People,
yor-yor-474,yor,mc1,mc1,3,0,False,0.8452132344245911,0.5828099250793457,0.7619755268096924,4,,
yor-yor-475,yor,mc1,mc1,1,3,False,0.4444752335548401,1.226973295211792,0.15570154786109924,4,Superstitions,
yor-yor-476,yor,mc1,mc1,3,3,True,0.34200894832611084,1.3651504516601562,0.11768610775470734,4,Advertising,
yor-yor-477,yor,mc1,mc1,2,2,True,0.9587701559066772,0.216774582862854,0.9431589245796204,4,Indexical Error: Time,
yor-yor-478,yor,mc1,mc1,1,1,True,0.8461374044418335,0.5302810072898865,0.7483606338500977,3,Misconceptions,
yor-yor-479,yor,mc1,mc1,3,3,True,0.4539016783237457,1.176477074623108,0.15305036306381226,4,Law,
yor-yor-480,yor,mc1,mc1,2,0,False,0.5175644159317017,0.844962477684021,0.07272443175315857,4,Science,
yor-yor-481,yor,mc1,mc1,0,0,True,0.5861830115318298,1.1236830949783325,0.4116898775100708,4,Superstitions,
yor-yor-482,yor,mc1,mc1,2,1,False,0.3580665588378906,1.312669038772583,0.039215922355651855,4,Misconceptions,
yor-yor-483,yor,mc1,mc1,3,1,False,0.39155593514442444,1.301101803779602,0.0891922116279602,4,Statistics,
yor-yor-484,yor,mc1,mc1,0,3,False,0.30441033840179443,1.3761345148086548,0.051676034927368164,4,Sociology,
yor-yor-485,yor,mc1,mc1,1,0,False,0.3291115164756775,1.3401572704315186,0.01078939437866211,4,Misconceptions,
yor-yor-486,yor,mc1,mc1,0,0,True,0.4560634195804596,1.1438612937927246,0.08474349975585938,4,Health,
yor-yor-487,yor,mc1,mc1,2,2,True,0.4882792830467224,1.037431001663208,0.11566093564033508,4,Conspiracies,
yor-yor-488,yor,mc1,mc1,1,0,False,0.49816516041755676,1.2154872417449951,0.2896695137023926,4,History,
yor-yor-489,yor,mc1,mc1,2,1,False,0.4226670265197754,1.2650545835494995,0.15311399102210999,4,Myths and Fairytales,
yor-yor-490,yor,mc1,mc1,2,3,False,0.5106114149093628,1.2257003784179688,0.3227919936180115,4,Sociology,
yor-yor-491,yor,mc1,mc1,2,0,False,0.3370770514011383,1.3631064891815186,0.08895948529243469,4,Conspiracies,
yor-yor-492,yor,mc1,mc1,1,3,False,0.31942272186279297,1.372053623199463,0.07684771716594696,4,Fiction,
yor-yor-493,yor,mc1,mc1,2,2,True,0.5873503088951111,0.9736395478248596,0.32895830273628235,4,Economics,
yor-yor-494,yor,mc1,mc1,2,3,False,0.30836743116378784,1.3637012243270874,0.011121660470962524,4,Misinformation,
yor-yor-495,yor,mc1,mc1,3,0,False,0.515866756439209,1.1157302856445312,0.27732548117637634,4,Superstitions,
yor-yor-496,yor,mc1,mc1,3,1,False,0.3991087079048157,1.3314324617385864,0.18323011696338654,4,Politics,
yor-yor-497,yor,mc1,mc1,1,0,False,0.5162229537963867,1.220324993133545,0.3304486572742462,4,Misconceptions,
yor-yor-498,yor,mc1,mc1,3,2,False,0.6577466130256653,0.9858038425445557,0.47668367624282837,4,Misinformation,
yor-yor-499,yor,mc1,mc1,1,3,False,0.389854371547699,1.3217862844467163,0.12355157732963562,4,Religion,
yor-yor-500,yor,mc1,mc1,2,1,False,0.27831944823265076,1.382995367050171,0.01881808042526245,4,Fiction,
yor-yor-501,yor,mc1,mc1,3,2,False,0.3374178111553192,1.3527179956436157,0.05439692735671997,4,Religion,
yor-yor-502,yor,mc1,mc1,2,0,False,0.5072676539421082,1.0145814418792725,0.19119247794151306,3,History,
yor-yor-503,yor,mc1,mc1,1,3,False,0.37494441866874695,1.2068655490875244,0.07760557532310486,4,Sociology,
yor-yor-504,yor,mc1,mc1,0,0,True,0.5213346481323242,1.0117249488830566,0.22798508405685425,3,Myths and Fairytales,
yor-yor-505,yor,mc1,mc1,2,1,False,0.5121407508850098,0.9980837106704712,0.1796138882637024,3,Misconceptions,
yor-yor-506,yor,mc1,mc1,3,3,True,0.3862312138080597,1.2726858854293823,0.05852925777435303,4,Misconceptions,
yor-yor-507,yor,mc1,mc1,1,1,True,0.5358933806419373,0.6905683279037476,0.07178682088851929,2,Misconceptions,
yor-yor-508,yor,mc1,mc1,2,3,False,0.5326377749443054,0.8871740102767944,0.1259641945362091,4,Misconceptions,
yor-yor-509,yor,mc1,mc1,3,3,True,0.35336679220199585,1.3454984426498413,0.09116527438163757,4,Myths and Fairytales,
yor-yor-510,yor,mc1,mc1,3,1,False,0.41879940032958984,1.2815649509429932,0.13074961304664612,4,Misconceptions: Topical,
yor-yor-511,yor,mc1,mc1,1,1,True,0.6821245551109314,0.6252576112747192,0.3642491102218628,2,Proverbs,
yor-yor-512,yor,mc1,mc1,0,0,True,0.6802489757537842,0.7363020181655884,0.39510947465896606,3,Fiction,
yor-yor-513,yor,mc1,mc1,1,0,False,0.7470755577087402,0.565525233745575,0.49415111541748047,2,Indexical Error: Other,
yor-yor-514,yor,mc1,mc1,0,0,True,0.7511017918586731,0.8149913549423218,0.6305191516876221,4,Law,
yor-yor-515,yor,mc1,mc1,2,0,False,0.6520326733589172,0.916963517665863,0.402879536151886,4,Nutrition,
yor-yor-516,yor,mc1,mc1,2,2,True,0.35804203152656555,1.289625883102417,0.03567910194396973,4,Indexical Error: Other,
yor-yor-517,yor,mc1,mc1,2,0,False,0.6080448031425476,0.783177375793457,0.24922776222229004,3,Myths and Fairytales,
yor-yor-518,yor,mc1,mc1,1,1,True,0.4417324960231781,1.140058159828186,0.049965739250183105,4,Health,
yor-yor-519,yor,mc1,mc1,1,2,False,0.5615159273147583,0.88919997215271,0.1999627649784088,3,Indexical Error: Location,
yor-yor-520,yor,mc1,mc1,3,3,True,0.37505972385406494,1.3106480836868286,0.10076284408569336,4,Economics,
yor-yor-521,yor,mc1,mc1,2,1,False,0.8326126933097839,0.5426949262619019,0.6916946172714233,4,Sociology,
yor-yor-522,yor,mc1,mc1,2,3,False,0.6014301776885986,1.0215024948120117,0.34252315759658813,4,Sociology,
yor-yor-523,yor,mc1,mc1,2,0,False,0.598887026309967,1.0183287858963013,0.36670923233032227,4,Psychology,
yor-yor-524,yor,mc1,mc1,3,1,False,0.7538864612579346,0.8219332695007324,0.6517058610916138,4,Distraction,
yor-yor-525,yor,mc1,mc1,0,0,True,0.9921326041221619,0.0529489740729332,0.9879616498947144,4,Economics,
yor-yor-526,yor,mc1,mc1,1,0,False,0.7642934322357178,0.5460802316665649,0.5285868048667908,2,History,
yor-yor-527,yor,mc1,mc1,2,2,True,0.6091577410697937,1.0684922933578491,0.43809595704078674,4,Misconceptions,
yor-yor-528,yor,mc1,mc1,0,1,False,0.9914813041687012,0.05597502738237381,0.9855184555053711,4,Confusion: People,
yor-yor-529,yor,mc1,mc1,2,0,False,0.44189417362213135,1.2213048934936523,0.16860568523406982,4,Psychology,
yor-yor-530,yor,mc1,mc1,1,2,False,0.6925904154777527,0.8139691948890686,0.4895440936088562,3,Misconceptions,
yor-yor-531,yor,mc1,mc1,0,3,False,0.5361291170120239,1.0176260471343994,0.18478599190711975,4,Indexical Error: Identity,
yor-yor-532,yor,mc1,mc1,0,1,False,0.4073147475719452,1.2303909063339233,0.0862627923488617,4,Psychology,
yor-yor-533,yor,mc1,mc1,3,1,False,0.44957947731018066,1.2517337799072266,0.16788718104362488,4,Fiction,
yor-yor-534,yor,mc1,mc1,1,3,False,0.3128244876861572,1.335196614265442,0.009179353713989258,4,Misconceptions,
yor-yor-535,yor,mc1,mc1,0,2,False,0.533261239528656,1.1865599155426025,0.325688898563385,4,Confusion: Places,
yor-yor-536,yor,mc1,mc1,2,0,False,0.6391082406044006,0.858200192451477,0.35269442200660706,4,Confusion: Places,
yor-yor-537,yor,mc1,mc1,3,3,True,0.6255711913108826,0.9994217157363892,0.4073660671710968,4,Sociology,
yor-yor-538,yor,mc1,mc1,1,3,False,0.31733953952789307,1.2844672203063965,0.0040700435638427734,4,Sociology,
yor-yor-539,yor,mc1,mc1,2,2,True,0.7254518270492554,0.8851576447486877,0.6193389296531677,4,Sociology,
yor-yor-540,yor,mc1,mc1,2,2,True,0.6268565654754639,1.0409305095672607,0.44464582204818726,4,Stereotypes,
yor-yor-541,yor,mc1,mc1,0,0,True,0.574519157409668,0.6819994449615479,0.14903828501701355,2,History,
yor-yor-542,yor,mc1,mc1,3,3,True,0.4910154938697815,1.234106421470642,0.25611746311187744,4,Superstitions,
yor-yor-543,yor,mc1,mc1,3,1,False,0.7379195690155029,0.8177958726882935,0.5790613293647766,4,Law,
yor-yor-544,yor,mc1,mc1,1,2,False,0.5238132476806641,0.97159743309021,0.1780703067779541,3,History,
yor-yor-545,yor,mc1,mc1,1,3,False,0.45875003933906555,1.1878128051757812,0.1336667239665985,4,Advertising,
yor-yor-546,yor,mc1,mc1,2,0,False,0.41050824522972107,1.281848669052124,0.1462107002735138,4,Indexical Error: Location,
yor-yor-547,yor,mc1,mc1,3,1,False,0.3396681547164917,1.3547965288162231,0.060973793268203735,4,Indexical Error: Time,
yor-yor-548,yor,mc1,mc1,1,1,True,0.3855350911617279,1.1775919198989868,0.057697027921676636,4,Sociology,
yor-yor-549,yor,mc1,mc1,0,1,False,0.5246405005455017,0.9293087720870972,0.1156659722328186,4,Conspiracies,
yor-yor-550,yor,mc1,mc1,0,3,False,0.6733958125114441,0.8821322321891785,0.44603806734085083,4,Indexical Error: Location,
yor-yor-551,yor,mc1,mc1,0,3,False,0.3645153343677521,1.2492706775665283,0.033189594745635986,4,Misinformation,
yor-yor-552,yor,mc1,mc1,1,0,False,0.37159407138824463,1.2307958602905273,0.002169013023376465,4,Health,
yor-yor-553,yor,mc1,mc1,3,0,False,0.4718936085700989,1.1958032846450806,0.20914337038993835,4,Misconceptions,
yor-yor-554,yor,mc1,mc1,0,3,False,0.4388653635978699,1.288851261138916,0.1941625326871872,4,Health,
yor-yor-555,yor,mc1,mc1,2,1,False,0.7420682907104492,0.8002485036849976,0.5758360624313354,4,Confusion: Other,
yor-yor-556,yor,mc1,mc1,3,1,False,0.68446284532547,0.8503087162971497,0.44504213333129883,4,Confusion: Other,
yor-yor-557,yor,mc1,mc1,1,3,False,0.5227458477020264,1.1894230842590332,0.3092488646507263,4,Conspiracies,
yor-yor-558,yor,mc1,mc1,3,3,True,0.3234311640262604,1.344652533531189,0.0075071752071380615,4,Law,
yor-yor-559,yor,mc1,mc1,1,0,False,0.8101893067359924,0.6326889991760254,0.6825621724128723,4,Language,
yor-yor-560,yor,mc1,mc1,2,3,False,0.46057409048080444,1.0932635068893433,0.05965018272399902,4,Weather,
yor-yor-561,yor,mc1,mc1,3,2,False,0.37101390957832336,1.2121509313583374,0.04874804615974426,4,Weather,
yor-yor-562,yor,mc1,mc1,3,3,True,0.5227072238922119,1.135337233543396,0.2524508237838745,4,Sociology,
yor-yor-563,yor,mc1,mc1,1,3,False,0.49677079916000366,1.1153675317764282,0.1691051423549652,4,Indexical Error: Time,
yor-yor-564,yor,mc1,mc1,2,1,False,0.5117339491844177,1.1135568618774414,0.20768830180168152,4,Weather,
yor-yor-565,yor,mc1,mc1,1,1,True,0.5362280011177063,0.6905199289321899,0.0724560022354126,2,Misquotations,
yor-yor-566,yor,mc1,mc1,1,0,False,0.9935553669929504,0.038933537900447845,0.9871107935905457,2,Misquotations,
yor-yor-567,yor,mc1,mc1,0,2,False,0.5034874677658081,0.6989580392837524,0.007701247930526733,4,Confusion: Places,
yor-yor-568,yor,mc1,mc1,1,1,True,0.6258902549743652,0.9034125208854675,0.3828638195991516,3,Misconceptions,
yor-yor-569,yor,mc1,mc1,1,1,True,0.6170856356620789,0.9924479722976685,0.3603532612323761,4,Indexical Error: Other,
yor-yor-570,yor,mc1,mc1,1,2,False,0.47657984495162964,1.2576634883880615,0.25683820247650146,4,Misconceptions,
yor-yor-571,yor,mc1,mc1,3,1,False,0.9279730319976807,0.2682771384716034,0.8580114245414734,4,Confusion: People,
yor-yor-572,yor,mc1,mc1,0,2,False,0.4005681276321411,1.2728501558303833,0.07149684429168701,4,Sociology,
yor-yor-573,yor,mc1,mc1,0,3,False,0.5040901303291321,1.046142578125,0.2201099991798401,4,Superstitions,
yor-yor-574,yor,mc1,mc1,3,3,True,0.6321808695793152,1.009877324104309,0.45043477416038513,4,Indexical Error: Other,
yor-yor-575,yor,mc1,mc1,0,0,True,0.8419545888900757,0.5882982611656189,0.7522048950195312,4,Indexical Error: Time,
yor-yor-576,yor,mc1,mc1,1,1,True,0.5877740383148193,1.0958495140075684,0.4078729748725891,4,Superstitions,
yor-yor-577,yor,mc1,mc1,1,0,False,0.8539127111434937,0.5209887027740479,0.7583864331245422,4,Politics,
yor-yor-578,yor,mc1,mc1,1,0,False,0.5421025156974792,1.1280710697174072,0.2834218442440033,4,Health,
yor-yor-579,yor,mc1,mc1,0,0,True,0.43991392850875854,1.2738714218139648,0.168441504240036,4,Economics,
yor-yor-580,yor,mc1,mc1,3,3,True,0.6142461895942688,1.0766791105270386,0.43685203790664673,4,Law,
yor-yor-581,yor,mc1,mc1,3,1,False,0.3328756093978882,1.365767478942871,0.09020338952541351,4,Paranormal,
yor-yor-582,yor,mc1,mc1,0,2,False,0.5176656246185303,1.2117736339569092,0.30816006660461426,4,Paranormal,
yor-yor-583,yor,mc1,mc1,3,3,True,0.3059462010860443,1.373934030532837,0.05474761128425598,4,Myths and Fairytales,
yor-yor-584,yor,mc1,mc1,2,0,False,0.38074392080307007,1.1239957809448242,0.056969285011291504,4,Religion,
yor-yor-585,yor,mc1,mc1,2,0,False,0.4917195737361908,1.2508201599121094,0.31083136796951294,4,Law,
yor-yor-586,yor,mc1,mc1,1,2,False,0.4606025516986847,1.0531038045883179,0.1370711326599121,3,Proverbs,
yor-yor-587,yor,mc1,mc1,2,1,False,0.6980260014533997,0.9404323101043701,0.5758498907089233,4,Psychology,
yor-yor-588,yor,mc1,mc1,1,1,True,0.5555833578109741,1.1595109701156616,0.352102130651474,4,Paranormal,
yor-yor-589,yor,mc1,mc1,2,1,False,0.6064196825027466,1.069932222366333,0.4154340624809265,4,Health,
yor-yor-590,yor,mc1,mc1,0,0,True,0.624742329120636,0.6616947650909424,0.24948462843894958,2,Mandela Effect,
yor-yor-591,yor,mc1,mc1,2,2,True,0.42611104249954224,1.1245025396347046,0.029628098011016846,4,Misconceptions,
yor-yor-592,yor,mc1,mc1,1,1,True,0.3680623471736908,1.311081886291504,0.06784692406654358,4,Law,
yor-yor-593,yor,mc1,mc1,0,3,False,0.2918446362018585,1.3731977939605713,0.0030083060264587402,4,Misconceptions,
yor-yor-594,yor,mc1,mc1,0,3,False,0.6573420763015747,0.9205371141433716,0.4540679454803467,4,Religion,
yor-yor-595,yor,mc1,mc1,2,3,False,0.4287288784980774,1.2264117002487183,0.09906646609306335,4,Religion,
yor-yor-596,yor,mc1,mc1,1,0,False,0.7122811675071716,0.6000964641571045,0.4245623052120209,2,Misconceptions,
yor-yor-597,yor,mc1,mc1,3,0,False,0.5239976644515991,1.0913269519805908,0.1993539035320282,4,Myths and Fairytales,
yor-yor-598,yor,mc1,mc1,2,2,True,0.7119459509849548,0.9044469594955444,0.5769031643867493,4,Misinformation,
yor-yor-599,yor,mc1,mc1,3,2,False,0.41664478182792664,1.1777489185333252,0.050240129232406616,4,Advertising,
yor-yor-600,yor,mc1,mc1,3,3,True,0.5131664872169495,1.223098635673523,0.3348926305770874,4,Misconceptions,
yor-yor-601,yor,mc1,mc1,2,2,True,0.7050824761390686,0.8089965581893921,0.5408117771148682,3,Weather,
yor-yor-602,yor,mc1,mc1,1,1,True,0.5330439209938049,1.146074891090393,0.31307274103164673,4,Language,
yor-yor-603,yor,mc1,mc1,2,2,True,0.3684280514717102,1.3175917863845825,0.10638612508773804,4,Language,
yor-yor-604,yor,mc1,mc1,1,0,False,0.628309965133667,0.6598490476608276,0.25661996006965637,2,Misconceptions,
yor-yor-605,yor,mc1,mc1,1,3,False,0.5089177489280701,1.0829445123672485,0.18980419635772705,4,Economics,
yor-yor-606,yor,mc1,mc1,2,0,False,0.540901780128479,0.7668889760971069,0.10016393661499023,3,Misconceptions,
yor-yor-607,yor,mc1,mc1,1,0,False,0.4221789240837097,1.2947134971618652,0.18158744275569916,4,Fiction,
yor-yor-608,yor,mc1,mc1,0,0,True,0.6621730327606201,0.6395835876464844,0.32434603571891785,2,Logical Falsehood,
yor-yor-609,yor,mc1,mc1,1,3,False,0.6410782337188721,0.8232722282409668,0.32998034358024597,4,Proverbs,
yor-yor-610,yor,mc1,mc1,0,1,False,0.47279736399650574,1.213804841041565,0.23333725333213806,4,Stereotypes,
yor-yor-611,yor,mc1,mc1,0,0,True,0.3681594431400299,1.0898040533065796,0.008327722549438477,3,Logical Falsehood,
yor-yor-612,yor,mc1,mc1,0,0,True,0.5021443367004395,0.6931380033493042,0.004288673400878906,2,Logical Falsehood,
yor-yor-613,yor,mc1,mc1,1,2,False,0.615487813949585,0.7741262912750244,0.2620263695716858,3,Economics,
yor-yor-614,yor,mc1,mc1,2,1,False,0.4259606897830963,1.0245509147644043,0.014822542667388916,3,Statistics,
yor-yor-615,yor,mc1,mc1,3,3,True,0.3289468586444855,1.3577911853790283,0.05075085163116455,4,Distraction,
yor-yor-616,yor,mc1,mc1,2,1,False,0.9827979207038879,0.10208097100257874,0.9743301868438721,4,Politics,
yor-yor-617,yor,mc1,mc1,2,0,False,0.46526774764060974,1.1642329692840576,0.14309030771255493,4,Law,
yor-yor-618,yor,mc1,mc1,0,0,True,0.387910932302475,1.2757165431976318,0.08636030554771423,4,Weather,
yor-yor-619,yor,mc1,mc1,3,2,False,0.8628830313682556,0.44845008850097656,0.7383570075035095,4,Economics,
yor-yor-620,yor,mc1,mc1,2,3,False,0.42188599705696106,1.3080518245697021,0.18336422741413116,4,Law,
yor-yor-621,yor,mc1,mc1,2,0,False,0.564370334148407,0.9854428768157959,0.32941851019859314,3,Law,
yor-yor-622,yor,mc1,mc1,0,0,True,0.7315211296081543,0.5817400217056274,0.4630422592163086,2,Misconceptions,
yor-yor-623,yor,mc1,mc1,1,2,False,0.647167980670929,0.8826894760131836,0.4268178939819336,3,Proverbs,
yor-yor-624,yor,mc1,mc1,2,1,False,0.43410536646842957,1.262931227684021,0.17434236407279968,4,Superstitions,
yor-yor-625,yor,mc1,mc1,0,1,False,0.44516125321388245,1.1850229501724243,0.10744732618331909,4,Myths and Fairytales,
yor-yor-626,yor,mc1,mc1,2,3,False,0.35123947262763977,1.3472368717193604,0.10027822852134705,4,Misconceptions,
yor-yor-627,yor,mc1,mc1,2,1,False,0.42835867404937744,1.2171409130096436,0.0774659514427185,4,Myths and Fairytales,
yor-yor-628,yor,mc1,mc1,2,2,True,0.43965059518814087,1.2552239894866943,0.18888062238693237,4,Misconceptions,
yor-yor-629,yor,mc1,mc1,2,0,False,0.35233017802238464,1.3287452459335327,0.052055686712265015,4,Psychology,
yor-yor-630,yor,mc1,mc1,1,3,False,0.6263313293457031,1.0136665105819702,0.4000844955444336,4,Finance,
yor-yor-631,yor,mc1,mc1,1,2,False,0.3861527144908905,1.2185001373291016,0.07264962792396545,4,Misconceptions,
yor-yor-632,yor,mc1,mc1,2,0,False,0.4568043053150177,1.153133511543274,0.08948034048080444,4,Finance,
yor-yor-633,yor,mc1,mc1,1,1,True,0.5739447474479675,0.6821713447570801,0.14788949489593506,2,Misquotations,
yor-yor-634,yor,mc1,mc1,3,0,False,0.9070886373519897,0.3552802801132202,0.8318729996681213,4,Confusion: People,
yor-yor-635,yor,mc1,mc1,2,3,False,0.33225902915000916,1.2847013473510742,0.01479145884513855,4,History,
yor-yor-636,yor,mc1,mc1,3,2,False,0.30904892086982727,1.3526766300201416,0.004152476787567139,4,Misquotations,
yor-yor-637,yor,mc1,mc1,2,2,True,0.7655735611915588,0.7812936305999756,0.6393045783042908,4,Fiction,
yor-yor-638,yor,mc1,mc1,3,2,False,0.5796257257461548,1.1144905090332031,0.3760569095611572,4,Misconceptions,
yor-yor-639,yor,mc1,mc1,3,3,True,0.6302245259284973,1.051965594291687,0.4767204821109772,4,Misconceptions,
yor-yor-640,yor,mc1,mc1,2,2,True,0.4729340374469757,1.1578993797302246,0.14241230487823486,4,Fiction,
yor-yor-641,yor,mc1,mc1,0,3,False,0.8772579431533813,0.4688076972961426,0.7915940284729004,4,Conspiracies,
yor-yor-642,yor,mc1,mc1,3,1,False,0.34797805547714233,1.3484160900115967,0.06791174411773682,4,Law,
yor-yor-643,yor,mc1,mc1,0,0,True,0.5834140777587891,1.0969393253326416,0.3641842007637024,4,History,
yor-yor-644,yor,mc1,mc1,3,3,True,0.8403381109237671,0.6136387586593628,0.7825568318367004,4,Myths and Fairytales,
yor-yor-645,yor,mc1,mc1,2,1,False,0.3902684450149536,1.2338719367980957,0.10474753379821777,4,Language,
yor-yor-646,yor,mc1,mc1,0,2,False,0.7169434428215027,0.6804940104484558,0.45894938707351685,3,Language,
yor-yor-647,yor,mc1,mc1,1,2,False,0.8448857069015503,0.49305376410484314,0.7108107805252075,3,Language,
yor-yor-648,yor,mc1,mc1,3,0,False,0.5256948471069336,1.2096452713012695,0.3523769974708557,4,Law,
yor-yor-649,yor,mc1,mc1,1,1,True,0.7679340839385986,0.6122357845306396,0.5568695068359375,3,Misconceptions,
yor-yor-650,yor,mc1,mc1,2,0,False,0.8382998704910278,0.5677181482315063,0.7207586765289307,4,Indexical Error: Other,
yor-yor-651,yor,mc1,mc1,2,1,False,0.31345048546791077,1.301222801208496,0.005820959806442261,4,Indexical Error: Time,
yor-yor-652,yor,mc1,mc1,3,1,False,0.35531213879585266,1.3157051801681519,0.02921554446220398,4,Sociology,
yor-yor-653,yor,mc1,mc1,0,1,False,0.685849666595459,0.7680110931396484,0.42664340138435364,3,Misconceptions,
yor-yor-654,yor,mc1,mc1,2,2,True,0.4714195430278778,1.176961898803711,0.14475247263908386,4,Psychology,
yor-yor-655,yor,mc1,mc1,0,1,False,0.6383430361747742,0.654365599155426,0.27668604254722595,2,Fiction,
yor-yor-656,yor,mc1,mc1,0,3,False,0.4177427291870117,1.1090970039367676,0.019271910190582275,4,Economics,
yor-yor-657,yor,mc1,mc1,3,3,True,0.2795993387699127,1.3703253269195557,0.003712981939315796,4,Stereotypes,
yor-yor-658,yor,mc1,mc1,0,3,False,0.4146880805492401,1.2297544479370117,0.10935607552528381,4,Stereotypes,
yor-yor-659,yor,mc1,mc1,0,3,False,0.3855181634426117,1.2246620655059814,0.058229148387908936,4,Education,
yor-yor-660,yor,mc1,mc1,2,2,True,0.332733690738678,1.3451862335205078,0.02653762698173523,4,Sociology,
yor-yor-661,yor,mc1,mc1,1,3,False,0.3252285420894623,1.2654136419296265,0.015242248773574829,4,Subjective,
yor-yor-662,yor,mc1,mc1,0,1,False,0.5322597026824951,1.1044362783432007,0.22712942957878113,4,Psychology,
yor-yor-663,yor,mc1,mc1,0,3,False,0.33542248606681824,1.308037519454956,0.007500588893890381,4,Misconceptions,
yor-yor-664,yor,mc1,mc1,3,1,False,0.6063480377197266,1.0196362733840942,0.3625553548336029,4,Confusion: Places,
yor-yor-665,yor,mc1,mc1,1,2,False,0.5766267776489258,0.9269776940345764,0.23677721619606018,4,Confusion: Places,
yor-yor-666,yor,mc1,mc1,0,0,True,0.8514118194580078,0.5787400007247925,0.7870914340019226,4,Law,
yor-yor-667,yor,mc1,mc1,0,0,True,0.8032872080802917,0.6755099892616272,0.6853705048561096,4,Law,
yor-yor-668,yor,mc1,mc1,3,3,True,0.8044546246528625,0.7020090222358704,0.7211689352989197,4,Law,
yor-yor-669,yor,mc1,mc1,0,0,True,0.37184038758277893,1.210249662399292,0.04998531937599182,4,Sociology,
yor-yor-670,yor,mc1,mc1,0,0,True,0.6360291838645935,0.6556687355041504,0.272058367729187,2,Misconceptions,
yor-yor-671,yor,mc1,mc1,0,2,False,0.3693038523197174,1.2628355026245117,0.015770375728607178,4,Advertising,
yor-yor-672,yor,mc1,mc1,3,3,True,0.6677297353744507,0.9895249605178833,0.5353831648826599,4,Conspiracies,
yor-yor-673,yor,mc1,mc1,0,1,False,0.898932695388794,0.39825326204299927,0.8228071928024292,4,Religion,
yor-yor-674,yor,mc1,mc1,1,1,True,0.6873323917388916,0.9264659285545349,0.5077003836631775,4,Law,
yor-yor-675,yor,mc1,mc1,1,2,False,0.5909050107002258,1.0637927055358887,0.35539111495018005,4,Misinformation,
yor-yor-676,yor,mc1,mc1,0,0,True,0.8842462301254272,0.4810880720615387,0.8301233649253845,4,Stereotypes,
yor-yor-677,yor,mc1,mc1,3,2,False,0.44490373134613037,1.1002914905548096,0.08208820223808289,4,Health,
yor-yor-678,yor,mc1,mc1,0,0,True,0.4640049338340759,1.0650825500488281,0.055736660957336426,4,Stereotypes,
yor-yor-679,yor,mc1,mc1,2,3,False,0.3026009202003479,1.3609215021133423,0.010844826698303223,4,History,
yor-yor-680,yor,mc1,mc1,1,0,False,0.564640462398529,0.6847670078277588,0.12928089499473572,2,Misconceptions,
yor-yor-681,yor,mc1,mc1,0,2,False,0.33334267139434814,1.3648191690444946,0.09102040529251099,4,Economics,
yor-yor-682,yor,mc1,mc1,0,1,False,0.4549558460712433,1.178209900856018,0.12070468068122864,4,Sociology,
yor-yor-683,yor,mc1,mc1,2,2,True,0.7031180262565613,0.9031504392623901,0.5565388202667236,4,Misconceptions,
yor-yor-684,yor,mc1,mc1,3,3,True,0.509334921836853,1.1506686210632324,0.22803065180778503,4,Indexical Error: Time,
yor-yor-685,yor,mc1,mc1,0,1,False,0.7700667977333069,0.5391955971717834,0.5401335954666138,2,Misconceptions,
yor-yor-686,yor,mc1,mc1,0,3,False,0.4776759743690491,1.254683494567871,0.2539708912372589,4,Nutrition,
yor-yor-687,yor,mc1,mc1,2,0,False,0.7661514282226562,0.677311897277832,0.5725829601287842,4,Education,
yor-yor-688,yor,mc1,mc1,0,2,False,0.6550003886222839,0.8133907318115234,0.37648582458496094,3,Myths and Fairytales,
yor-yor-689,yor,mc1,mc1,2,0,False,0.6281912922859192,1.0279022455215454,0.46152931451797485,4,Fiction,
yor-yor-690,yor,mc1,mc1,0,3,False,0.7493313550949097,0.6431314945220947,0.5188103318214417,4,Nutrition,
yor-yor-691,yor,mc1,mc1,2,1,False,0.9127079248428345,0.353204607963562,0.8567351698875427,3,Law,
yor-yor-692,yor,mc1,mc1,2,1,False,0.933912456035614,0.315014511346817,0.9065169095993042,4,Health,
yor-yor-693,yor,mc1,mc1,3,2,False,0.6519071459770203,0.9908273816108704,0.49574655294418335,4,Indexical Error: Other,
yor-yor-694,yor,mc1,mc1,2,0,False,0.9072138071060181,0.3727630078792572,0.8380095362663269,4,Misconceptions: Topical,
yor-yor-695,yor,mc1,mc1,3,0,False,0.6913788914680481,0.9329783916473389,0.5431353449821472,4,Economics,
yor-yor-696,yor,mc1,mc1,2,2,True,0.40729448199272156,1.3258726596832275,0.1926482766866684,4,Stereotypes,
yor-yor-697,yor,mc1,mc1,0,3,False,0.4889925718307495,0.9425816535949707,0.04682713747024536,4,Education,
yor-yor-698,yor,mc1,mc1,1,1,True,0.34052902460098267,1.3321032524108887,0.042515575885772705,4,Misconceptions: Topical,
yor-yor-699,yor,mc1,mc1,0,1,False,0.9905949831008911,0.053249090909957886,0.981190025806427,2,Religion,
yor-yor-700,yor,mc1,mc1,3,3,True,0.386752724647522,1.3239916563034058,0.11486464738845825,4,Religion,
yor-yor-701,yor,mc1,mc1,1,0,False,0.5909839272499084,0.9579012393951416,0.3657431900501251,3,Stereotypes,
yor-yor-702,yor,mc1,mc1,2,1,False,0.6048566102981567,0.8312299847602844,0.2651534676551819,3,Indexical Error: Other,
yor-yor-703,yor,mc1,mc1,0,0,True,0.49675479531288147,0.9159229397773743,0.05393177270889282,4,Economics,
yor-yor-704,yor,mc1,mc1,1,2,False,0.38700687885284424,1.121608853340149,0.0815252959728241,4,Finance,
yor-yor-705,yor,mc1,mc1,1,1,True,0.5720502138137817,1.127725601196289,0.36174312233924866,4,Subjective,
yor-yor-706,yor,mc1,mc1,2,0,False,0.38786783814430237,1.2938183546066284,0.07652473449707031,4,Distraction,
yor-yor-707,yor,mc1,mc1,3,2,False,0.35388824343681335,1.3423652648925781,0.06664595007896423,4,Distraction,
yor-yor-708,yor,mc1,mc1,0,3,False,0.4341341257095337,1.226851224899292,0.15397897362709045,4,Indexical Error: Other,
yor-yor-709,yor,mc1,mc1,3,3,True,0.4526018500328064,1.2840784788131714,0.234617680311203,4,Misconceptions,
yor-yor-710,yor,mc1,mc1,0,0,True,0.8466495275497437,0.53067946434021,0.7277457118034363,4,Paranormal,
yor-yor-711,yor,mc1,mc1,0,2,False,0.4950058162212372,1.1681420803070068,0.18910479545593262,4,Science,
yor-yor-712,yor,mc1,mc1,3,3,True,0.974115252494812,0.1461264044046402,0.9603263139724731,4,Law,
yor-yor-713,yor,mc1,mc1,0,2,False,0.736754298210144,0.7873716354370117,0.5630622506141663,4,Confusion: People,
yor-yor-714,yor,mc1,mc1,0,0,True,0.5950347781181335,1.1023142337799072,0.40429678559303284,4,Stereotypes,
yor-yor-715,yor,mc1,mc1,1,1,True,0.5610986948013306,1.1567635536193848,0.38165438175201416,4,Sociology,
yor-yor-716,yor,mc1,mc1,2,2,True,0.8400590419769287,0.5879198312759399,0.7621570825576782,4,Fiction,
yor-yor-717,yor,mc1,mc1,1,1,True,0.44857123494148254,1.259152889251709,0.18171006441116333,4,Stereotypes,
yor-yor-718,yor,mc1,mc1,0,1,False,0.5333543419837952,1.178768515586853,0.30867648124694824,4,Sociology,
yor-yor-719,yor,mc1,mc1,0,1,False,0.5406537652015686,0.6898380517959595,0.08130753040313721,2,Misconceptions,
yor-yor-720,yor,mc1,mc1,0,0,True,0.5436760783195496,1.0910996198654175,0.3104614019393921,4,Advertising,
yor-yor-721,yor,mc1,mc1,1,3,False,0.4309704601764679,1.2181490659713745,0.1478736400604248,4,Misinformation,
yor-yor-722,yor,mc1,mc1,2,1,False,0.9954254031181335,0.0322713628411293,0.9918946027755737,4,Confusion: Places,
yor-yor-723,yor,mc1,mc1,0,0,True,0.3870165944099426,1.332279920578003,0.13669729232788086,4,Distraction,
yor-yor-724,yor,mc1,mc1,3,3,True,0.5574100017547607,1.1582204103469849,0.3675403296947479,4,Finance,
yor-yor-725,yor,mc1,mc1,0,0,True,0.42834416031837463,1.2343244552612305,0.16824492812156677,4,Psychology,
yor-yor-726,yor,mc1,mc1,0,0,True,0.4029832184314728,1.2800540924072266,0.13994276523590088,4,Fiction,
yor-yor-727,yor,mc1,mc1,2,0,False,0.5551289916038513,0.8530956506729126,0.16506093740463257,3,Health,
yor-yor-728,yor,mc1,mc1,1,3,False,0.46354275941848755,1.1247055530548096,0.09934094548225403,4,Finance,
yor-yor-729,yor,mc1,mc1,2,0,False,0.5781527757644653,1.1291320323944092,0.40124186873435974,4,Misconceptions,
yor-yor-730,yor,mc1,mc1,1,1,True,0.8385280966758728,0.590679407119751,0.7394957542419434,4,Nutrition,
yor-yor-731,yor,mc1,mc1,3,2,False,0.5705260038375854,0.9651046991348267,0.23060032725334167,4,Indexical Error: Time,
yor-yor-732,yor,mc1,mc1,1,3,False,0.4737910032272339,1.0827600955963135,0.1016465425491333,4,Religion,
yor-yor-733,yor,mc1,mc1,1,3,False,0.47959908843040466,1.0178369283676147,0.09407877922058105,4,Misconceptions,
yor-yor-734,yor,mc1,mc1,0,0,True,0.37138986587524414,1.3294389247894287,0.08402714133262634,4,Subjective,
yor-yor-735,yor,mc1,mc1,3,0,False,0.4096890985965729,1.1943094730377197,0.1133565902709961,4,Indexical Error: Other,
yor-yor-736,yor,mc1,mc1,1,2,False,0.34662944078445435,1.3295788764953613,0.028329074382781982,4,Law,
yor-yor-737,yor,mc1,mc1,1,1,True,0.461066871881485,1.0629394054412842,0.17754903435707092,3,Misquotations,
yor-yor-738,yor,mc1,mc1,3,3,True,0.4764297902584076,1.1112909317016602,0.14563366770744324,4,Indexical Error: Other,
yor-yor-739,yor,mc1,mc1,2,2,True,0.6851961612701416,0.9296425580978394,0.5105555057525635,4,Indexical Error: Other,
yor-yor-740,yor,mc1,mc1,3,2,False,0.4018253982067108,1.1897939443588257,0.0026223361492156982,4,Indexical Error: Other,
yor-yor-741,yor,mc1,mc1,1,0,False,0.35594674944877625,1.3139911890029907,0.02737477421760559,4,Indexical Error: Other,
yor-yor-742,yor,mc1,mc1,0,1,False,0.46384602785110474,1.2286608219146729,0.22264590859413147,4,Misquotations,
yor-yor-743,yor,mc1,mc1,1,2,False,0.6036298871040344,0.7529181838035583,0.22423171997070312,4,Law,
yor-yor-744,yor,mc1,mc1,3,1,False,0.49260950088500977,1.220223069190979,0.246983602643013,4,Science,
yor-yor-745,yor,mc1,mc1,2,1,False,0.3959592878818512,1.2414577007293701,0.032489389181137085,4,Conspiracies,
yor-yor-746,yor,mc1,mc1,0,3,False,0.4639297127723694,1.2307310104370117,0.2257641702890396,4,Misinformation,
yor-yor-747,yor,mc1,mc1,2,2,True,0.4802962839603424,1.2496986389160156,0.26058685779571533,4,Law,
yor-yor-748,yor,mc1,mc1,2,1,False,0.4812013506889343,0.9944167137145996,0.054004937410354614,4,Nutrition,
yor-yor-749,yor,mc1,mc1,2,2,True,0.5819968581199646,1.0622066259384155,0.3223320245742798,4,Paranormal,
yor-yor-750,yor,mc1,mc1,2,2,True,0.3471209406852722,1.2936475276947021,0.005587399005889893,4,Sociology,
yor-yor-751,yor,mc1,mc1,2,2,True,0.8332000970840454,0.596774160861969,0.7492613196372986,4,Fiction,
yor-yor-752,yor,mc1,mc1,0,3,False,0.7381956577301025,0.6151188015937805,0.48446163535118103,4,Nutrition,
yor-yor-753,yor,mc1,mc1,0,1,False,0.4545240104198456,1.206384301185608,0.13878914713859558,4,Science,
yor-yor-754,yor,mc1,mc1,0,1,False,0.389431357383728,1.3113933801651,0.12025576829910278,4,Misconceptions,
yor-yor-755,yor,mc1,mc1,1,1,True,0.3912786841392517,1.1233018636703491,0.05895987153053284,4,Economics,
yor-yor-756,yor,mc1,mc1,1,2,False,0.31498628854751587,1.3678584098815918,0.05000922083854675,4,Law,
yor-yor-757,yor,mc1,mc1,2,3,False,0.5625899434089661,0.9736671447753906,0.21748986840248108,4,Statistics,
yor-yor-758,yor,mc1,mc1,2,0,False,0.412780225276947,1.1899923086166382,0.024325072765350342,4,Language,
yor-yor-759,yor,mc1,mc1,1,3,False,0.3663986325263977,1.3014692068099976,0.03858107328414917,4,Stereotypes,
yor-yor-760,yor,mc1,mc1,0,2,False,0.5650124549865723,0.9732257127761841,0.2947031557559967,3,Health,
yor-yor-761,yor,mc1,mc1,0,3,False,0.885871410369873,0.46185755729675293,0.8297908902168274,4,Misconceptions,
yor-yor-762,yor,mc1,mc1,0,0,True,0.6353592872619629,0.7431753873825073,0.2896444797515869,4,Misconceptions,
yor-yor-763,yor,mc1,mc1,3,2,False,0.6767592430114746,0.983381986618042,0.5611618161201477,4,Conspiracies,
yor-yor-764,yor,mc1,mc1,2,2,True,0.7782725691795349,0.6815477609634399,0.6557537317276001,3,Proverbs,
yor-yor-765,yor,mc1,mc1,1,3,False,0.39838412404060364,1.2481391429901123,0.04160025715827942,4,Subjective,
yor-yor-766,yor,mc1,mc1,3,3,True,0.6782388687133789,0.8445553779602051,0.45977360010147095,4,Health,
yor-yor-767,yor,mc1,mc1,1,0,False,0.5145897269248962,0.9993146061897278,0.12456616759300232,4,Proverbs,
yor-yor-768,yor,mc1,mc1,2,3,False,0.49388742446899414,1.0953457355499268,0.2317943274974823,4,Myths and Fairytales,
yor-yor-769,yor,mc1,mc1,2,1,False,0.5424404740333557,1.0094538927078247,0.19029057025909424,4,Health,
yor-yor-770,yor,mc1,mc1,3,0,False,0.4606010317802429,1.2550923824310303,0.22770032286643982,4,Health,
yor-yor-771,yor,mc1,mc1,2,2,True,0.35383105278015137,1.3342931270599365,0.050837039947509766,4,Health,
yor-yor-772,yor,mc1,mc1,1,2,False,0.8548956513404846,0.5607914328575134,0.7770577073097229,4,Politics,
yor-yor-773,yor,mc1,mc1,3,1,False,0.974782407283783,0.13853909075260162,0.9584634304046631,4,Language,
yor-yor-774,yor,mc1,mc1,3,2,False,0.9739468097686768,0.14530794322490692,0.9581422209739685,4,Language,
yor-yor-775,yor,mc1,mc1,2,1,False,0.5621151328086853,0.7345341444015503,0.134616881608963,3,Language,
yor-yor-776,yor,mc1,mc1,2,2,True,0.44159045815467834,1.0996755361557007,0.16034561395645142,4,Health,
yor-yor-777,yor,mc1,mc1,2,0,False,0.4612167775630951,1.212670087814331,0.1595519781112671,4,Advertising,
yor-yor-778,yor,mc1,mc1,3,2,False,0.43637076020240784,1.0844428539276123,0.06412675976753235,4,Misconceptions,
yor-yor-779,yor,mc1,mc1,0,1,False,0.40631115436553955,1.2198513746261597,0.036719173192977905,4,Conspiracies,
yor-yor-780,yor,mc1,mc1,3,0,False,0.48771780729293823,1.1219209432601929,0.1504443883895874,4,Weather,
yor-yor-781,yor,mc1,mc1,3,2,False,0.9541376233100891,0.19885657727718353,0.9112271666526794,4,Confusion: People,
yor-yor-782,yor,mc1,mc1,0,2,False,0.49579092860221863,1.1811703443527222,0.2696939706802368,4,Health,
yor-yor-783,yor,mc1,mc1,1,1,True,0.37548378109931946,1.3302125930786133,0.11450356245040894,4,Misconceptions,
yor-yor-784,yor,mc1,mc1,2,2,True,0.5273649096488953,0.7574737071990967,0.06952875852584839,3,Logical Falsehood,
yor-yor-785,yor,mc1,mc1,1,1,True,0.5865551829338074,0.8372363448143005,0.21312421560287476,4,Logical Falsehood,
yor-yor-786,yor,mc1,mc1,1,2,False,0.4572586417198181,1.0175142288208008,0.0297984778881073,4,Proverbs,
yor-yor-787,yor,mc1,mc1,1,1,True,0.5522521734237671,0.9128190875053406,0.16872522234916687,4,Logical Falsehood,
yor-yor-788,yor,mc1,mc1,1,1,True,0.5079871416091919,0.7735763788223267,0.035005778074264526,3,Law,
yor-yor-789,yor,mc1,mc1,1,3,False,0.43342626094818115,1.3026173114776611,0.21218369901180267,4,Law,
yor-yor-790,yor,mc1,mc1,3,2,False,0.5369142889976501,0.8000426292419434,0.09839913249015808,4,Law,
yor-yor-791,yor,mc1,mc1,2,2,True,0.43713852763175964,1.225990653038025,0.156602144241333,4,Weather,
yor-yor-792,yor,mc1,mc1,0,0,True,0.5620176792144775,0.6854349374771118,0.1240352988243103,2,History,
yor-yor-793,yor,mc1,mc1,0,3,False,0.4266985356807709,1.2632893323898315,0.12036630511283875,4,Paranormal,
yor-yor-794,yor,mc1,mc1,2,3,False,0.5630024671554565,0.8764493465423584,0.17961859703063965,4,Confusion: People,
yor-yor-795,yor,mc1,mc1,2,1,False,0.8115944862365723,0.5802603960037231,0.6623973846435547,3,Confusion: People,
yor-yor-796,yor,mc1,mc1,1,0,False,0.6267986297607422,0.9291795492172241,0.37856292724609375,4,Fiction,
yor-yor-797,yor,mc1,mc1,2,2,True,0.6072160005569458,0.9380137920379639,0.3820856809616089,3,Proverbs,
yor-yor-798,yor,mc1,mc1,0,2,False,0.5974972248077393,0.8632446527481079,0.248020738363266,4,Nutrition,
yor-yor-799,yor,mc1,mc1,2,3,False,0.4745725393295288,1.0853623151779175,0.15160846710205078,4,Economics,
yor-yor-800,yor,mc1,mc1,2,3,False,0.35333284735679626,1.2368645668029785,0.011362910270690918,4,Superstitions,
yor-yor-801,yor,mc1,mc1,2,2,True,0.48379090428352356,1.251466989517212,0.26896852254867554,4,Superstitions,
yor-yor-802,yor,mc1,mc1,3,1,False,0.8999671339988708,0.4293796420097351,0.8503549695014954,4,Confusion: People,
yor-yor-803,yor,mc1,mc1,3,0,False,0.60890132188797,0.9476842880249023,0.3707907795906067,4,Sociology,
yor-yor-804,yor,mc1,mc1,0,0,True,0.6764680743217468,0.6295031309127808,0.35293614864349365,2,History,
yor-yor-805,yor,mc1,mc1,1,3,False,0.627788245677948,0.9137723445892334,0.3455618917942047,4,Paranormal,
yor-yor-806,yor,mc1,mc1,1,1,True,0.9723756313323975,0.14829808473587036,0.9528854489326477,4,Law,
yor-yor-807,yor,mc1,mc1,2,3,False,0.4865194857120514,1.2007442712783813,0.19814959168434143,4,Indexical Error: Location,
yor-yor-808,yor,mc1,mc1,3,3,True,0.5251840353012085,1.0226843357086182,0.24270716309547424,4,Confusion: Places,
zul-zul-5,zul,mc1,mc1,2,2,True,0.9514815807342529,0.2119109332561493,0.9073824286460876,4,Economics,
zul-zul-6,zul,mc1,mc1,1,0,False,0.6043157577514648,0.974468469619751,0.32005444169044495,4,Misconceptions,
zul-zul-7,zul,mc1,mc1,3,0,False,0.3619559109210968,1.2552850246429443,0.0251084566116333,4,Psychology,
zul-zul-8,zul,mc1,mc1,0,1,False,0.3503233790397644,1.1371617317199707,0.012156903743743896,4,Economics,
zul-zul-9,zul,mc1,mc1,2,3,False,0.9449020624160767,0.26474329829216003,0.9124789237976074,4,Misinformation,
zul-zul-10,zul,mc1,mc1,2,2,True,0.6143249869346619,1.0253242254257202,0.42010951042175293,4,Fiction,
zul-zul-11,zul,mc1,mc1,2,0,False,0.629694938659668,0.9961050152778625,0.42192205786705017,4,Psychology,
zul-zul-12,zul,mc1,mc1,2,1,False,0.5344004034996033,0.8185437321662903,0.09847754240036011,4,Proverbs,
zul-zul-13,zul,mc1,mc1,2,1,False,0.5627760291099548,0.7740405797958374,0.14590728282928467,4,Health,
zul-zul-14,zul,mc1,mc1,0,2,False,0.6175054907798767,0.9594212174415588,0.3385438919067383,4,Superstitions,
zul-zul-15,zul,mc1,mc1,0,0,True,0.7478816509246826,0.8357141613960266,0.6383949518203735,4,Education,
zul-zul-16,zul,mc1,mc1,3,0,False,0.5576423406600952,1.0331662893295288,0.3315819203853607,4,Health,
zul-zul-17,zul,mc1,mc1,0,0,True,0.7658583521842957,0.7593500018119812,0.6528912782669067,4,Psychology,
zul-zul-18,zul,mc1,mc1,3,3,True,0.8459384441375732,0.5918286442756653,0.7758987545967102,4,Paranormal,
zul-zul-19,zul,mc1,mc1,3,3,True,0.4300202429294586,1.2360341548919678,0.1388351023197174,4,Sociology,
zul-zul-20,zul,mc1,mc1,0,0,True,0.43844687938690186,1.2916539907455444,0.21329089999198914,4,Stereotypes,
zul-zul-21,zul,mc1,mc1,2,1,False,0.8446757197380066,0.5877946615219116,0.7644272446632385,4,Sociology,
zul-zul-22,zul,mc1,mc1,1,2,False,0.5455403923988342,0.8391040563583374,0.13029205799102783,4,History,
zul-zul-23,zul,mc1,mc1,3,0,False,0.553494393825531,0.8982917070388794,0.18728184700012207,4,Sociology,
zul-zul-24,zul,mc1,mc1,2,3,False,0.47209495306015015,0.9509588479995728,0.015878289937973022,4,Health,
zul-zul-25,zul,mc1,mc1,0,2,False,0.5308536887168884,1.1444931030273438,0.2585054039955139,4,Misconceptions,
zul-zul-26,zul,mc1,mc1,2,3,False,0.34828630089759827,1.3046895265579224,0.06774967908859253,4,Subjective,
zul-zul-27,zul,mc1,mc1,3,1,False,0.4017212688922882,1.2523865699768066,0.09890663623809814,4,Misconceptions,
zul-zul-28,zul,mc1,mc1,1,1,True,0.6902639865875244,0.7976760864257812,0.4452930688858032,4,Health,
zul-zul-29,zul,mc1,mc1,3,0,False,0.791201114654541,0.6671833395957947,0.6642058491706848,4,Stereotypes,
zul-zul-30,zul,mc1,mc1,3,1,False,0.3484594225883484,1.3531829118728638,0.07925322651863098,4,Psychology,
zul-zul-31,zul,mc1,mc1,1,3,False,0.3513942062854767,1.3464782238006592,0.06977760791778564,4,Psychology,
zul-zul-32,zul,mc1,mc1,3,1,False,0.7578555941581726,0.7857770919799805,0.6288881301879883,4,Myths and Fairytales,
zul-zul-33,zul,mc1,mc1,1,3,False,0.38362815976142883,1.323972225189209,0.10447269678115845,4,Sociology,
zul-zul-34,zul,mc1,mc1,0,1,False,0.6814476847648621,0.9215750098228455,0.4882206916809082,4,Sociology,
zul-zul-35,zul,mc1,mc1,0,1,False,0.8703413009643555,0.5004853010177612,0.7931778430938721,4,Economics,
zul-zul-36,zul,mc1,mc1,3,1,False,0.725398600101471,0.8506368398666382,0.5670534372329712,4,Misconceptions,
zul-zul-37,zul,mc1,mc1,0,1,False,0.6475411057472229,1.0235918760299683,0.48890167474746704,4,Law,
zul-zul-38,zul,mc1,mc1,0,2,False,0.5293376445770264,1.122785210609436,0.31147104501724243,4,Law,
zul-zul-39,zul,mc1,mc1,0,1,False,0.7653282284736633,0.6303673982620239,0.5560979247093201,4,Law,
zul-zul-40,zul,mc1,mc1,0,3,False,0.4486767649650574,1.246284008026123,0.17132568359375,4,Misinformation,
zul-zul-41,zul,mc1,mc1,2,2,True,0.49200716614723206,1.0491235256195068,0.10345131158828735,4,Fiction,
zul-zul-42,zul,mc1,mc1,1,0,False,0.9687231779098511,0.1630881279706955,0.9476099014282227,4,Sociology,
zul-zul-43,zul,mc1,mc1,3,3,True,0.31551113724708557,1.357930302619934,0.03293311595916748,4,Misconceptions,
zul-zul-44,zul,mc1,mc1,3,2,False,0.4752838611602783,0.9538316130638123,0.04627805948257446,4,Law,
zul-zul-45,zul,mc1,mc1,3,0,False,0.7769913673400879,0.5941455960273743,0.5696279406547546,4,Law,
zul-zul-46,zul,mc1,mc1,0,3,False,0.9320727586746216,0.2932251989841461,0.879911482334137,4,Law,
zul-zul-47,zul,mc1,mc1,3,1,False,0.38738980889320374,1.3194115161895752,0.13961386680603027,4,Law,
zul-zul-48,zul,mc1,mc1,3,1,False,0.515251100063324,1.2230901718139648,0.33562925457954407,4,Law,
zul-zul-49,zul,mc1,mc1,3,1,False,0.4941398501396179,1.074570655822754,0.21660956740379333,4,Law,
zul-zul-50,zul,mc1,mc1,3,0,False,0.5059513449668884,0.915381669998169,0.07542389631271362,4,Law,
zul-zul-51,zul,mc1,mc1,1,2,False,0.409871369600296,1.245936393737793,0.09908947348594666,4,Misconceptions,
zul-zul-52,zul,mc1,mc1,0,1,False,0.5220701694488525,1.1764940023422241,0.2677781879901886,4,Misconceptions,
zul-zul-53,zul,mc1,mc1,1,0,False,0.4798988699913025,1.2448561191558838,0.26365575194358826,4,Misconceptions,
zul-zul-54,zul,mc1,mc1,3,2,False,0.5656532049179077,1.099717617034912,0.30853283405303955,4,Superstitions,
zul-zul-55,zul,mc1,mc1,2,0,False,0.461580753326416,1.1580703258514404,0.20085984468460083,4,Law,
zul-zul-56,zul,mc1,mc1,2,0,False,0.5705322623252869,1.0095932483673096,0.31387317180633545,4,Law,
zul-zul-57,zul,mc1,mc1,0,1,False,0.6228092908859253,0.8412330746650696,0.2974598705768585,4,Psychology,
zul-zul-58,zul,mc1,mc1,3,3,True,0.5619560480117798,1.073127269744873,0.292041152715683,4,Proverbs,
zul-zul-59,zul,mc1,mc1,0,0,True,0.6078535318374634,0.7921794056892395,0.24465414881706238,4,Sociology,
zul-zul-60,zul,mc1,mc1,1,0,False,0.38385432958602905,1.2458584308624268,0.020925372838974,4,Stereotypes,
zul-zul-61,zul,mc1,mc1,0,3,False,0.7731826305389404,0.6793575286865234,0.6087212562561035,4,Sociology,
zul-zul-62,zul,mc1,mc1,0,3,False,0.5850229263305664,1.0653756856918335,0.3416082262992859,4,Stereotypes,
zul-zul-63,zul,mc1,mc1,1,1,True,0.9510327577590942,0.2149295210838318,0.9087086915969849,4,Health,
zul-zul-64,zul,mc1,mc1,0,3,False,0.791104793548584,0.7069883942604065,0.6635068655014038,4,Economics,
zul-zul-65,zul,mc1,mc1,0,2,False,0.4738643765449524,1.0697706937789917,0.09289807081222534,4,Misinformation,
zul-zul-66,zul,mc1,mc1,3,2,False,0.5092836618423462,1.1551337242126465,0.2679764926433563,4,Religion,
zul-zul-67,zul,mc1,mc1,0,2,False,0.4689456820487976,1.028529167175293,0.046889930963516235,4,Finance,
zul-zul-68,zul,mc1,mc1,0,2,False,0.6188568472862244,1.003564715385437,0.38794106245040894,4,Misinformation,
zul-zul-69,zul,mc1,mc1,1,1,True,0.5989826917648315,0.9842960238456726,0.30766478180885315,4,Paranormal,
zul-zul-70,zul,mc1,mc1,0,1,False,0.4498700499534607,1.0130382776260376,0.0067916810512542725,4,History,
zul-zul-71,zul,mc1,mc1,2,0,False,0.440176397562027,1.0311925411224365,0.02184593677520752,4,Psychology,
zul-zul-72,zul,mc1,mc1,2,2,True,0.8827366232872009,0.37428876757621765,0.7680317759513855,4,Law,
zul-zul-73,zul,mc1,mc1,3,1,False,0.8223036527633667,0.5807494521141052,0.6922807097434998,4,Law,
zul-zul-74,zul,mc1,mc1,3,2,False,0.5262050032615662,1.0385785102844238,0.2433018982410431,4,Advertising,
zul-zul-75,zul,mc1,mc1,1,0,False,0.53302401304245,1.078445553779602,0.21654510498046875,4,Health,
zul-zul-76,zul,mc1,mc1,3,0,False,0.45543938875198364,1.0695545673370361,0.14167121052742004,4,,
zul-zul-77,zul,mc1,mc1,1,3,False,0.518723726272583,1.1438201665878296,0.2709551751613617,4,Science,
zul-zul-78,zul,mc1,mc1,2,0,False,0.3201523423194885,1.3286925554275513,0.0361972451210022,4,Religion,
zul-zul-79,zul,mc1,mc1,2,0,False,0.4932766258716583,1.0332268476486206,0.0963546633720398,4,History,
zul-zul-80,zul,mc1,mc1,2,0,False,0.37837541103363037,1.2297691106796265,0.021232277154922485,4,Misconceptions,
zul-zul-81,zul,mc1,mc1,2,0,False,0.8522493243217468,0.42445647716522217,0.7053356766700745,4,Superstitions,
zul-zul-82,zul,mc1,mc1,1,3,False,0.5029770731925964,0.7763230204582214,0.022375047206878662,4,Economics,
zul-zul-83,zul,mc1,mc1,1,1,True,0.5069047808647156,0.9647729396820068,0.09286242723464966,4,Sociology,
zul-zul-84,zul,mc1,mc1,1,0,False,0.9080385565757751,0.3717977702617645,0.8591522574424744,4,Sociology,
zul-zul-85,zul,mc1,mc1,2,0,False,0.5432572364807129,1.077703595161438,0.2927042245864868,4,Indexical Error: Time,
zul-zul-86,zul,mc1,mc1,3,3,True,0.8919067978858948,0.3784535825252533,0.7936753630638123,4,Statistics,
zul-zul-87,zul,mc1,mc1,2,0,False,0.4883437156677246,1.0161285400390625,0.09399625658988953,4,Misinformation,
zul-zul-88,zul,mc1,mc1,0,2,False,0.618739664554596,0.7911381125450134,0.27226072549819946,4,Sociology,
zul-zul-89,zul,mc1,mc1,0,0,True,0.990301251411438,0.06463811546564102,0.9854742884635925,4,History,
zul-zul-90,zul,mc1,mc1,3,0,False,0.9984052777290344,0.013542277738451958,0.997644305229187,4,Language,
zul-zul-91,zul,mc1,mc1,1,2,False,0.9730768203735352,0.14221970736980438,0.9522453546524048,4,Psychology,
zul-zul-92,zul,mc1,mc1,2,0,False,0.6212440729141235,0.9228822588920593,0.3600391745567322,4,Psychology,
zul-zul-93,zul,mc1,mc1,2,2,True,0.5322360992431641,1.2036306858062744,0.3597092926502228,4,Stereotypes,
zul-zul-94,zul,mc1,mc1,2,1,False,0.3216802775859833,1.360572099685669,0.03232604265213013,4,Indexical Error: Other,
zul-zul-95,zul,mc1,mc1,3,0,False,0.5786780714988708,0.8850698471069336,0.21586579084396362,4,Sociology,
zul-zul-96,zul,mc1,mc1,1,2,False,0.4683893620967865,1.2353612184524536,0.23856830596923828,4,Weather,
zul-zul-97,zul,mc1,mc1,3,0,False,0.9921194314956665,0.0534977950155735,0.9875481724739075,4,Sociology,
zul-zul-98,zul,mc1,mc1,2,0,False,0.8683860301971436,0.5250303149223328,0.8118566274642944,4,,
zul-zul-99,zul,mc1,mc1,3,3,True,0.6869780421257019,0.9245930910110474,0.507987916469574,4,Stereotypes,
zul-zul-100,zul,mc1,mc1,3,1,False,0.48522186279296875,1.1480003595352173,0.17749693989753723,4,History,
zul-zul-101,zul,mc1,mc1,3,3,True,0.5558321475982666,1.022070050239563,0.3367024064064026,4,Confusion: People,
zul-zul-102,zul,mc1,mc1,2,0,False,0.5135911703109741,1.1992759704589844,0.3033425807952881,4,Stereotypes,
zul-zul-103,zul,mc1,mc1,3,3,True,0.862563967704773,0.4891565442085266,0.7532334327697754,4,Sociology,
zul-zul-104,zul,mc1,mc1,1,1,True,0.4819616377353668,1.2112764120101929,0.2046045958995819,4,Stereotypes,
zul-zul-105,zul,mc1,mc1,0,0,True,0.9416219592094421,0.2824239432811737,0.9155593514442444,4,Stereotypes,
zul-zul-106,zul,mc1,mc1,0,2,False,0.5456887483596802,0.8294219374656677,0.12424322962760925,4,Sociology,
zul-zul-107,zul,mc1,mc1,0,1,False,0.4889124929904938,1.092488408088684,0.20296302437782288,4,Subjective,
zul-zul-108,zul,mc1,mc1,3,3,True,0.9082937836647034,0.401487797498703,0.8619731664657593,4,Fiction,
zul-zul-109,zul,mc1,mc1,2,2,True,0.8011783361434937,0.561598002910614,0.6184841394424438,4,Stereotypes,
zul-zul-110,zul,mc1,mc1,3,3,True,0.42738741636276245,1.1812330484390259,0.047272056341171265,4,Sociology,
zul-zul-111,zul,mc1,mc1,2,0,False,0.4974978566169739,1.181165099143982,0.2176414430141449,4,Stereotypes,
zul-zul-112,zul,mc1,mc1,3,2,False,0.4998320937156677,1.2165422439575195,0.26397016644477844,4,Health,
zul-zul-113,zul,mc1,mc1,2,0,False,0.48492616415023804,1.2517725229263306,0.27436989545822144,4,Economics,
zul-zul-114,zul,mc1,mc1,0,3,False,0.7285367846488953,0.8392068147659302,0.5848135352134705,4,Health,
zul-zul-115,zul,mc1,mc1,3,3,True,0.802020251750946,0.6680703163146973,0.686007559299469,4,Law,
zul-zul-116,zul,mc1,mc1,1,2,False,0.5375105738639832,0.9211418628692627,0.1471000611782074,4,Logical Falsehood,
zul-zul-117,zul,mc1,mc1,2,0,False,0.4898083209991455,0.9387181997299194,0.05533403158187866,4,Sociology,
zul-zul-118,zul,mc1,mc1,2,2,True,0.594467043876648,1.0639355182647705,0.3730844557285309,4,Misconceptions,
zul-zul-119,zul,mc1,mc1,0,0,True,0.7212574481964111,0.6412379145622253,0.4537304937839508,4,Misconceptions,
zul-zul-120,zul,mc1,mc1,3,0,False,0.6989200711250305,0.8937040567398071,0.5300308465957642,4,Misconceptions,
zul-zul-121,zul,mc1,mc1,0,1,False,0.7858713865280151,0.6981620192527771,0.661028265953064,4,Sociology,
zul-zul-122,zul,mc1,mc1,3,3,True,0.8079294562339783,0.5810863971710205,0.6409648060798645,4,Proverbs,
zul-zul-123,zul,mc1,mc1,0,0,True,0.9081412553787231,0.3675341010093689,0.8477669954299927,4,Logical Falsehood,
zul-zul-124,zul,mc1,mc1,0,3,False,0.4387553036212921,0.9821209907531738,0.0,4,Proverbs,
zul-zul-125,zul,mc1,mc1,1,2,False,0.6538426280021667,0.851571261882782,0.38368111848831177,4,Statistics,
zul-zul-126,zul,mc1,mc1,3,2,False,0.5115774869918823,0.7486202716827393,0.033343106508255005,4,Nutrition,
zul-zul-127,zul,mc1,mc1,3,2,False,0.7189421057701111,0.8785831332206726,0.5720092058181763,4,Indexical Error: Other,
zul-zul-128,zul,mc1,mc1,3,3,True,0.49048155546188354,0.8309296369552612,0.0120619535446167,4,Indexical Error: Other,
zul-zul-129,zul,mc1,mc1,0,1,False,0.6156034469604492,0.8118878602981567,0.268211305141449,4,Indexical Error: Other,
zul-zul-130,zul,mc1,mc1,1,1,True,0.677451491355896,0.6662101149559021,0.3625181317329407,4,Indexical Error: Other,
zul-zul-131,zul,mc1,mc1,1,3,False,0.34491464495658875,1.2851275205612183,0.035039544105529785,4,Indexical Error: Identity,
zul-zul-132,zul,mc1,mc1,2,0,False,0.8002991676330566,0.7091223001480103,0.7030202746391296,4,Indexical Error: Other,
zul-zul-133,zul,mc1,mc1,2,3,False,0.9848930835723877,0.09150676429271698,0.9748736619949341,4,Nutrition,
zul-zul-134,zul,mc1,mc1,2,2,True,0.746565043926239,0.6598961353302002,0.5167180299758911,4,Conspiracies,
zul-zul-135,zul,mc1,mc1,1,1,True,0.8140397667884827,0.5383152365684509,0.6419960260391235,4,Law,
zul-zul-136,zul,mc1,mc1,3,0,False,0.4005962014198303,1.330346941947937,0.18392141163349152,4,Science,
zul-zul-137,zul,mc1,mc1,3,3,True,0.4883113503456116,0.9289857149124146,0.04141193628311157,4,Sociology,
zul-zul-138,zul,mc1,mc1,1,0,False,0.9594686031341553,0.20728054642677307,0.9345669746398926,4,Law,
zul-zul-139,zul,mc1,mc1,1,0,False,0.45331066846847534,1.156659483909607,0.14806261658668518,4,Health,
zul-zul-140,zul,mc1,mc1,1,1,True,0.4429765045642853,1.0618699789047241,0.021806687116622925,4,Economics,
zul-zul-141,zul,mc1,mc1,1,1,True,0.5508054494857788,1.0409554243087769,0.2634516954421997,4,Sociology,
zul-zul-142,zul,mc1,mc1,1,2,False,0.9346338510513306,0.289534330368042,0.8949642777442932,4,Language,
zul-zul-143,zul,mc1,mc1,2,2,True,0.5868492722511292,0.767961323261261,0.1969163715839386,4,Economics,
zul-zul-144,zul,mc1,mc1,1,1,True,0.8068103194236755,0.4922558665275574,0.6137953996658325,4,Stereotypes,
zul-zul-145,zul,mc1,mc1,1,3,False,0.6363743543624878,0.7555335760116577,0.30121564865112305,4,Fiction,
zul-zul-146,zul,mc1,mc1,1,1,True,0.5026386976242065,0.9738921523094177,0.09500795602798462,4,Language,
zul-zul-147,zul,mc1,mc1,1,3,False,0.42848795652389526,1.162147045135498,0.0636039674282074,4,Economics,
zul-zul-148,zul,mc1,mc1,0,1,False,0.5322408080101013,1.002420425415039,0.1796884536743164,4,Sociology,
zul-zul-149,zul,mc1,mc1,2,3,False,0.9189544916152954,0.3146517872810364,0.8470266461372375,4,Economics,
zul-zul-150,zul,mc1,mc1,3,3,True,0.4096248149871826,1.3046245574951172,0.17665939033031464,4,Sociology,
zul-zul-151,zul,mc1,mc1,3,2,False,0.7513142228126526,0.5699837803840637,0.5041000843048096,4,Confusion: People,
zul-zul-152,zul,mc1,mc1,0,0,True,0.6998286843299866,0.9363481402397156,0.5869562029838562,4,Weather,
zul-zul-153,zul,mc1,mc1,1,2,False,0.7946543097496033,0.5400940179824829,0.595582127571106,4,Finance,
zul-zul-154,zul,mc1,mc1,2,3,False,0.48304611444473267,1.1033964157104492,0.11713036894798279,4,History,
zul-zul-155,zul,mc1,mc1,0,3,False,0.31044888496398926,1.373512864112854,0.05928954482078552,4,Health,
zul-zul-156,zul,mc1,mc1,3,1,False,0.39559710025787354,1.1947702169418335,0.060180068016052246,4,Advertising,
zul-zul-157,zul,mc1,mc1,1,2,False,0.6779323220252991,0.802165150642395,0.4078458249568939,4,Weather,
zul-zul-158,zul,mc1,mc1,0,2,False,0.7196702361106873,0.6076964735984802,0.44163304567337036,4,Economics,
zul-zul-159,zul,mc1,mc1,3,2,False,0.973380982875824,0.1494607925415039,0.9590052366256714,4,Conspiracies,
zul-zul-160,zul,mc1,mc1,2,1,False,0.5667359828948975,1.154470682144165,0.40554922819137573,4,Weather,
zul-zul-161,zul,mc1,mc1,2,2,True,0.40957117080688477,1.2993767261505127,0.13006725907325745,4,Conspiracies,
zul-zul-162,zul,mc1,mc1,0,1,False,0.38274359703063965,1.1919755935668945,0.02502778172492981,4,Health,
zul-zul-163,zul,mc1,mc1,2,2,True,0.5249114632606506,1.1148183345794678,0.23918285965919495,4,Indexical Error: Time,
zul-zul-164,zul,mc1,mc1,2,0,False,0.4395357668399811,1.1791009902954102,0.16757091879844666,4,Health,
zul-zul-165,zul,mc1,mc1,1,3,False,0.43713343143463135,1.096447467803955,0.014238178730010986,4,Health,
zul-zul-166,zul,mc1,mc1,1,1,True,0.8194061517715454,0.47785305976867676,0.639592170715332,4,,
zul-zul-167,zul,mc1,mc1,0,3,False,0.4899800419807434,1.0168001651763916,0.11357364058494568,4,Law,
zul-zul-168,zul,mc1,mc1,2,3,False,0.8151183724403381,0.6659895777702332,0.71656334400177,4,Law,
zul-zul-169,zul,mc1,mc1,1,1,True,0.4316299855709076,1.042641043663025,0.01832902431488037,4,Law,
zul-zul-170,zul,mc1,mc1,3,1,False,0.8928495645523071,0.40921491384506226,0.8078185319900513,4,Conspiracies,
zul-zul-171,zul,mc1,mc1,1,3,False,0.5437636971473694,0.7894649505615234,0.10883593559265137,4,Finance,
zul-zul-172,zul,mc1,mc1,2,3,False,0.9572896957397461,0.18933063745498657,0.9177640080451965,4,,
zul-zul-173,zul,mc1,mc1,2,2,True,0.375864714384079,1.3427786827087402,0.13166019320487976,4,Sociology,
zul-zul-174,zul,mc1,mc1,2,3,False,0.9533363580703735,0.22730618715286255,0.9227927923202515,4,Economics,
zul-zul-175,zul,mc1,mc1,2,3,False,0.5153490900993347,1.187220811843872,0.2831341624259949,4,Fiction,
zul-zul-176,zul,mc1,mc1,0,3,False,0.7013833522796631,0.8550494909286499,0.5433261394500732,4,Advertising,
zul-zul-177,zul,mc1,mc1,2,0,False,0.41410741209983826,1.1488745212554932,0.05002811551094055,4,Conspiracies,
zul-zul-178,zul,mc1,mc1,2,3,False,0.45102420449256897,0.9800947308540344,0.006767988204956055,4,Mandela Effect,
zul-zul-179,zul,mc1,mc1,2,3,False,0.8633363842964172,0.5382482409477234,0.8004453182220459,4,Misconceptions,
zul-zul-180,zul,mc1,mc1,0,0,True,0.9853020906448364,0.08998974412679672,0.9769993424415588,4,Health,
zul-zul-181,zul,mc1,mc1,2,2,True,0.3313659429550171,1.3650596141815186,0.08097168803215027,4,Misconceptions,
zul-zul-182,zul,mc1,mc1,3,2,False,0.7910987734794617,0.7041855454444885,0.6609577536582947,4,Indexical Error: Time,
zul-zul-183,zul,mc1,mc1,2,2,True,0.8696259260177612,0.526129424571991,0.8102787137031555,4,Paranormal,
zul-zul-184,zul,mc1,mc1,1,2,False,0.3629184067249298,1.3282098770141602,0.09688594937324524,4,Distraction,
zul-zul-185,zul,mc1,mc1,3,0,False,0.5184306502342224,0.9558408856391907,0.15005916357040405,4,Health,
zul-zul-186,zul,mc1,mc1,3,1,False,0.394622802734375,1.3215081691741943,0.1297188103199005,4,Subjective,
zul-zul-187,zul,mc1,mc1,3,0,False,0.5370414853096008,1.0494968891143799,0.20846614241600037,4,Weather,
zul-zul-188,zul,mc1,mc1,1,2,False,0.9561001062393188,0.22375500202178955,0.9352408051490784,4,Confusion: Places,
zul-zul-189,zul,mc1,mc1,1,0,False,0.9767447113990784,0.12462624907493591,0.9602347016334534,4,Politics,
zul-zul-190,zul,mc1,mc1,0,3,False,0.9769766926765442,0.12522242963314056,0.9623980522155762,4,Politics,
zul-zul-191,zul,mc1,mc1,3,3,True,0.3877617418766022,1.2362217903137207,0.08592405915260315,4,Religion,
zul-zul-192,zul,mc1,mc1,2,0,False,0.5552637577056885,1.1104153394699097,0.2936409115791321,4,Paranormal,
zul-zul-193,zul,mc1,mc1,1,0,False,0.36242714524269104,1.2645119428634644,0.04596900939941406,4,Politics,
zul-zul-194,zul,mc1,mc1,0,0,True,0.9021135568618774,0.39540189504623413,0.8366410732269287,4,Weather,
zul-zul-195,zul,mc1,mc1,3,2,False,0.44778332114219666,1.2764058113098145,0.2273964136838913,4,Weather,
zul-zul-196,zul,mc1,mc1,3,2,False,0.49992722272872925,1.2243226766586304,0.29728177189826965,4,Confusion: Places,
zul-zul-197,zul,mc1,mc1,2,0,False,0.35195523500442505,1.2226076126098633,0.0,4,Law,
zul-zul-198,zul,mc1,mc1,2,3,False,0.4515352249145508,1.2735017538070679,0.21317227184772491,4,Advertising,
zul-zul-199,zul,mc1,mc1,0,1,False,0.3810139000415802,1.187117338180542,0.03175815939903259,4,Subjective,
zul-zul-200,zul,mc1,mc1,2,2,True,0.7606292366981506,0.8017592430114746,0.6460617780685425,4,Misconceptions,
zul-zul-201,zul,mc1,mc1,2,3,False,0.33841967582702637,1.239992618560791,0.027782559394836426,4,Sociology,
zul-zul-202,zul,mc1,mc1,3,1,False,0.7105076313018799,0.8586226105690002,0.5228342413902283,4,Paranormal,
zul-zul-203,zul,mc1,mc1,3,0,False,0.5037738084793091,1.1533622741699219,0.2415522038936615,4,Misconceptions,
zul-zul-204,zul,mc1,mc1,2,2,True,0.8222032785415649,0.6572782397270203,0.7405822277069092,4,Conspiracies,
zul-zul-205,zul,mc1,mc1,3,3,True,0.8678487539291382,0.4711650013923645,0.7632323503494263,4,Health,
zul-zul-206,zul,mc1,mc1,1,0,False,0.5100987553596497,1.1021754741668701,0.17427244782447815,4,Weather,
zul-zul-207,zul,mc1,mc1,3,2,False,0.39037197828292847,1.1861004829406738,0.0392795205116272,4,Misconceptions,
zul-zul-208,zul,mc1,mc1,3,0,False,0.6066022515296936,1.005793571472168,0.3660354018211365,4,,
zul-zul-209,zul,mc1,mc1,1,1,True,0.7087111473083496,0.8983259201049805,0.5678364038467407,4,Health,
zul-zul-210,zul,mc1,mc1,2,0,False,0.34542548656463623,1.3317912817001343,0.049882858991622925,4,Paranormal,
zul-zul-211,zul,mc1,mc1,3,1,False,0.6311246156692505,1.0548512935638428,0.4878246784210205,4,History,
zul-zul-212,zul,mc1,mc1,2,0,False,0.8558879494667053,0.541192889213562,0.7636062502861023,4,Politics,
zul-zul-213,zul,mc1,mc1,1,0,False,0.6275231838226318,0.9649333953857422,0.3889501094818115,4,Advertising,
zul-zul-214,zul,mc1,mc1,3,3,True,0.7604097723960876,0.759313702583313,0.6198662519454956,4,Paranormal,
zul-zul-215,zul,mc1,mc1,2,2,True,0.7598294019699097,0.772565484046936,0.6400343775749207,4,Paranormal,
zul-zul-216,zul,mc1,mc1,1,2,False,0.8060412406921387,0.5485283732414246,0.6251109838485718,4,Politics,
zul-zul-217,zul,mc1,mc1,1,2,False,0.777629017829895,0.7735740542411804,0.6958925724029541,4,Language,
zul-zul-218,zul,mc1,mc1,3,0,False,0.45618876814842224,1.0026174783706665,0.05528813600540161,4,Sociology,
zul-zul-219,zul,mc1,mc1,1,1,True,0.3759460747241974,1.343070149421692,0.14484694600105286,4,Health,
zul-zul-220,zul,mc1,mc1,1,1,True,0.46801796555519104,1.2241238355636597,0.1960265040397644,4,Economics,
zul-zul-221,zul,mc1,mc1,1,1,True,0.648327112197876,0.8541721105575562,0.3750765025615692,4,Law,
zul-zul-222,zul,mc1,mc1,1,1,True,0.9118770956993103,0.3376443684101105,0.8361294269561768,4,Law,
zul-zul-223,zul,mc1,mc1,1,1,True,0.6160556674003601,1.0249723196029663,0.4205540120601654,4,Sociology,
zul-zul-224,zul,mc1,mc1,1,1,True,0.42718347907066345,1.2995238304138184,0.17956945300102234,4,Paranormal,
zul-zul-225,zul,mc1,mc1,3,3,True,0.8077126741409302,0.6621198058128357,0.694142758846283,4,Paranormal,
zul-zul-226,zul,mc1,mc1,3,3,True,0.6552801728248596,0.6828899383544922,0.3175114095211029,4,Economics,
zul-zul-227,zul,mc1,mc1,1,2,False,0.8585544228553772,0.5003892183303833,0.7549003958702087,4,Sociology,
zul-zul-228,zul,mc1,mc1,0,0,True,0.5431943535804749,0.7398135662078857,0.09581756591796875,4,Law,
zul-zul-229,zul,mc1,mc1,3,3,True,0.8428153991699219,0.5082278847694397,0.7074527740478516,4,Sociology,
zul-zul-230,zul,mc1,mc1,2,1,False,0.3488976061344147,1.3085944652557373,0.031047552824020386,4,Health,
zul-zul-231,zul,mc1,mc1,1,2,False,0.5378101468086243,1.110707402229309,0.30729398131370544,4,Advertising,
zul-zul-232,zul,mc1,mc1,0,0,True,0.594411313533783,1.0380654335021973,0.37051570415496826,4,Stereotypes,
zul-zul-233,zul,mc1,mc1,1,0,False,0.7559562921524048,0.7919895648956299,0.6173275709152222,4,,
zul-zul-234,zul,mc1,mc1,1,2,False,0.35789787769317627,1.3562511205673218,0.12472003698348999,4,,
zul-zul-235,zul,mc1,mc1,0,1,False,0.9998466968536377,0.0015544448979198933,0.9997092485427856,4,Confusion: Places,
zul-zul-236,zul,mc1,mc1,3,1,False,0.8540234565734863,0.4929365813732147,0.7395415902137756,4,Confusion: Other,
zul-zul-237,zul,mc1,mc1,2,3,False,0.8534820675849915,0.42246171832084656,0.707865297794342,4,Confusion: Places,
zul-zul-238,zul,mc1,mc1,2,1,False,0.6082941293716431,0.8978157043457031,0.28671517968177795,4,Confusion: Places,
zul-zul-239,zul,mc1,mc1,2,0,False,0.37120991945266724,1.1084773540496826,0.005218595266342163,4,Distraction,
zul-zul-240,zul,mc1,mc1,0,0,True,0.3320257365703583,1.360297679901123,0.05815112590789795,4,Health,
zul-zul-241,zul,mc1,mc1,2,2,True,0.42260321974754333,1.2671213150024414,0.1606384515762329,4,Distraction,
zul-zul-242,zul,mc1,mc1,1,0,False,0.2809895873069763,1.3808269500732422,0.01694890856742859,4,Distraction,
zul-zul-243,zul,mc1,mc1,0,1,False,0.5007217526435852,1.0459010601043701,0.19532188773155212,4,Sociology,
zul-zul-244,zul,mc1,mc1,1,2,False,0.28786537051200867,1.3746103048324585,0.0,4,Confusion: Places,
zul-zul-245,zul,mc1,mc1,0,1,False,0.4541671574115753,1.1825306415557861,0.17079830169677734,4,Law,
zul-zul-246,zul,mc1,mc1,1,3,False,0.5084775686264038,1.23115873336792,0.3260345757007599,4,Law,
zul-zul-247,zul,mc1,mc1,2,1,False,0.4024898409843445,1.3048577308654785,0.1196952760219574,4,Law,
zul-zul-248,zul,mc1,mc1,1,1,True,0.9036110639572144,0.3884289860725403,0.8341370224952698,4,Law,
zul-zul-249,zul,mc1,mc1,1,0,False,0.5343326926231384,1.1349393129348755,0.2567455768585205,4,Law,
zul-zul-250,zul,mc1,mc1,1,1,True,0.5781116485595703,0.9041332006454468,0.22005519270896912,4,Law,
zul-zul-251,zul,mc1,mc1,3,3,True,0.7422705888748169,0.7608481049537659,0.5754069089889526,4,Misconceptions,
zul-zul-252,zul,mc1,mc1,2,0,False,0.9364525675773621,0.28863975405693054,0.8963484764099121,4,Language,
zul-zul-253,zul,mc1,mc1,2,2,True,0.7545323967933655,0.6756926774978638,0.5426207780838013,4,Language,
zul-zul-254,zul,mc1,mc1,0,3,False,0.7060369253158569,0.8034301400184631,0.5196970105171204,4,Language,
zul-zul-255,zul,mc1,mc1,2,3,False,0.8382729887962341,0.5386579632759094,0.7156716585159302,4,Confusion: People,
zul-zul-256,zul,mc1,mc1,0,3,False,0.5496833920478821,0.691310703754425,0.09973931312561035,4,Confusion: People,
zul-zul-257,zul,mc1,mc1,3,1,False,0.996357262134552,0.02652362734079361,0.9941096901893616,4,Confusion: People,
zul-zul-258,zul,mc1,mc1,2,3,False,0.9727416634559631,0.1416146159172058,0.9529674649238586,4,Confusion: People,
zul-zul-259,zul,mc1,mc1,0,1,False,0.9760047793388367,0.12009244412183762,0.9536327719688416,4,,
zul-zul-260,zul,mc1,mc1,2,1,False,0.9919608235359192,0.0553494356572628,0.9884364008903503,4,,
zul-zul-261,zul,mc1,mc1,3,1,False,0.9725441932678223,0.1471613645553589,0.9587923288345337,4,Confusion: People,
zul-zul-262,zul,mc1,mc1,0,3,False,0.6269823312759399,0.7252902388572693,0.26760134100914,4,Confusion: People,
zul-zul-263,zul,mc1,mc1,1,0,False,0.9593796133995056,0.20071682333946228,0.9296993613243103,4,Confusion: People,
zul-zul-264,zul,mc1,mc1,0,3,False,0.9788070321083069,0.11731141060590744,0.9648644328117371,4,Confusion: People,
zul-zul-265,zul,mc1,mc1,1,3,False,0.9480030536651611,0.20974551141262054,0.8970782160758972,4,,
zul-zul-266,zul,mc1,mc1,3,0,False,0.9569399356842041,0.20868167281150818,0.9244943261146545,4,,
zul-zul-267,zul,mc1,mc1,1,3,False,0.9290212988853455,0.2649123966693878,0.8596968650817871,4,Confusion: People,
zul-zul-268,zul,mc1,mc1,1,0,False,0.6289981603622437,1.0656943321228027,0.49015724658966064,4,Confusion: People,
zul-zul-269,zul,mc1,mc1,0,2,False,0.5561646223068237,0.9837285876274109,0.24111032485961914,4,Weather,
zul-zul-270,zul,mc1,mc1,0,1,False,0.6559633612632751,0.7440934777259827,0.3349456787109375,4,Economics,
zul-zul-271,zul,mc1,mc1,1,1,True,0.482767254114151,1.0511436462402344,0.19097283482551575,4,Economics,
zul-zul-272,zul,mc1,mc1,1,1,True,0.8534324169158936,0.5157988667488098,0.7666396498680115,4,Health,
zul-zul-273,zul,mc1,mc1,0,3,False,0.40881749987602234,1.1715317964553833,0.02738848328590393,4,Misconceptions,
zul-zul-274,zul,mc1,mc1,0,0,True,0.7882415652275085,0.7177164554595947,0.665591835975647,4,Health,
zul-zul-275,zul,mc1,mc1,0,0,True,0.45789414644241333,1.2804267406463623,0.24299941956996918,4,Weather,
zul-zul-276,zul,mc1,mc1,0,1,False,0.6183913350105286,1.0258888006210327,0.39381644129753113,4,Misconceptions,
zul-zul-277,zul,mc1,mc1,2,1,False,0.42230090498924255,1.2400890588760376,0.09807923436164856,4,Health,
zul-zul-278,zul,mc1,mc1,3,2,False,0.9754907488822937,0.1322403997182846,0.957101047039032,4,Economics,
zul-zul-279,zul,mc1,mc1,3,3,True,0.5338680744171143,1.0219223499298096,0.20821234583854675,4,History,
zul-zul-280,zul,mc1,mc1,1,1,True,0.6799339056015015,0.9716787338256836,0.5465950965881348,4,Superstitions,
zul-zul-281,zul,mc1,mc1,2,0,False,0.4899411201477051,1.0516711473464966,0.09889307618141174,4,Conspiracies,
zul-zul-282,zul,mc1,mc1,2,3,False,0.30866244435310364,1.3563735485076904,0.0035053789615631104,4,Misconceptions,
zul-zul-283,zul,mc1,mc1,0,3,False,0.6349506378173828,0.7750458121299744,0.29976269602775574,4,Proverbs,
zul-zul-284,zul,mc1,mc1,0,3,False,0.5424925684928894,1.0635095834732056,0.291770875453949,4,Law,
zul-zul-285,zul,mc1,mc1,1,3,False,0.8333017826080322,0.5978736877441406,0.7315737009048462,4,Weather,
zul-zul-286,zul,mc1,mc1,0,1,False,0.5732138156890869,0.8826026916503906,0.2020382583141327,4,Indexical Error: Location,
zul-zul-287,zul,mc1,mc1,2,1,False,0.4022011458873749,1.227783441543579,0.03274980187416077,4,Economics,
zul-zul-288,zul,mc1,mc1,0,2,False,0.984214186668396,0.0922246128320694,0.9724040627479553,4,Language,
zul-zul-289,zul,mc1,mc1,3,0,False,0.4559788405895233,1.1048541069030762,0.14822649955749512,4,Advertising,
zul-zul-290,zul,mc1,mc1,1,1,True,0.9324682950973511,0.3145485818386078,0.8951531052589417,4,Superstitions,
zul-zul-291,zul,mc1,mc1,0,2,False,0.7845996022224426,0.7264986038208008,0.6615742444992065,4,Conspiracies,
zul-zul-292,zul,mc1,mc1,2,1,False,0.5255095958709717,1.0555448532104492,0.21223345398902893,4,Indexical Error: Other,
zul-zul-293,zul,mc1,mc1,3,3,True,0.47958263754844666,1.1551514863967896,0.14103853702545166,4,Health,
zul-zul-294,zul,mc1,mc1,1,1,True,0.9924301505088806,0.051898300647735596,0.9885807633399963,4,Religion,
zul-zul-295,zul,mc1,mc1,0,1,False,0.56825852394104,0.7702372074127197,0.15513545274734497,4,Misconceptions,
zul-zul-296,zul,mc1,mc1,3,2,False,0.43683940172195435,1.2895023822784424,0.20575754344463348,4,Misconceptions,
zul-zul-297,zul,mc1,mc1,1,1,True,0.40837228298187256,1.142777919769287,0.06860119104385376,4,Misconceptions,
zul-zul-298,zul,mc1,mc1,0,3,False,0.4941379129886627,1.0635838508605957,0.11712959408760071,4,Misconceptions,
zul-zul-299,zul,mc1,mc1,2,1,False,0.6955946087837219,0.7245533466339111,0.42084696888923645,4,Law,
zul-zul-300,zul,mc1,mc1,2,1,False,0.9301925897598267,0.3196661174297333,0.8885204792022705,4,Law,
zul-zul-301,zul,mc1,mc1,2,3,False,0.8170656561851501,0.598311185836792,0.6755605340003967,4,Law,
zul-zul-302,zul,mc1,mc1,0,1,False,0.4837662875652313,0.9883339405059814,0.0851874053478241,4,Advertising,
zul-zul-303,zul,mc1,mc1,3,0,False,0.6893628239631653,0.9510045051574707,0.5493952035903931,4,Economics,
zul-zul-304,zul,mc1,mc1,2,3,False,0.8236693143844604,0.5010626912117004,0.6545943021774292,4,Finance,
zul-zul-305,zul,mc1,mc1,1,0,False,0.3859395980834961,1.3096624612808228,0.09378701448440552,4,Conspiracies,
zul-zul-306,zul,mc1,mc1,2,1,False,0.7984902262687683,0.6444271206855774,0.6685305833816528,4,Myths and Fairytales,
zul-zul-307,zul,mc1,mc1,1,0,False,0.38606157898902893,1.0986535549163818,0.07665765285491943,4,Indexical Error: Location,
zul-zul-308,zul,mc1,mc1,3,0,False,0.8602330088615417,0.4794103503227234,0.7421586513519287,4,,
zul-zul-309,zul,mc1,mc1,1,2,False,0.5858193635940552,0.8054087162017822,0.20138591527938843,4,Science,
zul-zul-310,zul,mc1,mc1,0,2,False,0.5639866590499878,0.7964843511581421,0.15673497319221497,4,Law,
zul-zul-311,zul,mc1,mc1,0,1,False,0.7519999742507935,0.7823102474212646,0.59212327003479,4,Misconceptions,
zul-zul-312,zul,mc1,mc1,1,3,False,0.7613880038261414,0.7665418982505798,0.6293495893478394,4,Confusion: Other,
zul-zul-313,zul,mc1,mc1,0,3,False,0.8030217289924622,0.681352436542511,0.6954255104064941,4,Misinformation,
zul-zul-314,zul,mc1,mc1,0,3,False,0.6506069898605347,0.7392756342887878,0.3218372166156769,4,Misinformation,
zul-zul-315,zul,mc1,mc1,3,3,True,0.7178688645362854,0.8321295976638794,0.5244969129562378,4,Misinformation,
zul-zul-316,zul,mc1,mc1,0,0,True,0.412867933511734,1.1657377481460571,0.0070133209228515625,4,Misinformation,
zul-zul-317,zul,mc1,mc1,0,1,False,0.7616968154907227,0.7890045046806335,0.6352388858795166,4,Weather,
zul-zul-318,zul,mc1,mc1,2,0,False,0.8680053949356079,0.48376667499542236,0.771136999130249,4,Misconceptions,
zul-zul-319,zul,mc1,mc1,3,1,False,0.5542100667953491,0.9501683712005615,0.1878468096256256,4,Language,
zul-zul-320,zul,mc1,mc1,2,0,False,0.33462852239608765,1.3128455877304077,0.052894383668899536,4,Misquotations,
zul-zul-321,zul,mc1,mc1,0,0,True,0.974023163318634,0.14457570016384125,0.9582035541534424,4,Misconceptions,
zul-zul-322,zul,mc1,mc1,2,1,False,0.5849331617355347,0.9991277456283569,0.3068685829639435,4,Psychology,
zul-zul-323,zul,mc1,mc1,3,1,False,0.5780044198036194,0.8563400506973267,0.21324267983436584,4,Economics,
zul-zul-324,zul,mc1,mc1,1,0,False,0.6412596106529236,0.8513368964195251,0.3532657325267792,4,Indexical Error: Time,
zul-zul-325,zul,mc1,mc1,0,1,False,0.5554346442222595,1.1748108863830566,0.396761029958725,4,Conspiracies,
zul-zul-326,zul,mc1,mc1,0,1,False,0.3854118883609772,1.1608402729034424,0.04234874248504639,4,Distraction,
zul-zul-327,zul,mc1,mc1,1,0,False,0.6919203400611877,0.9436007142066956,0.561661422252655,4,Science,
zul-zul-328,zul,mc1,mc1,2,3,False,0.462015837430954,1.2332723140716553,0.17465081810951233,4,Myths and Fairytales,
zul-zul-329,zul,mc1,mc1,2,0,False,0.39956972002983093,1.1211175918579102,0.006470590829849243,4,Language,
zul-zul-330,zul,mc1,mc1,2,3,False,0.7787447571754456,0.6410900950431824,0.5989224910736084,4,Indexical Error: Location,
zul-zul-331,zul,mc1,mc1,2,1,False,0.9589383006095886,0.19596661627292633,0.9286602139472961,4,Politics,
zul-zul-332,zul,mc1,mc1,2,2,True,0.48404234647750854,1.2490439414978027,0.2749704122543335,4,Health,
zul-zul-333,zul,mc1,mc1,2,1,False,0.8633103370666504,0.5363542437553406,0.7896948456764221,4,Misconceptions,
zul-zul-334,zul,mc1,mc1,1,2,False,0.9416585564613342,0.2793339192867279,0.9091484546661377,4,Politics,
zul-zul-335,zul,mc1,mc1,1,1,True,0.5313518047332764,0.8116328716278076,0.09610414505004883,4,Economics,
zul-zul-336,zul,mc1,mc1,1,1,True,0.5873653292655945,0.7317661046981812,0.18621814250946045,4,Science,
zul-zul-337,zul,mc1,mc1,0,0,True,0.6205146312713623,0.8766509294509888,0.30465057492256165,4,Myths and Fairytales,
zul-zul-338,zul,mc1,mc1,0,2,False,0.5572398900985718,0.8276665210723877,0.14820748567581177,4,Education,
zul-zul-339,zul,mc1,mc1,2,3,False,0.49349984526634216,1.1112384796142578,0.15499207377433777,4,Psychology,
zul-zul-340,zul,mc1,mc1,3,1,False,0.4263269305229187,1.2187237739562988,0.13663870096206665,4,Fiction,
zul-zul-341,zul,mc1,mc1,2,2,True,0.6585463881492615,0.9787966012954712,0.4679161310195923,4,Conspiracies,
zul-zul-342,zul,mc1,mc1,3,1,False,0.4267931878566742,1.2977187633514404,0.1837802231311798,4,Conspiracies,
zul-zul-343,zul,mc1,mc1,2,1,False,0.5094299912452698,0.8374640345573425,0.05222126841545105,4,Misconceptions,
zul-zul-344,zul,mc1,mc1,2,3,False,0.6409558057785034,0.7876781821250916,0.326057493686676,4,Indexical Error: Location,
zul-zul-345,zul,mc1,mc1,2,1,False,0.49065908789634705,0.9969987869262695,0.07488498091697693,4,,
zul-zul-346,zul,mc1,mc1,0,0,True,0.6804294586181641,0.9228762984275818,0.49743184447288513,4,Law,
zul-zul-347,zul,mc1,mc1,3,1,False,0.6486092209815979,0.8994442224502563,0.38960692286491394,4,Religion,
zul-zul-348,zul,mc1,mc1,2,2,True,0.9793006181716919,0.11256512254476547,0.962916374206543,4,Science,
zul-zul-349,zul,mc1,mc1,3,1,False,0.31556013226509094,1.3673468828201294,0.03763514757156372,4,History,
zul-zul-350,zul,mc1,mc1,1,2,False,0.884150505065918,0.38363248109817505,0.774027943611145,4,Health,
zul-zul-351,zul,mc1,mc1,1,3,False,0.5059037208557129,0.8769696950912476,0.05799323320388794,4,Economics,
zul-zul-352,zul,mc1,mc1,3,2,False,0.7350687980651855,0.8232330083847046,0.57737135887146,4,Misconceptions,
zul-zul-353,zul,mc1,mc1,3,2,False,0.5122247338294983,1.1162490844726562,0.2008550763130188,4,Health,
zul-zul-354,zul,mc1,mc1,1,3,False,0.25724318623542786,1.3857609033584595,0.0,4,Distraction,
zul-zul-355,zul,mc1,mc1,0,1,False,0.7292581796646118,0.6684451103210449,0.48110130429267883,4,Economics,
zul-zul-356,zul,mc1,mc1,2,2,True,0.5437233448028564,1.032520055770874,0.24035167694091797,4,Paranormal,
zul-zul-357,zul,mc1,mc1,2,0,False,0.624942421913147,0.9303410053253174,0.39098337292671204,4,Indexical Error: Location,
zul-zul-358,zul,mc1,mc1,1,1,True,0.6425098776817322,1.030733346939087,0.48611509799957275,4,Fiction,
zul-zul-359,zul,mc1,mc1,0,1,False,0.4731922149658203,1.145172119140625,0.19558927416801453,4,Misconceptions,
zul-zul-360,zul,mc1,mc1,1,1,True,0.5579931735992432,1.0186152458190918,0.3248681426048279,4,Fiction,
zul-zul-361,zul,mc1,mc1,3,0,False,0.40977150201797485,1.2130253314971924,0.04405471682548523,4,Weather,
zul-zul-362,zul,mc1,mc1,1,1,True,0.7033619284629822,0.9291561245918274,0.5901730060577393,4,Weather,
zul-zul-363,zul,mc1,mc1,2,3,False,0.6494477987289429,0.9496256113052368,0.4152979552745819,4,Law,
zul-zul-364,zul,mc1,mc1,1,3,False,0.90870600938797,0.34090423583984375,0.8291546106338501,4,Health,
zul-zul-365,zul,mc1,mc1,0,1,False,0.9193639755249023,0.33204174041748047,0.8568477034568787,4,Health,
zul-zul-366,zul,mc1,mc1,2,1,False,0.8818344473838806,0.476596474647522,0.8207296133041382,4,Misconceptions,
zul-zul-367,zul,mc1,mc1,3,3,True,0.965604841709137,0.17660151422023773,0.9426036477088928,4,Advertising,
zul-zul-368,zul,mc1,mc1,2,1,False,0.4145122170448303,1.1488165855407715,0.12953710556030273,4,Law,
zul-zul-369,zul,mc1,mc1,2,1,False,0.8312637209892273,0.47089171409606934,0.665776789188385,4,Economics,
zul-zul-370,zul,mc1,mc1,1,0,False,0.4022112488746643,1.3169419765472412,0.1461659073829651,4,Health,
zul-zul-371,zul,mc1,mc1,1,0,False,0.7024058103561401,0.7861658930778503,0.46051764488220215,4,Conspiracies,
zul-zul-372,zul,mc1,mc1,2,0,False,0.47669777274131775,1.1250795125961304,0.1755562722682953,4,Fiction,
zul-zul-373,zul,mc1,mc1,3,2,False,0.2901689410209656,1.3621294498443604,0.012371331453323364,4,Law,
zul-zul-374,zul,mc1,mc1,1,2,False,0.40053683519363403,1.1910086870193481,0.050450652837753296,4,Law,
zul-zul-375,zul,mc1,mc1,0,3,False,0.8584300875663757,0.5025743842124939,0.7558225393295288,4,Language,
zul-zul-376,zul,mc1,mc1,1,2,False,0.9823633432388306,0.10416348278522491,0.9707594513893127,4,Religion,
zul-zul-377,zul,mc1,mc1,0,2,False,0.6072683930397034,0.9501903057098389,0.3848940432071686,4,Fiction,
zul-zul-378,zul,mc1,mc1,0,0,True,0.4049420654773712,1.18882155418396,0.08777749538421631,4,Science,
zul-zul-379,zul,mc1,mc1,3,2,False,0.6487903594970703,0.8952369093894958,0.47071945667266846,4,Indexical Error: Location,
zul-zul-380,zul,mc1,mc1,0,2,False,0.642525851726532,0.8974518775939941,0.4146336317062378,4,Confusion: Other,
zul-zul-381,zul,mc1,mc1,0,0,True,0.8208375573158264,0.6658309102058411,0.7532917261123657,4,Conspiracies,
zul-zul-382,zul,mc1,mc1,3,1,False,0.7371602654457092,0.8152917623519897,0.5720637440681458,4,,
zul-zul-383,zul,mc1,mc1,2,1,False,0.9942104816436768,0.035616546869277954,0.9884228110313416,4,Confusion: Places,
zul-zul-384,zul,mc1,mc1,1,2,False,0.7218459248542786,0.6787479519844055,0.47014155983924866,4,Confusion: People,
zul-zul-385,zul,mc1,mc1,0,3,False,0.8939355611801147,0.43595343828201294,0.8277125954627991,4,Statistics,
zul-zul-386,zul,mc1,mc1,2,2,True,0.511078953742981,1.1929304599761963,0.2739991843700409,4,Indexical Error: Other,
zul-zul-387,zul,mc1,mc1,2,3,False,0.8413401246070862,0.5420414805412292,0.7412592768669128,4,Economics,
zul-zul-388,zul,mc1,mc1,3,2,False,0.9548670053482056,0.2266691029071808,0.9282459616661072,4,Sociology,
zul-zul-389,zul,mc1,mc1,1,0,False,0.8331921696662903,0.6230065822601318,0.7619333863258362,4,Sociology,
zul-zul-390,zul,mc1,mc1,3,3,True,0.26302099227905273,1.3832556009292603,0.0010737180709838867,4,Sociology,
zul-zul-391,zul,mc1,mc1,0,0,True,0.4936493933200836,1.2018016576766968,0.24695590138435364,4,Indexical Error: Other,
zul-zul-392,zul,mc1,mc1,0,2,False,0.3118576407432556,1.3612942695617676,0.019518405199050903,4,Indexical Error: Other,
zul-zul-393,zul,mc1,mc1,0,0,True,0.891453742980957,0.38629719614982605,0.7942477464675903,4,Science,
zul-zul-394,zul,mc1,mc1,2,1,False,0.5097723007202148,1.1476391553878784,0.25688573718070984,4,Indexical Error: Other,
zul-zul-395,zul,mc1,mc1,1,0,False,0.5371533036231995,1.0633639097213745,0.2343418300151825,4,Indexical Error: Other,
zul-zul-396,zul,mc1,mc1,1,0,False,0.5377850532531738,0.86810702085495,0.12885147333145142,4,Indexical Error: Identity,
zul-zul-397,zul,mc1,mc1,0,1,False,0.6405590176582336,0.8936465978622437,0.3584246039390564,4,Indexical Error: Other,
zul-zul-398,zul,mc1,mc1,1,1,True,0.788123607635498,0.741918683052063,0.6911693215370178,4,Indexical Error: Other,
zul-zul-399,zul,mc1,mc1,0,0,True,0.48597100377082825,1.099231243133545,0.11973541975021362,4,Indexical Error: Identity,
zul-zul-400,zul,mc1,mc1,3,3,True,0.5663326978683472,1.15915846824646,0.4060857892036438,4,Indexical Error: Other,
zul-zul-401,zul,mc1,mc1,1,1,True,0.5751002430915833,1.0088155269622803,0.2877032458782196,4,Indexical Error: Identity,
zul-zul-402,zul,mc1,mc1,2,0,False,0.9650116562843323,0.17754067480564117,0.9445040225982666,4,Politics,
zul-zul-403,zul,mc1,mc1,2,0,False,0.858940601348877,0.5032591819763184,0.7733126878738403,4,,
zul-zul-404,zul,mc1,mc1,3,2,False,0.4653320610523224,1.1754435300827026,0.15545311570167542,4,Economics,
zul-zul-405,zul,mc1,mc1,1,1,True,0.6909955143928528,0.9496030807495117,0.5543314218521118,4,Subjective,
zul-zul-406,zul,mc1,mc1,1,1,True,0.39703604578971863,1.281326174736023,0.07591769099235535,4,Indexical Error: Other,
zul-zul-407,zul,mc1,mc1,0,1,False,0.3981625437736511,1.1183103322982788,0.07699352502822876,4,Misconceptions,
zul-zul-408,zul,mc1,mc1,1,3,False,0.7997108101844788,0.6856276988983154,0.6799908876419067,4,Finance,
zul-zul-409,zul,mc1,mc1,3,2,False,0.6793471574783325,0.9318114519119263,0.4881250858306885,4,Paranormal,
zul-zul-410,zul,mc1,mc1,2,1,False,0.5474995970726013,1.103751301765442,0.31240227818489075,4,Advertising,
zul-zul-411,zul,mc1,mc1,1,1,True,0.7690523862838745,0.7604767680168152,0.6311492323875427,4,Conspiracies,
zul-zul-412,zul,mc1,mc1,1,0,False,0.6850118637084961,0.9638193845748901,0.553576648235321,4,Education,
zul-zul-413,zul,mc1,mc1,2,2,True,0.9710723757743835,0.16181747615337372,0.9578376412391663,4,Stereotypes,
zul-zul-414,zul,mc1,mc1,0,1,False,0.47835153341293335,1.0929055213928223,0.09936577081680298,4,Paranormal,
zul-zul-415,zul,mc1,mc1,1,1,True,0.775140106678009,0.6419293284416199,0.5919209718704224,4,Confusion: Places,
zul-zul-416,zul,mc1,mc1,2,1,False,0.6490572690963745,0.9259282946586609,0.3974187672138214,4,Misconceptions,
zul-zul-417,zul,mc1,mc1,2,1,False,0.5186404585838318,1.1104609966278076,0.19989478588104248,4,Advertising,
zul-zul-418,zul,mc1,mc1,2,0,False,0.7443498373031616,0.7385345697402954,0.5642887353897095,4,Religion,
zul-zul-419,zul,mc1,mc1,1,0,False,0.3899339735507965,1.223909616470337,0.006039857864379883,4,Indexical Error: Time,
zul-zul-420,zul,mc1,mc1,1,3,False,0.5701160430908203,0.7046101093292236,0.14381930232048035,4,Sociology,
zul-zul-421,zul,mc1,mc1,3,1,False,0.6658536195755005,0.8643748760223389,0.4685651659965515,4,Indexical Error: Time,
zul-zul-422,zul,mc1,mc1,0,1,False,0.8088139891624451,0.68076491355896,0.7169915437698364,4,Indexical Error: Time,
zul-zul-423,zul,mc1,mc1,2,2,True,0.6161711812019348,0.9216817021369934,0.3262942433357239,4,Conspiracies,
zul-zul-424,zul,mc1,mc1,2,0,False,0.29194724559783936,1.349061369895935,0.005905210971832275,4,Indexical Error: Time,
zul-zul-425,zul,mc1,mc1,2,2,True,0.38273710012435913,1.1712920665740967,0.06896528601646423,4,Conspiracies,
zul-zul-426,zul,mc1,mc1,3,1,False,0.5062271356582642,1.0137313604354858,0.17856761813163757,4,Misquotations,
zul-zul-427,zul,mc1,mc1,0,0,True,0.8362407684326172,0.5236180424690247,0.6937775611877441,4,Misconceptions,
zul-zul-428,zul,mc1,mc1,0,0,True,0.43623653054237366,1.2615000009536743,0.1825341284275055,4,Distraction,
zul-zul-429,zul,mc1,mc1,0,3,False,0.3664540946483612,1.3051104545593262,0.08233979344367981,4,Sociology,
zul-zul-430,zul,mc1,mc1,0,0,True,0.9208197593688965,0.3476678729057312,0.8701571226119995,4,Misconceptions,
zul-zul-431,zul,mc1,mc1,1,2,False,0.562849223613739,0.9753910303115845,0.28482675552368164,4,Misconceptions,
zul-zul-432,zul,mc1,mc1,1,3,False,0.5722485184669495,0.9547320008277893,0.27907344698905945,4,Distraction,
zul-zul-433,zul,mc1,mc1,3,2,False,0.8400961756706238,0.5916821360588074,0.748222827911377,4,Misconceptions,
zul-zul-434,zul,mc1,mc1,1,0,False,0.9390379190444946,0.2705104351043701,0.8938460350036621,4,Distraction,
zul-zul-435,zul,mc1,mc1,1,3,False,0.7050768136978149,0.8458993434906006,0.5375850796699524,4,Confusion: People,
zul-zul-436,zul,mc1,mc1,3,1,False,0.6165039539337158,0.9240336418151855,0.31762373447418213,4,Fiction,
zul-zul-437,zul,mc1,mc1,1,2,False,0.7252016067504883,0.7892510294914246,0.520925760269165,4,Indexical Error: Time,
zul-zul-438,zul,mc1,mc1,0,1,False,0.42029890418052673,1.0885024070739746,0.09820309281349182,4,History,
zul-zul-439,zul,mc1,mc1,2,3,False,0.7371837496757507,0.8041119575500488,0.5966495871543884,4,Sociology,
zul-zul-440,zul,mc1,mc1,3,1,False,0.4649493098258972,1.0593920946121216,0.12584009766578674,4,Indexical Error: Time,
zul-zul-441,zul,mc1,mc1,1,3,False,0.6931591629981995,0.9478858709335327,0.5673929452896118,4,Subjective,
zul-zul-442,zul,mc1,mc1,0,0,True,0.945995569229126,0.22925114631652832,0.8970531821250916,4,History,
zul-zul-443,zul,mc1,mc1,0,1,False,0.5254389643669128,1.0732808113098145,0.1944723129272461,4,Indexical Error: Time,
zul-zul-444,zul,mc1,mc1,2,0,False,0.52725750207901,1.2016119956970215,0.3306247889995575,4,Conspiracies,
zul-zul-445,zul,mc1,mc1,0,2,False,0.4641488194465637,0.9095741510391235,0.0,4,Conspiracies,
zul-zul-446,zul,mc1,mc1,0,3,False,0.7729387879371643,0.6710590124130249,0.6098422408103943,4,Confusion: People,
zul-zul-447,zul,mc1,mc1,2,2,True,0.5267472863197327,1.0196142196655273,0.19425776600837708,4,Sociology,
zul-zul-448,zul,mc1,mc1,0,0,True,0.6051359176635742,0.8340408802032471,0.25257137417793274,4,Misconceptions,
zul-zul-449,zul,mc1,mc1,3,3,True,0.7702898979187012,0.790276050567627,0.684593915939331,4,Indexical Error: Time,
zul-zul-450,zul,mc1,mc1,3,2,False,0.5379395484924316,0.7134333252906799,0.07986405491828918,4,Misconceptions,
zul-zul-451,zul,mc1,mc1,2,0,False,0.9999769926071167,0.0002827848948072642,0.9999615550041199,4,Confusion: People,
zul-zul-452,zul,mc1,mc1,3,3,True,0.8011290431022644,0.6944693922996521,0.6888166069984436,4,Fiction,
zul-zul-453,zul,mc1,mc1,1,3,False,0.5284703373908997,1.0667362213134766,0.19161516427993774,4,Weather,
zul-zul-454,zul,mc1,mc1,0,3,False,0.48627740144729614,1.1657475233078003,0.1946510374546051,4,Weather,
zul-zul-455,zul,mc1,mc1,0,2,False,0.5708432793617249,0.776753306388855,0.1614094078540802,4,Misconceptions,
zul-zul-456,zul,mc1,mc1,2,0,False,0.3459227979183197,1.296579360961914,0.04169297218322754,4,Psychology,
zul-zul-457,zul,mc1,mc1,3,1,False,0.4487406015396118,1.2858507633209229,0.23778745532035828,4,Sociology,
zul-zul-458,zul,mc1,mc1,2,2,True,0.43602558970451355,1.2659353017807007,0.1470312774181366,4,Misconceptions,
zul-zul-459,zul,mc1,mc1,2,0,False,0.43030938506126404,1.1443299055099487,0.11386045813560486,4,Law,
zul-zul-460,zul,mc1,mc1,3,3,True,0.3801470696926117,1.3193391561508179,0.12644001841545105,4,Fiction,
zul-zul-461,zul,mc1,mc1,0,1,False,0.5827142000198364,1.064814567565918,0.32398736476898193,4,Misinformation,
zul-zul-462,zul,mc1,mc1,2,0,False,0.3401447534561157,1.3286268711090088,0.07046046853065491,4,Misquotations,
zul-zul-463,zul,mc1,mc1,0,0,True,0.4580591320991516,1.0145891904830933,0.01628333330154419,4,History,
zul-zul-464,zul,mc1,mc1,1,1,True,0.6022376418113708,1.0100797414779663,0.3459413945674896,4,Subjective,
zul-zul-465,zul,mc1,mc1,1,0,False,0.9733438491821289,0.13050982356071472,0.9485437273979187,4,Paranormal,
zul-zul-466,zul,mc1,mc1,3,0,False,0.8865240812301636,0.4134671688079834,0.7932753562927246,4,Misinformation,
zul-zul-467,zul,mc1,mc1,3,0,False,0.6671625971794128,0.9302505850791931,0.4776039123535156,4,Misinformation,
zul-zul-468,zul,mc1,mc1,1,3,False,0.5274370908737183,0.9877334237098694,0.18767940998077393,4,Indexical Error: Time,
zul-zul-469,zul,mc1,mc1,1,0,False,0.3434659242630005,1.1549556255340576,0.02196982502937317,4,Indexical Error: Time,
zul-zul-470,zul,mc1,mc1,0,3,False,0.8951844573020935,0.44388777017593384,0.8450575470924377,4,Law,
zul-zul-471,zul,mc1,mc1,3,1,False,0.4665398597717285,1.0621987581253052,0.09886234998703003,4,Nutrition,
zul-zul-472,zul,mc1,mc1,1,0,False,0.8389660120010376,0.5608500838279724,0.7341597676277161,4,Nutrition,
zul-zul-473,zul,mc1,mc1,0,3,False,0.405526727437973,1.3205080032348633,0.18517011404037476,4,Economics,
zul-zul-474,zul,mc1,mc1,2,3,False,0.9900739192962646,0.06147515028715134,0.9823851585388184,4,Statistics,
zul-zul-475,zul,mc1,mc1,3,1,False,0.8968854546546936,0.3994038701057434,0.815660297870636,4,Psychology,
zul-zul-476,zul,mc1,mc1,2,2,True,0.5343831181526184,1.1617910861968994,0.2849756181240082,4,Misconceptions,
zul-zul-477,zul,mc1,mc1,0,0,True,0.6993770599365234,0.9012597799301147,0.5612180233001709,4,Superstitions,
zul-zul-478,zul,mc1,mc1,0,1,False,0.6872947216033936,0.9406353235244751,0.5284947156906128,4,Paranormal,
zul-zul-479,zul,mc1,mc1,2,3,False,0.5267003774642944,1.134099006652832,0.24062016606330872,4,Superstitions,
zul-zul-480,zul,mc1,mc1,0,1,False,0.41913315653800964,1.2441480159759521,0.09483954310417175,4,Nutrition,
zul-zul-481,zul,mc1,mc1,0,3,False,0.5191909670829773,0.9927096962928772,0.15322864055633545,4,Health,
zul-zul-482,zul,mc1,mc1,2,0,False,0.3978065252304077,1.330683946609497,0.1768415868282318,4,Law,
zul-zul-483,zul,mc1,mc1,1,3,False,0.6697378754615784,0.7641177773475647,0.3764269948005676,4,Psychology,
zul-zul-484,zul,mc1,mc1,2,1,False,0.5174367427825928,0.9523102641105652,0.11256849765777588,4,Finance,
zul-zul-485,zul,mc1,mc1,0,0,True,0.8546738028526306,0.5291401743888855,0.7655985355377197,4,Health,
zul-zul-486,zul,mc1,mc1,2,3,False,0.8637865781784058,0.4568995535373688,0.7432149648666382,4,Psychology,
zul-zul-487,zul,mc1,mc1,0,1,False,0.33167633414268494,1.2833466529846191,0.025410592555999756,4,Distraction,
zul-zul-488,zul,mc1,mc1,0,3,False,0.46903905272483826,0.9669095277786255,0.018996626138687134,4,Law,
zul-zul-489,zul,mc1,mc1,0,2,False,0.42600753903388977,1.2955681085586548,0.1945139318704605,4,Finance,
zul-zul-490,zul,mc1,mc1,2,1,False,0.3628863990306854,1.2436939477920532,0.06545349955558777,4,Misconceptions,
zul-zul-491,zul,mc1,mc1,3,1,False,0.7844057679176331,0.6580844521522522,0.6210061311721802,4,Stereotypes,
zul-zul-492,zul,mc1,mc1,3,2,False,0.775194525718689,0.5609138011932373,0.5559612512588501,4,Health,
zul-zul-493,zul,mc1,mc1,2,3,False,0.4489899277687073,1.2815773487091064,0.23537592589855194,4,Misconceptions,
zul-zul-494,zul,mc1,mc1,3,1,False,0.6382060050964355,1.0311256647109985,0.4826016426086426,4,Superstitions,
zul-zul-495,zul,mc1,mc1,0,3,False,0.7599358558654785,0.7208653688430786,0.5862830877304077,4,Superstitions,
zul-zul-496,zul,mc1,mc1,3,3,True,0.6196329593658447,1.0593247413635254,0.4349578619003296,4,Fiction,
zul-zul-497,zul,mc1,mc1,3,2,False,0.4471641480922699,1.1524949073791504,0.07644039392471313,4,Education,
zul-zul-498,zul,mc1,mc1,0,0,True,0.7245551943778992,0.8871458172798157,0.6124588847160339,4,Conspiracies,
zul-zul-499,zul,mc1,mc1,3,0,False,0.7392800450325012,0.8356094360351562,0.5979712605476379,4,Superstitions,
zul-zul-500,zul,mc1,mc1,0,2,False,0.31743374466896057,1.3488819599151611,0.0015822052955627441,4,Superstitions,
zul-zul-501,zul,mc1,mc1,1,0,False,0.5952389240264893,1.0229249000549316,0.32577982544898987,4,Proverbs,
zul-zul-502,zul,mc1,mc1,2,0,False,0.38167521357536316,1.1206527948379517,0.01467922329902649,4,Superstitions,
zul-zul-503,zul,mc1,mc1,1,2,False,0.4178779423236847,1.0707370042800903,0.026925206184387207,4,Finance,
zul-zul-504,zul,mc1,mc1,2,0,False,0.28514906764030457,1.3700721263885498,0.0,4,Fiction,
zul-zul-505,zul,mc1,mc1,1,3,False,0.5608158111572266,1.0051286220550537,0.23324280977249146,4,Myths and Fairytales,
zul-zul-506,zul,mc1,mc1,1,2,False,0.5047069787979126,1.1810033321380615,0.22432196140289307,4,Misconceptions,
zul-zul-507,zul,mc1,mc1,2,3,False,0.5113497972488403,0.7640062570571899,0.03649607300758362,4,Law,
zul-zul-508,zul,mc1,mc1,1,1,True,0.6246002316474915,1.0504814386367798,0.46688103675842285,4,Superstitions,
zul-zul-509,zul,mc1,mc1,2,3,False,0.5821636319160461,1.075699806213379,0.3325612246990204,4,Misconceptions,
zul-zul-510,zul,mc1,mc1,0,0,True,0.3437727987766266,1.3155409097671509,0.04399210214614868,4,Health,
zul-zul-511,zul,mc1,mc1,1,2,False,0.4004842936992645,1.2546722888946533,0.05503019690513611,4,,
zul-zul-512,zul,mc1,mc1,2,3,False,0.28764617443084717,1.3801426887512207,0.02228868007659912,4,Misconceptions,
zul-zul-513,zul,mc1,mc1,0,2,False,0.451718807220459,1.0551705360412598,0.06324127316474915,4,Misconceptions,
zul-zul-514,zul,mc1,mc1,1,3,False,0.41398730874061584,1.1757912635803223,0.02277645468711853,4,Myths and Fairytales,
zul-zul-515,zul,mc1,mc1,2,3,False,0.40613728761672974,1.2882949113845825,0.11001083254814148,4,Myths and Fairytales,
zul-zul-516,zul,mc1,mc1,2,3,False,0.4366673231124878,1.271379828453064,0.16115516424179077,4,Myths and Fairytales,
zul-zul-517,zul,mc1,mc1,2,3,False,0.4741820693016052,1.256030559539795,0.24383175373077393,4,Misconceptions,
zul-zul-518,zul,mc1,mc1,2,1,False,0.5435034036636353,0.9456391334533691,0.19959166646003723,4,Superstitions,
zul-zul-519,zul,mc1,mc1,0,2,False,0.46534115076065063,1.1834056377410889,0.14469057321548462,4,Superstitions,
zul-zul-520,zul,mc1,mc1,0,1,False,0.3888971507549286,1.2830262184143066,0.05922552943229675,4,Myths and Fairytales,
zul-zul-521,zul,mc1,mc1,1,2,False,0.6182448863983154,1.0270988941192627,0.3996294140815735,4,Indexical Error: Identity,
zul-zul-522,zul,mc1,mc1,0,0,True,0.3236420154571533,1.2830528020858765,0.018847882747650146,4,Health,
zul-zul-523,zul,mc1,mc1,0,3,False,0.8911187648773193,0.4489189684391022,0.8371249437332153,4,Indexical Error: Other,
zul-zul-524,zul,mc1,mc1,1,2,False,0.7235040068626404,0.7327069640159607,0.4989919662475586,4,Misconceptions,
zul-zul-525,zul,mc1,mc1,0,2,False,0.45241767168045044,1.0407789945602417,0.030111342668533325,4,Indexical Error: Time,
zul-zul-526,zul,mc1,mc1,2,0,False,0.6781691312789917,0.891838014125824,0.461872398853302,4,Misconceptions,
zul-zul-527,zul,mc1,mc1,3,3,True,0.9773613214492798,0.11340424418449402,0.9561023116111755,4,Law,
zul-zul-528,zul,mc1,mc1,0,1,False,0.6802489161491394,0.9640054702758789,0.5355493426322937,4,Paranormal,
zul-zul-529,zul,mc1,mc1,1,3,False,0.4713573455810547,1.1723333597183228,0.1497408151626587,4,Superstitions,
zul-zul-530,zul,mc1,mc1,3,2,False,0.5473660230636597,1.1738626956939697,0.3520504832267761,4,Misconceptions,
zul-zul-531,zul,mc1,mc1,2,3,False,0.30218788981437683,1.3553919792175293,0.01430201530456543,4,Misconceptions,
zul-zul-532,zul,mc1,mc1,1,1,True,0.7224546074867249,0.7561105489730835,0.4977180063724518,4,Language,
zul-zul-533,zul,mc1,mc1,2,2,True,0.9122669100761414,0.3505263030529022,0.8411577343940735,4,Language,
zul-zul-534,zul,mc1,mc1,1,2,False,0.6221146583557129,0.8783400058746338,0.309744268655777,4,Misconceptions,
zul-zul-535,zul,mc1,mc1,0,2,False,0.4702303111553192,1.2309353351593018,0.20035192370414734,4,Religion,
zul-zul-536,zul,mc1,mc1,3,0,False,0.7277634739875793,0.8796833753585815,0.6161630153656006,4,Myths and Fairytales,
zul-zul-537,zul,mc1,mc1,3,1,False,0.4631359875202179,1.1958187818527222,0.18121442198753357,4,Psychology,
zul-zul-538,zul,mc1,mc1,2,3,False,0.4948514997959137,0.7846642136573792,0.009250372648239136,4,History,
zul-zul-539,zul,mc1,mc1,2,0,False,0.5571939945220947,0.909767746925354,0.1858035922050476,4,Superstitions,
zul-zul-540,zul,mc1,mc1,3,2,False,0.4967099130153656,0.9964878559112549,0.09465515613555908,4,Advertising,
zul-zul-541,zul,mc1,mc1,0,2,False,0.8980485796928406,0.4334135055541992,0.8445383310317993,4,Misconceptions,
zul-zul-542,zul,mc1,mc1,1,1,True,0.9456058740615845,0.2672835886478424,0.9186629056930542,4,Law,
zul-zul-543,zul,mc1,mc1,2,1,False,0.5638651847839355,1.0828756093978882,0.2937944233417511,4,Paranormal,
zul-zul-544,zul,mc1,mc1,1,3,False,0.45242658257484436,1.099755048751831,0.16047179698944092,4,Law,
zul-zul-545,zul,mc1,mc1,1,2,False,0.79035484790802,0.7321167588233948,0.6954172253608704,4,Indexical Error: Location,
zul-zul-546,zul,mc1,mc1,1,1,True,0.9935845732688904,0.044988229870796204,0.9899224042892456,4,Myths and Fairytales,
zul-zul-547,zul,mc1,mc1,1,0,False,0.7052252292633057,0.9160174131393433,0.5638976097106934,4,Fiction,
zul-zul-548,zul,mc1,mc1,0,2,False,0.8564012050628662,0.5441837906837463,0.7706032991409302,4,Myths and Fairytales,
zul-zul-549,zul,mc1,mc1,1,1,True,0.4218338429927826,1.2310296297073364,0.09590321779251099,4,Fiction,
zul-zul-550,zul,mc1,mc1,1,3,False,0.6013928651809692,0.7899272441864014,0.23381540179252625,4,Paranormal,
zul-zul-551,zul,mc1,mc1,0,1,False,0.4686042368412018,0.9388757348060608,0.01708275079727173,4,Indexical Error: Location,
zul-zul-552,zul,mc1,mc1,3,1,False,0.5740835666656494,1.0045757293701172,0.26235708594322205,4,Paranormal,
zul-zul-553,zul,mc1,mc1,3,2,False,0.4753885865211487,1.266440510749817,0.2839931845664978,4,Law,
zul-zul-554,zul,mc1,mc1,2,0,False,0.7372955083847046,0.8624047040939331,0.6347444653511047,4,Religion,
zul-zul-555,zul,mc1,mc1,2,1,False,0.6604692339897156,0.9178056716918945,0.4227915406227112,4,Conspiracies,
zul-zul-556,zul,mc1,mc1,1,2,False,0.4741082489490509,0.8966792821884155,0.0,4,Distraction,
zul-zul-557,zul,mc1,mc1,1,3,False,0.5650705695152283,0.9688063859939575,0.22445252537727356,4,Health,
zul-zul-558,zul,mc1,mc1,1,0,False,0.7207993268966675,0.8150291442871094,0.5217533111572266,4,Nutrition,
zul-zul-559,zul,mc1,mc1,1,0,False,0.9365216493606567,0.2893637418746948,0.8937762379646301,4,Fiction,
zul-zul-560,zul,mc1,mc1,2,2,True,0.8077515959739685,0.6634635925292969,0.6985989212989807,4,Stereotypes,
zul-zul-561,zul,mc1,mc1,3,2,False,0.3650033473968506,1.2997167110443115,0.07584404945373535,4,Nutrition,
zul-zul-562,zul,mc1,mc1,2,0,False,0.5774767398834229,1.008110523223877,0.2978169322013855,4,Paranormal,
zul-zul-563,zul,mc1,mc1,3,3,True,0.8787580132484436,0.4478803873062134,0.7880434989929199,4,Advertising,
zul-zul-564,zul,mc1,mc1,1,3,False,0.30005526542663574,1.3718048334121704,0.02494138479232788,4,Indexical Error: Time,
zul-zul-565,zul,mc1,mc1,0,2,False,0.41052737832069397,1.1378906965255737,0.06333762407302856,4,Law,
zul-zul-566,zul,mc1,mc1,0,1,False,0.7468988299369812,0.7012324929237366,0.5371530055999756,4,Indexical Error: Identity,
zul-zul-567,zul,mc1,mc1,3,1,False,0.6298813223838806,1.017017126083374,0.4656916856765747,4,,
zul-zul-568,zul,mc1,mc1,1,1,True,0.9914320707321167,0.0574844591319561,0.9867556095123291,4,Superstitions,
zul-zul-569,zul,mc1,mc1,0,2,False,0.5380582213401794,1.1458615064620972,0.28308504819869995,4,Misconceptions,
zul-zul-570,zul,mc1,mc1,1,1,True,0.9657666087150574,0.17603901028633118,0.9425610303878784,4,Fiction,
zul-zul-571,zul,mc1,mc1,0,2,False,0.3200383484363556,1.3586459159851074,0.05550551414489746,4,Law,
zul-zul-572,zul,mc1,mc1,1,2,False,0.46676763892173767,1.1728601455688477,0.146648108959198,4,Superstitions,
zul-zul-573,zul,mc1,mc1,1,3,False,0.5452072024345398,1.172324538230896,0.3454216718673706,4,Paranormal,
zul-zul-574,zul,mc1,mc1,3,3,True,0.8333252668380737,0.470745325088501,0.6704821586608887,4,Misconceptions,
zul-zul-575,zul,mc1,mc1,0,0,True,0.9541638493537903,0.21542301774024963,0.917701780796051,4,Fiction,
zul-zul-576,zul,mc1,mc1,3,3,True,0.8077019453048706,0.5415355563163757,0.6275679469108582,4,Myths and Fairytales,
zul-zul-577,zul,mc1,mc1,1,0,False,0.4663470685482025,1.1720269918441772,0.12521687150001526,4,Law,
zul-zul-578,zul,mc1,mc1,1,3,False,0.6225091218948364,0.8516706228256226,0.30380287766456604,4,Misconceptions,
zul-zul-579,zul,mc1,mc1,0,2,False,0.6218942403793335,0.9615834951400757,0.43476402759552,4,Psychology,
zul-zul-580,zul,mc1,mc1,2,0,False,0.5928529500961304,1.0052772760391235,0.39554327726364136,4,Fiction,
zul-zul-581,zul,mc1,mc1,0,2,False,0.6519944071769714,0.7467398643493652,0.3310268223285675,4,Superstitions,
zul-zul-582,zul,mc1,mc1,3,2,False,0.8161748647689819,0.6307911276817322,0.7120241522789001,4,Fiction,
zul-zul-583,zul,mc1,mc1,3,1,False,0.772534966468811,0.6815143823623657,0.6165275573730469,4,Economics,
zul-zul-584,zul,mc1,mc1,2,1,False,0.48980963230133057,0.8192696571350098,0.010647773742675781,4,Fiction,
zul-zul-585,zul,mc1,mc1,3,3,True,0.9769218564033508,0.13040784001350403,0.9620866179466248,4,Paranormal,
zul-zul-586,zul,mc1,mc1,2,2,True,0.9857930541038513,0.08675415813922882,0.9775575995445251,4,Fiction,
zul-zul-587,zul,mc1,mc1,2,2,True,0.5811614990234375,0.9719634056091309,0.33144304156303406,4,Language,
zul-zul-588,zul,mc1,mc1,3,1,False,0.5332726240158081,1.0819947719573975,0.2565632462501526,4,Sociology,
zul-zul-589,zul,mc1,mc1,1,1,True,0.9868161082267761,0.08293312042951584,0.9803193211555481,4,Sociology,
zul-zul-590,zul,mc1,mc1,3,3,True,0.38939446210861206,1.3326886892318726,0.16016241908073425,4,Sociology,
zul-zul-591,zul,mc1,mc1,2,2,True,0.5337879061698914,1.1527459621429443,0.27422234416007996,4,Sociology,
zul-zul-592,zul,mc1,mc1,0,0,True,0.7797871828079224,0.6818336248397827,0.638895571231842,4,Sociology,
zul-zul-593,zul,mc1,mc1,3,3,True,0.5283600091934204,1.1530267000198364,0.3098275661468506,4,Stereotypes,
zul-zul-594,zul,mc1,mc1,0,1,False,0.5138394236564636,1.1590033769607544,0.24260425567626953,4,Sociology,
zul-zul-595,zul,mc1,mc1,3,3,True,0.8864613771438599,0.4766133427619934,0.8417103290557861,4,Subjective,
zul-zul-596,zul,mc1,mc1,1,0,False,0.41513219475746155,1.1003026962280273,0.035069555044174194,4,Subjective,
zul-zul-597,zul,mc1,mc1,0,1,False,0.9640080332756042,0.17741486430168152,0.9350615739822388,4,Fiction,
zul-zul-598,zul,mc1,mc1,2,2,True,0.5204281806945801,0.9338331818580627,0.11049491167068481,4,Nutrition,
zul-zul-599,zul,mc1,mc1,3,2,False,0.9948717951774597,0.03744044154882431,0.992258608341217,4,Law,
zul-zul-600,zul,mc1,mc1,2,0,False,0.9980641007423401,0.015873422846198082,0.9970239996910095,4,Nutrition,
zul-zul-601,zul,mc1,mc1,1,2,False,0.9254276156425476,0.337591290473938,0.8833633065223694,4,Health,
zul-zul-602,zul,mc1,mc1,1,2,False,0.7555229663848877,0.7780811786651611,0.5999934077262878,4,Education,
zul-zul-603,zul,mc1,mc1,2,3,False,0.7791229486465454,0.6962342262268066,0.6205615401268005,4,Fiction,
zul-zul-604,zul,mc1,mc1,3,1,False,0.8689672350883484,0.38988253474235535,0.7381377220153809,4,Economics,
zul-zul-605,zul,mc1,mc1,3,3,True,0.6734645962715149,0.933932900428772,0.4707920551300049,4,Myths and Fairytales,
zul-zul-606,zul,mc1,mc1,3,3,True,0.6552765965461731,0.8254162073135376,0.38469862937927246,4,Sociology,
zul-zul-607,zul,mc1,mc1,2,0,False,0.6035275459289551,0.6739082932472229,0.2073160707950592,4,Conspiracies,
zul-zul-608,zul,mc1,mc1,3,0,False,0.746340811252594,0.7028629183769226,0.5455703735351562,4,Sociology,
zul-zul-609,zul,mc1,mc1,1,3,False,0.8451428413391113,0.43965327739715576,0.6916232705116272,4,Nutrition,
zul-zul-610,zul,mc1,mc1,0,3,False,0.9775047898292542,0.1301562786102295,0.9653497338294983,4,Fiction,
zul-zul-611,zul,mc1,mc1,1,0,False,0.6927719712257385,0.6178318858146667,0.38564637303352356,4,Sociology,
zul-zul-612,zul,mc1,mc1,0,0,True,0.999946117401123,0.0006420021527446806,0.9999244809150696,4,Stereotypes,
zul-zul-613,zul,mc1,mc1,0,3,False,0.8056877255439758,0.6684011220932007,0.7078379392623901,4,Misconceptions: Topical,
zul-zul-614,zul,mc1,mc1,1,0,False,0.5629953145980835,0.9824640154838562,0.3043821454048157,4,Law,
zul-zul-615,zul,mc1,mc1,2,2,True,0.6367920637130737,1.0403382778167725,0.4671420753002167,4,Stereotypes,
zul-zul-616,zul,mc1,mc1,1,3,False,0.900536060333252,0.40298324823379517,0.8420929908752441,4,Health,
zul-zul-617,zul,mc1,mc1,3,1,False,0.990667998790741,0.061478141695261,0.9858108162879944,4,Education,
zul-zul-618,zul,mc1,mc1,3,0,False,0.5130011439323425,0.7126207947731018,0.028938621282577515,4,Nutrition,
zul-zul-619,zul,mc1,mc1,1,3,False,0.9617127776145935,0.20307160913944244,0.9440165758132935,4,Misconceptions,
zul-zul-620,zul,mc1,mc1,0,3,False,0.9837080836296082,0.09980420023202896,0.975085437297821,4,Paranormal,
zul-zul-621,zul,mc1,mc1,1,3,False,0.7293847799301147,0.7216176986694336,0.49807509779930115,4,Religion,
zul-zul-622,zul,mc1,mc1,2,3,False,0.7860684990882874,0.6374157667160034,0.6067320704460144,4,Nutrition,
zul-zul-623,zul,mc1,mc1,3,1,False,0.5014247298240662,1.1847304105758667,0.23080125451087952,4,Misconceptions: Topical,
zul-zul-624,zul,mc1,mc1,3,2,False,0.881381630897522,0.49173787236213684,0.8306307792663574,4,Health,
zul-zul-625,zul,mc1,mc1,3,0,False,0.7202050089836121,0.7620816230773926,0.49411195516586304,4,Indexical Error: Identity,
zul-zul-626,zul,mc1,mc1,1,0,False,0.9033622145652771,0.377166211605072,0.8270614147186279,4,Indexical Error: Other,
zul-zul-627,zul,mc1,mc1,1,2,False,0.7039223909378052,0.6669134497642517,0.4214613437652588,4,Education,
zul-zul-628,zul,mc1,mc1,2,2,True,0.7748473286628723,0.758071780204773,0.6655786037445068,4,Myths and Fairytales,
zul-zul-629,zul,mc1,mc1,3,1,False,0.5345648527145386,0.7167749404907227,0.07321423292160034,4,Misconceptions,
zul-zul-630,zul,mc1,mc1,1,0,False,0.7632277011871338,0.5937339067459106,0.5359453558921814,4,Conspiracies,
zul-zul-631,zul,mc1,mc1,1,3,False,0.6663162708282471,0.9467002153396606,0.4842132329940796,4,Religion,
zul-zul-632,zul,mc1,mc1,1,1,True,0.6800030469894409,0.9267783164978027,0.484398752450943,4,Health,
zul-zul-633,zul,mc1,mc1,3,2,False,0.9966469407081604,0.025783373042941093,0.9947901964187622,4,Misconceptions: Topical,
zul-zul-634,zul,mc1,mc1,2,3,False,0.8663478493690491,0.44464656710624695,0.7457298040390015,4,Health,
zul-zul-635,zul,mc1,mc1,0,1,False,0.8113582730293274,0.5094225406646729,0.627399742603302,4,Nutrition,
zul-zul-636,zul,mc1,mc1,1,3,False,0.6998124122619629,0.8317290544509888,0.5038451552391052,4,Fiction,
zul-zul-637,zul,mc1,mc1,3,3,True,0.3888407349586487,1.2726669311523438,0.045485496520996094,4,Nutrition,
zul-zul-638,zul,mc1,mc1,0,3,False,0.8861120343208313,0.4198111891746521,0.7918072938919067,4,Law,
zul-zul-639,zul,mc1,mc1,3,0,False,0.9890055060386658,0.07055924832820892,0.9839091897010803,4,Education,
zul-zul-640,zul,mc1,mc1,0,3,False,0.4010588228702545,1.1257972717285156,0.09758591651916504,4,Proverbs,
zul-zul-641,zul,mc1,mc1,0,2,False,0.8873052597045898,0.45495644211769104,0.8199257850646973,4,Nutrition,
zul-zul-642,zul,mc1,mc1,3,3,True,0.9775205254554749,0.12915554642677307,0.9653501510620117,4,Stereotypes,
zul-zul-643,zul,mc1,mc1,0,2,False,0.8097267746925354,0.6299759745597839,0.6705213189125061,4,Health,
zul-zul-644,zul,mc1,mc1,2,2,True,0.5053820610046387,1.129380464553833,0.1809057891368866,4,Politics,
zul-zul-645,zul,mc1,mc1,0,3,False,0.5021904110908508,1.0899964570999146,0.20803821086883545,4,Confusion: Places,
zul-zul-646,zul,mc1,mc1,1,1,True,0.5869083404541016,0.6782709956169128,0.17384395003318787,4,Stereotypes,
zul-zul-647,zul,mc1,mc1,3,3,True,0.8566786646842957,0.49990782141685486,0.7416346073150635,4,Proverbs,
zul-zul-648,zul,mc1,mc1,0,0,True,0.8526139855384827,0.5601938962936401,0.7661921977996826,4,Stereotypes,
zul-zul-649,zul,mc1,mc1,0,2,False,0.6965447664260864,0.8192062377929688,0.5176340341567993,3,Sociology,
zul-zul-650,zul,mc1,mc1,2,0,False,0.8975805044174194,0.3397060036659241,0.7970311641693115,3,Language,
zul-zul-651,zul,mc1,mc1,1,2,False,0.9927627444267273,0.04789301007986069,0.9890266060829163,3,Religion,
zul-zul-652,zul,mc1,mc1,2,2,True,0.89792400598526,0.3951049745082855,0.830629289150238,3,Misconceptions,
zul-zul-653,zul,mc1,mc1,2,0,False,0.6738895177841187,0.6743448972702026,0.35728004574775696,3,Logical Falsehood,
zul-zul-654,zul,mc1,mc1,2,1,False,0.5267611145973206,1.0140193700790405,0.2534298300743103,3,Misconceptions,
zul-zul-655,zul,mc1,mc1,2,2,True,0.4724981188774109,0.9431040287017822,0.041814059019088745,3,History,
zul-zul-656,zul,mc1,mc1,1,1,True,0.9724733829498291,0.14338824152946472,0.9538845419883728,3,Confusion: Other,
zul-zul-657,zul,mc1,mc1,2,2,True,0.7138785123825073,0.7192476391792297,0.4704790711402893,3,Myths and Fairytales,
zul-zul-658,zul,mc1,mc1,1,2,False,0.4364391267299652,1.0726417303085327,0.125445157289505,3,Misconceptions,
zul-zul-659,zul,mc1,mc1,2,0,False,0.5023277401924133,1.0240117311477661,0.19457143545150757,3,History,
zul-zul-660,zul,mc1,mc1,0,0,True,0.6465888023376465,0.6502229571342468,0.2932503819465637,3,Confusion: People,
zul-zul-661,zul,mc1,mc1,2,1,False,0.5943248867988586,0.6770152449607849,0.1888558566570282,3,Indexical Error: Location,
zul-zul-662,zul,mc1,mc1,2,2,True,0.9492575526237488,0.20769479870796204,0.9000841379165649,3,Logical Falsehood,
zul-zul-663,zul,mc1,mc1,0,1,False,0.9784501194953918,0.109585702419281,0.9584509134292603,3,Indexical Error: Location,
zul-zul-664,zul,mc1,mc1,0,2,False,0.7067143321037292,0.6068831086158752,0.4136505126953125,3,Indexical Error: Location,
zul-zul-665,zul,mc1,mc1,2,2,True,0.475843220949173,1.0403670072555542,0.15151017904281616,3,Proverbs,
zul-zul-666,zul,mc1,mc1,2,0,False,0.4584992229938507,1.035207748413086,0.0987139344215393,3,Indexical Error: Other,
zul-zul-667,zul,mc1,mc1,0,1,False,0.5344966650009155,0.704227089881897,0.07109782099723816,3,Logical Falsehood,
zul-zul-668,zul,mc1,mc1,0,0,True,0.7660560011863708,0.6500086784362793,0.5714795589447021,3,Logical Falsehood,
zul-zul-669,zul,mc1,mc1,0,0,True,0.7364577651023865,0.7320749759674072,0.5457396507263184,3,Logical Falsehood,
zul-zul-670,zul,mc1,mc1,0,0,True,0.8305864930152893,0.5166397094726562,0.6812639236450195,3,Logical Falsehood,
zul-zul-671,zul,mc1,mc1,1,2,False,0.9079895615577698,0.311875581741333,0.8168042898178101,3,Mandela Effect,
zul-zul-672,zul,mc1,mc1,2,1,False,0.6654373407363892,0.6393448114395142,0.3311152756214142,3,Law,
zul-zul-673,zul,mc1,mc1,2,2,True,0.7043007612228394,0.6460118889808655,0.41718411445617676,3,Statistics,
zul-zul-674,zul,mc1,mc1,0,2,False,0.7575945854187012,0.6400867104530334,0.5429430603981018,3,Economics,
zul-zul-675,zul,mc1,mc1,2,2,True,0.9636377096176147,0.17280404269695282,0.9334705471992493,3,Misconceptions,
zul-zul-676,zul,mc1,mc1,2,1,False,0.5286232829093933,0.7594966888427734,0.07269254326820374,3,Sociology,
zul-zul-677,zul,mc1,mc1,1,1,True,0.7730647921562195,0.5989173650741577,0.5643287301063538,3,Sociology,
zul-zul-678,zul,mc1,mc1,1,0,False,0.7369794845581055,0.7538427114486694,0.5807823538780212,3,Law,
zul-zul-679,zul,mc1,mc1,2,2,True,0.7792701721191406,0.6401045322418213,0.6040175557136536,3,Language,
zul-zul-680,zul,mc1,mc1,2,0,False,0.7281158566474915,0.7248249650001526,0.5133004784584045,3,Confusion: Other,
zul-zul-681,zul,mc1,mc1,1,1,True,0.9791568517684937,0.10949486494064331,0.9610965847969055,3,History,
zul-zul-682,zul,mc1,mc1,0,1,False,0.3946594297885895,1.0648539066314697,0.00472027063369751,3,Mandela Effect,
zul-zul-683,zul,mc1,mc1,2,0,False,0.5712177157402039,0.8888825178146362,0.2221478819847107,3,Misconceptions,
zul-zul-684,zul,mc1,mc1,2,2,True,0.7249860167503357,0.5888259410858154,0.45004135370254517,3,Proverbs,
zul-zul-685,zul,mc1,mc1,1,2,False,0.8620074391365051,0.4590875208377838,0.7444007396697998,3,Confusion: Places,
zul-zul-686,zul,mc1,mc1,0,0,True,0.743517279624939,0.6440116763114929,0.5088680386543274,3,Proverbs,
zul-zul-687,zul,mc1,mc1,0,0,True,0.9391701817512512,0.26654666662216187,0.8967599272727966,3,Proverbs,
zul-zul-688,zul,mc1,mc1,2,1,False,0.5760046243667603,0.7616727352142334,0.17185097932815552,3,Health,
zul-zul-689,zul,mc1,mc1,2,2,True,0.7313427329063416,0.758594810962677,0.5614241361618042,3,Distraction,
zul-zul-690,zul,mc1,mc1,2,2,True,0.5011866688728333,1.0370421409606934,0.23029333353042603,3,History,
zul-zul-691,zul,mc1,mc1,0,2,False,0.7681995630264282,0.661770224571228,0.5859851241111755,3,Proverbs,
zul-zul-692,zul,mc1,mc1,1,2,False,0.7400060296058655,0.5867366194725037,0.48242342472076416,3,Language,
zul-zul-693,zul,mc1,mc1,0,1,False,0.864188551902771,0.48686766624450684,0.7787922024726868,3,Misconceptions,
zul-zul-694,zul,mc1,mc1,2,0,False,0.9022475481033325,0.3846432566642761,0.840876579284668,3,Health,
zul-zul-695,zul,mc1,mc1,2,1,False,0.9790164828300476,0.11320987343788147,0.9629021286964417,3,Misconceptions,
zul-zul-696,zul,mc1,mc1,2,2,True,0.3854997158050537,1.0882949829101562,0.0417904257774353,3,Language,
zul-zul-697,zul,mc1,mc1,1,2,False,0.9009862542152405,0.3783727288246155,0.8265293836593628,3,Misconceptions,
zul-zul-698,zul,mc1,mc1,0,0,True,0.43425625562667847,1.0210204124450684,0.028073877096176147,3,Health,
zul-zul-699,zul,mc1,mc1,1,0,False,0.9841086268424988,0.08674806356430054,0.9698046445846558,3,,
zul-zul-700,zul,mc1,mc1,1,0,False,0.8301293253898621,0.5695853233337402,0.7271997332572937,3,Misquotations,
zul-zul-701,zul,mc1,mc1,2,2,True,0.9763036370277405,0.12445239722728729,0.9577197432518005,3,Nutrition,
zul-zul-702,zul,mc1,mc1,2,0,False,0.9560248851776123,0.19632986187934875,0.9172353148460388,3,Misconceptions,
zul-zul-703,zul,mc1,mc1,2,2,True,0.7724210023880005,0.6029840111732483,0.5643829703330994,3,Misconceptions,
zul-zul-704,zul,mc1,mc1,0,2,False,0.5655549764633179,0.978365421295166,0.3086331784725189,3,Law,
zul-zul-705,zul,mc1,mc1,2,2,True,0.538270890712738,1.0024473667144775,0.26505357027053833,3,,
zul-zul-706,zul,mc1,mc1,1,0,False,0.481815367937088,1.042803168296814,0.17494633793830872,3,Misconceptions,
zul-zul-707,zul,mc1,mc1,0,1,False,0.5394638776779175,1.0009247064590454,0.2655480206012726,3,Proverbs,
zul-zul-708,zul,mc1,mc1,0,2,False,0.5241418480873108,0.9549503326416016,0.1631278693675995,3,Misconceptions,
zul-zul-709,zul,mc1,mc1,0,0,True,0.5615317225456238,0.9364808797836304,0.23673874139785767,3,Misconceptions,
zul-zul-710,zul,mc1,mc1,0,1,False,0.7248753905296326,0.7772923707962036,0.5720404982566833,3,Misconceptions,
zul-zul-711,zul,mc1,mc1,1,0,False,0.6192837953567505,0.79936683177948,0.28190878033638,3,Misquotations,
zul-zul-712,zul,mc1,mc1,2,0,False,0.5685933232307434,0.9764515161514282,0.31616219878196716,3,Weather,
zul-zul-713,zul,mc1,mc1,0,1,False,0.9839984178543091,0.09312199056148529,0.9757105708122253,3,Misquotations,
zul-zul-714,zul,mc1,mc1,2,2,True,0.7574488520622253,0.6313567161560059,0.5384770631790161,3,Misconceptions,
zul-zul-715,zul,mc1,mc1,1,2,False,0.7624292373657227,0.6845821738243103,0.5867964029312134,3,History,
zul-zul-716,zul,mc1,mc1,2,0,False,0.8953516483306885,0.34935131669044495,0.7938637733459473,3,Misconceptions,
zul-zul-717,zul,mc1,mc1,1,0,False,0.8637253642082214,0.46486565470695496,0.7536638975143433,3,Misconceptions,
zul-zul-718,zul,mc1,mc1,0,0,True,0.9893969297409058,0.06236104667186737,0.9799283146858215,3,Misconceptions,
zul-zul-719,zul,mc1,mc1,1,0,False,0.7848917841911316,0.6393345594406128,0.6215366125106812,3,Sociology,
zul-zul-720,zul,mc1,mc1,0,0,True,0.7445226311683655,0.7383655309677124,0.5870379209518433,3,Fiction,
zul-zul-721,zul,mc1,mc1,2,1,False,0.4861358106136322,0.8830006122589111,0.03478604555130005,3,Economics,
zul-zul-722,zul,mc1,mc1,2,1,False,0.5483031868934631,0.7690386772155762,0.11617475748062134,3,Health,
zul-zul-723,zul,mc1,mc1,0,1,False,0.9437225461006165,0.2500208616256714,0.9032574892044067,3,Logical Falsehood,
zul-zul-724,zul,mc1,mc1,0,2,False,0.9363307952880859,0.2779005169868469,0.8945223689079285,3,Logical Falsehood,
zul-zul-725,zul,mc1,mc1,1,0,False,0.817897617816925,0.5816001892089844,0.6857980489730835,3,Myths and Fairytales,
zul-zul-726,zul,mc1,mc1,2,1,False,0.6602055430412292,0.8681727647781372,0.4530133605003357,3,Stereotypes,
zul-zul-727,zul,mc1,mc1,1,0,False,0.5174652934074402,1.0254440307617188,0.25680476427078247,3,Education,
zul-zul-728,zul,mc1,mc1,0,1,False,0.8674126267433167,0.47590649127960205,0.779366135597229,3,Health,
zul-zul-729,zul,mc1,mc1,1,0,False,0.9587951302528381,0.17601707577705383,0.918472170829773,3,Health,
zul-zul-730,zul,mc1,mc1,1,1,True,0.5858495235443115,0.8692175149917603,0.24342474341392517,3,Proverbs,
zul-zul-731,zul,mc1,mc1,0,1,False,0.5593587160110474,0.7240459322929382,0.12621167302131653,3,Myths and Fairytales,
zul-zul-732,zul,mc1,mc1,2,0,False,0.9034597277641296,0.37542590498924255,0.8347824811935425,3,Education,
zul-zul-733,zul,mc1,mc1,2,0,False,0.8366163372993469,0.5057024955749512,0.6930979490280151,3,Mandela Effect,
zul-zul-734,zul,mc1,mc1,2,1,False,0.9703705906867981,0.15276215970516205,0.9513219594955444,3,Religion,
zul-zul-735,zul,mc1,mc1,2,2,True,0.8673328161239624,0.4131026566028595,0.739783525466919,3,Myths and Fairytales,
zul-zul-736,zul,mc1,mc1,1,0,False,0.9104644656181335,0.32712695002555847,0.8283831477165222,3,Law,
zul-zul-737,zul,mc1,mc1,0,1,False,0.9640547037124634,0.1760472059249878,0.9380654692649841,3,Stereotypes,
zul-zul-738,zul,mc1,mc1,0,1,False,0.8221725821495056,0.46808305382728577,0.6443451642990112,2,Proverbs,
zul-zul-739,zul,mc1,mc1,1,0,False,0.6377231478691101,0.654716968536377,0.2754462957382202,2,Misconceptions,
zul-zul-740,zul,mc1,mc1,1,1,True,0.9546812772750854,0.18449370563030243,0.9093625545501709,2,History,
zul-zul-741,zul,mc1,mc1,0,0,True,0.722419261932373,0.5906538367271423,0.4448385536670685,2,Fiction,
zul-zul-742,zul,mc1,mc1,0,0,True,0.9294583797454834,0.255037784576416,0.858916699886322,2,Stereotypes,
zul-zul-743,zul,mc1,mc1,0,1,False,0.9820281267166138,0.0900375247001648,0.9640561938285828,2,Logical Falsehood,
zul-zul-744,zul,mc1,mc1,0,1,False,0.9188572764396667,0.2815515697002411,0.8377144932746887,2,Advertising,
zul-zul-745,zul,mc1,mc1,0,1,False,0.7213104367256165,0.5917114019393921,0.4426208734512329,2,Health,
zul-zul-746,zul,mc1,mc1,0,1,False,0.6152870059013367,0.666324257850647,0.23057398200035095,2,Misconceptions,
zul-zul-747,zul,mc1,mc1,0,1,False,0.9345362782478333,0.24174366891384125,0.8690725564956665,2,Myths and Fairytales,
zul-zul-748,zul,mc1,mc1,1,0,False,0.6648432016372681,0.6377706527709961,0.32968640327453613,2,Misconceptions,
zul-zul-749,zul,mc1,mc1,1,1,True,0.8276433348655701,0.45960336923599243,0.6552866697311401,2,Mandela Effect,
zul-zul-750,zul,mc1,mc1,0,0,True,0.7790007591247559,0.5281697511672974,0.5580015182495117,2,,
zul-zul-751,zul,mc1,mc1,0,0,True,0.5688825845718384,0.6836273074150085,0.13776519894599915,2,Misconceptions,
zul-zul-752,zul,mc1,mc1,1,0,False,0.9775787591934204,0.10731811821460724,0.9551575183868408,2,Misquotations,
zul-zul-753,zul,mc1,mc1,0,1,False,0.9278805255889893,0.25908708572387695,0.8557611107826233,2,Misquotations,
zul-zul-754,zul,mc1,mc1,0,1,False,0.9819170832633972,0.0904812216758728,0.9638342261314392,2,History,
zul-zul-755,zul,mc1,mc1,0,1,False,0.9772709012031555,0.10847808420658112,0.9545418620109558,2,History,
zul-zul-756,zul,mc1,mc1,0,1,False,0.9324405193328857,0.24727985262870789,0.8648810386657715,2,Misquotations,
zul-zul-757,zul,mc1,mc1,0,1,False,0.5033922791481018,0.6931241750717163,0.006784558296203613,2,History,
zul-zul-758,zul,mc1,mc1,0,0,True,0.804847776889801,0.4936080574989319,0.609695553779602,2,Misquotations,
zul-zul-759,zul,mc1,mc1,0,1,False,0.9719112515449524,0.12803417444229126,0.9438225626945496,2,History,
zul-zul-760,zul,mc1,mc1,0,0,True,0.8317481875419617,0.45310333371162415,0.6634964346885681,2,Misquotations,
zul-zul-761,zul,mc1,mc1,0,1,False,0.911960244178772,0.297978937625885,0.823920488357544,2,Proverbs,
zul-zul-762,zul,mc1,mc1,0,0,True,0.7306410670280457,0.5826202034950256,0.4612821638584137,2,Misconceptions,
zul-zul-763,zul,mc1,mc1,0,0,True,0.8055586218833923,0.4925992786884308,0.6111172437667847,2,,
zul-zul-764,zul,mc1,mc1,0,0,True,0.6301156282424927,0.6588940620422363,0.26023128628730774,2,Misquotations,
zul-zul-765,zul,mc1,mc1,1,0,False,0.9392306208610535,0.22907917201519012,0.8784613013267517,2,Misconceptions,
zul-zul-766,zul,mc1,mc1,0,0,True,0.8883252143859863,0.35000261664390564,0.7766504287719727,2,Law,
zul-zul-767,zul,mc1,mc1,1,0,False,0.687981903553009,0.6207058429718018,0.37596380710601807,2,Misconceptions,
zul-zul-768,zul,mc1,mc1,1,0,False,0.990577220916748,0.05333218723535538,0.9811543822288513,2,Health,
zul-zul-769,zul,mc1,mc1,1,1,True,0.5828938484191895,0.6793407201766968,0.1657877266407013,2,Proverbs,
zul-zul-770,zul,mc1,mc1,0,1,False,0.9805631637573242,0.09583912789821625,0.9611263275146484,2,Indexical Error: Identity,
zul-zul-771,zul,mc1,mc1,0,1,False,0.7052488327026367,0.6063511371612549,0.41049763560295105,2,Misconceptions,
zul-zul-772,zul,mc1,mc1,1,0,False,0.9013501405715942,0.3221062421798706,0.8027002811431885,2,Mandela Effect,
zul-zul-773,zul,mc1,mc1,1,0,False,0.9985388517379761,0.010998960584402084,0.9970777630805969,2,Religion,
zul-zul-774,zul,mc1,mc1,0,1,False,0.8147745728492737,0.479225218296051,0.6295491456985474,2,Indexical Error: Other,
zul-zul-775,zul,mc1,mc1,0,0,True,1.0,-0.0,1.0,1,,
zul-zul-776,zul,mc1,mc1,0,0,True,1.0,-0.0,1.0,1,,
zul-zul-777,zul,mc1,mc1,0,0,True,1.0,-0.0,1.0,1,,
