id,language,scoring,mode,predicted_index,answer_index,correct,confidence,entropy,margin,n_choices,domain,verbalized_confidence
eng-eng-0,eng,mc1,mc1,6,6,True,0.2708280384540558,2.0780439376831055,0.1353813260793686,9,Conspiracies,
eng-eng-1,eng,mc1,mc1,2,1,False,0.18680180609226227,1.9257893562316895,0.01763308048248291,7,Subjective,
eng-eng-2,eng,mc1,mc1,2,2,True,0.21127095818519592,1.6083605289459229,0.003922790288925171,5,Psychology,
eng-eng-3,eng,mc1,mc1,1,0,False,0.6089785099029541,0.9073342084884644,0.3344074487686157,3,Mandela Effect,
eng-eng-4,eng,mc1,mc1,3,3,True,0.5431894063949585,1.0680774450302124,0.2460128664970398,4,Health,
eng-eng-5,eng,mc1,mc1,1,0,False,0.8235827684402466,0.46591705083847046,0.6471655368804932,2,Misquotations,
eng-eng-6,eng,mc1,mc1,1,2,False,0.4202567934989929,1.4542183876037598,0.18471376597881317,6,Paranormal,
eng-eng-7,eng,mc1,mc1,3,2,False,0.3912816643714905,1.3090386390686035,0.09835430979728699,4,Psychology,
eng-eng-8,eng,mc1,mc1,3,5,False,0.500856339931488,1.2639967203140259,0.18673819303512573,6,Economics,
eng-eng-9,eng,mc1,mc1,8,9,False,0.14385658502578735,2.2518036365509033,0.009517505764961243,10,Subjective,
eng-eng-10,eng,mc1,mc1,4,4,True,0.31287580728530884,1.6151795387268066,0.031522929668426514,6,Superstitions,
eng-eng-11,eng,mc1,mc1,3,1,False,0.28129735589027405,1.7336503267288208,0.09989158809185028,6,Health,
eng-eng-12,eng,mc1,mc1,0,0,True,0.4917064309120178,1.194101095199585,0.20436540246009827,4,Sociology,
eng-eng-13,eng,mc1,mc1,4,4,True,0.4016658067703247,1.7869426012039185,0.2803186774253845,8,Conspiracies,
eng-eng-14,eng,mc1,mc1,2,3,False,0.21809837222099304,1.7725883722305298,0.012965872883796692,6,Politics,
eng-eng-15,eng,mc1,mc1,1,0,False,0.9193925261497498,0.2802506387233734,0.8387849926948547,2,Indexical Error: Identity,
eng-eng-16,eng,mc1,mc1,1,0,False,0.17132830619812012,1.9383958578109741,0.0184011310338974,7,Finance,
eng-eng-17,eng,mc1,mc1,5,3,False,0.2591279149055481,1.5826852321624756,0.020890340209007263,6,Sociology,
eng-eng-18,eng,mc1,mc1,4,4,True,0.4298875331878662,1.44437575340271,0.21075454354286194,5,Weather,
eng-eng-19,eng,mc1,mc1,0,4,False,0.3955998122692108,1.2839184999465942,0.010542452335357666,6,Law,
eng-eng-20,eng,mc1,mc1,2,2,True,0.42720523476600647,1.5982803106307983,0.28430265188217163,6,Misconceptions,
eng-eng-21,eng,mc1,mc1,1,1,True,0.31862711906433105,1.6410287618637085,0.0964316576719284,6,Fiction,
eng-eng-22,eng,mc1,mc1,2,2,True,0.4914136528968811,1.0923326015472412,0.1373317837715149,4,Law,
eng-eng-23,eng,mc1,mc1,0,4,False,0.40908873081207275,1.1965471506118774,0.04846563935279846,6,Law,
eng-eng-24,eng,mc1,mc1,6,7,False,0.31106045842170715,1.7495700120925903,0.013089179992675781,8,Finance,
eng-eng-25,eng,mc1,mc1,1,0,False,0.2981804311275482,1.3747467994689941,0.02782529592514038,4,Myths and Fairytales,
eng-eng-26,eng,mc1,mc1,2,2,True,0.291563481092453,1.6719911098480225,0.0656643807888031,6,Law,
eng-eng-27,eng,mc1,mc1,1,2,False,0.39350518584251404,1.4445323944091797,0.13284313678741455,5,Paranormal,
eng-eng-28,eng,mc1,mc1,2,0,False,0.5789116621017456,0.9298122525215149,0.27518534660339355,3,Misconceptions,
eng-eng-29,eng,mc1,mc1,1,0,False,0.5288840532302856,1.2068312168121338,0.35172557830810547,4,Law,
eng-eng-30,eng,mc1,mc1,3,4,False,0.3262028098106384,1.4743118286132812,0.04963698983192444,5,Misinformation,
eng-eng-31,eng,mc1,mc1,2,0,False,0.37248146533966064,1.321296215057373,0.07544013857841492,4,History,
eng-eng-32,eng,mc1,mc1,5,3,False,0.25148534774780273,1.809740424156189,0.02357889711856842,7,Indexical Error: Identity,
eng-eng-33,eng,mc1,mc1,2,3,False,0.44643718004226685,1.3492543697357178,0.19920091331005096,5,Law,
eng-eng-34,eng,mc1,mc1,2,1,False,0.3615957200527191,1.5065394639968872,0.132548525929451,5,Indexical Error: Location,
eng-eng-35,eng,mc1,mc1,0,0,True,0.3169229328632355,1.6090234518051147,0.023714810609817505,6,Politics,
eng-eng-36,eng,mc1,mc1,6,5,False,0.2502363920211792,1.862259030342102,0.049520134925842285,7,Paranormal,
eng-eng-37,eng,mc1,mc1,2,1,False,0.21671709418296814,1.7538039684295654,0.003010094165802002,6,Economics,
eng-eng-38,eng,mc1,mc1,0,0,True,0.3717605471611023,1.092187762260437,0.026158034801483154,3,Misconceptions,
eng-eng-39,eng,mc1,mc1,0,3,False,0.36786872148513794,1.350479006767273,0.028175145387649536,5,Health,
eng-eng-40,eng,mc1,mc1,1,2,False,0.2419917732477188,1.6203325986862183,7.227063179016113e-05,8,Economics,
eng-eng-41,eng,mc1,mc1,0,3,False,0.3379100561141968,1.3298869132995605,0.04472440481185913,4,Language,
eng-eng-42,eng,mc1,mc1,4,4,True,0.44011005759239197,1.377185583114624,0.1210227906703949,6,Stereotypes,
eng-eng-43,eng,mc1,mc1,0,2,False,0.354190468788147,1.6096131801605225,0.14690661430358887,7,Confusion: People,
eng-eng-44,eng,mc1,mc1,2,1,False,0.4438846707344055,1.0706621408462524,0.14445948600769043,3,Sociology,
eng-eng-45,eng,mc1,mc1,2,0,False,0.28287333250045776,1.3823156356811523,0.028400123119354248,4,Paranormal,
eng-eng-46,eng,mc1,mc1,5,3,False,0.24018694460391998,1.779916524887085,0.014129340648651123,7,Indexical Error: Time,
eng-eng-47,eng,mc1,mc1,1,2,False,0.5535848140716553,0.9840497970581055,0.27723410725593567,3,History,
eng-eng-48,eng,mc1,mc1,3,1,False,0.3626624345779419,1.277223825454712,0.00022876262664794922,4,Stereotypes,
eng-eng-49,eng,mc1,mc1,4,1,False,0.2781487703323364,1.5854771137237549,0.0704314261674881,5,Sociology,
eng-eng-50,eng,mc1,mc1,2,3,False,0.3319593071937561,1.4951833486557007,0.033563047647476196,7,Economics,
eng-eng-51,eng,mc1,mc1,2,0,False,0.39630842208862305,1.0679501295089722,0.01350182294845581,3,Distraction,
eng-eng-52,eng,mc1,mc1,5,5,True,0.4832637310028076,1.4353280067443848,0.2556823492050171,6,Sociology,
eng-eng-53,eng,mc1,mc1,1,0,False,0.7278850674629211,0.5853511095046997,0.4557700753211975,2,Proverbs,
eng-eng-54,eng,mc1,mc1,2,2,True,0.5331875085830688,0.8744118213653564,0.12870419025421143,3,Logical Falsehood,
eng-eng-55,eng,mc1,mc1,0,0,True,0.32807984948158264,1.707346796989441,0.16587957739830017,6,Conspiracies,
eng-eng-56,eng,mc1,mc1,0,0,True,0.5707710385322571,0.6830964088439941,0.14154204726219177,2,Misconceptions,
eng-eng-57,eng,mc1,mc1,2,1,False,0.4320567846298218,1.009479284286499,0.011902719736099243,3,Logical Falsehood,
eng-eng-58,eng,mc1,mc1,0,2,False,0.47401705384254456,1.380021333694458,0.2636990547180176,5,Conspiracies,
eng-eng-59,eng,mc1,mc1,1,3,False,0.30494412779808044,1.5838065147399902,0.04309859871864319,6,Misconceptions,
eng-eng-60,eng,mc1,mc1,0,0,True,0.5160258412361145,0.6926334500312805,0.03205171227455139,2,Misquotations,
eng-eng-61,eng,mc1,mc1,4,0,False,0.4238552451133728,1.4081441164016724,0.14858651161193848,5,Health,
eng-eng-62,eng,mc1,mc1,3,2,False,0.4282133877277374,1.2592594623565674,0.16708242893218994,4,Sociology,
eng-eng-63,eng,mc1,mc1,0,1,False,0.5266866683959961,0.9800578355789185,0.19443488121032715,3,History,
eng-eng-64,eng,mc1,mc1,0,1,False,0.2558193504810333,1.806771159172058,0.021049082279205322,7,Law,
eng-eng-65,eng,mc1,mc1,1,1,True,0.35539764165878296,1.5100338459014893,0.039618998765945435,6,Language,
eng-eng-66,eng,mc1,mc1,2,1,False,0.3985426127910614,1.3085722923278809,0.14017650485038757,4,Indexical Error: Identity,
eng-eng-67,eng,mc1,mc1,8,8,True,0.37349244952201843,1.9548070430755615,0.2292148619890213,10,Weather,
eng-eng-68,eng,mc1,mc1,6,3,False,0.4152696132659912,1.5294907093048096,0.1609647274017334,7,Confusion: Places,
eng-eng-69,eng,mc1,mc1,4,0,False,0.2581542134284973,1.5438281297683716,0.00726008415222168,5,Sociology,
eng-eng-70,eng,mc1,mc1,1,2,False,0.46535778045654297,1.270696997642517,0.26088079810142517,4,Misconceptions,
eng-eng-71,eng,mc1,mc1,1,1,True,0.2859455347061157,1.675771951675415,0.03135773539543152,6,Conspiracies,
eng-eng-72,eng,mc1,mc1,3,1,False,0.32966533303260803,1.5125374794006348,0.0525517463684082,5,Indexical Error: Time,
eng-eng-73,eng,mc1,mc1,4,3,False,0.24292004108428955,1.5973314046859741,0.021468907594680786,5,Health,
eng-eng-74,eng,mc1,mc1,3,4,False,0.3678099513053894,1.5077860355377197,0.15407322347164154,5,Myths and Fairytales,
eng-eng-75,eng,mc1,mc1,3,1,False,0.8525664806365967,0.48140794038772583,0.7274578809738159,4,Confusion: People,
eng-eng-76,eng,mc1,mc1,0,1,False,0.45497623085975647,1.2225110530853271,0.19380760192871094,4,Education,
eng-eng-77,eng,mc1,mc1,0,0,True,0.43028688430786133,1.5947704315185547,0.29279589653015137,6,Proverbs,
eng-eng-78,eng,mc1,mc1,5,1,False,0.25391146540641785,1.7156959772109985,0.02592410147190094,6,Health,
eng-eng-79,eng,mc1,mc1,1,4,False,0.25704702734947205,1.7745846509933472,0.025307893753051758,7,Fiction,
eng-eng-80,eng,mc1,mc1,8,2,False,0.17505010962486267,2.143242597579956,0.01973053812980652,9,Weather,
eng-eng-81,eng,mc1,mc1,2,1,False,0.42885127663612366,1.0776638984680176,0.12465789914131165,3,Misconceptions,
eng-eng-82,eng,mc1,mc1,1,0,False,0.4697747528553009,1.1873646974563599,0.1589392125606537,4,Sociology,
eng-eng-83,eng,mc1,mc1,2,1,False,0.2560473084449768,1.6036626100540161,0.032157883048057556,6,Law,
eng-eng-84,eng,mc1,mc1,2,0,False,0.35495471954345703,1.3589746952056885,0.13589292764663696,4,Indexical Error: Location,
eng-eng-85,eng,mc1,mc1,4,4,True,0.30267807841300964,1.5254656076431274,0.010503053665161133,5,Sociology,
eng-eng-86,eng,mc1,mc1,0,1,False,0.28803932666778564,1.3731117248535156,0.01824110746383667,4,Superstitions,
eng-eng-87,eng,mc1,mc1,0,2,False,0.2807130813598633,1.7116085290908813,0.05468578636646271,6,Misconceptions,
eng-eng-88,eng,mc1,mc1,5,6,False,0.3817756772041321,1.6898961067199707,0.20231443643569946,7,Indexical Error: Time,
eng-eng-89,eng,mc1,mc1,3,0,False,0.5262266397476196,1.070980429649353,0.2957500219345093,4,Sociology,
eng-eng-90,eng,mc1,mc1,0,3,False,0.32527756690979004,1.4274356365203857,0.05334031581878662,5,Misinformation,
eng-eng-91,eng,mc1,mc1,2,3,False,0.5275065898895264,1.2070555686950684,0.3523956537246704,4,History,
eng-eng-92,eng,mc1,mc1,1,2,False,0.8333214521408081,0.5661117434501648,0.7496333122253418,3,Health,
eng-eng-93,eng,mc1,mc1,1,5,False,0.43290019035339355,1.5890265703201294,0.2608075439929962,7,Paranormal,
eng-eng-94,eng,mc1,mc1,2,2,True,0.4921061098575592,0.9993979930877686,0.13211363554000854,3,Health,
eng-eng-95,eng,mc1,mc1,4,1,False,0.4120512306690216,1.4663362503051758,0.18971353769302368,5,Health,
eng-eng-96,eng,mc1,mc1,0,0,True,0.26858481764793396,1.5846868753433228,0.046469077467918396,5,Economics,
eng-eng-97,eng,mc1,mc1,3,1,False,0.1841091513633728,1.8890995979309082,0.008724361658096313,7,Distraction,
eng-eng-98,eng,mc1,mc1,3,0,False,0.2622239589691162,1.58273184299469,0.03956562280654907,5,Stereotypes,
eng-eng-99,eng,mc1,mc1,1,1,True,0.6456761360168457,0.8581450581550598,0.3884420096874237,3,Religion,
eng-eng-100,eng,mc1,mc1,1,2,False,0.40809255838394165,1.0863935947418213,0.10860854387283325,3,Misconceptions,
eng-eng-101,eng,mc1,mc1,2,1,False,0.30055204033851624,1.371950387954712,0.021694421768188477,4,Health,
eng-eng-102,eng,mc1,mc1,0,0,True,0.5536863207817078,1.13925039768219,0.3172648549079895,4,Mandela Effect,
eng-eng-103,eng,mc1,mc1,0,2,False,0.28603124618530273,1.6941070556640625,0.04591825604438782,6,Health,
eng-eng-104,eng,mc1,mc1,1,2,False,0.25321656465530396,1.735449194908142,0.03739486634731293,6,Subjective,
eng-eng-105,eng,mc1,mc1,2,2,True,0.297145813703537,1.6775938272476196,0.07276876270771027,7,Sociology,
eng-eng-106,eng,mc1,mc1,1,1,True,0.36418166756629944,1.0964899063110352,0.04431512951850891,3,Indexical Error: Location,
eng-eng-107,eng,mc1,mc1,4,0,False,0.30809473991394043,1.4954023361206055,0.021080225706100464,6,Sociology,
eng-eng-108,eng,mc1,mc1,1,4,False,0.19959160685539246,2.0021605491638184,0.021138280630111694,8,Misconceptions,
eng-eng-109,eng,mc1,mc1,1,0,False,0.22843146324157715,1.7611587047576904,0.036651626229286194,6,Law,
eng-eng-110,eng,mc1,mc1,0,2,False,0.9853535294532776,0.08353802561759949,0.9735018014907837,3,Confusion: Other,
eng-eng-111,eng,mc1,mc1,1,2,False,0.46654725074768066,1.226907730102539,0.19973987340927124,4,Economics,
eng-eng-112,eng,mc1,mc1,3,1,False,0.2994493544101715,1.5318206548690796,0.01946541666984558,5,Law,
eng-eng-113,eng,mc1,mc1,3,3,True,0.6863076686859131,0.9740051031112671,0.5021274089813232,5,Sociology,
eng-eng-114,eng,mc1,mc1,2,2,True,0.42161354422569275,1.5636229515075684,0.22858263552188873,6,Misconceptions,
eng-eng-115,eng,mc1,mc1,0,1,False,0.49694421887397766,1.035982370376587,0.20717084407806396,3,Misconceptions,
eng-eng-116,eng,mc1,mc1,2,0,False,0.27009671926498413,1.5642242431640625,0.005051404237747192,5,Paranormal,
eng-eng-117,eng,mc1,mc1,0,0,True,0.34034183621406555,1.5528067350387573,0.1505250483751297,5,Indexical Error: Time,
eng-eng-118,eng,mc1,mc1,0,2,False,0.2563798725605011,1.568873643875122,0.004444777965545654,5,Superstitions,
eng-eng-119,eng,mc1,mc1,3,0,False,0.317125529050827,1.4183744192123413,0.0249059796333313,5,Misinformation,
eng-eng-120,eng,mc1,mc1,2,1,False,0.3682701885700226,1.5206828117370605,0.16158972680568695,5,Misquotations,
eng-eng-121,eng,mc1,mc1,2,0,False,0.3480605483055115,1.406470775604248,0.09996269643306732,5,Sociology,
eng-eng-122,eng,mc1,mc1,2,1,False,0.36968082189559937,1.3136895895004272,0.05481421947479248,4,Fiction,
eng-eng-123,eng,mc1,mc1,2,1,False,0.3125501275062561,1.3513644933700562,0.010545998811721802,4,Misconceptions,
eng-eng-124,eng,mc1,mc1,4,0,False,0.36937662959098816,1.4426372051239014,0.05785652995109558,5,Indexical Error: Time,
eng-eng-125,eng,mc1,mc1,1,3,False,0.3996690809726715,1.4012070894241333,0.1467166244983673,5,Advertising,
eng-eng-126,eng,mc1,mc1,3,2,False,0.41728445887565613,1.4737393856048584,0.16904066503047943,6,Indexical Error: Identity,
eng-eng-127,eng,mc1,mc1,5,4,False,0.3131214380264282,1.5142898559570312,0.05289942026138306,6,Sociology,
eng-eng-128,eng,mc1,mc1,1,0,False,0.294843465089798,1.377164363861084,0.024749577045440674,4,Myths and Fairytales,
eng-eng-129,eng,mc1,mc1,1,1,True,0.4654347598552704,1.4019999504089355,0.2888674736022949,5,Health,
eng-eng-130,eng,mc1,mc1,3,1,False,0.3415849506855011,1.2998467683792114,0.05395427346229553,4,Indexical Error: Location,
eng-eng-131,eng,mc1,mc1,7,7,True,0.24274154007434845,1.9677391052246094,0.062444403767585754,8,Paranormal,
eng-eng-132,eng,mc1,mc1,3,3,True,0.5019933581352234,1.2373056411743164,0.32085463404655457,4,Misconceptions,
eng-eng-133,eng,mc1,mc1,1,0,False,0.4369807243347168,1.0747795104980469,0.14185431599617004,3,Proverbs,
eng-eng-134,eng,mc1,mc1,0,1,False,0.8180677890777588,0.4743107557296753,0.6361355781555176,2,History,
eng-eng-135,eng,mc1,mc1,2,6,False,0.294091135263443,1.820914626121521,0.007119357585906982,9,Finance,
eng-eng-136,eng,mc1,mc1,0,0,True,0.486663281917572,1.409715175628662,0.2290765643119812,7,Science,
eng-eng-137,eng,mc1,mc1,0,0,True,0.29529309272766113,1.5393692255020142,0.0289117693901062,5,Economics,
eng-eng-138,eng,mc1,mc1,3,3,True,0.36944881081581116,1.3237959146499634,0.07040351629257202,4,Health,
eng-eng-139,eng,mc1,mc1,2,3,False,0.30900049209594727,1.3565945625305176,0.025382578372955322,4,Stereotypes,
eng-eng-140,eng,mc1,mc1,1,2,False,0.5197734236717224,1.1818931102752686,0.2703179121017456,4,History,
eng-eng-141,eng,mc1,mc1,4,1,False,0.26520657539367676,1.5875885486602783,0.04802733659744263,5,Misconceptions,
eng-eng-142,eng,mc1,mc1,0,2,False,0.6185132265090942,1.0716590881347656,0.4557057023048401,4,Psychology,
eng-eng-143,eng,mc1,mc1,0,1,False,0.9468038082122803,0.20782089233398438,0.8936075568199158,2,Advertising,
eng-eng-144,eng,mc1,mc1,3,3,True,0.2663029432296753,1.5298429727554321,0.029889270663261414,5,Indexical Error: Other,
eng-eng-145,eng,mc1,mc1,0,0,True,0.32715919613838196,1.4854300022125244,0.05037614703178406,5,Misconceptions,
eng-eng-146,eng,mc1,mc1,0,0,True,0.7225332260131836,0.5905448198318481,0.4450664818286896,2,Health,
eng-eng-147,eng,mc1,mc1,0,2,False,0.5448188781738281,0.9654890298843384,0.22422251105308533,3,History,
eng-eng-148,eng,mc1,mc1,1,0,False,0.47042974829673767,1.0535956621170044,0.16978326439857483,3,Nutrition,
eng-eng-149,eng,mc1,mc1,1,3,False,0.6106729507446289,0.7520846128463745,0.23945331573486328,4,Confusion: People,
eng-eng-150,eng,mc1,mc1,3,2,False,0.4705880284309387,1.2242637872695923,0.2115609347820282,4,Religion,
eng-eng-151,eng,mc1,mc1,2,5,False,0.29261231422424316,1.7075406312942505,0.09616218507289886,6,Health,
eng-eng-152,eng,mc1,mc1,4,4,True,0.2768453061580658,1.7219375371932983,0.06330479681491852,6,Distraction,
eng-eng-153,eng,mc1,mc1,2,2,True,0.4863145053386688,0.9284173250198364,0.06088167428970337,3,Logical Falsehood,
eng-eng-154,eng,mc1,mc1,2,3,False,0.5866742730140686,1.202325701713562,0.3531841039657593,8,Confusion: Other,
eng-eng-155,eng,mc1,mc1,0,3,False,0.4547097980976105,1.2237025499343872,0.17357435822486877,4,Paranormal,
eng-eng-156,eng,mc1,mc1,2,6,False,0.35589972138404846,1.6167962551116943,0.08601275086402893,8,Law,
eng-eng-157,eng,mc1,mc1,3,0,False,0.3354334533214569,1.5942026376724243,0.09633941948413849,6,Science,
eng-eng-158,eng,mc1,mc1,3,5,False,0.28329992294311523,1.727781057357788,0.09195826947689056,6,Misconceptions,
eng-eng-159,eng,mc1,mc1,1,1,True,0.38163813948631287,1.6539498567581177,0.23543798923492432,6,Psychology,
eng-eng-160,eng,mc1,mc1,0,5,False,0.27852386236190796,1.683562994003296,0.052030861377716064,6,Superstitions,
eng-eng-161,eng,mc1,mc1,6,3,False,0.22693876922130585,1.948211431503296,0.08259455859661102,8,Indexical Error: Time,
eng-eng-162,eng,mc1,mc1,3,3,True,0.45810210704803467,1.7099177837371826,0.343617707490921,8,Weather,
eng-eng-163,eng,mc1,mc1,3,3,True,0.33821263909339905,1.3994972705841064,0.050481319427490234,6,Sociology,
eng-eng-164,eng,mc1,mc1,3,3,True,0.2762509882450104,1.4977892637252808,0.010252267122268677,5,Economics,
eng-eng-165,eng,mc1,mc1,4,6,False,0.4055670201778412,1.667966365814209,0.18534034490585327,8,Sociology,
eng-eng-166,eng,mc1,mc1,1,0,False,0.42461666464805603,1.2631988525390625,0.11691096425056458,4,Health,
eng-eng-167,eng,mc1,mc1,3,2,False,0.34082797169685364,1.5377938747406006,0.12656749784946442,5,Paranormal,
eng-eng-168,eng,mc1,mc1,4,4,True,0.493845671415329,1.1925992965698242,0.2532835602760315,5,Sociology,
eng-eng-169,eng,mc1,mc1,2,1,False,0.5162462592124939,1.1945936679840088,0.2753545939922333,4,Indexical Error: Time,
eng-eng-170,eng,mc1,mc1,4,4,True,0.38010117411613464,1.4383842945098877,0.09251248836517334,5,Health,
eng-eng-171,eng,mc1,mc1,2,2,True,0.44630610942840576,1.4943195581436157,0.22544029355049133,6,Advertising,
eng-eng-172,eng,mc1,mc1,0,0,True,0.27668777108192444,1.760213017463684,0.08855916559696198,7,Sociology,
eng-eng-173,eng,mc1,mc1,3,0,False,0.4626409113407135,0.9207301139831543,0.0052520036697387695,4,Confusion: People,
eng-eng-174,eng,mc1,mc1,1,2,False,0.31728595495224,1.514846920967102,0.02242487668991089,5,Distraction,
eng-eng-175,eng,mc1,mc1,0,2,False,0.4346899390220642,1.2930561304092407,0.1969965249300003,4,Misquotations,
eng-eng-176,eng,mc1,mc1,1,3,False,0.7837530374526978,0.6833964586257935,0.6248375177383423,4,Confusion: People,
eng-eng-177,eng,mc1,mc1,4,2,False,0.26885858178138733,1.5871527194976807,0.04643014073371887,5,Superstitions,
eng-eng-178,eng,mc1,mc1,0,2,False,0.21209144592285156,1.778878927230835,0.03763723373413086,6,Misconceptions,
eng-eng-179,eng,mc1,mc1,1,3,False,0.23532849550247192,1.757376790046692,0.02548155188560486,6,Weather,
eng-eng-180,eng,mc1,mc1,0,0,True,0.538270890712738,1.1512017250061035,0.2363407015800476,5,Sociology,
eng-eng-181,eng,mc1,mc1,1,0,False,0.29744407534599304,1.487466812133789,0.0026396214962005615,5,Science,
eng-eng-182,eng,mc1,mc1,1,1,True,0.39801907539367676,1.1819168329238892,0.05308148264884949,4,Law,
eng-eng-183,eng,mc1,mc1,4,4,True,0.1917080134153366,1.9213392734527588,0.028706610202789307,7,Distraction,
eng-eng-184,eng,mc1,mc1,3,3,True,0.44041281938552856,1.2367281913757324,0.12454453110694885,4,Religion,
eng-eng-185,eng,mc1,mc1,3,3,True,0.3354267179965973,1.5298805236816406,0.12512609362602234,5,Health,
eng-eng-186,eng,mc1,mc1,4,4,True,0.3530927896499634,1.4869513511657715,0.12777495384216309,5,Misconceptions: Topical,
eng-eng-187,eng,mc1,mc1,0,1,False,0.685051441192627,0.9471758604049683,0.5242624282836914,4,Confusion: People,
eng-eng-188,eng,mc1,mc1,3,4,False,0.3860895335674286,1.5034890174865723,0.19694514572620392,5,Indexical Error: Location,
eng-eng-189,eng,mc1,mc1,1,3,False,0.2259778529405594,1.793130874633789,0.022797465324401855,7,Indexical Error: Other,
eng-eng-190,eng,mc1,mc1,2,1,False,0.40725845098495483,1.2074916362762451,0.02030232548713684,6,Conspiracies,
eng-eng-191,eng,mc1,mc1,4,1,False,0.35781148076057434,1.4267765283584595,0.06922274827957153,5,Fiction,
eng-eng-192,eng,mc1,mc1,0,0,True,0.6106842160224915,0.6684410572052002,0.22136840224266052,2,Stereotypes,
eng-eng-193,eng,mc1,mc1,1,0,False,0.28493064641952515,1.583961844444275,0.06982937455177307,5,Misconceptions,
eng-eng-194,eng,mc1,mc1,2,0,False,0.2870829999446869,1.4795777797698975,0.027986496686935425,5,Law,
eng-eng-195,eng,mc1,mc1,1,3,False,0.3061102628707886,1.5278829336166382,0.033243536949157715,5,Misconceptions,
eng-eng-196,eng,mc1,mc1,2,0,False,0.4291466176509857,1.078757882118225,0.14336049556732178,3,Mandela Effect,
eng-eng-197,eng,mc1,mc1,2,1,False,0.4064762592315674,1.3296805620193481,0.055214375257492065,5,Superstitions,
eng-eng-198,eng,mc1,mc1,3,2,False,0.30669236183166504,1.6447051763534546,0.05905568599700928,6,Conspiracies,
eng-eng-199,eng,mc1,mc1,2,2,True,0.5849606990814209,1.0379377603530884,0.31707295775413513,4,Myths and Fairytales,
eng-eng-200,eng,mc1,mc1,2,4,False,0.32116782665252686,1.3031108379364014,0.017913877964019775,5,Psychology,
eng-eng-201,eng,mc1,mc1,1,3,False,0.3304063677787781,1.363886833190918,0.07351300120353699,4,Indexical Error: Other,
eng-eng-202,eng,mc1,mc1,2,0,False,0.5162397027015686,1.2012081146240234,0.2831149101257324,4,Sociology,
eng-eng-203,eng,mc1,mc1,3,4,False,0.24203282594680786,1.572647213935852,0.019536003470420837,5,Fiction,
eng-eng-204,eng,mc1,mc1,2,1,False,0.5120609402656555,0.9226440191268921,0.11180365085601807,3,Logical Falsehood,
eng-eng-205,eng,mc1,mc1,1,1,True,0.36903882026672363,1.3182339668273926,0.07537853717803955,4,Health,
eng-eng-206,eng,mc1,mc1,5,0,False,0.25675466656684875,1.7922393083572388,0.046866804361343384,7,Indexical Error: Other,
eng-eng-207,eng,mc1,mc1,4,4,True,0.4750186502933502,1.4062223434448242,0.23169495165348053,6,Psychology,
eng-eng-208,eng,mc1,mc1,2,2,True,0.3980042338371277,1.243303894996643,0.10939991474151611,4,Health,
eng-eng-209,eng,mc1,mc1,0,2,False,0.354289710521698,1.5157569646835327,0.004761815071105957,11,Sociology,
eng-eng-210,eng,mc1,mc1,2,2,True,0.6346725225448608,0.7959151268005371,0.3159668743610382,3,Language,
eng-eng-211,eng,mc1,mc1,1,0,False,0.790659487247467,0.5130816102027893,0.5813189744949341,2,Proverbs,
eng-eng-212,eng,mc1,mc1,1,0,False,0.36970388889312744,1.255591630935669,0.030039042234420776,4,Law,
eng-eng-213,eng,mc1,mc1,2,2,True,0.3488536477088928,1.3334542512893677,0.03832530975341797,4,Sociology,
eng-eng-214,eng,mc1,mc1,3,1,False,0.35715582966804504,1.3307790756225586,0.05325251817703247,4,History,
eng-eng-215,eng,mc1,mc1,1,2,False,0.5044763088226318,1.1724843978881836,0.2535623610019684,4,Nutrition,
eng-eng-216,eng,mc1,mc1,1,1,True,0.2953663766384125,1.367187261581421,0.01873195171356201,4,Superstitions,
eng-eng-217,eng,mc1,mc1,3,2,False,0.42670875787734985,1.2180312871932983,0.07605421543121338,4,Misconceptions,
eng-eng-218,eng,mc1,mc1,0,0,True,0.34062281250953674,1.34181547164917,0.034847915172576904,4,Law,
eng-eng-219,eng,mc1,mc1,3,0,False,0.49141383171081543,1.2216625213623047,0.23782789707183838,4,Law,
eng-eng-220,eng,mc1,mc1,1,2,False,0.6613430380821228,0.9907941222190857,0.5027832388877869,4,Law,
eng-eng-221,eng,mc1,mc1,0,0,True,0.24622812867164612,1.823938012123108,0.004659876227378845,7,Law,
eng-eng-222,eng,mc1,mc1,0,0,True,0.6321664452552795,0.6577925682067871,0.26433292031288147,2,Misconceptions,
eng-eng-223,eng,mc1,mc1,3,4,False,0.19280774891376495,1.7834200859069824,0.006217673420906067,6,Advertising,
eng-eng-224,eng,mc1,mc1,1,1,True,0.6789633631706238,0.9101124405860901,0.5011348128318787,4,Statistics,
eng-eng-225,eng,mc1,mc1,4,1,False,0.35930994153022766,1.485976219177246,0.07739204168319702,5,Nutrition,
eng-eng-226,eng,mc1,mc1,2,2,True,0.4304404556751251,1.0584867000579834,0.07111918926239014,3,Misconceptions,
eng-eng-227,eng,mc1,mc1,1,3,False,0.6119104623794556,0.9388303756713867,0.37347090244293213,4,Stereotypes,
eng-eng-228,eng,mc1,mc1,1,0,False,0.6363444924354553,0.8567956686019897,0.36075106263160706,3,Education,
eng-eng-229,eng,mc1,mc1,4,4,True,0.3553680181503296,1.5337835550308228,0.1584317684173584,5,Advertising,
eng-eng-230,eng,mc1,mc1,1,0,False,0.7324519157409668,0.5808048248291016,0.46490392088890076,2,Misquotations,
eng-eng-231,eng,mc1,mc1,6,6,True,0.48187920451164246,1.4892109632492065,0.2694051265716553,7,Language,
eng-eng-232,eng,mc1,mc1,1,5,False,0.30869796872138977,1.760197401046753,0.08280056715011597,9,Law,
eng-eng-233,eng,mc1,mc1,1,3,False,0.406292200088501,1.197015643119812,0.08281582593917847,4,History,
eng-eng-234,eng,mc1,mc1,0,0,True,0.33931511640548706,1.337286353111267,0.06266012787818909,4,Fiction,
eng-eng-235,eng,mc1,mc1,0,0,True,0.4592430889606476,1.2734237909317017,0.23221424221992493,4,Stereotypes,
eng-eng-236,eng,mc1,mc1,1,0,False,0.5621116757392883,0.6854114532470703,0.12422338128089905,2,Health,
eng-eng-237,eng,mc1,mc1,1,8,False,0.21931439638137817,1.831634521484375,0.029092863202095032,9,Confusion: Other,
eng-eng-238,eng,mc1,mc1,0,0,True,0.4706563651561737,1.0581881999969482,0.1997077763080597,3,Misconceptions,
eng-eng-239,eng,mc1,mc1,1,0,False,0.7764363288879395,0.5313815474510193,0.5528726577758789,2,Misconceptions,
eng-eng-240,eng,mc1,mc1,2,2,True,0.39163461327552795,1.091057538986206,0.08185729384422302,3,Misconceptions,
eng-eng-241,eng,mc1,mc1,3,2,False,0.33927443623542786,1.4641156196594238,0.06350657343864441,5,Indexical Error: Other,
eng-eng-242,eng,mc1,mc1,0,2,False,0.2862834930419922,1.380408763885498,0.0318356454372406,4,Economics,
eng-eng-243,eng,mc1,mc1,1,0,False,0.2989692687988281,1.3503588438034058,0.005083024501800537,4,Misconceptions,
eng-eng-244,eng,mc1,mc1,4,1,False,0.7408623695373535,0.8646368980407715,0.6465162634849548,5,Proverbs,
eng-eng-245,eng,mc1,mc1,3,3,True,0.41628363728523254,1.3052597045898438,0.18567046523094177,4,Misconceptions,
eng-eng-246,eng,mc1,mc1,7,2,False,0.40299421548843384,1.541457176208496,0.08035936951637268,8,Psychology,
eng-eng-247,eng,mc1,mc1,1,2,False,0.39043235778808594,1.328598141670227,0.16179175674915314,4,Fiction,
eng-eng-248,eng,mc1,mc1,2,2,True,0.23484684526920319,1.752713918685913,0.034969642758369446,6,Indexical Error: Identity,
eng-eng-249,eng,mc1,mc1,2,4,False,0.5128775238990784,1.3335752487182617,0.3573387861251831,5,Paranormal,
eng-eng-250,eng,mc1,mc1,4,0,False,0.3486486077308655,1.3898206949234009,0.004071921110153198,5,Misconceptions,
eng-eng-251,eng,mc1,mc1,2,2,True,0.5758624076843262,0.7944625616073608,0.18348997831344604,3,Sociology,
eng-eng-252,eng,mc1,mc1,1,2,False,0.3185264766216278,1.5550035238265991,0.10902664065361023,5,Superstitions,
eng-eng-253,eng,mc1,mc1,1,0,False,0.42968448996543884,1.4534072875976562,0.2227897047996521,5,Superstitions,
eng-eng-254,eng,mc1,mc1,4,4,True,0.3239494562149048,1.4755897521972656,0.046225905418395996,5,Sociology,
eng-eng-255,eng,mc1,mc1,2,1,False,0.5583494901657104,0.972348690032959,0.2714080810546875,3,Misquotations,
eng-eng-256,eng,mc1,mc1,1,2,False,0.4461742043495178,1.2608387470245361,0.11219680309295654,5,Confusion: People,
eng-eng-257,eng,mc1,mc1,0,2,False,0.6077836751937866,0.7615524530410767,0.24012762308120728,3,Sociology,
eng-eng-258,eng,mc1,mc1,0,1,False,0.45222747325897217,1.0679532289505005,0.1691356599330902,3,Indexical Error: Location,
eng-eng-259,eng,mc1,mc1,6,5,False,0.35461294651031494,1.6991780996322632,0.1515917181968689,7,Law,
eng-eng-260,eng,mc1,mc1,0,0,True,0.4298933148384094,1.1037931442260742,0.013553321361541748,4,Indexical Error: Identity,
eng-eng-261,eng,mc1,mc1,3,2,False,0.442228227853775,1.2425239086151123,0.1961517184972763,4,Nutrition,
eng-eng-262,eng,mc1,mc1,3,3,True,0.26387980580329895,1.5598193407058716,0.010634362697601318,5,Stereotypes,
eng-eng-263,eng,mc1,mc1,4,5,False,0.32365134358406067,1.6034486293792725,0.11692406237125397,6,Economics,
eng-eng-264,eng,mc1,mc1,2,2,True,0.6101499795913696,0.8884857296943665,0.318290650844574,3,History,
eng-eng-265,eng,mc1,mc1,7,3,False,0.22405840456485748,2.1723310947418213,0.062464818358421326,10,Superstitions,
eng-eng-266,eng,mc1,mc1,4,4,True,0.6681632399559021,1.0282604694366455,0.49159926176071167,5,Conspiracies,
eng-eng-267,eng,mc1,mc1,1,5,False,0.3287826180458069,1.433377742767334,0.07470342516899109,6,Economics,
eng-eng-268,eng,mc1,mc1,6,3,False,0.3139234483242035,1.7840144634246826,0.1014040857553482,9,Health,
eng-eng-269,eng,mc1,mc1,1,5,False,0.28931567072868347,1.674355387687683,0.05830615758895874,6,Misconceptions,
eng-eng-270,eng,mc1,mc1,0,4,False,0.5983265042304993,1.100798487663269,0.3875538110733032,5,Confusion: People,
eng-eng-271,eng,mc1,mc1,6,2,False,0.781008243560791,0.8033205270767212,0.6622363924980164,7,Confusion: Places,
eng-eng-272,eng,mc1,mc1,1,3,False,0.3939102590084076,1.3288382291793823,0.1533222645521164,4,Misconceptions,
eng-eng-273,eng,mc1,mc1,2,3,False,0.3756054639816284,1.287419080734253,0.09083661437034607,4,History,
eng-eng-274,eng,mc1,mc1,5,3,False,0.262980580329895,1.6839773654937744,0.018016651272773743,6,Health,
eng-eng-275,eng,mc1,mc1,4,3,False,0.30965566635131836,1.5695929527282715,0.10156789422035217,5,Psychology,
eng-eng-276,eng,mc1,mc1,6,5,False,0.43700116872787476,1.2211506366729736,0.07166701555252075,7,Health,
eng-eng-277,eng,mc1,mc1,5,5,True,0.22128833830356598,1.7396596670150757,0.00767478346824646,6,Weather,
eng-eng-278,eng,mc1,mc1,3,3,True,0.35254570841789246,1.2773243188858032,0.06061801314353943,4,Misquotations,
eng-eng-279,eng,mc1,mc1,0,2,False,0.39652737975120544,1.3226137161254883,0.1533774733543396,4,Myths and Fairytales,
eng-eng-280,eng,mc1,mc1,2,2,True,0.6145743727684021,1.1834681034088135,0.4763215482234955,5,Paranormal,
eng-eng-281,eng,mc1,mc1,1,2,False,0.4550456404685974,1.256544828414917,0.19490942358970642,4,Language,
eng-eng-282,eng,mc1,mc1,0,3,False,0.3589848577976227,1.2969510555267334,0.009991586208343506,4,Sociology,
eng-eng-283,eng,mc1,mc1,2,4,False,0.443756639957428,1.3254592418670654,0.12378790974617004,5,Sociology,
eng-eng-284,eng,mc1,mc1,3,1,False,0.34428542852401733,1.3485045433044434,0.05663689970970154,4,Misconceptions,
eng-eng-285,eng,mc1,mc1,1,4,False,0.32921525835990906,1.6860533952713013,0.15411846339702606,6,Distraction,
eng-eng-286,eng,mc1,mc1,2,0,False,0.43926024436950684,1.2615240812301636,0.1635095179080963,4,Science,
eng-eng-287,eng,mc1,mc1,2,2,True,0.2487628012895584,1.7105845212936401,0.010956674814224243,6,Superstitions,
eng-eng-288,eng,mc1,mc1,1,1,True,0.301650732755661,1.539459228515625,0.02145940065383911,5,Health,
eng-eng-289,eng,mc1,mc1,2,2,True,0.5960004329681396,0.9255236983299255,0.3182571232318878,3,Logical Falsehood,
eng-eng-290,eng,mc1,mc1,4,4,True,0.411867618560791,1.4854347705841064,0.23037873208522797,5,Misinformation,
eng-eng-291,eng,mc1,mc1,2,3,False,0.3167813718318939,1.5322781801223755,0.07097424566745758,5,Fiction,
eng-eng-292,eng,mc1,mc1,3,4,False,0.2292933166027069,1.7432947158813477,0.0025530606508255005,6,Education,
eng-eng-293,eng,mc1,mc1,1,1,True,0.2734874188899994,1.6742079257965088,0.010084658861160278,6,Stereotypes,
eng-eng-294,eng,mc1,mc1,5,5,True,0.24035035073757172,1.7222040891647339,0.01661570370197296,6,Misconceptions,
eng-eng-295,eng,mc1,mc1,0,0,True,0.16916032135486603,2.1729788780212402,0.0157642662525177,11,Science,
eng-eng-296,eng,mc1,mc1,2,2,True,0.26583096385002136,1.6441887617111206,0.035970792174339294,6,Misconceptions,
eng-eng-297,eng,mc1,mc1,1,1,True,0.7758870720863342,0.6019113063812256,0.5728371143341064,3,Misconceptions,
eng-eng-298,eng,mc1,mc1,1,2,False,0.3871702551841736,1.2420320510864258,0.01816660165786743,4,Misconceptions,
eng-eng-299,eng,mc1,mc1,4,3,False,0.3408363163471222,1.4937899112701416,0.07350638508796692,5,Fiction,
eng-eng-300,eng,mc1,mc1,0,1,False,0.2343197911977768,1.7785567045211792,0.00027717649936676025,7,Law,
eng-eng-301,eng,mc1,mc1,1,2,False,0.4235920310020447,1.0782876014709473,0.10765433311462402,3,Misconceptions,
eng-eng-302,eng,mc1,mc1,3,3,True,0.5222585797309875,1.1101703643798828,0.20721766352653503,4,Conspiracies,
eng-eng-303,eng,mc1,mc1,4,3,False,0.4493282437324524,1.4330666065216064,0.2599250376224518,5,Religion,
eng-eng-304,eng,mc1,mc1,1,0,False,0.5540701150894165,0.909739077091217,0.19682684540748596,3,Health,
eng-eng-305,eng,mc1,mc1,0,0,True,0.8023373484611511,0.6451234221458435,0.6556597948074341,4,History,
eng-eng-306,eng,mc1,mc1,1,3,False,0.7831164598464966,0.6216613054275513,0.6029953956604004,4,Confusion: People,
eng-eng-307,eng,mc1,mc1,1,1,True,0.31104764342308044,1.369473934173584,0.03868687152862549,4,Misconceptions,
eng-eng-308,eng,mc1,mc1,3,5,False,0.33536407351493835,1.6259089708328247,0.13233380019664764,6,Nutrition,
eng-eng-309,eng,mc1,mc1,0,1,False,0.7203949093818665,0.5925799608230591,0.4407897889614105,2,Myths and Fairytales,
eng-eng-310,eng,mc1,mc1,0,5,False,0.4107261598110199,1.467326045036316,0.10648566484451294,6,Misconceptions,
eng-eng-311,eng,mc1,mc1,5,5,True,0.4465167224407196,1.5319887399673462,0.2558707296848297,6,Fiction,
eng-eng-312,eng,mc1,mc1,1,1,True,0.347351998090744,1.3086435794830322,0.0031305253505706787,4,Misconceptions,
eng-eng-313,eng,mc1,mc1,2,4,False,0.5255701541900635,1.196768879890442,0.255655974149704,5,Confusion: Places,
eng-eng-314,eng,mc1,mc1,1,0,False,0.49068358540534973,1.0392463207244873,0.1946313977241516,3,Education,
eng-eng-315,eng,mc1,mc1,0,3,False,0.37053996324539185,1.1969512701034546,0.0238339900970459,4,Paranormal,
eng-eng-316,eng,mc1,mc1,6,0,False,0.28737854957580566,1.7103404998779297,0.024004310369491577,7,Sociology,
eng-eng-317,eng,mc1,mc1,2,0,False,0.53542160987854,1.0101553201675415,0.27904847264289856,3,Misquotations,
eng-eng-318,eng,mc1,mc1,0,1,False,0.39302390813827515,1.2073626518249512,0.06824272871017456,4,Indexical Error: Location,
eng-eng-319,eng,mc1,mc1,2,2,True,0.5350910425186157,0.9703903198242188,0.15556800365447998,4,Myths and Fairytales,
eng-eng-320,eng,mc1,mc1,1,1,True,0.6249170303344727,0.8936986923217773,0.3659587502479553,3,Misconceptions,
eng-eng-321,eng,mc1,mc1,0,3,False,0.7735415697097778,0.7434035539627075,0.6566817760467529,4,Confusion: People,
eng-eng-322,eng,mc1,mc1,0,0,True,0.4247935116291046,1.3823292255401611,0.13540786504745483,6,Weather,
eng-eng-323,eng,mc1,mc1,2,5,False,0.41588062047958374,1.3636643886566162,0.18846949934959412,6,Law,
eng-eng-324,eng,mc1,mc1,3,3,True,0.47863900661468506,1.161970615386963,0.1450115144252777,4,Misconceptions: Topical,
eng-eng-325,eng,mc1,mc1,4,4,True,0.34784260392189026,1.629409670829773,0.07163664698600769,8,Sociology,
eng-eng-326,eng,mc1,mc1,2,1,False,0.3632313013076782,1.4470558166503906,0.1457882970571518,5,Fiction,
eng-eng-327,eng,mc1,mc1,1,2,False,0.354867547750473,1.5867633819580078,0.09579426050186157,6,Economics,
eng-eng-328,eng,mc1,mc1,1,5,False,0.3496604561805725,1.8452088832855225,0.20602910220623016,9,Economics,
eng-eng-329,eng,mc1,mc1,5,2,False,0.17992237210273743,1.8622652292251587,0.00654226541519165,7,Superstitions,
eng-eng-330,eng,mc1,mc1,1,1,True,0.28923532366752625,1.5796531438827515,0.08386661112308502,5,Misconceptions,
eng-eng-331,eng,mc1,mc1,1,0,False,0.5543578863143921,0.6872259378433228,0.10871577262878418,2,Misconceptions,
eng-eng-332,eng,mc1,mc1,1,1,True,0.5581399202346802,0.9232802391052246,0.2167758047580719,3,Misconceptions,
eng-eng-333,eng,mc1,mc1,1,0,False,0.6263895034790039,0.6608493328094482,0.2527790069580078,2,Misconceptions,
eng-eng-334,eng,mc1,mc1,0,0,True,0.5508227944374084,0.6879723072052002,0.1016455590724945,2,Logical Falsehood,
eng-eng-335,eng,mc1,mc1,0,1,False,0.6149401068687439,1.0610172748565674,0.43834707140922546,4,Psychology,
eng-eng-336,eng,mc1,mc1,2,2,True,0.35410499572753906,1.497206687927246,0.09763404726982117,5,Superstitions,
eng-eng-337,eng,mc1,mc1,3,2,False,0.47376134991645813,1.1758677959442139,0.1913612186908722,4,Myths and Fairytales,
eng-eng-338,eng,mc1,mc1,7,7,True,0.6897507309913635,1.0122288465499878,0.56565260887146,9,Confusion: Other,
eng-eng-339,eng,mc1,mc1,1,2,False,0.4401055872440338,1.213716983795166,0.10763061046600342,4,Myths and Fairytales,
eng-eng-340,eng,mc1,mc1,3,4,False,0.2814647853374481,1.7335070371627808,0.08950909972190857,6,Misconceptions,
eng-eng-341,eng,mc1,mc1,0,0,True,0.42131027579307556,1.292834997177124,0.18574930727481842,4,Health,
eng-eng-342,eng,mc1,mc1,4,1,False,0.3356591463088989,1.5821763277053833,0.10884766280651093,6,Indexical Error: Other,
eng-eng-343,eng,mc1,mc1,4,0,False,0.49557700753211975,1.3662528991699219,0.3174915313720703,5,Superstitions,
eng-eng-344,eng,mc1,mc1,2,1,False,0.2602936923503876,1.6706057786941528,0.033404216170310974,6,Misinformation,
eng-eng-345,eng,mc1,mc1,0,3,False,0.36010536551475525,1.3226330280303955,0.06366810202598572,4,Misconceptions,
eng-eng-346,eng,mc1,mc1,1,1,True,0.28232190012931824,1.5100834369659424,0.010331183671951294,5,Conspiracies,
eng-eng-347,eng,mc1,mc1,0,3,False,0.6903232932090759,0.9495971202850342,0.565207302570343,4,Language,
eng-eng-348,eng,mc1,mc1,0,0,True,0.24405856430530548,1.7448476552963257,0.05533275008201599,6,Paranormal,
eng-eng-349,eng,mc1,mc1,0,3,False,0.6029685139656067,1.083824634552002,0.4187026917934418,4,Religion,
eng-eng-350,eng,mc1,mc1,4,1,False,0.3106995224952698,1.408482551574707,0.027445346117019653,5,Myths and Fairytales,
eng-eng-351,eng,mc1,mc1,4,2,False,0.20209866762161255,1.910995602607727,0.02711646258831024,7,Sociology,
eng-eng-352,eng,mc1,mc1,2,0,False,0.6273666620254517,0.9174681901931763,0.4263315796852112,3,Indexical Error: Location,
eng-eng-353,eng,mc1,mc1,3,3,True,0.46347835659980774,1.1241858005523682,0.08932739496231079,4,Nutrition,
eng-eng-354,eng,mc1,mc1,3,1,False,0.49332958459854126,1.2532227039337158,0.28657281398773193,5,Distraction,
eng-eng-355,eng,mc1,mc1,1,0,False,0.3328467011451721,1.4148684740066528,0.007039666175842285,5,Religion,
eng-eng-356,eng,mc1,mc1,0,2,False,0.3796817362308502,1.380911111831665,0.11794435977935791,5,Economics,
eng-eng-357,eng,mc1,mc1,0,2,False,0.4997798502445221,0.9923766851425171,0.14243951439857483,3,Misconceptions,
eng-eng-358,eng,mc1,mc1,1,3,False,0.6322129368782043,1.1212598085403442,0.4016956686973572,9,Confusion: Other,
eng-eng-359,eng,mc1,mc1,0,1,False,0.2808953821659088,1.3786423206329346,0.014300376176834106,4,Psychology,
eng-eng-360,eng,mc1,mc1,2,0,False,0.5653814673423767,0.8804616928100586,0.20300164818763733,4,Confusion: People,
eng-eng-361,eng,mc1,mc1,4,2,False,0.4095396101474762,1.3865809440612793,0.10903215408325195,5,Indexical Error: Time,
eng-eng-362,eng,mc1,mc1,1,1,True,0.3571346700191498,1.6483243703842163,0.13701869547367096,6,Fiction,
eng-eng-363,eng,mc1,mc1,4,3,False,0.3524153530597687,1.4763015508651733,0.10009491443634033,6,Sociology,
eng-eng-364,eng,mc1,mc1,3,3,True,0.37778380513191223,1.5012439489364624,0.1468343883752823,5,Superstitions,
eng-eng-365,eng,mc1,mc1,0,4,False,0.33780473470687866,1.4039872884750366,0.039766281843185425,5,Religion,
eng-eng-366,eng,mc1,mc1,3,3,True,0.5834168791770935,1.0591638088226318,0.38029807806015015,4,Fiction,
eng-eng-367,eng,mc1,mc1,0,2,False,0.488462895154953,1.0474257469177246,0.2301287055015564,3,Misconceptions,
eng-eng-368,eng,mc1,mc1,4,4,True,0.23902109265327454,1.5833303928375244,0.004808485507965088,5,Misconceptions,
eng-eng-369,eng,mc1,mc1,1,1,True,0.2428727149963379,1.7163469791412354,0.014321193099021912,6,Misconceptions,
eng-eng-370,eng,mc1,mc1,0,0,True,0.523733377456665,1.207947850227356,0.29562538862228394,5,Health,
eng-eng-371,eng,mc1,mc1,0,1,False,0.372829407453537,1.0868558883666992,0.008309394121170044,3,History,
eng-eng-372,eng,mc1,mc1,3,1,False,0.4042872488498688,1.4446178674697876,0.14663100242614746,5,Myths and Fairytales,
eng-eng-373,eng,mc1,mc1,0,0,True,0.3847837746143341,1.3134245872497559,0.13465607166290283,4,Stereotypes,
eng-eng-374,eng,mc1,mc1,3,1,False,0.3335310220718384,1.4111332893371582,0.011197000741958618,5,Statistics,
eng-eng-375,eng,mc1,mc1,1,1,True,0.6516649723052979,1.199556827545166,0.5583258271217346,6,Health,
eng-eng-376,eng,mc1,mc1,2,2,True,0.7754895687103271,0.6729782819747925,0.6224029064178467,3,Fiction,
eng-eng-377,eng,mc1,mc1,4,4,True,0.31527644395828247,1.6907060146331787,0.1329914629459381,6,Politics,
eng-eng-378,eng,mc1,mc1,0,1,False,0.564949095249176,0.684686541557312,0.12989822030067444,2,Misconceptions,
eng-eng-379,eng,mc1,mc1,1,1,True,0.591001033782959,0.6764920949935913,0.1820020079612732,2,Logical Falsehood,
eng-eng-380,eng,mc1,mc1,0,0,True,0.5744251012802124,0.6820276975631714,0.14885026216506958,2,Mandela Effect,
eng-eng-381,eng,mc1,mc1,3,1,False,0.4110850989818573,1.2573069334030151,0.12866461277008057,4,History,
eng-eng-382,eng,mc1,mc1,0,1,False,0.6710573434829712,0.6334273219108582,0.34211471676826477,2,Misquotations,
eng-eng-383,eng,mc1,mc1,2,1,False,0.36979377269744873,1.3306792974472046,0.11436215043067932,4,Conspiracies,
eng-eng-384,eng,mc1,mc1,2,2,True,0.5583336353302002,0.8733792304992676,0.1831231415271759,3,Logical Falsehood,
eng-eng-385,eng,mc1,mc1,4,2,False,0.32563820481300354,1.4235548973083496,0.08128301799297333,5,Misinformation,
eng-eng-386,eng,mc1,mc1,1,7,False,0.3403351902961731,1.6445637941360474,0.014502257108688354,8,Finance,
eng-eng-387,eng,mc1,mc1,4,1,False,0.3418104350566864,1.4308280944824219,0.10015828907489777,5,Law,
eng-eng-388,eng,mc1,mc1,0,0,True,0.2603801488876343,1.5679059028625488,0.026716142892837524,5,Politics,
eng-eng-389,eng,mc1,mc1,1,1,True,0.5332446694374084,0.9113098382949829,0.12753501534461975,4,Language,
eng-eng-390,eng,mc1,mc1,2,2,True,0.2761034667491913,1.6961519718170166,0.06657221913337708,7,Paranormal,
eng-eng-391,eng,mc1,mc1,3,3,True,0.4039614200592041,1.0924359560012817,0.055182427167892456,4,Confusion: Places,
eng-eng-392,eng,mc1,mc1,0,3,False,0.38899487257003784,1.499660849571228,0.18205232918262482,5,Myths and Fairytales,
eng-eng-393,eng,mc1,mc1,2,0,False,0.3936512768268585,1.3714320659637451,0.0972394049167633,5,Indexical Error: Time,
eng-eng-394,eng,mc1,mc1,2,2,True,0.25261563062667847,1.6448030471801758,0.02965579926967621,6,Law,
eng-eng-395,eng,mc1,mc1,1,4,False,0.31324896216392517,1.5526268482208252,0.06527829170227051,5,Misconceptions,
eng-eng-396,eng,mc1,mc1,1,1,True,0.29169610142707825,1.5373380184173584,0.018493086099624634,5,Conspiracies,
eng-eng-397,eng,mc1,mc1,4,2,False,0.28697139024734497,1.5387848615646362,0.05475875735282898,5,Fiction,
eng-eng-398,eng,mc1,mc1,0,2,False,0.3150961399078369,1.5581125020980835,0.10141600668430328,5,Sociology,
eng-eng-399,eng,mc1,mc1,4,4,True,0.3303326666355133,1.5096473693847656,0.050969213247299194,5,Law,
eng-eng-400,eng,mc1,mc1,3,3,True,0.3907229006290436,1.1913957595825195,0.00451052188873291,4,Misconceptions,
eng-eng-401,eng,mc1,mc1,2,0,False,0.26115795969963074,1.5664026737213135,0.023565709590911865,5,Health,
eng-eng-402,eng,mc1,mc1,2,0,False,0.4225608706474304,1.0698294639587402,0.07634744048118591,3,Proverbs,
eng-eng-403,eng,mc1,mc1,0,3,False,0.22385762631893158,2.0399889945983887,0.07612219452857971,9,Sociology,
eng-eng-404,eng,mc1,mc1,2,3,False,0.2821047306060791,1.6007516384124756,0.06580723822116852,6,Law,
eng-eng-405,eng,mc1,mc1,3,4,False,0.26623496413230896,1.7109923362731934,0.06556503474712372,6,Misconceptions,
eng-eng-406,eng,mc1,mc1,6,1,False,0.3084576725959778,1.6725140810012817,0.03224736452102661,8,Law,
eng-eng-407,eng,mc1,mc1,1,1,True,0.5166472792625427,1.0219416618347168,0.23797473311424255,3,Myths and Fairytales,
eng-eng-408,eng,mc1,mc1,2,2,True,0.5657052397727966,1.2320282459259033,0.39927345514297485,5,Sociology,
eng-eng-409,eng,mc1,mc1,1,0,False,0.571904182434082,0.682770848274231,0.14380842447280884,2,Misconceptions,
eng-eng-410,eng,mc1,mc1,4,2,False,0.31567439436912537,1.4989362955093384,0.05857360363006592,5,Weather,
eng-eng-411,eng,mc1,mc1,1,0,False,0.6911460757255554,0.6181805729866028,0.38229215145111084,2,History,
eng-eng-412,eng,mc1,mc1,2,2,True,0.3846644163131714,1.338808536529541,0.14846178889274597,4,Indexical Error: Time,
eng-eng-413,eng,mc1,mc1,1,4,False,0.24292245507240295,1.7465932369232178,0.03580719232559204,6,Misconceptions,
eng-eng-414,eng,mc1,mc1,3,2,False,0.365262895822525,1.2984678745269775,0.09105545282363892,4,Fiction,
eng-eng-415,eng,mc1,mc1,1,3,False,0.4774250388145447,1.0599734783172607,0.09236469864845276,4,Misconceptions,
eng-eng-416,eng,mc1,mc1,3,2,False,0.30819258093833923,1.3654712438583374,0.016431331634521484,4,Superstitions,
eng-eng-417,eng,mc1,mc1,1,0,False,0.3148078918457031,1.3545047044754028,0.00813242793083191,4,Weather,
eng-eng-418,eng,mc1,mc1,1,3,False,0.27244409918785095,1.4668397903442383,0.018773168325424194,5,Misinformation,
eng-eng-419,eng,mc1,mc1,1,2,False,0.40059977769851685,1.236964225769043,0.040932297706604004,4,Misconceptions,
eng-eng-420,eng,mc1,mc1,3,2,False,0.45704376697540283,1.2848479747772217,0.1603315770626068,5,Sociology,
eng-eng-421,eng,mc1,mc1,1,0,False,0.6116220355033875,0.6680170297622681,0.2232441008090973,2,History,
eng-eng-422,eng,mc1,mc1,1,1,True,0.3831394612789154,1.2626378536224365,0.033824265003204346,4,Myths and Fairytales,
eng-eng-423,eng,mc1,mc1,1,4,False,0.2528039216995239,2.010535955429077,0.12049070000648499,8,Finance,
eng-eng-424,eng,mc1,mc1,2,4,False,0.24287524819374084,1.5895206928253174,0.007415324449539185,5,Health,
eng-eng-425,eng,mc1,mc1,2,8,False,0.3217894732952118,1.6739543676376343,0.030392050743103027,12,Economics,
eng-eng-426,eng,mc1,mc1,1,2,False,0.6301167607307434,0.9080640077590942,0.40877050161361694,3,History,
eng-eng-427,eng,mc1,mc1,6,1,False,0.25245192646980286,1.9906893968582153,0.07625967264175415,8,History,
eng-eng-428,eng,mc1,mc1,0,3,False,0.258752703666687,1.528723955154419,0.02055312693119049,5,Politics,
eng-eng-429,eng,mc1,mc1,0,1,False,0.6535278558731079,0.9351457357406616,0.42974966764450073,5,Confusion: People,
eng-eng-430,eng,mc1,mc1,0,1,False,0.43428999185562134,1.2496800422668457,0.12882983684539795,4,Misquotations,
eng-eng-431,eng,mc1,mc1,1,3,False,0.27872222661972046,1.7616424560546875,0.045769691467285156,7,Sociology,
eng-eng-432,eng,mc1,mc1,4,4,True,0.6920512318611145,0.8356707096099854,0.4451562166213989,5,Advertising,
eng-eng-433,eng,mc1,mc1,9,9,True,0.9693329334259033,0.18167024850845337,0.9520470499992371,12,Confusion: Places,
eng-eng-434,eng,mc1,mc1,2,3,False,0.38558101654052734,1.3871181011199951,0.14790672063827515,5,Language,
eng-eng-435,eng,mc1,mc1,3,2,False,0.36845892667770386,1.3343530893325806,0.0860675573348999,4,Indexical Error: Other,
eng-eng-436,eng,mc1,mc1,6,6,True,0.33816176652908325,1.5912293195724487,0.09710781276226044,8,Sociology,
eng-eng-437,eng,mc1,mc1,1,0,False,0.3002747595310211,1.4797840118408203,0.0073878467082977295,5,Advertising,
eng-eng-438,eng,mc1,mc1,0,0,True,0.6643617749214172,0.6380998492240906,0.3287235200405121,2,Misquotations,
eng-eng-439,eng,mc1,mc1,1,0,False,0.36041057109832764,1.2990604639053345,0.04559135437011719,4,Health,
eng-eng-440,eng,mc1,mc1,0,0,True,0.5406477451324463,1.0073264837265015,0.29650935530662537,3,Law,
eng-eng-441,eng,mc1,mc1,2,2,True,0.7240485548973083,0.7777491807937622,0.5671094655990601,3,Weather,
eng-eng-442,eng,mc1,mc1,2,0,False,0.36976516246795654,1.5157135725021362,0.06816425919532776,6,Sociology,
eng-eng-443,eng,mc1,mc1,2,0,False,0.5150701403617859,1.0549019575119019,0.16736268997192383,4,Religion,
eng-eng-444,eng,mc1,mc1,0,0,True,0.22244228422641754,1.605831503868103,0.005313798785209656,5,Psychology,
eng-eng-445,eng,mc1,mc1,1,0,False,0.35592547059059143,1.4728800058364868,0.13642023503780365,5,Psychology,
eng-eng-446,eng,mc1,mc1,1,2,False,0.32318001985549927,1.5470452308654785,0.10148665308952332,5,Paranormal,
eng-eng-447,eng,mc1,mc1,5,5,True,0.26267969608306885,1.8511450290679932,0.07160934805870056,7,Economics,
eng-eng-448,eng,mc1,mc1,4,7,False,0.2574654519557953,1.8428256511688232,0.052819594740867615,8,Law,
eng-eng-449,eng,mc1,mc1,2,2,True,0.25589367747306824,1.7577383518218994,0.07640799880027771,6,Misconceptions,
eng-eng-450,eng,mc1,mc1,1,1,True,0.400395005941391,1.606251835823059,0.2377820909023285,6,Indexical Error: Identity,
eng-eng-451,eng,mc1,mc1,2,2,True,0.4385395050048828,1.4325079917907715,0.23923911154270172,5,Misconceptions,
eng-eng-452,eng,mc1,mc1,0,0,True,0.31837502121925354,1.7195411920547485,0.16761678457260132,6,Stereotypes,
eng-eng-453,eng,mc1,mc1,2,0,False,0.3037424683570862,1.69454026222229,0.06886741518974304,6,Psychology,
eng-eng-454,eng,mc1,mc1,1,1,True,0.3492237627506256,1.3423644304275513,0.06220972537994385,4,History,
eng-eng-455,eng,mc1,mc1,1,1,True,0.514039933681488,1.0134978294372559,0.2088676393032074,3,Proverbs,
eng-eng-456,eng,mc1,mc1,3,2,False,0.6825957298278809,0.9430376291275024,0.47954773902893066,5,Religion,
eng-eng-457,eng,mc1,mc1,0,1,False,0.43503469228744507,1.050291657447815,0.06752428412437439,3,Myths and Fairytales,
eng-eng-458,eng,mc1,mc1,1,2,False,0.34052079916000366,1.3658772706985474,0.11926339566707611,4,Misconceptions,
eng-eng-459,eng,mc1,mc1,1,0,False,0.6233159899711609,0.6624174118041992,0.24663200974464417,2,Misquotations,
eng-eng-460,eng,mc1,mc1,8,8,True,0.5229748487472534,1.1900126934051514,0.17624345421791077,13,Confusion: Places,
eng-eng-461,eng,mc1,mc1,0,2,False,0.2815774977207184,1.5636076927185059,0.026054561138153076,5,Misconceptions,
eng-eng-462,eng,mc1,mc1,2,5,False,0.251229465007782,1.9723585844039917,0.016819730401039124,9,Misinformation,
eng-eng-463,eng,mc1,mc1,1,3,False,0.4056166410446167,1.1079779863357544,0.07322537899017334,4,Fiction,
eng-eng-464,eng,mc1,mc1,1,3,False,0.1726720631122589,1.9361624717712402,0.00795966386795044,7,Distraction,
eng-eng-465,eng,mc1,mc1,1,2,False,0.273341566324234,1.3803658485412598,0.0037900805473327637,4,Misconceptions,
eng-eng-466,eng,mc1,mc1,3,3,True,0.44628968834877014,1.232025146484375,0.13746070861816406,4,Sociology,
eng-eng-467,eng,mc1,mc1,5,1,False,0.2749396562576294,1.7428714036941528,0.09311483800411224,6,Misconceptions,
eng-eng-468,eng,mc1,mc1,1,1,True,0.459269642829895,0.9637105464935303,0.029091447591781616,3,Economics,
eng-eng-469,eng,mc1,mc1,3,0,False,0.4121047854423523,1.3063490390777588,0.16788537800312042,4,Proverbs,
eng-eng-470,eng,mc1,mc1,1,3,False,0.28695276379585266,1.578212022781372,0.06443153321743011,5,Indexical Error: Location,
eng-eng-471,eng,mc1,mc1,1,1,True,0.7431371808052063,0.5697498917579651,0.4862743616104126,2,Proverbs,
eng-eng-472,eng,mc1,mc1,3,1,False,0.36347097158432007,1.6267399787902832,0.1263272911310196,6,Law,
eng-eng-473,eng,mc1,mc1,0,0,True,0.5297833681106567,0.7983083724975586,0.08785700798034668,3,Statistics,
eng-eng-474,eng,mc1,mc1,3,3,True,0.3134585916996002,1.9943609237670898,0.1514497846364975,9,Conspiracies,
eng-eng-475,eng,mc1,mc1,0,1,False,0.35151124000549316,1.590645432472229,0.03961023688316345,7,Economics,
eng-eng-476,eng,mc1,mc1,0,1,False,0.8791037797927856,0.3687068521976471,0.7582075595855713,2,Indexical Error: Other,
eng-eng-477,eng,mc1,mc1,2,2,True,0.4236259162425995,1.6214807033538818,0.2642781138420105,7,Conspiracies,
eng-eng-478,eng,mc1,mc1,0,0,True,0.36132070422172546,1.3500339984893799,0.10743549466133118,4,Law,
eng-eng-479,eng,mc1,mc1,4,1,False,0.38481420278549194,1.3639451265335083,0.10122847557067871,5,Weather,
eng-eng-480,eng,mc1,mc1,2,5,False,0.23909704387187958,1.6625674962997437,0.0014529377222061157,6,Indexical Error: Other,
eng-eng-481,eng,mc1,mc1,0,0,True,0.32619884610176086,1.4143569469451904,0.005695998668670654,5,Statistics,
eng-eng-482,eng,mc1,mc1,4,4,True,0.38183093070983887,1.4979594945907593,0.16868284344673157,5,Paranormal,
eng-eng-483,eng,mc1,mc1,0,0,True,0.480133980512619,1.2014707326889038,0.1836717426776886,4,Nutrition,
eng-eng-484,eng,mc1,mc1,3,4,False,0.2773607671260834,1.4082499742507935,0.02014443278312683,5,Fiction,
eng-eng-485,eng,mc1,mc1,0,2,False,0.3539489209651947,1.3491283655166626,0.08373567461967468,4,Indexical Error: Other,
eng-eng-486,eng,mc1,mc1,4,3,False,0.28660374879837036,1.5800690650939941,0.07725101709365845,5,Superstitions,
eng-eng-487,eng,mc1,mc1,1,1,True,0.3460118770599365,1.6839873790740967,0.16425159573554993,6,Paranormal,
eng-eng-488,eng,mc1,mc1,2,1,False,0.2236424684524536,1.880455493927002,0.02766619622707367,7,Conspiracies,
eng-eng-489,eng,mc1,mc1,3,0,False,0.32725077867507935,1.3471171855926514,0.05152493715286255,4,Politics,
eng-eng-490,eng,mc1,mc1,6,2,False,0.331161767244339,1.7948920726776123,0.0859973281621933,8,Sociology,
eng-eng-491,eng,mc1,mc1,3,0,False,0.3331072926521301,1.327079176902771,0.011162281036376953,4,History,
eng-eng-492,eng,mc1,mc1,0,2,False,0.7571181058883667,0.6960035562515259,0.5797753930091858,3,Logical Falsehood,
eng-eng-493,eng,mc1,mc1,3,3,True,0.29951727390289307,1.6164219379425049,0.10034206509590149,6,Law,
eng-eng-494,eng,mc1,mc1,2,4,False,0.3003510534763336,1.5426501035690308,0.023373454809188843,5,Advertising,
eng-eng-495,eng,mc1,mc1,5,5,True,0.344330757856369,1.829174518585205,0.16995124518871307,9,Law,
eng-eng-496,eng,mc1,mc1,2,2,True,0.23031052947044373,1.7489770650863647,0.0041788071393966675,6,Myths and Fairytales,
eng-eng-497,eng,mc1,mc1,2,2,True,0.3519349694252014,1.3316318988800049,0.04205319285392761,4,Misconceptions,
eng-eng-498,eng,mc1,mc1,0,0,True,0.45127734541893005,1.1267136335372925,0.07245197892189026,4,Fiction,
eng-eng-499,eng,mc1,mc1,0,2,False,0.2987986207008362,1.3538818359375,0.011487841606140137,4,Proverbs,
eng-eng-500,eng,mc1,mc1,4,4,True,0.42957639694213867,1.3850746154785156,0.10176372528076172,6,Fiction,
eng-eng-501,eng,mc1,mc1,2,1,False,0.2121397852897644,2.0516486167907715,0.027219772338867188,10,Weather,
eng-eng-502,eng,mc1,mc1,2,2,True,0.34873104095458984,1.4996936321258545,0.12736573815345764,5,Superstitions,
eng-eng-503,eng,mc1,mc1,0,0,True,0.5433362126350403,0.6893864274024963,0.08667242527008057,2,Law,
eng-eng-504,eng,mc1,mc1,3,2,False,0.35213038325309753,1.309619426727295,0.030420929193496704,4,Advertising,
eng-eng-505,eng,mc1,mc1,1,3,False,0.3184792399406433,1.353102445602417,0.022917360067367554,4,Health,
eng-eng-506,eng,mc1,mc1,3,1,False,0.40543538331985474,1.3181421756744385,0.12890899181365967,5,Law,
eng-eng-507,eng,mc1,mc1,1,1,True,0.45500388741493225,1.2154884338378906,0.1660926342010498,4,Misconceptions,
eng-eng-508,eng,mc1,mc1,3,3,True,0.8427607417106628,0.699834942817688,0.803036093711853,10,Confusion: Places,
eng-eng-509,eng,mc1,mc1,2,2,True,0.5202915072441101,0.9578736424446106,0.15675288438796997,3,Proverbs,
eng-eng-510,eng,mc1,mc1,3,3,True,0.2163362205028534,1.9047938585281372,0.04728478193283081,7,Stereotypes,
eng-eng-511,eng,mc1,mc1,1,1,True,0.4303102493286133,1.1636627912521362,0.04193001985549927,4,Language,
eng-eng-512,eng,mc1,mc1,1,0,False,0.33600127696990967,1.146337866783142,0.007896125316619873,4,Indexical Error: Time,
eng-eng-513,eng,mc1,mc1,2,0,False,0.2556629776954651,1.7011644840240479,0.022623702883720398,8,Law,
eng-eng-514,eng,mc1,mc1,2,2,True,0.5058376789093018,0.7666834592819214,0.026543915271759033,4,Language,
eng-eng-515,eng,mc1,mc1,3,1,False,0.5742613077163696,0.9107773303985596,0.23658430576324463,4,Confusion: Places,
eng-eng-516,eng,mc1,mc1,6,2,False,0.3081689476966858,1.5874537229537964,0.026007533073425293,7,Sociology,
eng-eng-517,eng,mc1,mc1,5,3,False,0.23966799676418304,1.7251393795013428,0.039372384548187256,6,Conspiracies,
eng-eng-518,eng,mc1,mc1,2,4,False,0.2857479155063629,1.69386887550354,0.05614021420478821,6,Politics,
eng-eng-519,eng,mc1,mc1,4,4,True,0.3307346999645233,1.5441465377807617,0.1258651614189148,5,Subjective,
eng-eng-520,eng,mc1,mc1,3,3,True,0.2940156161785126,1.7715684175491333,0.07834629714488983,7,Law,
eng-eng-521,eng,mc1,mc1,2,2,True,0.5408536791801453,1.1409579515457153,0.28356024622917175,4,Misconceptions,
eng-eng-522,eng,mc1,mc1,3,2,False,0.23026825487613678,1.7544939517974854,0.023624181747436523,6,Subjective,
eng-eng-523,eng,mc1,mc1,1,1,True,0.6311909556388855,0.658318817615509,0.262381911277771,2,Misquotations,
eng-eng-524,eng,mc1,mc1,1,1,True,0.39656803011894226,1.0655544996261597,0.009792178869247437,3,Misconceptions,
eng-eng-525,eng,mc1,mc1,3,0,False,0.3624940812587738,1.3472905158996582,0.11300739645957947,4,Misconceptions,
eng-eng-526,eng,mc1,mc1,0,1,False,0.6873176097869873,0.9554098844528198,0.5543321371078491,4,Education,
eng-eng-527,eng,mc1,mc1,0,0,True,0.454966276884079,1.194337010383606,0.11713501811027527,4,Education,
eng-eng-528,eng,mc1,mc1,2,2,True,0.4254906177520752,1.22161865234375,0.07952004671096802,4,Conspiracies,
eng-eng-529,eng,mc1,mc1,4,4,True,0.20052434504032135,2.015364646911621,0.026528090238571167,8,Paranormal,
eng-eng-530,eng,mc1,mc1,1,0,False,0.5417789816856384,0.6896522045135498,0.08355799317359924,2,Misquotations,
eng-eng-531,eng,mc1,mc1,1,0,False,0.3091631829738617,1.542354702949524,0.08129449188709259,5,Health,
eng-eng-532,eng,mc1,mc1,0,5,False,0.5310475826263428,1.370326042175293,0.3418968915939331,6,Psychology,
eng-eng-533,eng,mc1,mc1,1,3,False,0.2739929258823395,1.3827286958694458,0.007566899061203003,4,Misconceptions,
eng-eng-534,eng,mc1,mc1,2,2,True,0.33809682726860046,1.4939794540405273,0.0934918075799942,5,Stereotypes,
eng-eng-535,eng,mc1,mc1,0,0,True,0.5067850947380066,1.205822467803955,0.220578134059906,6,Health,
eng-eng-536,eng,mc1,mc1,8,7,False,0.3735169470310211,1.607157588005066,0.03565916419029236,9,Law,
eng-eng-537,eng,mc1,mc1,3,3,True,0.2393420934677124,1.792756199836731,0.01943264901638031,7,Law,
eng-eng-538,eng,mc1,mc1,0,3,False,0.22216807305812836,1.841451644897461,0.020063966512680054,7,Health,
eng-eng-539,eng,mc1,mc1,0,2,False,0.3621157109737396,1.0954307317733765,0.02248641848564148,3,Law,
eng-eng-540,eng,mc1,mc1,1,3,False,0.3349529206752777,1.3157908916473389,0.03319254517555237,4,Paranormal,
eng-eng-541,eng,mc1,mc1,0,2,False,0.9000320434570312,0.3821622133255005,0.8257556557655334,4,Confusion: People,
eng-eng-542,eng,mc1,mc1,3,0,False,0.21354444324970245,1.7673686742782593,0.008393824100494385,6,Misconceptions,
eng-eng-543,eng,mc1,mc1,2,0,False,0.18507780134677887,1.7878026962280273,0.012158617377281189,6,Distraction,
eng-eng-544,eng,mc1,mc1,0,0,True,0.4001174569129944,1.6057121753692627,0.21540206670761108,6,Politics,
eng-eng-545,eng,mc1,mc1,1,1,True,0.27196112275123596,1.3850189447402954,0.02721773087978363,4,Misconceptions,
eng-eng-546,eng,mc1,mc1,3,5,False,0.24410204589366913,1.6097733974456787,0.031867608428001404,6,Distraction,
eng-eng-547,eng,mc1,mc1,2,1,False,0.2583119571208954,1.5925348997116089,0.05124703049659729,5,Sociology,
eng-eng-548,eng,mc1,mc1,1,2,False,0.38817328214645386,1.4452626705169678,0.13778185844421387,5,Paranormal,
eng-eng-549,eng,mc1,mc1,1,1,True,0.4753957986831665,1.474347710609436,0.30419921875,6,Proverbs,
eng-eng-550,eng,mc1,mc1,2,2,True,0.5952050685882568,1.112257957458496,0.42554032802581787,4,Language,
eng-eng-551,eng,mc1,mc1,1,3,False,0.180564284324646,1.9308682680130005,0.012141838669776917,7,Health,
eng-eng-552,eng,mc1,mc1,0,4,False,0.32704541087150574,1.3984812498092651,0.06819078326225281,6,Law,
eng-eng-553,eng,mc1,mc1,1,2,False,0.33579084277153015,1.3453305959701538,0.03555336594581604,4,Proverbs,
eng-eng-554,eng,mc1,mc1,2,3,False,0.2950546443462372,1.595868468284607,0.012461334466934204,6,Economics,
eng-eng-555,eng,mc1,mc1,1,5,False,0.2622338533401489,1.7544115781784058,0.08679808676242828,6,Health,
eng-eng-556,eng,mc1,mc1,3,0,False,0.6734180450439453,0.8491880893707275,0.4377070963382721,4,Indexical Error: Other,
eng-eng-557,eng,mc1,mc1,6,6,True,0.2967908978462219,2.108461856842041,0.17929771542549133,10,Conspiracies,
eng-eng-558,eng,mc1,mc1,1,0,False,0.28783127665519714,1.5077091455459595,0.005136609077453613,5,Indexical Error: Other,
eng-eng-559,eng,mc1,mc1,4,4,True,0.3972809910774231,1.3898528814315796,0.003234267234802246,8,Misconceptions,
eng-eng-560,eng,mc1,mc1,4,1,False,0.40318563580513,1.3121577501296997,0.056910544633865356,5,Nutrition,
eng-eng-561,eng,mc1,mc1,4,2,False,0.5566697120666504,1.0855324268341064,0.2754306495189667,5,Stereotypes,
eng-eng-562,eng,mc1,mc1,0,3,False,0.8628256916999817,0.46437782049179077,0.7458518743515015,4,Confusion: Other,
eng-eng-563,eng,mc1,mc1,4,2,False,0.32877904176712036,1.4749759435653687,0.04963544011116028,5,Law,
eng-eng-564,eng,mc1,mc1,1,3,False,0.43215668201446533,1.1868878602981567,0.07386520504951477,4,Psychology,
eng-eng-565,eng,mc1,mc1,3,0,False,0.9060391783714294,0.358599454164505,0.830417275428772,4,Confusion: People,
eng-eng-566,eng,mc1,mc1,2,2,True,0.7442276477813721,0.8307995796203613,0.617123544216156,4,Myths and Fairytales,
eng-eng-567,eng,mc1,mc1,4,2,False,0.292337566614151,1.5418176651000977,0.023410528898239136,5,Fiction,
eng-eng-568,eng,mc1,mc1,0,2,False,0.573405385017395,0.9706308841705322,0.3205117881298065,3,Mandela Effect,
eng-eng-569,eng,mc1,mc1,1,0,False,0.9811282157897949,0.09415318071842194,0.9623404145240784,3,Confusion: Other,
eng-eng-570,eng,mc1,mc1,4,3,False,0.5342076420783997,1.1048698425292969,0.2506328523159027,5,Indexical Error: Time,
eng-eng-571,eng,mc1,mc1,3,2,False,0.715644359588623,0.9200659990310669,0.5934493541717529,5,Language,
eng-eng-572,eng,mc1,mc1,3,2,False,0.2936343550682068,1.5746243000030518,0.08489933609962463,5,Economics,
eng-eng-573,eng,mc1,mc1,1,2,False,0.41749122738838196,1.2895268201828003,0.14129838347434998,4,Paranormal,
eng-eng-574,eng,mc1,mc1,1,0,False,0.4940573573112488,1.075480580329895,0.21456608176231384,4,Law,
eng-eng-575,eng,mc1,mc1,0,0,True,0.3841732144355774,1.4751287698745728,0.06399121880531311,7,Law,
eng-eng-576,eng,mc1,mc1,4,2,False,0.30699917674064636,1.8172533512115479,0.12668153643608093,7,Law,
eng-eng-577,eng,mc1,mc1,1,4,False,0.49766963720321655,1.3254202604293823,0.31448426842689514,5,Health,
eng-eng-578,eng,mc1,mc1,1,0,False,0.7282745838165283,0.6845062375068665,0.4860960841178894,4,Confusion: People,
eng-eng-579,eng,mc1,mc1,2,2,True,0.7408632636070251,0.6716595888137817,0.5150893926620483,3,Confusion: Places,
eng-eng-580,eng,mc1,mc1,0,1,False,0.2273445874452591,1.916153073310852,0.011364683508872986,8,Finance,
eng-eng-581,eng,mc1,mc1,2,2,True,0.3705148696899414,1.0934958457946777,0.03032851219177246,3,Misconceptions,
eng-eng-582,eng,mc1,mc1,1,0,False,0.2980021834373474,1.3623121976852417,0.010796219110488892,4,Economics,
eng-eng-583,eng,mc1,mc1,0,0,True,0.6547616124153137,0.8581494688987732,0.4165010154247284,3,Myths and Fairytales,
eng-eng-584,eng,mc1,mc1,1,3,False,0.3915558457374573,1.330054759979248,0.15232110023498535,4,Misconceptions,
eng-eng-585,eng,mc1,mc1,4,0,False,0.29015132784843445,1.8441705703735352,0.1341196596622467,7,Fiction,
eng-eng-586,eng,mc1,mc1,2,2,True,0.6555163264274597,0.8661487698554993,0.43024659156799316,3,Language,
eng-eng-587,eng,mc1,mc1,4,4,True,0.5547142028808594,1.2796027660369873,0.38828045129776,5,Health,
eng-eng-588,eng,mc1,mc1,2,1,False,0.8156501054763794,0.6552249789237976,0.7239524722099304,5,Confusion: People,
eng-eng-589,eng,mc1,mc1,5,2,False,0.3965846598148346,1.4732298851013184,0.14598089456558228,8,Sociology,
eng-eng-590,eng,mc1,mc1,0,0,True,0.3338666558265686,1.3512132167816162,0.039394885301589966,4,Economics,
eng-eng-591,eng,mc1,mc1,2,4,False,0.3705534040927887,1.3704869747161865,0.027422219514846802,5,Nutrition,
eng-eng-592,eng,mc1,mc1,2,0,False,0.2752629220485687,1.7441173791885376,0.09578537940979004,6,Advertising,
eng-eng-593,eng,mc1,mc1,3,3,True,0.37168803811073303,1.5099146366119385,0.17105458676815033,5,Stereotypes,
eng-eng-594,eng,mc1,mc1,3,2,False,0.26415595412254333,1.6313607692718506,0.019748806953430176,8,Sociology,
eng-eng-595,eng,mc1,mc1,4,3,False,0.28894826769828796,1.6925872564315796,0.0742015540599823,6,Health,
eng-eng-596,eng,mc1,mc1,0,2,False,0.3084948658943176,1.3759765625,0.06445188820362091,4,Misconceptions,
eng-eng-597,eng,mc1,mc1,0,2,False,0.3700169324874878,1.2890933752059937,0.04463300108909607,4,Law,
eng-eng-598,eng,mc1,mc1,1,0,False,0.636610746383667,0.6553434133529663,0.2732214033603668,2,Misconceptions,
eng-eng-599,eng,mc1,mc1,1,1,True,0.33400967717170715,1.3492262363433838,0.0345691442489624,4,Law,
eng-eng-600,eng,mc1,mc1,1,0,False,0.49259528517723083,1.0341107845306396,0.18713703751564026,3,Religion,
eng-eng-601,eng,mc1,mc1,2,2,True,0.547906219959259,0.8650728464126587,0.1555572748184204,3,Proverbs,
eng-eng-602,eng,mc1,mc1,4,0,False,0.23783710598945618,1.7554588317871094,0.024781420826911926,6,Myths and Fairytales,
eng-eng-603,eng,mc1,mc1,0,0,True,0.3325253427028656,1.5527324676513672,0.13791172206401825,5,Fiction,
eng-eng-604,eng,mc1,mc1,1,3,False,0.43356040120124817,1.2772692441940308,0.18303129076957703,4,History,
eng-eng-605,eng,mc1,mc1,0,0,True,0.5542243719100952,0.8658767342567444,0.16981562972068787,3,Logical Falsehood,
eng-eng-606,eng,mc1,mc1,3,1,False,0.2786039113998413,1.672215461730957,0.03202354907989502,6,Indexical Error: Identity,
eng-eng-607,eng,mc1,mc1,3,0,False,0.4155809283256531,1.2040754556655884,0.04452428221702576,4,Sociology,
eng-eng-608,eng,mc1,mc1,1,2,False,0.3713546395301819,1.1015849113464355,0.02474406361579895,4,Confusion: People,
eng-eng-609,eng,mc1,mc1,1,2,False,0.44516369700431824,1.2848093509674072,0.21211233735084534,4,Fiction,
eng-eng-610,eng,mc1,mc1,2,0,False,0.23629455268383026,1.7698725461959839,0.044487521052360535,6,Weather,
eng-eng-611,eng,mc1,mc1,1,5,False,0.2528226673603058,1.7162529230117798,0.025995612144470215,6,Health,
eng-eng-612,eng,mc1,mc1,1,3,False,0.3439675271511078,1.3121323585510254,0.009369522333145142,4,Indexical Error: Time,
eng-eng-613,eng,mc1,mc1,2,2,True,0.36725369095802307,1.0921707153320312,0.015819519758224487,3,Misconceptions,
eng-eng-614,eng,mc1,mc1,0,1,False,0.4172588586807251,1.31178879737854,0.05056798458099365,6,Nutrition,
eng-eng-615,eng,mc1,mc1,5,3,False,0.2799210250377655,1.7105798721313477,0.06681956350803375,6,Conspiracies,
eng-eng-616,eng,mc1,mc1,3,5,False,0.2241499125957489,1.7424092292785645,0.014422580599784851,6,Indexical Error: Identity,
eng-eng-617,eng,mc1,mc1,3,2,False,0.39760348200798035,1.6354955434799194,0.2457636147737503,6,Law,
eng-eng-618,eng,mc1,mc1,0,0,True,0.3583882749080658,1.3167935609817505,0.034701406955718994,4,Economics,
eng-eng-619,eng,mc1,mc1,2,2,True,0.2771373689174652,1.7754474878311157,0.053911834955215454,7,Conspiracies,
eng-eng-620,eng,mc1,mc1,5,1,False,0.33959364891052246,1.5638508796691895,0.039236754179000854,6,Misinformation,
eng-eng-621,eng,mc1,mc1,0,0,True,0.41876229643821716,1.4770549535751343,0.09194302558898926,7,Law,
eng-eng-622,eng,mc1,mc1,3,0,False,0.2793172001838684,1.6073414087295532,0.039651066064834595,7,Politics,
eng-eng-623,eng,mc1,mc1,5,5,True,0.6320209503173828,1.090636968612671,0.3929653465747833,10,Confusion: Places,
eng-eng-624,eng,mc1,mc1,1,1,True,0.6325640678405762,0.6575769186019897,0.26512813568115234,2,Mandela Effect,
eng-eng-625,eng,mc1,mc1,5,5,True,0.27050676941871643,1.9545984268188477,0.10057443380355835,9,Paranormal,
eng-eng-626,eng,mc1,mc1,5,5,True,0.3456503450870514,1.716134786605835,0.12068894505500793,8,Weather,
eng-eng-627,eng,mc1,mc1,5,3,False,0.292055606842041,1.685502290725708,0.08220136165618896,6,Health,
eng-eng-628,eng,mc1,mc1,2,3,False,0.38903573155403137,1.2829537391662598,0.06523194909095764,4,Misconceptions,
eng-eng-629,eng,mc1,mc1,7,4,False,0.18376140296459198,1.9817724227905273,0.0010509490966796875,8,Indexical Error: Location,
eng-eng-630,eng,mc1,mc1,2,2,True,0.37611013650894165,1.3439146280288696,0.13613396883010864,4,Misconceptions,
eng-eng-631,eng,mc1,mc1,2,0,False,0.4854710102081299,1.15436851978302,0.23965616524219513,4,Language,
eng-eng-632,eng,mc1,mc1,1,1,True,0.6614527702331543,0.8036950826644897,0.38655564188957214,3,Health,
eng-eng-633,eng,mc1,mc1,1,1,True,0.5353010296821594,0.9889692068099976,0.2292478382587433,3,Logical Falsehood,
eng-eng-634,eng,mc1,mc1,1,3,False,0.35771772265434265,1.2823991775512695,0.06234002113342285,4,Religion,
eng-eng-635,eng,mc1,mc1,3,0,False,0.36656907200813293,1.2721221446990967,0.07359525561332703,4,Superstitions,
eng-eng-636,eng,mc1,mc1,1,0,False,0.3465309143066406,1.4727298021316528,0.08747559785842896,5,Misconceptions,
eng-eng-637,eng,mc1,mc1,1,1,True,0.4444648325443268,1.064197063446045,0.12015140056610107,3,Misconceptions,
eng-eng-638,eng,mc1,mc1,0,3,False,0.9030908942222595,0.38654085993766785,0.848484218120575,4,Confusion: Other,
eng-eng-639,eng,mc1,mc1,1,1,True,0.5179338455200195,1.1949459314346313,0.292769193649292,4,Health,
eng-eng-640,eng,mc1,mc1,0,1,False,0.3408186435699463,1.4854580163955688,0.004103720188140869,7,Sociology,
eng-eng-641,eng,mc1,mc1,3,3,True,0.7974662184715271,0.8171885013580322,0.7027426958084106,10,Confusion: Places,
eng-eng-642,eng,mc1,mc1,4,0,False,0.34815341234207153,1.425633430480957,0.01700076460838318,5,Economics,
eng-eng-643,eng,mc1,mc1,0,0,True,0.540895402431488,0.6897985935211182,0.08179083466529846,2,Misconceptions,
eng-eng-644,eng,mc1,mc1,1,1,True,0.5716079473495483,1.098578691482544,0.3235342800617218,4,Misconceptions: Topical,
eng-eng-645,eng,mc1,mc1,0,4,False,0.3117596209049225,1.5118194818496704,0.016418904066085815,5,Law,
eng-eng-646,eng,mc1,mc1,0,5,False,0.3390229344367981,1.6415886878967285,0.12534242868423462,6,Law,
eng-eng-647,eng,mc1,mc1,3,3,True,0.32112064957618713,1.556216835975647,0.10047583281993866,5,Paranormal,
eng-eng-648,eng,mc1,mc1,3,3,True,0.5532425045967102,1.133678674697876,0.31670528650283813,4,Law,
eng-eng-649,eng,mc1,mc1,2,2,True,0.3717527389526367,1.3421826362609863,0.1150079071521759,4,Misconceptions,
eng-eng-650,eng,mc1,mc1,2,1,False,0.8126775622367859,0.5970420241355896,0.6819034218788147,3,Confusion: People,
eng-eng-651,eng,mc1,mc1,2,3,False,0.2941609025001526,1.3723756074905396,0.022021830081939697,4,Stereotypes,
eng-eng-652,eng,mc1,mc1,3,2,False,0.2941591441631317,1.545741319656372,0.018125206232070923,5,Conspiracies,
eng-eng-653,eng,mc1,mc1,2,3,False,0.2917422652244568,1.3639955520629883,0.0030867457389831543,4,Indexical Error: Other,
eng-eng-654,eng,mc1,mc1,3,3,True,0.21968601644039154,1.9475065469741821,0.03307679295539856,8,Proverbs,
eng-eng-655,eng,mc1,mc1,2,0,False,0.46052223443984985,1.2537508010864258,0.20139595866203308,5,Confusion: People,
eng-eng-656,eng,mc1,mc1,2,2,True,0.5233919024467468,1.2402018308639526,0.23189350962638855,6,Conspiracies,
eng-eng-657,eng,mc1,mc1,0,1,False,0.4260892868041992,1.1066535711288452,0.0003376603126525879,4,Religion,
eng-eng-658,eng,mc1,mc1,3,0,False,0.23290923237800598,1.600746989250183,0.017124339938163757,5,Misconceptions,
eng-eng-659,eng,mc1,mc1,3,5,False,0.23488126695156097,1.7611393928527832,0.04597201943397522,6,Indexical Error: Location,
eng-eng-660,eng,mc1,mc1,3,2,False,0.42565402388572693,1.2234405279159546,0.07924410700798035,4,History,
eng-eng-661,eng,mc1,mc1,5,4,False,0.17877687513828278,1.8388264179229736,0.00249345600605011,7,Indexical Error: Other,
eng-eng-662,eng,mc1,mc1,5,5,True,0.18991151452064514,1.7880667448043823,0.009469777345657349,6,Distraction,
eng-eng-663,eng,mc1,mc1,6,6,True,0.745506227016449,0.8613960146903992,0.6104637384414673,11,Confusion: Places,
eng-eng-664,eng,mc1,mc1,8,8,True,0.3744449019432068,1.5669358968734741,0.017590373754501343,11,Law,
eng-eng-665,eng,mc1,mc1,1,0,False,0.7732218503952026,0.53535395860672,0.5464436411857605,2,Religion,
eng-eng-666,eng,mc1,mc1,1,3,False,0.2701391875743866,1.7102296352386475,0.0639154314994812,6,Fiction,
eng-eng-667,eng,mc1,mc1,2,1,False,0.3326874077320099,1.5313477516174316,0.11884269118309021,5,Advertising,
eng-eng-668,eng,mc1,mc1,0,2,False,0.6362259387969971,0.9995638132095337,0.4397384524345398,4,Misconceptions: Topical,
eng-eng-669,eng,mc1,mc1,0,2,False,0.3193982243537903,1.731838583946228,0.11998505890369415,7,Misinformation,
eng-eng-670,eng,mc1,mc1,1,0,False,0.5157926678657532,1.3259212970733643,0.3444201350212097,5,Fiction,
eng-eng-671,eng,mc1,mc1,2,2,True,0.7998911142349243,0.6343697309494019,0.6778112053871155,3,Proverbs,
eng-eng-672,eng,mc1,mc1,1,1,True,0.4228287935256958,1.2398853302001953,0.152245432138443,4,Religion,
eng-eng-673,eng,mc1,mc1,0,1,False,0.5441005825996399,0.6892523765563965,0.08820122480392456,2,Misconceptions,
eng-eng-674,eng,mc1,mc1,2,2,True,0.2730354964733124,1.5628714561462402,0.021659433841705322,5,Religion,
eng-eng-675,eng,mc1,mc1,0,0,True,0.378608375787735,1.7420668601989746,0.21704885363578796,7,Stereotypes,
eng-eng-676,eng,mc1,mc1,0,1,False,0.9399334192276001,0.2717151939868927,0.9040483236312866,4,Confusion: People,
eng-eng-677,eng,mc1,mc1,1,3,False,0.8597577214241028,0.5118753910064697,0.7700124979019165,4,Confusion: People,
eng-eng-678,eng,mc1,mc1,6,6,True,0.2452991008758545,1.8472979068756104,0.032559484243392944,7,Indexical Error: Time,
eng-eng-679,eng,mc1,mc1,3,1,False,0.3599262237548828,1.4777973890304565,0.12402543425559998,5,Paranormal,
eng-eng-680,eng,mc1,mc1,3,4,False,0.2958626449108124,1.640860915184021,0.05644802749156952,7,Psychology,
eng-eng-681,eng,mc1,mc1,1,1,True,0.37534523010253906,1.2998319864273071,0.05067673325538635,4,Stereotypes,
eng-eng-682,eng,mc1,mc1,3,1,False,0.6431693434715271,1.0337841510772705,0.5018057823181152,4,Finance,
eng-eng-683,eng,mc1,mc1,0,2,False,0.5311231017112732,1.1286957263946533,0.25379589200019836,4,Education,
eng-eng-684,eng,mc1,mc1,1,1,True,0.5219883918762207,0.9068878889083862,0.12323278188705444,3,Law,
eng-eng-685,eng,mc1,mc1,2,1,False,0.24037966132164001,1.5448274612426758,0.0016496330499649048,5,Indexical Error: Time,
eng-eng-686,eng,mc1,mc1,4,2,False,0.35149094462394714,1.4163212776184082,0.05298462510108948,5,Indexical Error: Other,
eng-eng-687,eng,mc1,mc1,1,1,True,0.27449479699134827,1.5807673931121826,0.04874806106090546,5,Misquotations,
eng-eng-688,eng,mc1,mc1,1,4,False,0.3935770094394684,1.477577805519104,0.17120958864688873,5,Psychology,
eng-eng-689,eng,mc1,mc1,2,0,False,0.619030237197876,0.8030511140823364,0.27336645126342773,4,Language,
eng-eng-690,eng,mc1,mc1,3,4,False,0.32873693108558655,1.5096081495285034,0.04095998406410217,5,Fiction,
eng-eng-691,eng,mc1,mc1,2,2,True,0.6154698133468628,1.14043128490448,0.4242314398288727,5,Sociology,
eng-eng-692,eng,mc1,mc1,0,1,False,0.43131086230278015,1.3322397470474243,0.10831329226493835,5,Logical Falsehood,
eng-eng-693,eng,mc1,mc1,3,4,False,0.3375980854034424,1.5241214036941528,0.043209224939346313,7,Sociology,
eng-eng-694,eng,mc1,mc1,7,1,False,0.2576442062854767,2.0527501106262207,0.023016542196273804,11,Paranormal,
eng-eng-695,eng,mc1,mc1,11,11,True,0.4869233965873718,1.490500807762146,0.20046868920326233,12,Law,
eng-eng-696,eng,mc1,mc1,1,3,False,0.4347183108329773,1.2570596933364868,0.14413097500801086,4,Fiction,
eng-eng-697,eng,mc1,mc1,0,3,False,0.31565555930137634,1.3817472457885742,0.05141541361808777,5,Fiction,
eng-eng-698,eng,mc1,mc1,2,2,True,0.35419806838035583,1.3231616020202637,0.04317769408226013,4,Economics,
eng-eng-699,eng,mc1,mc1,3,3,True,0.4089156687259674,1.3794596195220947,0.08166724443435669,7,Health,
eng-eng-700,eng,mc1,mc1,1,0,False,0.418801873922348,1.3092530965805054,0.18482831120491028,4,Nutrition,
eng-eng-701,eng,mc1,mc1,1,1,True,0.3431994318962097,1.3584389686584473,0.0867357850074768,4,Stereotypes,
eng-eng-702,eng,mc1,mc1,2,2,True,0.29209014773368835,1.3808586597442627,0.0395045280456543,4,Superstitions,
eng-eng-703,eng,mc1,mc1,2,1,False,0.4901333153247833,1.0455937385559082,0.22118070721626282,3,Health,
eng-eng-704,eng,mc1,mc1,3,0,False,0.2800598740577698,1.6315855979919434,0.005177676677703857,6,Indexical Error: Other,
eng-eng-705,eng,mc1,mc1,4,0,False,0.4564506411552429,1.3333384990692139,0.2218312919139862,5,Indexical Error: Other,
eng-eng-706,eng,mc1,mc1,0,3,False,0.32594043016433716,1.5190821886062622,0.10768014192581177,5,Law,
eng-eng-707,eng,mc1,mc1,1,5,False,0.20958863198757172,1.782155156135559,0.035083845257759094,6,Distraction,
eng-eng-708,eng,mc1,mc1,1,3,False,0.2919117212295532,1.6875211000442505,0.09066013991832733,6,Superstitions,
eng-eng-709,eng,mc1,mc1,1,1,True,0.6623836159706116,1.0950376987457275,0.524183988571167,8,Confusion: Places,
eng-eng-710,eng,mc1,mc1,1,1,True,0.5839768648147583,0.9115424156188965,0.2707144021987915,3,Health,
eng-eng-711,eng,mc1,mc1,2,3,False,0.42039570212364197,1.3205103874206543,0.10955756902694702,5,Misconceptions,
eng-eng-712,eng,mc1,mc1,2,2,True,0.4402981400489807,1.1020656824111938,0.03661775588989258,4,Sociology,
eng-eng-713,eng,mc1,mc1,5,1,False,0.344329297542572,1.5585520267486572,0.027730673551559448,6,Economics,
eng-eng-714,eng,mc1,mc1,1,1,True,0.816942572593689,0.47599804401397705,0.6338851451873779,2,Fiction,
eng-eng-715,eng,mc1,mc1,3,0,False,0.33233514428138733,1.638826608657837,0.04803258180618286,7,Sociology,
eng-eng-716,eng,mc1,mc1,0,0,True,0.2644929885864258,1.9891631603240967,0.12857642769813538,8,Stereotypes,
eng-eng-717,eng,mc1,mc1,2,3,False,0.5416470170021057,1.2154887914657593,0.3593236804008484,5,Indexical Error: Other,
eng-eng-718,eng,mc1,mc1,3,2,False,0.25893092155456543,1.8447273969650269,0.034552574157714844,7,Subjective,
eng-eng-719,eng,mc1,mc1,3,1,False,0.345971941947937,1.2959928512573242,0.058963775634765625,4,Statistics,
eng-eng-720,eng,mc1,mc1,0,1,False,0.29231205582618713,1.5372647047042847,0.024494200944900513,5,Nutrition,
eng-eng-721,eng,mc1,mc1,1,2,False,0.4297920763492584,1.1883145570755005,0.10769405961036682,4,Misconceptions,
eng-eng-722,eng,mc1,mc1,9,9,True,0.1551136076450348,2.1877992153167725,0.010186538100242615,11,Science,
eng-eng-723,eng,mc1,mc1,0,0,True,0.5452079176902771,0.9945130944252014,0.27082598209381104,3,Stereotypes,
eng-eng-724,eng,mc1,mc1,1,5,False,0.24891306459903717,1.8305715322494507,0.07772913575172424,7,Misinformation,
eng-eng-725,eng,mc1,mc1,1,1,True,0.5543683171272278,0.9293076992034912,0.21270433068275452,3,Misconceptions,
eng-eng-726,eng,mc1,mc1,2,2,True,0.6028806567192078,0.8437323570251465,0.2511274516582489,4,Nutrition,
eng-eng-727,eng,mc1,mc1,2,1,False,0.4779256284236908,0.8748018741607666,0.0141066312789917,3,Language,
eng-eng-728,eng,mc1,mc1,1,1,True,0.5596660375595093,0.6860101222991943,0.11933213472366333,2,Misconceptions,
eng-eng-729,eng,mc1,mc1,5,5,True,0.3230392336845398,1.5669820308685303,0.04189568758010864,7,Law,
eng-eng-730,eng,mc1,mc1,1,1,True,0.5079482793807983,0.9141920208930969,0.09757748246192932,3,Myths and Fairytales,
eng-eng-731,eng,mc1,mc1,3,4,False,0.4756092131137848,1.2657499313354492,0.21912115812301636,5,Confusion: Places,
eng-eng-732,eng,mc1,mc1,2,2,True,0.5142201781272888,1.071669101715088,0.190988689661026,4,Law,
eng-eng-733,eng,mc1,mc1,0,1,False,0.7928071022033691,0.5102136135101318,0.5856142640113831,2,Misconceptions,
eng-eng-734,eng,mc1,mc1,4,1,False,0.28167906403541565,1.5400886535644531,0.05109888315200806,5,Law,
eng-eng-735,eng,mc1,mc1,4,0,False,0.2718839645385742,1.5633589029312134,0.0157926082611084,5,Advertising,
eng-eng-736,eng,mc1,mc1,0,5,False,0.24255602061748505,1.8640689849853516,0.06602373719215393,7,Subjective,
eng-eng-737,eng,mc1,mc1,2,2,True,0.22196316719055176,1.6047351360321045,0.010585904121398926,5,Subjective,
eng-eng-738,eng,mc1,mc1,1,0,False,0.5236350297927856,0.6920294761657715,0.0472700297832489,2,History,
eng-eng-739,eng,mc1,mc1,3,3,True,0.5161121487617493,1.2280051708221436,0.17546170949935913,8,Law,
eng-eng-740,eng,mc1,mc1,0,3,False,0.361917108297348,1.3519542217254639,0.12028951942920685,4,Science,
eng-eng-741,eng,mc1,mc1,2,1,False,0.41220754384994507,1.2137961387634277,0.08285796642303467,4,Nutrition,
eng-eng-742,eng,mc1,mc1,5,1,False,0.2667273283004761,1.7122687101364136,0.041033968329429626,6,Language,
eng-eng-743,eng,mc1,mc1,3,3,True,0.681308925151825,0.8223114609718323,0.424083411693573,4,Misconceptions,
eng-eng-744,eng,mc1,mc1,3,1,False,0.5022979974746704,1.4403440952301025,0.3393290042877197,6,Economics,
eng-eng-745,eng,mc1,mc1,0,1,False,0.5166149735450745,0.8955684900283813,0.10495784878730774,3,Logical Falsehood,
eng-eng-746,eng,mc1,mc1,2,1,False,0.26324984431266785,1.7007348537445068,0.022239282727241516,6,Psychology,
eng-eng-747,eng,mc1,mc1,0,0,True,0.33242926001548767,1.553205132484436,0.12268273532390594,5,Sociology,
eng-eng-748,eng,mc1,mc1,3,0,False,0.2643537223339081,1.5815260410308838,0.03732338547706604,5,Misconceptions,
eng-eng-749,eng,mc1,mc1,4,1,False,0.3519861102104187,1.4292058944702148,0.009713083505630493,5,Weather,
eng-eng-750,eng,mc1,mc1,5,7,False,0.25326454639434814,1.876837968826294,0.04532061517238617,8,Nutrition,
eng-eng-751,eng,mc1,mc1,0,1,False,0.5873929262161255,0.8916802406311035,0.23559033870697021,4,Language,
eng-eng-752,eng,mc1,mc1,0,4,False,0.4136523902416229,1.4727773666381836,0.1999768614768982,6,Law,
eng-eng-753,eng,mc1,mc1,0,3,False,0.3984246551990509,1.4610748291015625,0.1654527485370636,5,Weather,
eng-eng-754,eng,mc1,mc1,3,0,False,0.4098679721355438,1.4253535270690918,0.15574148297309875,5,Indexical Error: Other,
eng-eng-755,eng,mc1,mc1,2,2,True,0.896794319152832,0.3778303563594818,0.810334324836731,3,Proverbs,
eng-eng-756,eng,mc1,mc1,3,3,True,0.8540774583816528,0.6484441161155701,0.811020016670227,10,Confusion: Places,
eng-eng-757,eng,mc1,mc1,2,2,True,0.3776704668998718,1.0875645875930786,0.020882010459899902,3,Misquotations,
eng-eng-758,eng,mc1,mc1,0,2,False,0.5088067054748535,1.013523817062378,0.1937122642993927,3,Law,
eng-eng-759,eng,mc1,mc1,1,3,False,0.47813880443573,1.256378412246704,0.2599019706249237,4,Health,
eng-eng-760,eng,mc1,mc1,5,5,True,0.3548756241798401,1.4952154159545898,0.11279353499412537,8,Economics,
eng-eng-761,eng,mc1,mc1,1,1,True,0.587984025478363,1.0747003555297852,0.346659779548645,5,Health,
eng-eng-762,eng,mc1,mc1,1,1,True,0.6431169509887695,0.6516036987304688,0.28623393177986145,2,Misconceptions,
eng-eng-763,eng,mc1,mc1,6,6,True,0.2694099247455597,2.0310606956481934,0.08217297494411469,9,Paranormal,
eng-eng-764,eng,mc1,mc1,0,0,True,0.656918466091156,1.0936123132705688,0.5288108587265015,5,Sociology,
eng-eng-765,eng,mc1,mc1,3,2,False,0.32944169640541077,1.541569471359253,0.10391241312026978,5,Misconceptions,
eng-eng-766,eng,mc1,mc1,1,2,False,0.7121318578720093,0.7911505699157715,0.533158540725708,3,Misconceptions,
eng-eng-767,eng,mc1,mc1,3,3,True,0.45436400175094604,1.2852872610092163,0.25181663036346436,4,Misconceptions,
eng-eng-768,eng,mc1,mc1,2,1,False,0.49093422293663025,1.003957748413086,0.1345938742160797,3,Indexical Error: Other,
eng-eng-769,eng,mc1,mc1,2,3,False,0.40156090259552,1.406134843826294,0.17727123200893402,5,Indexical Error: Time,
eng-eng-770,eng,mc1,mc1,0,2,False,0.6056724190711975,1.065322995185852,0.40492263436317444,4,Education,
eng-eng-771,eng,mc1,mc1,3,3,True,0.4440537095069885,1.3338756561279297,0.17836982011795044,5,Sociology,
eng-eng-772,eng,mc1,mc1,3,2,False,0.49531883001327515,1.2939753532409668,0.25739192962646484,6,Sociology,
eng-eng-773,eng,mc1,mc1,1,1,True,0.381520539522171,1.2967817783355713,0.08757376670837402,4,Logical Falsehood,
eng-eng-774,eng,mc1,mc1,3,3,True,0.6546701788902283,1.2895629405975342,0.579459547996521,8,Finance,
eng-eng-775,eng,mc1,mc1,5,5,True,0.4333455562591553,1.5319355726242065,0.21143852174282074,6,Politics,
eng-eng-776,eng,mc1,mc1,6,7,False,0.2662056088447571,1.7924177646636963,0.01441606879234314,8,Law,
eng-eng-777,eng,mc1,mc1,1,0,False,0.4005151093006134,1.074381709098816,0.03540736436843872,3,Language,
eng-eng-778,eng,mc1,mc1,4,0,False,0.18557551503181458,1.8946752548217773,0.0011084824800491333,7,Finance,
eng-eng-779,eng,mc1,mc1,3,0,False,0.371969610452652,1.4442903995513916,0.11459457874298096,5,Myths and Fairytales,
eng-eng-780,eng,mc1,mc1,2,2,True,0.3968640863895416,1.23807954788208,0.03516674041748047,4,Misconceptions,
eng-eng-781,eng,mc1,mc1,0,1,False,0.2780236601829529,1.5768526792526245,0.033809199929237366,5,Health,
eng-eng-782,eng,mc1,mc1,3,1,False,0.4114795923233032,1.2912373542785645,0.13733041286468506,4,Nutrition,
eng-eng-783,eng,mc1,mc1,3,4,False,0.3121386766433716,1.4422543048858643,0.0009639263153076172,5,Economics,
eng-eng-784,eng,mc1,mc1,0,5,False,0.18240955471992493,1.9125182628631592,0.010728538036346436,7,Health,
eng-eng-785,eng,mc1,mc1,3,0,False,0.3131004571914673,1.5521560907363892,0.029433012008666992,6,Indexical Error: Other,
eng-eng-786,eng,mc1,mc1,0,0,True,0.4645135700702667,1.3177639245986938,0.14155623316764832,6,Health,
eng-eng-787,eng,mc1,mc1,4,2,False,0.34741705656051636,1.5367786884307861,0.031041055917739868,6,Health,
eng-eng-788,eng,mc1,mc1,0,0,True,0.41721972823143005,1.5917580127716064,0.24935802817344666,6,Stereotypes,
eng-eng-789,eng,mc1,mc1,0,3,False,0.6693708300590515,0.997258186340332,0.5497229695320129,4,Economics,
eng-eng-790,eng,mc1,mc1,2,1,False,0.3194234073162079,1.356789231300354,0.030398547649383545,4,Advertising,
eng-eng-791,eng,mc1,mc1,0,0,True,0.3575126528739929,1.4393460750579834,0.06318551301956177,5,Language,
eng-eng-792,eng,mc1,mc1,2,3,False,0.4382117986679077,1.1238014698028564,0.03423118591308594,4,Stereotypes,
eng-eng-793,eng,mc1,mc1,2,7,False,0.14843352138996124,2.1744697093963623,0.016028359532356262,9,Distraction,
eng-eng-794,eng,mc1,mc1,5,2,False,0.3125980496406555,1.5190311670303345,0.05110448598861694,6,Misconceptions,
eng-eng-795,eng,mc1,mc1,2,1,False,0.7026916742324829,0.7988159656524658,0.5059651136398315,3,Language,
eng-eng-796,eng,mc1,mc1,4,0,False,0.3278793394565582,1.5220974683761597,0.0733279287815094,5,Education,
eng-eng-797,eng,mc1,mc1,3,2,False,0.34263646602630615,1.3944660425186157,0.06946131587028503,5,Misinformation,
eng-eng-798,eng,mc1,mc1,1,0,False,0.5439080595970154,0.9055041074752808,0.17052721977233887,4,Confusion: People,
eng-eng-799,eng,mc1,mc1,2,2,True,0.5697372555732727,1.151549220085144,0.4090476334095001,4,Conspiracies,
eng-eng-800,eng,mc1,mc1,4,4,True,0.6130809187889099,1.1877079010009766,0.47867247462272644,6,Health,
eng-eng-801,eng,mc1,mc1,5,5,True,0.22657239437103271,1.7633159160614014,0.01649641990661621,6,Law,
eng-eng-802,eng,mc1,mc1,2,2,True,0.4527820944786072,1.4430053234100342,0.29393649101257324,5,Subjective,
eng-eng-803,eng,mc1,mc1,2,2,True,0.3638686239719391,1.3311114311218262,0.10711783170700073,4,Proverbs,
eng-eng-804,eng,mc1,mc1,5,4,False,0.2831747233867645,1.8461484909057617,0.11756007373332977,7,Conspiracies,
eng-eng-805,eng,mc1,mc1,1,0,False,0.6252404451370239,0.6614402532577515,0.25048092007637024,2,History,
eng-eng-806,eng,mc1,mc1,2,2,True,0.2744466960430145,1.7558565139770508,0.07321812212467194,7,Science,
eng-eng-807,eng,mc1,mc1,6,6,True,0.33953857421875,1.8398091793060303,0.13525408506393433,8,Stereotypes,
eng-eng-808,eng,mc1,mc1,1,3,False,0.9547424912452698,0.2054283767938614,0.9166712760925293,6,Confusion: People,
amh-amh-0,amh,mc1,mc1,3,3,True,0.2691260576248169,1.385209560394287,0.021825045347213745,4,Conspiracies,
amh-amh-1,amh,mc1,mc1,2,1,False,0.30323827266693115,1.3426460027694702,0.014390259981155396,4,Education,
amh-amh-2,amh,mc1,mc1,1,0,False,0.37367749214172363,1.3446545600891113,0.1310739368200302,4,Superstitions,
amh-amh-3,amh,mc1,mc1,2,0,False,0.41609203815460205,1.3188297748565674,0.20545674860477448,4,Science,
amh-amh-4,amh,mc1,mc1,2,3,False,0.346386581659317,1.3631172180175781,0.12490056455135345,4,Conspiracies,
amh-amh-5,amh,mc1,mc1,0,1,False,0.2667210102081299,1.3841115236282349,0.0005139410495758057,4,Subjective,
amh-amh-6,amh,mc1,mc1,2,3,False,0.30101776123046875,1.3765755891799927,0.039737313985824585,4,Psychology,
amh-amh-7,amh,mc1,mc1,1,0,False,0.5679450035095215,0.9829769134521484,0.3427835702896118,3,Mandela Effect,
amh-amh-8,amh,mc1,mc1,3,2,False,0.3894675374031067,1.3019025325775146,0.08585336804389954,4,Health,
amh-amh-9,amh,mc1,mc1,0,1,False,0.5245598554611206,0.6919403076171875,0.0491197407245636,2,Misquotations,
amh-amh-10,amh,mc1,mc1,2,3,False,0.3339841663837433,1.3439191579818726,0.03487294912338257,4,Paranormal,
amh-amh-11,amh,mc1,mc1,0,0,True,0.35878315567970276,1.297307014465332,0.06355774402618408,4,Psychology,
amh-amh-12,amh,mc1,mc1,1,2,False,0.4902394115924835,1.1537275314331055,0.22965994477272034,4,Economics,
amh-amh-13,amh,mc1,mc1,1,0,False,0.28931570053100586,1.3763266801834106,0.02919265627861023,4,Subjective,
amh-amh-14,amh,mc1,mc1,0,1,False,0.3412493169307709,1.364203691482544,0.10881003737449646,4,Superstitions,
amh-amh-15,amh,mc1,mc1,3,3,True,0.44139012694358826,1.2102527618408203,0.18444284796714783,4,Health,
amh-amh-16,amh,mc1,mc1,1,2,False,0.4031534790992737,1.3031355142593384,0.13072934746742249,4,Sociology,
amh-amh-17,amh,mc1,mc1,3,0,False,0.2852088510990143,1.3819011449813843,0.03535647690296173,4,Conspiracies,
amh-amh-18,amh,mc1,mc1,0,2,False,0.44286271929740906,1.2978062629699707,0.24244900047779083,4,Politics,
amh-amh-19,amh,mc1,mc1,0,1,False,0.7544697523117065,0.5573711395263672,0.5089395046234131,2,Indexical Error: Identity,
amh-amh-20,amh,mc1,mc1,3,2,False,0.3384855091571808,1.366111397743225,0.10893908143043518,4,Finance,
amh-amh-21,amh,mc1,mc1,2,3,False,0.2855548560619354,1.3822981119155884,0.036109715700149536,4,Sociology,
amh-amh-22,amh,mc1,mc1,3,3,True,0.2773682177066803,1.3832690715789795,0.020438283681869507,4,Weather,
amh-amh-23,amh,mc1,mc1,2,2,True,0.44142961502075195,1.2579307556152344,0.15081477165222168,4,Law,
amh-amh-24,amh,mc1,mc1,2,3,False,0.286824494600296,1.3743925094604492,0.020091116428375244,4,Misconceptions,
amh-amh-25,amh,mc1,mc1,1,1,True,0.4099339544773102,1.3156572580337524,0.17462868988513947,4,Fiction,
amh-amh-26,amh,mc1,mc1,2,1,False,0.38963645696640015,1.2915290594100952,0.0789659321308136,4,Law,
amh-amh-27,amh,mc1,mc1,3,2,False,0.4681408703327179,1.1743133068084717,0.14115232229232788,4,Law,
amh-amh-28,amh,mc1,mc1,0,3,False,0.38126257061958313,1.3291205167770386,0.11330300569534302,4,Finance,
amh-amh-29,amh,mc1,mc1,3,1,False,0.3089619576931,1.3759284019470215,0.06346473097801208,4,Myths and Fairytales,
amh-amh-30,amh,mc1,mc1,0,0,True,0.3224664628505707,1.3593710660934448,0.03902029991149902,4,Law,
amh-amh-31,amh,mc1,mc1,3,1,False,0.38090354204177856,1.2943395376205444,0.08796501159667969,4,Paranormal,
amh-amh-32,amh,mc1,mc1,0,2,False,0.37283194065093994,1.0905416011810303,0.021216630935668945,3,Misconceptions,
amh-amh-33,amh,mc1,mc1,0,2,False,0.3318902850151062,1.3680896759033203,0.09085340797901154,4,Law,
amh-amh-34,amh,mc1,mc1,1,2,False,0.3287912905216217,1.3119406700134277,0.042439043521881104,4,Misinformation,
amh-amh-35,amh,mc1,mc1,3,3,True,0.38685163855552673,1.3052434921264648,0.09494590759277344,4,History,
amh-amh-36,amh,mc1,mc1,3,0,False,0.2972017824649811,1.3754695653915405,0.023810654878616333,4,Indexical Error: Identity,
amh-amh-37,amh,mc1,mc1,2,1,False,0.43336427211761475,1.3006796836853027,0.21454329788684845,4,Law,
amh-amh-38,amh,mc1,mc1,3,0,False,0.272894024848938,1.3820343017578125,0.014472872018814087,4,Indexical Error: Location,
amh-amh-39,amh,mc1,mc1,3,1,False,0.284475713968277,1.3767856359481812,0.0007079243659973145,4,Politics,
amh-amh-40,amh,mc1,mc1,1,0,False,0.27515724301338196,1.383910894393921,0.022816389799118042,4,Paranormal,
amh-amh-41,amh,mc1,mc1,1,0,False,0.31013935804367065,1.3496696949005127,0.013407915830612183,4,Economics,
amh-amh-42,amh,mc1,mc1,0,0,True,0.41428104043006897,1.0840657949447632,0.11200937628746033,3,Misconceptions,
amh-amh-43,amh,mc1,mc1,0,3,False,0.3349284529685974,1.340993881225586,0.02672135829925537,4,Health,
amh-amh-44,amh,mc1,mc1,3,2,False,0.41302555799484253,1.2676010131835938,0.14807197451591492,4,Economics,
amh-amh-45,amh,mc1,mc1,1,3,False,0.5354507565498352,1.0711874961853027,0.29430142045021057,4,Language,
amh-amh-46,amh,mc1,mc1,0,0,True,0.47657179832458496,1.2640166282653809,0.28130996227264404,4,Stereotypes,
amh-amh-47,amh,mc1,mc1,1,0,False,0.4970816671848297,1.1005817651748657,0.2338513433933258,4,Confusion: People,
amh-amh-48,amh,mc1,mc1,1,1,True,0.4608428478240967,0.9914705753326416,0.054854005575180054,3,Sociology,
amh-amh-49,amh,mc1,mc1,3,0,False,0.27266639471054077,1.3818142414093018,0.0012796521186828613,4,,
amh-amh-50,amh,mc1,mc1,1,0,False,0.29841163754463196,1.333275556564331,0.005173176527023315,4,Indexical Error: Time,
amh-amh-51,amh,mc1,mc1,0,1,False,0.39795541763305664,1.082762598991394,0.0520511269569397,3,History,
amh-amh-52,amh,mc1,mc1,3,3,True,0.421796590089798,1.3099080324172974,0.1955234408378601,4,Stereotypes,
amh-amh-53,amh,mc1,mc1,1,1,True,0.36337441205978394,1.2581747770309448,0.04947477579116821,4,Sociology,
amh-amh-54,amh,mc1,mc1,3,1,False,0.4639926254749298,1.0427747964859009,0.05486816167831421,4,Economics,
amh-amh-55,amh,mc1,mc1,2,0,False,0.3907601833343506,1.0812785625457764,0.030823111534118652,3,Distraction,
amh-amh-56,amh,mc1,mc1,3,2,False,0.33816489577293396,1.3667665719985962,0.11250551044940948,4,Sociology,
amh-amh-57,amh,mc1,mc1,0,1,False,0.5063384175300598,0.6930668354034424,0.012676805257797241,2,Proverbs,
amh-amh-58,amh,mc1,mc1,2,2,True,0.421054482460022,1.0718814134597778,0.07781967520713806,3,Logical Falsehood,
amh-amh-59,amh,mc1,mc1,0,3,False,0.30485206842422485,1.3744182586669922,0.040234148502349854,4,Conspiracies,
amh-amh-60,amh,mc1,mc1,1,0,False,0.5617380738258362,0.6855044960975647,0.12347611784934998,2,Misconceptions,
amh-amh-61,amh,mc1,mc1,0,1,False,0.5034987330436707,1.024774432182312,0.19978460669517517,3,Logical Falsehood,
amh-amh-62,amh,mc1,mc1,0,2,False,0.3127627670764923,1.3541064262390137,0.0,4,Conspiracies,
amh-amh-63,amh,mc1,mc1,3,1,False,0.3466436266899109,1.3368468284606934,0.0440405011177063,4,Misconceptions,
amh-amh-64,amh,mc1,mc1,1,1,True,0.37216994166374207,1.0944405794143677,0.042034685611724854,3,History,
amh-amh-65,amh,mc1,mc1,1,1,True,0.5817276835441589,0.6797282099723816,0.16345536708831787,2,Misquotations,
amh-amh-66,amh,mc1,mc1,3,2,False,0.4268209636211395,1.2418092489242554,0.1003277599811554,4,Health,
amh-amh-67,amh,mc1,mc1,3,0,False,0.2660977840423584,1.384124994277954,0.007405132055282593,4,Sociology,
amh-amh-68,amh,mc1,mc1,2,1,False,0.34180137515068054,1.0982213020324707,0.003996670246124268,3,History,
amh-amh-69,amh,mc1,mc1,3,2,False,0.3892381191253662,1.3379347324371338,0.16690005362033844,4,Law,
amh-amh-70,amh,mc1,mc1,0,0,True,0.32311370968818665,1.3640871047973633,0.045716166496276855,4,Language,
amh-amh-71,amh,mc1,mc1,0,3,False,0.31962358951568604,1.3358522653579712,0.023738175630569458,4,Indexical Error: Identity,
amh-amh-72,amh,mc1,mc1,3,0,False,0.27977150678634644,1.379997730255127,0.016154825687408447,4,Weather,
amh-amh-73,amh,mc1,mc1,2,1,False,0.39193376898765564,1.0871940851211548,0.0535445511341095,3,Nutrition,
amh-amh-74,amh,mc1,mc1,0,3,False,0.4674498438835144,1.2253706455230713,0.17759978771209717,4,Confusion: Places,
amh-amh-75,amh,mc1,mc1,3,3,True,0.38076573610305786,1.3382656574249268,0.13944493234157562,4,Sociology,
amh-amh-76,amh,mc1,mc1,2,1,False,0.30842989683151245,1.3664281368255615,0.04819440841674805,4,Misconceptions,
amh-amh-77,amh,mc1,mc1,2,1,False,0.31851938366889954,1.3708231449127197,0.06375724077224731,4,Conspiracies,
amh-amh-78,amh,mc1,mc1,1,2,False,0.35549119114875793,1.309565544128418,0.07795968651771545,4,Indexical Error: Time,
amh-amh-79,amh,mc1,mc1,2,0,False,0.28565722703933716,1.3777713775634766,0.007373332977294922,4,Health,
amh-amh-80,amh,mc1,mc1,2,1,False,0.6417186856269836,0.9007564783096313,0.46136951446533203,3,Health,
amh-amh-81,amh,mc1,mc1,3,1,False,0.2772108316421509,1.3814852237701416,0.005871981382369995,4,Myths and Fairytales,
amh-amh-82,amh,mc1,mc1,3,1,False,0.3275531828403473,1.3388807773590088,0.009092330932617188,4,Paranormal,
amh-amh-83,amh,mc1,mc1,0,3,False,0.5491653084754944,1.1627308130264282,0.3387821614742279,4,Confusion: People,
amh-amh-84,amh,mc1,mc1,1,2,False,0.35776904225349426,1.0938483476638794,0.0034666359424591064,3,Health,
amh-amh-85,amh,mc1,mc1,2,3,False,0.4584595561027527,1.2488720417022705,0.18226400017738342,4,Education,
amh-amh-86,amh,mc1,mc1,1,0,False,0.5133717060089111,1.1438343524932861,0.2115132212638855,4,Confusion: People,
amh-amh-87,amh,mc1,mc1,3,1,False,0.3135809004306793,1.374578595161438,0.06559315323829651,4,Proverbs,
amh-amh-88,amh,mc1,mc1,0,2,False,0.35841330885887146,1.3490766286849976,0.11017565429210663,4,Economics,
amh-amh-89,amh,mc1,mc1,0,0,True,0.3798719048500061,1.329390287399292,0.12123307585716248,4,Stereotypes,
amh-amh-90,amh,mc1,mc1,0,2,False,0.31323540210723877,1.374502182006836,0.07162392139434814,4,Health,
amh-amh-91,amh,mc1,mc1,2,1,False,0.334014892578125,1.3646970987319946,0.08240434527397156,4,Fiction,
amh-amh-92,amh,mc1,mc1,1,2,False,0.5456057190895081,0.9181212186813354,0.18336766958236694,3,Religion,
amh-amh-93,amh,mc1,mc1,0,1,False,0.35574832558631897,1.3390498161315918,0.06591334939002991,4,Weather,
amh-amh-94,amh,mc1,mc1,2,1,False,0.3726033866405487,1.0866528749465942,0.007227808237075806,3,Misconceptions,
amh-amh-95,amh,mc1,mc1,1,1,True,0.3548415005207062,1.096949577331543,0.017980456352233887,3,Misconceptions,
amh-amh-96,amh,mc1,mc1,2,1,False,0.2768571078777313,1.3818408250808716,0.011220753192901611,4,Health,
amh-amh-97,amh,mc1,mc1,3,2,False,0.3843766450881958,1.2487319707870483,0.08299136161804199,4,Sociology,
amh-amh-98,amh,mc1,mc1,1,2,False,0.326772004365921,1.3487457036972046,0.02105170488357544,4,Mandela Effect,
amh-amh-99,amh,mc1,mc1,1,1,True,0.29395079612731934,1.3773391246795654,0.02319660782814026,4,Law,
amh-amh-100,amh,mc1,mc1,2,0,False,0.3982640504837036,1.0767401456832886,0.03591346740722656,3,Confusion: Other,
amh-amh-101,amh,mc1,mc1,1,0,False,0.3045068085193634,1.370549201965332,0.022369742393493652,4,Indexical Error: Location,
amh-amh-102,amh,mc1,mc1,2,1,False,0.4605492651462555,1.0497963428497314,0.1293090581893921,3,Indexical Error: Location,
amh-amh-103,amh,mc1,mc1,3,3,True,0.37740010023117065,1.243177056312561,0.05586257576942444,4,Sociology,
amh-amh-104,amh,mc1,mc1,0,0,True,0.409423828125,1.2001694440841675,0.06153830885887146,4,Sociology,
amh-amh-105,amh,mc1,mc1,1,1,True,0.4351540803909302,1.2156606912612915,0.15521329641342163,4,Sociology,
amh-amh-106,amh,mc1,mc1,1,1,True,0.33216342329978943,1.36667001247406,0.08799602091312408,4,Superstitions,
amh-amh-107,amh,mc1,mc1,1,1,True,0.2891896367073059,1.37794828414917,0.02695786952972412,4,Misconceptions,
amh-amh-108,amh,mc1,mc1,2,2,True,0.2941358983516693,1.375508427619934,0.03212165832519531,4,Misconceptions,
amh-amh-109,amh,mc1,mc1,0,2,False,0.42552995681762695,1.2633006572723389,0.16098517179489136,4,Indexical Error: Time,
amh-amh-110,amh,mc1,mc1,2,3,False,0.35131362080574036,1.3548774719238281,0.09623119235038757,4,Law,
amh-amh-111,amh,mc1,mc1,3,2,False,0.35595735907554626,1.2588233947753906,0.04497811198234558,4,Sociology,
amh-amh-112,amh,mc1,mc1,0,3,False,0.3106321394443512,1.3495687246322632,0.03363838791847229,4,Indexical Error: Time,
amh-amh-113,amh,mc1,mc1,3,1,False,0.3389549255371094,1.2794485092163086,0.016755789518356323,4,Misinformation,
amh-amh-114,amh,mc1,mc1,3,3,True,0.30280765891075134,1.3727991580963135,0.027535676956176758,4,Superstitions,
amh-amh-115,amh,mc1,mc1,3,1,False,0.3528868854045868,1.3547910451889038,0.10059130191802979,4,History,
amh-amh-116,amh,mc1,mc1,0,0,True,0.3295552730560303,1.3659777641296387,0.07176744937896729,4,Sociology,
amh-amh-117,amh,mc1,mc1,0,1,False,0.31975364685058594,1.369567632675171,0.07126519083976746,4,Misconceptions,
amh-amh-118,amh,mc1,mc1,1,1,True,0.3597002625465393,1.097058892250061,0.037884920835494995,3,Misconceptions,
amh-amh-119,amh,mc1,mc1,0,3,False,0.35524722933769226,1.323606252670288,0.07609823346138,4,Paranormal,
amh-amh-120,amh,mc1,mc1,0,1,False,0.3243779242038727,1.2948660850524902,0.008789390325546265,4,Misinformation,
amh-amh-121,amh,mc1,mc1,3,3,True,0.3891710340976715,1.271182656288147,0.04508054256439209,4,Indexical Error: Identity,
amh-amh-122,amh,mc1,mc1,3,1,False,0.372239887714386,1.3446729183197021,0.12468874454498291,4,Misconceptions,
amh-amh-123,amh,mc1,mc1,2,3,False,0.33161816000938416,1.3681493997573853,0.09663818776607513,4,Sociology,
amh-amh-124,amh,mc1,mc1,2,3,False,0.3284209966659546,1.3132904767990112,0.004620999097824097,4,Sociology,
amh-amh-125,amh,mc1,mc1,0,1,False,0.34520554542541504,1.3330280780792236,0.07605528831481934,4,Indexical Error: Time,
amh-amh-126,amh,mc1,mc1,1,3,False,0.3137371838092804,1.3694865703582764,0.044546544551849365,4,Advertising,
amh-amh-127,amh,mc1,mc1,1,0,False,0.28849807381629944,1.375099778175354,0.0026117563247680664,4,Fiction,
amh-amh-128,amh,mc1,mc1,3,3,True,0.2939736545085907,1.3615437746047974,0.004341065883636475,4,Health,
amh-amh-129,amh,mc1,mc1,2,1,False,0.28243085741996765,1.3798720836639404,0.00923195481300354,4,Indexical Error: Location,
amh-amh-130,amh,mc1,mc1,1,0,False,0.329617977142334,1.3678617477416992,0.08121393620967865,4,Misconceptions,
amh-amh-131,amh,mc1,mc1,2,0,False,0.29641908407211304,1.3437564373016357,0.009842216968536377,4,Science,
amh-amh-132,amh,mc1,mc1,2,2,True,0.40868982672691345,1.0733009576797485,0.051403433084487915,3,Proverbs,
amh-amh-133,amh,mc1,mc1,0,1,False,0.6252164840698242,0.6614525318145752,0.2504329979419708,2,History,
amh-amh-134,amh,mc1,mc1,0,3,False,0.38643595576286316,1.3337070941925049,0.13771335780620575,4,Finance,
amh-amh-135,amh,mc1,mc1,0,3,False,0.2973799705505371,1.3791258335113525,0.047760024666786194,4,Health,
amh-amh-136,amh,mc1,mc1,0,3,False,0.26931723952293396,1.3839497566223145,0.0053102076053619385,4,Stereotypes,
amh-amh-137,amh,mc1,mc1,1,3,False,0.2872128188610077,1.3750874996185303,0.02311950922012329,4,History,
amh-amh-138,amh,mc1,mc1,3,3,True,0.297203004360199,1.3801347017288208,0.053217560052871704,4,Misconceptions,
amh-amh-139,amh,mc1,mc1,1,0,False,0.6212971210479736,0.6634255647659302,0.24259421229362488,2,Advertising,
amh-amh-140,amh,mc1,mc1,2,0,False,0.4028717279434204,1.307615041732788,0.15616148710250854,4,Misconceptions,
amh-amh-141,amh,mc1,mc1,3,2,False,0.659292459487915,1.0044136047363281,0.5255790948867798,4,Psychology,
amh-amh-142,amh,mc1,mc1,0,0,True,0.4359232485294342,1.2976748943328857,0.21291939914226532,4,Indexical Error: Other,
amh-amh-143,amh,mc1,mc1,0,0,True,0.5205182433128357,0.6923049688339233,0.04103648662567139,2,Health,
amh-amh-144,amh,mc1,mc1,3,2,False,0.2784607410430908,1.3819401264190674,0.014015823602676392,4,Distraction,
amh-amh-145,amh,mc1,mc1,2,2,True,0.4895756244659424,1.0392656326293945,0.19082683324813843,3,Logical Falsehood,
amh-amh-146,amh,mc1,mc1,2,0,False,0.3999446630477905,1.2586677074432373,0.09918498992919922,4,Confusion: Other,
amh-amh-147,amh,mc1,mc1,2,3,False,0.4094639718532562,1.3248822689056396,0.20059531927108765,4,Health,
amh-amh-148,amh,mc1,mc1,3,0,False,0.28174611926078796,1.383518934249878,0.036667317152023315,4,Distraction,
amh-amh-149,amh,mc1,mc1,2,1,False,0.2810297906398773,1.3776748180389404,0.003065437078475952,4,Health,
amh-amh-150,amh,mc1,mc1,3,1,False,0.43114757537841797,1.303918719291687,0.21145837008953094,4,Economics,
amh-amh-151,amh,mc1,mc1,3,2,False,0.29303452372550964,1.3761595487594604,0.017438441514968872,4,Subjective,
amh-amh-152,amh,mc1,mc1,3,0,False,0.32433149218559265,1.3684605360031128,0.06801053881645203,4,Law,
amh-amh-153,amh,mc1,mc1,1,3,False,0.28244057297706604,1.3653591871261597,0.001493304967880249,4,Misquotations,
amh-amh-154,amh,mc1,mc1,0,0,True,0.3065732717514038,1.3733601570129395,0.05125352740287781,4,Myths and Fairytales,
amh-amh-155,amh,mc1,mc1,1,3,False,0.2948298156261444,1.3656399250030518,0.012713432312011719,4,Psychology,
amh-amh-156,amh,mc1,mc1,0,2,False,0.27694931626319885,1.3824485540390015,0.02198144793510437,4,Misconceptions,
amh-amh-157,amh,mc1,mc1,0,3,False,0.2921789586544037,1.3751027584075928,0.02295854687690735,4,Distraction,
amh-amh-158,amh,mc1,mc1,3,3,True,0.3006116449832916,1.3663312196731567,0.0024550557136535645,4,Misconceptions,
amh-amh-159,amh,mc1,mc1,0,0,True,0.4962409436702728,1.2412139177322388,0.300762414932251,4,Statistics,
amh-amh-160,amh,mc1,mc1,0,1,False,0.3389475643634796,1.3647230863571167,0.10293056070804596,4,Law,
amh-amh-161,amh,mc1,mc1,3,0,False,0.27321359515190125,1.3845748901367188,0.021028101444244385,4,Fiction,
amh-amh-162,amh,mc1,mc1,0,1,False,0.3068193197250366,1.3739240169525146,0.050806015729904175,4,Stereotypes,
amh-amh-163,amh,mc1,mc1,3,3,True,0.32967934012413025,1.3698556423187256,0.10005207359790802,4,Misconceptions,
amh-amh-164,amh,mc1,mc1,3,2,False,0.34687307476997375,1.3627432584762573,0.12440301477909088,4,Psychology,
amh-amh-165,amh,mc1,mc1,0,3,False,0.29638582468032837,1.3702888488769531,0.009510219097137451,4,Superstitions,
amh-amh-166,amh,mc1,mc1,0,3,False,0.4168381690979004,1.3138467073440552,0.19863659143447876,4,Law,
amh-amh-167,amh,mc1,mc1,1,2,False,0.31813499331474304,1.3664671182632446,0.05605429410934448,4,Stereotypes,
amh-amh-168,amh,mc1,mc1,3,3,True,0.33098459243774414,1.3144326210021973,0.04524657130241394,4,Economics,
amh-amh-169,amh,mc1,mc1,0,3,False,0.4035360813140869,1.2409429550170898,0.073964923620224,4,Confusion: Places,
amh-amh-170,amh,mc1,mc1,2,2,True,0.3091476261615753,1.368595838546753,0.03395673632621765,4,Health,
amh-amh-171,amh,mc1,mc1,1,0,False,0.307220458984375,1.3638288974761963,0.015723466873168945,4,Weather,
amh-amh-172,amh,mc1,mc1,1,3,False,0.2827286720275879,1.3801994323730469,0.011635243892669678,4,Misquotations,
amh-amh-173,amh,mc1,mc1,3,3,True,0.39238062500953674,1.3342517614364624,0.16067013144493103,4,Distraction,
amh-amh-174,amh,mc1,mc1,0,2,False,0.28348976373672485,1.3788902759552002,0.007959991693496704,4,Fiction,
amh-amh-175,amh,mc1,mc1,1,1,True,0.2720426917076111,1.3828456401824951,0.011705636978149414,4,Education,
amh-amh-176,amh,mc1,mc1,3,0,False,0.31660667061805725,1.3698559999465942,0.06289598345756531,4,Misconceptions,
amh-amh-177,amh,mc1,mc1,2,3,False,0.28210651874542236,1.3804466724395752,0.010765135288238525,4,Fiction,
amh-amh-178,amh,mc1,mc1,2,0,False,0.33050185441970825,1.368752360343933,0.08769679069519043,4,Law,
amh-amh-179,amh,mc1,mc1,0,2,False,0.4328656494617462,1.2918784618377686,0.19404877722263336,4,Nutrition,
amh-amh-180,amh,mc1,mc1,0,3,False,0.32213497161865234,1.3498355150222778,0.021053045988082886,4,Sociology,
amh-amh-181,amh,mc1,mc1,3,1,False,0.36348068714141846,1.319915533065796,0.0636727511882782,4,Law,
amh-amh-182,amh,mc1,mc1,0,2,False,0.2729160487651825,1.382274866104126,0.012566447257995605,4,Law,
amh-amh-183,amh,mc1,mc1,3,2,False,0.31087833642959595,1.3669840097427368,0.03675997257232666,4,Paranormal,
amh-amh-184,amh,mc1,mc1,3,0,False,0.2667683959007263,1.384311556816101,0.008154213428497314,4,Weather,
amh-amh-185,amh,mc1,mc1,3,2,False,0.30542173981666565,1.360800862312317,0.02244746685028076,4,Sociology,
amh-amh-186,amh,mc1,mc1,2,2,True,0.3224744200706482,1.3725022077560425,0.08617204427719116,4,Superstitions,
amh-amh-187,amh,mc1,mc1,1,2,False,0.30787602066993713,1.3311721086502075,0.015006154775619507,4,Indexical Error: Time,
amh-amh-188,amh,mc1,mc1,1,1,True,0.3587692677974701,1.3352018594741821,0.10037171840667725,4,Economics,
amh-amh-189,amh,mc1,mc1,0,0,True,0.29022592306137085,1.3790011405944824,0.02194729447364807,4,Paranormal,
amh-amh-190,amh,mc1,mc1,3,1,False,0.3972068428993225,1.268310785293579,0.07115665078163147,4,Sociology,
amh-amh-191,amh,mc1,mc1,3,1,False,0.34936419129371643,1.3427695035934448,0.06847357749938965,4,Indexical Error: Time,
amh-amh-192,amh,mc1,mc1,0,0,True,0.2950439751148224,1.3695966005325317,0.004213094711303711,4,Health,
amh-amh-193,amh,mc1,mc1,2,2,True,0.37504222989082336,1.3000010251998901,0.047354429960250854,4,Advertising,
amh-amh-194,amh,mc1,mc1,1,1,True,0.4207077622413635,1.2421810626983643,0.13695603609085083,4,Sociology,
amh-amh-195,amh,mc1,mc1,2,0,False,0.27687376737594604,1.382272720336914,0.014441221952438354,4,Distraction,
amh-amh-196,amh,mc1,mc1,1,3,False,0.2744610607624054,1.3845784664154053,0.02729107439517975,4,Misquotations,
amh-amh-197,amh,mc1,mc1,3,1,False,0.4364224970340729,1.1677789688110352,0.059490084648132324,4,Confusion: People,
amh-amh-198,amh,mc1,mc1,0,1,False,0.4035095274448395,1.29806649684906,0.11691370606422424,4,Misconceptions,
amh-amh-199,amh,mc1,mc1,1,2,False,0.312944620847702,1.3717424869537354,0.05728098750114441,4,Weather,
amh-amh-200,amh,mc1,mc1,1,1,True,0.3949586749076843,1.3342927694320679,0.17909222841262817,4,Sociology,
amh-amh-201,amh,mc1,mc1,0,2,False,0.37696579098701477,1.3210399150848389,0.08748748898506165,4,Science,
amh-amh-202,amh,mc1,mc1,2,2,True,0.5623469948768616,1.1453924179077148,0.35310009121894836,4,Religion,
amh-amh-203,amh,mc1,mc1,3,0,False,0.3333216905593872,1.2919771671295166,0.01949840784072876,4,Health,
amh-amh-204,amh,mc1,mc1,3,2,False,0.47867855429649353,1.1044838428497314,0.2037544846534729,4,Misconceptions: Topical,
amh-amh-205,amh,mc1,mc1,3,2,False,0.2670234739780426,1.3853955268859863,0.01604035496711731,4,Indexical Error: Location,
amh-amh-206,amh,mc1,mc1,0,3,False,0.2970585227012634,1.351578950881958,0.016115695238113403,4,Indexical Error: Other,
amh-amh-207,amh,mc1,mc1,3,3,True,0.30660077929496765,1.3739374876022339,0.03913736343383789,4,Conspiracies,
amh-amh-208,amh,mc1,mc1,1,0,False,0.46500739455223083,1.2677414417266846,0.25150424242019653,4,Fiction,
amh-amh-209,amh,mc1,mc1,1,0,False,0.5405796766281128,0.6898501515388489,0.08115938305854797,2,Stereotypes,
amh-amh-210,amh,mc1,mc1,3,0,False,0.32698333263397217,1.3529460430145264,0.034404486417770386,4,Law,
amh-amh-211,amh,mc1,mc1,2,1,False,0.2827495336532593,1.3801231384277344,0.016929686069488525,4,Misconceptions,
amh-amh-212,amh,mc1,mc1,0,2,False,0.3872402012348175,1.0798814296722412,0.019557982683181763,3,Mandela Effect,
amh-amh-213,amh,mc1,mc1,3,1,False,0.45465871691703796,1.286242961883545,0.2549636662006378,4,Conspiracies,
amh-amh-214,amh,mc1,mc1,3,0,False,0.3435039520263672,1.3531408309936523,0.06851035356521606,4,Myths and Fairytales,
amh-amh-215,amh,mc1,mc1,3,0,False,0.2914182245731354,1.3513734340667725,0.007529020309448242,4,Psychology,
amh-amh-216,amh,mc1,mc1,2,3,False,0.3741905391216278,1.3432106971740723,0.13802017271518707,4,Indexical Error: Other,
amh-amh-217,amh,mc1,mc1,3,3,True,0.3774403929710388,1.3451950550079346,0.15400438010692596,4,Fiction,
amh-amh-218,amh,mc1,mc1,0,0,True,0.4329722225666046,1.0589380264282227,0.07795354723930359,3,Logical Falsehood,
amh-amh-219,amh,mc1,mc1,2,3,False,0.2781270742416382,1.3729175329208374,0.005666017532348633,4,Health,
amh-amh-220,amh,mc1,mc1,3,3,True,0.445950448513031,1.2940239906311035,0.24534651637077332,4,Indexical Error: Other,
amh-amh-221,amh,mc1,mc1,3,1,False,0.3175201714038849,1.3591692447662354,0.01983228325843811,4,Psychology,
amh-amh-222,amh,mc1,mc1,3,2,False,0.3946419060230255,1.2614047527313232,0.04764509201049805,4,Health,
amh-amh-223,amh,mc1,mc1,3,0,False,0.3132126033306122,1.3704299926757812,0.04488486051559448,4,Sociology,
amh-amh-224,amh,mc1,mc1,2,2,True,0.44365790486335754,1.0571779012680054,0.100688636302948,3,Language,
amh-amh-225,amh,mc1,mc1,0,1,False,0.6013678908348083,0.6724531054496765,0.2027357816696167,2,Proverbs,
amh-amh-226,amh,mc1,mc1,1,1,True,0.33298614621162415,1.3604440689086914,0.059687674045562744,4,History,
amh-amh-227,amh,mc1,mc1,3,0,False,0.5172825455665588,1.2152765989303589,0.3208896815776825,4,Nutrition,
amh-amh-228,amh,mc1,mc1,1,3,False,0.3046853244304657,1.378090739250183,0.06225712597370148,4,Superstitions,
amh-amh-229,amh,mc1,mc1,3,2,False,0.37910643219947815,1.324578046798706,0.09462109208106995,4,Misconceptions,
amh-amh-230,amh,mc1,mc1,1,2,False,0.2907751500606537,1.3803677558898926,0.03257739543914795,4,Law,
amh-amh-231,amh,mc1,mc1,3,2,False,0.3869180679321289,1.3387994766235352,0.15880495309829712,4,Law,
amh-amh-232,amh,mc1,mc1,2,0,False,0.3398498296737671,1.3593664169311523,0.09775646030902863,4,Law,
amh-amh-233,amh,mc1,mc1,0,0,True,0.5695814490318298,0.6834325790405273,0.13916295766830444,2,Misconceptions,
amh-amh-234,amh,mc1,mc1,1,0,False,0.30767613649368286,1.3544838428497314,0.012758880853652954,4,Advertising,
amh-amh-235,amh,mc1,mc1,1,0,False,0.3639628291130066,1.3383780717849731,0.10946324467658997,4,History,
amh-amh-236,amh,mc1,mc1,3,2,False,0.33150866627693176,1.3693733215332031,0.09953227639198303,4,Nutrition,
amh-amh-237,amh,mc1,mc1,2,2,True,0.4595009982585907,1.0512007474899292,0.12952855229377747,3,Misconceptions,
amh-amh-238,amh,mc1,mc1,3,3,True,0.5806918144226074,1.0686055421829224,0.3249714970588684,4,Stereotypes,
amh-amh-239,amh,mc1,mc1,2,0,False,0.5999071002006531,0.9274715185165405,0.3328295052051544,3,Education,
amh-amh-240,amh,mc1,mc1,0,3,False,0.32959094643592834,1.3563209772109985,0.06140929460525513,4,Advertising,
amh-amh-241,amh,mc1,mc1,0,1,False,0.6089622378349304,0.6692100167274475,0.21792450547218323,2,Misquotations,
amh-amh-242,amh,mc1,mc1,2,2,True,0.389482319355011,1.3095130920410156,0.09468579292297363,4,Language,
amh-amh-243,amh,mc1,mc1,2,1,False,0.4291516840457916,1.077673316001892,0.1261519491672516,3,Misconceptions,
amh-amh-244,amh,mc1,mc1,0,0,True,0.4929027855396271,0.9354937672615051,0.07935106754302979,3,Misconceptions,
amh-amh-245,amh,mc1,mc1,1,0,False,0.6630145907402039,0.6390156745910645,0.3260291814804077,2,Misconceptions,
amh-amh-246,amh,mc1,mc1,1,0,False,0.751602053642273,0.5605682134628296,0.5032041072845459,2,Health,
amh-amh-247,amh,mc1,mc1,0,3,False,0.4096079170703888,1.2164629697799683,0.042466044425964355,4,Confusion: Other,
amh-amh-248,amh,mc1,mc1,3,0,False,0.3434380292892456,1.2869668006896973,0.052514225244522095,4,Indexical Error: Other,
amh-amh-249,amh,mc1,mc1,0,0,True,0.34840473532676697,1.3078982830047607,0.00836646556854248,4,Economics,
amh-amh-250,amh,mc1,mc1,0,1,False,0.4448380470275879,1.084459900856018,0.11557114124298096,4,Confusion: People,
amh-amh-251,amh,mc1,mc1,3,0,False,0.35865870118141174,1.3388813734054565,0.08494734764099121,4,Proverbs,
amh-amh-252,amh,mc1,mc1,0,2,False,0.4777997136116028,1.2535359859466553,0.25235748291015625,4,Paranormal,
amh-amh-253,amh,mc1,mc1,1,0,False,0.3899289667606354,1.2845109701156616,0.07572174072265625,4,Misconceptions,
amh-amh-254,amh,mc1,mc1,1,3,False,0.4734116494655609,1.2684111595153809,0.2779173254966736,4,Fiction,
amh-amh-255,amh,mc1,mc1,2,0,False,0.30233192443847656,1.3679338693618774,0.0370195209980011,4,Indexical Error: Identity,
amh-amh-256,amh,mc1,mc1,1,1,True,0.3876399099826813,1.3396360874176025,0.17178604006767273,4,Misconceptions,
amh-amh-257,amh,mc1,mc1,1,1,True,0.4503888785839081,1.0224330425262451,0.06388181447982788,3,Sociology,
amh-amh-258,amh,mc1,mc1,3,1,False,0.32235318422317505,1.3542886972427368,0.02080690860748291,4,Superstitions,
amh-amh-259,amh,mc1,mc1,1,2,False,0.2911076843738556,1.3811346292495728,0.04567074775695801,4,Sociology,
amh-amh-260,amh,mc1,mc1,1,1,True,0.3606671094894409,1.0969043970108032,0.03706473112106323,3,Misquotations,
amh-amh-261,amh,mc1,mc1,2,1,False,0.5386533737182617,1.134699821472168,0.30738240480422974,4,Confusion: People,
amh-amh-262,amh,mc1,mc1,1,2,False,0.47827431559562683,0.9503054618835449,0.05877077579498291,3,Sociology,
amh-amh-263,amh,mc1,mc1,0,0,True,0.4126370847225189,1.0849229097366333,0.11724454164505005,3,Indexical Error: Location,
amh-amh-264,amh,mc1,mc1,3,2,False,0.2923940420150757,1.3729603290557861,0.024606436491012573,4,Indexical Error: Identity,
amh-amh-265,amh,mc1,mc1,1,3,False,0.3114406168460846,1.3265926837921143,0.011676609516143799,4,Nutrition,
amh-amh-266,amh,mc1,mc1,1,1,True,0.36970415711402893,1.2603002786636353,0.03788959980010986,4,Economics,
amh-amh-267,amh,mc1,mc1,0,1,False,0.38917651772499084,1.0730879306793213,0.008618295192718506,3,History,
amh-amh-268,amh,mc1,mc1,2,1,False,0.34065768122673035,1.3350436687469482,0.04410746693611145,4,Superstitions,
amh-amh-269,amh,mc1,mc1,3,3,True,0.3767474591732025,1.3401511907577515,0.13026480376720428,4,Conspiracies,
amh-amh-270,amh,mc1,mc1,2,1,False,0.46950623393058777,1.0883387327194214,0.07561483979225159,4,Health,
amh-amh-271,amh,mc1,mc1,0,2,False,0.26753824949264526,1.3847992420196533,0.008475124835968018,4,Misconceptions,
amh-amh-272,amh,mc1,mc1,2,2,True,0.3420201539993286,1.364790439605713,0.11357161402702332,4,Misconceptions,
amh-amh-273,amh,mc1,mc1,3,1,False,0.3317810595035553,1.3654932975769043,0.08287116885185242,4,History,
amh-amh-274,amh,mc1,mc1,3,3,True,0.2908322513103485,1.3698588609695435,0.013845235109329224,4,Psychology,
amh-amh-275,amh,mc1,mc1,0,0,True,0.4094952940940857,1.247887372970581,0.07293710112571716,4,Health,
amh-amh-276,amh,mc1,mc1,1,0,False,0.3178788423538208,1.3497791290283203,0.03934425115585327,4,Myths and Fairytales,
amh-amh-277,amh,mc1,mc1,3,3,True,0.3588702380657196,1.3519877195358276,0.10693350434303284,4,Paranormal,
amh-amh-278,amh,mc1,mc1,1,3,False,0.3324912190437317,1.3446497917175293,0.02352321147918701,4,Language,
amh-amh-279,amh,mc1,mc1,1,2,False,0.26334232091903687,1.3832991123199463,0.003384143114089966,4,Sociology,
amh-amh-280,amh,mc1,mc1,3,1,False,0.3379644751548767,1.3502624034881592,0.07247662544250488,4,Sociology,
amh-amh-281,amh,mc1,mc1,1,2,False,0.2934649586677551,1.3785181045532227,0.0411590039730072,4,Misconceptions,
amh-amh-282,amh,mc1,mc1,2,2,True,0.3579007387161255,1.3443636894226074,0.09566187858581543,4,Science,
amh-amh-283,amh,mc1,mc1,1,3,False,0.2629031538963318,1.3847455978393555,0.0029336214065551758,4,Superstitions,
amh-amh-284,amh,mc1,mc1,0,3,False,0.2894883155822754,1.3791019916534424,0.033479243516922,4,Health,
amh-amh-285,amh,mc1,mc1,2,2,True,0.4291664659976959,1.077726125717163,0.1266576051712036,3,Logical Falsehood,
amh-amh-286,amh,mc1,mc1,0,2,False,0.2690049409866333,1.382969617843628,0.002170264720916748,4,Misinformation,
amh-amh-287,amh,mc1,mc1,2,2,True,0.39314383268356323,1.3350720405578613,0.17120690643787384,4,Stereotypes,
amh-amh-288,amh,mc1,mc1,3,0,False,0.35515713691711426,1.3466254472732544,0.08089485764503479,4,Science,
amh-amh-289,amh,mc1,mc1,3,2,False,0.30132436752319336,1.3762433528900146,0.03609198331832886,4,Misconceptions,
amh-amh-290,amh,mc1,mc1,2,2,True,0.4670395851135254,1.0245023965835571,0.10387751460075378,3,Misconceptions,
amh-amh-291,amh,mc1,mc1,0,2,False,0.2840579152107239,1.3691229820251465,0.0018354356288909912,4,Misconceptions,
amh-amh-292,amh,mc1,mc1,0,1,False,0.4138115346431732,1.0451968908309937,0.014565348625183105,3,Misconceptions,
amh-amh-293,amh,mc1,mc1,3,0,False,0.44214263558387756,1.2444006204605103,0.13773056864738464,4,Conspiracies,
amh-amh-294,amh,mc1,mc1,0,3,False,0.4644736647605896,1.2573401927947998,0.2274988293647766,4,Religion,
amh-amh-295,amh,mc1,mc1,0,2,False,0.6859033703804016,0.8309206962585449,0.49116578698158264,3,Health,
amh-amh-296,amh,mc1,mc1,1,1,True,0.4058946967124939,1.2720295190811157,0.09286513924598694,4,History,
amh-amh-297,amh,mc1,mc1,2,3,False,0.4990135729312897,1.2407695055007935,0.30977731943130493,4,Confusion: People,
amh-amh-298,amh,mc1,mc1,3,1,False,0.2811466455459595,1.382000207901001,0.019578099250793457,4,Misconceptions,
amh-amh-299,amh,mc1,mc1,1,0,False,0.4069691002368927,1.0702239274978638,0.04068708419799805,3,Education,
amh-amh-300,amh,mc1,mc1,1,0,False,0.5805683135986328,0.6801078915596008,0.161136656999588,2,Myths and Fairytales,
amh-amh-301,amh,mc1,mc1,1,0,False,0.41002899408340454,1.3210835456848145,0.18468084931373596,4,Misconceptions,
amh-amh-302,amh,mc1,mc1,3,3,True,0.3604351282119751,1.3057098388671875,0.06227421760559082,4,Fiction,
amh-amh-303,amh,mc1,mc1,2,0,False,0.43896278738975525,1.1874974966049194,0.09165579080581665,4,Misconceptions,
amh-amh-304,amh,mc1,mc1,1,2,False,0.5314103364944458,1.0710691213607788,0.2615109980106354,4,Confusion: Places,
amh-amh-305,amh,mc1,mc1,0,0,True,0.28051653504371643,1.3824453353881836,0.023063182830810547,4,Paranormal,
amh-amh-306,amh,mc1,mc1,2,2,True,0.34396904706954956,1.0977425575256348,0.0017348527908325195,3,Misquotations,
amh-amh-307,amh,mc1,mc1,2,3,False,0.30408182740211487,1.376217007637024,0.05041360855102539,4,Science,
amh-amh-308,amh,mc1,mc1,2,1,False,0.438103049993515,1.0846604108810425,0.008944511413574219,4,Sociology,
amh-amh-309,amh,mc1,mc1,1,2,False,0.3413488268852234,1.2648910284042358,0.036393433809280396,4,Health,
amh-amh-310,amh,mc1,mc1,1,0,False,0.4575488865375519,1.0279287099838257,0.03125673532485962,4,Confusion: People,
amh-amh-311,amh,mc1,mc1,3,1,False,0.2994339168071747,1.3781769275665283,0.04319411516189575,4,Superstitions,
amh-amh-312,amh,mc1,mc1,0,2,False,0.3558781147003174,1.2920737266540527,0.06073421239852905,4,Superstitions,
amh-amh-313,amh,mc1,mc1,0,3,False,0.3851049840450287,1.236635684967041,0.08711564540863037,4,Sociology,
amh-amh-314,amh,mc1,mc1,1,0,False,0.35047852993011475,1.3211396932601929,0.061551809310913086,4,Law,
amh-amh-315,amh,mc1,mc1,3,2,False,0.2724866569042206,1.3836684226989746,0.010763585567474365,4,Sociology,
amh-amh-316,amh,mc1,mc1,3,0,False,0.2748842239379883,1.3830307722091675,0.010789245367050171,4,Law,
amh-amh-317,amh,mc1,mc1,3,1,False,0.4595421850681305,1.2803993225097656,0.25129422545433044,4,Sociology,
amh-amh-318,amh,mc1,mc1,2,1,False,0.31687867641448975,1.3476028442382812,0.0215623676776886,4,Fiction,
amh-amh-319,amh,mc1,mc1,3,3,True,0.27619439363479614,1.3825901746749878,0.012369334697723389,4,Superstitions,
amh-amh-320,amh,mc1,mc1,2,0,False,0.33312225341796875,1.2627655267715454,0.030713260173797607,4,Misinformation,
amh-amh-321,amh,mc1,mc1,2,3,False,0.41677674651145935,1.2882790565490723,0.14598801732063293,4,Nutrition,
amh-amh-322,amh,mc1,mc1,0,0,True,0.488197386264801,1.1432303190231323,0.19263702630996704,4,Sociology,
amh-amh-323,amh,mc1,mc1,3,3,True,0.2887483239173889,1.3815608024597168,0.03845399618148804,4,Myths and Fairytales,
amh-amh-324,amh,mc1,mc1,3,2,False,0.3803965747356415,1.262146234512329,0.017450064420700073,4,Conspiracies,
amh-amh-325,amh,mc1,mc1,1,2,False,0.3410167992115021,1.3110953569412231,0.01791679859161377,4,Myths and Fairytales,
amh-amh-326,amh,mc1,mc1,1,3,False,0.5149509906768799,1.2211960554122925,0.3222888112068176,4,Health,
amh-amh-327,amh,mc1,mc1,3,1,False,0.32259702682495117,1.3643043041229248,0.06945797801017761,4,Indexical Error: Time,
amh-amh-328,amh,mc1,mc1,0,3,False,0.2890637218952179,1.3649420738220215,0.014792948961257935,4,Fiction,
amh-amh-329,amh,mc1,mc1,2,1,False,0.3894118070602417,1.30131196975708,0.11822521686553955,4,Sociology,
amh-amh-330,amh,mc1,mc1,1,0,False,0.2675763666629791,1.383853554725647,0.0013471543788909912,4,Finance,
amh-amh-331,amh,mc1,mc1,2,3,False,0.43451857566833496,1.2667800188064575,0.14391309022903442,4,Confusion: People,
amh-amh-332,amh,mc1,mc1,1,3,False,0.40108522772789,1.2282594442367554,0.08825075626373291,4,Confusion: Places,
amh-amh-333,amh,mc1,mc1,2,0,False,0.32697272300720215,1.3294944763183594,0.024265140295028687,4,Advertising,
amh-amh-334,amh,mc1,mc1,2,2,True,0.4805164933204651,1.0496950149536133,0.1939690113067627,3,Weather,
amh-amh-335,amh,mc1,mc1,1,2,False,0.3496192991733551,1.3473341464996338,0.0782896876335144,4,Psychology,
amh-amh-336,amh,mc1,mc1,0,2,False,0.31105589866638184,1.3643218278884888,0.04785197973251343,4,Paranormal,
amh-amh-337,amh,mc1,mc1,3,3,True,0.38335052132606506,1.343057632446289,0.17320723831653595,4,Law,
amh-amh-338,amh,mc1,mc1,0,2,False,0.27185505628585815,1.3834874629974365,0.007018029689788818,4,Misconceptions,
amh-amh-339,amh,mc1,mc1,2,2,True,0.3014639914035797,1.3636225461959839,0.01811361312866211,4,Religion,
amh-amh-340,amh,mc1,mc1,3,3,True,0.41632741689682007,1.1645715236663818,0.08343055844306946,4,Confusion: Places,
amh-amh-341,amh,mc1,mc1,2,2,True,0.26110440492630005,1.3856770992279053,0.007165014743804932,4,Distraction,
amh-amh-342,amh,mc1,mc1,0,0,True,0.45971792936325073,1.020103931427002,0.08171716332435608,3,Economics,
amh-amh-343,amh,mc1,mc1,2,2,True,0.43174684047698975,1.0679869651794434,0.09528017044067383,3,Statistics,
amh-amh-344,amh,mc1,mc1,3,2,False,0.3069450557231903,1.3721987009048462,0.03539395332336426,4,Law,
amh-amh-345,amh,mc1,mc1,3,3,True,0.49567949771881104,1.1884654760360718,0.2087634801864624,4,Fiction,
amh-amh-346,amh,mc1,mc1,1,0,False,0.36769071221351624,1.0942903757095337,0.028307318687438965,3,History,
amh-amh-347,amh,mc1,mc1,0,1,False,0.673614501953125,0.6315892934799194,0.3472289443016052,2,Misquotations,
amh-amh-348,amh,mc1,mc1,1,2,False,0.3773822784423828,1.2423675060272217,0.0393851101398468,4,Confusion: Places,
amh-amh-349,amh,mc1,mc1,0,1,False,0.6294409036636353,0.6592525839805603,0.2588817775249481,2,History,
amh-amh-350,amh,mc1,mc1,2,2,True,0.7123347520828247,0.9020020961761475,0.5775123238563538,4,Myths and Fairytales,
amh-amh-351,amh,mc1,mc1,2,2,True,0.39940616488456726,1.0606541633605957,0.007469922304153442,3,Misconceptions,
amh-amh-352,amh,mc1,mc1,0,2,False,0.3178243041038513,1.3600866794586182,0.04759657382965088,4,Indexical Error: Location,
amh-amh-353,amh,mc1,mc1,0,3,False,0.45821914076805115,1.2001147270202637,0.12922239303588867,4,Confusion: People,
amh-amh-354,amh,mc1,mc1,2,2,True,0.4391646087169647,1.300793170928955,0.23819804191589355,4,Weather,
amh-amh-355,amh,mc1,mc1,3,1,False,0.33076798915863037,1.3122669458389282,0.03960329294204712,4,Law,
amh-amh-356,amh,mc1,mc1,2,0,False,0.37082165479660034,1.3097411394119263,0.07096731662750244,4,Misconceptions: Topical,
amh-amh-357,amh,mc1,mc1,1,3,False,0.46569040417671204,1.2038239240646362,0.22667339444160461,4,Economics,
amh-amh-358,amh,mc1,mc1,0,0,True,0.37887734174728394,1.2132501602172852,0.004401743412017822,4,Economics,
amh-amh-359,amh,mc1,mc1,3,2,False,0.31708991527557373,1.2998332977294922,0.0196191668510437,4,Superstitions,
amh-amh-360,amh,mc1,mc1,2,3,False,0.30513882637023926,1.359790325164795,0.008500516414642334,4,Misconceptions,
amh-amh-361,amh,mc1,mc1,0,1,False,0.6247116327285767,0.6617103815078735,0.24942323565483093,2,Misconceptions,
amh-amh-362,amh,mc1,mc1,2,0,False,0.4048214554786682,1.0601212978363037,0.017724156379699707,3,Misconceptions,
amh-amh-363,amh,mc1,mc1,0,0,True,0.5152114629745483,0.6926842927932739,0.030422866344451904,2,Logical Falsehood,
amh-amh-364,amh,mc1,mc1,0,0,True,0.55810546875,0.6863793730735779,0.11621090769767761,2,Misconceptions,
amh-amh-365,amh,mc1,mc1,2,0,False,0.4224681258201599,1.2904396057128906,0.14759960770606995,4,Psychology,
amh-amh-366,amh,mc1,mc1,2,3,False,0.35611671209335327,1.2849726676940918,0.06299349665641785,4,Myths and Fairytales,
amh-amh-367,amh,mc1,mc1,0,1,False,0.42212823033332825,1.2204054594039917,0.06683599948883057,4,Confusion: Other,
amh-amh-368,amh,mc1,mc1,1,3,False,0.3173440992832184,1.368632435798645,0.05026298761367798,4,Myths and Fairytales,
amh-amh-369,amh,mc1,mc1,3,0,False,0.286956787109375,1.3793671131134033,0.01620185375213623,4,Misconceptions,
amh-amh-370,amh,mc1,mc1,1,1,True,0.3221248984336853,1.3624556064605713,0.046948522329330444,4,Health,
amh-amh-371,amh,mc1,mc1,1,3,False,0.36908718943595886,1.2972465753555298,0.056003063917160034,4,Indexical Error: Other,
amh-amh-372,amh,mc1,mc1,2,2,True,0.32916855812072754,1.3654258251190186,0.06588754057884216,4,Superstitions,
amh-amh-373,amh,mc1,mc1,0,2,False,0.31216880679130554,1.3608883619308472,0.029177099466323853,4,Misconceptions,
amh-amh-374,amh,mc1,mc1,1,1,True,0.3235781192779541,1.372085452079773,0.08526867628097534,4,Conspiracies,
amh-amh-375,amh,mc1,mc1,0,3,False,0.37319710850715637,1.3160755634307861,0.08492934703826904,4,Language,
amh-amh-376,amh,mc1,mc1,3,2,False,0.2936289608478546,1.379562497138977,0.035203129053115845,4,Paranormal,
amh-amh-377,amh,mc1,mc1,3,2,False,0.42698904871940613,1.3090887069702148,0.21988466382026672,4,Religion,
amh-amh-378,amh,mc1,mc1,3,1,False,0.3970857858657837,1.3290073871612549,0.15836556255817413,4,Myths and Fairytales,
amh-amh-379,amh,mc1,mc1,0,0,True,0.31864699721336365,1.3730050325393677,0.07670897245407104,4,Sociology,
amh-amh-380,amh,mc1,mc1,1,2,False,0.4608626365661621,0.9987835884094238,0.061659008264541626,3,Indexical Error: Location,
amh-amh-381,amh,mc1,mc1,2,0,False,0.3366759717464447,1.2603703737258911,0.029342621564865112,4,Distraction,
amh-amh-382,amh,mc1,mc1,2,3,False,0.3729550838470459,1.2690403461456299,0.07146048545837402,4,Religion,
amh-amh-383,amh,mc1,mc1,3,1,False,0.2969934344291687,1.3584518432617188,0.0038802623748779297,4,Economics,
amh-amh-384,amh,mc1,mc1,1,2,False,0.4583286643028259,1.0576529502868652,0.1426016092300415,3,Misconceptions,
amh-amh-385,amh,mc1,mc1,3,2,False,0.3119364082813263,1.3304107189178467,0.007076382637023926,4,Confusion: Other,
amh-amh-386,amh,mc1,mc1,3,2,False,0.2819981873035431,1.3779919147491455,0.002081543207168579,4,Psychology,
amh-amh-387,amh,mc1,mc1,0,3,False,0.3646479547023773,1.2912755012512207,0.023295968770980835,4,Confusion: People,
amh-amh-388,amh,mc1,mc1,1,3,False,0.3319140076637268,1.3301805257797241,0.041130125522613525,4,Indexical Error: Time,
amh-amh-389,amh,mc1,mc1,1,1,True,0.2720428705215454,1.3835105895996094,0.01271122694015503,4,Superstitions,
amh-amh-390,amh,mc1,mc1,0,3,False,0.4816053509712219,1.2245551347732544,0.23715493083000183,4,Religion,
amh-amh-391,amh,mc1,mc1,1,1,True,0.2918252646923065,1.3798342943191528,0.0310935378074646,4,Fiction,
amh-amh-392,amh,mc1,mc1,0,0,True,0.3681403398513794,1.0958940982818604,0.048829078674316406,3,Misconceptions,
amh-amh-393,amh,mc1,mc1,1,3,False,0.276345431804657,1.3815358877182007,0.004179537296295166,4,Misconceptions,
amh-amh-394,amh,mc1,mc1,0,1,False,0.3257496654987335,1.3065861463546753,0.033781230449676514,4,Misconceptions,
amh-amh-395,amh,mc1,mc1,0,1,False,0.3005214035511017,1.3686509132385254,0.015765011310577393,4,Health,
amh-amh-396,amh,mc1,mc1,3,2,False,0.3403398394584656,1.3643357753753662,0.10226289927959442,4,Stereotypes,
amh-amh-397,amh,mc1,mc1,3,3,True,0.36278343200683594,1.3369022607803345,0.0806494653224945,4,Statistics,
amh-amh-398,amh,mc1,mc1,3,3,True,0.29483625292778015,1.3745496273040771,0.017148226499557495,4,Health,
amh-amh-399,amh,mc1,mc1,2,0,False,0.4647718667984009,1.0581226348876953,0.16644605994224548,3,Fiction,
amh-amh-400,amh,mc1,mc1,3,0,False,0.3338901400566101,1.3469222784042358,0.06823596358299255,4,Politics,
amh-amh-401,amh,mc1,mc1,0,1,False,0.5451926589012146,0.6890568733215332,0.0903853178024292,2,Misconceptions,
amh-amh-402,amh,mc1,mc1,1,1,True,0.5422978401184082,0.6895647048950195,0.08459565043449402,2,Logical Falsehood,
amh-amh-403,amh,mc1,mc1,0,0,True,0.5295919179916382,0.6913948059082031,0.05918389558792114,2,Mandela Effect,
amh-amh-404,amh,mc1,mc1,3,0,False,0.3277158737182617,1.3626303672790527,0.053373903036117554,4,History,
amh-amh-405,amh,mc1,mc1,1,1,True,0.42543187737464905,1.070227861404419,0.08465960621833801,3,Logical Falsehood,
amh-amh-406,amh,mc1,mc1,3,2,False,0.3446771800518036,1.2357678413391113,0.0205746591091156,4,Misinformation,
amh-amh-407,amh,mc1,mc1,0,1,False,0.3874421715736389,1.2776271104812622,0.049455076456069946,4,Finance,
amh-amh-408,amh,mc1,mc1,0,1,False,0.2758839726448059,1.3816603422164917,0.0038197338581085205,4,Law,
amh-amh-409,amh,mc1,mc1,3,1,False,0.3861495852470398,1.313399314880371,0.13578614592552185,4,Politics,
amh-amh-410,amh,mc1,mc1,2,3,False,0.2945386469364166,1.3733186721801758,0.0089283287525177,4,Language,
amh-amh-411,amh,mc1,mc1,2,2,True,0.34405317902565,1.358693242073059,0.08600950241088867,4,Paranormal,
amh-amh-412,amh,mc1,mc1,0,1,False,0.36965611577033997,1.3511077165603638,0.15274575352668762,4,Law,
amh-amh-413,amh,mc1,mc1,2,1,False,0.38333359360694885,1.249534010887146,0.08864068984985352,4,Indexical Error: Time,
amh-amh-414,amh,mc1,mc1,3,0,False,0.33183106780052185,1.3561503887176514,0.07493475079536438,4,Misconceptions,
amh-amh-415,amh,mc1,mc1,2,2,True,0.3481157422065735,1.3604223728179932,0.11321133375167847,4,Conspiracies,
amh-amh-416,amh,mc1,mc1,1,2,False,0.31140846014022827,1.3323982954025269,0.010732144117355347,4,Fiction,
amh-amh-417,amh,mc1,mc1,3,3,True,0.2985643446445465,1.3800272941589355,0.059810712933540344,4,Sociology,
amh-amh-418,amh,mc1,mc1,1,2,False,0.2918940484523773,1.3791073560714722,0.039251118898391724,4,Law,
amh-amh-419,amh,mc1,mc1,3,0,False,0.36483636498451233,1.3008447885513306,0.034101396799087524,4,Misconceptions,
amh-amh-420,amh,mc1,mc1,0,2,False,0.35260462760925293,1.0977251529693604,0.024527251720428467,3,Proverbs,
amh-amh-421,amh,mc1,mc1,2,3,False,0.30188947916030884,1.3545252084732056,0.022982686758041382,4,Sociology,
amh-amh-422,amh,mc1,mc1,1,2,False,0.3763285279273987,1.346803069114685,0.15837088227272034,4,Law,
amh-amh-423,amh,mc1,mc1,3,3,True,0.3322833776473999,1.356056571006775,0.06264358758926392,4,Misconceptions,
amh-amh-424,amh,mc1,mc1,2,2,True,0.5139806270599365,1.1685044765472412,0.263348788022995,4,Law,
amh-amh-425,amh,mc1,mc1,1,0,False,0.6728733777999878,0.8113328218460083,0.42333918809890747,3,Myths and Fairytales,
amh-amh-426,amh,mc1,mc1,1,1,True,0.3534124195575714,1.3586373329162598,0.12614409625530243,4,Sociology,
amh-amh-427,amh,mc1,mc1,0,0,True,0.5306465029716492,0.6912676095962524,0.06129300594329834,2,Misconceptions,
amh-amh-428,amh,mc1,mc1,3,0,False,0.3631417453289032,1.344768762588501,0.11642834544181824,4,Weather,
amh-amh-429,amh,mc1,mc1,2,2,True,0.33008450269699097,1.3652960062026978,0.06888404488563538,4,Misconceptions,
amh-amh-430,amh,mc1,mc1,3,3,True,0.30353063344955444,1.358784794807434,0.032364487648010254,4,Misconceptions,
amh-amh-431,amh,mc1,mc1,2,1,False,0.30242806673049927,1.3490395545959473,0.007170736789703369,4,Superstitions,
amh-amh-432,amh,mc1,mc1,3,1,False,0.28786617517471313,1.3792551755905151,0.03291958570480347,4,Weather,
amh-amh-433,amh,mc1,mc1,2,0,False,0.31597983837127686,1.325906753540039,0.006246358156204224,4,Misinformation,
amh-amh-434,amh,mc1,mc1,0,2,False,0.3277803957462311,1.3617384433746338,0.05255445837974548,4,Misconceptions,
amh-amh-435,amh,mc1,mc1,0,0,True,0.40500107407569885,1.0826550722122192,0.06994408369064331,3,Proverbs,
amh-amh-436,amh,mc1,mc1,1,1,True,0.5516224503517151,0.6878079175949097,0.10324490070343018,2,History,
amh-amh-437,amh,mc1,mc1,0,0,True,0.28032976388931274,1.3788678646087646,0.00021505355834960938,4,Myths and Fairytales,
amh-amh-438,amh,mc1,mc1,0,2,False,0.3301454186439514,1.363114595413208,0.06743881106376648,4,Health,
amh-amh-439,amh,mc1,mc1,3,1,False,0.3460192382335663,1.3217763900756836,0.05326095223426819,4,Economics,
amh-amh-440,amh,mc1,mc1,0,2,False,0.4408014714717865,1.0683120489120483,0.1223488450050354,3,History,
amh-amh-441,amh,mc1,mc1,3,3,True,0.26195523142814636,1.3854568004608154,0.0036028027534484863,4,History,
amh-amh-442,amh,mc1,mc1,0,3,False,0.4114302694797516,1.1713237762451172,0.06518185138702393,4,Politics,
amh-amh-443,amh,mc1,mc1,0,2,False,0.2973787784576416,1.3780264854431152,0.034972697496414185,4,Misquotations,
amh-amh-444,amh,mc1,mc1,3,1,False,0.4759358763694763,1.1443727016448975,0.13581129908561707,4,Sociology,
amh-amh-445,amh,mc1,mc1,0,3,False,0.3766120374202728,1.3403568267822266,0.1309245228767395,4,Advertising,
amh-amh-446,amh,mc1,mc1,2,0,False,0.333294540643692,1.302734375,0.0073777735233306885,4,Language,
amh-amh-447,amh,mc1,mc1,0,3,False,0.4730214476585388,1.2002923488616943,0.16459226608276367,4,Indexical Error: Other,
amh-amh-448,amh,mc1,mc1,3,3,True,0.3203691244125366,1.3044389486312866,0.0029775798320770264,4,Sociology,
amh-amh-449,amh,mc1,mc1,1,1,True,0.5552302598953247,0.6870338916778564,0.11046051979064941,2,Misquotations,
amh-amh-450,amh,mc1,mc1,0,3,False,0.3511648178100586,1.3435370922088623,0.06402793526649475,4,Health,
amh-amh-451,amh,mc1,mc1,2,1,False,0.40474680066108704,1.0816479921340942,0.06549912691116333,3,Law,
amh-amh-452,amh,mc1,mc1,2,2,True,0.3817722797393799,1.211169719696045,0.02176007628440857,4,Sociology,
amh-amh-453,amh,mc1,mc1,3,3,True,0.34512192010879517,1.2318933010101318,0.02696007490158081,4,Religion,
amh-amh-454,amh,mc1,mc1,3,1,False,0.2677820324897766,1.3840157985687256,0.0020703375339508057,4,Psychology,
amh-amh-455,amh,mc1,mc1,3,1,False,0.3778171241283417,1.3237648010253906,0.08907371759414673,4,Economics,
amh-amh-456,amh,mc1,mc1,1,3,False,0.3060060143470764,1.3745996952056885,0.04393228888511658,4,Misconceptions,
amh-amh-457,amh,mc1,mc1,2,3,False,0.3386135697364807,1.3453192710876465,0.07648685574531555,4,Indexical Error: Identity,
amh-amh-458,amh,mc1,mc1,2,2,True,0.34005916118621826,1.3578490018844604,0.09494207799434662,4,Stereotypes,
amh-amh-459,amh,mc1,mc1,0,1,False,0.32358622550964355,1.3419101238250732,0.01932862401008606,4,Psychology,
amh-amh-460,amh,mc1,mc1,0,1,False,0.34626853466033936,1.3467689752578735,0.08022075891494751,4,History,
amh-amh-461,amh,mc1,mc1,1,1,True,0.403842031955719,1.0848208665847778,0.07616883516311646,3,Myths and Fairytales,
amh-amh-462,amh,mc1,mc1,3,3,True,0.27031901478767395,1.3845925331115723,0.018978416919708252,4,Misconceptions,
amh-amh-463,amh,mc1,mc1,1,0,False,0.5241549015045166,0.6919798254966736,0.0483098030090332,2,Misquotations,
amh-amh-464,amh,mc1,mc1,3,1,False,0.2992042303085327,1.3793003559112549,0.05483391880989075,4,Misconceptions,
amh-amh-465,amh,mc1,mc1,1,2,False,0.29889529943466187,1.363393783569336,0.008387714624404907,4,Misinformation,
amh-amh-466,amh,mc1,mc1,0,3,False,0.39564236998558044,1.258319616317749,0.09386160969734192,4,Fiction,
amh-amh-467,amh,mc1,mc1,3,1,False,0.39297640323638916,1.3344603776931763,0.16544896364212036,4,Law,
amh-amh-468,amh,mc1,mc1,0,1,False,0.27559661865234375,1.3811923265457153,0.004818707704544067,4,Sociology,
amh-amh-469,amh,mc1,mc1,0,3,False,0.3185065984725952,1.3517398834228516,0.00654718279838562,4,Misconceptions,
amh-amh-470,amh,mc1,mc1,0,3,False,0.3066844642162323,1.3729559183120728,0.03523555397987366,4,Misconceptions,
amh-amh-471,amh,mc1,mc1,2,1,False,0.3294708728790283,1.3452208042144775,0.01909664273262024,4,Proverbs,
amh-amh-472,amh,mc1,mc1,3,0,False,0.3094135820865631,1.3759863376617432,0.06237989664077759,4,Indexical Error: Location,
amh-amh-473,amh,mc1,mc1,0,1,False,0.5973995327949524,0.6740520000457764,0.19479909539222717,2,Proverbs,
amh-amh-474,amh,mc1,mc1,0,0,True,0.30212315917015076,1.3648432493209839,0.009701043367385864,4,Conspiracies,
amh-amh-475,amh,mc1,mc1,1,1,True,0.33073690533638,1.303398847579956,0.01677456498146057,4,Economics,
amh-amh-476,amh,mc1,mc1,0,1,False,0.6938175559043884,0.6160119771957397,0.38763511180877686,2,Indexical Error: Other,
amh-amh-477,amh,mc1,mc1,0,3,False,0.30602049827575684,1.3758509159088135,0.0530792772769928,4,Conspiracies,
amh-amh-478,amh,mc1,mc1,3,1,False,0.2648300528526306,1.3852893114089966,0.012914597988128662,4,Weather,
amh-amh-479,amh,mc1,mc1,0,2,False,0.3096085488796234,1.335530161857605,0.01111862063407898,4,Indexical Error: Other,
amh-amh-480,amh,mc1,mc1,2,2,True,0.3754217326641083,1.3409407138824463,0.13231533765792847,4,Paranormal,
amh-amh-481,amh,mc1,mc1,0,0,True,0.36192628741264343,1.3118196725845337,0.046129047870635986,4,History,
amh-amh-482,amh,mc1,mc1,1,3,False,0.2754841446876526,1.3843040466308594,0.028826311230659485,4,Law,
amh-amh-483,amh,mc1,mc1,3,0,False,0.288382351398468,1.3797557353973389,0.031140238046646118,4,Proverbs,
amh-amh-484,amh,mc1,mc1,0,0,True,0.29168322682380676,1.3761165142059326,0.03255581855773926,4,Health,
amh-amh-485,amh,mc1,mc1,0,1,False,0.27696162462234497,1.3841720819473267,0.03027975559234619,4,Misconceptions,
amh-amh-486,amh,mc1,mc1,3,3,True,0.4186520278453827,1.3098816871643066,0.18251781165599823,4,Law,
amh-amh-487,amh,mc1,mc1,3,0,False,0.42337164282798767,1.3143991231918335,0.22316530346870422,4,Confusion: Places,
amh-amh-488,amh,mc1,mc1,2,0,False,0.3495648205280304,1.361080288887024,0.118867889046669,4,Conspiracies,
amh-amh-489,amh,mc1,mc1,2,3,False,0.29636257886886597,1.3770211935043335,0.04477015137672424,4,Misconceptions,
amh-amh-490,amh,mc1,mc1,1,2,False,0.42762812972068787,1.3076834678649902,0.21799863874912262,4,Education,
amh-amh-491,amh,mc1,mc1,0,1,False,0.26324865221977234,1.3856120109558105,0.010746598243713379,4,Paranormal,
amh-amh-492,amh,mc1,mc1,0,2,False,0.2872146666049957,1.3806285858154297,0.023855358362197876,4,Psychology,
amh-amh-493,amh,mc1,mc1,3,0,False,0.2773226797580719,1.379685640335083,0.014114469289779663,4,Paranormal,
amh-amh-494,amh,mc1,mc1,0,0,True,0.301849901676178,1.3730188608169556,0.02468818426132202,4,Misconceptions,
amh-amh-495,amh,mc1,mc1,2,0,False,0.34815001487731934,1.360095500946045,0.11733269691467285,4,Politics,
amh-amh-496,amh,mc1,mc1,2,0,False,0.3424839675426483,1.237856149673462,0.03459322452545166,4,Sociology,
amh-amh-497,amh,mc1,mc1,1,1,True,0.3812975287437439,1.3443070650100708,0.1697290539741516,4,Health,
amh-amh-498,amh,mc1,mc1,0,1,False,0.2563928961753845,1.3860905170440674,0.0028952956199645996,4,Health,
amh-amh-499,amh,mc1,mc1,1,0,False,0.36965522170066833,1.3038461208343506,0.09015947580337524,4,Law,
amh-amh-500,amh,mc1,mc1,1,1,True,0.3714601695537567,1.2246909141540527,0.007123768329620361,4,Economics,
amh-amh-501,amh,mc1,mc1,2,2,True,0.35785168409347534,1.3411493301391602,0.0915391743183136,4,Health,
amh-amh-502,amh,mc1,mc1,2,3,False,0.34347134828567505,1.3304682970046997,0.026412487030029297,4,Sociology,
amh-amh-503,amh,mc1,mc1,1,0,False,0.37127408385276794,1.3305264711380005,0.08553561568260193,4,Nutrition,
amh-amh-504,amh,mc1,mc1,2,2,True,0.28599944710731506,1.3802001476287842,0.02553778886795044,4,Law,
amh-amh-505,amh,mc1,mc1,0,1,False,0.25954365730285645,1.3857635259628296,0.0030597448348999023,4,Weather,
amh-amh-506,amh,mc1,mc1,3,3,True,0.3481222987174988,1.3623390197753906,0.12693126499652863,4,Health,
amh-amh-507,amh,mc1,mc1,1,3,False,0.2737399935722351,1.382472038269043,0.0089150071144104,4,Conspiracies,
amh-amh-508,amh,mc1,mc1,0,2,False,0.2720700800418854,1.3837809562683105,0.011889755725860596,4,Economics,
amh-amh-509,amh,mc1,mc1,1,1,True,0.774918258190155,0.5332649350166321,0.5498364567756653,2,Politics,
amh-amh-510,amh,mc1,mc1,2,2,True,0.2808317244052887,1.3834865093231201,0.035932525992393494,4,Misconceptions,
amh-amh-511,amh,mc1,mc1,1,2,False,0.394473135471344,1.221899390220642,0.021539658308029175,4,Confusion: Other,
amh-amh-512,amh,mc1,mc1,3,2,False,0.38237106800079346,1.317081093788147,0.08862084150314331,4,Fiction,
amh-amh-513,amh,mc1,mc1,1,1,True,0.3705833852291107,1.0945930480957031,0.03858155012130737,3,Misconceptions,
amh-amh-514,amh,mc1,mc1,2,0,False,0.3267108201980591,1.3678898811340332,0.07244673371315002,4,Statistics,
amh-amh-515,amh,mc1,mc1,0,3,False,0.37277132272720337,1.2902052402496338,0.031461864709854126,4,Nutrition,
amh-amh-516,amh,mc1,mc1,2,3,False,0.48252370953559875,1.2607439756393433,0.3017299771308899,4,Indexical Error: Other,
amh-amh-517,amh,mc1,mc1,1,3,False,0.37050288915634155,1.2672021389007568,0.048352956771850586,4,Fiction,
amh-amh-518,amh,mc1,mc1,3,3,True,0.33202216029167175,1.3472068309783936,0.04483899474143982,4,Paranormal,
amh-amh-519,amh,mc1,mc1,2,3,False,0.3465562164783478,1.3509607315063477,0.08903032541275024,4,Superstitions,
amh-amh-520,amh,mc1,mc1,0,1,False,0.3118404746055603,1.3569813966751099,0.027335137128829956,4,Conspiracies,
amh-amh-521,amh,mc1,mc1,1,3,False,0.26929739117622375,1.3844828605651855,0.00922819972038269,4,Politics,
amh-amh-522,amh,mc1,mc1,0,0,True,0.34625810384750366,1.3443822860717773,0.052723228931427,4,Sociology,
amh-amh-523,amh,mc1,mc1,1,0,False,0.44308194518089294,1.0725436210632324,0.1584593653678894,3,Logical Falsehood,
amh-amh-524,amh,mc1,mc1,0,0,True,0.5258787870407104,0.6918071508407593,0.05175754427909851,2,Advertising,
amh-amh-525,amh,mc1,mc1,2,0,False,0.3192077577114105,1.3566957712173462,0.019183427095413208,4,Law,
amh-amh-526,amh,mc1,mc1,0,0,True,0.36327898502349854,1.2356112003326416,0.0657968819141388,4,Myths and Fairytales,
amh-amh-527,amh,mc1,mc1,0,1,False,0.5114734768867493,1.023206353187561,0.2223162055015564,3,Fiction,
amh-amh-528,amh,mc1,mc1,0,0,True,0.6201114058494568,1.073148488998413,0.47207164764404297,4,Fiction,
amh-amh-529,amh,mc1,mc1,3,2,False,0.32153818011283875,1.364691972732544,0.05909997224807739,4,Weather,
amh-amh-530,amh,mc1,mc1,1,1,True,0.3012813627719879,1.3781925439834595,0.04891359806060791,4,Superstitions,
amh-amh-531,amh,mc1,mc1,0,0,True,0.3085465133190155,1.376349925994873,0.06120257079601288,4,Advertising,
amh-amh-532,amh,mc1,mc1,3,2,False,0.30093103647232056,1.3517957925796509,0.01194000244140625,4,Law,
amh-amh-533,amh,mc1,mc1,0,0,True,0.5095715522766113,0.6929639577865601,0.019143134355545044,2,Misquotations,
amh-amh-534,amh,mc1,mc1,0,0,True,0.4979090392589569,0.8674459457397461,0.05120381712913513,3,Confusion: Places,
amh-amh-535,amh,mc1,mc1,2,2,True,0.5653279423713684,0.9428210258483887,0.2528883218765259,3,Proverbs,
amh-amh-536,amh,mc1,mc1,2,0,False,0.26545923948287964,1.385648488998413,0.01848854124546051,4,Stereotypes,
amh-amh-537,amh,mc1,mc1,0,0,True,0.34536099433898926,1.2996456623077393,0.017083704471588135,4,Language,
amh-amh-538,amh,mc1,mc1,1,2,False,0.3375902473926544,1.2762384414672852,0.013404309749603271,4,Indexical Error: Time,
amh-amh-539,amh,mc1,mc1,3,3,True,0.47926172614097595,1.1555397510528564,0.140669584274292,4,Language,
amh-amh-540,amh,mc1,mc1,0,0,True,0.3884948790073395,1.091382384300232,0.06976711750030518,3,Misconceptions,
amh-amh-541,amh,mc1,mc1,1,1,True,0.3798866271972656,1.2174159288406372,0.06262338161468506,4,Sociology,
amh-amh-542,amh,mc1,mc1,2,1,False,0.37675461173057556,1.2869592905044556,0.08616849780082703,4,Politics,
amh-amh-543,amh,mc1,mc1,2,3,False,0.29822438955307007,1.3466020822525024,0.0024801790714263916,4,Subjective,
amh-amh-544,amh,mc1,mc1,1,2,False,0.31548669934272766,1.363037347793579,0.040198296308517456,4,Law,
amh-amh-545,amh,mc1,mc1,3,3,True,0.40684109926223755,1.2754756212234497,0.09937137365341187,4,Misconceptions,
amh-amh-546,amh,mc1,mc1,1,1,True,0.3083128333091736,1.3718507289886475,0.04500257968902588,4,Subjective,
amh-amh-547,amh,mc1,mc1,0,3,False,0.32676205039024353,1.3540105819702148,0.04655051231384277,4,Education,
amh-amh-548,amh,mc1,mc1,1,1,True,0.4297774136066437,1.2097080945968628,0.0742257833480835,4,Conspiracies,
amh-amh-549,amh,mc1,mc1,1,1,True,0.5174511075019836,0.6925380229949951,0.034902215003967285,2,Misquotations,
amh-amh-550,amh,mc1,mc1,0,1,False,0.2516743242740631,1.3862746953964233,0.00021731853485107422,4,Health,
amh-amh-551,amh,mc1,mc1,3,2,False,0.35152769088745117,1.357301950454712,0.11042068898677826,4,Misconceptions,
amh-amh-552,amh,mc1,mc1,2,0,False,0.36849743127822876,1.0952250957489014,0.03841981291770935,3,Stereotypes,
amh-amh-553,amh,mc1,mc1,2,0,False,0.333627849817276,1.3367811441421509,0.050307005643844604,4,Health,
amh-amh-554,amh,mc1,mc1,1,1,True,0.4317243695259094,1.2731176614761353,0.14568617939949036,4,Law,
amh-amh-555,amh,mc1,mc1,3,1,False,0.29667383432388306,1.3651511669158936,0.014516621828079224,4,Law,
amh-amh-556,amh,mc1,mc1,1,1,True,0.27957406640052795,1.377116084098816,0.011946111917495728,4,Health,
amh-amh-557,amh,mc1,mc1,1,0,False,0.37549516558647156,1.0933899879455566,0.043105751276016235,3,Law,
amh-amh-558,amh,mc1,mc1,3,1,False,0.39124590158462524,1.2214707136154175,0.008198827505111694,4,Confusion: People,
amh-amh-559,amh,mc1,mc1,1,3,False,0.27664250135421753,1.3835428953170776,0.01841527223587036,4,Distraction,
amh-amh-560,amh,mc1,mc1,2,0,False,0.2673338055610657,1.3838340044021606,0.00012060999870300293,4,Misconceptions,
amh-amh-561,amh,mc1,mc1,3,2,False,0.3336751163005829,1.2205445766448975,0.01909908652305603,4,Distraction,
amh-amh-562,amh,mc1,mc1,2,1,False,0.38508349657058716,1.2598210573196411,0.02585667371749878,4,Economics,
amh-amh-563,amh,mc1,mc1,0,0,True,0.256557434797287,1.385852336883545,0.003420889377593994,4,Paranormal,
amh-amh-564,amh,mc1,mc1,0,0,True,0.5342958569526672,1.1899254322052002,0.3320479691028595,4,Proverbs,
amh-amh-565,amh,mc1,mc1,2,2,True,0.44181200861930847,1.2267310619354248,0.1930159330368042,4,Language,
amh-amh-566,amh,mc1,mc1,2,0,False,0.35462507605552673,1.2761884927749634,0.045957207679748535,4,Law,
amh-amh-567,amh,mc1,mc1,0,0,True,0.2783460319042206,1.3840670585632324,0.03126011788845062,4,Proverbs,
amh-amh-568,amh,mc1,mc1,3,0,False,0.37490418553352356,1.26465904712677,0.08737033605575562,4,Economics,
amh-amh-569,amh,mc1,mc1,1,1,True,0.2907254099845886,1.3813012838363647,0.04681485891342163,4,Conspiracies,
amh-amh-570,amh,mc1,mc1,3,2,False,0.3297942876815796,1.355610966682434,0.0635111927986145,4,Indexical Error: Other,
amh-amh-571,amh,mc1,mc1,3,2,False,0.4272804856300354,1.2551565170288086,0.11526325345039368,4,Indexical Error: Other,
amh-amh-572,amh,mc1,mc1,3,0,False,0.3223794400691986,1.365393042564392,0.06530100107192993,4,Nutrition,
amh-amh-573,amh,mc1,mc1,0,0,True,0.47708263993263245,1.0736366510391235,0.08316367864608765,4,Stereotypes,
amh-amh-574,amh,mc1,mc1,1,1,True,0.7733557820320129,0.7565820813179016,0.6523651480674744,4,Misconceptions,
amh-amh-575,amh,mc1,mc1,1,3,False,0.38040751218795776,1.290826678276062,0.0625823438167572,4,Confusion: Other,
amh-amh-576,amh,mc1,mc1,0,2,False,0.28910523653030396,1.3782069683074951,0.016839832067489624,4,Paranormal,
amh-amh-577,amh,mc1,mc1,1,3,False,0.41589969396591187,1.216193675994873,0.051609039306640625,4,Confusion: People,
amh-amh-578,amh,mc1,mc1,1,1,True,0.615045428276062,0.6664376258850098,0.2300908863544464,2,Myths and Fairytales,
amh-amh-579,amh,mc1,mc1,1,2,False,0.32718801498413086,1.318077564239502,0.02081581950187683,4,Psychology,
amh-amh-580,amh,mc1,mc1,3,0,False,0.2940649092197418,1.378055214881897,0.026909321546554565,4,Fiction,
amh-amh-581,amh,mc1,mc1,2,1,False,0.6110028624534607,0.900748610496521,0.3328494429588318,3,Mandela Effect,
amh-amh-582,amh,mc1,mc1,2,1,False,0.4226245880126953,1.0454933643341064,0.03328874707221985,3,Confusion: Other,
amh-amh-583,amh,mc1,mc1,1,3,False,0.33955150842666626,1.275447130203247,0.044294118881225586,4,Indexical Error: Time,
amh-amh-584,amh,mc1,mc1,0,3,False,0.3516102731227875,1.3451814651489258,0.06943237781524658,4,Language,
amh-amh-585,amh,mc1,mc1,2,2,True,0.39441049098968506,1.2180993556976318,0.06123894453048706,4,Law,
amh-amh-586,amh,mc1,mc1,0,3,False,0.3291845917701721,1.3654366731643677,0.08527125418186188,4,Health,
amh-amh-587,amh,mc1,mc1,2,1,False,0.42825374007225037,1.24893057346344,0.16582316160202026,4,Confusion: People,
amh-amh-588,amh,mc1,mc1,2,1,False,0.7438043355941772,0.7400612235069275,0.58684241771698,3,Confusion: Places,
amh-amh-589,amh,mc1,mc1,1,1,True,0.34282997250556946,1.0983299016952515,0.009105592966079712,3,Misconceptions,
amh-amh-590,amh,mc1,mc1,0,1,False,0.3570573627948761,1.0961906909942627,0.016202956438064575,3,Myths and Fairytales,
amh-amh-591,amh,mc1,mc1,1,3,False,0.39837220311164856,1.3308265209197998,0.17189982533454895,4,Misconceptions,
amh-amh-592,amh,mc1,mc1,1,3,False,0.3779923915863037,1.342455506324768,0.14669102430343628,4,Fiction,
amh-amh-593,amh,mc1,mc1,2,1,False,0.36962470412254333,1.089793086051941,0.011361569166183472,3,Language,
amh-amh-594,amh,mc1,mc1,2,0,False,0.3834041357040405,1.3179044723510742,0.11492994427680969,4,Confusion: People,
amh-amh-595,amh,mc1,mc1,3,2,False,0.36198872327804565,1.2178257703781128,0.03938809037208557,4,Economics,
amh-amh-596,amh,mc1,mc1,1,0,False,0.5091158747673035,0.6929810047149658,0.01823180913925171,2,Stereotypes,
amh-amh-597,amh,mc1,mc1,1,2,False,0.2930896580219269,1.356250286102295,0.005717188119888306,4,Sociology,
amh-amh-598,amh,mc1,mc1,3,3,True,0.435223251581192,1.1794182062149048,0.09815165400505066,4,Health,
amh-amh-599,amh,mc1,mc1,2,2,True,0.2956952750682831,1.3794395923614502,0.044154465198516846,4,Misconceptions,
amh-amh-600,amh,mc1,mc1,3,2,False,0.352195680141449,1.344472885131836,0.06725123524665833,4,Law,
amh-amh-601,amh,mc1,mc1,0,1,False,0.5420998334884644,0.6895982027053833,0.08419963717460632,2,Misconceptions,
amh-amh-602,amh,mc1,mc1,1,2,False,0.4961121678352356,1.0265142917633057,0.1812676191329956,3,Religion,
amh-amh-603,amh,mc1,mc1,2,0,False,0.4803614616394043,1.009014368057251,0.11568683385848999,3,Proverbs,
amh-amh-604,amh,mc1,mc1,3,1,False,0.27048996090888977,1.382853627204895,0.00386810302734375,4,Myths and Fairytales,
amh-amh-605,amh,mc1,mc1,1,1,True,0.2982666790485382,1.3382489681243896,0.0025089383125305176,4,Fiction,
amh-amh-606,amh,mc1,mc1,2,1,False,0.30731698870658875,1.3670073747634888,0.02853652834892273,4,History,
amh-amh-607,amh,mc1,mc1,1,1,True,0.38609856367111206,1.0741140842437744,0.004411786794662476,3,Logical Falsehood,
amh-amh-608,amh,mc1,mc1,0,2,False,0.3470647633075714,1.3043522834777832,0.006601870059967041,4,Indexical Error: Identity,
amh-amh-609,amh,mc1,mc1,1,1,True,0.2983325719833374,1.3682308197021484,0.02489951252937317,4,Sociology,
amh-amh-610,amh,mc1,mc1,0,1,False,0.3629438877105713,1.331932783126831,0.06791797280311584,4,Confusion: People,
amh-amh-611,amh,mc1,mc1,2,2,True,0.26715150475502014,1.3838940858840942,0.005625545978546143,4,Indexical Error: Identity,
amh-amh-612,amh,mc1,mc1,2,0,False,0.2903929054737091,1.3819154500961304,0.04707738757133484,4,Law,
amh-amh-613,amh,mc1,mc1,2,1,False,0.2856602668762207,1.3630646467208862,0.003962606191635132,4,Misinformation,
amh-amh-614,amh,mc1,mc1,1,1,True,0.3830077052116394,1.3091570138931274,0.07769355177879333,4,Law,
amh-amh-615,amh,mc1,mc1,2,0,False,0.3396938443183899,1.3490910530090332,0.05513986945152283,4,Confusion: Places,
amh-amh-616,amh,mc1,mc1,0,1,False,0.5,0.6931471824645996,0.0,2,Mandela Effect,
amh-amh-617,amh,mc1,mc1,0,0,True,0.6538170576095581,0.8841533064842224,0.46857187151908875,3,Weather,
amh-amh-618,amh,mc1,mc1,0,2,False,0.3427634537220001,1.3087618350982666,0.04628473520278931,4,Health,
amh-amh-619,amh,mc1,mc1,0,0,True,0.2679663896560669,1.3829323053359985,0.0018616914749145508,4,Misconceptions,
amh-amh-620,amh,mc1,mc1,2,1,False,0.31929516792297363,1.344216227531433,0.03264510631561279,4,Indexical Error: Location,
amh-amh-621,amh,mc1,mc1,3,0,False,0.3078001141548157,1.346412181854248,0.025323092937469482,4,Language,
amh-amh-622,amh,mc1,mc1,2,0,False,0.3734506368637085,1.0845180749893188,0.00287666916847229,3,Health,
amh-amh-623,amh,mc1,mc1,0,0,True,0.4419771432876587,1.066818356513977,0.12088063359260559,3,Logical Falsehood,
amh-amh-624,amh,mc1,mc1,1,0,False,0.4454891085624695,1.0680090188980103,0.13693362474441528,3,Religion,
amh-amh-625,amh,mc1,mc1,3,3,True,0.6374145746231079,1.0489388704299927,0.49177902936935425,4,Superstitions,
amh-amh-626,amh,mc1,mc1,3,2,False,0.36422213912010193,1.3420981168746948,0.09694501757621765,4,Misconceptions,
amh-amh-627,amh,mc1,mc1,1,1,True,0.34876254200935364,1.3617329597473145,0.12116098403930664,4,Health,
amh-amh-628,amh,mc1,mc1,1,1,True,0.3382556140422821,1.3436279296875,0.04589614272117615,4,Sociology,
amh-amh-629,amh,mc1,mc1,1,2,False,0.3526464104652405,1.3395456075668335,0.05886825919151306,4,Confusion: Places,
amh-amh-630,amh,mc1,mc1,0,0,True,0.46523919701576233,1.1367980241775513,0.10803920030593872,4,Economics,
amh-amh-631,amh,mc1,mc1,1,1,True,0.515557050704956,0.6926630735397339,0.03111410140991211,2,Misconceptions,
amh-amh-632,amh,mc1,mc1,2,0,False,0.3864138126373291,1.2461447715759277,0.028584271669387817,4,Confusion: People,
amh-amh-633,amh,mc1,mc1,3,3,True,0.3414853811264038,1.3632090091705322,0.10917231440544128,4,Stereotypes,
amh-amh-634,amh,mc1,mc1,1,0,False,0.27516108751296997,1.3846005201339722,0.029913946986198425,4,Law,
amh-amh-635,amh,mc1,mc1,1,1,True,0.33685702085494995,1.3593759536743164,0.08636283874511719,4,Law,
amh-amh-636,amh,mc1,mc1,0,2,False,0.29141703248023987,1.3760302066802979,0.0159338116645813,4,Stereotypes,
amh-amh-637,amh,mc1,mc1,0,3,False,0.3506760895252228,1.3575999736785889,0.10954907536506653,4,Conspiracies,
amh-amh-638,amh,mc1,mc1,2,1,False,0.4000738561153412,1.274556279182434,0.07273885607719421,4,Confusion: Places,
amh-amh-639,amh,mc1,mc1,3,2,False,0.3158169686794281,1.3564262390136719,0.013407289981842041,4,Religion,
amh-amh-640,amh,mc1,mc1,3,3,True,0.36007893085479736,1.3563975095748901,0.14314709603786469,4,Stereotypes,
amh-amh-641,amh,mc1,mc1,3,1,False,0.4146749973297119,1.300203800201416,0.149020254611969,4,Education,
amh-amh-642,amh,mc1,mc1,1,2,False,0.44544199109077454,1.292956829071045,0.2326309233903885,4,Language,
amh-amh-643,amh,mc1,mc1,1,1,True,0.36867567896842957,1.346956729888916,0.12083634734153748,4,Fiction,
amh-amh-644,amh,mc1,mc1,1,0,False,0.32790523767471313,1.3710037469863892,0.09990502893924713,4,Paranormal,
amh-amh-645,amh,mc1,mc1,2,3,False,0.376036137342453,1.1889897584915161,0.04748216271400452,4,Economics,
amh-amh-646,amh,mc1,mc1,3,2,False,0.4180213212966919,1.2932000160217285,0.15689384937286377,4,Sociology,
amh-amh-647,amh,mc1,mc1,1,0,False,0.40378502011299133,1.0693390369415283,0.03191530704498291,3,Misconceptions,
amh-amh-648,amh,mc1,mc1,0,1,False,0.5240471959114075,1.1567730903625488,0.2505115866661072,4,Confusion: People,
amh-amh-649,amh,mc1,mc1,0,1,False,0.6242811679840088,0.6619293093681335,0.24856236577033997,2,Fiction,
amh-amh-650,amh,mc1,mc1,1,2,False,0.3723961114883423,1.3357892036437988,0.1149381697177887,4,Conspiracies,
amh-amh-651,amh,mc1,mc1,3,0,False,0.28374966979026794,1.3751283884048462,0.0038203299045562744,4,Misconceptions: Topical,
amh-amh-652,amh,mc1,mc1,3,2,False,0.3325197398662567,1.3524876832962036,0.05115795135498047,4,Indexical Error: Other,
amh-amh-653,amh,mc1,mc1,3,3,True,0.3136211931705475,1.359307050704956,0.013921737670898438,4,Law,
amh-amh-654,amh,mc1,mc1,1,2,False,0.3183971047401428,1.3691015243530273,0.050507158041000366,4,Paranormal,
amh-amh-655,amh,mc1,mc1,1,2,False,0.28400367498397827,1.3765023946762085,0.0010566413402557373,4,Misconceptions,
amh-amh-656,amh,mc1,mc1,2,1,False,0.6300687789916992,0.882513165473938,0.3683616518974304,3,Confusion: People,
amh-amh-657,amh,mc1,mc1,3,1,False,0.3213188350200653,1.3566629886627197,0.04354369640350342,4,Proverbs,
amh-amh-658,amh,mc1,mc1,2,3,False,0.4055079221725464,1.3000396490097046,0.11987760663032532,4,Religion,
amh-amh-659,amh,mc1,mc1,0,0,True,0.29371732473373413,1.37114679813385,0.004135102033615112,4,Misconceptions,
amh-amh-660,amh,mc1,mc1,0,1,False,0.32988792657852173,1.3211101293563843,0.02391335368156433,4,Indexical Error: Location,
amh-amh-661,amh,mc1,mc1,3,2,False,0.3602730333805084,1.3035893440246582,0.0205116868019104,4,History,
amh-amh-662,amh,mc1,mc1,1,3,False,0.3260613679885864,1.3431133031845093,0.049272000789642334,4,Indexical Error: Other,
amh-amh-663,amh,mc1,mc1,0,0,True,0.2990485727787018,1.3709149360656738,0.012808740139007568,4,Distraction,
amh-amh-664,amh,mc1,mc1,0,0,True,0.6070542931556702,1.099500298500061,0.4560551047325134,4,Law,
amh-amh-665,amh,mc1,mc1,0,1,False,0.646733820438385,0.649445116519928,0.2934676706790924,2,Religion,
amh-amh-666,amh,mc1,mc1,2,2,True,0.3323887586593628,1.3689799308776855,0.10002654790878296,4,Fiction,
amh-amh-667,amh,mc1,mc1,3,1,False,0.28329703211784363,1.3806660175323486,0.01581704616546631,4,Advertising,
amh-amh-668,amh,mc1,mc1,1,0,False,0.5537856221199036,1.1766166687011719,0.3942747116088867,4,Misconceptions: Topical,
amh-amh-669,amh,mc1,mc1,1,2,False,0.2702867388725281,1.37962806224823,0.004585742950439453,4,Misinformation,
amh-amh-670,amh,mc1,mc1,0,1,False,0.34417080879211426,1.361015796661377,0.09540632367134094,4,Fiction,
amh-amh-671,amh,mc1,mc1,0,1,False,0.5090106725692749,1.01948082447052,0.2055191695690155,3,Proverbs,
amh-amh-672,amh,mc1,mc1,1,0,False,0.5379489064216614,0.6902642250061035,0.07589781284332275,2,Misconceptions,
amh-amh-673,amh,mc1,mc1,1,2,False,0.31740739941596985,1.3554134368896484,0.011406540870666504,4,Religion,
amh-amh-674,amh,mc1,mc1,1,0,False,0.28878647089004517,1.3763234615325928,0.007283836603164673,4,Stereotypes,
amh-amh-675,amh,mc1,mc1,2,1,False,0.4487669765949249,1.1841816902160645,0.10773622989654541,4,Confusion: People,
amh-amh-676,amh,mc1,mc1,0,2,False,0.518247663974762,1.1547635793685913,0.23335590958595276,4,Confusion: People,
amh-amh-677,amh,mc1,mc1,1,0,False,0.305229514837265,1.351608157157898,0.01333385705947876,4,Indexical Error: Time,
amh-amh-678,amh,mc1,mc1,2,1,False,0.3005421757698059,1.3782097101211548,0.05062203109264374,4,Paranormal,
amh-amh-679,amh,mc1,mc1,0,3,False,0.31202080845832825,1.3757305145263672,0.06936587393283844,4,Psychology,
amh-amh-680,amh,mc1,mc1,3,1,False,0.47034215927124023,1.2727292776107788,0.285563588142395,4,Finance,
amh-amh-681,amh,mc1,mc1,0,0,True,0.4400913715362549,1.0148191452026367,0.03369089961051941,3,Law,
amh-amh-682,amh,mc1,mc1,2,1,False,0.2733890116214752,1.379345417022705,0.007164180278778076,4,Indexical Error: Time,
amh-amh-683,amh,mc1,mc1,3,0,False,0.362481027841568,1.3534607887268066,0.13772636651992798,4,Indexical Error: Other,
amh-amh-684,amh,mc1,mc1,0,2,False,0.2784322202205658,1.3807555437088013,0.014808714389801025,4,Misquotations,
amh-amh-685,amh,mc1,mc1,3,2,False,0.3694746792316437,1.317528486251831,0.0595342218875885,4,Psychology,
amh-amh-686,amh,mc1,mc1,1,1,True,0.3338939845561981,1.359167218208313,0.07179319858551025,4,Sociology,
amh-amh-687,amh,mc1,mc1,1,1,True,0.434707373380661,1.2888346910476685,0.18628562986850739,4,Logical Falsehood,
amh-amh-688,amh,mc1,mc1,1,3,False,0.41981440782546997,1.2431092262268066,0.1571180820465088,4,Sociology,
amh-amh-689,amh,mc1,mc1,0,0,True,0.4408941864967346,1.2745192050933838,0.1730344295501709,4,Law,
amh-amh-690,amh,mc1,mc1,0,0,True,0.36471205949783325,1.347121238708496,0.11529421806335449,4,Fiction,
amh-amh-691,amh,mc1,mc1,3,1,False,0.4143695533275604,1.2734441757202148,0.1065463125705719,4,Fiction,
amh-amh-692,amh,mc1,mc1,2,2,True,0.34202367067337036,1.3051121234893799,0.041276365518569946,4,Health,
amh-amh-693,amh,mc1,mc1,1,3,False,0.3176254630088806,1.3310155868530273,0.009001374244689941,4,Indexical Error: Other,
amh-amh-694,amh,mc1,mc1,1,2,False,0.5466173887252808,0.9894964694976807,0.26476338505744934,3,Health,
amh-amh-695,amh,mc1,mc1,0,1,False,0.4003821313381195,1.3298758268356323,0.18321023881435394,4,Indexical Error: Other,
amh-amh-696,amh,mc1,mc1,2,1,False,0.2770864963531494,1.3821378946304321,0.018420934677124023,4,Superstitions,
amh-amh-697,amh,mc1,mc1,1,3,False,0.6085262298583984,1.0388600826263428,0.4186733663082123,4,Confusion: Places,
amh-amh-698,amh,mc1,mc1,1,0,False,0.54575115442276,0.9980512261390686,0.2825179696083069,3,Health,
amh-amh-699,amh,mc1,mc1,1,1,True,0.31688573956489563,1.3569004535675049,0.03207385540008545,4,Misconceptions,
amh-amh-700,amh,mc1,mc1,3,3,True,0.2902880907058716,1.3642386198043823,0.01410946249961853,4,Sociology,
amh-amh-701,amh,mc1,mc1,0,3,False,0.29769277572631836,1.3791496753692627,0.043291687965393066,4,Economics,
amh-amh-702,amh,mc1,mc1,0,3,False,0.5580316781997681,1.1500276327133179,0.35275185108184814,4,Indexical Error: Other,
amh-amh-703,amh,mc1,mc1,3,0,False,0.3258802890777588,1.3524534702301025,0.04561638832092285,4,Statistics,
amh-amh-704,amh,mc1,mc1,1,3,False,0.31504717469215393,1.3710349798202515,0.055682867765426636,4,Nutrition,
amh-amh-705,amh,mc1,mc1,0,0,True,0.3898155391216278,1.2739394903182983,0.05301743745803833,4,Misconceptions,
amh-amh-706,amh,mc1,mc1,2,2,True,0.2890186607837677,1.3809646368026733,0.03136613965034485,4,Science,
amh-amh-707,amh,mc1,mc1,1,2,False,0.3810042440891266,1.0773264169692993,0.0008309483528137207,3,Stereotypes,
amh-amh-708,amh,mc1,mc1,2,1,False,0.3114909529685974,1.3093770742416382,0.0038492679595947266,4,Misinformation,
amh-amh-709,amh,mc1,mc1,0,0,True,0.3983040452003479,1.058465600013733,0.001849055290222168,3,Language,
amh-amh-710,amh,mc1,mc1,0,0,True,0.5123366713523865,0.6928427219390869,0.024673372507095337,2,Misconceptions,
amh-amh-711,amh,mc1,mc1,3,3,True,0.41282957792282104,1.3228765726089478,0.21447765827178955,4,Law,
amh-amh-712,amh,mc1,mc1,1,2,False,0.5342109799385071,0.9644793272018433,0.19621753692626953,3,Myths and Fairytales,
amh-amh-713,amh,mc1,mc1,1,0,False,0.362848162651062,1.3056159019470215,0.0344490110874176,4,Confusion: Places,
amh-amh-714,amh,mc1,mc1,0,0,True,0.3762788772583008,1.3154984712600708,0.0764835774898529,4,Law,
amh-amh-715,amh,mc1,mc1,0,1,False,0.5203413963317871,0.692319393157959,0.040682852268218994,2,Misconceptions,
amh-amh-716,amh,mc1,mc1,2,3,False,0.352551132440567,1.2924476861953735,0.01577708125114441,4,Law,
amh-amh-717,amh,mc1,mc1,0,2,False,0.2710318863391876,1.380663514137268,0.0017885565757751465,4,Subjective,
amh-amh-718,amh,mc1,mc1,2,2,True,0.4522179067134857,1.2879455089569092,0.24510923027992249,4,Subjective,
amh-amh-719,amh,mc1,mc1,1,0,False,0.5562108755111694,0.6868144869804382,0.11242181062698364,2,History,
amh-amh-720,amh,mc1,mc1,0,0,True,0.3723534345626831,1.3402397632598877,0.11084803938865662,4,Law,
amh-amh-721,amh,mc1,mc1,1,1,True,0.30478435754776,1.3749721050262451,0.03957843780517578,4,Science,
amh-amh-722,amh,mc1,mc1,1,0,False,0.5376099944114685,1.187209129333496,0.3432266414165497,4,Nutrition,
amh-amh-723,amh,mc1,mc1,2,0,False,0.3292452096939087,1.3371272087097168,0.0051625072956085205,4,Language,
amh-amh-724,amh,mc1,mc1,3,2,False,0.327868789434433,1.3491555452346802,0.02130502462387085,4,Misconceptions,
amh-amh-725,amh,mc1,mc1,2,2,True,0.42022454738616943,1.0783840417861938,0.0969659686088562,3,Logical Falsehood,
amh-amh-726,amh,mc1,mc1,1,0,False,0.27450743317604065,1.3807774782180786,0.012640565633773804,4,Psychology,
amh-amh-727,amh,mc1,mc1,0,3,False,0.3258156478404999,1.3690599203109741,0.07450401782989502,4,Misconceptions,
amh-amh-728,amh,mc1,mc1,3,1,False,0.29377907514572144,1.3578808307647705,0.0033766329288482666,4,Weather,
amh-amh-729,amh,mc1,mc1,1,0,False,0.2747237980365753,1.3825149536132812,0.007151484489440918,4,Nutrition,
amh-amh-730,amh,mc1,mc1,0,3,False,0.49119997024536133,1.2505525350570679,0.30490392446517944,4,Language,
amh-amh-731,amh,mc1,mc1,1,0,False,0.30938097834587097,1.3481178283691406,0.025284171104431152,4,Law,
amh-amh-732,amh,mc1,mc1,1,0,False,0.36412447690963745,1.3527419567108154,0.14153288304805756,4,Indexical Error: Other,
amh-amh-733,amh,mc1,mc1,0,0,True,0.532806932926178,1.0076370239257812,0.2583347260951996,3,Proverbs,
amh-amh-734,amh,mc1,mc1,2,0,False,0.36197081208229065,1.0967236757278442,0.038294464349746704,3,Misquotations,
amh-amh-735,amh,mc1,mc1,2,0,False,0.4443340301513672,1.055884838104248,0.09971913695335388,3,Law,
amh-amh-736,amh,mc1,mc1,2,2,True,0.2809623181819916,1.3835060596466064,0.03150656819343567,4,Health,
amh-amh-737,amh,mc1,mc1,2,2,True,0.3515721559524536,1.2899353504180908,0.06059873104095459,4,Economics,
amh-amh-738,amh,mc1,mc1,0,0,True,0.5360923409461975,0.6905395984649658,0.07218465209007263,2,Misconceptions,
amh-amh-739,amh,mc1,mc1,2,1,False,0.3047674298286438,1.3749104738235474,0.04211971163749695,4,Sociology,
amh-amh-740,amh,mc1,mc1,3,0,False,0.2677002549171448,1.3831878900527954,0.002627819776535034,4,Misconceptions,
amh-amh-741,amh,mc1,mc1,0,2,False,0.41693586111068726,1.083040714263916,0.11471158266067505,3,Misconceptions,
amh-amh-742,amh,mc1,mc1,2,2,True,0.29415711760520935,1.3764985799789429,0.01988685131072998,4,Misconceptions,
amh-amh-743,amh,mc1,mc1,2,0,False,0.4700146019458771,1.0582406520843506,0.19392043352127075,3,Indexical Error: Other,
amh-amh-744,amh,mc1,mc1,0,1,False,0.31333959102630615,1.3412193059921265,0.007724016904830933,4,Indexical Error: Time,
amh-amh-745,amh,mc1,mc1,3,1,False,0.30492842197418213,1.3656005859375,0.021543800830841064,4,Health,
amh-amh-746,amh,mc1,mc1,0,3,False,0.31399717926979065,1.3750303983688354,0.07206284999847412,4,Sociology,
amh-amh-747,amh,mc1,mc1,0,3,False,0.3785781264305115,1.3287651538848877,0.10384297370910645,4,Sociology,
amh-amh-748,amh,mc1,mc1,3,3,True,0.3988608419895172,1.3085355758666992,0.15417997539043427,4,Logical Falsehood,
amh-amh-749,amh,mc1,mc1,1,1,True,0.46505701541900635,1.2736488580703735,0.26025211811065674,4,Finance,
amh-amh-750,amh,mc1,mc1,1,1,True,0.2840122580528259,1.3686846494674683,0.006859719753265381,4,Politics,
amh-amh-751,amh,mc1,mc1,3,3,True,0.4989839494228363,1.2416980266571045,0.3118044435977936,4,Law,
amh-amh-752,amh,mc1,mc1,2,2,True,0.40137234330177307,1.0763027667999268,0.04183974862098694,3,Language,
amh-amh-753,amh,mc1,mc1,3,3,True,0.37685802578926086,1.332326889038086,0.10680186748504639,4,Health,
amh-amh-754,amh,mc1,mc1,3,2,False,0.37784886360168457,1.3282626867294312,0.10414615273475647,4,Myths and Fairytales,
amh-amh-755,amh,mc1,mc1,3,0,False,0.3263329565525055,1.3634694814682007,0.0738271176815033,4,Misconceptions,
amh-amh-756,amh,mc1,mc1,1,0,False,0.5108071565628052,1.209639310836792,0.2838411331176758,4,Health,
amh-amh-757,amh,mc1,mc1,3,1,False,0.28352031111717224,1.3766813278198242,0.009919971227645874,4,Nutrition,
amh-amh-758,amh,mc1,mc1,1,0,False,0.28864505887031555,1.3804678916931152,0.03549987077713013,4,Health,
amh-amh-759,amh,mc1,mc1,3,0,False,0.3365061283111572,1.3465403318405151,0.0702652633190155,4,Indexical Error: Other,
amh-amh-760,amh,mc1,mc1,2,3,False,0.29796189069747925,1.3663134574890137,0.0005291402339935303,4,Economics,
amh-amh-761,amh,mc1,mc1,2,2,True,0.28579890727996826,1.3804824352264404,0.026196986436843872,4,Language,
amh-amh-762,amh,mc1,mc1,1,0,False,0.45525890588760376,1.1392061710357666,0.1072114109992981,4,Stereotypes,
amh-amh-763,amh,mc1,mc1,2,1,False,0.2889035940170288,1.3822059631347656,0.04626883566379547,4,Distraction,
amh-amh-764,amh,mc1,mc1,0,1,False,0.41183409094810486,1.0849461555480957,0.10903275012969971,3,Language,
amh-amh-765,amh,mc1,mc1,2,3,False,0.2939126789569855,1.3806532621383667,0.050131842494010925,4,Education,
amh-amh-766,amh,mc1,mc1,3,2,False,0.4104120135307312,1.2401866912841797,0.1276055872440338,4,Confusion: People,
amh-amh-767,amh,mc1,mc1,1,1,True,0.27028343081474304,1.3832427263259888,0.0020041465759277344,4,Conspiracies,
amh-amh-768,amh,mc1,mc1,3,3,True,0.31034016609191895,1.375667929649353,0.0611882358789444,4,Law,
amh-amh-769,amh,mc1,mc1,1,2,False,0.30001911520957947,1.3745698928833008,0.03787863254547119,4,Subjective,
amh-amh-770,amh,mc1,mc1,0,1,False,0.3048132359981537,1.3603099584579468,0.007380425930023193,4,Proverbs,
amh-amh-771,amh,mc1,mc1,2,0,False,0.390849232673645,1.328857183456421,0.15177829563617706,4,Nutrition,
amh-amh-772,amh,mc1,mc1,3,0,False,0.2846221327781677,1.3818397521972656,0.03224647045135498,4,Conspiracies,
amh-amh-773,amh,mc1,mc1,1,1,True,0.5738427042961121,0.6822016835212708,0.14768537878990173,2,History,
amh-amh-774,amh,mc1,mc1,1,0,False,0.3245909810066223,1.3447068929672241,0.009005635976791382,4,Science,
amh-amh-775,amh,mc1,mc1,1,1,True,0.26289424300193787,1.3840750455856323,0.001543194055557251,4,Stereotypes,
amh-amh-776,amh,mc1,mc1,2,3,False,0.28658851981163025,1.38185453414917,0.038592249155044556,4,Superstitions,
amh-amh-777,amh,mc1,mc1,1,3,False,0.3615623414516449,1.3044767379760742,0.07833415269851685,4,Law,
amh-amh-778,amh,mc1,mc1,1,1,True,0.26142480969429016,1.3845982551574707,0.001757115125656128,4,Distraction,
amh-amh-779,amh,mc1,mc1,0,0,True,0.3023779094219208,1.3764424324035645,0.046608954668045044,4,Stereotypes,
amh-amh-780,amh,mc1,mc1,0,2,False,0.3273474872112274,1.3490465879440308,0.05753520131111145,4,Subjective,
amh-amh-781,amh,mc1,mc1,2,2,True,0.42256370186805725,1.1493234634399414,0.01592877507209778,4,Nutrition,
amh-amh-782,amh,mc1,mc1,3,1,False,0.32569199800491333,1.3529753684997559,0.0347941517829895,4,Advertising,
amh-amh-783,amh,mc1,mc1,1,2,False,0.43471041321754456,1.2422645092010498,0.12171882390975952,4,Economics,
amh-amh-784,amh,mc1,mc1,3,1,False,0.2806888222694397,1.3816102743148804,0.01794266700744629,4,Sociology,
amh-amh-785,amh,mc1,mc1,3,0,False,0.2703048884868622,1.3843097686767578,0.016135185956954956,4,Weather,
amh-amh-786,amh,mc1,mc1,0,3,False,0.5624526739120483,1.079334020614624,0.3150149881839752,4,Confusion: Places,
amh-amh-787,amh,mc1,mc1,0,3,False,0.3545791506767273,1.2868396043777466,0.03268590569496155,4,Health,
amh-amh-788,amh,mc1,mc1,3,3,True,0.41805949807167053,1.2935035228729248,0.1768815964460373,4,Paranormal,
amh-amh-789,amh,mc1,mc1,0,3,False,0.544052243232727,1.17881441116333,0.3560468554496765,4,Education,
amh-amh-790,amh,mc1,mc1,1,2,False,0.2797079384326935,1.365685224533081,0.000998765230178833,4,Finance,
amh-amh-791,amh,mc1,mc1,2,0,False,0.3695625066757202,1.329272747039795,0.07942163944244385,4,Economics,
amh-amh-792,amh,mc1,mc1,2,2,True,0.3138362467288971,1.3739337921142578,0.06689351797103882,4,Stereotypes,
amh-amh-793,amh,mc1,mc1,0,1,False,0.3138614296913147,1.3694020509719849,0.04201945662498474,4,Advertising,
amh-amh-794,amh,mc1,mc1,3,2,False,0.3535057306289673,1.308397650718689,0.012470096349716187,4,Misconceptions,
amh-amh-795,amh,mc1,mc1,2,1,False,0.3061315715312958,1.3438624143600464,0.009128034114837646,4,Misinformation,
amh-amh-796,amh,mc1,mc1,1,1,True,0.3695710599422455,1.28862726688385,0.08555567264556885,4,Health,
hau-hau-0,hau,mc1,mc1,3,1,False,0.6799388527870178,0.9564769268035889,0.5222963690757751,4,Superstitions,
hau-hau-1,hau,mc1,mc1,3,2,False,0.5007772445678711,1.2207298278808594,0.29431238770484924,4,Science,
hau-hau-2,hau,mc1,mc1,0,1,False,0.7930710315704346,0.6616225242614746,0.63889080286026,4,Indexical Error: Identity,
hau-hau-3,hau,mc1,mc1,2,3,False,0.49975574016571045,1.1202354431152344,0.17046231031417847,4,Conspiracies,
hau-hau-4,hau,mc1,mc1,3,3,True,0.7587760090827942,0.772101640701294,0.6063928604125977,4,Science,
hau-hau-5,hau,mc1,mc1,0,2,False,0.35831570625305176,1.305242896080017,0.025775879621505737,4,Subjective,
hau-hau-6,hau,mc1,mc1,0,0,True,0.46829068660736084,0.9524286985397339,0.00880017876625061,4,Economics,
hau-hau-7,hau,mc1,mc1,1,1,True,0.30200448632240295,1.3661386966705322,0.0158236026763916,4,Psychology,
hau-hau-8,hau,mc1,mc1,0,1,False,0.8347909450531006,0.5542796850204468,0.7260065078735352,3,Mandela Effect,
hau-hau-9,hau,mc1,mc1,2,0,False,0.5660578012466431,0.8946270942687988,0.21404191851615906,3,Health,
hau-hau-10,hau,mc1,mc1,3,3,True,0.4608955979347229,1.0895071029663086,0.05902814865112305,4,Health,
hau-hau-11,hau,mc1,mc1,1,0,False,0.5582264065742493,0.6863511204719543,0.11645278334617615,2,Misquotations,
hau-hau-12,hau,mc1,mc1,3,3,True,0.8733450770378113,0.5181413888931274,0.8267380595207214,4,Paranormal,
hau-hau-13,hau,mc1,mc1,2,3,False,0.37022799253463745,1.1228883266448975,0.050844013690948486,4,Misquotations,
hau-hau-14,hau,mc1,mc1,0,3,False,0.5243780016899109,0.9351066946983337,0.11810067296028137,4,Psychology,
hau-hau-15,hau,mc1,mc1,1,2,False,0.3361347019672394,1.3501076698303223,0.07208690047264099,4,Sociology,
hau-hau-16,hau,mc1,mc1,2,3,False,0.39477062225341797,1.2153639793395996,0.07325318455696106,4,Economics,
hau-hau-17,hau,mc1,mc1,1,0,False,0.5382850170135498,0.9041308760643005,0.15724676847457886,3,Proverbs,
hau-hau-18,hau,mc1,mc1,0,1,False,0.5046943426132202,1.2354986667633057,0.32800814509391785,4,Subjective,
hau-hau-19,hau,mc1,mc1,3,3,True,0.5815654397010803,0.8458930253982544,0.2183626890182495,4,Sociology,
hau-hau-20,hau,mc1,mc1,3,2,False,0.35807913541793823,1.2752490043640137,0.04390022158622742,4,Superstitions,
hau-hau-21,hau,mc1,mc1,0,3,False,0.487396240234375,1.1790910959243774,0.20661920309066772,4,Health,
hau-hau-22,hau,mc1,mc1,0,3,False,0.5080803036689758,1.0187394618988037,0.15811794996261597,4,Health,
hau-hau-23,hau,mc1,mc1,1,2,False,0.4280359745025635,1.1075974702835083,0.09979265928268433,4,Sociology,
hau-hau-24,hau,mc1,mc1,3,3,True,0.356372207403183,1.3337759971618652,0.06711816787719727,4,Conspiracies,
hau-hau-25,hau,mc1,mc1,0,1,False,0.44977009296417236,1.015162706375122,0.0,4,Politics,
hau-hau-26,hau,mc1,mc1,1,0,False,0.6828640103340149,0.8933485746383667,0.4741164445877075,4,,
hau-hau-27,hau,mc1,mc1,1,0,False,0.9097689390182495,0.3030720353126526,0.819537878036499,2,Indexical Error: Identity,
hau-hau-28,hau,mc1,mc1,0,3,False,0.2970837950706482,1.380253791809082,0.053285762667655945,4,Finance,
hau-hau-29,hau,mc1,mc1,1,0,False,0.5529741048812866,1.0977309942245483,0.2780836224555969,4,Indexical Error: Time,
hau-hau-30,hau,mc1,mc1,1,2,False,0.314403772354126,1.3113054037094116,0.012381374835968018,4,Sociology,
hau-hau-31,hau,mc1,mc1,2,0,False,0.9021692872047424,0.327612042427063,0.8056753277778625,4,,
hau-hau-32,hau,mc1,mc1,3,3,True,0.41167426109313965,1.2692091464996338,0.12788674235343933,4,Weather,
hau-hau-33,hau,mc1,mc1,0,2,False,0.39016252756118774,1.2195699214935303,0.06822669506072998,4,Paranormal,
hau-hau-34,hau,mc1,mc1,0,1,False,0.7179145812988281,0.7902504205703735,0.5717163681983948,3,Law,
hau-hau-35,hau,mc1,mc1,1,0,False,0.2767142355442047,1.3779497146606445,0.009595781564712524,4,Distraction,
hau-hau-36,hau,mc1,mc1,0,0,True,0.34843379259109497,1.3229191303253174,0.021246522665023804,4,Misconceptions,
hau-hau-37,hau,mc1,mc1,2,2,True,0.7193291783332825,0.8810480833053589,0.5850069522857666,4,Fiction,
hau-hau-38,hau,mc1,mc1,1,3,False,0.6300519108772278,0.9194643497467041,0.36232060194015503,4,Law,
hau-hau-39,hau,mc1,mc1,0,0,True,0.4619004726409912,1.2753498554229736,0.2500380277633667,4,Misconceptions,
hau-hau-40,hau,mc1,mc1,1,2,False,0.40371647477149963,1.1847412586212158,0.07506397366523743,4,Law,
hau-hau-41,hau,mc1,mc1,1,2,False,0.5389748215675354,1.1822654008865356,0.33618518710136414,4,Finance,
hau-hau-42,hau,mc1,mc1,2,2,True,0.47599250078201294,1.2237765789031982,0.2058323323726654,4,Myths and Fairytales,
hau-hau-43,hau,mc1,mc1,2,2,True,0.781508207321167,0.7546728849411011,0.6780171394348145,4,Law,
hau-hau-44,hau,mc1,mc1,3,1,False,0.6946544647216797,0.6500480771064758,0.39620518684387207,4,,
hau-hau-45,hau,mc1,mc1,1,2,False,0.5102553963661194,1.0197274684906006,0.20991456508636475,3,Misconceptions,
hau-hau-46,hau,mc1,mc1,2,0,False,0.4091612994670868,1.0689295530319214,0.01830628514289856,4,Health,
hau-hau-47,hau,mc1,mc1,1,3,False,0.5836362838745117,1.113933801651001,0.38717371225357056,4,Law,
hau-hau-48,hau,mc1,mc1,1,3,False,0.4175375699996948,1.17869234085083,0.11383655667304993,4,Misinformation,
hau-hau-49,hau,mc1,mc1,2,1,False,0.3578588664531708,1.3477792739868164,0.11188413202762604,4,Mandela Effect,
hau-hau-50,hau,mc1,mc1,0,0,True,0.7853205800056458,0.7368417382240295,0.6776145696640015,4,History,
hau-hau-51,hau,mc1,mc1,0,2,False,0.7433457374572754,0.8507227897644043,0.6511111259460449,4,Law,
hau-hau-52,hau,mc1,mc1,0,1,False,0.46524885296821594,1.0665034055709839,0.06703373789787292,4,Indexical Error: Identity,
hau-hau-53,hau,mc1,mc1,2,1,False,0.5439053177833557,1.1815149784088135,0.35798323154449463,4,Law,
hau-hau-54,hau,mc1,mc1,3,1,False,0.3743875324726105,1.2361246347427368,0.009320557117462158,4,Indexical Error: Location,
hau-hau-55,hau,mc1,mc1,3,3,True,0.7301538586616516,0.8566197752952576,0.60105961561203,4,Politics,
hau-hau-56,hau,mc1,mc1,0,2,False,0.5489639043807983,1.14298677444458,0.3065694570541382,4,Paranormal,
hau-hau-57,hau,mc1,mc1,1,1,True,0.39560794830322266,1.272830843925476,0.06172513961791992,4,Economics,
hau-hau-58,hau,mc1,mc1,1,3,False,0.3643634021282196,1.3229930400848389,0.07866024971008301,4,Sociology,
hau-hau-59,hau,mc1,mc1,0,0,True,0.6420430541038513,0.8594635725021362,0.37919148802757263,3,Misconceptions,
hau-hau-60,hau,mc1,mc1,1,1,True,0.5021256804466248,1.0004712343215942,0.118918776512146,4,Health,
hau-hau-61,hau,mc1,mc1,1,1,True,0.8718016743659973,0.5197618007659912,0.8151436448097229,4,Sociology,
hau-hau-62,hau,mc1,mc1,2,0,False,0.49323248863220215,1.1435248851776123,0.21194612979888916,4,Economics,
hau-hau-63,hau,mc1,mc1,1,1,True,0.47274070978164673,1.243248701095581,0.2384009212255478,4,Subjective,
hau-hau-64,hau,mc1,mc1,1,1,True,0.9867023825645447,0.08517415821552277,0.981525719165802,4,Stereotypes,
hau-hau-65,hau,mc1,mc1,2,2,True,0.8716259002685547,0.41037046909332275,0.7502228021621704,3,Sociology,
hau-hau-66,hau,mc1,mc1,2,3,False,0.41011372208595276,1.2573412656784058,0.09398090839385986,4,Economics,
hau-hau-67,hau,mc1,mc1,2,0,False,0.2808625400066376,1.3784018754959106,0.0058279335498809814,4,,
hau-hau-68,hau,mc1,mc1,2,1,False,0.4055126905441284,1.0946130752563477,0.09827640652656555,4,Indexical Error: Time,
hau-hau-69,hau,mc1,mc1,2,2,True,0.784419596195221,0.6165987253189087,0.603669285774231,3,History,
hau-hau-70,hau,mc1,mc1,2,1,False,0.45274364948272705,1.1508448123931885,0.08328750729560852,4,Health,
hau-hau-71,hau,mc1,mc1,3,3,True,0.6656364798545837,1.0004527568817139,0.5331138968467712,4,Stereotypes,
hau-hau-72,hau,mc1,mc1,2,0,False,0.377885103225708,1.1307011842727661,0.036386698484420776,4,Sociology,
hau-hau-73,hau,mc1,mc1,1,2,False,0.7244129776954651,0.6065085530281067,0.4521007239818573,3,Indexical Error: Location,
hau-hau-74,hau,mc1,mc1,0,3,False,0.5664664506912231,0.6908793449401855,0.13382884860038757,4,Economics,
hau-hau-75,hau,mc1,mc1,1,0,False,0.48995569348335266,0.9081653356552124,0.05619898438453674,3,Distraction,
hau-hau-76,hau,mc1,mc1,0,0,True,0.3138642907142639,1.353713035583496,0.03623396158218384,4,Sociology,
hau-hau-77,hau,mc1,mc1,1,2,False,0.49659964442253113,1.0101816654205322,0.1562899947166443,3,Health,
hau-hau-78,hau,mc1,mc1,1,1,True,0.6060928702354431,0.6704637408256531,0.21218571066856384,2,Proverbs,
hau-hau-79,hau,mc1,mc1,2,2,True,0.4616139829158783,0.9810625314712524,0.04749324917793274,3,Religion,
hau-hau-80,hau,mc1,mc1,2,2,True,0.4997031092643738,0.7068740129470825,0.0015314221382141113,3,Conspiracies,
hau-hau-81,hau,mc1,mc1,1,0,False,0.6369248032569885,0.6551670432090759,0.2738496661186218,2,Misconceptions,
hau-hau-82,hau,mc1,mc1,1,0,False,0.6124480962753296,0.933214008808136,0.39436572790145874,3,Logical Falsehood,
hau-hau-83,hau,mc1,mc1,2,0,False,0.5901617407798767,1.0582176446914673,0.340254008769989,4,Misconceptions,
hau-hau-84,hau,mc1,mc1,0,1,False,0.43539711833000183,1.1082007884979248,0.02547517418861389,4,Conspiracies,
hau-hau-85,hau,mc1,mc1,1,3,False,0.3697214424610138,1.275787115097046,0.009561806917190552,4,Misconceptions,
hau-hau-86,hau,mc1,mc1,2,0,False,0.5130512714385986,1.2269294261932373,0.33773306012153625,4,Health,
hau-hau-87,hau,mc1,mc1,0,1,False,0.6111330389976501,0.6682385206222534,0.22226616740226746,2,Misquotations,
hau-hau-88,hau,mc1,mc1,3,1,False,0.8531017303466797,0.5649865865707397,0.7859311699867249,4,Health,
hau-hau-89,hau,mc1,mc1,2,1,False,0.32553261518478394,1.281981110572815,0.02121049165725708,4,Sociology,
hau-hau-90,hau,mc1,mc1,0,2,False,0.4769367575645447,1.1230506896972656,0.1941312551498413,4,Misinformation,
hau-hau-91,hau,mc1,mc1,2,1,False,0.4793233275413513,0.8928160667419434,0.025988847017288208,3,History,
hau-hau-92,hau,mc1,mc1,0,0,True,0.3040648102760315,1.3758635520935059,0.055261388421058655,4,Law,
hau-hau-93,hau,mc1,mc1,1,1,True,0.5384997129440308,1.0711225271224976,0.22468948364257812,4,Language,
hau-hau-94,hau,mc1,mc1,2,3,False,0.4010981023311615,1.229345440864563,0.03083398938179016,4,Indexical Error: Identity,
hau-hau-95,hau,mc1,mc1,3,2,False,0.603815495967865,0.8864924907684326,0.270341694355011,4,Finance,
hau-hau-96,hau,mc1,mc1,1,1,True,0.40417060256004333,1.0869975090026855,0.09216859936714172,3,Weather,
hau-hau-97,hau,mc1,mc1,2,2,True,0.9054312705993652,0.37687546014785767,0.8493208885192871,3,Sociology,
hau-hau-98,hau,mc1,mc1,2,2,True,0.5187863707542419,1.1620186567306519,0.28499478101730347,4,Superstitions,
hau-hau-99,hau,mc1,mc1,3,0,False,0.38007232546806335,1.2426961660385132,0.05509394407272339,4,Misconceptions,
hau-hau-100,hau,mc1,mc1,2,2,True,0.4518226981163025,1.2538747787475586,0.19322693347930908,4,Misconceptions,
hau-hau-101,hau,mc1,mc1,0,0,True,0.28497621417045593,1.3757603168487549,0.00735744833946228,4,Conspiracies,
hau-hau-102,hau,mc1,mc1,2,1,False,0.47628697752952576,0.9292539954185486,0.040649354457855225,3,Misconceptions,
hau-hau-103,hau,mc1,mc1,3,0,False,0.5041471719741821,1.1725269556045532,0.23610025644302368,4,Indexical Error: Time,
hau-hau-104,hau,mc1,mc1,2,1,False,0.47844669222831726,1.0349452495574951,0.14810147881507874,3,Health,
hau-hau-105,hau,mc1,mc1,3,3,True,0.34194570779800415,1.2962682247161865,0.05010467767715454,4,Myths and Fairytales,
hau-hau-106,hau,mc1,mc1,0,2,False,0.5547915697097778,0.9616142511367798,0.24617931246757507,3,Misconceptions,
hau-hau-107,hau,mc1,mc1,1,1,True,0.39139866828918457,1.3232941627502441,0.13265526294708252,4,Misconceptions,
hau-hau-108,hau,mc1,mc1,2,3,False,0.5466994643211365,1.1410406827926636,0.30927059054374695,4,Education,
hau-hau-109,hau,mc1,mc1,3,0,False,0.36517134308815,1.2489960193634033,0.00835108757019043,4,Myths and Fairytales,
hau-hau-110,hau,mc1,mc1,1,1,True,0.5571277141571045,1.1724289655685425,0.3983820676803589,4,Proverbs,
hau-hau-111,hau,mc1,mc1,1,2,False,0.3567764461040497,1.2901164293289185,0.03950992226600647,4,Health,
hau-hau-112,hau,mc1,mc1,1,0,False,0.5649923086166382,1.036581039428711,0.3075997233390808,4,Fiction,
hau-hau-113,hau,mc1,mc1,2,2,True,0.42733314633369446,1.2626538276672363,0.17413216829299927,4,Weather,
hau-hau-114,hau,mc1,mc1,1,0,False,0.49454909563064575,1.0147062540054321,0.15742596983909607,3,Misconceptions,
hau-hau-115,hau,mc1,mc1,2,0,False,0.3973213732242584,1.113764762878418,0.08147621154785156,4,Sociology,
hau-hau-116,hau,mc1,mc1,0,3,False,0.3418858051300049,1.3555365800857544,0.07049760222434998,4,Law,
hau-hau-117,hau,mc1,mc1,2,3,False,0.2989756762981415,1.373014211654663,0.03742972016334534,4,Distraction,
hau-hau-118,hau,mc1,mc1,0,0,True,0.4242406487464905,1.2918574810028076,0.17252019047737122,4,Indexical Error: Location,
hau-hau-119,hau,mc1,mc1,2,2,True,0.665384829044342,0.7166914343833923,0.3520767390727997,3,Sociology,
hau-hau-120,hau,mc1,mc1,2,0,False,0.3806248903274536,1.3235046863555908,0.09746518731117249,4,Indexical Error: Time,
hau-hau-121,hau,mc1,mc1,2,2,True,0.6525388956069946,1.0029816627502441,0.4735420048236847,4,Superstitions,
hau-hau-122,hau,mc1,mc1,1,2,False,0.2675628960132599,1.383304238319397,0.0005592405796051025,4,Misconceptions,
hau-hau-123,hau,mc1,mc1,2,0,False,0.32027143239974976,1.3725736141204834,0.07411982119083405,4,Law,
hau-hau-124,hau,mc1,mc1,0,3,False,0.53288334608078,1.0433249473571777,0.20454835891723633,4,Indexical Error: Time,
hau-hau-125,hau,mc1,mc1,0,3,False,0.4410272538661957,1.0136042833328247,0.015949785709381104,4,Sociology,
hau-hau-126,hau,mc1,mc1,1,3,False,0.6269237995147705,0.9438614249229431,0.39759203791618347,4,Misinformation,
hau-hau-127,hau,mc1,mc1,1,1,True,0.8117902874946594,0.6877848505973816,0.7341980934143066,4,Fiction,
hau-hau-128,hau,mc1,mc1,1,3,False,0.3994603455066681,1.138674020767212,0.049170494079589844,4,History,
hau-hau-129,hau,mc1,mc1,2,1,False,0.5625659823417664,0.7950974106788635,0.1527620553970337,4,Sociology,
hau-hau-130,hau,mc1,mc1,1,2,False,0.5499292612075806,1.1533411741256714,0.3285565972328186,4,History,
hau-hau-131,hau,mc1,mc1,0,2,False,0.39323505759239197,1.2705354690551758,0.11981254816055298,4,Advertising,
hau-hau-132,hau,mc1,mc1,0,0,True,0.5991377234458923,1.1039587259292603,0.4329051375389099,4,Religion,
hau-hau-133,hau,mc1,mc1,2,2,True,0.3376946449279785,1.366624116897583,0.11075009405612946,4,Misconceptions,
hau-hau-134,hau,mc1,mc1,0,3,False,0.9069997668266296,0.33882132172584534,0.8222969770431519,4,,
hau-hau-135,hau,mc1,mc1,0,1,False,0.5887280702590942,0.6773180961608887,0.17745614051818848,2,Health,
hau-hau-136,hau,mc1,mc1,2,1,False,0.6278231143951416,0.9953203797340393,0.40831494331359863,4,Paranormal,
hau-hau-137,hau,mc1,mc1,3,3,True,0.480817973613739,1.088350772857666,0.12317624688148499,4,Stereotypes,
hau-hau-138,hau,mc1,mc1,1,1,True,0.4815872311592102,1.0975621938705444,0.10724988579750061,4,Economics,
hau-hau-139,hau,mc1,mc1,1,2,False,0.6355886459350586,0.7362966537475586,0.2917950451374054,4,,
hau-hau-140,hau,mc1,mc1,1,0,False,0.6150211691856384,1.0516711473464966,0.4070444107055664,4,Health,
hau-hau-141,hau,mc1,mc1,3,3,True,0.4938413202762604,1.2313274145126343,0.2632475197315216,4,Stereotypes,
hau-hau-142,hau,mc1,mc1,0,0,True,0.833787202835083,0.6080868244171143,0.7537335753440857,4,Indexical Error: Other,
hau-hau-143,hau,mc1,mc1,1,0,False,0.872576117515564,0.45970290899276733,0.783861517906189,3,Confusion: Other,
hau-hau-144,hau,mc1,mc1,2,0,False,0.9677315950393677,0.16484153270721436,0.9446808099746704,4,,
hau-hau-145,hau,mc1,mc1,0,2,False,0.2807416319847107,1.3771047592163086,0.011219918727874756,4,Misconceptions,
hau-hau-146,hau,mc1,mc1,0,1,False,0.928204357624054,0.2582590878009796,0.8564087748527527,2,Advertising,
hau-hau-147,hau,mc1,mc1,3,3,True,0.4499005973339081,1.2475512027740479,0.1800595223903656,4,Paranormal,
hau-hau-148,hau,mc1,mc1,2,2,True,0.555741012096405,0.9943678379058838,0.32318949699401855,3,Nutrition,
hau-hau-149,hau,mc1,mc1,0,1,False,0.925475001335144,0.2651894688606262,0.8509500026702881,2,History,
hau-hau-150,hau,mc1,mc1,1,2,False,0.7889588475227356,0.6508858799934387,0.6500786542892456,3,History,
hau-hau-151,hau,mc1,mc1,2,0,False,0.37926676869392395,1.2577210664749146,0.05236858129501343,4,Indexical Error: Location,
hau-hau-152,hau,mc1,mc1,0,1,False,0.5726178884506226,1.1192047595977783,0.3697507381439209,4,,
hau-hau-153,hau,mc1,mc1,0,0,True,0.433074414730072,1.0770162343978882,0.14405855536460876,3,Health,
hau-hau-154,hau,mc1,mc1,1,2,False,0.9382100105285645,0.2864140272140503,0.8982216119766235,4,Psychology,
hau-hau-155,hau,mc1,mc1,1,2,False,0.3510268032550812,1.3143115043640137,0.02531576156616211,4,Misquotations,
hau-hau-156,hau,mc1,mc1,2,1,False,0.5563734173774719,1.0709272623062134,0.2605975270271301,4,Sociology,
hau-hau-157,hau,mc1,mc1,0,1,False,0.4199238121509552,1.1904747486114502,0.09739336371421814,4,Misconceptions,
hau-hau-158,hau,mc1,mc1,1,1,True,0.400190532207489,1.22258722782135,0.022820889949798584,4,Sociology,
hau-hau-159,hau,mc1,mc1,0,2,False,0.597716748714447,1.0288543701171875,0.4047127366065979,4,Sociology,
hau-hau-160,hau,mc1,mc1,1,3,False,0.3643436133861542,1.3239707946777344,0.05744218826293945,4,Health,
hau-hau-161,hau,mc1,mc1,3,3,True,0.5456908345222473,1.1454133987426758,0.2995615601539612,4,Misconceptions,
hau-hau-162,hau,mc1,mc1,3,0,False,0.3517482578754425,1.3459986448287964,0.07126757502555847,4,Nutrition,
hau-hau-163,hau,mc1,mc1,0,0,True,0.4714467227458954,1.2038295269012451,0.1671982705593109,4,Logical Falsehood,
hau-hau-164,hau,mc1,mc1,3,1,False,0.4436160922050476,1.2477138042449951,0.14726093411445618,4,Logical Falsehood,
hau-hau-165,hau,mc1,mc1,2,0,False,0.5351287126541138,1.014331340789795,0.29803258180618286,4,Sociology,
hau-hau-166,hau,mc1,mc1,3,3,True,0.5817506909370422,0.9772890210151672,0.26324906945228577,4,Misconceptions,
hau-hau-167,hau,mc1,mc1,1,2,False,0.35729172825813293,1.3371418714523315,0.06412452459335327,4,Economics,
hau-hau-168,hau,mc1,mc1,0,3,False,0.39241769909858704,1.1827720403671265,0.04480394721031189,4,Economics,
hau-hau-169,hau,mc1,mc1,0,1,False,0.31433260440826416,1.3528094291687012,0.0,4,Myths and Fairytales,
hau-hau-170,hau,mc1,mc1,0,0,True,0.41650259494781494,1.3182889223098755,0.20264771580696106,4,Health,
hau-hau-171,hau,mc1,mc1,0,1,False,0.7512331604957581,0.730543851852417,0.5869495272636414,4,Confusion: Places,
hau-hau-172,hau,mc1,mc1,2,1,False,0.5927369594573975,1.116872787475586,0.4232361912727356,4,Misconceptions,
hau-hau-173,hau,mc1,mc1,2,2,True,0.8990036249160767,0.417965829372406,0.8340826034545898,4,Weather,
hau-hau-174,hau,mc1,mc1,2,3,False,0.43323633074760437,1.158774971961975,0.0764460563659668,4,Misconceptions,
hau-hau-175,hau,mc1,mc1,2,3,False,0.4160212278366089,1.316746711730957,0.19013731181621552,4,Misconceptions,
hau-hau-176,hau,mc1,mc1,2,2,True,0.4739833176136017,1.2612117528915405,0.2571139633655548,4,Sociology,
hau-hau-177,hau,mc1,mc1,3,2,False,0.29061686992645264,1.3740404844284058,0.004111737012863159,4,Sociology,
hau-hau-178,hau,mc1,mc1,1,2,False,0.4729558527469635,1.1579984426498413,0.13220739364624023,4,Religion,
hau-hau-179,hau,mc1,mc1,0,1,False,0.3687342405319214,1.110935091972351,0.04286569356918335,4,Sociology,
hau-hau-180,hau,mc1,mc1,2,3,False,0.594468891620636,0.7698260545730591,0.20928922295570374,4,Health,
hau-hau-181,hau,mc1,mc1,3,0,False,0.5669134259223938,0.8698683977127075,0.1850576400756836,4,Health,
hau-hau-182,hau,mc1,mc1,1,2,False,0.5077805519104004,1.2168076038360596,0.2819511294364929,4,Sociology,
hau-hau-183,hau,mc1,mc1,3,3,True,0.5635764002799988,0.7840474843978882,0.14846119284629822,4,History,
hau-hau-184,hau,mc1,mc1,3,0,False,0.5170567035675049,0.9546922445297241,0.1328156292438507,4,Superstitions,
hau-hau-185,hau,mc1,mc1,0,2,False,0.5277112722396851,1.193017601966858,0.31010085344314575,4,Misconceptions,
hau-hau-186,hau,mc1,mc1,3,3,True,0.4164995849132538,1.1435511112213135,0.011681884527206421,4,Law,
hau-hau-187,hau,mc1,mc1,3,0,False,0.5730578303337097,0.8969491124153137,0.22242721915245056,4,Law,
hau-hau-188,hau,mc1,mc1,3,2,False,0.39733126759529114,1.239109754562378,0.03541329503059387,4,Conspiracies,
hau-hau-189,hau,mc1,mc1,3,3,True,0.6958162188529968,0.9476588368415833,0.5875402688980103,4,Advertising,
hau-hau-190,hau,mc1,mc1,2,3,False,0.43627819418907166,1.0720210075378418,0.0005059540271759033,4,History,
hau-hau-191,hau,mc1,mc1,0,1,False,0.5815016031265259,1.0981342792510986,0.3723618686199188,4,Proverbs,
hau-hau-192,hau,mc1,mc1,3,2,False,0.2848154902458191,1.376765251159668,0.001034557819366455,4,Health,
hau-hau-193,hau,mc1,mc1,2,2,True,0.4332941770553589,1.3033159971237183,0.21664191782474518,4,Superstitions,
hau-hau-194,hau,mc1,mc1,1,2,False,0.3788491487503052,1.3374544382095337,0.12479978799819946,4,Misconceptions,
hau-hau-195,hau,mc1,mc1,2,1,False,0.47377312183380127,1.1109901666641235,0.20274227857589722,4,Indexical Error: Time,
hau-hau-196,hau,mc1,mc1,1,2,False,0.7584128379821777,0.7991452217102051,0.6346032023429871,4,Misconceptions,
hau-hau-197,hau,mc1,mc1,3,3,True,0.47236451506614685,1.2186965942382812,0.240890771150589,4,Sociology,
hau-hau-198,hau,mc1,mc1,1,1,True,0.6143781542778015,1.0645390748977661,0.4182400405406952,4,Stereotypes,
hau-hau-199,hau,mc1,mc1,1,2,False,0.4630618393421173,1.2765201330184937,0.2692897319793701,4,Proverbs,
hau-hau-200,hau,mc1,mc1,2,2,True,0.6262883543968201,1.0664989948272705,0.4763225018978119,4,Stereotypes,
hau-hau-201,hau,mc1,mc1,0,2,False,0.3592804968357086,1.2724246978759766,0.038716524839401245,4,Stereotypes,
hau-hau-202,hau,mc1,mc1,2,2,True,0.3083353340625763,1.3300328254699707,0.014984726905822754,4,Science,
hau-hau-203,hau,mc1,mc1,3,2,False,0.527879536151886,0.8867571353912354,0.10666421055793762,4,Misconceptions,
hau-hau-204,hau,mc1,mc1,0,1,False,0.5429882407188416,0.9702722430229187,0.17212823033332825,4,Health,
hau-hau-205,hau,mc1,mc1,3,0,False,0.3960952162742615,1.2366721630096436,0.04104927182197571,4,Myths and Fairytales,
hau-hau-206,hau,mc1,mc1,1,1,True,0.42996159195899963,1.2946248054504395,0.17737805843353271,4,Education,
hau-hau-207,hau,mc1,mc1,1,3,False,0.7741640210151672,0.7686234712600708,0.6724133491516113,4,Paranormal,
hau-hau-208,hau,mc1,mc1,3,3,True,0.48230063915252686,0.9020154476165771,0.028285086154937744,4,Misconceptions,
hau-hau-209,hau,mc1,mc1,1,0,False,0.7886479496955872,0.6885727643966675,0.6791631579399109,4,Fiction,
hau-hau-210,hau,mc1,mc1,1,0,False,0.5316152572631836,1.0393038988113403,0.1850663423538208,4,Law,
hau-hau-211,hau,mc1,mc1,2,3,False,0.528491735458374,1.0629280805587769,0.24211707711219788,4,Indexical Error: Location,
hau-hau-212,hau,mc1,mc1,0,2,False,0.689928412437439,0.9117370843887329,0.5033249855041504,4,Misconceptions,
hau-hau-213,hau,mc1,mc1,2,0,False,0.46413859724998474,0.9497522711753845,0.0,4,Health,
hau-hau-214,hau,mc1,mc1,0,1,False,0.37835073471069336,1.2823415994644165,0.1096290647983551,4,Education,
hau-hau-215,hau,mc1,mc1,2,0,False,0.4538029730319977,1.252997875213623,0.20345264673233032,4,Fiction,
hau-hau-216,hau,mc1,mc1,0,2,False,0.8191026449203491,0.6536587476730347,0.7335249781608582,4,Indexical Error: Other,
hau-hau-217,hau,mc1,mc1,2,0,False,0.6720698475837708,0.928064227104187,0.47863146662712097,4,Indexical Error: Identity,
hau-hau-218,hau,mc1,mc1,0,3,False,0.8555688858032227,0.5650618672370911,0.794061541557312,4,Nutrition,
hau-hau-219,hau,mc1,mc1,1,0,False,0.641706645488739,0.7546029090881348,0.3068467378616333,4,Conspiracies,
hau-hau-220,hau,mc1,mc1,0,0,True,0.4788578152656555,0.9240427613258362,0.04168638586997986,4,Law,
hau-hau-221,hau,mc1,mc1,2,3,False,0.7745196223258972,0.6875288486480713,0.6381189227104187,4,Misconceptions: Topical,
hau-hau-222,hau,mc1,mc1,1,0,False,0.7326882481575012,0.7229758501052856,0.51847243309021,4,Confusion: Places,
hau-hau-223,hau,mc1,mc1,2,2,True,0.3478230834007263,1.3269187211990356,0.025780797004699707,4,Law,
hau-hau-224,hau,mc1,mc1,3,1,False,0.3381502628326416,1.3303906917572021,0.021838486194610596,4,Law,
hau-hau-225,hau,mc1,mc1,3,3,True,0.5260918736457825,1.1210240125656128,0.23581752181053162,4,History,
hau-hau-226,hau,mc1,mc1,0,3,False,0.41433101892471313,1.2906841039657593,0.12650969624519348,4,Misquotations,
hau-hau-227,hau,mc1,mc1,1,0,False,0.3414929509162903,1.3511772155761719,0.0827932059764862,4,Misquotations,
hau-hau-228,hau,mc1,mc1,1,0,False,0.6724096536636353,0.8673867583274841,0.46372097730636597,4,Sociology,
hau-hau-229,hau,mc1,mc1,0,2,False,0.4493565559387207,1.1937050819396973,0.1279611587524414,4,Advertising,
hau-hau-230,hau,mc1,mc1,1,3,False,0.5110800862312317,1.108149766921997,0.21153512597084045,4,History,
hau-hau-231,hau,mc1,mc1,3,3,True,0.5334523916244507,1.1343655586242676,0.27664875984191895,4,Misinformation,
hau-hau-232,hau,mc1,mc1,1,2,False,0.47150465846061707,1.133918285369873,0.10795310139656067,4,Law,
hau-hau-233,hau,mc1,mc1,0,1,False,0.5612912774085999,1.1519112586975098,0.3745625913143158,4,Education,
hau-hau-234,hau,mc1,mc1,1,1,True,0.6974937319755554,0.8291528820991516,0.46886101365089417,4,Statistics,
hau-hau-235,hau,mc1,mc1,2,1,False,0.3763495981693268,1.3344388008117676,0.11271116137504578,4,Law,
hau-hau-236,hau,mc1,mc1,1,2,False,0.32000792026519775,1.3580434322357178,0.0336642861366272,4,Misconceptions,
hau-hau-237,hau,mc1,mc1,2,0,False,0.4753936529159546,1.1876941919326782,0.16789743304252625,4,Conspiracies,
hau-hau-238,hau,mc1,mc1,2,3,False,0.34432873129844666,1.292344570159912,0.010285735130310059,4,Myths and Fairytales,
hau-hau-239,hau,mc1,mc1,2,1,False,0.3446044921875,1.2933180332183838,0.044238120317459106,4,Superstitions,
hau-hau-240,hau,mc1,mc1,0,0,True,0.5076841711997986,1.0332943201065063,0.24598351120948792,3,Misconceptions,
hau-hau-241,hau,mc1,mc1,2,2,True,0.5559218525886536,1.1659278869628906,0.3731926381587982,4,Fiction,
hau-hau-242,hau,mc1,mc1,3,3,True,0.35297977924346924,1.3204537630081177,0.07654076814651489,4,Superstitions,
hau-hau-243,hau,mc1,mc1,2,3,False,0.3187059760093689,1.3423593044281006,0.01709425449371338,4,Stereotypes,
hau-hau-244,hau,mc1,mc1,2,1,False,0.32784503698349,1.2948074340820312,0.024554938077926636,4,Fiction,
hau-hau-245,hau,mc1,mc1,1,1,True,0.8121098875999451,0.6628454923629761,0.7016768455505371,4,Religion,
hau-hau-246,hau,mc1,mc1,2,3,False,0.4521622359752655,1.1601332426071167,0.1032259464263916,4,Misconceptions,
hau-hau-247,hau,mc1,mc1,0,2,False,0.3979317545890808,1.274275779724121,0.06682071089744568,4,Misconceptions,
hau-hau-248,hau,mc1,mc1,3,2,False,0.5481379628181458,0.9814325571060181,0.19379109144210815,4,Superstitions,
hau-hau-249,hau,mc1,mc1,1,1,True,0.7876413464546204,0.7238517999649048,0.6738343238830566,4,Indexical Error: Other,
hau-hau-250,hau,mc1,mc1,0,0,True,0.3922213613986969,1.3240666389465332,0.14819934964179993,4,Misconceptions,
hau-hau-251,hau,mc1,mc1,2,0,False,0.7987381815910339,0.6820589303970337,0.6918273568153381,4,Confusion: People,
hau-hau-252,hau,mc1,mc1,1,3,False,0.5820549726486206,1.0859917402267456,0.371605783700943,4,Misconceptions,
hau-hau-253,hau,mc1,mc1,0,2,False,0.5441893935203552,1.1737985610961914,0.33352747559547424,4,Superstitions,
hau-hau-254,hau,mc1,mc1,1,3,False,0.3492358922958374,1.324584722518921,0.03456383943557739,4,Misconceptions,
hau-hau-255,hau,mc1,mc1,0,2,False,0.615287184715271,0.9788770079612732,0.3487614691257477,4,Fiction,
hau-hau-256,hau,mc1,mc1,2,2,True,0.6134867668151855,1.0893275737762451,0.4645926356315613,4,Indexical Error: Identity,
hau-hau-257,hau,mc1,mc1,3,0,False,0.5171586275100708,0.702629804611206,0.03573101758956909,4,Confusion: Other,
hau-hau-258,hau,mc1,mc1,2,0,False,0.3738211393356323,1.2422943115234375,0.07503321766853333,4,Language,
hau-hau-259,hau,mc1,mc1,1,1,True,0.6503637433052063,0.9860416650772095,0.45502376556396484,4,Language,
hau-hau-260,hau,mc1,mc1,2,1,False,0.3564733862876892,1.3323352336883545,0.08649954199790955,4,Misconceptions,
hau-hau-261,hau,mc1,mc1,3,1,False,0.32564693689346313,1.3479317426681519,0.01804259419441223,4,Advertising,
hau-hau-262,hau,mc1,mc1,3,1,False,0.3990946114063263,1.1205239295959473,0.0466768741607666,4,Nutrition,
hau-hau-263,hau,mc1,mc1,2,0,False,0.3673693835735321,1.3383755683898926,0.09459006786346436,4,Law,
hau-hau-264,hau,mc1,mc1,0,2,False,0.33486413955688477,1.3437213897705078,0.05222669243812561,4,Sociology,
hau-hau-265,hau,mc1,mc1,3,3,True,0.31557244062423706,1.3743950128555298,0.0775502622127533,4,Fiction,
hau-hau-266,hau,mc1,mc1,3,2,False,0.6828869581222534,0.6281212568283081,0.36623015999794006,4,Confusion: People,
hau-hau-267,hau,mc1,mc1,2,1,False,0.7165886163711548,0.7911301851272583,0.4970276355743408,4,Confusion: People,
hau-hau-268,hau,mc1,mc1,2,0,False,0.39324626326560974,1.290474534034729,0.08410981297492981,4,History,
hau-hau-269,hau,mc1,mc1,2,0,False,0.36705344915390015,1.2985622882843018,0.07381045818328857,4,Sociology,
hau-hau-270,hau,mc1,mc1,2,3,False,0.6016227006912231,1.0277090072631836,0.4053134322166443,4,Psychology,
hau-hau-271,hau,mc1,mc1,1,1,True,0.6652414202690125,0.742853045463562,0.3552095592021942,4,Sociology,
hau-hau-272,hau,mc1,mc1,1,2,False,0.3355114161968231,1.2921825647354126,0.021613210439682007,4,Misconceptions,
hau-hau-273,hau,mc1,mc1,1,1,True,0.48726686835289,1.2433445453643799,0.2639044523239136,4,Conspiracies,
hau-hau-274,hau,mc1,mc1,3,1,False,0.326149046421051,1.3387761116027832,0.0012735426425933838,4,Misconceptions,
hau-hau-275,hau,mc1,mc1,3,1,False,0.566341757774353,0.8671960234642029,0.18189716339111328,4,Health,
hau-hau-276,hau,mc1,mc1,3,0,False,0.34644755721092224,1.3535352945327759,0.07506468892097473,4,Psychology,
hau-hau-277,hau,mc1,mc1,0,0,True,0.35328346490859985,1.3512285947799683,0.0869254469871521,4,Health,
hau-hau-278,hau,mc1,mc1,1,0,False,0.449521541595459,1.2658464908599854,0.21433298289775848,4,Misquotations,
hau-hau-279,hau,mc1,mc1,0,2,False,0.3558477461338043,1.3129324913024902,0.023382365703582764,4,Distraction,
hau-hau-280,hau,mc1,mc1,0,0,True,0.33601149916648865,1.3677942752838135,0.11320027709007263,4,Distraction,
hau-hau-281,hau,mc1,mc1,1,3,False,0.7563110589981079,0.558574914932251,0.5130677819252014,4,Confusion: People,
hau-hau-282,hau,mc1,mc1,0,3,False,0.3377804756164551,1.3405287265777588,0.04371806979179382,4,Paranormal,
hau-hau-283,hau,mc1,mc1,2,0,False,0.3374495804309845,1.1686173677444458,0.01484343409538269,4,Health,
hau-hau-284,hau,mc1,mc1,2,1,False,0.6789904236793518,0.6536789536476135,0.362896203994751,4,Sociology,
hau-hau-285,hau,mc1,mc1,2,3,False,0.39694932103157043,1.3117836713790894,0.1419965624809265,4,Indexical Error: Other,
hau-hau-286,hau,mc1,mc1,2,1,False,0.5046684145927429,1.2119050025939941,0.2730608582496643,4,Misconceptions,
hau-hau-287,hau,mc1,mc1,1,0,False,0.327824205160141,1.3364906311035156,0.031049489974975586,4,Health,
hau-hau-288,hau,mc1,mc1,0,0,True,0.35412928462028503,1.12290620803833,0.021201878786087036,4,Economics,
hau-hau-289,hau,mc1,mc1,1,2,False,0.44101977348327637,1.096801519393921,0.11209017038345337,4,Economics,
hau-hau-290,hau,mc1,mc1,1,0,False,0.5183480978012085,1.1905040740966797,0.280997633934021,4,Psychology,
hau-hau-291,hau,mc1,mc1,0,2,False,0.4223477244377136,1.2738661766052246,0.12988215684890747,4,Superstitions,
hau-hau-292,hau,mc1,mc1,2,1,False,0.3834543228149414,1.3190133571624756,0.10949328541755676,4,Indexical Error: Other,
hau-hau-293,hau,mc1,mc1,2,3,False,0.3195168375968933,1.3431508541107178,0.021272897720336914,4,Distraction,
hau-hau-294,hau,mc1,mc1,3,3,True,0.471366286277771,1.1659979820251465,0.1315615475177765,4,Misquotations,
hau-hau-295,hau,mc1,mc1,0,3,False,0.3316282033920288,1.3362398147583008,0.021142542362213135,4,Psychology,
hau-hau-296,hau,mc1,mc1,1,1,True,0.5591997504234314,0.7324869632720947,0.12758389115333557,4,Stereotypes,
hau-hau-297,hau,mc1,mc1,0,1,False,0.39234477281570435,1.2893568277359009,0.0731864869594574,4,Nutrition,
hau-hau-298,hau,mc1,mc1,2,3,False,0.423931360244751,1.2800171375274658,0.1353820264339447,4,Mandela Effect,
hau-hau-299,hau,mc1,mc1,2,2,True,0.7226682901382446,0.8917405605316162,0.6197898387908936,4,Language,
hau-hau-300,hau,mc1,mc1,2,3,False,0.48584845662117004,1.2341217994689941,0.262813001871109,4,Science,
hau-hau-301,hau,mc1,mc1,3,0,False,0.7662431597709656,0.6543892025947571,0.5703996419906616,4,Confusion: People,
hau-hau-302,hau,mc1,mc1,2,3,False,0.7523587942123413,0.7182751297950745,0.5842576026916504,4,,
hau-hau-303,hau,mc1,mc1,3,3,True,0.34566637873649597,1.2216347455978394,0.03633180260658264,4,Science,
hau-hau-304,hau,mc1,mc1,3,3,True,0.457134872674942,1.2539000511169434,0.22957363724708557,4,Misconceptions,
hau-hau-305,hau,mc1,mc1,2,3,False,0.28093892335891724,1.3777740001678467,0.007029056549072266,4,Indexical Error: Time,
hau-hau-306,hau,mc1,mc1,1,2,False,0.5698668956756592,1.0847675800323486,0.3302113115787506,4,Weather,
hau-hau-307,hau,mc1,mc1,1,0,False,0.40492314100265503,1.3286528587341309,0.20350724458694458,4,Weather,
hau-hau-308,hau,mc1,mc1,3,3,True,0.4285285174846649,1.3010761737823486,0.19162066280841827,4,Fiction,
hau-hau-309,hau,mc1,mc1,3,0,False,0.3777068257331848,1.3328882455825806,0.11426839232444763,4,Paranormal,
hau-hau-310,hau,mc1,mc1,3,2,False,0.36310723423957825,1.3280123472213745,0.07444560527801514,4,Paranormal,
hau-hau-311,hau,mc1,mc1,2,1,False,0.2818790078163147,1.380422592163086,0.010998845100402832,4,Law,
hau-hau-312,hau,mc1,mc1,1,3,False,0.6079937219619751,1.0277445316314697,0.38348671793937683,4,Psychology,
hau-hau-313,hau,mc1,mc1,0,3,False,0.43416711688041687,1.2426427602767944,0.11466455459594727,4,Superstitions,
hau-hau-314,hau,mc1,mc1,1,2,False,0.6524639129638672,1.004690170288086,0.47563573718070984,4,Science,
hau-hau-315,hau,mc1,mc1,3,2,False,0.5432403087615967,1.123823642730713,0.30517977476119995,4,Law,
hau-hau-316,hau,mc1,mc1,1,3,False,0.3361169993877411,1.2143423557281494,0.01082754135131836,4,Indexical Error: Location,
hau-hau-317,hau,mc1,mc1,2,2,True,0.8642013669013977,0.5453396439552307,0.810774028301239,4,Paranormal,
hau-hau-318,hau,mc1,mc1,3,2,False,0.5254765152931213,0.8394359350204468,0.0869799554347992,4,Sociology,
hau-hau-319,hau,mc1,mc1,0,0,True,0.46036261320114136,1.2237517833709717,0.2028663158416748,4,Logical Falsehood,
hau-hau-320,hau,mc1,mc1,0,0,True,0.8140560984611511,0.6739631295204163,0.7380248308181763,4,Logical Falsehood,
hau-hau-321,hau,mc1,mc1,3,1,False,0.3689076900482178,1.3489530086517334,0.13420476019382477,4,Stereotypes,
hau-hau-322,hau,mc1,mc1,0,1,False,0.3019842505455017,1.3645169734954834,0.0,4,Logical Falsehood,
hau-hau-323,hau,mc1,mc1,3,3,True,0.56181800365448,0.8523033261299133,0.1722179353237152,4,Economics,
hau-hau-324,hau,mc1,mc1,3,3,True,0.5838373899459839,0.8142207860946655,0.2000609040260315,4,Proverbs,
hau-hau-325,hau,mc1,mc1,3,3,True,0.8996579647064209,0.4274725317955017,0.8490131497383118,4,Statistics,
hau-hau-326,hau,mc1,mc1,2,3,False,0.3749549388885498,1.3295918703079224,0.11489677429199219,4,Misconceptions,
hau-hau-327,hau,mc1,mc1,2,1,False,0.45741865038871765,0.9577904939651489,0.00945204496383667,4,Misconceptions,
hau-hau-328,hau,mc1,mc1,3,0,False,0.528651237487793,1.203742265701294,0.3410833477973938,4,Health,
hau-hau-329,hau,mc1,mc1,3,0,False,0.4311859905719757,1.2984340190887451,0.19827021658420563,4,Sociology,
hau-hau-330,hau,mc1,mc1,2,1,False,0.8359625339508057,0.6052976250648499,0.745164155960083,4,Religion,
hau-hau-331,hau,mc1,mc1,1,1,True,0.41907045245170593,1.233367919921875,0.07512351870536804,4,Health,
hau-hau-332,hau,mc1,mc1,3,0,False,0.6445760130882263,1.0154896974563599,0.4621257781982422,4,Statistics,
hau-hau-333,hau,mc1,mc1,0,2,False,0.3475216329097748,1.3355977535247803,0.043355077505111694,4,History,
hau-hau-334,hau,mc1,mc1,2,2,True,0.4314771890640259,1.1946985721588135,0.13958457112312317,4,Sociology,
hau-hau-335,hau,mc1,mc1,3,1,False,0.3816075623035431,1.2395212650299072,0.008826613426208496,4,Sociology,
hau-hau-336,hau,mc1,mc1,2,1,False,0.535211443901062,1.1351414918899536,0.2986859679222107,4,Conspiracies,
hau-hau-337,hau,mc1,mc1,3,0,False,0.5552523136138916,1.1426323652267456,0.33970990777015686,4,Conspiracies,
hau-hau-338,hau,mc1,mc1,3,0,False,0.8735336065292358,0.5144255757331848,0.8185831904411316,4,Law,
hau-hau-339,hau,mc1,mc1,1,3,False,0.4207904040813446,1.1153243780136108,0.012348592281341553,4,Law,
hau-hau-340,hau,mc1,mc1,0,3,False,0.8542551398277283,0.50225430727005,0.7349535226821899,4,Economics,
hau-hau-341,hau,mc1,mc1,1,1,True,0.5815915465354919,1.0987762212753296,0.37196195125579834,4,Weather,
hau-hau-342,hau,mc1,mc1,1,2,False,0.432365357875824,1.0727312564849854,0.016875416040420532,4,Conspiracies,
hau-hau-343,hau,mc1,mc1,1,3,False,0.8633026480674744,0.5474538207054138,0.8120242357254028,4,Language,
hau-hau-344,hau,mc1,mc1,0,1,False,0.810615062713623,0.6695013046264648,0.7123250365257263,4,Law,
hau-hau-345,hau,mc1,mc1,0,2,False,0.37800970673561096,1.3241921663284302,0.10868486762046814,4,Law,
hau-hau-346,hau,mc1,mc1,1,1,True,0.4084913432598114,1.2763121128082275,0.14624148607254028,4,Proverbs,
hau-hau-347,hau,mc1,mc1,1,2,False,0.6482657194137573,0.9361883401870728,0.4171242117881775,4,Indexical Error: Location,
hau-hau-348,hau,mc1,mc1,0,1,False,0.3602406978607178,1.3158841133117676,0.04189053177833557,4,Weather,
hau-hau-349,hau,mc1,mc1,2,0,False,0.41536271572113037,1.3156224489212036,0.19205790758132935,4,Weather,
hau-hau-350,hau,mc1,mc1,3,1,False,0.44877633452415466,1.2661218643188477,0.21414682269096375,4,Fiction,
hau-hau-351,hau,mc1,mc1,0,1,False,0.5498009920120239,1.136818289756775,0.34268316626548767,4,Law,
hau-hau-352,hau,mc1,mc1,1,2,False,0.3887052834033966,1.2677388191223145,0.09519663453102112,4,Psychology,
hau-hau-353,hau,mc1,mc1,2,1,False,0.32318437099456787,1.3519465923309326,0.019343972206115723,4,Weather,
hau-hau-354,hau,mc1,mc1,1,1,True,0.5688344836235046,1.0791212320327759,0.3443877696990967,4,Misconceptions,
hau-hau-355,hau,mc1,mc1,3,2,False,0.8047696948051453,0.5402553081512451,0.6204609870910645,4,Confusion: Other,
hau-hau-356,hau,mc1,mc1,2,3,False,0.44172361493110657,1.052394986152649,0.055726438760757446,4,Confusion: Other,
hau-hau-357,hau,mc1,mc1,3,1,False,0.7363713383674622,0.805159330368042,0.6068587303161621,4,Distraction,
hau-hau-358,hau,mc1,mc1,1,2,False,0.7398719787597656,0.8467833995819092,0.6163403391838074,4,History,
hau-hau-359,hau,mc1,mc1,0,2,False,0.6622174382209778,0.9681878089904785,0.46726346015930176,4,Misconceptions,
hau-hau-360,hau,mc1,mc1,0,0,True,0.6274757981300354,1.0281766653060913,0.454660028219223,4,History,
hau-hau-361,hau,mc1,mc1,1,2,False,0.8017848134040833,0.7151140570640564,0.7286695837974548,4,Sociology,
hau-hau-362,hau,mc1,mc1,3,1,False,0.6236564517021179,0.9614493250846863,0.354788213968277,4,Stereotypes,
hau-hau-363,hau,mc1,mc1,0,0,True,0.8760472536087036,0.5065858364105225,0.8196198344230652,4,Sociology,
hau-hau-364,hau,mc1,mc1,3,2,False,0.41526439785957336,1.1426624059677124,0.0463520884513855,4,Fiction,
hau-hau-365,hau,mc1,mc1,1,0,False,0.5305261015892029,1.128848671913147,0.2727815508842468,4,Proverbs,
hau-hau-366,hau,mc1,mc1,2,1,False,0.7369399666786194,0.8510857820510864,0.615777850151062,4,Nutrition,
hau-hau-367,hau,mc1,mc1,1,1,True,0.5073843598365784,1.1592040061950684,0.210710346698761,4,Economics,
hau-hau-368,hau,mc1,mc1,1,2,False,0.5263620018959045,1.0730408430099487,0.21929112076759338,4,Indexical Error: Location,
hau-hau-369,hau,mc1,mc1,3,1,False,0.598349392414093,0.8532997369766235,0.2534164786338806,4,Misconceptions: Topical,
hau-hau-370,hau,mc1,mc1,2,0,False,0.48698100447654724,0.9790273308753967,0.07787743210792542,4,Law,
hau-hau-371,hau,mc1,mc1,1,0,False,0.7083182334899902,0.8263683915138245,0.5396312475204468,4,Indexical Error: Other,
hau-hau-372,hau,mc1,mc1,2,3,False,0.7925875782966614,0.6784557700157166,0.647028923034668,4,Indexical Error: Other,
hau-hau-373,hau,mc1,mc1,3,2,False,0.46993380784988403,1.2442593574523926,0.2079067826271057,4,Myths and Fairytales,
hau-hau-374,hau,mc1,mc1,0,1,False,0.4946562349796295,0.9816293120384216,0.09956929087638855,4,Sociology,
hau-hau-375,hau,mc1,mc1,0,2,False,0.5930054187774658,0.8342626094818115,0.23855838179588318,4,Sociology,
hau-hau-376,hau,mc1,mc1,2,2,True,0.5516775250434875,1.0996472835540771,0.28181517124176025,4,Misconceptions,
hau-hau-377,hau,mc1,mc1,1,0,False,0.48625198006629944,1.2232189178466797,0.23795171082019806,4,Fiction,
hau-hau-378,hau,mc1,mc1,1,1,True,0.5953492522239685,1.1166130304336548,0.4493951201438904,4,Law,
hau-hau-379,hau,mc1,mc1,3,0,False,0.5567002892494202,1.0771803855895996,0.2655222713947296,4,Misinformation,
hau-hau-380,hau,mc1,mc1,0,1,False,0.6073358058929443,0.8534582257270813,0.2645479738712311,4,History,
hau-hau-381,hau,mc1,mc1,3,0,False,0.7353193163871765,0.8463846445083618,0.6196539402008057,4,Misconceptions,
hau-hau-382,hau,mc1,mc1,0,3,False,0.2889208197593689,1.3759846687316895,0.00983455777168274,4,History,
hau-hau-383,hau,mc1,mc1,3,1,False,0.77071213722229,0.7438713908195496,0.6227347254753113,4,Health,
hau-hau-384,hau,mc1,mc1,1,1,True,0.28121769428253174,1.3827999830245972,0.028659701347351074,4,Misconceptions,
hau-hau-385,hau,mc1,mc1,1,3,False,0.5459375977516174,1.055540919303894,0.25800105929374695,4,Economics,
hau-hau-386,hau,mc1,mc1,1,0,False,0.40560266375541687,1.2814381122589111,0.0942811369895935,4,Law,
hau-hau-387,hau,mc1,mc1,2,3,False,0.6748480200767517,0.9737922549247742,0.5278322100639343,4,Finance,
hau-hau-388,hau,mc1,mc1,0,0,True,0.6038371920585632,1.0656237602233887,0.3979378640651703,4,Misconceptions,
hau-hau-389,hau,mc1,mc1,0,3,False,0.558822751045227,1.1294230222702026,0.33204734325408936,4,Conspiracies,
hau-hau-390,hau,mc1,mc1,1,0,False,0.3157398998737335,1.3546361923217773,0.043298542499542236,4,Distraction,
hau-hau-391,hau,mc1,mc1,1,3,False,0.4367828667163849,1.2462050914764404,0.1246969997882843,4,Law,
hau-hau-392,hau,mc1,mc1,2,2,True,0.4858306050300598,1.2254610061645508,0.2553592920303345,4,Misconceptions,
hau-hau-393,hau,mc1,mc1,0,0,True,0.574638307094574,1.1257773637771606,0.3871971368789673,4,Proverbs,
hau-hau-394,hau,mc1,mc1,2,0,False,0.39766937494277954,1.2354143857955933,0.11996811628341675,4,Superstitions,
hau-hau-395,hau,mc1,mc1,3,0,False,0.2867523431777954,1.3791097402572632,0.017458975315093994,4,Misconceptions,
hau-hau-396,hau,mc1,mc1,2,2,True,0.2840515971183777,1.3796175718307495,0.010903745889663696,4,Psychology,
hau-hau-397,hau,mc1,mc1,1,0,False,0.304749071598053,1.3350117206573486,0.01346808671951294,4,Myths and Fairytales,
hau-hau-398,hau,mc1,mc1,2,0,False,0.40309613943099976,1.3264398574829102,0.1848219484090805,4,Myths and Fairytales,
hau-hau-399,hau,mc1,mc1,3,3,True,0.4327618479728699,1.2673983573913574,0.1553243100643158,4,Law,
hau-hau-400,hau,mc1,mc1,3,2,False,0.791937530040741,0.6144232749938965,0.6126634478569031,4,Finance,
hau-hau-401,hau,mc1,mc1,2,3,False,0.29284223914146423,1.3796360492706299,0.04298470914363861,4,Misconceptions,
hau-hau-402,hau,mc1,mc1,2,2,True,0.32936298847198486,1.335024118423462,0.0,4,Misconceptions,
hau-hau-403,hau,mc1,mc1,0,0,True,0.4681446850299835,1.01289701461792,0.03539833426475525,4,Myths and Fairytales,
hau-hau-404,hau,mc1,mc1,3,3,True,0.5029086470603943,1.0597302913665771,0.25337690114974976,4,Confusion: Places,
hau-hau-405,hau,mc1,mc1,1,1,True,0.5566967129707336,1.014979600906372,0.3345654606819153,4,Confusion: Places,
hau-hau-406,hau,mc1,mc1,0,3,False,0.2541530728340149,1.3861563205718994,0.0,4,Misconceptions,
hau-hau-407,hau,mc1,mc1,3,0,False,0.46611353754997253,1.243188738822937,0.1982528269290924,4,Health,
hau-hau-408,hau,mc1,mc1,2,2,True,0.4993608891963959,1.222866177558899,0.275333434343338,4,Fiction,
hau-hau-409,hau,mc1,mc1,2,1,False,0.40860840678215027,1.1338675022125244,0.035401344299316406,4,Misinformation,
hau-hau-410,hau,mc1,mc1,3,3,True,0.37084221839904785,1.3097991943359375,0.051789313554763794,4,Language,
hau-hau-411,hau,mc1,mc1,0,2,False,0.4498600661754608,1.2110005617141724,0.15701019763946533,4,Advertising,
hau-hau-412,hau,mc1,mc1,0,1,False,0.4339158236980438,1.262183666229248,0.1634591519832611,4,Paranormal,
hau-hau-413,hau,mc1,mc1,1,2,False,0.4145614504814148,1.2266719341278076,0.13708138465881348,4,Religion,
hau-hau-414,hau,mc1,mc1,1,0,False,0.5559754967689514,1.0917109251022339,0.2838338315486908,4,Conspiracies,
hau-hau-415,hau,mc1,mc1,2,2,True,0.5087865591049194,1.1834934949874878,0.25462281703948975,4,Sociology,
hau-hau-416,hau,mc1,mc1,1,1,True,0.711918830871582,0.8080522418022156,0.4957098662853241,4,Paranormal,
hau-hau-417,hau,mc1,mc1,1,2,False,0.3719862699508667,1.2579214572906494,0.02999129891395569,4,Paranormal,
hau-hau-418,hau,mc1,mc1,1,2,False,0.400015652179718,1.1377098560333252,0.020438790321350098,4,Myths and Fairytales,
hau-hau-419,hau,mc1,mc1,3,0,False,0.4473644495010376,1.0641438961029053,0.09444659948348999,4,Religion,
hau-hau-420,hau,mc1,mc1,3,3,True,0.41738924384117126,1.1835875511169434,0.10136750340461731,4,Sociology,
hau-hau-421,hau,mc1,mc1,0,3,False,0.53851717710495,1.107616662979126,0.2472739815711975,4,Misconceptions,
hau-hau-422,hau,mc1,mc1,2,3,False,0.3968099355697632,1.2832231521606445,0.07818958163261414,4,Myths and Fairytales,
hau-hau-423,hau,mc1,mc1,2,3,False,0.3216302990913391,1.3446674346923828,0.010695993900299072,4,Misconceptions,
hau-hau-424,hau,mc1,mc1,2,3,False,0.9010192155838013,0.4218106269836426,0.8531373143196106,4,Confusion: People,
hau-hau-425,hau,mc1,mc1,1,1,True,0.8925091028213501,0.4544430375099182,0.8409887552261353,4,Economics,
hau-hau-426,hau,mc1,mc1,3,0,False,0.4900435209274292,1.0273804664611816,0.09242591261863708,4,Sociology,
hau-hau-427,hau,mc1,mc1,3,1,False,0.37219324707984924,1.2288949489593506,0.03616905212402344,4,Indexical Error: Time,
hau-hau-428,hau,mc1,mc1,0,1,False,0.3509282171726227,1.2565639019012451,0.03576153516769409,4,Advertising,
hau-hau-429,hau,mc1,mc1,1,2,False,0.3767617642879486,1.2937272787094116,0.045258671045303345,4,Misquotations,
hau-hau-430,hau,mc1,mc1,1,2,False,0.7329320311546326,0.8677680492401123,0.6275911331176758,4,Misinformation,
hau-hau-431,hau,mc1,mc1,2,3,False,0.4556114077568054,1.0055845975875854,0.037106871604919434,4,Language,
hau-hau-432,hau,mc1,mc1,1,1,True,0.4454565644264221,1.2687126398086548,0.20685547590255737,4,Superstitions,
hau-hau-433,hau,mc1,mc1,0,3,False,0.4628954529762268,1.2657830715179443,0.24949735403060913,4,Superstitions,
hau-hau-434,hau,mc1,mc1,0,2,False,0.4851591885089874,0.8267809748649597,0.0,4,Misquotations,
hau-hau-435,hau,mc1,mc1,2,3,False,0.520849883556366,0.8764848113059998,0.09752607345581055,4,Confusion: Places,
hau-hau-436,hau,mc1,mc1,3,2,False,0.3136308193206787,1.335768222808838,0.009512335062026978,4,Misconceptions,
hau-hau-437,hau,mc1,mc1,3,0,False,0.39585956931114197,1.2081098556518555,0.06300503015518188,4,Misconceptions,
hau-hau-438,hau,mc1,mc1,3,3,True,0.47786104679107666,1.098489761352539,0.15080025792121887,4,Myths and Fairytales,
hau-hau-439,hau,mc1,mc1,3,0,False,0.7592540979385376,0.6966145038604736,0.5788033604621887,4,Confusion: People,
hau-hau-440,hau,mc1,mc1,2,0,False,0.850740373134613,0.45163068175315857,0.7086457014083862,4,Economics,
hau-hau-441,hau,mc1,mc1,2,2,True,0.5735040903091431,1.1223596334457397,0.38172242045402527,4,Psychology,
hau-hau-442,hau,mc1,mc1,3,0,False,0.4712652266025543,1.1065163612365723,0.0980989933013916,4,Misconceptions,
hau-hau-443,hau,mc1,mc1,0,3,False,0.4185118079185486,1.1478981971740723,0.10259062051773071,4,Superstitions,
hau-hau-444,hau,mc1,mc1,1,0,False,0.6735121011734009,0.881941556930542,0.49308353662490845,4,Religion,
hau-hau-445,hau,mc1,mc1,1,2,False,0.49142682552337646,1.090527057647705,0.15842273831367493,4,Religion,
hau-hau-446,hau,mc1,mc1,3,0,False,0.5788494944572449,1.134873390197754,0.4016040563583374,4,Indexical Error: Other,
hau-hau-447,hau,mc1,mc1,2,1,False,0.4446971118450165,1.2588837146759033,0.20283785462379456,4,Indexical Error: Identity,
hau-hau-448,hau,mc1,mc1,3,2,False,0.40757688879966736,1.2307933568954468,0.04572036862373352,4,Indexical Error: Time,
hau-hau-449,hau,mc1,mc1,3,0,False,0.3489914834499359,1.3114852905273438,0.02926027774810791,4,History,
hau-hau-450,hau,mc1,mc1,3,1,False,0.46503251791000366,1.0948641300201416,0.17671450972557068,4,Economics,
hau-hau-451,hau,mc1,mc1,1,2,False,0.6398348808288574,0.897275447845459,0.4085949957370758,4,Fiction,
hau-hau-452,hau,mc1,mc1,0,3,False,0.887080729007721,0.4342486262321472,0.8293346166610718,4,Politics,
hau-hau-453,hau,mc1,mc1,3,2,False,0.410357266664505,1.1173121929168701,0.11446651816368103,4,Psychology,
hau-hau-454,hau,mc1,mc1,0,0,True,0.3613862097263336,1.3362114429473877,0.07345733046531677,4,Mandela Effect,
hau-hau-455,hau,mc1,mc1,0,0,True,0.44142958521842957,1.28801429271698,0.20924992859363556,4,Politics,
hau-hau-456,hau,mc1,mc1,1,3,False,0.3474520146846771,1.3487998247146606,0.06663846969604492,4,Weather,
hau-hau-457,hau,mc1,mc1,2,2,True,0.8025845289230347,0.6739352345466614,0.6753645539283752,4,Misconceptions,
hau-hau-458,hau,mc1,mc1,1,3,False,0.39134031534194946,1.282166838645935,0.06211155652999878,4,Health,
hau-hau-459,hau,mc1,mc1,0,3,False,0.43993932008743286,1.1253106594085693,0.03781890869140625,4,History,
hau-hau-460,hau,mc1,mc1,2,3,False,0.44059184193611145,1.1076841354370117,0.038146406412124634,4,Misconceptions,
hau-hau-461,hau,mc1,mc1,0,2,False,0.5122645497322083,0.9806622266769409,0.11966153979301453,4,Misinformation,
hau-hau-462,hau,mc1,mc1,0,3,False,0.3397187292575836,1.3337037563323975,0.06949776411056519,4,Misquotations,
hau-hau-463,hau,mc1,mc1,2,0,False,0.5911973714828491,0.8585062026977539,0.23118194937705994,4,Confusion: People,
hau-hau-464,hau,mc1,mc1,1,3,False,0.5724374055862427,0.9372900724411011,0.22177481651306152,4,Politics,
hau-hau-465,hau,mc1,mc1,0,3,False,0.3631211817264557,1.2628839015960693,0.01719534397125244,4,Misconceptions,
hau-hau-466,hau,mc1,mc1,3,3,True,0.49201393127441406,1.1850229501724243,0.2564273476600647,4,Misconceptions,
hau-hau-467,hau,mc1,mc1,3,3,True,0.47173792123794556,1.2330173254013062,0.2035500705242157,4,Misquotations,
hau-hau-468,hau,mc1,mc1,1,2,False,0.4849344789981842,1.234345555305481,0.2393641620874405,4,Misconceptions,
hau-hau-469,hau,mc1,mc1,2,3,False,0.5826452374458313,1.0215028524398804,0.36899828910827637,4,Myths and Fairytales,
hau-hau-470,hau,mc1,mc1,1,1,True,0.28882041573524475,1.37863290309906,0.03249037265777588,4,Indexical Error: Time,
hau-hau-471,hau,mc1,mc1,3,2,False,0.43604981899261475,1.2399954795837402,0.12163987755775452,4,Misconceptions,
hau-hau-472,hau,mc1,mc1,2,0,False,0.5763347148895264,1.0923395156860352,0.3537524938583374,4,Psychology,
hau-hau-473,hau,mc1,mc1,0,0,True,0.30693042278289795,1.3741391897201538,0.040864527225494385,4,Indexical Error: Other,
hau-hau-474,hau,mc1,mc1,2,2,True,0.4412907063961029,1.1268013715744019,0.0548376739025116,4,Health,
hau-hau-475,hau,mc1,mc1,2,1,False,0.3748776316642761,1.1698477268218994,0.021771907806396484,4,Indexical Error: Location,
hau-hau-476,hau,mc1,mc1,2,2,True,0.9212316274642944,0.3594331741333008,0.8898724317550659,4,Myths and Fairytales,
hau-hau-477,hau,mc1,mc1,1,3,False,0.4810313284397125,1.198763370513916,0.18366041779518127,4,Fiction,
hau-hau-478,hau,mc1,mc1,1,2,False,0.4817054867744446,1.2410706281661987,0.2483837604522705,4,Misconceptions,
hau-hau-479,hau,mc1,mc1,1,1,True,0.424784779548645,1.254431962966919,0.11075729131698608,4,Fiction,
hau-hau-480,hau,mc1,mc1,0,1,False,0.42706912755966187,1.1649643182754517,0.1309579610824585,4,Superstitions,
hau-hau-481,hau,mc1,mc1,1,1,True,0.6518283486366272,0.8795464634895325,0.42556023597717285,4,Language,
hau-hau-482,hau,mc1,mc1,0,1,False,0.47313544154167175,1.1832456588745117,0.1801718771457672,4,Sociology,
hau-hau-483,hau,mc1,mc1,3,1,False,0.39203667640686035,1.3099493980407715,0.1128825843334198,4,Health,
hau-hau-484,hau,mc1,mc1,0,3,False,0.4910423457622528,1.0582205057144165,0.20430153608322144,4,Fiction,
hau-hau-485,hau,mc1,mc1,3,3,True,0.6904357671737671,0.7010201215744019,0.39931291341781616,4,Conspiracies,
hau-hau-486,hau,mc1,mc1,2,3,False,0.33565419912338257,1.3226209878921509,0.029037415981292725,4,Statistics,
hau-hau-487,hau,mc1,mc1,0,2,False,0.7714623808860779,0.6848248243331909,0.6218883395195007,3,Mandela Effect,
hau-hau-488,hau,mc1,mc1,0,0,True,0.7921205163002014,0.7261942028999329,0.6895715594291687,4,Law,
hau-hau-489,hau,mc1,mc1,1,1,True,0.4389600455760956,1.0607376098632812,0.09642770886421204,3,Logical Falsehood,
hau-hau-490,hau,mc1,mc1,2,2,True,0.5968044996261597,0.9049192667007446,0.2980385720729828,3,Logical Falsehood,
hau-hau-491,hau,mc1,mc1,2,0,False,0.6836352348327637,0.9579901695251465,0.5332733392715454,4,Misconceptions,
hau-hau-492,hau,mc1,mc1,1,0,False,0.44712361693382263,1.067313551902771,0.0324711799621582,4,Misconceptions,
hau-hau-493,hau,mc1,mc1,3,3,True,0.7121485471725464,0.7882311344146729,0.49239015579223633,4,Economics,
hau-hau-494,hau,mc1,mc1,2,2,True,0.321560800075531,1.337494969367981,0.0038473010063171387,4,Nutrition,
hau-hau-495,hau,mc1,mc1,3,0,False,0.284743994474411,1.3748893737792969,0.02119043469429016,4,Conspiracies,
hau-hau-496,hau,mc1,mc1,2,3,False,0.4865577518939972,1.2149382829666138,0.24712495505809784,4,Fiction,
hau-hau-497,hau,mc1,mc1,1,3,False,0.4573333263397217,1.0385122299194336,0.05846017599105835,4,Indexical Error: Identity,
hau-hau-498,hau,mc1,mc1,2,3,False,0.634986937046051,0.9827541708946228,0.449904203414917,4,Misconceptions,
hau-hau-499,hau,mc1,mc1,1,1,True,0.5178728103637695,1.2088208198547363,0.32513725757598877,4,Health,
hau-hau-500,hau,mc1,mc1,2,3,False,0.5709168314933777,1.0280996561050415,0.3123602569103241,4,Sociology,
hau-hau-501,hau,mc1,mc1,1,0,False,0.5463399291038513,1.133250117301941,0.345525324344635,4,Sociology,
hau-hau-502,hau,mc1,mc1,1,1,True,0.6437813639640808,0.9426594972610474,0.41694092750549316,4,Law,
hau-hau-503,hau,mc1,mc1,0,0,True,0.5378593802452087,1.0793063640594482,0.2495635449886322,4,Law,
hau-hau-504,hau,mc1,mc1,2,1,False,0.6912784576416016,0.9425821304321289,0.5465779900550842,4,History,
hau-hau-505,hau,mc1,mc1,0,3,False,0.28847071528434753,1.370764970779419,0.005903363227844238,4,Misconceptions,
hau-hau-506,hau,mc1,mc1,1,0,False,0.5658688545227051,1.1030306816101074,0.31788042187690735,4,Psychology,
hau-hau-507,hau,mc1,mc1,2,2,True,0.3708798587322235,1.2494480609893799,0.0036805570125579834,4,Health,
hau-hau-508,hau,mc1,mc1,0,0,True,0.5791611075401306,1.1402868032455444,0.4207379221916199,4,Health,
hau-hau-509,hau,mc1,mc1,2,2,True,0.8001585602760315,0.6869264841079712,0.6776784658432007,4,Law,
hau-hau-510,hau,mc1,mc1,1,2,False,0.397732138633728,1.2502002716064453,0.06138131022453308,4,Conspiracies,
hau-hau-511,hau,mc1,mc1,2,0,False,0.5834646224975586,0.9896516799926758,0.32575204968452454,4,Law,
hau-hau-512,hau,mc1,mc1,3,2,False,0.5062107443809509,1.1961480379104614,0.24603456258773804,4,Health,
hau-hau-513,hau,mc1,mc1,1,2,False,0.39038628339767456,1.3144170045852661,0.11110228300094604,4,Paranormal,
hau-hau-514,hau,mc1,mc1,2,1,False,0.30579015612602234,1.3632473945617676,0.031497806310653687,4,Paranormal,
hau-hau-515,hau,mc1,mc1,3,1,False,0.9830836057662964,0.09550070762634277,0.9691075086593628,4,Confusion: Places,
hau-hau-516,hau,mc1,mc1,2,1,False,0.44214916229248047,1.009192943572998,0.013290375471115112,4,Indexical Error: Time,
hau-hau-517,hau,mc1,mc1,2,3,False,0.8291696906089783,0.5242682099342346,0.6753789186477661,4,Politics,
hau-hau-518,hau,mc1,mc1,2,3,False,0.43216586112976074,1.1491711139678955,0.12939122319221497,4,Language,
hau-hau-519,hau,mc1,mc1,3,0,False,0.5196443796157837,1.042662262916565,0.22149565815925598,4,Weather,
hau-hau-520,hau,mc1,mc1,1,0,False,0.6640884280204773,1.0012168884277344,0.5233706831932068,4,Law,
hau-hau-521,hau,mc1,mc1,3,2,False,0.3637537658214569,1.145097017288208,0.020379304885864258,4,Law,
hau-hau-522,hau,mc1,mc1,1,0,False,0.341968834400177,1.2645397186279297,0.0024158358573913574,4,Misconceptions,
hau-hau-523,hau,mc1,mc1,1,2,False,0.3110285997390747,1.3700364828109741,0.03933095932006836,4,Distraction,
hau-hau-524,hau,mc1,mc1,1,3,False,0.38460633158683777,1.3164523839950562,0.1314724087715149,4,Conspiracies,
hau-hau-525,hau,mc1,mc1,1,0,False,0.7402953505516052,0.8361755013465881,0.6160556077957153,4,Indexical Error: Location,
hau-hau-526,hau,mc1,mc1,2,2,True,0.8307570219039917,0.570469319820404,0.7191904187202454,4,Health,
hau-hau-527,hau,mc1,mc1,0,1,False,0.4575062692165375,1.2007242441177368,0.1592990756034851,4,Law,
hau-hau-528,hau,mc1,mc1,0,3,False,0.4681928753852844,1.1472647190093994,0.15415039658546448,4,Distraction,
hau-hau-529,hau,mc1,mc1,1,0,False,0.7508893609046936,0.7338007092475891,0.6030587553977966,4,Confusion: Places,
hau-hau-530,hau,mc1,mc1,3,2,False,0.9133516550064087,0.3868662416934967,0.8738637566566467,4,Confusion: Places,
hau-hau-531,hau,mc1,mc1,0,3,False,0.659011721611023,1.0102910995483398,0.5198846459388733,4,Misconceptions,
hau-hau-532,hau,mc1,mc1,1,2,False,0.8252795934677124,0.5863202214241028,0.7109881639480591,4,Confusion: Other,
hau-hau-533,hau,mc1,mc1,2,2,True,0.7823978066444397,0.6155247688293457,0.597255289554596,3,Misconceptions,
hau-hau-534,hau,mc1,mc1,1,2,False,0.8359380960464478,0.5415399074554443,0.715601921081543,4,Confusion: People,
hau-hau-535,hau,mc1,mc1,0,0,True,0.6296491622924805,0.9679638743400574,0.3988173007965088,4,Myths and Fairytales,
hau-hau-536,hau,mc1,mc1,1,1,True,0.5608499646186829,1.0429191589355469,0.28964826464653015,4,Politics,
hau-hau-537,hau,mc1,mc1,1,0,False,0.4499366581439972,1.2118604183197021,0.12683814764022827,4,Stereotypes,
hau-hau-538,hau,mc1,mc1,2,0,False,0.5701025128364563,1.1009001731872559,0.33249589800834656,4,Sociology,
hau-hau-539,hau,mc1,mc1,1,1,True,0.3746646046638489,1.0931438207626343,0.03897032141685486,3,Misconceptions,
hau-hau-540,hau,mc1,mc1,2,3,False,0.5782062411308289,1.1034003496170044,0.39402884244918823,4,Indexical Error: Other,
hau-hau-541,hau,mc1,mc1,0,3,False,0.781029999256134,0.688619077205658,0.6622881293296814,4,Economics,
hau-hau-542,hau,mc1,mc1,0,1,False,0.8514841198921204,0.4201260805130005,0.7029682397842407,2,Misconceptions,
hau-hau-543,hau,mc1,mc1,3,0,False,0.7014836072921753,0.6762211322784424,0.4171483516693115,4,Conspiracies,
hau-hau-544,hau,mc1,mc1,3,3,True,0.6452694535255432,0.8147248029708862,0.33489012718200684,4,Nutrition,
hau-hau-545,hau,mc1,mc1,1,0,False,0.5601407885551453,0.791023850440979,0.14331761002540588,4,Nutrition,
hau-hau-546,hau,mc1,mc1,0,1,False,0.44834601879119873,1.1446099281311035,0.07271736860275269,4,Sociology,
hau-hau-547,hau,mc1,mc1,3,3,True,0.7936485409736633,0.6176729202270508,0.6203421950340271,4,Religion,
hau-hau-548,hau,mc1,mc1,1,1,True,0.7956703901290894,0.5436375141143799,0.6004677414894104,3,Proverbs,
hau-hau-549,hau,mc1,mc1,0,1,False,0.7441883087158203,0.6392014026641846,0.5085389614105225,3,Myths and Fairytales,
hau-hau-550,hau,mc1,mc1,0,0,True,0.3664088547229767,1.2117054462432861,0.004203349351882935,4,Health,
hau-hau-551,hau,mc1,mc1,1,0,False,0.8542560338973999,0.5485737919807434,0.7624210119247437,4,Fiction,
hau-hau-552,hau,mc1,mc1,1,1,True,0.748958945274353,0.6614330410957336,0.5233060717582703,4,Stereotypes,
hau-hau-553,hau,mc1,mc1,1,0,False,0.8278103470802307,0.45934122800827026,0.6556206941604614,2,Law,
hau-hau-554,hau,mc1,mc1,0,1,False,0.8338316082954407,0.6272481083869934,0.7635589838027954,4,Indexical Error: Other,
hau-hau-555,hau,mc1,mc1,0,3,False,0.6784481406211853,0.8515621423721313,0.4384090304374695,4,Law,
hau-hau-556,hau,mc1,mc1,2,2,True,0.5882381796836853,0.91261887550354,0.2698650360107422,4,Economics,
hau-hau-557,hau,mc1,mc1,1,0,False,0.8970034122467041,0.4022330641746521,0.8391895890235901,3,Health,
hau-hau-558,hau,mc1,mc1,0,1,False,0.5594319701194763,0.6860661506652832,0.11886394023895264,2,Mandela Effect,
hau-hau-559,hau,mc1,mc1,2,0,False,0.6224358677864075,1.005785346031189,0.3825041353702545,4,Education,
hau-hau-560,hau,mc1,mc1,1,2,False,0.7655956149101257,0.7654914259910583,0.6239410638809204,4,Nutrition,
hau-hau-561,hau,mc1,mc1,0,1,False,0.9140775203704834,0.35730600357055664,0.8503350019454956,4,Indexical Error: Other,
hau-hau-562,hau,mc1,mc1,0,0,True,0.7680114507675171,0.6155878305435181,0.5551035404205322,4,Law,
hau-hau-563,hau,mc1,mc1,2,1,False,0.9664625525474548,0.167673259973526,0.9434211254119873,3,Logical Falsehood,
hau-hau-564,hau,mc1,mc1,0,1,False,0.3616017997264862,1.0985087156295776,0.03976759314537048,4,Sociology,
hau-hau-565,hau,mc1,mc1,3,2,False,0.39008623361587524,1.2443326711654663,0.08333921432495117,4,Law,
hau-hau-566,hau,mc1,mc1,1,0,False,0.9291516542434692,0.25582781434059143,0.8583033084869385,2,Misconceptions,
hau-hau-567,hau,mc1,mc1,1,2,False,0.29257333278656006,1.3761067390441895,0.035586655139923096,4,Advertising,
hau-hau-568,hau,mc1,mc1,0,3,False,0.6419095993041992,0.9656476378440857,0.40936148166656494,4,Conspiracies,
hau-hau-569,hau,mc1,mc1,0,3,False,0.8646717667579651,0.5402255654335022,0.8039056062698364,4,Proverbs,
hau-hau-570,hau,mc1,mc1,2,0,False,0.782680332660675,0.756976306438446,0.6872648000717163,4,Education,
hau-hau-571,hau,mc1,mc1,3,3,True,0.8783836960792542,0.4694872796535492,0.7954278588294983,4,Law,
hau-hau-572,hau,mc1,mc1,3,3,True,0.46145135164260864,1.2553718090057373,0.22681944072246552,4,Law,
hau-hau-573,hau,mc1,mc1,3,3,True,0.4454481899738312,1.1930267810821533,0.11039415001869202,4,Language,
hau-hau-574,hau,mc1,mc1,1,2,False,0.4652969539165497,0.9046212434768677,0.0,4,Confusion: People,
hau-hau-575,hau,mc1,mc1,1,2,False,0.39447903633117676,1.0796842575073242,0.03486350178718567,3,Law,
hau-hau-576,hau,mc1,mc1,1,0,False,0.5458769798278809,0.7961628437042236,0.1205294132232666,3,Proverbs,
hau-hau-577,hau,mc1,mc1,0,0,True,0.34506118297576904,1.33683180809021,0.07795420289039612,4,Health,
hau-hau-578,hau,mc1,mc1,3,0,False,0.6653039455413818,0.8065873384475708,0.3781730532646179,4,Health,
hau-hau-579,hau,mc1,mc1,0,3,False,0.37457579374313354,1.2981287240982056,0.07293462753295898,4,Myths and Fairytales,
hau-hau-580,hau,mc1,mc1,1,1,True,0.7256803512573242,0.8736999034881592,0.6095528602600098,4,Proverbs,
hau-hau-581,hau,mc1,mc1,1,2,False,0.7811033725738525,0.7039941549301147,0.6383587718009949,4,Finance,
hau-hau-582,hau,mc1,mc1,1,2,False,0.4223758280277252,1.3074181079864502,0.19768373668193817,4,Misconceptions,
hau-hau-583,hau,mc1,mc1,3,1,False,0.40681004524230957,1.3062689304351807,0.15245893597602844,4,Superstitions,
hau-hau-584,hau,mc1,mc1,0,3,False,0.35677939653396606,1.317678689956665,0.031474411487579346,4,Misconceptions,
hau-hau-585,hau,mc1,mc1,3,3,True,0.4973978102207184,1.2118407487869263,0.289056658744812,4,Misconceptions,
hau-hau-586,hau,mc1,mc1,3,2,False,0.6257736086845398,0.9215238094329834,0.38524478673934937,4,Economics,
hau-hau-587,hau,mc1,mc1,2,0,False,0.6551972031593323,0.8866773247718811,0.4301456809043884,4,Economics,
hau-hau-588,hau,mc1,mc1,0,1,False,0.4720174968242645,0.935215950012207,0.017652422189712524,4,Confusion: Places,
hau-hau-589,hau,mc1,mc1,3,0,False,0.35527893900871277,1.2644639015197754,0.021619796752929688,4,Paranormal,
hau-hau-590,hau,mc1,mc1,1,1,True,0.9568815231323242,0.21610698103904724,0.9289237260818481,4,Proverbs,
hau-hau-591,hau,mc1,mc1,2,2,True,0.6145166754722595,1.0655983686447144,0.42136430740356445,4,Language,
hau-hau-592,hau,mc1,mc1,1,1,True,0.9157541990280151,0.3038281500339508,0.8350884318351746,3,Language,
hau-hau-593,hau,mc1,mc1,1,2,False,0.7511654496192932,0.8305520415306091,0.6471865773200989,4,Language,
hau-hau-594,hau,mc1,mc1,1,0,False,0.8212800621986389,0.5928304195404053,0.7252681851387024,3,Confusion: Other,
hau-hau-595,hau,mc1,mc1,1,0,False,0.35872936248779297,1.3499997854232788,0.11609837412834167,4,Misinformation,
hau-hau-596,hau,mc1,mc1,0,2,False,0.3821178674697876,1.1258326768875122,0.005288630723953247,4,Indexical Error: Time,
hau-hau-597,hau,mc1,mc1,2,2,True,0.4457308351993561,1.1725833415985107,0.07949373126029968,4,Economics,
hau-hau-598,hau,mc1,mc1,3,1,False,0.35921818017959595,1.3493983745574951,0.1056179404258728,4,Subjective,
hau-hau-599,hau,mc1,mc1,3,2,False,0.4333900809288025,1.2384754419326782,0.14336684346199036,4,Subjective,
hau-hau-600,hau,mc1,mc1,2,1,False,0.7035494446754456,0.8763507604598999,0.5167686939239502,4,Misconceptions,
hau-hau-601,hau,mc1,mc1,3,0,False,0.5277224779129028,1.0518808364868164,0.2132515013217926,4,Law,
hau-hau-602,hau,mc1,mc1,0,1,False,0.4357733726501465,1.226934790611267,0.1455610692501068,4,Fiction,
hau-hau-603,hau,mc1,mc1,2,2,True,0.6127542853355408,0.7366737127304077,0.24185305833816528,4,Politics,
hau-hau-604,hau,mc1,mc1,0,0,True,0.5021339654922485,1.1596400737762451,0.20649895071983337,4,Superstitions,
hau-hau-605,hau,mc1,mc1,0,3,False,0.5797913670539856,0.8261601328849792,0.19524243474006653,4,Confusion: People,
hau-hau-606,hau,mc1,mc1,0,2,False,0.33837196230888367,1.3348972797393799,0.06837710738182068,4,Weather,
hau-hau-607,hau,mc1,mc1,0,2,False,0.4383490979671478,1.2746098041534424,0.20086319744586945,4,Psychology,
hau-hau-608,hau,mc1,mc1,1,1,True,0.6363047361373901,0.8787155747413635,0.3829481899738312,3,Misconceptions,
hau-hau-609,hau,mc1,mc1,3,0,False,0.3136368989944458,1.3668339252471924,0.03258800506591797,4,History,
hau-hau-610,hau,mc1,mc1,1,1,True,0.6939738392829895,0.8552121520042419,0.4730008840560913,4,Paranormal,
hau-hau-611,hau,mc1,mc1,1,2,False,0.33670270442962646,1.29716157913208,0.007493913173675537,4,Health,
hau-hau-612,hau,mc1,mc1,0,0,True,0.3437258303165436,1.3618630170822144,0.09813936054706573,4,Misconceptions,
hau-hau-613,hau,mc1,mc1,1,3,False,0.4824291169643402,1.2388721704483032,0.24955542385578156,4,Advertising,
hau-hau-614,hau,mc1,mc1,1,3,False,0.6248140335083008,1.0644199848175049,0.4755619168281555,4,Misconceptions,
hau-hau-615,hau,mc1,mc1,2,3,False,0.8339778780937195,0.563971757888794,0.7053636312484741,4,Confusion: People,
hau-hau-616,hau,mc1,mc1,2,0,False,0.8807523846626282,0.4444670081138611,0.7988553047180176,4,Confusion: People,
hau-hau-617,hau,mc1,mc1,2,0,False,0.5082739591598511,1.0048201084136963,0.14216068387031555,4,Health,
hau-hau-618,hau,mc1,mc1,3,3,True,0.42512115836143494,1.1760883331298828,0.07885593175888062,4,Paranormal,
hau-hau-619,hau,mc1,mc1,0,1,False,0.5129329562187195,0.8138174414634705,0.052539169788360596,4,Sociology,
hau-hau-620,hau,mc1,mc1,2,1,False,0.8594362139701843,0.47989141941070557,0.7496716976165771,3,Religion,
hau-hau-621,hau,mc1,mc1,3,3,True,0.4438130855560303,1.265779733657837,0.1731310486793518,4,Advertising,
hau-hau-622,hau,mc1,mc1,1,1,True,0.41408202052116394,1.0794622898101807,0.08300039172172546,3,Misconceptions,
hau-hau-623,hau,mc1,mc1,2,0,False,0.43823638558387756,1.037204384803772,0.0363919734954834,4,Stereotypes,
hau-hau-624,hau,mc1,mc1,1,3,False,0.42407092452049255,1.2261402606964111,0.08669102191925049,4,Indexical Error: Identity,
hau-hau-625,hau,mc1,mc1,2,3,False,0.45235633850097656,1.1921298503875732,0.11017763614654541,4,Politics,
hau-hau-626,hau,mc1,mc1,1,1,True,0.44307196140289307,1.2705960273742676,0.17925205826759338,4,Paranormal,
hau-hau-627,hau,mc1,mc1,0,0,True,0.35655927658081055,1.2881683111190796,0.03971108794212341,4,Weather,
hau-hau-628,hau,mc1,mc1,2,1,False,0.7069079875946045,0.7877846956253052,0.49135905504226685,4,Confusion: Other,
hau-hau-629,hau,mc1,mc1,0,0,True,0.6210938692092896,0.6635260581970215,0.2421877682209015,2,Misquotations,
hau-hau-630,hau,mc1,mc1,2,0,False,0.4805397689342499,1.0570138692855835,0.13205894827842712,4,Fiction,
hau-hau-631,hau,mc1,mc1,3,1,False,0.42457401752471924,1.115660548210144,0.006280750036239624,4,Indexical Error: Time,
hau-hau-632,hau,mc1,mc1,0,2,False,0.6158427000045776,0.8377641439437866,0.2947268784046173,4,Confusion: People,
hau-hau-633,hau,mc1,mc1,1,1,True,0.9003710746765137,0.4248017370700836,0.849060595035553,4,Law,
hau-hau-634,hau,mc1,mc1,0,1,False,0.5586130619049072,0.6862603425979614,0.11722612380981445,2,Misquotations,
hau-hau-635,hau,mc1,mc1,1,0,False,0.47818416357040405,1.0624574422836304,0.08930787444114685,4,Stereotypes,
hau-hau-636,hau,mc1,mc1,1,2,False,0.36502936482429504,1.180148720741272,0.028896987438201904,4,Misconceptions,
hau-hau-637,hau,mc1,mc1,3,3,True,0.4953436553478241,1.2192413806915283,0.26002079248428345,4,Paranormal,
hau-hau-638,hau,mc1,mc1,1,0,False,0.4498196840286255,1.1900349855422974,0.1426876187324524,4,Health,
hau-hau-639,hau,mc1,mc1,1,2,False,0.9559409022331238,0.2029506117105484,0.9208881258964539,3,Confusion: Places,
hau-hau-640,hau,mc1,mc1,1,0,False,0.41994181275367737,1.1903464794158936,0.041251301765441895,4,Fiction,
hau-hau-641,hau,mc1,mc1,2,3,False,0.4034363329410553,1.320448875427246,0.15417006611824036,4,Law,
hau-hau-642,hau,mc1,mc1,2,2,True,0.4782352149486542,1.0691920518875122,0.15469962358474731,4,Myths and Fairytales,
hau-hau-643,hau,mc1,mc1,3,3,True,0.7644017338752747,0.6756892800331116,0.5672974586486816,4,Fiction,
hau-hau-644,hau,mc1,mc1,1,1,True,0.978712797164917,0.12120755016803741,0.9673675894737244,4,Superstitions,
hau-hau-645,hau,mc1,mc1,0,0,True,0.5572728514671326,1.0742220878601074,0.2770296037197113,4,Law,
hau-hau-646,hau,mc1,mc1,3,3,True,0.3611942231655121,1.2890477180480957,0.02641528844833374,4,,
hau-hau-647,hau,mc1,mc1,2,2,True,0.3957974910736084,1.269665002822876,0.060675591230392456,4,,
hau-hau-648,hau,mc1,mc1,1,1,True,0.6174723505973816,1.0443038940429688,0.4428129196166992,4,,
hau-hau-649,hau,mc1,mc1,2,2,True,0.7966253161430359,0.5675597190856934,0.6119827628135681,3,Law,
hau-hau-650,hau,mc1,mc1,1,0,False,0.7743067741394043,0.6672428250312805,0.611174464225769,3,Law,
hau-hau-651,hau,mc1,mc1,1,2,False,0.35733383893966675,1.3297144174575806,0.08557263016700745,4,Subjective,
hau-hau-652,hau,mc1,mc1,0,1,False,0.41250476241111755,1.0378921031951904,0.002749890089035034,3,Sociology,
hau-hau-653,hau,mc1,mc1,3,2,False,0.4397386312484741,1.1855336427688599,0.07633823156356812,4,Language,
hau-hau-654,hau,mc1,mc1,3,1,False,0.3617054522037506,1.3144946098327637,0.06786614656448364,4,Fiction,
hau-hau-655,hau,mc1,mc1,1,1,True,0.6790782809257507,0.8017467260360718,0.43290093541145325,3,Misconceptions,
hau-hau-656,hau,mc1,mc1,1,0,False,0.7835537195205688,0.5223731994628906,0.5671074390411377,2,Misconceptions,
hau-hau-657,hau,mc1,mc1,0,2,False,0.518483579158783,0.8902544975280762,0.10593003034591675,3,Law,
hau-hau-658,hau,mc1,mc1,1,1,True,0.335365355014801,1.2890338897705078,0.010546237230300903,4,Conspiracies,
hau-hau-659,hau,mc1,mc1,0,2,False,0.8492843508720398,0.49186232686042786,0.7233113050460815,4,Confusion: Places,
hau-hau-660,hau,mc1,mc1,0,0,True,0.42794835567474365,1.0061959028244019,0.0005440711975097656,3,Language,
hau-hau-661,hau,mc1,mc1,0,0,True,0.3723542392253876,1.3309723138809204,0.11297780275344849,4,Health,
hau-hau-662,hau,mc1,mc1,1,0,False,0.760582447052002,0.7154949307441711,0.6307080388069153,3,Economics,
hau-hau-663,hau,mc1,mc1,1,1,True,0.4752250611782074,1.1383894681930542,0.1236506998538971,4,Subjective,
hau-hau-664,hau,mc1,mc1,1,2,False,0.5168359875679016,1.0962307453155518,0.18392464518547058,4,Misinformation,
hau-hau-665,hau,mc1,mc1,1,0,False,0.7099674940109253,0.8021047115325928,0.5522642135620117,3,Language,
hau-hau-666,hau,mc1,mc1,0,3,False,0.9015452265739441,0.32355985045433044,0.8033597469329834,4,Confusion: Places,
hau-hau-667,hau,mc1,mc1,0,1,False,0.6186020970344543,0.7410032749176025,0.25645968317985535,3,Confusion: People,
hau-hau-668,hau,mc1,mc1,0,3,False,0.9684070348739624,0.14584562182426453,0.9380262494087219,4,Confusion: Places,
hau-hau-669,hau,mc1,mc1,3,3,True,0.7232965230941772,0.8571583032608032,0.5779306888580322,4,Conspiracies,
hau-hau-670,hau,mc1,mc1,3,2,False,0.4239383041858673,1.2547564506530762,0.10396003723144531,4,Finance,
hau-hau-671,hau,mc1,mc1,1,2,False,0.3801325857639313,1.2657734155654907,0.022138863801956177,4,Science,
hau-hau-672,hau,mc1,mc1,2,2,True,0.5324559211730957,1.161879539489746,0.28833574056625366,4,Economics,
hau-hau-673,hau,mc1,mc1,1,3,False,0.3650408387184143,1.257354497909546,0.07543274760246277,4,Finance,
hau-hau-674,hau,mc1,mc1,0,0,True,0.38589006662368774,1.2804051637649536,0.051722824573516846,4,Paranormal,
hau-hau-675,hau,mc1,mc1,2,2,True,0.698132336139679,0.6589443683624268,0.4070442020893097,3,Confusion: Places,
hau-hau-676,hau,mc1,mc1,2,2,True,0.4748399555683136,1.0558829307556152,0.21057432889938354,3,Health,
hau-hau-677,hau,mc1,mc1,0,1,False,0.4248088598251343,1.2056703567504883,0.0942627489566803,4,Religion,
hau-hau-678,hau,mc1,mc1,0,1,False,0.7590996026992798,0.5521155595779419,0.5181992053985596,2,History,
hau-hau-679,hau,mc1,mc1,2,1,False,0.6306540369987488,0.6602191925048828,0.26149582862854004,4,Confusion: People,
hau-hau-680,hau,mc1,mc1,1,2,False,0.5260025262832642,0.9947001934051514,0.2117561399936676,3,Sociology,
hau-hau-681,hau,mc1,mc1,0,1,False,0.303466796875,1.3778867721557617,0.05266493558883667,4,Language,
hau-hau-682,hau,mc1,mc1,0,2,False,0.7782048583030701,0.5686198472976685,0.5659826397895813,3,Language,
hau-hau-683,hau,mc1,mc1,2,2,True,0.5326046943664551,1.0727870464324951,0.2099664807319641,4,Stereotypes,
hau-hau-684,hau,mc1,mc1,0,1,False,0.9035317897796631,0.3172527551651001,0.807063639163971,2,Misconceptions,
hau-hau-685,hau,mc1,mc1,3,3,True,0.6667599081993103,0.9803147315979004,0.4965013563632965,4,Advertising,
hau-hau-686,hau,mc1,mc1,0,1,False,0.46014079451560974,1.0515859127044678,0.13216105103492737,3,Misquotations,
hau-hau-687,hau,mc1,mc1,1,0,False,0.4886435866355896,0.9012326002120972,0.04957488179206848,3,Health,
hau-hau-688,hau,mc1,mc1,2,2,True,0.7736304998397827,0.7444199323654175,0.6549464464187622,4,Stereotypes,
hau-hau-689,hau,mc1,mc1,1,2,False,0.6986021399497986,0.6727784872055054,0.41258183121681213,3,Politics,
hau-hau-690,hau,mc1,mc1,1,0,False,0.3008584976196289,1.324386477470398,0.002017587423324585,4,Misconceptions,
hau-hau-691,hau,mc1,mc1,0,0,True,0.4995221197605133,0.9600098133087158,0.11167311668395996,3,Proverbs,
hau-hau-692,hau,mc1,mc1,1,2,False,0.3840254545211792,1.2773867845535278,0.08952745795249939,4,Misconceptions,
hau-hau-693,hau,mc1,mc1,1,3,False,0.43868663907051086,1.0679147243499756,0.00541570782661438,4,Nutrition,
hau-hau-694,hau,mc1,mc1,1,1,True,0.6317738890647888,0.9148793816566467,0.34808388352394104,4,Fiction,
hau-hau-695,hau,mc1,mc1,2,1,False,0.47235679626464844,1.2138326168060303,0.19712036848068237,4,Superstitions,
hau-hau-696,hau,mc1,mc1,1,2,False,0.42415300011634827,1.3099026679992676,0.2068929374217987,4,Superstitions,
hau-hau-697,hau,mc1,mc1,1,0,False,0.38113221526145935,1.255248785018921,0.012297362089157104,4,Myths and Fairytales,
hau-hau-698,hau,mc1,mc1,0,0,True,0.8714334964752197,0.45694249868392944,0.7759277820587158,3,Nutrition,
hau-hau-699,hau,mc1,mc1,2,1,False,0.9518671035766602,0.20123259723186493,0.9057128429412842,3,Language,
hau-hau-700,hau,mc1,mc1,2,0,False,0.8568634986877441,0.5637096166610718,0.7948934435844421,4,Language,
hau-hau-701,hau,mc1,mc1,2,0,False,0.616485059261322,1.0261410474777222,0.4000342786312103,4,Conspiracies,
hau-hau-702,hau,mc1,mc1,2,2,True,0.4883699119091034,1.1455451250076294,0.19618594646453857,4,Religion,
hau-hau-703,hau,mc1,mc1,2,1,False,0.6139922738075256,0.9292477369308472,0.3892555236816406,3,Misconceptions,
hau-hau-704,hau,mc1,mc1,1,0,False,0.6174392104148865,0.6653038263320923,0.23487839102745056,2,Misconceptions,
hau-hau-705,hau,mc1,mc1,2,2,True,0.5902049541473389,1.1173425912857056,0.41212111711502075,4,Paranormal,
hau-hau-706,hau,mc1,mc1,3,0,False,0.33210256695747375,1.3692208528518677,0.10438179969787598,4,Education,
hau-hau-707,hau,mc1,mc1,1,2,False,0.6447280049324036,0.9223886132240295,0.3922378718852997,4,Conspiracies,
hau-hau-708,hau,mc1,mc1,1,2,False,0.5861023664474487,1.0678201913833618,0.37301427125930786,4,Indexical Error: Other,
hau-hau-709,hau,mc1,mc1,1,0,False,0.47558408975601196,1.0422710180282593,0.15483501553535461,3,Sociology,
hau-hau-710,hau,mc1,mc1,0,0,True,0.9731473326683044,0.14214342832565308,0.95859295129776,3,Proverbs,
hau-hau-711,hau,mc1,mc1,1,2,False,0.4362749457359314,1.1836360692977905,0.16223925352096558,4,Indexical Error: Time,
hau-hau-712,hau,mc1,mc1,1,3,False,0.5049596428871155,0.8470042943954468,0.045903027057647705,4,Nutrition,
hau-hau-713,hau,mc1,mc1,1,1,True,0.3619926869869232,1.2134199142456055,0.0061788856983184814,4,Economics,
hau-hau-714,hau,mc1,mc1,0,0,True,0.42604804039001465,1.2406494617462158,0.1581411063671112,4,Stereotypes,
hau-hau-715,hau,mc1,mc1,2,1,False,0.6297414898872375,0.9489620327949524,0.37739744782447815,4,Fiction,
hau-hau-716,hau,mc1,mc1,1,2,False,0.40086519718170166,1.3031619787216187,0.1495416760444641,4,Misconceptions: Topical,
hau-hau-717,hau,mc1,mc1,0,1,False,0.5270441174507141,1.1521819829940796,0.2545153796672821,4,Law,
hau-hau-718,hau,mc1,mc1,1,0,False,0.6771060824394226,0.6290315985679626,0.3542121350765228,2,Misconceptions,
hau-hau-719,hau,mc1,mc1,1,0,False,0.3707737326622009,1.0949482917785645,0.04283824563026428,3,Logical Falsehood,
hau-hau-720,hau,mc1,mc1,0,0,True,0.6949244737625122,0.7119271755218506,0.4192958176136017,3,Logical Falsehood,
hau-hau-721,hau,mc1,mc1,0,0,True,0.7134462594985962,0.7931609749794006,0.49183177947998047,4,Logical Falsehood,
hau-hau-722,hau,mc1,mc1,1,1,True,0.8578377366065979,0.49004554748535156,0.7523607611656189,3,Misconceptions,
hau-hau-723,hau,mc1,mc1,3,1,False,0.3776492774486542,1.2786439657211304,0.028235554695129395,4,Misconceptions: Topical,
hau-hau-724,hau,mc1,mc1,1,1,True,0.6009695529937744,0.9989277720451355,0.3214350640773773,4,Nutrition,
hau-hau-725,hau,mc1,mc1,2,1,False,0.6079514026641846,0.9779221415519714,0.33327895402908325,4,Sociology,
hau-hau-726,hau,mc1,mc1,2,0,False,0.7580922245979309,0.7115088701248169,0.6035730242729187,3,Education,
hau-hau-727,hau,mc1,mc1,0,1,False,0.5466416478157043,0.7710397243499756,0.11337390542030334,3,Stereotypes,
hau-hau-728,hau,mc1,mc1,0,0,True,0.7214721441268921,0.8848356008529663,0.5966240167617798,4,Health,
hau-hau-729,hau,mc1,mc1,1,0,False,0.6200389266014099,0.6640450954437256,0.24007785320281982,2,Fiction,
hau-hau-730,hau,mc1,mc1,1,3,False,0.36180830001831055,1.3509787321090698,0.12329238653182983,4,,
hau-hau-731,hau,mc1,mc1,0,2,False,0.7208985686302185,0.77681565284729,0.5465970039367676,3,Myths and Fairytales,
hau-hau-732,hau,mc1,mc1,2,0,False,0.5247990489006042,0.9117134809494019,0.1090565025806427,4,Education,
hau-hau-733,hau,mc1,mc1,3,3,True,0.76689213514328,0.7511094212532043,0.658160924911499,4,Proverbs,
hau-hau-734,hau,mc1,mc1,0,1,False,0.7232372760772705,0.7647495865821838,0.53691565990448,3,Nutrition,
hau-hau-735,hau,mc1,mc1,3,2,False,0.43647751212120056,1.2348103523254395,0.16015183925628662,4,Misconceptions,
hau-hau-736,hau,mc1,mc1,2,1,False,0.9341650605201721,0.31340521574020386,0.9060273766517639,4,Health,
hau-hau-737,hau,mc1,mc1,1,1,True,0.7760781645774841,0.7536138296127319,0.6554646492004395,4,Law,
hau-hau-738,hau,mc1,mc1,2,1,False,0.580760657787323,1.126567006111145,0.39259231090545654,4,Indexical Error: Other,
hau-hau-739,hau,mc1,mc1,0,1,False,0.5061696767807007,0.6930710077285767,0.01233932375907898,2,History,
hau-hau-740,hau,mc1,mc1,0,0,True,0.5842506885528564,0.7710685133934021,0.19266033172607422,3,Health,
hau-hau-741,hau,mc1,mc1,3,1,False,0.553272545337677,1.0901870727539062,0.3288094997406006,4,Nutrition,
hau-hau-742,hau,mc1,mc1,2,2,True,0.3689781129360199,1.2536211013793945,0.018391430377960205,4,Law,
hau-hau-743,hau,mc1,mc1,1,1,True,0.5223034620285034,1.206672191619873,0.33919984102249146,4,Law,
hau-hau-744,hau,mc1,mc1,0,2,False,0.5417042374610901,0.8869227170944214,0.15420988202095032,3,Finance,
hau-hau-745,hau,mc1,mc1,2,1,False,0.3692764937877655,1.0942105054855347,0.03186306357383728,3,Science,
hau-hau-746,hau,mc1,mc1,1,0,False,0.3964243531227112,1.1803820133209229,0.0428544282913208,4,Misconceptions,
hau-hau-747,hau,mc1,mc1,2,1,False,0.46492600440979004,1.1175838708877563,0.10242778062820435,4,Indexical Error: Location,
hau-hau-748,hau,mc1,mc1,0,3,False,0.962482750415802,0.18358419835567474,0.937075674533844,4,Confusion: People,
hau-hau-749,hau,mc1,mc1,1,2,False,0.6217250823974609,0.6751821041107178,0.2453530728816986,3,Indexical Error: Time,
hau-hau-750,hau,mc1,mc1,3,0,False,0.4036755859851837,1.2470051050186157,0.05762234330177307,4,Advertising,
hau-hau-751,hau,mc1,mc1,1,2,False,0.36742448806762695,1.1698909997940063,0.026250213384628296,4,Misinformation,
hau-hau-752,hau,mc1,mc1,1,3,False,0.576237678527832,1.0697295665740967,0.30965858697891235,4,Stereotypes,
hau-hau-753,hau,mc1,mc1,3,2,False,0.5265976786613464,1.1572569608688354,0.30080878734588623,4,Stereotypes,
hau-hau-754,hau,mc1,mc1,1,3,False,0.4815880060195923,0.8858081102371216,0.017292141914367676,4,Sociology,
hau-hau-755,hau,mc1,mc1,0,0,True,0.4110134243965149,1.3009419441223145,0.13700702786445618,4,Subjective,
hau-hau-756,hau,mc1,mc1,0,3,False,0.40662726759910583,1.224886178970337,0.03963002562522888,4,Subjective,
hau-hau-757,hau,mc1,mc1,2,2,True,0.6275628209114075,0.9150640368461609,0.41648000478744507,3,Misconceptions,
hau-hau-758,hau,mc1,mc1,0,1,False,0.4884946644306183,1.0260629653930664,0.15933632850646973,3,Psychology,
hau-hau-759,hau,mc1,mc1,0,2,False,0.630538821220398,1.0122753381729126,0.437702476978302,4,Health,
hau-hau-760,hau,mc1,mc1,3,3,True,0.3896540403366089,1.2243350744247437,0.007474452257156372,4,,
hau-hau-761,hau,mc1,mc1,1,0,False,0.7013874650001526,0.8607668280601501,0.5070095062255859,4,Indexical Error: Other,
hau-hau-762,hau,mc1,mc1,0,1,False,0.517953097820282,1.0611417293548584,0.2359047532081604,4,Misinformation,
hau-hau-763,hau,mc1,mc1,2,0,False,0.57732093334198,0.7911094427108765,0.18530428409576416,3,Indexical Error: Other,
hau-hau-764,hau,mc1,mc1,1,1,True,0.45956337451934814,1.2565053701400757,0.2183617800474167,4,Psychology,
hau-hau-765,hau,mc1,mc1,2,0,False,0.6931372284889221,0.8302108645439148,0.4571801424026489,4,Stereotypes,
hau-hau-766,hau,mc1,mc1,2,2,True,0.5248594880104065,1.0153967142105103,0.2410321831703186,4,Sociology,
hau-hau-767,hau,mc1,mc1,2,1,False,0.5072131156921387,1.0972397327423096,0.2230181097984314,4,Advertising,
hau-hau-768,hau,mc1,mc1,2,2,True,0.7196850180625916,0.6427214741706848,0.4513441026210785,3,Paranormal,
hau-hau-769,hau,mc1,mc1,3,0,False,0.3265186548233032,1.2611740827560425,0.005779355764389038,4,Stereotypes,
hau-hau-770,hau,mc1,mc1,1,1,True,0.8370240926742554,0.5424232482910156,0.7209950685501099,3,Law,
hau-hau-771,hau,mc1,mc1,2,0,False,0.3617006242275238,1.2573763132095337,0.006323665380477905,4,Stereotypes,
hau-hau-772,hau,mc1,mc1,0,0,True,0.7070719003677368,0.8983045816421509,0.5638779401779175,4,Law,
hau-hau-773,hau,mc1,mc1,1,1,True,0.7697749137878418,0.7227415442466736,0.6510810852050781,4,Law,
hau-hau-774,hau,mc1,mc1,3,3,True,0.6215354800224304,1.036821722984314,0.4431682229042053,4,Law,
hau-hau-775,hau,mc1,mc1,3,2,False,0.5562585592269897,1.0103981494903564,0.3159205913543701,4,Psychology,
hau-hau-776,hau,mc1,mc1,1,0,False,0.39939597249031067,1.0890719890594482,0.09852233529090881,3,Sociology,
hau-hau-777,hau,mc1,mc1,0,0,True,0.4749130606651306,1.049635410308838,0.17205491662025452,3,Economics,
hau-hau-778,hau,mc1,mc1,2,3,False,0.36119315028190613,1.3533748388290405,0.12120641767978668,4,Law,
hau-hau-779,hau,mc1,mc1,3,1,False,0.4269041121006012,1.2970455884933472,0.19432607293128967,4,History,
hau-hau-780,hau,mc1,mc1,3,1,False,0.3351021707057953,1.1435415744781494,0.0024023354053497314,4,Health,
hau-hau-781,hau,mc1,mc1,1,3,False,0.38756468892097473,1.1720763444900513,0.04193615913391113,4,Indexical Error: Other,
hau-hau-782,hau,mc1,mc1,2,3,False,0.45940327644348145,1.2030714750289917,0.21102461218833923,4,Indexical Error: Other,
hau-hau-783,hau,mc1,mc1,0,2,False,0.42176079750061035,1.309191346168518,0.20256038010120392,4,Indexical Error: Other,
hau-hau-784,hau,mc1,mc1,2,3,False,0.43392258882522583,1.2919076681137085,0.21138346195220947,4,Indexical Error: Other,
hau-hau-785,hau,mc1,mc1,1,1,True,0.48811963200569153,1.1558150053024292,0.16269391775131226,4,Misconceptions,
hau-hau-786,hau,mc1,mc1,2,0,False,0.2667602598667145,1.384899377822876,0.007872730493545532,4,Distraction,
hau-hau-787,hau,mc1,mc1,3,2,False,0.7633739709854126,0.7405015826225281,0.6233948469161987,4,Law,
hau-hau-788,hau,mc1,mc1,3,2,False,0.33595511317253113,1.3482493162155151,0.06523066759109497,4,Distraction,
hau-hau-789,hau,mc1,mc1,1,2,False,0.38119906187057495,1.2417893409729004,0.08425438404083252,4,Proverbs,
hau-hau-790,hau,mc1,mc1,2,1,False,0.44064998626708984,1.0712008476257324,0.11946606636047363,4,,
hau-hau-791,hau,mc1,mc1,2,2,True,0.9609691500663757,0.19718202948570251,0.9393430948257446,4,Sociology,
hau-hau-792,hau,mc1,mc1,0,0,True,0.35426273941993713,1.3455907106399536,0.07882541418075562,4,Distraction,
hau-hau-793,hau,mc1,mc1,3,0,False,0.5593619346618652,0.8412371873855591,0.16412600874900818,4,Confusion: People,
hau-hau-794,hau,mc1,mc1,1,2,False,0.7136801481246948,0.6966856718063354,0.45815300941467285,4,Confusion: People,
hau-hau-795,hau,mc1,mc1,0,2,False,0.5897092819213867,0.867558479309082,0.2514335811138153,3,Misconceptions,
hau-hau-796,hau,mc1,mc1,0,0,True,0.5153838396072388,1.202898621559143,0.2902625799179077,4,Fiction,
hau-hau-797,hau,mc1,mc1,2,1,False,0.47543081641197205,1.0552127361297607,0.20383915305137634,3,Health,
hau-hau-798,hau,mc1,mc1,2,1,False,0.3224416971206665,1.3119354248046875,0.012733787298202515,4,Misquotations,
hau-hau-799,hau,mc1,mc1,2,2,True,0.4030319154262543,1.0736773014068604,0.03940701484680176,3,Weather,
hau-hau-800,hau,mc1,mc1,2,2,True,0.3851180672645569,1.0894604921340942,0.04605931043624878,3,Weather,
hau-hau-801,hau,mc1,mc1,0,3,False,0.4701761305332184,1.1842156648635864,0.14555931091308594,4,Misconceptions,
hau-hau-802,hau,mc1,mc1,1,1,True,0.47383370995521545,1.0721229314804077,0.0759257972240448,4,Health,
hau-hau-803,hau,mc1,mc1,0,1,False,0.5074567198753357,1.2286816835403442,0.3207305669784546,4,Indexical Error: Time,
hau-hau-804,hau,mc1,mc1,3,0,False,0.6279532313346863,1.0571374893188477,0.476315975189209,4,Paranormal,
hau-hau-805,hau,mc1,mc1,3,1,False,0.643231987953186,0.8769105672836304,0.3565692901611328,4,Religion,
hau-hau-806,hau,mc1,mc1,1,0,False,0.4120783805847168,1.0418097972869873,0.006689190864562988,3,Indexical Error: Other,
hau-hau-807,hau,mc1,mc1,0,1,False,0.9625608325004578,0.1597185879945755,0.9251216053962708,2,Religion,
nso-nso-0,nso,mc1,mc1,1,1,True,0.4259801506996155,1.3089027404785156,0.20284348726272583,4,,
nso-nso-1,nso,mc1,mc1,0,3,False,0.6321229338645935,0.8720875978469849,0.3286970555782318,4,,
nso-nso-2,nso,mc1,mc1,0,2,False,0.4421021640300751,1.10537588596344,0.07788005471229553,4,,
nso-nso-3,nso,mc1,mc1,0,2,False,0.8126306533813477,0.5118674039840698,0.631645679473877,4,,
nso-nso-4,nso,mc1,mc1,3,2,False,0.6797813177108765,0.978438138961792,0.5661256313323975,4,,
nso-nso-5,nso,mc1,mc1,1,3,False,0.8243900537490845,0.6143677830696106,0.7362911105155945,4,,
nso-nso-6,nso,mc1,mc1,0,2,False,0.2806834280490875,1.3797974586486816,0.006474822759628296,4,,
nso-nso-7,nso,mc1,mc1,0,2,False,0.5222600698471069,1.072912335395813,0.2634546756744385,4,,
nso-nso-8,nso,mc1,mc1,1,1,True,0.8634889125823975,0.4759526550769806,0.7616650462150574,3,,
nso-nso-9,nso,mc1,mc1,2,0,False,0.4305151402950287,1.2618398666381836,0.16455474495887756,4,,
nso-nso-10,nso,mc1,mc1,1,1,True,0.27203214168548584,1.384997010231018,0.026485800743103027,4,,
nso-nso-11,nso,mc1,mc1,1,2,False,0.9040970206260681,0.3714509606361389,0.8254620432853699,4,,
nso-nso-12,nso,mc1,mc1,2,2,True,0.6655598282814026,0.9992886781692505,0.5252367258071899,4,,
nso-nso-13,nso,mc1,mc1,0,1,False,0.9857755899429321,0.0746162086725235,0.9715511798858643,2,,
nso-nso-14,nso,mc1,mc1,0,0,True,0.5020928978919983,1.2320443391799927,0.30912235379219055,4,,
nso-nso-15,nso,mc1,mc1,0,2,False,0.34052708745002747,1.2791633605957031,0.014129459857940674,4,,
nso-nso-16,nso,mc1,mc1,1,2,False,0.8703659772872925,0.500347912311554,0.7856510877609253,4,,
nso-nso-17,nso,mc1,mc1,2,2,True,0.5475204586982727,1.0548005104064941,0.2287934124469757,4,,
nso-nso-18,nso,mc1,mc1,3,1,False,0.7308763265609741,0.8396620154380798,0.5769322514533997,4,,
nso-nso-19,nso,mc1,mc1,1,2,False,0.596743643283844,0.953218936920166,0.38405537605285645,3,,
nso-nso-20,nso,mc1,mc1,0,1,False,0.5268009305000305,0.9087052941322327,0.13484987616539001,3,,
nso-nso-21,nso,mc1,mc1,0,0,True,0.6735721230506897,0.6316200494766235,0.347144216299057,2,,
nso-nso-22,nso,mc1,mc1,2,1,False,0.374700665473938,1.2596635818481445,0.003956705331802368,4,,
nso-nso-23,nso,mc1,mc1,3,0,False,0.3878435790538788,1.1630666255950928,0.01022908091545105,4,,
nso-nso-24,nso,mc1,mc1,0,3,False,0.7295453548431396,0.7365006804466248,0.5151337385177612,4,,
nso-nso-25,nso,mc1,mc1,0,1,False,0.7607378363609314,0.6000237464904785,0.5340874791145325,4,,
nso-nso-26,nso,mc1,mc1,2,0,False,0.31739169359207153,1.3620092868804932,0.04965457320213318,4,,
nso-nso-27,nso,mc1,mc1,0,3,False,0.6851148009300232,0.9666497707366943,0.5691998600959778,4,,
nso-nso-28,nso,mc1,mc1,0,3,False,0.4686640202999115,1.1833226680755615,0.1883644163608551,4,,
nso-nso-29,nso,mc1,mc1,0,2,False,0.2540222406387329,1.3861709833145142,0.0009350180625915527,4,,
nso-nso-30,nso,mc1,mc1,1,0,False,0.5111570954322815,1.1882327795028687,0.2679007947444916,4,,
nso-nso-31,nso,mc1,mc1,1,3,False,0.8502101898193359,0.5617090463638306,0.7789379954338074,4,,
nso-nso-32,nso,mc1,mc1,2,2,True,0.609338641166687,0.7171741127967834,0.22912177443504333,3,,
nso-nso-33,nso,mc1,mc1,2,1,False,0.3735799491405487,1.2331598997116089,0.012789279222488403,4,,
nso-nso-34,nso,mc1,mc1,2,2,True,0.7178489565849304,0.8734340667724609,0.5609817504882812,4,,
nso-nso-35,nso,mc1,mc1,0,3,False,0.3880710005760193,1.249145746231079,0.10543796420097351,4,,
nso-nso-36,nso,mc1,mc1,0,2,False,0.2990618050098419,1.3662434816360474,0.028815358877182007,4,,
nso-nso-37,nso,mc1,mc1,0,0,True,0.6524859070777893,1.010158658027649,0.5070589780807495,4,,
nso-nso-38,nso,mc1,mc1,0,2,False,0.3332197368144989,1.3335989713668823,0.014902234077453613,4,,
nso-nso-39,nso,mc1,mc1,2,2,True,0.8563799262046814,0.542156994342804,0.7661764621734619,4,,
nso-nso-40,nso,mc1,mc1,2,3,False,0.5090325474739075,1.0929980278015137,0.24951231479644775,4,,
nso-nso-41,nso,mc1,mc1,1,0,False,0.4167986214160919,1.3134913444519043,0.19442179799079895,4,,
nso-nso-42,nso,mc1,mc1,3,3,True,0.6480876207351685,1.0122413635253906,0.47205251455307007,4,,
nso-nso-43,nso,mc1,mc1,2,3,False,0.34842461347579956,1.31715989112854,0.03678762912750244,4,,
nso-nso-44,nso,mc1,mc1,0,2,False,0.3995037376880646,1.1369550228118896,0.08094435930252075,4,,
nso-nso-45,nso,mc1,mc1,3,0,False,0.5762784481048584,0.9684315919876099,0.3245537281036377,4,,
nso-nso-46,nso,mc1,mc1,2,2,True,0.7072193622589111,0.7847366333007812,0.4842416048049927,4,,
nso-nso-47,nso,mc1,mc1,1,0,False,0.6105704307556152,1.0677357912063599,0.4455814063549042,4,,
nso-nso-48,nso,mc1,mc1,3,3,True,0.34417906403541565,1.3148103952407837,0.046611905097961426,4,,
nso-nso-49,nso,mc1,mc1,3,1,False,0.3133109509944916,1.3615858554840088,0.02401384711265564,4,,
nso-nso-50,nso,mc1,mc1,1,0,False,0.647445559501648,0.7164381742477417,0.31165611743927,3,,
nso-nso-51,nso,mc1,mc1,0,1,False,0.3733932375907898,1.279930830001831,0.04068508744239807,4,,
nso-nso-52,nso,mc1,mc1,2,2,True,0.5288408994674683,1.1608134508132935,0.2945345640182495,4,,
nso-nso-53,nso,mc1,mc1,3,0,False,0.43090036511421204,1.093327522277832,0.04293698072433472,4,,
nso-nso-54,nso,mc1,mc1,3,3,True,0.28229328989982605,1.3737529516220093,0.004167437553405762,4,,
nso-nso-55,nso,mc1,mc1,2,3,False,0.612463653087616,1.0517300367355347,0.43976014852523804,4,,
nso-nso-56,nso,mc1,mc1,1,2,False,0.7733469009399414,0.6888729929924011,0.6342160701751709,4,,
nso-nso-57,nso,mc1,mc1,0,2,False,0.61299067735672,0.934733510017395,0.4062036871910095,3,,
nso-nso-58,nso,mc1,mc1,0,0,True,0.6488237380981445,0.9924352765083313,0.46374380588531494,4,,
nso-nso-59,nso,mc1,mc1,1,0,False,0.5989004373550415,0.9505603313446045,0.3848039507865906,3,,
nso-nso-60,nso,mc1,mc1,1,2,False,0.342469722032547,1.3560099601745605,0.07114508748054504,4,,
nso-nso-61,nso,mc1,mc1,0,1,False,0.8162468671798706,0.47703713178634644,0.6324936747550964,2,,
nso-nso-62,nso,mc1,mc1,2,3,False,0.6253024339675903,0.85572749376297,0.3238014578819275,4,,
nso-nso-63,nso,mc1,mc1,1,1,True,0.4897471070289612,1.164751648902893,0.17268088459968567,4,,
nso-nso-64,nso,mc1,mc1,0,1,False,0.43046122789382935,1.131815791130066,0.020594388246536255,4,,
nso-nso-65,nso,mc1,mc1,3,2,False,0.31418704986572266,1.3455405235290527,0.011359572410583496,4,,
nso-nso-66,nso,mc1,mc1,3,2,False,0.5529188513755798,1.0442755222320557,0.2386367917060852,4,,
nso-nso-67,nso,mc1,mc1,1,3,False,0.43127432465553284,1.2745566368103027,0.16555288434028625,4,,
nso-nso-68,nso,mc1,mc1,2,0,False,0.5029751062393188,1.1102113723754883,0.2006036341190338,4,,
nso-nso-69,nso,mc1,mc1,2,2,True,0.7495788335800171,0.832817018032074,0.6545257568359375,4,,
nso-nso-70,nso,mc1,mc1,1,0,False,0.593704104423523,0.9551079273223877,0.37043142318725586,3,,
nso-nso-71,nso,mc1,mc1,1,2,False,0.33417490124702454,1.2630481719970703,0.010357916355133057,4,,
nso-nso-72,nso,mc1,mc1,2,2,True,0.501306414604187,0.7017725110054016,0.0038451552391052246,3,,
nso-nso-73,nso,mc1,mc1,2,3,False,0.6543630957603455,0.7277606725692749,0.3273366093635559,4,,
nso-nso-74,nso,mc1,mc1,2,1,False,0.743190348148346,0.575996994972229,0.4873370826244354,3,,
nso-nso-75,nso,mc1,mc1,1,1,True,0.5724099278450012,0.6826238632202148,0.14481985569000244,2,,
nso-nso-76,nso,mc1,mc1,3,3,True,0.974093496799469,0.14760804176330566,0.963283121585846,4,,
nso-nso-77,nso,mc1,mc1,1,2,False,0.7259377241134644,0.7230774164199829,0.5057418942451477,3,,
nso-nso-78,nso,mc1,mc1,1,0,False,0.9305321574211121,0.31288695335388184,0.8845235109329224,4,,
nso-nso-79,nso,mc1,mc1,1,1,True,0.6750292181968689,0.8457614779472351,0.4383903741836548,4,,
nso-nso-80,nso,mc1,mc1,0,0,True,0.5719978213310242,0.6827436685562134,0.14399564266204834,2,,
nso-nso-81,nso,mc1,mc1,3,0,False,0.34775128960609436,1.2966570854187012,0.06614500284194946,4,,
nso-nso-82,nso,mc1,mc1,1,1,True,0.4412360191345215,1.0731854438781738,0.15203839540481567,3,,
nso-nso-83,nso,mc1,mc1,1,2,False,0.3813474476337433,1.0925179719924927,0.054270386695861816,3,,
nso-nso-84,nso,mc1,mc1,2,0,False,0.3290553092956543,1.359522819519043,0.060234904289245605,4,,
nso-nso-85,nso,mc1,mc1,1,1,True,0.6897565126419067,0.6192953586578369,0.3795129954814911,2,,
nso-nso-86,nso,mc1,mc1,2,2,True,0.5909115672111511,1.0621460676193237,0.3719417154788971,4,,
nso-nso-87,nso,mc1,mc1,2,3,False,0.43201354146003723,1.235215425491333,0.11841723322868347,4,,
nso-nso-88,nso,mc1,mc1,2,3,False,0.48999524116516113,1.0538769960403442,0.10033202171325684,4,,
nso-nso-89,nso,mc1,mc1,1,0,False,0.4953784644603729,1.2087725400924683,0.2309398055076599,4,,
nso-nso-90,nso,mc1,mc1,3,3,True,0.5716882944107056,0.70418381690979,0.14663755893707275,4,,
nso-nso-91,nso,mc1,mc1,0,2,False,0.40867406129837036,1.2529077529907227,0.08498579263687134,4,,
nso-nso-92,nso,mc1,mc1,2,2,True,0.9289703965187073,0.2927316129207611,0.8728051781654358,3,,
nso-nso-93,nso,mc1,mc1,3,2,False,0.37055638432502747,1.3112642765045166,0.08135515451431274,4,,
nso-nso-94,nso,mc1,mc1,0,0,True,0.3324529230594635,1.3286592960357666,0.0027313828468322754,4,,
nso-nso-95,nso,mc1,mc1,2,2,True,0.4441228210926056,1.186519980430603,0.15360772609710693,4,,
nso-nso-96,nso,mc1,mc1,0,1,False,0.3559095561504364,1.3532756567001343,0.11955921351909637,4,,
nso-nso-97,nso,mc1,mc1,2,2,True,0.43176665902137756,1.3076484203338623,0.23482286930084229,4,,
nso-nso-98,nso,mc1,mc1,2,3,False,0.9098795652389526,0.3930368423461914,0.8614428043365479,4,,
nso-nso-99,nso,mc1,mc1,2,0,False,0.5468437075614929,1.041067361831665,0.259337842464447,4,,
nso-nso-100,nso,mc1,mc1,1,2,False,0.3814477324485779,1.0888278484344482,0.03414106369018555,3,,
nso-nso-101,nso,mc1,mc1,2,2,True,0.46505308151245117,1.1322758197784424,0.11802473664283752,4,,
nso-nso-102,nso,mc1,mc1,2,2,True,0.7019014358520508,0.7993764877319336,0.5037320852279663,3,,
nso-nso-103,nso,mc1,mc1,1,2,False,0.5420822501182556,0.9967271089553833,0.26479437947273254,3,,
nso-nso-104,nso,mc1,mc1,1,0,False,0.3621399998664856,1.096460223197937,0.03326386213302612,3,,
nso-nso-105,nso,mc1,mc1,2,0,False,0.8324580192565918,0.5662552714347839,0.7362837791442871,3,,
nso-nso-106,nso,mc1,mc1,2,2,True,0.5105047225952148,0.7891397476196289,0.04515928030014038,3,,
nso-nso-107,nso,mc1,mc1,0,1,False,0.4257885813713074,1.052582859992981,0.05050903558731079,3,,
nso-nso-108,nso,mc1,mc1,1,1,True,0.45179393887519836,1.1189870834350586,0.12426680326461792,4,,
nso-nso-109,nso,mc1,mc1,1,0,False,0.5114545226097107,0.6928847432136536,0.022909104824066162,2,,
nso-nso-110,nso,mc1,mc1,0,0,True,0.6031916737556458,1.1064205169677734,0.45617836713790894,4,,
nso-nso-111,nso,mc1,mc1,2,0,False,0.4619313180446625,1.1697907447814941,0.1497330367565155,4,,
nso-nso-112,nso,mc1,mc1,3,3,True,0.7934185266494751,0.727339506149292,0.706863284111023,4,,
nso-nso-113,nso,mc1,mc1,1,1,True,0.7644575238227844,0.6853036880493164,0.5946038961410522,3,,
nso-nso-114,nso,mc1,mc1,0,0,True,0.4802895784378052,1.0368729829788208,0.07172617316246033,4,,
nso-nso-115,nso,mc1,mc1,0,1,False,0.7674559354782104,0.5423321723937988,0.5349118709564209,2,,
nso-nso-116,nso,mc1,mc1,2,1,False,0.40909478068351746,1.091803789138794,0.08897820115089417,4,,
nso-nso-117,nso,mc1,mc1,0,2,False,0.5418736934661865,0.9772967100143433,0.23098063468933105,3,,
nso-nso-118,nso,mc1,mc1,3,0,False,0.6278803944587708,1.0237596035003662,0.45417076349258423,4,,
nso-nso-119,nso,mc1,mc1,2,1,False,0.7768083214759827,0.7609729170799255,0.6708531975746155,4,,
nso-nso-120,nso,mc1,mc1,2,2,True,0.7503135204315186,0.7483965754508972,0.5709148049354553,4,,
nso-nso-121,nso,mc1,mc1,3,3,True,0.6592937707901001,0.9895249605178833,0.4861361086368561,4,,
nso-nso-122,nso,mc1,mc1,2,3,False,0.5653682947158813,0.8755122423171997,0.18260857462882996,4,,
nso-nso-123,nso,mc1,mc1,1,1,True,0.4127361476421356,1.3227920532226562,0.20934651792049408,4,,
nso-nso-124,nso,mc1,mc1,2,0,False,0.8785238862037659,0.44122952222824097,0.7903767824172974,3,,
nso-nso-125,nso,mc1,mc1,1,2,False,0.37352606654167175,1.1456506252288818,0.05576294660568237,4,,
nso-nso-126,nso,mc1,mc1,1,0,False,0.5422827005386353,1.1772310733795166,0.3618486821651459,4,,
nso-nso-127,nso,mc1,mc1,3,0,False,0.2900999188423157,1.3752493858337402,0.010639578104019165,4,,
nso-nso-128,nso,mc1,mc1,0,3,False,0.85837721824646,0.5441413521766663,0.7929559350013733,4,,
nso-nso-129,nso,mc1,mc1,2,1,False,0.6429508924484253,0.8944346904754639,0.3696324825286865,4,,
nso-nso-130,nso,mc1,mc1,2,2,True,0.6439558267593384,0.8533258438110352,0.3494541049003601,4,,
nso-nso-131,nso,mc1,mc1,3,1,False,0.31153807044029236,1.3553540706634521,0.008484184741973877,4,,
nso-nso-132,nso,mc1,mc1,0,0,True,0.4274105727672577,1.1617863178253174,0.04463738203048706,4,,
nso-nso-133,nso,mc1,mc1,0,1,False,0.2721402645111084,1.3805557489395142,0.0012382566928863525,4,,
nso-nso-134,nso,mc1,mc1,2,2,True,0.46193745732307434,0.9630382061004639,0.034071385860443115,3,,
nso-nso-135,nso,mc1,mc1,3,3,True,0.6422626376152039,1.0429930686950684,0.5047717094421387,4,,
nso-nso-136,nso,mc1,mc1,3,2,False,0.47947511076927185,1.0642657279968262,0.21907079219818115,4,,
nso-nso-137,nso,mc1,mc1,3,2,False,0.3731418251991272,1.32833731174469,0.10879877209663391,4,,
nso-nso-138,nso,mc1,mc1,3,3,True,0.2974136173725128,1.361628770828247,0.020276635885238647,4,,
nso-nso-139,nso,mc1,mc1,0,1,False,0.5037477612495422,0.7649043202400208,0.021763652563095093,4,,
nso-nso-140,nso,mc1,mc1,1,2,False,0.4086832106113434,1.0833306312561035,0.08369356393814087,3,,
nso-nso-141,nso,mc1,mc1,2,0,False,0.4259900450706482,1.07125723361969,0.08894872665405273,3,,
nso-nso-142,nso,mc1,mc1,0,1,False,0.7390322089195251,0.7299844026565552,0.5523964166641235,3,,
nso-nso-143,nso,mc1,mc1,3,2,False,0.3373895585536957,1.1855452060699463,0.015714704990386963,4,,
nso-nso-144,nso,mc1,mc1,1,3,False,0.5611772537231445,1.0050052404403687,0.23024997115135193,4,,
nso-nso-145,nso,mc1,mc1,2,0,False,0.6107836961746216,0.9323185682296753,0.3738352060317993,4,,
nso-nso-146,nso,mc1,mc1,2,2,True,0.47250357270240784,1.0501362085342407,0.16548603773117065,3,,
nso-nso-147,nso,mc1,mc1,3,3,True,0.6282501220703125,0.8938097357749939,0.3730204403400421,4,,
nso-nso-148,nso,mc1,mc1,0,0,True,0.3992537260055542,1.0857620239257812,0.06718185544013977,3,,
nso-nso-149,nso,mc1,mc1,1,0,False,0.457548052072525,1.278419017791748,0.23645161092281342,4,,
nso-nso-150,nso,mc1,mc1,3,3,True,0.7350482940673828,0.8105255365371704,0.5602359771728516,4,,
nso-nso-151,nso,mc1,mc1,0,0,True,0.3555113673210144,1.338923692703247,0.0702313780784607,4,,
nso-nso-152,nso,mc1,mc1,0,1,False,0.5740406513214111,0.6821427345275879,0.14808127284049988,2,,
nso-nso-153,nso,mc1,mc1,0,0,True,0.4495566785335541,1.2927508354187012,0.26418641209602356,4,,
nso-nso-154,nso,mc1,mc1,1,3,False,0.4056719243526459,1.2430062294006348,0.08769896626472473,4,,
nso-nso-155,nso,mc1,mc1,0,3,False,0.5885577201843262,0.9624600410461426,0.290170282125473,4,,
nso-nso-156,nso,mc1,mc1,3,3,True,0.682661771774292,0.9512293934822083,0.532075822353363,4,,
nso-nso-157,nso,mc1,mc1,2,3,False,0.6415518522262573,0.7975795865058899,0.3218812048435211,4,,
nso-nso-158,nso,mc1,mc1,0,2,False,0.676283597946167,0.8628934621810913,0.4606924057006836,4,,
nso-nso-159,nso,mc1,mc1,2,3,False,0.8110193014144897,0.6643747687339783,0.6980882883071899,4,,
nso-nso-160,nso,mc1,mc1,1,2,False,0.4230059087276459,1.2649637460708618,0.11455553770065308,4,,
nso-nso-161,nso,mc1,mc1,0,0,True,0.522598922252655,1.2079638242721558,0.3384636640548706,4,,
nso-nso-162,nso,mc1,mc1,1,2,False,0.3818451166152954,1.3144813776016235,0.11671295762062073,4,,
nso-nso-163,nso,mc1,mc1,0,3,False,0.3492778539657593,1.3265361785888672,0.03377658128738403,4,,
nso-nso-164,nso,mc1,mc1,0,1,False,0.3471115827560425,1.3085637092590332,0.000814288854598999,4,,
nso-nso-165,nso,mc1,mc1,3,1,False,0.7322114109992981,0.8115615248680115,0.5859153270721436,4,,
nso-nso-166,nso,mc1,mc1,1,0,False,0.87874436378479,0.43998825550079346,0.7900729179382324,3,,
nso-nso-167,nso,mc1,mc1,3,1,False,0.35637545585632324,1.3551042079925537,0.1114979088306427,4,,
nso-nso-168,nso,mc1,mc1,3,2,False,0.4333917796611786,1.2904329299926758,0.20017316937446594,4,,
nso-nso-169,nso,mc1,mc1,2,2,True,0.8763417601585388,0.46835219860076904,0.7877249717712402,4,,
nso-nso-170,nso,mc1,mc1,0,3,False,0.4301348328590393,1.1424601078033447,0.037657201290130615,4,,
nso-nso-171,nso,mc1,mc1,2,3,False,0.3059689998626709,1.3771388530731201,0.06358583271503448,4,,
nso-nso-172,nso,mc1,mc1,0,3,False,0.8652418255805969,0.5185103416442871,0.7897517085075378,4,,
nso-nso-173,nso,mc1,mc1,0,2,False,0.42636415362358093,1.275134801864624,0.13711798191070557,4,,
nso-nso-174,nso,mc1,mc1,1,1,True,0.8624809384346008,0.5325424671173096,0.7828764319419861,4,,
nso-nso-175,nso,mc1,mc1,3,0,False,0.30276885628700256,1.3681631088256836,0.014172375202178955,4,,
nso-nso-176,nso,mc1,mc1,3,0,False,0.3932236433029175,1.2734098434448242,0.0585651695728302,4,,
nso-nso-177,nso,mc1,mc1,0,1,False,0.5155173540115356,0.6926655769348145,0.0310346782207489,2,,
nso-nso-178,nso,mc1,mc1,0,3,False,0.4433593451976776,1.150153636932373,0.15396171808242798,4,,
nso-nso-179,nso,mc1,mc1,1,3,False,0.409953773021698,1.3163799047470093,0.18325085937976837,4,,
nso-nso-180,nso,mc1,mc1,2,0,False,0.3343779444694519,1.2666940689086914,0.029591470956802368,4,,
nso-nso-181,nso,mc1,mc1,0,2,False,0.38685163855552673,1.2881110906600952,0.05859830975532532,4,,
nso-nso-182,nso,mc1,mc1,0,1,False,0.3985745906829834,1.0826236009597778,0.030878335237503052,4,,
nso-nso-183,nso,mc1,mc1,0,0,True,0.5687446594238281,0.773311972618103,0.16043829917907715,3,,
nso-nso-184,nso,mc1,mc1,3,3,True,0.7058829069137573,0.9218262434005737,0.5868539214134216,4,,
nso-nso-185,nso,mc1,mc1,0,0,True,0.47657108306884766,1.044819951057434,0.06721261143684387,4,,
nso-nso-186,nso,mc1,mc1,0,1,False,0.38982051610946655,1.1745247840881348,0.0759572982788086,4,,
nso-nso-187,nso,mc1,mc1,0,0,True,0.47111672163009644,1.219040870666504,0.17919698357582092,4,,
nso-nso-188,nso,mc1,mc1,3,3,True,0.6733132004737854,0.8038489818572998,0.4021131098270416,4,,
nso-nso-189,nso,mc1,mc1,0,1,False,0.802446186542511,0.508594810962677,0.606773316860199,4,,
nso-nso-190,nso,mc1,mc1,1,2,False,0.6739781498908997,0.894261360168457,0.4851863384246826,4,,
nso-nso-191,nso,mc1,mc1,1,3,False,0.411194384098053,1.3014979362487793,0.1736277937889099,4,,
nso-nso-192,nso,mc1,mc1,3,2,False,0.8027715682983398,0.5917484760284424,0.6324832439422607,4,,
nso-nso-193,nso,mc1,mc1,1,1,True,0.35179680585861206,1.331048846244812,0.059636861085891724,4,,
nso-nso-194,nso,mc1,mc1,1,1,True,0.7203710675239563,0.8419881463050842,0.5646923184394836,4,,
nso-nso-195,nso,mc1,mc1,1,1,True,0.7802838087081909,0.6646371483802795,0.6040253639221191,4,,
nso-nso-196,nso,mc1,mc1,2,3,False,0.34917768836021423,1.2464394569396973,0.03399062156677246,4,,
nso-nso-197,nso,mc1,mc1,0,1,False,0.6886816620826721,0.6201514601707458,0.37736326456069946,2,,
nso-nso-198,nso,mc1,mc1,0,0,True,0.6658298373222351,0.7147669792175293,0.35237860679626465,3,,
nso-nso-199,nso,mc1,mc1,3,0,False,0.33077314496040344,1.3538737297058105,0.044779449701309204,4,,
nso-nso-200,nso,mc1,mc1,0,2,False,0.8668607473373413,0.49811387062072754,0.7716665863990784,4,,
nso-nso-201,nso,mc1,mc1,1,1,True,0.4297769367694855,1.2028684616088867,0.06874465942382812,4,,
nso-nso-202,nso,mc1,mc1,1,3,False,0.7050777673721313,0.6426671743392944,0.4167540967464447,4,,
nso-nso-203,nso,mc1,mc1,3,0,False,0.2784397602081299,1.3817682266235352,0.010973453521728516,4,,
nso-nso-204,nso,mc1,mc1,1,1,True,0.5528437495231628,0.6875518560409546,0.1056874692440033,2,,
nso-nso-205,nso,mc1,mc1,0,2,False,0.514841616153717,1.2094041109085083,0.2926732003688812,4,,
nso-nso-206,nso,mc1,mc1,2,1,False,0.6814852356910706,0.9198792576789856,0.515090823173523,4,,
nso-nso-207,nso,mc1,mc1,2,0,False,0.4438146948814392,1.211504578590393,0.10679498314857483,4,,
nso-nso-208,nso,mc1,mc1,3,2,False,0.3559925854206085,1.312513828277588,0.031180649995803833,4,,
nso-nso-209,nso,mc1,mc1,0,0,True,0.3771917223930359,1.3322830200195312,0.1289861798286438,4,,
nso-nso-210,nso,mc1,mc1,0,0,True,0.6331562995910645,1.0165703296661377,0.4360696077346802,4,,
nso-nso-211,nso,mc1,mc1,1,1,True,0.5206770896911621,1.1294682025909424,0.2580052614212036,4,,
nso-nso-212,nso,mc1,mc1,1,2,False,0.30926066637039185,1.3504716157913208,0.0,4,,
nso-nso-213,nso,mc1,mc1,1,0,False,0.37804320454597473,1.091742992401123,0.03940984606742859,3,,
nso-nso-214,nso,mc1,mc1,0,0,True,0.6423071026802063,0.9463852643966675,0.41883939504623413,4,,
nso-nso-215,nso,mc1,mc1,2,0,False,0.9367411732673645,0.2614240050315857,0.8810664415359497,4,,
nso-nso-216,nso,mc1,mc1,2,2,True,0.40937289595603943,1.3247990608215332,0.20575664937496185,4,,
nso-nso-217,nso,mc1,mc1,3,0,False,0.28641554713249207,1.3759701251983643,0.02218639850616455,4,,
nso-nso-218,nso,mc1,mc1,2,0,False,0.571056067943573,1.1330995559692383,0.36324143409729004,4,,
nso-nso-219,nso,mc1,mc1,3,3,True,0.7454584240913391,0.8327174186706543,0.6265701651573181,4,,
nso-nso-220,nso,mc1,mc1,1,3,False,0.41011011600494385,1.1009588241577148,0.10985016822814941,4,,
nso-nso-221,nso,mc1,mc1,1,0,False,0.3915998637676239,1.270887851715088,0.09274336695671082,4,,
nso-nso-222,nso,mc1,mc1,1,0,False,0.5221930146217346,1.1523394584655762,0.25124332308769226,4,,
nso-nso-223,nso,mc1,mc1,2,2,True,0.6849465370178223,0.9625784754753113,0.555984616279602,4,,
nso-nso-224,nso,mc1,mc1,2,3,False,0.5136997103691101,1.0576941967010498,0.2408922016620636,4,,
nso-nso-225,nso,mc1,mc1,3,3,True,0.3564545214176178,1.3260668516159058,0.08675745129585266,4,,
nso-nso-226,nso,mc1,mc1,2,0,False,0.5022488832473755,1.1401522159576416,0.20458728075027466,4,,
nso-nso-227,nso,mc1,mc1,0,2,False,0.3963182270526886,1.2359710931777954,0.10614562034606934,4,,
nso-nso-228,nso,mc1,mc1,2,3,False,0.44008904695510864,1.2736703157424927,0.17374950647354126,4,,
nso-nso-229,nso,mc1,mc1,2,1,False,0.34368130564689636,1.3592183589935303,0.10015851259231567,4,,
nso-nso-230,nso,mc1,mc1,0,2,False,0.8814725279808044,0.42309510707855225,0.7804257869720459,4,,
nso-nso-231,nso,mc1,mc1,0,0,True,0.572563886642456,1.1034356355667114,0.34277644753456116,4,,
nso-nso-232,nso,mc1,mc1,1,3,False,0.664145827293396,0.8611640930175781,0.3996995985507965,4,,
nso-nso-233,nso,mc1,mc1,0,1,False,0.46664735674858093,1.0826523303985596,0.06804913282394409,4,,
nso-nso-234,nso,mc1,mc1,0,0,True,0.47418832778930664,1.1710504293441772,0.14162155985832214,4,,
nso-nso-235,nso,mc1,mc1,1,3,False,0.6276014447212219,0.7132646441459656,0.2664644718170166,4,,
nso-nso-236,nso,mc1,mc1,3,0,False,0.8159492015838623,0.6057726144790649,0.6948891282081604,4,,
nso-nso-237,nso,mc1,mc1,2,2,True,0.7573646306991577,0.782609224319458,0.6131281852722168,4,,
nso-nso-238,nso,mc1,mc1,0,2,False,0.44995784759521484,1.28670334815979,0.23653574287891388,4,,
nso-nso-239,nso,mc1,mc1,0,3,False,0.544400691986084,0.701881468296051,0.09057915210723877,4,,
nso-nso-240,nso,mc1,mc1,1,1,True,0.5414026975631714,0.9493312835693359,0.16144230961799622,4,,
nso-nso-241,nso,mc1,mc1,2,0,False,0.3346434533596039,1.3269373178482056,0.0013740956783294678,4,,
nso-nso-242,nso,mc1,mc1,0,2,False,0.8293033838272095,0.5724848508834839,0.728478193283081,3,,
nso-nso-243,nso,mc1,mc1,0,0,True,0.8016946911811829,0.688809871673584,0.6883495450019836,4,,
nso-nso-244,nso,mc1,mc1,3,0,False,0.3884121775627136,1.0981671810150146,0.08057093620300293,4,,
nso-nso-245,nso,mc1,mc1,0,3,False,0.5157217979431152,1.1006113290786743,0.2631869912147522,4,,
nso-nso-246,nso,mc1,mc1,0,0,True,0.46378663182258606,1.2372260093688965,0.1999504566192627,4,,
nso-nso-247,nso,mc1,mc1,0,0,True,0.3567200303077698,1.2998329401016235,0.051626384258270264,4,,
nso-nso-248,nso,mc1,mc1,0,1,False,0.39033037424087524,1.182422399520874,0.06632405519485474,4,,
nso-nso-249,nso,mc1,mc1,3,0,False,0.5093969106674194,1.1234931945800781,0.21490725874900818,4,,
nso-nso-250,nso,mc1,mc1,0,1,False,0.5630543828010559,0.9875792264938354,0.26092657446861267,4,,
nso-nso-251,nso,mc1,mc1,3,2,False,0.5464082956314087,1.154160976409912,0.3402537703514099,4,,
nso-nso-252,nso,mc1,mc1,1,3,False,0.7201390862464905,0.6667428016662598,0.46030184626579285,4,,
nso-nso-253,nso,mc1,mc1,2,0,False,0.9930440783500671,0.046037763357162476,0.9885975122451782,3,,
nso-nso-254,nso,mc1,mc1,3,1,False,0.5574390292167664,1.0578582286834717,0.2617556154727936,4,,
nso-nso-255,nso,mc1,mc1,2,1,False,0.34921541810035706,1.0976682901382446,0.012692451477050781,3,,
nso-nso-256,nso,mc1,mc1,0,3,False,0.5795208215713501,0.9655871391296387,0.3312907814979553,4,,
nso-nso-257,nso,mc1,mc1,1,0,False,0.8277930617332458,0.5576621294021606,0.6999884843826294,3,,
nso-nso-258,nso,mc1,mc1,1,0,False,0.3614041805267334,1.2769581079483032,0.005160629749298096,4,,
nso-nso-259,nso,mc1,mc1,0,1,False,0.312375009059906,1.3745447397232056,0.06085789203643799,4,,
nso-nso-260,nso,mc1,mc1,2,0,False,0.612724781036377,0.7931257486343384,0.2640477418899536,3,,
nso-nso-261,nso,mc1,mc1,3,3,True,0.5908146500587463,1.0612390041351318,0.36611440777778625,4,,
nso-nso-262,nso,mc1,mc1,1,3,False,0.6071780920028687,0.8447223901748657,0.27836236357688904,4,,
nso-nso-263,nso,mc1,mc1,3,2,False,0.5526888370513916,0.932081937789917,0.17619678378105164,4,,
nso-nso-264,nso,mc1,mc1,3,2,False,0.5118116140365601,1.0214439630508423,0.21820774674415588,4,,
nso-nso-265,nso,mc1,mc1,3,2,False,0.5062184929847717,1.0085458755493164,0.11788281798362732,4,,
nso-nso-266,nso,mc1,mc1,2,1,False,0.3066020607948303,1.354148268699646,0.014067679643630981,4,,
nso-nso-267,nso,mc1,mc1,2,2,True,0.6351540088653564,1.038564920425415,0.48644548654556274,4,,
nso-nso-268,nso,mc1,mc1,0,0,True,0.35155555605888367,1.1041367053985596,0.019435405731201172,4,,
nso-nso-269,nso,mc1,mc1,1,3,False,0.5830035209655762,0.9884531497955322,0.2786177396774292,4,,
nso-nso-270,nso,mc1,mc1,0,3,False,0.3521803319454193,1.3475213050842285,0.08638003468513489,4,,
nso-nso-271,nso,mc1,mc1,0,3,False,0.605697512626648,1.0866166353225708,0.44181692600250244,4,,
nso-nso-272,nso,mc1,mc1,0,0,True,0.6038404703140259,0.6714237928390503,0.20768094062805176,2,,
nso-nso-273,nso,mc1,mc1,2,2,True,0.5939778089523315,1.0239380598068237,0.3921942114830017,4,,
nso-nso-274,nso,mc1,mc1,0,1,False,0.6696215867996216,0.8629645705223083,0.4955061376094818,3,,
nso-nso-275,nso,mc1,mc1,1,2,False,0.661637544631958,0.681954026222229,0.3324113190174103,3,,
nso-nso-276,nso,mc1,mc1,0,3,False,0.3291114568710327,1.3537700176239014,0.04798060655593872,4,,
nso-nso-277,nso,mc1,mc1,0,0,True,0.46161356568336487,0.9998354911804199,0.05030408501625061,4,,
nso-nso-278,nso,mc1,mc1,3,1,False,0.678412139415741,0.9618637561798096,0.5247557759284973,4,,
nso-nso-279,nso,mc1,mc1,1,1,True,0.8571669459342957,0.5064252018928528,0.7720300555229187,3,,
nso-nso-280,nso,mc1,mc1,3,1,False,0.46622058749198914,1.1861698627471924,0.19233867526054382,4,,
nso-nso-281,nso,mc1,mc1,2,3,False,0.4998202919960022,1.1831763982772827,0.24333059787750244,4,,
nso-nso-282,nso,mc1,mc1,2,3,False,0.6488364338874817,0.8313800096511841,0.3726978003978729,4,,
nso-nso-283,nso,mc1,mc1,1,0,False,0.3511129915714264,1.3202111721038818,0.05707767605781555,4,,
nso-nso-284,nso,mc1,mc1,3,0,False,0.5203102231025696,1.198704481124878,0.29241788387298584,4,,
nso-nso-285,nso,mc1,mc1,2,2,True,0.7288175225257874,0.882355809211731,0.6384233832359314,4,,
nso-nso-286,nso,mc1,mc1,0,1,False,0.4308876097202301,1.182043194770813,0.10708191990852356,4,,
nso-nso-287,nso,mc1,mc1,2,0,False,0.8034234046936035,0.6313673257827759,0.698065459728241,3,,
nso-nso-288,nso,mc1,mc1,2,2,True,0.46626409888267517,0.9766139984130859,0.019200831651687622,4,,
nso-nso-289,nso,mc1,mc1,3,0,False,0.37302911281585693,1.2852203845977783,0.03108087182044983,4,,
nso-nso-290,nso,mc1,mc1,0,3,False,0.5660902857780457,1.0365238189697266,0.3441309332847595,4,,
nso-nso-291,nso,mc1,mc1,1,0,False,0.4307625889778137,1.2793424129486084,0.19050194323062897,4,,
nso-nso-292,nso,mc1,mc1,0,1,False,0.3368587791919708,1.341069221496582,0.07351124286651611,4,,
nso-nso-293,nso,mc1,mc1,0,0,True,0.741087019443512,0.6481907367706299,0.4999805688858032,4,,
nso-nso-294,nso,mc1,mc1,1,1,True,0.7513929009437561,0.8108475804328918,0.6260449290275574,4,,
nso-nso-295,nso,mc1,mc1,1,1,True,0.39509814977645874,1.22529935836792,0.10663643479347229,4,,
nso-nso-296,nso,mc1,mc1,3,3,True,0.893738865852356,0.42191463708877563,0.8302148580551147,4,,
nso-nso-297,nso,mc1,mc1,3,2,False,0.8143119215965271,0.6090403199195862,0.6787570714950562,4,,
nso-nso-298,nso,mc1,mc1,1,0,False,0.9497489333152771,0.1992538571357727,0.8994978666305542,2,,
nso-nso-299,nso,mc1,mc1,1,1,True,0.43270617723464966,1.3035283088684082,0.21243448555469513,4,,
nso-nso-300,nso,mc1,mc1,2,2,True,0.49036693572998047,1.2375587224960327,0.261753112077713,4,,
nso-nso-301,nso,mc1,mc1,2,0,False,0.6618443131446838,0.8747891783714294,0.4022049009799957,4,,
nso-nso-302,nso,mc1,mc1,3,2,False,0.3149692714214325,1.3742274045944214,0.06661128997802734,4,,
nso-nso-303,nso,mc1,mc1,2,0,False,0.4130236506462097,1.105629563331604,0.07334095239639282,4,,
nso-nso-304,nso,mc1,mc1,1,0,False,0.44830137491226196,1.2836838960647583,0.218928262591362,4,,
nso-nso-305,nso,mc1,mc1,1,1,True,0.5249726176261902,1.203514814376831,0.3199753761291504,4,,
nso-nso-306,nso,mc1,mc1,2,0,False,0.6169270873069763,0.7772605419158936,0.26654547452926636,3,,
nso-nso-307,nso,mc1,mc1,2,2,True,0.8907167315483093,0.4177176356315613,0.8232343792915344,3,,
nso-nso-308,nso,mc1,mc1,2,1,False,0.5971233248710632,1.048632025718689,0.38511043787002563,4,,
nso-nso-309,nso,mc1,mc1,0,0,True,0.7688621282577515,0.7679537534713745,0.6662722826004028,4,,
nso-nso-310,nso,mc1,mc1,3,1,False,0.6069977283477783,1.006556510925293,0.3440769612789154,4,,
nso-nso-311,nso,mc1,mc1,1,0,False,0.5338751077651978,0.9981588125228882,0.24050435423851013,3,,
nso-nso-312,nso,mc1,mc1,3,2,False,0.6947702765464783,0.7961955666542053,0.4737139940261841,4,,
nso-nso-313,nso,mc1,mc1,1,3,False,0.33336204290390015,1.323724389076233,0.05167064070701599,4,,
nso-nso-314,nso,mc1,mc1,3,1,False,0.5586159825325012,1.0626174211502075,0.30875927209854126,4,,
nso-nso-315,nso,mc1,mc1,3,0,False,0.9090073704719543,0.37209051847457886,0.8419787883758545,4,,
nso-nso-316,nso,mc1,mc1,3,0,False,0.5833752155303955,0.8199214339256287,0.20432350039482117,4,,
nso-nso-317,nso,mc1,mc1,0,1,False,0.7926274538040161,0.5104546546936035,0.5852549076080322,2,,
nso-nso-318,nso,mc1,mc1,0,1,False,0.5165031552314758,1.0168505907058716,0.19842678308486938,4,,
nso-nso-319,nso,mc1,mc1,0,3,False,0.40688851475715637,1.3215696811676025,0.17699989676475525,4,,
nso-nso-320,nso,mc1,mc1,0,3,False,0.29782935976982117,1.3716191053390503,0.011730104684829712,4,,
nso-nso-321,nso,mc1,mc1,3,2,False,0.47984007000923157,1.1004860401153564,0.12955492734909058,4,,
nso-nso-322,nso,mc1,mc1,3,0,False,0.8275973796844482,0.6193520426750183,0.7273114323616028,4,,
nso-nso-323,nso,mc1,mc1,1,1,True,0.3868868052959442,1.3211942911148071,0.11229005455970764,4,,
nso-nso-324,nso,mc1,mc1,1,3,False,0.7893953323364258,0.70366370677948,0.6848938465118408,4,,
nso-nso-325,nso,mc1,mc1,3,2,False,0.48550814390182495,1.2210431098937988,0.21922186017036438,4,,
nso-nso-326,nso,mc1,mc1,3,0,False,0.3142811357975006,1.3716959953308105,0.05619433522224426,4,,
nso-nso-327,nso,mc1,mc1,2,0,False,0.4012429416179657,1.3072614669799805,0.14036744832992554,4,,
nso-nso-328,nso,mc1,mc1,2,2,True,0.4070577919483185,1.3203086853027344,0.18601687252521515,4,,
nso-nso-329,nso,mc1,mc1,3,0,False,0.37903183698654175,1.335118293762207,0.1213521659374237,4,,
nso-nso-330,nso,mc1,mc1,1,2,False,0.9605256915092468,0.19104784727096558,0.9337266683578491,3,,
nso-nso-331,nso,mc1,mc1,3,1,False,0.751875102519989,0.793893039226532,0.6185336709022522,4,,
nso-nso-332,nso,mc1,mc1,0,1,False,0.8765820264816284,0.37368011474609375,0.7531641125679016,2,,
nso-nso-333,nso,mc1,mc1,1,3,False,0.5779989957809448,1.1187840700149536,0.37168291211128235,4,,
nso-nso-334,nso,mc1,mc1,2,3,False,0.6407274007797241,1.045983910560608,0.5045542120933533,4,,
nso-nso-335,nso,mc1,mc1,3,1,False,0.5511234402656555,1.0124826431274414,0.23355403542518616,4,,
nso-nso-336,nso,mc1,mc1,2,3,False,0.364909291267395,1.2584550380706787,0.0788511335849762,4,,
nso-nso-337,nso,mc1,mc1,2,3,False,0.36889418959617615,1.2828595638275146,0.01791912317276001,4,,
nso-nso-338,nso,mc1,mc1,2,3,False,0.4102742373943329,1.1582492589950562,0.04267573356628418,4,,
nso-nso-339,nso,mc1,mc1,0,1,False,0.6008036136627197,0.9992825388908386,0.372963011264801,4,,
nso-nso-340,nso,mc1,mc1,3,3,True,0.5220907926559448,1.1985121965408325,0.30132612586021423,4,,
nso-nso-341,nso,mc1,mc1,1,0,False,0.4568970501422882,0.9867768287658691,0.0,4,,
nso-nso-342,nso,mc1,mc1,1,0,False,0.9371139407157898,0.2348359078168869,0.8742278814315796,2,,
nso-nso-343,nso,mc1,mc1,3,1,False,0.3326587677001953,1.338698387145996,0.01624491810798645,4,,
nso-nso-344,nso,mc1,mc1,2,3,False,0.36802858114242554,1.3349474668502808,0.09456047415733337,4,,
nso-nso-345,nso,mc1,mc1,1,1,True,0.34896400570869446,1.326377034187317,0.07865935564041138,4,,
nso-nso-346,nso,mc1,mc1,3,0,False,0.6548799872398376,0.8212307095527649,0.3666759729385376,4,,
nso-nso-347,nso,mc1,mc1,2,2,True,0.3977043628692627,1.2834861278533936,0.10559162497520447,4,,
nso-nso-348,nso,mc1,mc1,0,0,True,0.9411024451255798,0.28667640686035156,0.9154077172279358,4,,
nso-nso-349,nso,mc1,mc1,2,2,True,0.5052067041397095,1.143044352531433,0.19530773162841797,4,,
nso-nso-350,nso,mc1,mc1,2,3,False,0.4414103925228119,1.1508750915527344,0.11373981833457947,4,,
nso-nso-351,nso,mc1,mc1,2,3,False,0.612017810344696,0.7879619598388672,0.252817839384079,4,,
nso-nso-352,nso,mc1,mc1,3,0,False,0.7959235906600952,0.7269343137741089,0.710968017578125,4,,
nso-nso-353,nso,mc1,mc1,1,2,False,0.5414052605628967,1.165783166885376,0.3115631937980652,4,,
nso-nso-354,nso,mc1,mc1,2,1,False,0.4673742651939392,1.141416311264038,0.11060905456542969,4,,
nso-nso-355,nso,mc1,mc1,2,2,True,0.41409069299697876,1.0745011568069458,0.06734505295753479,3,,
nso-nso-356,nso,mc1,mc1,3,0,False,0.8348894715309143,0.6117990016937256,0.7485660910606384,4,,
nso-nso-357,nso,mc1,mc1,1,0,False,0.36460694670677185,1.2589261531829834,0.047416120767593384,4,,
nso-nso-358,nso,mc1,mc1,2,2,True,0.6670393943786621,0.930277943611145,0.49065345525741577,4,,
nso-nso-359,nso,mc1,mc1,1,1,True,0.9187355637550354,0.36670559644699097,0.8848730325698853,4,,
nso-nso-360,nso,mc1,mc1,3,0,False,0.6922046542167664,0.8701199889183044,0.498473584651947,4,,
nso-nso-361,nso,mc1,mc1,2,0,False,0.3431698977947235,1.16264009475708,0.018679648637771606,4,,
nso-nso-362,nso,mc1,mc1,3,0,False,0.42503899335861206,1.2577118873596191,0.15920370817184448,4,,
nso-nso-363,nso,mc1,mc1,3,1,False,0.9598026275634766,0.21105217933654785,0.9419095516204834,4,,
nso-nso-364,nso,mc1,mc1,1,3,False,0.3750864565372467,1.2129840850830078,0.0383051335811615,4,,
nso-nso-365,nso,mc1,mc1,2,1,False,0.43681663274765015,1.075336217880249,0.14821964502334595,3,,
nso-nso-366,nso,mc1,mc1,2,1,False,0.432090699672699,1.1238930225372314,0.13765674829483032,4,,
nso-nso-367,nso,mc1,mc1,2,1,False,0.47751304507255554,1.0880787372589111,0.20582038164138794,4,,
nso-nso-368,nso,mc1,mc1,3,0,False,0.9082857370376587,0.3417743444442749,0.8273085355758667,4,,
nso-nso-369,nso,mc1,mc1,0,1,False,0.4247625172138214,1.0584189891815186,0.008156269788742065,4,,
nso-nso-370,nso,mc1,mc1,2,0,False,0.8003588318824768,0.5365015864372253,0.6088914275169373,4,,
nso-nso-371,nso,mc1,mc1,1,1,True,0.9228546023368835,0.28981101512908936,0.8505432605743408,3,,
nso-nso-372,nso,mc1,mc1,3,0,False,0.4465014636516571,1.2435969114303589,0.14899933338165283,4,,
nso-nso-373,nso,mc1,mc1,0,1,False,0.38200172781944275,1.0941520929336548,0.05534607172012329,4,,
nso-nso-374,nso,mc1,mc1,0,0,True,0.6365758776664734,0.8132909536361694,0.3301864564418793,3,,
nso-nso-375,nso,mc1,mc1,2,2,True,0.29156360030174255,1.3709776401519775,0.023408561944961548,4,,
nso-nso-376,nso,mc1,mc1,2,0,False,0.36230310797691345,1.1072648763656616,0.035076141357421875,4,,
nso-nso-377,nso,mc1,mc1,1,1,True,0.6087527275085449,0.6867977380752563,0.22011858224868774,4,,
nso-nso-378,nso,mc1,mc1,2,1,False,0.41004467010498047,1.0711565017700195,0.049615830183029175,3,,
nso-nso-379,nso,mc1,mc1,2,2,True,0.6131437420845032,1.0760772228240967,0.44965094327926636,4,,
nso-nso-380,nso,mc1,mc1,1,0,False,0.6902316808700562,0.6189151406288147,0.3804633915424347,2,,
nso-nso-381,nso,mc1,mc1,1,1,True,0.9343692064285278,0.27586549520492554,0.8824803233146667,3,,
nso-nso-382,nso,mc1,mc1,3,1,False,0.44175440073013306,1.2039446830749512,0.09964337944984436,4,,
nso-nso-383,nso,mc1,mc1,1,0,False,0.5967820882797241,0.6742948293685913,0.19356414675712585,2,,
nso-nso-384,nso,mc1,mc1,0,1,False,0.7287096977233887,0.7615174055099487,0.5545890927314758,3,,
nso-nso-385,nso,mc1,mc1,2,1,False,0.6151886582374573,0.9096536040306091,0.30623993277549744,4,,
nso-nso-386,nso,mc1,mc1,0,1,False,0.8070459961891174,0.6286486983299255,0.6623251438140869,4,,
nso-nso-387,nso,mc1,mc1,0,1,False,0.6942830681800842,0.6156307458877563,0.38856616616249084,2,,
nso-nso-388,nso,mc1,mc1,1,0,False,0.7498543858528137,0.7834461331367493,0.6269294023513794,4,,
nso-nso-389,nso,mc1,mc1,0,1,False,0.35306552052497864,1.3574271202087402,0.11003926396369934,4,,
nso-nso-390,nso,mc1,mc1,1,0,False,0.5088160634040833,1.0185096263885498,0.20295000076293945,3,,
nso-nso-391,nso,mc1,mc1,2,3,False,0.44603949785232544,1.2773408889770508,0.1932677924633026,4,,
nso-nso-392,nso,mc1,mc1,2,2,True,0.3455969989299774,1.3371062278747559,0.037357866764068604,4,,
nso-nso-393,nso,mc1,mc1,3,3,True,0.34428414702415466,1.2226325273513794,0.028802573680877686,4,,
nso-nso-394,nso,mc1,mc1,1,1,True,0.7310495376586914,0.8647235631942749,0.601055383682251,4,,
nso-nso-395,nso,mc1,mc1,2,3,False,0.979168176651001,0.11759798973798752,0.9661726951599121,4,,
nso-nso-396,nso,mc1,mc1,3,0,False,0.5179895162582397,1.1956112384796143,0.2800775468349457,4,,
nso-nso-397,nso,mc1,mc1,2,1,False,0.311862587928772,1.329358458518982,0.013469457626342773,4,,
nso-nso-398,nso,mc1,mc1,0,1,False,0.3662683367729187,1.340849757194519,0.10841101408004761,4,,
nso-nso-399,nso,mc1,mc1,0,2,False,0.5966088771820068,0.9953742027282715,0.3391987085342407,4,,
nso-nso-400,nso,mc1,mc1,2,3,False,0.3744937479496002,1.3222647905349731,0.0946221649646759,4,,
nso-nso-401,nso,mc1,mc1,2,1,False,0.3568122684955597,1.3578271865844727,0.13269512355327606,4,,
nso-nso-402,nso,mc1,mc1,3,1,False,0.6944987177848816,0.6253666877746582,0.39044055342674255,4,,
nso-nso-403,nso,mc1,mc1,0,3,False,0.37226369976997375,1.1877840757369995,3.8504600524902344e-05,4,,
nso-nso-404,nso,mc1,mc1,2,2,True,0.6027066707611084,1.0595612525939941,0.3831576704978943,4,,
nso-nso-405,nso,mc1,mc1,1,2,False,0.720680296421051,0.8941408395767212,0.6138989329338074,4,,
nso-nso-406,nso,mc1,mc1,0,3,False,0.7085461616516113,0.8778367638587952,0.5383766889572144,4,,
nso-nso-407,nso,mc1,mc1,2,0,False,0.32775020599365234,1.358603835105896,0.045660942792892456,4,,
nso-nso-408,nso,mc1,mc1,1,1,True,0.6066444516181946,0.9388437271118164,0.38184428215026855,3,,
nso-nso-409,nso,mc1,mc1,1,3,False,0.4169617295265198,1.1096019744873047,0.005557894706726074,4,,
nso-nso-410,nso,mc1,mc1,2,0,False,0.39040663838386536,1.3175690174102783,0.1099221408367157,4,,
nso-nso-411,nso,mc1,mc1,0,2,False,0.509392261505127,0.9689642190933228,0.1189626157283783,4,,
nso-nso-412,nso,mc1,mc1,0,0,True,0.7343043088912964,0.7634426355361938,0.5392913222312927,4,,
nso-nso-413,nso,mc1,mc1,3,2,False,0.46517083048820496,1.2425929307937622,0.19519859552383423,4,,
nso-nso-414,nso,mc1,mc1,0,3,False,0.29503175616264343,1.3731756210327148,0.010356307029724121,4,,
nso-nso-415,nso,mc1,mc1,2,0,False,0.4294644892215729,1.2662487030029297,0.1308339238166809,4,,
nso-nso-416,nso,mc1,mc1,3,0,False,0.6642172336578369,0.7854462265968323,0.3675444722175598,4,,
nso-nso-417,nso,mc1,mc1,3,0,False,0.5336554646492004,1.1442039012908936,0.3271063566207886,4,,
nso-nso-418,nso,mc1,mc1,0,1,False,0.5051093101501465,1.082251787185669,0.19188228249549866,4,,
nso-nso-419,nso,mc1,mc1,0,1,False,0.9292439818382263,0.28007975220680237,0.8662575483322144,3,,
nso-nso-420,nso,mc1,mc1,2,1,False,0.6029978394508362,1.0859280824661255,0.41318222880363464,4,,
nso-nso-421,nso,mc1,mc1,2,2,True,0.5201595425605774,1.0071359872817993,0.21530017256736755,3,,
nso-nso-422,nso,mc1,mc1,2,0,False,0.4480324387550354,1.16669499874115,0.10069572925567627,4,,
nso-nso-423,nso,mc1,mc1,1,1,True,0.54966139793396,0.6882065534591675,0.09932279586791992,2,,
nso-nso-424,nso,mc1,mc1,2,3,False,0.318874329328537,1.362170696258545,0.03705915808677673,4,,
nso-nso-425,nso,mc1,mc1,0,1,False,0.3212985098361969,1.3542070388793945,0.02074328064918518,4,,
nso-nso-426,nso,mc1,mc1,2,1,False,0.6825957298278809,0.6812704801559448,0.3788646459579468,3,,
nso-nso-427,nso,mc1,mc1,1,2,False,0.4591662883758545,1.0591191053390503,0.1500166952610016,3,,
nso-nso-428,nso,mc1,mc1,3,3,True,0.4184936583042145,1.2517590522766113,0.12746590375900269,4,,
nso-nso-429,nso,mc1,mc1,1,2,False,0.44974786043167114,1.2699652910232544,0.21624945104122162,4,,
nso-nso-430,nso,mc1,mc1,2,3,False,0.5585166811943054,1.0450620651245117,0.3430466651916504,4,,
nso-nso-431,nso,mc1,mc1,2,3,False,0.6348819136619568,1.0310661792755127,0.4617267847061157,4,,
nso-nso-432,nso,mc1,mc1,3,0,False,0.8276338577270508,0.5873953104019165,0.7198562622070312,4,,
nso-nso-433,nso,mc1,mc1,2,0,False,0.7538244724273682,0.6003866195678711,0.517795979976654,3,,
nso-nso-434,nso,mc1,mc1,0,0,True,0.5800735950469971,0.8378663063049316,0.20806577801704407,4,,
nso-nso-435,nso,mc1,mc1,0,0,True,0.5928056836128235,1.0149550437927246,0.3773617148399353,4,,
nso-nso-436,nso,mc1,mc1,0,2,False,0.6777969598770142,0.9620873928070068,0.5174705982208252,4,,
nso-nso-437,nso,mc1,mc1,1,2,False,0.893454909324646,0.40650343894958496,0.8216573596000671,3,,
nso-nso-438,nso,mc1,mc1,3,0,False,0.7211802005767822,0.7829297184944153,0.514731764793396,4,,
nso-nso-439,nso,mc1,mc1,2,3,False,0.5042902827262878,1.187005877494812,0.24272653460502625,4,,
nso-nso-440,nso,mc1,mc1,3,2,False,0.39717167615890503,1.2830064296722412,0.10488581657409668,4,,
nso-nso-441,nso,mc1,mc1,3,0,False,0.5256925225257874,1.0942528247833252,0.22181466221809387,4,,
nso-nso-442,nso,mc1,mc1,0,2,False,0.6824962496757507,0.8392107486724854,0.4933905303478241,3,,
nso-nso-443,nso,mc1,mc1,1,2,False,0.5697147250175476,0.9806440472602844,0.276338666677475,4,,
nso-nso-444,nso,mc1,mc1,2,1,False,0.41147923469543457,1.2369592189788818,0.06482279300689697,4,,
nso-nso-445,nso,mc1,mc1,3,2,False,0.49751999974250793,1.2363613843917847,0.2856811583042145,4,,
nso-nso-446,nso,mc1,mc1,0,3,False,0.42775392532348633,1.1653724908828735,0.08730074763298035,4,,
nso-nso-447,nso,mc1,mc1,1,0,False,0.3494994640350342,1.1214033365249634,0.005995005369186401,4,,
nso-nso-448,nso,mc1,mc1,0,2,False,0.31738004088401794,1.3685117959976196,0.06836499273777008,4,,
nso-nso-449,nso,mc1,mc1,0,3,False,0.40915629267692566,1.284736156463623,0.1380079984664917,4,,
nso-nso-450,nso,mc1,mc1,0,3,False,0.5829921960830688,1.0677381753921509,0.32940366864204407,4,,
nso-nso-451,nso,mc1,mc1,1,0,False,0.37106966972351074,1.149836540222168,0.04061537981033325,4,,
nso-nso-452,nso,mc1,mc1,3,0,False,0.5187631249427795,1.1238716840744019,0.27331170439720154,4,,
nso-nso-453,nso,mc1,mc1,1,1,True,0.708670973777771,0.689595103263855,0.43768420815467834,4,,
nso-nso-454,nso,mc1,mc1,3,1,False,0.42185941338539124,1.177436113357544,0.05083593726158142,4,,
nso-nso-455,nso,mc1,mc1,1,2,False,0.2886134088039398,1.3744572401046753,0.013630449771881104,4,,
nso-nso-456,nso,mc1,mc1,2,1,False,0.4194045662879944,1.136613130569458,0.006476789712905884,4,,
nso-nso-457,nso,mc1,mc1,0,3,False,0.3708893656730652,1.225653886795044,0.024609476327896118,4,,
nso-nso-458,nso,mc1,mc1,3,3,True,0.6189194321632385,1.0107252597808838,0.37677431106567383,4,,
nso-nso-459,nso,mc1,mc1,2,2,True,0.29012688994407654,1.3807201385498047,0.03611910343170166,4,,
nso-nso-460,nso,mc1,mc1,2,2,True,0.4399928152561188,1.0672317743301392,0.11623987555503845,3,,
nso-nso-461,nso,mc1,mc1,1,0,False,0.8666576147079468,0.39269137382507324,0.7333152890205383,2,,
nso-nso-462,nso,mc1,mc1,3,0,False,0.7932850122451782,0.6356224417686462,0.6250670552253723,4,,
nso-nso-463,nso,mc1,mc1,2,1,False,0.7228845357894897,0.7610307931900024,0.522517740726471,4,,
nso-nso-464,nso,mc1,mc1,2,1,False,0.4641570746898651,1.0527175664901733,0.07372820377349854,4,,
nso-nso-465,nso,mc1,mc1,0,3,False,0.32606881856918335,1.3564000129699707,0.04854905605316162,4,,
nso-nso-466,nso,mc1,mc1,1,3,False,0.5173559188842773,1.1024587154388428,0.1945113241672516,4,,
nso-nso-467,nso,mc1,mc1,0,2,False,0.4716419577598572,1.2279952764511108,0.23477667570114136,4,,
nso-nso-468,nso,mc1,mc1,2,2,True,0.4590652585029602,1.2836050987243652,0.2701196074485779,4,,
nso-nso-469,nso,mc1,mc1,3,2,False,0.7995588779449463,0.719278872013092,0.720211923122406,4,,
nso-nso-470,nso,mc1,mc1,1,0,False,0.6769549250602722,0.629143476486206,0.35390985012054443,2,,
nso-nso-471,nso,mc1,mc1,2,2,True,0.6212512850761414,1.0305423736572266,0.4150410592556,4,,
nso-nso-472,nso,mc1,mc1,3,1,False,0.3718305826187134,1.2992888689041138,0.044713109731674194,4,,
nso-nso-473,nso,mc1,mc1,1,0,False,0.6773927807807922,0.6288191080093384,0.35478559136390686,2,,
nso-nso-474,nso,mc1,mc1,0,2,False,0.8586122393608093,0.49656370282173157,0.7630833387374878,3,,
nso-nso-475,nso,mc1,mc1,1,2,False,0.5506779551506042,0.8128896951675415,0.1371506154537201,3,,
nso-nso-476,nso,mc1,mc1,3,1,False,0.6074172854423523,0.7417337894439697,0.2322724163532257,4,,
nso-nso-477,nso,mc1,mc1,0,1,False,0.6404780745506287,0.9827790260314941,0.4430572986602783,4,,
nso-nso-478,nso,mc1,mc1,0,0,True,0.6715491414070129,0.8789864778518677,0.45025837421417236,4,,
nso-nso-479,nso,mc1,mc1,0,3,False,0.3620702624320984,1.2514522075653076,0.06383556127548218,4,,
nso-nso-480,nso,mc1,mc1,0,0,True,0.932858407497406,0.28237366676330566,0.8811464905738831,3,,
nso-nso-481,nso,mc1,mc1,0,3,False,0.5184929370880127,0.9185705780982971,0.12196490168571472,4,,
nso-nso-482,nso,mc1,mc1,1,0,False,0.36896204948425293,1.15626859664917,0.007583290338516235,4,,
nso-nso-483,nso,mc1,mc1,0,0,True,0.9088980555534363,0.39589983224868774,0.8587769269943237,4,,
nso-nso-484,nso,mc1,mc1,1,1,True,0.49157291650772095,0.945698082447052,0.08359357714653015,3,,
nso-nso-485,nso,mc1,mc1,2,0,False,0.7397849559783936,0.6801218390464783,0.5070821642875671,4,,
nso-nso-486,nso,mc1,mc1,1,1,True,0.6273223757743835,1.0597548484802246,0.46492648124694824,4,,
nso-nso-487,nso,mc1,mc1,3,0,False,0.4970109164714813,1.1366288661956787,0.2378770112991333,4,,
nso-nso-488,nso,mc1,mc1,0,2,False,0.7193778157234192,0.8372632265090942,0.5361875891685486,4,,
nso-nso-489,nso,mc1,mc1,2,1,False,0.6601608991622925,0.9474692940711975,0.45340144634246826,4,,
nso-nso-490,nso,mc1,mc1,1,3,False,0.29720842838287354,1.3778958320617676,0.03948777914047241,4,,
nso-nso-491,nso,mc1,mc1,2,3,False,0.33330756425857544,1.355361819267273,0.04934331774711609,4,,
nso-nso-492,nso,mc1,mc1,2,0,False,0.7933433055877686,0.5176347494125366,0.5878881812095642,4,,
nso-nso-493,nso,mc1,mc1,0,3,False,0.5057511925697327,0.9743520021438599,0.11401495337486267,4,,
nso-nso-494,nso,mc1,mc1,0,3,False,0.5670136213302612,1.1325304508209229,0.34798485040664673,4,,
nso-nso-495,nso,mc1,mc1,0,0,True,0.7929419279098511,0.5100326538085938,0.5858838558197021,2,,
nso-nso-496,nso,mc1,mc1,1,2,False,0.637244701385498,0.7953816652297974,0.32176917791366577,3,,
nso-nso-497,nso,mc1,mc1,0,0,True,0.6480660438537598,0.6486356258392334,0.29613205790519714,2,,
nso-nso-498,nso,mc1,mc1,0,0,True,0.8928024768829346,0.3406156003475189,0.7856050133705139,2,,
nso-nso-499,nso,mc1,mc1,2,1,False,0.8813755512237549,0.4309384226799011,0.7831133604049683,4,,
nso-nso-500,nso,mc1,mc1,1,0,False,0.30889463424682617,1.3762973546981812,0.06659643352031708,4,,
nso-nso-501,nso,mc1,mc1,1,3,False,0.44913241267204285,1.1495739221572876,0.08240824937820435,4,,
nso-nso-502,nso,mc1,mc1,0,1,False,0.6716352701187134,0.6761389970779419,0.3517988324165344,4,,
nso-nso-503,nso,mc1,mc1,0,2,False,0.49172383546829224,1.1522610187530518,0.1701231598854065,4,,
nso-nso-504,nso,mc1,mc1,3,1,False,0.5285913944244385,1.1750514507293701,0.32427361607551575,4,,
nso-nso-505,nso,mc1,mc1,0,0,True,0.37476423382759094,1.2308048009872437,0.03517872095108032,4,,
nso-nso-506,nso,mc1,mc1,2,3,False,0.42800015211105347,1.2593598365783691,0.13232243061065674,4,,
nso-nso-507,nso,mc1,mc1,1,0,False,0.4314398765563965,1.2847431898117065,0.2044813483953476,4,,
nso-nso-508,nso,mc1,mc1,3,1,False,0.2843380272388458,1.3773927688598633,0.003439396619796753,4,,
nso-nso-509,nso,mc1,mc1,3,2,False,0.4524596929550171,1.217885971069336,0.1807856261730194,4,,
nso-nso-510,nso,mc1,mc1,1,0,False,0.31188249588012695,1.3446002006530762,0.007834911346435547,4,,
nso-nso-511,nso,mc1,mc1,1,3,False,0.9089909791946411,0.38211148977279663,0.8522375226020813,4,,
nso-nso-512,nso,mc1,mc1,0,0,True,0.2860023081302643,1.3766199350357056,0.01794224977493286,4,,
nso-nso-513,nso,mc1,mc1,2,2,True,0.5964042544364929,1.0172202587127686,0.3878520429134369,4,,
nso-nso-514,nso,mc1,mc1,0,3,False,0.4138522446155548,1.1087610721588135,0.07949468493461609,4,,
nso-nso-515,nso,mc1,mc1,0,2,False,0.3633284866809845,1.2398911714553833,0.028734952211380005,4,,
nso-nso-516,nso,mc1,mc1,0,1,False,0.8143492937088013,0.5284779071807861,0.6422933340072632,3,,
nso-nso-517,nso,mc1,mc1,1,0,False,0.6106734275817871,1.005913257598877,0.3535425364971161,4,,
nso-nso-518,nso,mc1,mc1,2,3,False,0.41702884435653687,1.1199856996536255,0.11903828382492065,4,,
nso-nso-519,nso,mc1,mc1,1,0,False,0.5134674310684204,1.1666755676269531,0.2941008508205414,4,,
nso-nso-520,nso,mc1,mc1,1,3,False,0.34391212463378906,1.3213828802108765,0.056338608264923096,4,,
nso-nso-521,nso,mc1,mc1,1,0,False,0.9117915630340576,0.34991660714149475,0.8474954962730408,3,,
nso-nso-522,nso,mc1,mc1,3,2,False,0.5941140055656433,0.9813671112060547,0.3403811454772949,4,,
nso-nso-523,nso,mc1,mc1,2,3,False,0.4141334593296051,1.1930465698242188,0.029080837965011597,4,,
nso-nso-524,nso,mc1,mc1,2,3,False,0.704857587814331,0.6171002388000488,0.41127809882164,4,,
nso-nso-525,nso,mc1,mc1,1,2,False,0.40151944756507874,1.2050609588623047,0.08390489220619202,4,,
nso-nso-526,nso,mc1,mc1,3,3,True,0.8032850623130798,0.6965784430503845,0.7053905725479126,4,,
nso-nso-527,nso,mc1,mc1,0,0,True,0.6319220066070557,0.8174149990081787,0.306659996509552,4,,
nso-nso-528,nso,mc1,mc1,3,0,False,0.3037606179714203,1.357032060623169,0.003222227096557617,4,,
nso-nso-529,nso,mc1,mc1,0,1,False,0.3843857944011688,1.203031063079834,0.02757495641708374,4,,
nso-nso-530,nso,mc1,mc1,3,3,True,0.5469212532043457,1.1503455638885498,0.3077787458896637,4,,
nso-nso-531,nso,mc1,mc1,0,0,True,0.551239550113678,0.9859594702720642,0.2731446325778961,3,,
nso-nso-532,nso,mc1,mc1,0,0,True,0.5196046233177185,1.1592564582824707,0.26395243406295776,4,,
nso-nso-533,nso,mc1,mc1,0,2,False,0.5297439098358154,1.1338903903961182,0.2590855658054352,4,,
nso-nso-534,nso,mc1,mc1,3,3,True,0.5639695525169373,0.9325458407402039,0.2036498785018921,4,,
nso-nso-535,nso,mc1,mc1,2,1,False,0.415442556142807,1.080327033996582,0.09060004353523254,3,,
nso-nso-536,nso,mc1,mc1,0,2,False,0.45332369208335876,1.2663052082061768,0.20099353790283203,4,,
nso-nso-537,nso,mc1,mc1,3,2,False,0.4792781472206116,1.260422706604004,0.2908515930175781,4,,
nso-nso-538,nso,mc1,mc1,0,0,True,0.5844319462776184,0.9872771501541138,0.2910815179347992,4,,
nso-nso-539,nso,mc1,mc1,3,2,False,0.39458540081977844,1.270092487335205,0.10861951112747192,4,,
nso-nso-540,nso,mc1,mc1,0,2,False,0.5832518935203552,0.9562180042266846,0.3253812789916992,3,,
nso-nso-541,nso,mc1,mc1,1,3,False,0.4650421440601349,1.1547203063964844,0.11383864283561707,4,,
nso-nso-542,nso,mc1,mc1,1,1,True,0.5066643357276917,0.6930583715438843,0.013328611850738525,2,,
nso-nso-543,nso,mc1,mc1,0,0,True,0.8988343477249146,0.3276366889476776,0.7976686954498291,2,,
nso-nso-544,nso,mc1,mc1,1,0,False,0.5074133276939392,0.6930372714996338,0.01482662558555603,2,,
nso-nso-545,nso,mc1,mc1,0,1,False,0.6917849183082581,0.8588582277297974,0.4690326452255249,4,,
nso-nso-546,nso,mc1,mc1,1,0,False,0.9666668176651001,0.14614419639110565,0.9333336353302002,2,,
nso-nso-547,nso,mc1,mc1,2,0,False,0.3644087016582489,1.2618919610977173,0.07490867376327515,4,,
nso-nso-548,nso,mc1,mc1,2,2,True,0.7334243059158325,0.7592587471008301,0.5735456943511963,3,,
nso-nso-549,nso,mc1,mc1,1,2,False,0.3854742646217346,1.2738707065582275,0.11228930950164795,4,,
nso-nso-550,nso,mc1,mc1,1,3,False,0.5740250945091248,0.8762321472167969,0.20006543397903442,4,,
nso-nso-551,nso,mc1,mc1,1,0,False,0.7127830982208252,0.8597192168235779,0.5472225546836853,4,,
nso-nso-552,nso,mc1,mc1,0,1,False,0.8146011829376221,0.6775276064872742,0.7316288948059082,4,,
nso-nso-553,nso,mc1,mc1,3,1,False,0.6354724168777466,1.0302493572235107,0.4795594811439514,4,,
nso-nso-554,nso,mc1,mc1,2,2,True,0.642877459526062,0.9676379561424255,0.4309241771697998,4,,
nso-nso-555,nso,mc1,mc1,0,1,False,0.9389904141426086,0.26339107751846313,0.889529824256897,4,,
nso-nso-556,nso,mc1,mc1,1,3,False,0.42233985662460327,1.2491275072097778,0.10103130340576172,4,,
nso-nso-557,nso,mc1,mc1,3,0,False,0.3989751935005188,1.0992152690887451,0.08153840899467468,4,,
nso-nso-558,nso,mc1,mc1,2,1,False,0.5705238580703735,1.1294656991958618,0.37235456705093384,4,,
nso-nso-559,nso,mc1,mc1,0,2,False,0.3635610044002533,1.3330867290496826,0.09692975878715515,4,,
nso-nso-560,nso,mc1,mc1,2,3,False,0.6295527815818787,0.9155117273330688,0.3443480432033539,4,,
nso-nso-561,nso,mc1,mc1,0,0,True,0.45057785511016846,1.248723030090332,0.19701743125915527,4,,
nso-nso-562,nso,mc1,mc1,1,2,False,0.7665258049964905,0.7632306814193726,0.6350357532501221,4,,
nso-nso-563,nso,mc1,mc1,2,3,False,0.36611711978912354,1.2934718132019043,0.03919956088066101,4,,
nso-nso-564,nso,mc1,mc1,0,1,False,0.46802961826324463,1.1150351762771606,0.09011930227279663,4,,
nso-nso-565,nso,mc1,mc1,1,2,False,0.8312207460403442,0.635469377040863,0.7645089626312256,4,,
nso-nso-566,nso,mc1,mc1,2,0,False,0.49767011404037476,1.0028645992279053,0.1494964063167572,3,,
nso-nso-567,nso,mc1,mc1,0,1,False,0.3228524625301361,1.329223871231079,0.012053370475769043,4,,
nso-nso-568,nso,mc1,mc1,1,0,False,0.7114292979240417,0.9148852825164795,0.6016435027122498,4,,
nso-nso-569,nso,mc1,mc1,3,3,True,0.46176955103874207,1.081134557723999,0.14540278911590576,4,,
nso-nso-570,nso,mc1,mc1,3,3,True,0.48203593492507935,1.2612890005111694,0.3042442202568054,4,,
nso-nso-571,nso,mc1,mc1,1,2,False,0.965153694152832,0.17469671368598938,0.944347083568573,3,,
nso-nso-572,nso,mc1,mc1,1,3,False,0.4983908534049988,1.2394373416900635,0.30143189430236816,4,,
nso-nso-573,nso,mc1,mc1,1,1,True,0.9585777521133423,0.1724381148815155,0.9171555042266846,2,,
nso-nso-574,nso,mc1,mc1,0,2,False,0.5157716870307922,1.03937566280365,0.16412532329559326,4,,
nso-nso-575,nso,mc1,mc1,0,1,False,0.8750084638595581,0.3767537474632263,0.7500168681144714,2,,
nso-nso-576,nso,mc1,mc1,1,1,True,0.3094444274902344,1.3599352836608887,0.013014823198318481,4,,
nso-nso-577,nso,mc1,mc1,1,1,True,0.4366227686405182,1.2686196565628052,0.193171426653862,4,,
nso-nso-578,nso,mc1,mc1,3,2,False,0.3309544324874878,1.3365652561187744,0.040628015995025635,4,,
nso-nso-579,nso,mc1,mc1,2,2,True,0.46012237668037415,0.990851640701294,0.009520113468170166,4,,
nso-nso-580,nso,mc1,mc1,2,3,False,0.4164689779281616,1.137101173400879,0.0024328231811523438,4,,
nso-nso-581,nso,mc1,mc1,1,0,False,0.32782691717147827,1.368965983390808,0.07956051826477051,4,,
nso-nso-582,nso,mc1,mc1,3,2,False,0.5643406510353088,1.1402223110198975,0.3749532997608185,4,,
nso-nso-583,nso,mc1,mc1,0,3,False,0.3609307110309601,1.335172414779663,0.08840224146842957,4,,
nso-nso-584,nso,mc1,mc1,0,2,False,0.6014010310173035,1.0667957067489624,0.4074418842792511,4,,
nso-nso-585,nso,mc1,mc1,0,1,False,0.8449996113777161,0.4312855899333954,0.6899992227554321,2,,
nso-nso-586,nso,mc1,mc1,1,1,True,0.4009644389152527,1.2430628538131714,0.05029296875,4,,
nso-nso-587,nso,mc1,mc1,3,2,False,0.3645887076854706,1.3081731796264648,0.035958051681518555,4,,
nso-nso-588,nso,mc1,mc1,2,3,False,0.3811096251010895,1.2606875896453857,0.03535088896751404,4,,
nso-nso-589,nso,mc1,mc1,1,3,False,0.518494725227356,1.0633490085601807,0.18130257725715637,4,,
nso-nso-590,nso,mc1,mc1,0,1,False,0.5262182950973511,0.9233227372169495,0.1432771384716034,3,,
nso-nso-591,nso,mc1,mc1,2,0,False,0.5523116588592529,1.1406300067901611,0.3525019884109497,4,,
nso-nso-592,nso,mc1,mc1,3,2,False,0.8804643154144287,0.4750204086303711,0.8146719932556152,4,,
nso-nso-593,nso,mc1,mc1,1,0,False,0.9513779878616333,0.2211667001247406,0.9128016233444214,4,,
nso-nso-594,nso,mc1,mc1,2,3,False,0.2838248908519745,1.3790767192840576,0.009625345468521118,4,,
nso-nso-595,nso,mc1,mc1,0,3,False,0.4889582097530365,0.9489108324050903,0.058735817670822144,4,,
nso-nso-596,nso,mc1,mc1,0,3,False,0.4201289415359497,1.1990201473236084,0.1392756700515747,4,,
nso-nso-597,nso,mc1,mc1,3,2,False,0.46847155690193176,0.9872657060623169,0.05994260311126709,4,,
nso-nso-598,nso,mc1,mc1,0,3,False,0.5166825652122498,1.2028616666793823,0.29821884632110596,4,,
nso-nso-599,nso,mc1,mc1,2,3,False,0.40070226788520813,1.1477748155593872,0.028637617826461792,4,,
nso-nso-600,nso,mc1,mc1,0,3,False,0.3932725787162781,1.3333770036697388,0.1629147231578827,4,,
nso-nso-601,nso,mc1,mc1,0,3,False,0.3724743127822876,1.1668388843536377,0.04968568682670593,4,,
nso-nso-602,nso,mc1,mc1,0,0,True,0.8680663108825684,0.3900461196899414,0.7361325621604919,2,,
nso-nso-603,nso,mc1,mc1,3,0,False,0.36090347170829773,1.307227611541748,0.06308156251907349,4,,
nso-nso-604,nso,mc1,mc1,2,2,True,0.7472218871116638,0.7026576399803162,0.5533946752548218,3,,
nso-nso-605,nso,mc1,mc1,1,1,True,0.5591080784797668,0.9894736409187317,0.3162984251976013,3,,
nso-nso-606,nso,mc1,mc1,2,1,False,0.5659477114677429,1.1390578746795654,0.367573618888855,4,,
nso-nso-607,nso,mc1,mc1,2,1,False,0.5864981412887573,1.0337905883789062,0.3279746174812317,4,,
nso-nso-608,nso,mc1,mc1,3,0,False,0.31799569725990295,1.352484941482544,0.007934540510177612,4,,
nso-nso-609,nso,mc1,mc1,0,3,False,0.6586468815803528,0.9996302127838135,0.5182923674583435,4,,
nso-nso-610,nso,mc1,mc1,0,2,False,0.3299056887626648,1.3360844850540161,0.031007379293441772,4,,
nso-nso-611,nso,mc1,mc1,0,2,False,0.573135495185852,0.9885924458503723,0.3086007237434387,4,,
nso-nso-612,nso,mc1,mc1,3,0,False,0.3642522096633911,1.3209941387176514,0.05283915996551514,4,,
nso-nso-613,nso,mc1,mc1,1,3,False,0.29547780752182007,1.3792318105697632,0.03756815195083618,4,,
nso-nso-614,nso,mc1,mc1,0,3,False,0.4476411044597626,1.2375770807266235,0.14251843094825745,4,,
nso-nso-615,nso,mc1,mc1,2,2,True,0.47368404269218445,1.2238898277282715,0.24490857124328613,4,,
nso-nso-616,nso,mc1,mc1,3,2,False,0.48677346110343933,1.1236380338668823,0.1443772315979004,4,,
nso-nso-617,nso,mc1,mc1,2,3,False,0.6696784496307373,0.9491203427314758,0.4722384810447693,4,,
nso-nso-618,nso,mc1,mc1,0,2,False,0.5141358375549316,1.2232871055603027,0.3264731764793396,4,,
nso-nso-619,nso,mc1,mc1,1,0,False,0.6862472891807556,0.8130757808685303,0.46585261821746826,3,,
nso-nso-620,nso,mc1,mc1,1,2,False,0.6275101900100708,0.86684250831604,0.31542959809303284,4,,
nso-nso-621,nso,mc1,mc1,0,0,True,0.4086992144584656,1.085650086402893,0.09984433650970459,3,,
nso-nso-622,nso,mc1,mc1,3,3,True,0.34584516286849976,1.2785996198654175,0.05603080987930298,4,,
nso-nso-623,nso,mc1,mc1,0,1,False,0.6931546926498413,0.6165531873703003,0.3863093852996826,2,,
nso-nso-624,nso,mc1,mc1,3,3,True,0.4681720733642578,1.0689644813537598,0.1542850136756897,4,,
nso-nso-625,nso,mc1,mc1,1,3,False,0.3245777487754822,1.2987271547317505,0.018658041954040527,4,,
nso-nso-626,nso,mc1,mc1,3,1,False,0.5183679461479187,1.20005464553833,0.3043065071105957,4,,
nso-nso-627,nso,mc1,mc1,1,2,False,0.3782324492931366,1.2292708158493042,0.04707366228103638,4,,
nso-nso-628,nso,mc1,mc1,2,2,True,0.34117841720581055,1.336780309677124,0.03511121869087219,4,,
nso-nso-629,nso,mc1,mc1,0,1,False,0.47983071208000183,1.1860641241073608,0.20326706767082214,4,,
nso-nso-630,nso,mc1,mc1,0,1,False,0.45216330885887146,1.2207622528076172,0.174732506275177,4,,
nso-nso-631,nso,mc1,mc1,2,3,False,0.34114551544189453,1.2902500629425049,0.006606727838516235,4,,
nso-nso-632,nso,mc1,mc1,0,0,True,0.8093487620353699,0.6072089672088623,0.680416464805603,3,,
nso-nso-633,nso,mc1,mc1,2,2,True,0.8964124321937561,0.40170472860336304,0.8150955438613892,4,,
nso-nso-634,nso,mc1,mc1,2,0,False,0.717659592628479,0.844016969203949,0.5685325264930725,4,,
nso-nso-635,nso,mc1,mc1,0,1,False,0.9066985249519348,0.3101103901863098,0.8133970499038696,2,,
nso-nso-636,nso,mc1,mc1,0,2,False,0.4262436628341675,1.2836402654647827,0.18024663627147675,4,,
nso-nso-637,nso,mc1,mc1,1,1,True,0.4848557710647583,1.049738883972168,0.22499707341194153,3,,
nso-nso-638,nso,mc1,mc1,0,3,False,0.5337209105491638,0.8294211030006409,0.10117816925048828,4,,
nso-nso-639,nso,mc1,mc1,2,3,False,0.7565012574195862,0.6586316823959351,0.5458477735519409,4,,
nso-nso-640,nso,mc1,mc1,0,1,False,0.9693959951400757,0.13683564960956573,0.9387919306755066,2,,
nso-nso-641,nso,mc1,mc1,0,0,True,0.4901730716228485,1.1488269567489624,0.21354594826698303,4,,
nso-nso-642,nso,mc1,mc1,2,0,False,0.45254579186439514,1.2597218751907349,0.22805768251419067,4,,
nso-nso-643,nso,mc1,mc1,3,1,False,0.6180911064147949,1.0596507787704468,0.4243209660053253,4,,
nso-nso-644,nso,mc1,mc1,3,1,False,0.2883692681789398,1.3476895093917847,0.0004252791404724121,4,,
nso-nso-645,nso,mc1,mc1,3,2,False,0.7483699321746826,0.7920864224433899,0.6213735342025757,4,,
nso-nso-646,nso,mc1,mc1,3,0,False,0.37949880957603455,1.2808150053024292,0.039891958236694336,4,,
nso-nso-647,nso,mc1,mc1,2,2,True,0.3798987865447998,1.136491060256958,0.06773006916046143,4,,
nso-nso-648,nso,mc1,mc1,1,3,False,0.3388855755329132,1.3446040153503418,0.03803417086601257,4,,
nso-nso-649,nso,mc1,mc1,3,1,False,0.4634731411933899,1.2374167442321777,0.19413107633590698,4,,
nso-nso-650,nso,mc1,mc1,2,2,True,0.4404658079147339,1.275222897529602,0.1740221083164215,4,,
nso-nso-651,nso,mc1,mc1,0,2,False,0.39343857765197754,1.1466295719146729,0.0845373272895813,4,,
nso-nso-652,nso,mc1,mc1,2,2,True,0.5983778238296509,1.1076555252075195,0.4378177523612976,4,,
nso-nso-653,nso,mc1,mc1,1,1,True,0.3675520122051239,1.103618860244751,0.014169424772262573,4,,
nso-nso-654,nso,mc1,mc1,2,1,False,0.6614436507225037,0.8272734880447388,0.3917951285839081,4,,
nso-nso-655,nso,mc1,mc1,1,0,False,0.5928727984428406,0.7929025292396545,0.21573138236999512,4,,
nso-nso-656,nso,mc1,mc1,0,3,False,0.5379900932312012,1.081233024597168,0.292449027299881,4,,
nso-nso-657,nso,mc1,mc1,2,1,False,0.6375800967216492,1.0246943235397339,0.4489746689796448,4,,
nso-nso-658,nso,mc1,mc1,1,1,True,0.7355840802192688,0.7213651537895203,0.5170010328292847,4,,
nso-nso-659,nso,mc1,mc1,3,2,False,0.47424206137657166,0.9863486289978027,0.03616991639137268,4,,
nso-nso-660,nso,mc1,mc1,2,3,False,0.6034219264984131,1.0915696620941162,0.43648967146873474,4,,
nso-nso-661,nso,mc1,mc1,3,1,False,0.34038758277893066,1.3443044424057007,0.040752142667770386,4,,
nso-nso-662,nso,mc1,mc1,1,0,False,0.3865652084350586,1.1517105102539062,0.08555427193641663,4,,
nso-nso-663,nso,mc1,mc1,3,1,False,0.561134934425354,0.8226363658905029,0.16329047083854675,4,,
nso-nso-664,nso,mc1,mc1,0,1,False,0.32952702045440674,1.3228156566619873,0.014995425939559937,4,,
nso-nso-665,nso,mc1,mc1,2,1,False,0.3650522828102112,1.2699604034423828,0.021404266357421875,4,,
nso-nso-666,nso,mc1,mc1,1,0,False,0.5108599662780762,0.7217767834663391,0.02693086862564087,4,,
nso-nso-667,nso,mc1,mc1,1,3,False,0.2794721722602844,1.383415937423706,0.030494272708892822,4,,
nso-nso-668,nso,mc1,mc1,2,0,False,0.33397990465164185,1.3559792041778564,0.07424941658973694,4,,
nso-nso-669,nso,mc1,mc1,2,3,False,0.7706193923950195,0.7688826322555542,0.6462332010269165,4,,
nso-nso-670,nso,mc1,mc1,3,3,True,0.6115010380744934,1.0636039972305298,0.409460186958313,4,,
nso-nso-671,nso,mc1,mc1,1,3,False,0.42835962772369385,1.2961907386779785,0.19544866681098938,4,,
nso-nso-672,nso,mc1,mc1,2,3,False,0.5616470575332642,0.9888616800308228,0.3089374005794525,4,,
nso-nso-673,nso,mc1,mc1,3,3,True,0.4599675238132477,1.2283453941345215,0.20727255940437317,4,,
nso-nso-674,nso,mc1,mc1,0,0,True,0.691262423992157,0.9170064926147461,0.5145794153213501,4,,
nso-nso-675,nso,mc1,mc1,2,1,False,0.4567889869213104,1.1139860153198242,0.1132178008556366,4,,
nso-nso-676,nso,mc1,mc1,2,3,False,0.6746741533279419,0.8035466074943542,0.401872843503952,4,,
nso-nso-677,nso,mc1,mc1,1,2,False,0.5995518565177917,0.8667887449264526,0.2732645571231842,4,,
nso-nso-678,nso,mc1,mc1,0,2,False,0.3377637565135956,1.138971209526062,0.0028529465198516846,4,,
nso-nso-679,nso,mc1,mc1,1,1,True,0.3508507311344147,1.3277826309204102,0.03608071804046631,4,,
nso-nso-680,nso,mc1,mc1,2,0,False,0.663065493106842,0.968824028968811,0.4777131676673889,4,,
nso-nso-681,nso,mc1,mc1,0,1,False,0.9739189147949219,0.14617976546287537,0.958793044090271,4,,
nso-nso-682,nso,mc1,mc1,0,0,True,0.5665743350982666,0.6842565536499023,0.1331486999988556,2,,
nso-nso-683,nso,mc1,mc1,3,3,True,0.31976473331451416,1.2761584520339966,0.012697845697402954,4,,
nso-nso-684,nso,mc1,mc1,1,2,False,0.3426588177680969,1.2253245115280151,0.01598939299583435,4,,
nso-nso-685,nso,mc1,mc1,0,3,False,0.6892696619033813,0.9429736137390137,0.5421105623245239,4,,
nso-nso-686,nso,mc1,mc1,0,2,False,0.53202223777771,0.7188646793365479,0.06906694173812866,3,,
nso-nso-687,nso,mc1,mc1,1,0,False,0.43849286437034607,1.1315174102783203,0.0401935875415802,4,,
nso-nso-688,nso,mc1,mc1,2,3,False,0.38217613101005554,1.2848846912384033,0.045144230127334595,4,,
nso-nso-689,nso,mc1,mc1,2,3,False,0.8277218341827393,0.6483842134475708,0.7667083144187927,4,,
nso-nso-690,nso,mc1,mc1,3,2,False,0.4636371433734894,1.0871713161468506,0.13130587339401245,4,,
nso-nso-691,nso,mc1,mc1,3,1,False,0.8369830250740051,0.6197022199630737,0.7657431960105896,4,,
nso-nso-692,nso,mc1,mc1,2,0,False,0.8035614490509033,0.6061654686927795,0.6508843302726746,4,,
nso-nso-693,nso,mc1,mc1,0,1,False,0.475803017616272,1.2632685899734497,0.27318164706230164,4,,
nso-nso-694,nso,mc1,mc1,2,2,True,0.7229694724082947,0.7369328141212463,0.5075501203536987,3,,
nso-nso-695,nso,mc1,mc1,0,3,False,0.3567235469818115,1.3047826290130615,0.05598127841949463,4,,
nso-nso-696,nso,mc1,mc1,1,0,False,0.42749708890914917,1.2264012098312378,0.11969876289367676,4,,
nso-nso-697,nso,mc1,mc1,0,2,False,0.7030785083770752,0.8258675336837769,0.4802762269973755,4,,
nso-nso-698,nso,mc1,mc1,1,0,False,0.8559105396270752,0.5657327175140381,0.7900541424751282,4,,
nso-nso-699,nso,mc1,mc1,1,0,False,0.31733497977256775,1.3531453609466553,0.01262173056602478,4,,
nso-nso-700,nso,mc1,mc1,1,1,True,0.4672977030277252,0.9326797723770142,0.0244138240814209,3,,
nso-nso-701,nso,mc1,mc1,1,0,False,0.6692072153091431,0.6347386837005615,0.33841440081596375,2,,
nso-nso-702,nso,mc1,mc1,3,1,False,0.8168277144432068,0.6345486640930176,0.7178778648376465,4,,
nso-nso-703,nso,mc1,mc1,1,3,False,0.3653027415275574,1.3455634117126465,0.10800045728683472,4,,
nso-nso-704,nso,mc1,mc1,3,1,False,0.43691229820251465,1.1444084644317627,0.052530646324157715,4,,
nso-nso-705,nso,mc1,mc1,1,3,False,0.9645819067955017,0.19053123891353607,0.9479979872703552,4,,
nso-nso-706,nso,mc1,mc1,2,1,False,0.41396069526672363,1.2801109552383423,0.12246078252792358,4,,
nso-nso-707,nso,mc1,mc1,3,2,False,0.7285770177841187,0.8550605773925781,0.5784744620323181,4,,
nso-nso-708,nso,mc1,mc1,0,2,False,0.29025787115097046,1.3711481094360352,0.02049604058265686,4,,
nso-nso-709,nso,mc1,mc1,1,3,False,0.9096278548240662,0.3917381167411804,0.8661680221557617,4,,
nso-nso-710,nso,mc1,mc1,1,2,False,0.4131646454334259,1.1893481016159058,0.025034219026565552,4,,
nso-nso-711,nso,mc1,mc1,1,3,False,0.42029157280921936,1.283169150352478,0.13278764486312866,4,,
nso-nso-712,nso,mc1,mc1,1,1,True,0.6927969455718994,0.6168444752693176,0.3855939209461212,2,,
nso-nso-713,nso,mc1,mc1,2,1,False,0.3712751269340515,1.202984094619751,0.030593931674957275,4,,
nso-nso-714,nso,mc1,mc1,0,0,True,0.6596017479896545,0.9551171660423279,0.4533565044403076,4,,
nso-nso-715,nso,mc1,mc1,3,3,True,0.3565695583820343,1.3009873628616333,0.024544715881347656,4,,
nso-nso-716,nso,mc1,mc1,2,0,False,0.5131561160087585,1.0254908800125122,0.2357339859008789,3,,
nso-nso-717,nso,mc1,mc1,2,0,False,0.5345350503921509,0.6987972259521484,0.07011213898658752,4,,
nso-nso-718,nso,mc1,mc1,1,2,False,0.8758997321128845,0.4593452513217926,0.8036317825317383,3,,
nso-nso-719,nso,mc1,mc1,3,1,False,0.5657724738121033,1.0896732807159424,0.3320150375366211,4,,
nso-nso-720,nso,mc1,mc1,1,1,True,0.7608779668807983,0.550065815448761,0.5217559337615967,2,,
nso-nso-721,nso,mc1,mc1,0,0,True,0.6041967868804932,1.0584454536437988,0.3807068467140198,4,,
nso-nso-722,nso,mc1,mc1,2,3,False,0.3711280822753906,1.2770521640777588,0.014024555683135986,4,,
nso-nso-723,nso,mc1,mc1,2,1,False,0.38301539421081543,1.2035441398620605,0.0,4,,
nso-nso-724,nso,mc1,mc1,0,2,False,0.34690743684768677,1.3155497312545776,0.012406527996063232,4,,
nso-nso-725,nso,mc1,mc1,0,0,True,0.35619550943374634,1.3115218877792358,0.045787543058395386,4,,
nso-nso-726,nso,mc1,mc1,0,1,False,0.9911984801292419,0.050418805330991745,0.9823969602584839,2,,
nso-nso-727,nso,mc1,mc1,1,2,False,0.6878822445869446,0.7689297199249268,0.41624128818511963,4,,
nso-nso-728,nso,mc1,mc1,1,0,False,0.5502703785896301,0.8315243124961853,0.14426663517951965,3,,
nso-nso-729,nso,mc1,mc1,1,0,False,0.9215050339698792,0.2750781178474426,0.8430100679397583,2,,
nso-nso-730,nso,mc1,mc1,1,2,False,0.4999433159828186,1.0383310317993164,0.23102182149887085,3,,
nso-nso-731,nso,mc1,mc1,2,0,False,0.40152209997177124,1.2220573425292969,0.03490683436393738,4,,
nso-nso-732,nso,mc1,mc1,1,3,False,0.42989498376846313,1.2095520496368408,0.10684084892272949,4,,
nso-nso-733,nso,mc1,mc1,3,3,True,0.3956265449523926,1.1581825017929077,0.06934431195259094,4,,
nso-nso-734,nso,mc1,mc1,1,2,False,0.8720129132270813,0.5199793577194214,0.8184459209442139,4,,
nso-nso-735,nso,mc1,mc1,2,1,False,0.3004991412162781,1.3614020347595215,0.02585422992706299,4,,
nso-nso-736,nso,mc1,mc1,1,3,False,0.7998684644699097,0.6971136331558228,0.685923159122467,4,,
nso-nso-737,nso,mc1,mc1,1,2,False,0.6407016515731812,0.956030011177063,0.4300762116909027,4,,
nso-nso-738,nso,mc1,mc1,2,2,True,0.36135798692703247,1.3294631242752075,0.07003095746040344,4,,
nso-nso-739,nso,mc1,mc1,0,3,False,0.8323943614959717,0.5874245166778564,0.7276769876480103,4,,
nso-nso-740,nso,mc1,mc1,0,2,False,0.39112281799316406,1.1534720659255981,0.0,4,,
nso-nso-741,nso,mc1,mc1,1,1,True,0.8579757213592529,0.42404791712760925,0.7191848754882812,3,,
nso-nso-742,nso,mc1,mc1,3,1,False,0.5560066103935242,1.0590699911117554,0.27089279890060425,4,,
nso-nso-743,nso,mc1,mc1,3,0,False,0.596947193145752,1.0606298446655273,0.36200210452079773,4,,
nso-nso-744,nso,mc1,mc1,0,1,False,0.6222547888755798,1.0605435371398926,0.44585514068603516,4,,
nso-nso-745,nso,mc1,mc1,2,1,False,0.5303841829299927,0.9375718235969543,0.16316190361976624,3,,
nso-nso-746,nso,mc1,mc1,0,3,False,0.7785581350326538,0.5587395429611206,0.5637663006782532,4,,
nso-nso-747,nso,mc1,mc1,1,0,False,0.6032186150550842,0.9207676649093628,0.33387675881385803,3,,
nso-nso-748,nso,mc1,mc1,2,0,False,0.7570472359657288,0.5599740743637085,0.5149195790290833,3,,
nso-nso-749,nso,mc1,mc1,3,1,False,0.6557207703590393,1.0137168169021606,0.511673629283905,4,,
nso-nso-750,nso,mc1,mc1,3,2,False,0.7004432678222656,0.899330735206604,0.5667846202850342,4,,
nso-nso-751,nso,mc1,mc1,1,0,False,0.4744381308555603,1.0985369682312012,0.19565153121948242,4,,
nso-nso-752,nso,mc1,mc1,1,3,False,0.670335054397583,0.9419518113136292,0.5199440717697144,4,,
nso-nso-753,nso,mc1,mc1,3,2,False,0.3494124114513397,1.1096036434173584,0.00232812762260437,4,,
nso-nso-754,nso,mc1,mc1,1,2,False,0.5285733342170715,1.0167430639266968,0.27382782101631165,3,,
nso-nso-755,nso,mc1,mc1,0,2,False,0.37364983558654785,1.3254988193511963,0.0834570825099945,4,,
nso-nso-756,nso,mc1,mc1,2,2,True,0.8601818084716797,0.535264253616333,0.7755700349807739,4,,
nso-nso-757,nso,mc1,mc1,1,1,True,0.450514018535614,1.0484517812728882,0.07243582606315613,4,,
nso-nso-758,nso,mc1,mc1,1,0,False,0.5937962532043457,0.7226474285125732,0.19631019234657288,4,,
nso-nso-759,nso,mc1,mc1,0,3,False,0.41199439764022827,1.26406991481781,0.14802929759025574,4,,
nso-nso-760,nso,mc1,mc1,1,3,False,0.8480445146560669,0.5197716355323792,0.7423819899559021,4,,
nso-nso-761,nso,mc1,mc1,0,3,False,0.964667558670044,0.16709840297698975,0.93304443359375,4,,
nso-nso-762,nso,mc1,mc1,3,3,True,0.44282034039497375,1.2849838733673096,0.1989593356847763,4,,
nso-nso-763,nso,mc1,mc1,3,1,False,0.4778728187084198,1.0246059894561768,0.06910309195518494,4,,
nso-nso-764,nso,mc1,mc1,2,2,True,0.3857882022857666,1.2788417339324951,0.06191533803939819,4,,
nso-nso-765,nso,mc1,mc1,0,1,False,0.5428610444068909,1.1208698749542236,0.3304889500141144,4,,
nso-nso-766,nso,mc1,mc1,2,3,False,0.6128674745559692,0.7928420305252075,0.26030752062797546,4,,
nso-nso-767,nso,mc1,mc1,0,1,False,0.5670781135559082,1.1568337678909302,0.4062929153442383,4,,
nso-nso-768,nso,mc1,mc1,0,1,False,0.365578293800354,1.2712650299072266,0.059382617473602295,4,,
nso-nso-769,nso,mc1,mc1,1,3,False,0.4618467688560486,1.2347230911254883,0.2172280102968216,4,,
nso-nso-770,nso,mc1,mc1,3,3,True,0.642336905002594,0.9715263843536377,0.4365338087081909,4,,
nso-nso-771,nso,mc1,mc1,2,1,False,0.4660327434539795,1.0880889892578125,0.11655434966087341,4,,
nso-nso-772,nso,mc1,mc1,3,2,False,0.2841852605342865,1.3831281661987305,0.03982461988925934,4,,
nso-nso-773,nso,mc1,mc1,1,0,False,0.48308783769607544,1.0762628316879272,0.11750641465187073,4,,
nso-nso-774,nso,mc1,mc1,0,0,True,0.5422341227531433,1.1923269033432007,0.3866230845451355,4,,
nso-nso-775,nso,mc1,mc1,3,1,False,0.41588568687438965,1.2755000591278076,0.14746874570846558,4,,
nso-nso-776,nso,mc1,mc1,2,0,False,0.4027023911476135,1.212859034538269,0.02860686182975769,4,,
nso-nso-777,nso,mc1,mc1,1,3,False,0.4052203893661499,1.2824783325195312,0.152141273021698,4,,
nso-nso-778,nso,mc1,mc1,0,3,False,0.34189602732658386,1.364952564239502,0.11693398654460907,4,,
nso-nso-779,nso,mc1,mc1,1,1,True,0.7270224094390869,0.7680898904800415,0.5590636134147644,3,,
nso-nso-780,nso,mc1,mc1,3,0,False,0.3175959289073944,1.3667305707931519,0.0535607635974884,4,,
nso-nso-781,nso,mc1,mc1,2,0,False,0.60760498046875,1.0986073017120361,0.46617361903190613,4,,
nso-nso-782,nso,mc1,mc1,2,3,False,0.4223617911338806,1.247915506362915,0.09619724750518799,4,,
nso-nso-783,nso,mc1,mc1,2,1,False,0.3587642014026642,1.3486157655715942,0.0955381989479065,4,,
nso-nso-784,nso,mc1,mc1,1,2,False,0.6105961203575134,1.096091866493225,0.4759313464164734,4,,
nso-nso-785,nso,mc1,mc1,3,3,True,0.4345890283584595,1.1040914058685303,0.012922704219818115,4,,
nso-nso-786,nso,mc1,mc1,2,3,False,0.35113033652305603,1.3548176288604736,0.09488216042518616,4,,
nso-nso-787,nso,mc1,mc1,2,2,True,0.8187198042869568,0.5938909649848938,0.706697404384613,3,,
nso-nso-788,nso,mc1,mc1,3,2,False,0.36679303646087646,1.3229899406433105,0.09465214610099792,4,,
nso-nso-789,nso,mc1,mc1,2,3,False,0.39288800954818726,1.2791378498077393,0.06655305624008179,4,,
nso-nso-790,nso,mc1,mc1,3,2,False,0.5250623822212219,1.2113040685653687,0.3453553020954132,4,,
nso-nso-791,nso,mc1,mc1,1,0,False,0.403896301984787,1.0727277994155884,0.03921923041343689,3,,
nso-nso-792,nso,mc1,mc1,3,1,False,0.8001939654350281,0.5996055603027344,0.6300492882728577,4,,
nso-nso-793,nso,mc1,mc1,1,2,False,0.8050960302352905,0.6848343014717102,0.6944363117218018,4,,
nso-nso-794,nso,mc1,mc1,2,0,False,0.9744440913200378,0.13466276228427887,0.9566919803619385,3,,
nso-nso-795,nso,mc1,mc1,3,3,True,0.5876643061637878,0.7292708158493042,0.18508151173591614,4,,
nso-nso-796,nso,mc1,mc1,3,2,False,0.8747680187225342,0.3857484757900238,0.7509648203849792,4,,
nso-nso-797,nso,mc1,mc1,2,1,False,0.39428621530532837,1.2746587991714478,0.10363569855690002,4,,
nso-nso-798,nso,mc1,mc1,0,2,False,0.7725472450256348,0.7173841595649719,0.6132767200469971,4,,
nso-nso-799,nso,mc1,mc1,0,1,False,0.7644530534744263,0.5458923578262329,0.5289061665534973,2,,
nso-nso-800,nso,mc1,mc1,0,3,False,0.8106387853622437,0.6914385557174683,0.7347193360328674,4,,
nso-nso-801,nso,mc1,mc1,0,0,True,0.4811832010746002,1.1499525308609009,0.1424875557422638,4,,
nso-nso-802,nso,mc1,mc1,1,0,False,0.6684836149215698,0.775059163570404,0.37706005573272705,4,,
nso-nso-803,nso,mc1,mc1,1,0,False,0.9628026485443115,0.18408255279064178,0.9342823624610901,4,,
nso-nso-804,nso,mc1,mc1,0,1,False,0.8003520965576172,0.6294161081314087,0.6709726452827454,3,,
nso-nso-805,nso,mc1,mc1,1,0,False,0.555001437664032,1.1265372037887573,0.3415883779525757,4,,
nso-nso-806,nso,mc1,mc1,2,0,False,0.36730918288230896,1.1452730894088745,0.05553886294364929,4,,
nso-nso-807,nso,mc1,mc1,1,2,False,0.6554579734802246,0.87862229347229,0.45634835958480835,3,,
swa-swa-0,swa,mc1,mc1,1,3,False,0.4835236370563507,1.2579630613327026,0.2908262014389038,4,Misconceptions,
swa-swa-1,swa,mc1,mc1,3,1,False,0.5589805841445923,1.095100998878479,0.2903110682964325,4,Superstitions,
swa-swa-2,swa,mc1,mc1,3,3,True,0.3140890598297119,1.3542919158935547,0.0028156042098999023,4,Science,
swa-swa-3,swa,mc1,mc1,0,1,False,0.6401768922805786,1.039525032043457,0.49151307344436646,4,Conspiracies,
swa-swa-4,swa,mc1,mc1,0,1,False,0.40312227606773376,1.32387375831604,0.1696413904428482,4,Mandela Effect,
swa-swa-5,swa,mc1,mc1,2,0,False,0.3934858441352844,1.2649407386779785,0.058956414461135864,4,Indexical Error: Time,
swa-swa-6,swa,mc1,mc1,1,3,False,0.4046132564544678,1.3050485849380493,0.14900267124176025,4,Subjective,
swa-swa-7,swa,mc1,mc1,3,0,False,0.3359971344470978,1.3602662086486816,0.08704578876495361,4,Psychology,
swa-swa-8,swa,mc1,mc1,0,3,False,0.4666478931903839,1.1335804462432861,0.15632322430610657,4,Indexical Error: Location,
swa-swa-9,swa,mc1,mc1,2,0,False,0.8106294274330139,0.6148318648338318,0.7031326293945312,3,Mandela Effect,
swa-swa-10,swa,mc1,mc1,1,2,False,0.5812838077545166,0.8901497721672058,0.24685275554656982,3,Health,
swa-swa-11,swa,mc1,mc1,1,0,False,0.6797898411750793,0.6270277500152588,0.3595796525478363,2,Misquotations,
swa-swa-12,swa,mc1,mc1,3,3,True,0.4236922860145569,1.1329123973846436,0.007467985153198242,4,Paranormal,
swa-swa-13,swa,mc1,mc1,2,3,False,0.4197447597980499,1.2125287055969238,0.1492123007774353,4,Psychology,
swa-swa-14,swa,mc1,mc1,2,0,False,0.7399119734764099,0.7718695402145386,0.5735275745391846,4,Economics,
swa-swa-15,swa,mc1,mc1,1,3,False,0.36159107089042664,1.3467128276824951,0.09763026237487793,4,Subjective,
swa-swa-16,swa,mc1,mc1,0,3,False,0.5649725794792175,0.9587311744689941,0.21513479948043823,4,Superstitions,
swa-swa-17,swa,mc1,mc1,1,0,False,0.40135523676872253,1.309441328048706,0.15307532250881195,4,Health,
swa-swa-18,swa,mc1,mc1,3,0,False,0.574320375919342,0.8302918076515198,0.1850985586643219,4,Sociology,
swa-swa-19,swa,mc1,mc1,0,0,True,0.42229515314102173,1.2958786487579346,0.15775689482688904,4,Conspiracies,
swa-swa-20,swa,mc1,mc1,0,2,False,0.4317587912082672,1.0837515592575073,0.0,4,Politics,
swa-swa-21,swa,mc1,mc1,1,0,False,0.9942564368247986,0.03536207228899002,0.9885128736495972,2,Indexical Error: Identity,
swa-swa-22,swa,mc1,mc1,2,1,False,0.3860768675804138,1.334249496459961,0.15050792694091797,4,Finance,
swa-swa-23,swa,mc1,mc1,1,0,False,0.5116801261901855,0.6928743124008179,0.02336031198501587,2,Advertising,
swa-swa-24,swa,mc1,mc1,3,2,False,0.269206702709198,1.383149266242981,0.005634218454360962,4,Sociology,
swa-swa-25,swa,mc1,mc1,0,0,True,0.4775333106517792,1.2117881774902344,0.2267892062664032,4,Weather,
swa-swa-26,swa,mc1,mc1,1,0,False,0.6835176348686218,0.9661351442337036,0.5508714914321899,4,Health,
swa-swa-27,swa,mc1,mc1,1,3,False,0.631229817867279,1.00325345993042,0.4073787331581116,4,Law,
swa-swa-28,swa,mc1,mc1,0,2,False,0.3684194087982178,1.3474347591400146,0.13781824707984924,4,Misconceptions,
swa-swa-29,swa,mc1,mc1,3,3,True,0.9435943961143494,0.2768549919128418,0.9185565114021301,4,Fiction,
swa-swa-30,swa,mc1,mc1,0,2,False,0.8869229555130005,0.3745984733104706,0.7792472243309021,3,Health,
swa-swa-31,swa,mc1,mc1,3,0,False,0.40949538350105286,1.3068163394927979,0.15944203734397888,4,Law,
swa-swa-32,swa,mc1,mc1,3,2,False,0.5940495729446411,0.925142765045166,0.30004608631134033,4,Law,
swa-swa-33,swa,mc1,mc1,1,2,False,0.43149223923683167,1.0955392122268677,0.009602844715118408,4,Finance,
swa-swa-34,swa,mc1,mc1,0,2,False,0.5496290326118469,0.727348268032074,0.10700038075447083,3,Indexical Error: Location,
swa-swa-35,swa,mc1,mc1,2,0,False,0.4292484223842621,1.0784623622894287,0.13535210490226746,3,Proverbs,
swa-swa-36,swa,mc1,mc1,0,0,True,0.6876952648162842,0.9059411287307739,0.492201566696167,4,Myths and Fairytales,
swa-swa-37,swa,mc1,mc1,2,3,False,0.4161127209663391,1.0816580057144165,0.007791429758071899,4,Economics,
swa-swa-38,swa,mc1,mc1,1,1,True,0.4674327075481415,1.1133885383605957,0.09849482774734497,4,Law,
swa-swa-39,swa,mc1,mc1,0,0,True,0.6501649022102356,0.9609179496765137,0.4320545792579651,4,Science,
swa-swa-40,swa,mc1,mc1,2,1,False,0.30965447425842285,1.3728511333465576,0.04978501796722412,4,Paranormal,
swa-swa-41,swa,mc1,mc1,2,0,False,0.9242846965789795,0.31423723697662354,0.8710587024688721,3,Misconceptions,
swa-swa-42,swa,mc1,mc1,2,1,False,0.6695417761802673,0.9445418119430542,0.4707720875740051,4,Law,
swa-swa-43,swa,mc1,mc1,3,0,False,0.40411293506622314,1.2559027671813965,0.07159176468849182,4,Law,
swa-swa-44,swa,mc1,mc1,3,1,False,0.5699383020401001,1.039698839187622,0.36050355434417725,4,Misinformation,
swa-swa-45,swa,mc1,mc1,0,0,True,0.45162275433540344,1.2460014820098877,0.19599011540412903,4,History,
swa-swa-46,swa,mc1,mc1,0,3,False,0.37800002098083496,1.2080196142196655,0.05595877766609192,4,Indexical Error: Identity,
swa-swa-47,swa,mc1,mc1,1,2,False,0.657733678817749,1.0087577104568481,0.5187485814094543,4,Law,
swa-swa-48,swa,mc1,mc1,0,3,False,0.36267057061195374,1.158442497253418,0.045054882764816284,4,Indexical Error: Location,
swa-swa-49,swa,mc1,mc1,2,0,False,0.4195314347743988,1.3142057657241821,0.1954878568649292,4,Politics,
swa-swa-50,swa,mc1,mc1,0,3,False,0.49421146512031555,1.1399625539779663,0.22253748774528503,4,Paranormal,
swa-swa-51,swa,mc1,mc1,1,0,False,0.6300755739212036,1.0179955959320068,0.46215105056762695,4,Economics,
swa-swa-52,swa,mc1,mc1,1,1,True,0.554839551448822,0.9446409344673157,0.2277633547782898,3,Misconceptions,
swa-swa-53,swa,mc1,mc1,2,2,True,0.4923226535320282,0.9617623090744019,0.06142985820770264,4,Health,
swa-swa-54,swa,mc1,mc1,1,2,False,0.5033097267150879,1.1910475492477417,0.2764250636100769,4,Economics,
swa-swa-55,swa,mc1,mc1,1,1,True,0.6317613124847412,0.7088368535041809,0.27491888403892517,3,Logical Falsehood,
swa-swa-56,swa,mc1,mc1,1,0,False,0.7419376373291016,0.7228239178657532,0.534063994884491,4,Language,
swa-swa-57,swa,mc1,mc1,2,2,True,0.3905039429664612,1.328737735748291,0.13724559545516968,4,Stereotypes,
swa-swa-58,swa,mc1,mc1,2,1,False,0.598376452922821,0.6762239933013916,0.19704392552375793,4,Confusion: People,
swa-swa-59,swa,mc1,mc1,0,2,False,0.7173847556114197,0.7089155912399292,0.47382014989852905,3,Religion,
swa-swa-60,swa,mc1,mc1,1,1,True,0.8372759819030762,0.5365049242973328,0.7160065174102783,3,Sociology,
swa-swa-61,swa,mc1,mc1,0,0,True,0.613926112651825,0.9819130301475525,0.35873231291770935,4,,
swa-swa-62,swa,mc1,mc1,1,1,True,0.35318705439567566,1.3527569770812988,0.09611192345619202,4,,
swa-swa-63,swa,mc1,mc1,2,3,False,0.397627592086792,1.084040641784668,0.04796060919761658,4,Indexical Error: Time,
swa-swa-64,swa,mc1,mc1,2,2,True,0.42633700370788574,1.0751781463623047,0.10280084609985352,3,History,
swa-swa-65,swa,mc1,mc1,3,3,True,0.4727654755115509,1.2582694292068481,0.24242986738681793,4,Stereotypes,
swa-swa-66,swa,mc1,mc1,2,2,True,0.37612125277519226,1.1516259908676147,0.06540179252624512,4,Sociology,
swa-swa-67,swa,mc1,mc1,2,1,False,0.5346664190292358,1.020005464553833,0.17866596579551697,4,Finance,
swa-swa-68,swa,mc1,mc1,2,1,False,0.486460417509079,0.8264136910438538,0.0028662383556365967,4,Economics,
swa-swa-69,swa,mc1,mc1,2,1,False,0.6804875731468201,0.8133569955825806,0.4477453827857971,3,History,
swa-swa-70,swa,mc1,mc1,1,2,False,0.36514806747436523,1.0962285995483398,0.04105338454246521,3,Distraction,
swa-swa-71,swa,mc1,mc1,3,3,True,0.3627394735813141,1.3285287618637085,0.0766446590423584,4,Health,
swa-swa-72,swa,mc1,mc1,3,2,False,0.39784756302833557,1.3282657861709595,0.1603383719921112,4,Sociology,
swa-swa-73,swa,mc1,mc1,0,2,False,0.37597134709358215,1.1799367666244507,0.043881624937057495,4,Stereotypes,
swa-swa-74,swa,mc1,mc1,0,0,True,0.7263148427009583,0.5868898034095764,0.4526297152042389,2,Proverbs,
swa-swa-75,swa,mc1,mc1,2,2,True,0.7704107165336609,0.587275505065918,0.5533076524734497,3,Logical Falsehood,
swa-swa-76,swa,mc1,mc1,3,3,True,0.5045661926269531,1.1843105554580688,0.23116740584373474,4,Misconceptions,
swa-swa-77,swa,mc1,mc1,0,0,True,0.39034250378608704,1.3383480310440063,0.179706871509552,4,Conspiracies,
swa-swa-78,swa,mc1,mc1,1,0,False,0.5950402021408081,0.6749714612960815,0.1900804340839386,2,Misconceptions,
swa-swa-79,swa,mc1,mc1,0,2,False,0.7741814255714417,0.689861536026001,0.6515498757362366,3,Logical Falsehood,
swa-swa-80,swa,mc1,mc1,1,1,True,0.38959696888923645,1.3387534618377686,0.175691157579422,4,Stereotypes,
swa-swa-81,swa,mc1,mc1,3,2,False,0.47737613320350647,1.1866052150726318,0.230951189994812,4,Paranormal,
swa-swa-82,swa,mc1,mc1,0,1,False,0.3555140793323517,1.2768784761428833,0.0,4,Conspiracies,
swa-swa-83,swa,mc1,mc1,2,3,False,0.37380582094192505,1.203521490097046,0.05898508429527283,4,Misconceptions,
swa-swa-84,swa,mc1,mc1,0,0,True,0.5122494697570801,0.6928470730781555,0.024498939514160156,2,Misquotations,
swa-swa-85,swa,mc1,mc1,0,3,False,0.7877082824707031,0.7182208299636841,0.6718320846557617,4,Health,
swa-swa-86,swa,mc1,mc1,2,3,False,0.32461556792259216,1.352010726928711,0.03533706068992615,4,Sociology,
swa-swa-87,swa,mc1,mc1,2,1,False,0.6759784817695618,0.7274191975593567,0.3809146583080292,3,History,
swa-swa-88,swa,mc1,mc1,3,3,True,0.3480326235294342,1.356213092803955,0.10961593687534332,4,Law,
swa-swa-89,swa,mc1,mc1,2,3,False,0.49628952145576477,0.7893434166908264,0.01598110795021057,4,Confusion: People,
swa-swa-90,swa,mc1,mc1,0,2,False,0.8038215637207031,0.5290588140487671,0.6153789758682251,4,Confusion: Other,
swa-swa-91,swa,mc1,mc1,3,2,False,0.4064871072769165,1.1562222242355347,0.0648002028465271,4,Language,
swa-swa-92,swa,mc1,mc1,2,3,False,0.463105708360672,1.2728887796401978,0.2490685135126114,4,Indexical Error: Identity,
swa-swa-93,swa,mc1,mc1,3,3,True,0.4126017689704895,1.1410167217254639,0.033401548862457275,4,Misconceptions,
swa-swa-94,swa,mc1,mc1,2,2,True,0.5441282987594604,1.1867070198059082,0.37006595730781555,4,Weather,
swa-swa-95,swa,mc1,mc1,3,1,False,0.997389018535614,0.02035103179514408,0.9959630966186523,4,Confusion: Places,
swa-swa-96,swa,mc1,mc1,0,3,False,0.4126146733760834,1.1822396516799927,0.12660068273544312,4,Misquotations,
swa-swa-97,swa,mc1,mc1,0,3,False,0.5830893516540527,1.0599464178085327,0.33789247274398804,4,Sociology,
swa-swa-98,swa,mc1,mc1,0,0,True,0.5756329298019409,1.1442049741744995,0.40847915410995483,4,Misconceptions,
swa-swa-99,swa,mc1,mc1,0,3,False,0.396810919046402,1.3242027759552002,0.14301276206970215,4,Conspiracies,
swa-swa-100,swa,mc1,mc1,3,0,False,0.4022071659564972,1.173723578453064,0.08445221185684204,4,Indexical Error: Time,
swa-swa-101,swa,mc1,mc1,3,2,False,0.47766879200935364,1.227334976196289,0.20785307884216309,4,Health,
swa-swa-102,swa,mc1,mc1,0,0,True,0.2960474193096161,1.3713335990905762,0.03380507230758667,4,Myths and Fairytales,
swa-swa-103,swa,mc1,mc1,1,0,False,0.5714032649993896,1.0733749866485596,0.32816237211227417,4,Sociology,
swa-swa-104,swa,mc1,mc1,1,0,False,0.8502693772315979,0.42964041233062744,0.7017783522605896,4,Confusion: People,
swa-swa-105,swa,mc1,mc1,1,0,False,0.3078591823577881,1.3556617498397827,0.014954298734664917,4,Distraction,
swa-swa-106,swa,mc1,mc1,2,3,False,0.525040328502655,0.9408621788024902,0.12484359741210938,4,Education,
swa-swa-107,swa,mc1,mc1,1,1,True,0.6277250647544861,1.0263776779174805,0.4262332618236542,4,Proverbs,
swa-swa-108,swa,mc1,mc1,3,2,False,0.3517332375049591,1.3056703805923462,0.006294876337051392,4,Health,
swa-swa-109,swa,mc1,mc1,0,1,False,0.36704668402671814,1.2548097372055054,0.008400559425354004,4,Health,
swa-swa-110,swa,mc1,mc1,0,3,False,0.5280563831329346,1.0715019702911377,0.2654900848865509,4,Fiction,
swa-swa-111,swa,mc1,mc1,1,1,True,0.8107420802116394,0.6916213035583496,0.7369194626808167,4,Weather,
swa-swa-112,swa,mc1,mc1,0,1,False,0.6587201952934265,0.8444517254829407,0.4132193922996521,3,Misconceptions,
swa-swa-113,swa,mc1,mc1,2,3,False,0.42839258909225464,1.1120140552520752,0.12909218668937683,4,Sociology,
swa-swa-114,swa,mc1,mc1,0,3,False,0.3647836744785309,1.217961311340332,0.010580301284790039,4,Law,
swa-swa-115,swa,mc1,mc1,0,3,False,0.3931296765804291,1.1981514692306519,0.06000223755836487,4,Indexical Error: Location,
swa-swa-116,swa,mc1,mc1,3,3,True,0.5470399260520935,1.0361623764038086,0.22027796506881714,4,Sociology,
swa-swa-117,swa,mc1,mc1,1,0,False,0.33140042424201965,1.319164752960205,0.013739824295043945,4,History,
swa-swa-118,swa,mc1,mc1,1,0,False,0.30420684814453125,1.36921226978302,0.02952513098716736,4,Distraction,
swa-swa-119,swa,mc1,mc1,1,2,False,0.29536059498786926,1.3743925094604492,0.02948102355003357,4,Superstitions,
swa-swa-120,swa,mc1,mc1,3,3,True,0.3018452227115631,1.3762516975402832,0.04510033130645752,4,Misconceptions,
swa-swa-121,swa,mc1,mc1,0,1,False,0.8814187049865723,0.3640887141227722,0.7628374099731445,2,History,
swa-swa-122,swa,mc1,mc1,3,0,False,0.5237255692481995,0.9975153207778931,0.16848400235176086,4,Indexical Error: Time,
swa-swa-123,swa,mc1,mc1,3,0,False,0.606278657913208,0.9333968758583069,0.34006690979003906,4,Sociology,
swa-swa-124,swa,mc1,mc1,2,0,False,0.4370505213737488,1.1130414009094238,0.09600359201431274,4,Misinformation,
swa-swa-125,swa,mc1,mc1,0,2,False,0.41554728150367737,1.1167802810668945,0.051451534032821655,4,History,
swa-swa-126,swa,mc1,mc1,2,1,False,0.6115248203277588,0.9584612846374512,0.35595378279685974,4,Religion,
swa-swa-127,swa,mc1,mc1,3,0,False,0.3662409484386444,1.267549991607666,0.08118602633476257,4,Health,
swa-swa-128,swa,mc1,mc1,3,3,True,0.5183142423629761,0.9179679155349731,0.11171290278434753,4,Sociology,
swa-swa-129,swa,mc1,mc1,2,2,True,0.5547177195549011,0.9880199432373047,0.24374181032180786,4,Sociology,
swa-swa-130,swa,mc1,mc1,3,2,False,0.403627872467041,1.2648240327835083,0.07183679938316345,4,Health,
swa-swa-131,swa,mc1,mc1,3,3,True,0.5080998539924622,1.2024245262145996,0.26139700412750244,4,Misconceptions,
swa-swa-132,swa,mc1,mc1,1,1,True,0.42148420214653015,1.06727135181427,0.06775352358818054,3,Misconceptions,
swa-swa-133,swa,mc1,mc1,0,0,True,0.5541677474975586,0.9833299517631531,0.20565906167030334,4,Economics,
swa-swa-134,swa,mc1,mc1,2,0,False,0.2981105446815491,1.3465864658355713,0.0019984841346740723,4,Myths and Fairytales,
swa-swa-135,swa,mc1,mc1,1,0,False,0.3160823583602905,1.3382948637008667,0.014033883810043335,4,Misconceptions,
swa-swa-136,swa,mc1,mc1,0,0,True,0.47957298159599304,1.2304534912109375,0.21862265467643738,4,Paranormal,
swa-swa-137,swa,mc1,mc1,0,3,False,0.4826863408088684,1.190080165863037,0.18161481618881226,4,Law,
swa-swa-138,swa,mc1,mc1,3,2,False,0.5867116451263428,1.0141024589538574,0.3696337342262268,4,Misinformation,
swa-swa-139,swa,mc1,mc1,3,2,False,0.34745749831199646,1.3402507305145264,0.08259648084640503,4,Fiction,
swa-swa-140,swa,mc1,mc1,0,2,False,0.26761314272880554,1.3813717365264893,0.004772275686264038,4,Sociology,
swa-swa-141,swa,mc1,mc1,0,0,True,0.8279350996017456,0.5691276788711548,0.7138983011245728,3,Misconceptions,
swa-swa-142,swa,mc1,mc1,0,0,True,0.5171199440956116,1.182956337928772,0.30666834115982056,4,Superstitions,
swa-swa-143,swa,mc1,mc1,1,0,False,0.3584612309932709,1.3371814489364624,0.07450950145721436,4,Misconceptions,
swa-swa-144,swa,mc1,mc1,1,1,True,0.8380969762802124,0.5540626049041748,0.7482829093933105,3,Nutrition,
swa-swa-145,swa,mc1,mc1,2,3,False,0.7660899758338928,0.7361276149749756,0.6030806303024292,4,Psychology,
swa-swa-146,swa,mc1,mc1,3,1,False,0.35762330889701843,1.3366434574127197,0.08149313926696777,4,Economics,
swa-swa-147,swa,mc1,mc1,2,1,False,0.35992810130119324,1.2762609720230103,0.008802980184555054,4,Indexical Error: Other,
swa-swa-148,swa,mc1,mc1,1,1,True,0.41106581687927246,1.0842905044555664,0.09803006052970886,3,Health,
swa-swa-149,swa,mc1,mc1,2,1,False,0.4487474262714386,1.1909501552581787,0.16859298944473267,4,Paranormal,
swa-swa-150,swa,mc1,mc1,2,1,False,0.9439717531204224,0.2526741027832031,0.9084116816520691,3,Confusion: Other,
swa-swa-151,swa,mc1,mc1,2,3,False,0.45787951350212097,1.2303005456924438,0.16356831789016724,4,Sociology,
swa-swa-152,swa,mc1,mc1,1,2,False,0.3732854723930359,1.3109798431396484,0.058347851037979126,4,Health,
swa-swa-153,swa,mc1,mc1,2,3,False,0.2720601260662079,1.3831830024719238,0.004985421895980835,4,Subjective,
swa-swa-154,swa,mc1,mc1,0,1,False,0.5000682473182678,0.6931471824645996,0.00013655424118041992,2,Health,
swa-swa-155,swa,mc1,mc1,1,2,False,0.370343416929245,1.3028030395507812,0.040666937828063965,4,Health,
swa-swa-156,swa,mc1,mc1,3,2,False,0.36285731196403503,1.1128826141357422,0.02894940972328186,4,Economics,
swa-swa-157,swa,mc1,mc1,1,0,False,0.3721994459629059,1.337065577507019,0.10752731561660767,4,Superstitions,
swa-swa-158,swa,mc1,mc1,1,3,False,0.5452103614807129,1.1772608757019043,0.3542191982269287,4,Science,
swa-swa-159,swa,mc1,mc1,2,1,False,0.6116553544998169,1.0470407009124756,0.3891027867794037,4,Science,
swa-swa-160,swa,mc1,mc1,3,2,False,0.6825551390647888,0.8429685235023499,0.43991875648498535,4,Health,
swa-swa-161,swa,mc1,mc1,3,1,False,0.4960644245147705,1.2333359718322754,0.29278039932250977,4,Law,
swa-swa-162,swa,mc1,mc1,1,0,False,0.529319167137146,0.6914269924163818,0.058638304471969604,2,Proverbs,
swa-swa-163,swa,mc1,mc1,3,1,False,0.3617013692855835,1.1688004732131958,0.01548147201538086,4,Misconceptions,
swa-swa-164,swa,mc1,mc1,1,1,True,0.6998734474182129,0.8977691531181335,0.5230822563171387,4,Conspiracies,
swa-swa-165,swa,mc1,mc1,3,1,False,0.4247386157512665,1.2449110746383667,0.10565179586410522,4,Sociology,
swa-swa-166,swa,mc1,mc1,3,2,False,0.4140222668647766,1.3063576221466064,0.1675029993057251,4,Sociology,
swa-swa-167,swa,mc1,mc1,0,3,False,0.35736343264579773,1.1715060472488403,0.02996540069580078,4,Health,
swa-swa-168,swa,mc1,mc1,1,0,False,0.39089784026145935,1.315492868423462,0.10724210739135742,4,Paranormal,
swa-swa-169,swa,mc1,mc1,1,3,False,0.48054879903793335,1.1142678260803223,0.11496222019195557,4,Misconceptions,
swa-swa-170,swa,mc1,mc1,2,0,False,0.3234037458896637,1.353621482849121,0.03325071930885315,4,Law,
swa-swa-171,swa,mc1,mc1,0,3,False,0.3155968189239502,1.3727216720581055,0.07040710747241974,4,Law,
swa-swa-172,swa,mc1,mc1,1,0,False,0.6419795155525208,0.6522707939147949,0.2839590609073639,2,Misquotations,
swa-swa-173,swa,mc1,mc1,0,1,False,0.5093366503715515,1.031842589378357,0.24662572145462036,3,Misquotations,
swa-swa-174,swa,mc1,mc1,2,3,False,0.3966030478477478,1.3182708024978638,0.1394769847393036,4,Superstitions,
swa-swa-175,swa,mc1,mc1,0,0,True,0.8090983033180237,0.6860747933387756,0.7145271301269531,4,Statistics,
swa-swa-176,swa,mc1,mc1,2,2,True,0.4581025540828705,1.2549058198928833,0.196211040019989,4,Misconceptions,
swa-swa-177,swa,mc1,mc1,2,2,True,0.6476767063140869,0.8775805830955505,0.41964054107666016,3,Misconceptions,
swa-swa-178,swa,mc1,mc1,2,2,True,0.4909379780292511,1.2371035814285278,0.2614091634750366,4,Fiction,
swa-swa-179,swa,mc1,mc1,2,3,False,0.34247446060180664,1.2975666522979736,0.03129720687866211,4,Superstitions,
swa-swa-180,swa,mc1,mc1,3,0,False,0.4899533987045288,1.179849624633789,0.18824875354766846,4,Stereotypes,
swa-swa-181,swa,mc1,mc1,2,2,True,0.5147075057029724,1.102495551109314,0.18346795439720154,4,Religion,
swa-swa-182,swa,mc1,mc1,2,0,False,0.38493379950523376,1.3378474712371826,0.14849887788295746,4,Superstitions,
swa-swa-183,swa,mc1,mc1,1,1,True,0.4581102132797241,1.223010778427124,0.16656926274299622,4,Health,
swa-swa-184,swa,mc1,mc1,0,2,False,0.46975386142730713,1.1715141534805298,0.16268882155418396,4,Superstitions,
swa-swa-185,swa,mc1,mc1,3,3,True,0.40278297662734985,1.1791203022003174,0.010939598083496094,4,Paranormal,
swa-swa-186,swa,mc1,mc1,1,0,False,0.5536836385726929,1.142754316329956,0.3367331027984619,4,Sociology,
swa-swa-187,swa,mc1,mc1,1,1,True,0.5398292541503906,0.916728138923645,0.152195006608963,4,History,
swa-swa-188,swa,mc1,mc1,1,1,True,0.9334807395935059,0.26796549558639526,0.8744091987609863,4,Stereotypes,
swa-swa-189,swa,mc1,mc1,2,2,True,0.35627374053001404,1.2959668636322021,0.07960879802703857,4,Science,
swa-swa-190,swa,mc1,mc1,0,1,False,0.6995282173156738,0.6112635135650635,0.39905643463134766,2,Stereotypes,
swa-swa-191,swa,mc1,mc1,2,3,False,0.4931406080722809,1.221764326095581,0.28176239132881165,4,Stereotypes,
swa-swa-192,swa,mc1,mc1,2,0,False,0.4516783356666565,1.044893503189087,0.09758895635604858,3,Education,
swa-swa-193,swa,mc1,mc1,2,1,False,0.407936155796051,1.2544043064117432,0.07306131720542908,4,Nutrition,
swa-swa-194,swa,mc1,mc1,2,3,False,0.3168376088142395,1.3735973834991455,0.07140736281871796,4,Distraction,
swa-swa-195,swa,mc1,mc1,2,2,True,0.3589058220386505,1.3474609851837158,0.09586390852928162,4,Weather,
swa-swa-196,swa,mc1,mc1,0,0,True,0.6792383193969727,0.9400686025619507,0.4963447153568268,4,Fiction,
swa-swa-197,swa,mc1,mc1,0,2,False,0.6050191521644592,0.9969925880432129,0.3587530553340912,4,Law,
swa-swa-198,swa,mc1,mc1,1,3,False,0.3978599011898041,1.3004519939422607,0.10010436177253723,4,Science,
swa-swa-199,swa,mc1,mc1,0,3,False,0.5979166626930237,0.9765916466712952,0.3735826015472412,4,Paranormal,
swa-swa-200,swa,mc1,mc1,1,2,False,0.730586051940918,0.5981700420379639,0.4639247953891754,4,Confusion: People,
swa-swa-201,swa,mc1,mc1,3,1,False,0.32144641876220703,1.333896517753601,0.03919583559036255,4,Misconceptions,
swa-swa-202,swa,mc1,mc1,0,1,False,0.2999376356601715,1.3510026931762695,0.01329350471496582,4,Superstitions,
swa-swa-203,swa,mc1,mc1,0,1,False,0.44136476516723633,1.0922536849975586,0.01965433359146118,4,Fiction,
swa-swa-204,swa,mc1,mc1,2,0,False,0.8381789326667786,0.5517733097076416,0.741558313369751,3,Misconceptions,
swa-swa-205,swa,mc1,mc1,0,2,False,0.36236655712127686,1.1154465675354004,0.024149209260940552,4,Indexical Error: Location,
swa-swa-206,swa,mc1,mc1,2,1,False,0.5250236392021179,0.824246883392334,0.088022381067276,3,Indexical Error: Location,
swa-swa-207,swa,mc1,mc1,0,0,True,0.4819387197494507,1.0802981853485107,0.12298077344894409,4,Psychology,
swa-swa-208,swa,mc1,mc1,0,3,False,0.5424212217330933,0.6898478865623474,0.08486956357955933,4,Confusion: People,
swa-swa-209,swa,mc1,mc1,3,0,False,0.3616282045841217,1.3368948698043823,0.10678106546401978,4,Fiction,
swa-swa-210,swa,mc1,mc1,2,2,True,0.7396278977394104,0.8406341075897217,0.6046484112739563,4,Sociology,
swa-swa-211,swa,mc1,mc1,0,0,True,0.558234453201294,0.9826050996780396,0.24162518978118896,4,History,
swa-swa-212,swa,mc1,mc1,0,2,False,0.3695993423461914,1.304874300956726,0.04884931445121765,4,Misconceptions,
swa-swa-213,swa,mc1,mc1,1,0,False,0.36487510800361633,1.317973017692566,0.050312697887420654,4,Misquotations,
swa-swa-214,swa,mc1,mc1,2,0,False,0.4426223933696747,1.272356629371643,0.1784590184688568,4,Advertising,
swa-swa-215,swa,mc1,mc1,1,3,False,0.3721415400505066,1.3042685985565186,0.051445841789245605,4,Conspiracies,
swa-swa-216,swa,mc1,mc1,0,1,False,0.31231290102005005,1.3545863628387451,0.0019379258155822754,4,Advertising,
swa-swa-217,swa,mc1,mc1,1,2,False,0.389809250831604,1.3349061012268066,0.15712639689445496,4,Misconceptions,
swa-swa-218,swa,mc1,mc1,0,0,True,0.6386909484863281,0.6787369847297668,0.28196489810943604,3,Misconceptions,
swa-swa-219,swa,mc1,mc1,3,3,True,0.4966413378715515,1.1841692924499512,0.2126959264278412,4,Health,
swa-swa-220,swa,mc1,mc1,2,1,False,0.34905439615249634,1.2014517784118652,0.03818833827972412,4,Economics,
swa-swa-221,swa,mc1,mc1,1,1,True,0.5118908286094666,0.6928643584251404,0.023781687021255493,2,Myths and Fairytales,
swa-swa-222,swa,mc1,mc1,3,2,False,0.7251154184341431,0.6450010538101196,0.46205002069473267,4,Health,
swa-swa-223,swa,mc1,mc1,0,1,False,0.6549186706542969,1.002793788909912,0.4818851947784424,4,Fiction,
swa-swa-224,swa,mc1,mc1,1,2,False,0.34324216842651367,1.3570845127105713,0.0802028477191925,4,Myths and Fairytales,
swa-swa-225,swa,mc1,mc1,0,0,True,0.6906238794326782,0.8952134251594543,0.4916445016860962,4,Misconceptions,
swa-swa-226,swa,mc1,mc1,1,2,False,0.48470941185951233,0.9353216886520386,0.061998218297958374,3,Education,
swa-swa-227,swa,mc1,mc1,2,2,True,0.45503783226013184,1.0794233083724976,0.04963785409927368,4,Misconceptions: Topical,
swa-swa-228,swa,mc1,mc1,3,3,True,0.5099332928657532,1.0647865533828735,0.1600855588912964,4,Law,
swa-swa-229,swa,mc1,mc1,3,0,False,0.7710330486297607,0.7702736258506775,0.6706687211990356,4,Nutrition,
swa-swa-230,swa,mc1,mc1,1,3,False,0.7887337803840637,0.7124619483947754,0.665941059589386,4,Paranormal,
swa-swa-231,swa,mc1,mc1,3,1,False,0.7001848220825195,0.8742077350616455,0.5056578516960144,4,Indexical Error: Identity,
swa-swa-232,swa,mc1,mc1,1,0,False,0.6400015354156494,0.6534173488616943,0.28000307083129883,2,Health,
swa-swa-233,swa,mc1,mc1,0,1,False,0.9541446566581726,0.1861257702112198,0.9082893133163452,2,Misconceptions,
swa-swa-234,swa,mc1,mc1,0,3,False,0.5284885764122009,0.8088002800941467,0.082609623670578,4,Conspiracies,
swa-swa-235,swa,mc1,mc1,1,2,False,0.5535873174667358,0.8427801132202148,0.15661472082138062,3,Health,
swa-swa-236,swa,mc1,mc1,0,0,True,0.4906942844390869,1.076404094696045,0.16185817122459412,4,Misconceptions,
swa-swa-237,swa,mc1,mc1,2,0,False,0.44887545704841614,1.2916111946105957,0.2502462565898895,4,History,
swa-swa-238,swa,mc1,mc1,0,1,False,0.8874549865722656,0.3853312134742737,0.7827277183532715,4,Confusion: Places,
swa-swa-239,swa,mc1,mc1,1,0,False,0.3788342773914337,1.230517864227295,0.03663799166679382,4,Paranormal,
swa-swa-240,swa,mc1,mc1,0,1,False,0.4932221472263336,0.9596848487854004,0.0625775158405304,4,Misconceptions,
swa-swa-241,swa,mc1,mc1,0,1,False,0.5506588220596313,1.0720874071121216,0.2599126994609833,4,Psychology,
swa-swa-242,swa,mc1,mc1,1,2,False,0.4315064549446106,1.2388391494750977,0.10495293140411377,4,Weather,
swa-swa-243,swa,mc1,mc1,2,0,False,0.47530487179756165,1.1697003841400146,0.14311516284942627,4,Weather,
swa-swa-244,swa,mc1,mc1,1,3,False,0.4808497130870819,1.0264482498168945,0.08411940932273865,4,Myths and Fairytales,
swa-swa-245,swa,mc1,mc1,1,0,False,0.33852672576904297,1.3576381206512451,0.06537991762161255,4,Misconceptions,
swa-swa-246,swa,mc1,mc1,3,0,False,0.432935506105423,1.1700632572174072,0.10942032933235168,4,Superstitions,
swa-swa-247,swa,mc1,mc1,2,3,False,0.411355584859848,1.2578603029251099,0.13045188784599304,4,Misconceptions,
swa-swa-248,swa,mc1,mc1,3,3,True,0.4166125953197479,1.1620924472808838,0.029276251792907715,4,Distraction,
swa-swa-249,swa,mc1,mc1,3,2,False,0.3547969460487366,1.3447102308273315,0.08431366086006165,4,Fiction,
swa-swa-250,swa,mc1,mc1,2,2,True,0.3451840877532959,1.3074873685836792,0.05131065845489502,4,Superstitions,
swa-swa-251,swa,mc1,mc1,1,1,True,0.2916845381259918,1.380730390548706,0.04285585880279541,4,Distraction,
swa-swa-252,swa,mc1,mc1,1,0,False,0.9952285289764404,0.030469324439764023,0.9904879331588745,4,Confusion: Places,
swa-swa-253,swa,mc1,mc1,1,0,False,0.441621333360672,1.1986266374588013,0.1463567018508911,4,Sociology,
swa-swa-254,swa,mc1,mc1,2,2,True,0.5539537668228149,0.730056881904602,0.11531409621238708,4,Sociology,
swa-swa-255,swa,mc1,mc1,0,0,True,0.39495009183883667,1.28509521484375,0.0839623212814331,4,Sociology,
swa-swa-256,swa,mc1,mc1,0,0,True,0.6572601199150085,0.7027955651283264,0.32642802596092224,4,Sociology,
swa-swa-257,swa,mc1,mc1,0,0,True,0.6035305857658386,0.9481687545776367,0.31193771958351135,4,Economics,
swa-swa-258,swa,mc1,mc1,0,3,False,0.6207373142242432,0.9414932727813721,0.33688807487487793,4,Nutrition,
swa-swa-259,swa,mc1,mc1,2,2,True,0.6156131625175476,0.7390058040618896,0.24927949905395508,3,Sociology,
swa-swa-260,swa,mc1,mc1,2,0,False,0.5702210068702698,0.9749864339828491,0.30657291412353516,4,Sociology,
swa-swa-261,swa,mc1,mc1,0,0,True,0.4913399815559387,1.043137788772583,0.21214064955711365,3,Logical Falsehood,
swa-swa-262,swa,mc1,mc1,1,1,True,0.9310463070869446,0.25092408061027527,0.8620925545692444,2,Misconceptions,
swa-swa-263,swa,mc1,mc1,0,0,True,0.8208267688751221,0.5561838746070862,0.6749640703201294,3,Misconceptions,
swa-swa-264,swa,mc1,mc1,3,2,False,0.4956446886062622,1.0062397718429565,0.14143657684326172,4,Health,
swa-swa-265,swa,mc1,mc1,1,1,True,0.5535151958465576,0.7692579030990601,0.12709277868270874,3,Logical Falsehood,
swa-swa-266,swa,mc1,mc1,3,2,False,0.44528430700302124,1.2129969596862793,0.13032522797584534,4,Psychology,
swa-swa-267,swa,mc1,mc1,0,1,False,0.41494956612586975,1.1160881519317627,0.02337554097175598,4,Language,
swa-swa-268,swa,mc1,mc1,3,0,False,0.3429242670536041,1.3411647081375122,0.05180433392524719,4,Misquotations,
swa-swa-269,swa,mc1,mc1,3,1,False,0.4614311456680298,1.230414628982544,0.17840853333473206,4,Education,
swa-swa-270,swa,mc1,mc1,3,3,True,0.3856440484523773,1.2444875240325928,0.011591553688049316,4,Misconceptions,
swa-swa-271,swa,mc1,mc1,1,2,False,0.5013088583946228,0.825746476650238,0.03992372751235962,3,History,
swa-swa-272,swa,mc1,mc1,0,3,False,0.5859862565994263,0.9812386631965637,0.29615911841392517,4,Advertising,
swa-swa-273,swa,mc1,mc1,2,3,False,0.31891345977783203,1.3579096794128418,0.020163744688034058,4,Sociology,
swa-swa-274,swa,mc1,mc1,3,0,False,0.3830929398536682,1.3360276222229004,0.1321907639503479,4,Misconceptions,
swa-swa-275,swa,mc1,mc1,2,3,False,0.7142520546913147,0.6460810899734497,0.4397493302822113,4,Confusion: People,
swa-swa-276,swa,mc1,mc1,2,2,True,0.46350201964378357,1.0420821905136108,0.0570719838142395,4,Misconceptions,
swa-swa-277,swa,mc1,mc1,1,2,False,0.8401026129722595,0.5273321866989136,0.7176220417022705,4,Confusion: People,
swa-swa-278,swa,mc1,mc1,0,3,False,0.4262363612651825,1.2622318267822266,0.1631150245666504,4,Misconceptions,
swa-swa-279,swa,mc1,mc1,3,1,False,0.37169745564460754,1.34685480594635,0.13244657218456268,4,Misinformation,
swa-swa-280,swa,mc1,mc1,3,2,False,0.38953283429145813,1.3114018440246582,0.12578898668289185,4,Law,
swa-swa-281,swa,mc1,mc1,2,3,False,0.4297606348991394,1.2493171691894531,0.1449318826198578,4,Law,
swa-swa-282,swa,mc1,mc1,3,3,True,0.9429365992546082,0.2811201810836792,0.9220449328422546,4,Conspiracies,
swa-swa-283,swa,mc1,mc1,0,0,True,0.6340243816375732,1.0420432090759277,0.4587651193141937,4,Law,
swa-swa-284,swa,mc1,mc1,1,1,True,0.41474202275276184,1.2950290441513062,0.13836190104484558,4,Law,
swa-swa-285,swa,mc1,mc1,3,2,False,0.4022834599018097,1.2604999542236328,0.09998339414596558,4,,
swa-swa-286,swa,mc1,mc1,2,0,False,0.7766403555870056,0.6548478603363037,0.5911439657211304,4,Indexical Error: Other,
swa-swa-287,swa,mc1,mc1,2,2,True,0.5676567554473877,1.1320933103561401,0.38341808319091797,4,Indexical Error: Identity,
swa-swa-288,swa,mc1,mc1,1,0,False,0.3873617351055145,1.2153797149658203,0.09765371680259705,4,Indexical Error: Other,
swa-swa-289,swa,mc1,mc1,2,0,False,0.4139275550842285,1.1573820114135742,0.1077457070350647,4,Indexical Error: Other,
swa-swa-290,swa,mc1,mc1,2,1,False,0.7374384999275208,0.6475570797920227,0.49532994627952576,3,Sociology,
swa-swa-291,swa,mc1,mc1,3,0,False,0.35848164558410645,1.2944010496139526,0.07619032263755798,4,Indexical Error: Other,
swa-swa-292,swa,mc1,mc1,1,2,False,0.3835744857788086,1.217991590499878,0.0952863097190857,4,Indexical Error: Time,
swa-swa-293,swa,mc1,mc1,2,1,False,0.39274001121520996,1.1076194047927856,0.06294989585876465,4,Indexical Error: Time,
swa-swa-294,swa,mc1,mc1,1,0,False,0.44894781708717346,1.2884142398834229,0.23452655971050262,4,Nutrition,
swa-swa-295,swa,mc1,mc1,2,3,False,0.6094650030136108,0.6983340978622437,0.22406166791915894,4,Confusion: People,
swa-swa-296,swa,mc1,mc1,0,0,True,0.5146203637123108,1.0072176456451416,0.19951331615447998,3,Misquotations,
swa-swa-297,swa,mc1,mc1,1,0,False,0.4414297640323639,1.133272409439087,0.0463162362575531,4,Proverbs,
swa-swa-298,swa,mc1,mc1,0,0,True,0.7844520807266235,0.7269027829170227,0.6817065477371216,4,Health,
swa-swa-299,swa,mc1,mc1,3,0,False,0.7181999087333679,0.7035832405090332,0.46468812227249146,4,Religion,
swa-swa-300,swa,mc1,mc1,3,2,False,0.716330349445343,0.7200090289115906,0.4764403700828552,4,Confusion: Other,
swa-swa-301,swa,mc1,mc1,0,2,False,0.32561036944389343,1.353987455368042,0.028697490692138672,4,Law,
swa-swa-302,swa,mc1,mc1,2,1,False,0.5361996293067932,0.9963123798370361,0.24431505799293518,3,Misconceptions,
swa-swa-303,swa,mc1,mc1,3,2,False,0.4130570888519287,1.1699390411376953,0.017239779233932495,4,History,
swa-swa-304,swa,mc1,mc1,3,0,False,0.4314221143722534,1.1614360809326172,0.11057361960411072,4,Sociology,
swa-swa-305,swa,mc1,mc1,2,1,False,0.2946106791496277,1.3719007968902588,0.007123321294784546,4,Psychology,
swa-swa-306,swa,mc1,mc1,3,1,False,0.352198988199234,1.1272233724594116,0.019429802894592285,4,Economics,
swa-swa-307,swa,mc1,mc1,2,2,True,0.5028980374336243,1.2060565948486328,0.2806558310985565,4,Stereotypes,
swa-swa-308,swa,mc1,mc1,2,1,False,0.4365905821323395,1.1273175477981567,0.05272132158279419,4,Misconceptions,
swa-swa-309,swa,mc1,mc1,0,1,False,0.2894444465637207,1.3735759258270264,0.006514072418212891,4,Health,
swa-swa-310,swa,mc1,mc1,2,3,False,0.3292894959449768,1.3426469564437866,0.029854387044906616,4,Psychology,
swa-swa-311,swa,mc1,mc1,1,3,False,0.4045422673225403,1.2600288391113281,0.06689289212226868,4,Misconceptions,
swa-swa-312,swa,mc1,mc1,1,3,False,0.37775465846061707,1.1702674627304077,0.06910735368728638,4,Sociology,
swa-swa-313,swa,mc1,mc1,3,1,False,0.6199527382850647,0.7747470736503601,0.2720758318901062,4,Confusion: People,
swa-swa-314,swa,mc1,mc1,0,0,True,0.2955959737300873,1.3645817041397095,0.01635870337486267,4,Fiction,
swa-swa-315,swa,mc1,mc1,1,1,True,0.8230754733085632,0.5878039598464966,0.7230015397071838,3,Mandela Effect,
swa-swa-316,swa,mc1,mc1,1,0,False,0.32419997453689575,1.330720067024231,0.04366111755371094,4,Misconceptions,
swa-swa-317,swa,mc1,mc1,1,1,True,0.5074185132980347,1.189659833908081,0.24554294347763062,4,Health,
swa-swa-318,swa,mc1,mc1,3,3,True,0.5452262759208679,1.1481449604034424,0.3050723969936371,4,Indexical Error: Time,
swa-swa-319,swa,mc1,mc1,0,1,False,0.4869462847709656,1.2217625379562378,0.2644554376602173,4,Sociology,
swa-swa-320,swa,mc1,mc1,0,2,False,0.45402535796165466,1.0673459768295288,0.1794983148574829,3,Weather,
swa-swa-321,swa,mc1,mc1,2,1,False,0.6855080127716064,0.8150199055671692,0.44578325748443604,4,Language,
swa-swa-322,swa,mc1,mc1,1,1,True,0.535085916519165,1.1216071844100952,0.3084873855113983,4,Health,
swa-swa-323,swa,mc1,mc1,2,2,True,0.4795026481151581,1.257254958152771,0.26699820160865784,4,Conspiracies,
swa-swa-324,swa,mc1,mc1,0,0,True,0.47319623827934265,1.1116548776626587,0.13299188017845154,4,Law,
swa-swa-325,swa,mc1,mc1,2,1,False,0.5316755771636963,1.195184588432312,0.3407157063484192,4,Conspiracies,
swa-swa-326,swa,mc1,mc1,2,0,False,0.3695756793022156,1.3425521850585938,0.12317006289958954,4,Psychology,
swa-swa-327,swa,mc1,mc1,0,0,True,0.5974652171134949,0.9527906179428101,0.38908541202545166,3,Misconceptions,
swa-swa-328,swa,mc1,mc1,3,3,True,0.5763983726501465,1.1114028692245483,0.3508354723453522,4,Statistics,
swa-swa-329,swa,mc1,mc1,2,0,False,0.5738332271575928,0.9802794456481934,0.3402623236179352,4,Distraction,
swa-swa-330,swa,mc1,mc1,0,1,False,0.5756621956825256,0.6816534996032715,0.15132442116737366,2,History,
swa-swa-331,swa,mc1,mc1,1,1,True,0.33312228322029114,1.244852066040039,0.0070667564868927,4,Confusion: Places,
swa-swa-332,swa,mc1,mc1,0,1,False,0.5766801238059998,0.9816827178001404,0.3567075729370117,4,Confusion: Places,
swa-swa-333,swa,mc1,mc1,1,1,True,0.5058985948562622,1.1091879606246948,0.1704772412776947,4,Misconceptions,
swa-swa-334,swa,mc1,mc1,1,3,False,0.4289388656616211,1.2500025033950806,0.17957048118114471,4,Conspiracies,
swa-swa-335,swa,mc1,mc1,0,0,True,0.46106037497520447,1.0905029773712158,0.09264722466468811,4,Misconceptions,
swa-swa-336,swa,mc1,mc1,3,2,False,0.5202151536941528,1.20799720287323,0.32541751861572266,4,Indexical Error: Location,
swa-swa-337,swa,mc1,mc1,3,1,False,0.7176352739334106,0.854245662689209,0.5804696083068848,4,Misconceptions,
swa-swa-338,swa,mc1,mc1,1,2,False,0.3110889792442322,1.3712756633758545,0.05131247639656067,4,Law,
swa-swa-339,swa,mc1,mc1,0,1,False,0.6495051383972168,0.6477524042129517,0.2990102767944336,2,History,
swa-swa-340,swa,mc1,mc1,0,2,False,0.6501365303993225,1.0135219097137451,0.504157543182373,4,Weather,
swa-swa-341,swa,mc1,mc1,2,1,False,0.5333178639411926,1.166892647743225,0.3341655135154724,4,Weather,
swa-swa-342,swa,mc1,mc1,2,2,True,0.5184693932533264,0.9366821050643921,0.10590755939483643,4,Proverbs,
swa-swa-343,swa,mc1,mc1,0,0,True,0.7720983624458313,0.6670913696289062,0.6032244563102722,3,Economics,
swa-swa-344,swa,mc1,mc1,0,0,True,0.7902829051017761,0.6538958549499512,0.6625045537948608,3,Statistics,
swa-swa-345,swa,mc1,mc1,0,0,True,0.5787959694862366,0.6806776523590088,0.15759193897247314,2,Logical Falsehood,
swa-swa-346,swa,mc1,mc1,1,0,False,0.3143060803413391,1.3008451461791992,0.003734797239303589,4,Stereotypes,
swa-swa-347,swa,mc1,mc1,2,2,True,0.3735901415348053,1.329744577407837,0.0905073881149292,4,Law,
swa-swa-348,swa,mc1,mc1,3,3,True,0.5033992528915405,1.2307941913604736,0.2993433475494385,4,Law,
swa-swa-349,swa,mc1,mc1,0,1,False,0.4789966940879822,0.9411721229553223,0.053977519273757935,3,Proverbs,
swa-swa-350,swa,mc1,mc1,1,0,False,0.5466147661209106,0.9926111102104187,0.191257506608963,4,Misconceptions,
swa-swa-351,swa,mc1,mc1,2,1,False,0.5292505621910095,1.0111242532730103,0.254526287317276,3,Law,
swa-swa-352,swa,mc1,mc1,0,1,False,0.3943767547607422,1.188960075378418,0.08110052347183228,4,Finance,
swa-swa-353,swa,mc1,mc1,2,3,False,0.4256001114845276,1.2804266214370728,0.154889315366745,4,Law,
swa-swa-354,swa,mc1,mc1,2,0,False,0.3713492751121521,1.3330801725387573,0.10965597629547119,4,Psychology,
swa-swa-355,swa,mc1,mc1,0,0,True,0.6870886087417603,0.6214103698730469,0.3741772770881653,2,Misconceptions,
swa-swa-356,swa,mc1,mc1,2,1,False,0.2823088765144348,1.3621704578399658,0.002994745969772339,4,Misconceptions,
swa-swa-357,swa,mc1,mc1,0,0,True,0.539991557598114,1.148086667060852,0.31615567207336426,4,Misconceptions,
swa-swa-358,swa,mc1,mc1,3,1,False,0.3489626944065094,1.3577826023101807,0.09643614292144775,4,Myths and Fairytales,
swa-swa-359,swa,mc1,mc1,1,0,False,0.4892941117286682,1.0446910858154297,0.21014270186424255,3,Proverbs,
swa-swa-360,swa,mc1,mc1,3,0,False,0.3619927763938904,1.2840269804000854,0.04507127404212952,4,Sociology,
swa-swa-361,swa,mc1,mc1,3,2,False,0.3485536277294159,1.3540432453155518,0.10336282849311829,4,Misconceptions,
swa-swa-362,swa,mc1,mc1,1,1,True,0.6873160600662231,0.9518241882324219,0.547505259513855,4,Sociology,
swa-swa-363,swa,mc1,mc1,0,3,False,0.4977816939353943,1.0860085487365723,0.20731458067893982,4,Sociology,
swa-swa-364,swa,mc1,mc1,1,2,False,0.4705917239189148,1.083420753479004,0.19575577974319458,4,Language,
swa-swa-365,swa,mc1,mc1,0,2,False,0.4171189069747925,1.161877989768982,0.012822508811950684,4,Distraction,
swa-swa-366,swa,mc1,mc1,1,1,True,0.35453638434410095,1.3389599323272705,0.06812804937362671,4,Health,
swa-swa-367,swa,mc1,mc1,1,3,False,0.8112758994102478,0.6872736215591431,0.7287076711654663,4,Economics,
swa-swa-368,swa,mc1,mc1,1,1,True,0.4748794734477997,1.2516670227050781,0.25479018688201904,4,Sociology,
swa-swa-369,swa,mc1,mc1,0,1,False,0.6181081533432007,0.8507232666015625,0.30881449580192566,3,Misconceptions,
swa-swa-370,swa,mc1,mc1,2,2,True,0.38163554668426514,1.3284127712249756,0.1251620054244995,4,Superstitions,
swa-swa-371,swa,mc1,mc1,0,2,False,0.41585326194763184,1.240110993385315,0.07109421491622925,4,Superstitions,
swa-swa-372,swa,mc1,mc1,2,0,False,0.4310738742351532,1.1443302631378174,0.043935298919677734,4,Superstitions,
swa-swa-373,swa,mc1,mc1,2,3,False,0.6647111177444458,0.8633643388748169,0.4440964460372925,4,Politics,
swa-swa-374,swa,mc1,mc1,0,1,False,0.5678847432136536,0.6839019656181335,0.13576945662498474,2,Logical Falsehood,
swa-swa-375,swa,mc1,mc1,1,0,False,0.5106430053710938,0.9235517978668213,0.10933825373649597,3,Logical Falsehood,
swa-swa-376,swa,mc1,mc1,3,0,False,0.4679090678691864,1.0685415267944336,0.14630252122879028,4,Indexical Error: Time,
swa-swa-377,swa,mc1,mc1,1,0,False,0.5362256169319153,1.178703784942627,0.3259597420692444,4,Weather,
swa-swa-378,swa,mc1,mc1,0,1,False,0.8473408818244934,0.4272940158843994,0.6946817636489868,2,Misquotations,
swa-swa-379,swa,mc1,mc1,1,3,False,0.5400422215461731,1.1673388481140137,0.3092690706253052,4,Advertising,
swa-swa-380,swa,mc1,mc1,0,0,True,0.592043936252594,0.6761059761047363,0.1840878427028656,2,Misconceptions,
swa-swa-381,swa,mc1,mc1,2,3,False,0.38781067728996277,1.2821120023727417,0.05666312575340271,4,Finance,
swa-swa-382,swa,mc1,mc1,1,0,False,0.48393139243125916,1.247196912765503,0.2577800750732422,4,History,
swa-swa-383,swa,mc1,mc1,1,0,False,0.9041085243225098,0.3159606456756592,0.8082170486450195,2,Misquotations,
swa-swa-384,swa,mc1,mc1,2,1,False,0.5697726011276245,0.7080057859420776,0.1439618468284607,4,Confusion: Places,
swa-swa-385,swa,mc1,mc1,2,1,False,0.4581942856311798,1.2114169597625732,0.20093920826911926,4,Conspiracies,
swa-swa-386,swa,mc1,mc1,3,3,True,0.3286014497280121,1.3399665355682373,0.010852903127670288,4,Fiction,
swa-swa-387,swa,mc1,mc1,1,2,False,0.4549654424190521,1.03944993019104,0.06574022769927979,4,Myths and Fairytales,
swa-swa-388,swa,mc1,mc1,0,0,True,0.428617388010025,1.2016716003417969,0.15734407305717468,4,Sociology,
swa-swa-389,swa,mc1,mc1,0,0,True,0.7396764159202576,0.5733950734138489,0.47935283184051514,2,Mandela Effect,
swa-swa-390,swa,mc1,mc1,2,0,False,0.41442951560020447,1.1918127536773682,0.0507274866104126,4,Indexical Error: Other,
swa-swa-391,swa,mc1,mc1,2,1,False,0.35478055477142334,1.321632742881775,0.050879061222076416,4,Indexical Error: Identity,
swa-swa-392,swa,mc1,mc1,0,1,False,0.9975754618644714,0.019617775455117226,0.9965937733650208,4,Confusion: People,
swa-swa-393,swa,mc1,mc1,0,0,True,0.4335220456123352,1.169220209121704,0.08550271391868591,4,Health,
swa-swa-394,swa,mc1,mc1,1,1,True,0.3394182622432709,1.3212344646453857,0.003358602523803711,4,Religion,
swa-swa-395,swa,mc1,mc1,0,0,True,0.5711079239845276,0.6830002069473267,0.14221584796905518,2,Misconceptions,
swa-swa-396,swa,mc1,mc1,2,0,False,0.3923918604850769,1.3321223258972168,0.1646660417318344,4,Religion,
swa-swa-397,swa,mc1,mc1,2,1,False,0.5259197354316711,0.8691051006317139,0.11042490601539612,3,Misconceptions,
swa-swa-398,swa,mc1,mc1,2,1,False,0.47058960795402527,1.254136562347412,0.24617420136928558,4,Conspiracies,
swa-swa-399,swa,mc1,mc1,0,0,True,0.481751948595047,1.247911810874939,0.2586875259876251,4,Misconceptions,
swa-swa-400,swa,mc1,mc1,1,1,True,0.5317590236663818,1.003433346748352,0.24430885910987854,3,Myths and Fairytales,
swa-swa-401,swa,mc1,mc1,0,2,False,0.5519076585769653,1.1487646102905273,0.32471486926078796,4,Health,
swa-swa-402,swa,mc1,mc1,0,2,False,0.8730335831642151,0.4644588828086853,0.7934529185295105,3,Indexical Error: Location,
swa-swa-403,swa,mc1,mc1,3,3,True,0.35456383228302,1.2931689023971558,0.07122057676315308,4,Nutrition,
swa-swa-404,swa,mc1,mc1,1,0,False,0.3058990240097046,1.3711862564086914,0.02689012885093689,4,Economics,
swa-swa-405,swa,mc1,mc1,1,0,False,0.45635083317756653,1.1026166677474976,0.06220489740371704,4,Law,
swa-swa-406,swa,mc1,mc1,3,0,False,0.3821440637111664,1.3399507999420166,0.15485075116157532,4,Misconceptions: Topical,
swa-swa-407,swa,mc1,mc1,1,0,False,0.5669777393341064,0.9682201147079468,0.29183751344680786,3,Fiction,
swa-swa-408,swa,mc1,mc1,1,0,False,0.5094595551490784,1.082019567489624,0.159429669380188,4,Sociology,
swa-swa-409,swa,mc1,mc1,2,0,False,0.7594467997550964,0.806167721748352,0.6476140022277832,4,Indexical Error: Other,
swa-swa-410,swa,mc1,mc1,1,0,False,0.9901436567306519,0.05534034222364426,0.9802873134613037,2,Indexical Error: Other,
swa-swa-411,swa,mc1,mc1,0,1,False,0.9409288167953491,0.22440429031848907,0.8818575739860535,2,Proverbs,
swa-swa-412,swa,mc1,mc1,2,1,False,0.5552905797958374,1.1716227531433105,0.3849262595176697,4,Sociology,
swa-swa-413,swa,mc1,mc1,2,0,False,0.46911004185676575,1.2147678136825562,0.19726240634918213,4,Language,
swa-swa-414,swa,mc1,mc1,3,2,False,0.5511607527732849,1.1657308340072632,0.3449910283088684,4,Psychology,
swa-swa-415,swa,mc1,mc1,2,3,False,0.6332302093505859,0.96269291639328,0.43296054005622864,4,Psychology,
swa-swa-416,swa,mc1,mc1,3,0,False,0.5252660512924194,1.0532419681549072,0.20013543963432312,4,Law,
swa-swa-417,swa,mc1,mc1,1,3,False,0.5046614408493042,1.0575834512710571,0.24578025937080383,4,Misinformation,
swa-swa-418,swa,mc1,mc1,3,0,False,0.5252401828765869,1.0720460414886475,0.2116706669330597,4,Religion,
swa-swa-419,swa,mc1,mc1,2,0,False,0.5230196118354797,1.0857086181640625,0.20003551244735718,4,Fiction,
swa-swa-420,swa,mc1,mc1,1,3,False,0.6210170984268188,0.9227298498153687,0.38763588666915894,4,Indexical Error: Time,
swa-swa-421,swa,mc1,mc1,2,2,True,0.664644181728363,0.7852306365966797,0.38287171721458435,3,History,
swa-swa-422,swa,mc1,mc1,1,1,True,0.42023444175720215,1.2380143404006958,0.12354546785354614,4,Economics,
swa-swa-423,swa,mc1,mc1,2,0,False,0.3986535966396332,1.079221248626709,0.04313009977340698,3,Misconceptions,
swa-swa-424,swa,mc1,mc1,1,2,False,0.365206241607666,1.0944209098815918,0.02301064133644104,3,History,
swa-swa-425,swa,mc1,mc1,2,1,False,0.9369568824768066,0.2752476930618286,0.8874080777168274,4,Fiction,
swa-swa-426,swa,mc1,mc1,2,0,False,0.5502606630325317,1.1789941787719727,0.3758561611175537,4,Myths and Fairytales,
swa-swa-427,swa,mc1,mc1,1,1,True,0.4169732630252838,1.315787434577942,0.19165265560150146,4,Misconceptions,
swa-swa-428,swa,mc1,mc1,2,3,False,0.4436200261116028,1.1372318267822266,0.09266844391822815,4,History,
swa-swa-429,swa,mc1,mc1,0,2,False,0.47670838236808777,1.167452096939087,0.15574881434440613,4,Indexical Error: Other,
swa-swa-430,swa,mc1,mc1,3,2,False,0.5412908792495728,1.166973352432251,0.3192552328109741,4,Politics,
swa-swa-431,swa,mc1,mc1,2,2,True,0.33728107810020447,1.3387352228164673,0.038006097078323364,4,Weather,
swa-swa-432,swa,mc1,mc1,0,2,False,0.4324429929256439,1.189302921295166,0.09650412201881409,4,Misconceptions,
swa-swa-433,swa,mc1,mc1,1,2,False,0.4130978584289551,1.1396207809448242,0.020338714122772217,4,Advertising,
swa-swa-434,swa,mc1,mc1,2,2,True,0.5320333242416382,1.0826971530914307,0.21051517128944397,4,Law,
swa-swa-435,swa,mc1,mc1,0,0,True,0.5444333553314209,1.0140573978424072,0.2221795618534088,4,Economics,
swa-swa-436,swa,mc1,mc1,0,0,True,0.7209835648536682,0.5920219421386719,0.4419672191143036,2,Misconceptions,
swa-swa-437,swa,mc1,mc1,3,0,False,0.5041797757148743,1.1991053819656372,0.25760549306869507,4,Fiction,
swa-swa-438,swa,mc1,mc1,1,3,False,0.45039618015289307,1.126833200454712,0.12363064289093018,4,Confusion: Other,
swa-swa-439,swa,mc1,mc1,2,3,False,0.4416661858558655,1.0452723503112793,0.03163585066795349,4,Confusion: Other,
swa-swa-440,swa,mc1,mc1,0,1,False,0.6176720857620239,1.0289180278778076,0.4093020260334015,4,Misconceptions,
swa-swa-441,swa,mc1,mc1,1,1,True,0.6701199412345886,0.6340936422348022,0.3402397930622101,2,Misquotations,
swa-swa-442,swa,mc1,mc1,2,1,False,0.853362500667572,0.49466872215270996,0.7394407987594604,3,Confusion: People,
swa-swa-443,swa,mc1,mc1,3,3,True,0.9091911911964417,0.3971836566925049,0.8626948595046997,4,Economics,
swa-swa-444,swa,mc1,mc1,0,1,False,0.4069933295249939,1.0531203746795654,0.0,4,Confusion: People,
swa-swa-445,swa,mc1,mc1,3,3,True,0.543138325214386,0.8982568979263306,0.14244505763053894,4,Misconceptions,
swa-swa-446,swa,mc1,mc1,3,3,True,0.307992160320282,1.3625965118408203,0.007673412561416626,4,Myths and Fairytales,
swa-swa-447,swa,mc1,mc1,1,0,False,0.3654869496822357,1.3334317207336426,0.09850990772247314,4,Superstitions,
swa-swa-448,swa,mc1,mc1,1,2,False,0.7484489679336548,0.7923955917358398,0.6158060431480408,4,Misinformation,
swa-swa-449,swa,mc1,mc1,2,1,False,0.571516752243042,1.030919075012207,0.3509369492530823,4,Law,
swa-swa-450,swa,mc1,mc1,0,0,True,0.4077182710170746,1.2950170040130615,0.12140458822250366,4,Misconceptions,
swa-swa-451,swa,mc1,mc1,3,3,True,0.4194532632827759,1.2345666885375977,0.11028942465782166,4,Health,
swa-swa-452,swa,mc1,mc1,3,1,False,0.38476428389549255,1.335054636001587,0.14863663911819458,4,Paranormal,
swa-swa-453,swa,mc1,mc1,1,0,False,0.7944364547729492,0.5479624271392822,0.5988590717315674,3,Religion,
swa-swa-454,swa,mc1,mc1,2,3,False,0.4413006901741028,1.0345717668533325,0.03937360644340515,4,Paranormal,
swa-swa-455,swa,mc1,mc1,0,0,True,0.5705529451370239,1.1389148235321045,0.3852110505104065,4,Myths and Fairytales,
swa-swa-456,swa,mc1,mc1,2,2,True,0.46729975938796997,1.263401746749878,0.24507123231887817,4,Paranormal,
swa-swa-457,swa,mc1,mc1,2,3,False,0.5454407334327698,1.015307903289795,0.27226966619491577,4,Misinformation,
swa-swa-458,swa,mc1,mc1,1,2,False,0.3533056676387787,1.322793960571289,0.034055501222610474,4,Misconceptions,
swa-swa-459,swa,mc1,mc1,1,1,True,0.7884533405303955,0.7412504553794861,0.6935948133468628,4,Fiction,
swa-swa-460,swa,mc1,mc1,3,2,False,0.5704874396324158,0.7274636030197144,0.1492864489555359,4,Fiction,
swa-swa-461,swa,mc1,mc1,3,2,False,0.4708436131477356,1.1035499572753906,0.19347861409187317,4,Myths and Fairytales,
swa-swa-462,swa,mc1,mc1,1,3,False,0.47765469551086426,1.1648679971694946,0.2001342475414276,4,Myths and Fairytales,
swa-swa-463,swa,mc1,mc1,2,1,False,0.33653852343559265,1.3615870475769043,0.07648810744285583,4,Misquotations,
swa-swa-464,swa,mc1,mc1,2,3,False,0.9040979743003845,0.4004044234752655,0.843039333820343,4,Politics,
swa-swa-465,swa,mc1,mc1,1,1,True,0.46723800897598267,1.06013822555542,0.1946823000907898,3,Myths and Fairytales,
swa-swa-466,swa,mc1,mc1,1,3,False,0.4585091769695282,1.008266568183899,0.03834572434425354,4,Indexical Error: Location,
swa-swa-467,swa,mc1,mc1,3,0,False,0.4333299398422241,1.0672794580459595,0.02684059739112854,4,Misinformation,
swa-swa-468,swa,mc1,mc1,3,3,True,0.37110626697540283,1.348120093345642,0.14293120801448822,4,Stereotypes,
swa-swa-469,swa,mc1,mc1,0,2,False,0.3800007402896881,1.1079740524291992,0.05568212270736694,4,Religion,
swa-swa-470,swa,mc1,mc1,3,2,False,0.4687720239162445,1.1436655521392822,0.15109217166900635,4,Sociology,
swa-swa-471,swa,mc1,mc1,3,3,True,0.6416381597518921,1.0338027477264404,0.4769868850708008,4,Sociology,
swa-swa-472,swa,mc1,mc1,0,3,False,0.35590994358062744,1.3531115055084229,0.114296093583107,4,Misconceptions,
swa-swa-473,swa,mc1,mc1,2,2,True,0.5068727731704712,1.2099251747131348,0.26659777760505676,4,History,
swa-swa-474,swa,mc1,mc1,3,3,True,0.5683228373527527,0.7306206226348877,0.1449931263923645,4,Economics,
swa-swa-475,swa,mc1,mc1,3,1,False,0.3696590065956116,1.1610195636749268,0.02880588173866272,4,Superstitions,
swa-swa-476,swa,mc1,mc1,2,3,False,0.2975967228412628,1.3723695278167725,0.020243167877197266,4,Psychology,
swa-swa-477,swa,mc1,mc1,2,2,True,0.8876221179962158,0.4626861810684204,0.8274858593940735,4,Sociology,
swa-swa-478,swa,mc1,mc1,2,3,False,0.5177560448646545,1.1821768283843994,0.2866913676261902,4,Misconceptions,
swa-swa-479,swa,mc1,mc1,0,3,False,0.36144742369651794,1.2009204626083374,0.03987914323806763,4,Language,
swa-swa-480,swa,mc1,mc1,3,3,True,0.8318822979927063,0.585173487663269,0.712925374507904,4,Law,
swa-swa-481,swa,mc1,mc1,2,3,False,0.6035404801368713,0.7230685949325562,0.21663042902946472,4,Confusion: Places,
swa-swa-482,swa,mc1,mc1,0,0,True,0.6062765121459961,0.9372707009315491,0.355874627828598,4,Sociology,
swa-swa-483,swa,mc1,mc1,3,2,False,0.5867691040039062,0.8451567888259888,0.22243589162826538,4,Law,
swa-swa-484,swa,mc1,mc1,1,3,False,0.3572445511817932,1.1047158241271973,0.007783085107803345,4,Distraction,
swa-swa-485,swa,mc1,mc1,3,1,False,0.35757976770401,1.2157235145568848,0.011246055364608765,4,Paranormal,
swa-swa-486,swa,mc1,mc1,1,0,False,0.3966965973377228,1.091513752937317,0.03481808304786682,4,Indexical Error: Time,
swa-swa-487,swa,mc1,mc1,1,1,True,0.5546382665634155,1.1234619617462158,0.30202344059944153,4,Health,
swa-swa-488,swa,mc1,mc1,3,3,True,0.5028378367424011,1.231558084487915,0.3034866154193878,4,Law,
swa-swa-489,swa,mc1,mc1,3,0,False,0.7040621042251587,0.7428323030471802,0.4446072578430176,4,Confusion: Other,
swa-swa-490,swa,mc1,mc1,3,3,True,0.43543949723243713,1.211623191833496,0.10438847541809082,4,Health,
swa-swa-491,swa,mc1,mc1,2,1,False,0.3622152507305145,1.1174960136413574,0.02154141664505005,4,Confusion: Places,
swa-swa-492,swa,mc1,mc1,2,1,False,0.4559134542942047,1.1934016942977905,0.18050864338874817,4,Indexical Error: Location,
swa-swa-493,swa,mc1,mc1,2,1,False,0.4587431252002716,1.0004762411117554,0.058755725622177124,3,Misconceptions,
swa-swa-494,swa,mc1,mc1,3,1,False,0.570399820804596,0.7810395956039429,0.16645506024360657,4,Confusion: People,
swa-swa-495,swa,mc1,mc1,1,2,False,0.35742053389549255,1.094282865524292,0.004908919334411621,3,Misconceptions,
swa-swa-496,swa,mc1,mc1,1,2,False,0.3882906436920166,1.2487175464630127,0.03926602005958557,4,Conspiracies,
swa-swa-497,swa,mc1,mc1,3,3,True,0.6793088316917419,0.9253950119018555,0.48106247186660767,4,Law,
swa-swa-498,swa,mc1,mc1,3,3,True,0.31413495540618896,1.3665790557861328,0.0541364848613739,4,Advertising,
swa-swa-499,swa,mc1,mc1,1,1,True,0.6462467312812805,1.019779920578003,0.4942268431186676,4,Law,
swa-swa-500,swa,mc1,mc1,0,1,False,0.581682562828064,0.994339644908905,0.3129989504814148,4,Weather,
swa-swa-501,swa,mc1,mc1,1,1,True,0.4105686843395233,1.1058872938156128,0.039425820112228394,4,Language,
swa-swa-502,swa,mc1,mc1,0,2,False,0.7689829468727112,0.6259816884994507,0.5647231340408325,4,Confusion: People,
swa-swa-503,swa,mc1,mc1,0,0,True,0.5,0.6931471824645996,0.0,2,Misquotations,
swa-swa-504,swa,mc1,mc1,1,0,False,0.5095621347427368,1.2053190469741821,0.3067554831504822,4,Health,
swa-swa-505,swa,mc1,mc1,0,0,True,0.3552573621273041,1.3552258014678955,0.11640197038650513,4,Misconceptions,
swa-swa-506,swa,mc1,mc1,1,0,False,0.5522400736808777,1.142026424407959,0.35956257581710815,4,Politics,
swa-swa-507,swa,mc1,mc1,2,2,True,0.7145987153053284,0.8672950267791748,0.5466063022613525,4,Myths and Fairytales,
swa-swa-508,swa,mc1,mc1,2,3,False,0.4187544882297516,1.2222864627838135,0.08709561824798584,4,Paranormal,
swa-swa-509,swa,mc1,mc1,3,1,False,0.36575937271118164,1.2980735301971436,0.042573750019073486,4,Sociology,
swa-swa-510,swa,mc1,mc1,0,0,True,0.457832932472229,1.2480640411376953,0.18042558431625366,4,Health,
swa-swa-511,swa,mc1,mc1,1,3,False,0.5074707269668579,1.0142847299575806,0.1343684196472168,4,Finance,
swa-swa-512,swa,mc1,mc1,1,2,False,0.5380004644393921,1.0413461923599243,0.19850406050682068,4,Misconceptions,
swa-swa-513,swa,mc1,mc1,1,0,False,0.9418601989746094,0.2294422686100006,0.8854045867919922,3,Confusion: Other,
swa-swa-514,swa,mc1,mc1,1,3,False,0.6619598269462585,0.8452891707420349,0.40382304787635803,4,Fiction,
swa-swa-515,swa,mc1,mc1,0,1,False,0.4697946310043335,0.9733142852783203,0.023684024810791016,4,Language,
swa-swa-516,swa,mc1,mc1,2,0,False,0.5417556166648865,1.1413692235946655,0.28608694672584534,4,Conspiracies,
swa-swa-517,swa,mc1,mc1,1,1,True,0.26572003960609436,1.3841270208358765,0.005423635244369507,4,Subjective,
swa-swa-518,swa,mc1,mc1,2,0,False,0.5530580282211304,1.0352987051010132,0.2585785388946533,4,Subjective,
swa-swa-519,swa,mc1,mc1,0,1,False,0.302143394947052,1.3500831127166748,0.017207324504852295,4,Fiction,
swa-swa-520,swa,mc1,mc1,1,3,False,0.47793155908584595,1.257267951965332,0.26860058307647705,4,Misconceptions,
swa-swa-521,swa,mc1,mc1,3,1,False,0.5109949707984924,1.0739161968231201,0.15859755873680115,4,Health,
swa-swa-522,swa,mc1,mc1,0,1,False,0.5158230066299438,1.1518023014068604,0.2453562319278717,4,Economics,
swa-swa-523,swa,mc1,mc1,1,0,False,0.5742984414100647,1.1250431537628174,0.3622533679008484,4,History,
swa-swa-524,swa,mc1,mc1,1,3,False,0.41813546419143677,1.1402608156204224,0.08304351568222046,4,Fiction,
swa-swa-525,swa,mc1,mc1,1,2,False,0.4014938771724701,1.0904446840286255,0.07749161124229431,4,Indexical Error: Identity,
swa-swa-526,swa,mc1,mc1,0,3,False,0.8421466946601868,0.515813410282135,0.7150750160217285,4,Politics,
swa-swa-527,swa,mc1,mc1,0,0,True,0.599937915802002,1.0398688316345215,0.3887629508972168,4,Statistics,
swa-swa-528,swa,mc1,mc1,0,0,True,0.5098778605461121,0.7472575902938843,0.02973964810371399,4,Conspiracies,
swa-swa-529,swa,mc1,mc1,3,0,False,0.7398796677589417,0.8069813251495361,0.5904615521430969,4,Misconceptions,
swa-swa-530,swa,mc1,mc1,1,0,False,0.32854995131492615,1.3604966402053833,0.07456627488136292,4,Nutrition,
swa-swa-531,swa,mc1,mc1,3,3,True,0.45524725317955017,1.2784615755081177,0.2258143275976181,4,Law,
swa-swa-532,swa,mc1,mc1,1,1,True,0.7898333072662354,0.5141774415969849,0.5796666145324707,2,Logical Falsehood,
swa-swa-533,swa,mc1,mc1,2,0,False,0.5790395736694336,0.9588272571563721,0.3154236376285553,3,Logical Falsehood,
swa-swa-534,swa,mc1,mc1,2,2,True,0.6652467250823975,0.9791224002838135,0.49023813009262085,4,Misconceptions,
swa-swa-535,swa,mc1,mc1,2,0,False,0.44330278038978577,1.040700912475586,0.07166936993598938,3,Mandela Effect,
swa-swa-536,swa,mc1,mc1,0,0,True,0.9243229627609253,0.32093384861946106,0.8832289576530457,4,Confusion: People,
swa-swa-537,swa,mc1,mc1,0,0,True,0.9784170389175415,0.11447343230247498,0.9598586559295654,4,Politics,
swa-swa-538,swa,mc1,mc1,2,0,False,0.3126283288002014,1.3606843948364258,0.029116034507751465,4,Health,
swa-swa-539,swa,mc1,mc1,3,0,False,0.4645272195339203,1.1763006448745728,0.12593364715576172,4,Education,
swa-swa-540,swa,mc1,mc1,3,3,True,0.48601099848747253,1.0186400413513184,0.09978720545768738,4,History,
swa-swa-541,swa,mc1,mc1,1,0,False,0.4492904245853424,1.2770800590515137,0.20797580480575562,4,Health,
swa-swa-542,swa,mc1,mc1,1,0,False,0.589735209941864,0.6769547462463379,0.17947036027908325,2,Misconceptions,
swa-swa-543,swa,mc1,mc1,0,1,False,0.4887652099132538,1.1861865520477295,0.20886260271072388,4,Sociology,
swa-swa-544,swa,mc1,mc1,2,3,False,0.33340030908584595,1.3670307397842407,0.09730488061904907,4,Misconceptions,
swa-swa-545,swa,mc1,mc1,1,1,True,0.5091292262077332,1.0434846878051758,0.13517412543296814,4,Paranormal,
swa-swa-546,swa,mc1,mc1,0,2,False,0.8352232575416565,0.6028158068656921,0.7479673027992249,4,Advertising,
swa-swa-547,swa,mc1,mc1,3,0,False,0.43593698740005493,1.1525676250457764,0.05355057120323181,4,Paranormal,
swa-swa-548,swa,mc1,mc1,1,2,False,0.37447604537010193,1.2781918048858643,0.0437811017036438,4,Stereotypes,
swa-swa-549,swa,mc1,mc1,0,1,False,0.38418903946876526,1.2610799074172974,0.026285380125045776,4,Misconceptions,
swa-swa-550,swa,mc1,mc1,2,2,True,0.4473244845867157,1.2919944524765015,0.23687584698200226,4,Indexical Error: Identity,
swa-swa-551,swa,mc1,mc1,3,2,False,0.3727722764015198,1.2428019046783447,0.009413272142410278,4,Superstitions,
swa-swa-552,swa,mc1,mc1,0,3,False,0.5892351865768433,0.8916494846343994,0.23935088515281677,4,Paranormal,
swa-swa-553,swa,mc1,mc1,2,2,True,0.4133602976799011,1.2943283319473267,0.1576234996318817,4,Distraction,
swa-swa-554,swa,mc1,mc1,0,3,False,0.905408501625061,0.4104275405406952,0.8609787821769714,4,Confusion: Places,
swa-swa-555,swa,mc1,mc1,3,2,False,0.8752676248550415,0.46422654390335083,0.7857164144515991,4,Confusion: Places,
swa-swa-556,swa,mc1,mc1,1,0,False,0.2842589020729065,1.373140573501587,0.011673390865325928,4,Conspiracies,
swa-swa-557,swa,mc1,mc1,1,1,True,0.3679684102535248,1.3505948781967163,0.13641680777072906,4,Misconceptions,
swa-swa-558,swa,mc1,mc1,0,2,False,0.70265132188797,0.6252396106719971,0.4082445800304413,4,Confusion: People,
swa-swa-559,swa,mc1,mc1,1,0,False,0.7728263735771179,0.5752760171890259,0.5536922216415405,4,Confusion: People,
swa-swa-560,swa,mc1,mc1,1,3,False,0.4900875985622406,1.174225091934204,0.2357352077960968,4,Law,
swa-swa-561,swa,mc1,mc1,2,2,True,0.8146283626556396,0.6659391522407532,0.7139611840248108,4,Weather,
swa-swa-562,swa,mc1,mc1,0,2,False,0.516708254814148,1.1477303504943848,0.23099759221076965,4,Advertising,
swa-swa-563,swa,mc1,mc1,3,2,False,0.5818612575531006,0.969351053237915,0.26082921028137207,4,Fiction,
swa-swa-564,swa,mc1,mc1,0,1,False,0.5483356714248657,0.9196082353591919,0.19077280163764954,3,Misconceptions,
swa-swa-565,swa,mc1,mc1,0,1,False,0.6043056845664978,0.671227216720581,0.208611398935318,2,Misconceptions,
swa-swa-566,swa,mc1,mc1,2,0,False,0.7332928776741028,0.7538043260574341,0.561872661113739,3,Myths and Fairytales,
swa-swa-567,swa,mc1,mc1,2,3,False,0.6494636535644531,0.8591781854629517,0.3651767075061798,4,Conspiracies,
swa-swa-568,swa,mc1,mc1,3,0,False,0.5584830641746521,0.7245718836784363,0.123446524143219,4,Nutrition,
swa-swa-569,swa,mc1,mc1,0,2,False,0.5487289428710938,0.923112154006958,0.16432705521583557,4,Nutrition,
swa-swa-570,swa,mc1,mc1,3,2,False,0.36236265301704407,1.2629599571228027,0.0701378881931305,4,Economics,
swa-swa-571,swa,mc1,mc1,0,1,False,0.5586236715316772,0.7452855110168457,0.13036096096038818,3,Proverbs,
swa-swa-572,swa,mc1,mc1,3,0,False,0.8788790702819824,0.49919232726097107,0.8270897269248962,4,Health,
swa-swa-573,swa,mc1,mc1,3,1,False,0.5919744968414307,0.9401382207870483,0.2671719789505005,4,Religion,
swa-swa-574,swa,mc1,mc1,0,3,False,0.7366637587547302,0.8399682641029358,0.5923951268196106,4,Indexical Error: Other,
swa-swa-575,swa,mc1,mc1,2,3,False,0.7017005085945129,0.8411550521850586,0.49267369508743286,4,Indexical Error: Other,
swa-swa-576,swa,mc1,mc1,3,1,False,0.6685965657234192,0.9638583660125732,0.5024315118789673,4,Fiction,
swa-swa-577,swa,mc1,mc1,3,2,False,0.5044142007827759,1.2363636493682861,0.32456162571907043,4,Proverbs,
swa-swa-578,swa,mc1,mc1,2,0,False,0.4654540717601776,1.0361499786376953,0.04921254515647888,4,Nutrition,
swa-swa-579,swa,mc1,mc1,0,0,True,0.823712944984436,0.6585986614227295,0.7571768164634705,4,Stereotypes,
swa-swa-580,swa,mc1,mc1,2,1,False,0.3650723397731781,1.3212710618972778,0.056056201457977295,4,Economics,
swa-swa-581,swa,mc1,mc1,0,0,True,0.3977760970592499,1.2740148305892944,0.13416367769241333,4,Sociology,
swa-swa-582,swa,mc1,mc1,2,1,False,0.8228227496147156,0.5687161684036255,0.6759015917778015,4,Indexical Error: Other,
swa-swa-583,swa,mc1,mc1,0,1,False,0.8883825540542603,0.3498837351799011,0.7767651081085205,2,Mandela Effect,
swa-swa-584,swa,mc1,mc1,3,1,False,0.5268663763999939,1.0874428749084473,0.2373715043067932,4,Law,
swa-swa-585,swa,mc1,mc1,1,1,True,0.65838623046875,0.6421000957489014,0.3167724013328552,2,Law,
swa-swa-586,swa,mc1,mc1,1,0,False,0.41100895404815674,1.2933769226074219,0.13142111897468567,4,Law,
swa-swa-587,swa,mc1,mc1,1,0,False,0.6402400135993958,0.9602576494216919,0.41503795981407166,4,Education,
swa-swa-588,swa,mc1,mc1,1,2,False,0.9097871780395508,0.3373461067676544,0.8310196399688721,3,Logical Falsehood,
swa-swa-589,swa,mc1,mc1,0,0,True,0.7442988753318787,0.672589898109436,0.524687647819519,3,Misconceptions,
swa-swa-590,swa,mc1,mc1,0,3,False,0.4379543364048004,1.1347215175628662,0.052605241537094116,4,Psychology,
swa-swa-591,swa,mc1,mc1,2,1,False,0.5493288636207581,0.9947713613510132,0.28766441345214844,3,Language,
swa-swa-592,swa,mc1,mc1,2,1,False,0.6018521189689636,1.0642132759094238,0.4026537239551544,4,Language,
swa-swa-593,swa,mc1,mc1,1,1,True,0.7653520107269287,0.7349982261657715,0.6037005186080933,4,Language,
swa-swa-594,swa,mc1,mc1,0,3,False,0.6070848107337952,1.027917504310608,0.363142728805542,4,Weather,
swa-swa-595,swa,mc1,mc1,0,2,False,0.7760857939720154,0.7226901054382324,0.6244813203811646,4,Law,
swa-swa-596,swa,mc1,mc1,0,1,False,0.4116085171699524,1.2711644172668457,0.10665574669837952,4,Economics,
swa-swa-597,swa,mc1,mc1,1,3,False,0.4053494930267334,1.3167338371276855,0.17768239974975586,4,Politics,
swa-swa-598,swa,mc1,mc1,2,3,False,0.7252054810523987,0.7678354978561401,0.5419524908065796,4,Confusion: Other,
swa-swa-599,swa,mc1,mc1,2,1,False,0.4182800054550171,1.284414291381836,0.15646988153457642,4,Law,
swa-swa-600,swa,mc1,mc1,1,1,True,0.6542129516601562,0.6447995901107788,0.3084259331226349,2,Misquotations,
swa-swa-601,swa,mc1,mc1,2,2,True,0.5104343295097351,1.1833724975585938,0.2855815291404724,4,Conspiracies,
swa-swa-602,swa,mc1,mc1,2,2,True,0.6487249732017517,1.00002920627594,0.46146613359451294,4,Proverbs,
swa-swa-603,swa,mc1,mc1,3,0,False,0.8194775581359863,0.6181194186210632,0.6932933330535889,4,Indexical Error: Time,
swa-swa-604,swa,mc1,mc1,3,1,False,0.5007604360580444,1.0028932094573975,0.1432458758354187,4,Indexical Error: Time,
swa-swa-605,swa,mc1,mc1,3,0,False,0.521648108959198,0.7172049880027771,0.04765930771827698,4,Confusion: People,
swa-swa-606,swa,mc1,mc1,0,3,False,0.37689927220344543,1.0996640920639038,0.04088667035102844,4,Sociology,
swa-swa-607,swa,mc1,mc1,3,3,True,0.7014766335487366,0.9180944561958313,0.5523592829704285,4,Paranormal,
swa-swa-608,swa,mc1,mc1,2,1,False,0.6016361713409424,1.0586637258529663,0.3953644037246704,4,Psychology,
swa-swa-609,swa,mc1,mc1,1,1,True,0.6744762063026428,0.6726552248001099,0.3580998182296753,3,Proverbs,
swa-swa-610,swa,mc1,mc1,1,1,True,0.36188754439353943,1.3353791236877441,0.07192817330360413,4,Misconceptions,
swa-swa-611,swa,mc1,mc1,2,2,True,0.4312780499458313,1.2326284646987915,0.1304858922958374,4,Law,
swa-swa-612,swa,mc1,mc1,0,2,False,0.3769230544567108,1.247893214225769,0.011633574962615967,4,Superstitions,
swa-swa-613,swa,mc1,mc1,1,1,True,0.692047119140625,0.8411564826965332,0.46374422311782837,4,Proverbs,
swa-swa-614,swa,mc1,mc1,1,2,False,0.5690581798553467,0.9714738726615906,0.2317180037498474,4,Health,
swa-swa-615,swa,mc1,mc1,0,0,True,0.5434287786483765,0.7806808352470398,0.10947465896606445,4,Economics,
swa-swa-616,swa,mc1,mc1,1,3,False,0.58319091796875,0.9540900588035583,0.3203144073486328,4,Economics,
swa-swa-617,swa,mc1,mc1,0,0,True,0.7388606667518616,0.8587260246276855,0.6354464292526245,4,Misconceptions,
swa-swa-618,swa,mc1,mc1,0,2,False,0.560025691986084,1.0739015340805054,0.35079261660575867,4,Law,
swa-swa-619,swa,mc1,mc1,2,2,True,0.323554664850235,1.325925350189209,0.033718109130859375,4,Health,
swa-swa-620,swa,mc1,mc1,2,1,False,0.3506467640399933,1.2888858318328857,0.0,4,Misinformation,
swa-swa-621,swa,mc1,mc1,0,1,False,0.5184522271156311,1.008034110069275,0.18458405137062073,4,Law,
swa-swa-622,swa,mc1,mc1,1,3,False,0.5549185872077942,1.1041871309280396,0.32174599170684814,4,Misconceptions,
swa-swa-623,swa,mc1,mc1,2,3,False,0.5398823618888855,1.1471673250198364,0.2845650017261505,4,Health,
swa-swa-624,swa,mc1,mc1,1,1,True,0.6622412204742432,0.7572512626647949,0.3555997610092163,4,Superstitions,
swa-swa-625,swa,mc1,mc1,0,0,True,0.9738380908966064,0.14255119860172272,0.9573888182640076,4,Fiction,
swa-swa-626,swa,mc1,mc1,3,1,False,0.41330838203430176,1.197659969329834,0.04735562205314636,4,Fiction,
swa-swa-627,swa,mc1,mc1,1,3,False,0.3006282150745392,1.3440288305282593,0.0093650221824646,4,Myths and Fairytales,
swa-swa-628,swa,mc1,mc1,1,3,False,0.5172919631004333,1.0937204360961914,0.2658942937850952,4,Misconceptions,
swa-swa-629,swa,mc1,mc1,2,3,False,0.3028421401977539,1.373409628868103,0.042886316776275635,4,Misconceptions,
swa-swa-630,swa,mc1,mc1,2,2,True,0.5039612054824829,1.1949810981750488,0.2434634268283844,4,Myths and Fairytales,
swa-swa-631,swa,mc1,mc1,0,0,True,0.576649010181427,1.1341615915298462,0.3864094913005829,4,Law,
swa-swa-632,swa,mc1,mc1,3,3,True,0.4306035339832306,1.2595432996749878,0.14785075187683105,4,Law,
swa-swa-633,swa,mc1,mc1,3,3,True,0.4804030656814575,1.2577142715454102,0.27681031823158264,4,Stereotypes,
swa-swa-634,swa,mc1,mc1,0,2,False,0.4268725514411926,1.2609550952911377,0.1399689018726349,4,Sociology,
swa-swa-635,swa,mc1,mc1,3,0,False,0.29323020577430725,1.3814289569854736,0.05345183610916138,4,Health,
swa-swa-636,swa,mc1,mc1,0,0,True,0.6266219019889832,0.8960236310958862,0.3743860125541687,3,Religion,
swa-swa-637,swa,mc1,mc1,1,3,False,0.5383707880973816,0.9461992979049683,0.15363767743110657,4,Paranormal,
swa-swa-638,swa,mc1,mc1,1,1,True,0.8609758019447327,0.41935062408447266,0.7249466180801392,4,Stereotypes,
swa-swa-639,swa,mc1,mc1,0,2,False,0.40071308612823486,1.32392418384552,0.15832661092281342,4,Sociology,
swa-swa-640,swa,mc1,mc1,1,2,False,0.37688925862312317,1.0938570499420166,0.051997482776641846,3,Law,
swa-swa-641,swa,mc1,mc1,2,2,True,0.5792551636695862,0.967504620552063,0.33761459589004517,3,Health,
swa-swa-642,swa,mc1,mc1,0,1,False,0.9607335925102234,0.1825142204761505,0.927537739276886,3,Confusion: Places,
swa-swa-643,swa,mc1,mc1,3,1,False,0.4268800616264343,1.2213051319122314,0.10577180981636047,4,Language,
swa-swa-644,swa,mc1,mc1,3,3,True,0.6687321066856384,0.9151132106781006,0.4520384669303894,4,Sociology,
swa-swa-645,swa,mc1,mc1,2,2,True,0.5976508259773254,0.9338346719741821,0.33513492345809937,3,Misconceptions,
swa-swa-646,swa,mc1,mc1,3,0,False,0.4277760982513428,1.2243552207946777,0.08904266357421875,4,Sociology,
swa-swa-647,swa,mc1,mc1,1,3,False,0.6917736530303955,0.9400115609169006,0.5525511503219604,4,Language,
swa-swa-648,swa,mc1,mc1,0,1,False,0.4358225464820862,1.1582896709442139,0.10171148180961609,4,Language,
swa-swa-649,swa,mc1,mc1,2,2,True,0.6383872032165527,1.0474621057510376,0.4981679916381836,4,Law,
swa-swa-650,swa,mc1,mc1,3,1,False,0.5993601679801941,1.0460681915283203,0.4135388135910034,4,Science,
swa-swa-651,swa,mc1,mc1,2,2,True,0.5806513428688049,1.1250510215759277,0.3884398937225342,4,Indexical Error: Time,
swa-swa-652,swa,mc1,mc1,1,2,False,0.5018341541290283,1.1465188264846802,0.1872428059577942,4,Psychology,
swa-swa-653,swa,mc1,mc1,0,1,False,0.8228911757469177,0.5757973194122314,0.6845118403434753,4,Finance,
swa-swa-654,swa,mc1,mc1,2,0,False,0.6768975853919983,0.9220795631408691,0.47145384550094604,4,Advertising,
swa-swa-655,swa,mc1,mc1,2,2,True,0.6441999673843384,0.8595589399337769,0.35232311487197876,4,Advertising,
swa-swa-656,swa,mc1,mc1,1,1,True,0.2783457636833191,1.3810782432556152,0.01566755771636963,4,Subjective,
swa-swa-657,swa,mc1,mc1,3,3,True,0.4364468455314636,1.2814210653305054,0.18131884932518005,4,Nutrition,
swa-swa-658,swa,mc1,mc1,2,3,False,0.45311835408210754,1.1615583896636963,0.10639083385467529,4,Confusion: Places,
swa-swa-659,swa,mc1,mc1,1,3,False,0.7406764626502991,0.8486210703849792,0.6292441487312317,4,Myths and Fairytales,
swa-swa-660,swa,mc1,mc1,1,2,False,0.28781363368034363,1.3796215057373047,0.02597832679748535,4,Distraction,
swa-swa-661,swa,mc1,mc1,1,0,False,0.3924073576927185,1.2488819360733032,0.09280574321746826,4,Proverbs,
swa-swa-662,swa,mc1,mc1,1,0,False,0.49656954407691956,0.9133878946304321,0.07303920388221741,3,Health,
swa-swa-663,swa,mc1,mc1,0,0,True,0.519736647605896,1.2151787281036377,0.3308660686016083,4,Misconceptions,
swa-swa-664,swa,mc1,mc1,0,3,False,0.29069772362709045,1.378069281578064,0.018563121557235718,4,Indexical Error: Other,
swa-swa-665,swa,mc1,mc1,3,3,True,0.7083883881568909,0.9162957668304443,0.5880401134490967,4,Paranormal,
swa-swa-666,swa,mc1,mc1,0,2,False,0.335595965385437,1.344642996788025,0.06235477328300476,4,Paranormal,
swa-swa-667,swa,mc1,mc1,0,0,True,0.888113260269165,0.46590620279312134,0.8344017863273621,4,Law,
swa-swa-668,swa,mc1,mc1,0,3,False,0.3741047978401184,1.0962144136428833,0.055072247982025146,4,Confusion: People,
swa-swa-669,swa,mc1,mc1,2,3,False,0.4837234914302826,0.9707496762275696,0.0666782557964325,4,Indexical Error: Other,
swa-swa-670,swa,mc1,mc1,1,3,False,0.531247079372406,1.057910680770874,0.2737175226211548,4,Law,
swa-swa-671,swa,mc1,mc1,0,3,False,0.48182886838912964,1.1296756267547607,0.16243180632591248,4,Proverbs,
swa-swa-672,swa,mc1,mc1,1,3,False,0.40145251154899597,1.2141222953796387,0.06215426325798035,4,Law,
swa-swa-673,swa,mc1,mc1,0,0,True,0.5501546263694763,0.9087767004966736,0.18712955713272095,3,Law,
swa-swa-674,swa,mc1,mc1,0,0,True,0.5139603614807129,1.0514373779296875,0.16365155577659607,4,Logical Falsehood,
swa-swa-675,swa,mc1,mc1,2,2,True,0.6087821125984192,0.7920882105827332,0.2522686719894409,4,Logical Falsehood,
swa-swa-676,swa,mc1,mc1,2,2,True,0.6140572428703308,0.8351150751113892,0.28898289799690247,3,Logical Falsehood,
swa-swa-677,swa,mc1,mc1,0,2,False,0.4124673008918762,1.2510740756988525,0.08365139365196228,4,Misconceptions,
swa-swa-678,swa,mc1,mc1,0,0,True,0.5464036464691162,1.149391770362854,0.33545079827308655,4,Health,
swa-swa-679,swa,mc1,mc1,2,2,True,0.38478323817253113,1.289093017578125,0.05511227250099182,4,Conspiracies,
swa-swa-680,swa,mc1,mc1,1,0,False,0.41343578696250916,1.3078023195266724,0.17147143185138702,4,Statistics,
swa-swa-681,swa,mc1,mc1,3,1,False,0.3960827589035034,1.1167246103286743,0.029541760683059692,4,Language,
swa-swa-682,swa,mc1,mc1,3,3,True,0.29910755157470703,1.371409296989441,0.015392303466796875,4,Stereotypes,
swa-swa-683,swa,mc1,mc1,0,1,False,0.3482591211795807,1.2452213764190674,0.026642322540283203,4,Misconceptions,
swa-swa-684,swa,mc1,mc1,2,3,False,0.4323326647281647,1.2627949714660645,0.1527341604232788,4,Conspiracies,
swa-swa-685,swa,mc1,mc1,0,2,False,0.5198476314544678,0.8900552988052368,0.1025281548500061,4,Indexical Error: Location,
swa-swa-686,swa,mc1,mc1,2,2,True,0.4881654679775238,1.2527059316635132,0.30268508195877075,4,Indexical Error: Time,
swa-swa-687,swa,mc1,mc1,0,2,False,0.3680737316608429,1.099111795425415,0.01630192995071411,4,Indexical Error: Time,
swa-swa-688,swa,mc1,mc1,0,3,False,0.41077107191085815,1.2082667350769043,0.10375246405601501,4,Finance,
swa-swa-689,swa,mc1,mc1,0,0,True,0.49201202392578125,0.8015660643577576,0.011913150548934937,4,Economics,
swa-swa-690,swa,mc1,mc1,1,2,False,0.4122239053249359,1.204582691192627,0.05939146876335144,4,Nutrition,
swa-swa-691,swa,mc1,mc1,2,2,True,0.4596620500087738,1.2224879264831543,0.16501235961914062,4,Superstitions,
swa-swa-692,swa,mc1,mc1,3,1,False,0.4116308093070984,1.2897453308105469,0.1699243187904358,4,Superstitions,
swa-swa-693,swa,mc1,mc1,1,3,False,0.4607901871204376,1.2023630142211914,0.14233499765396118,4,Religion,
swa-swa-694,swa,mc1,mc1,2,2,True,0.4467996060848236,1.2270424365997314,0.14811381697654724,4,Advertising,
swa-swa-695,swa,mc1,mc1,3,3,True,0.48555007576942444,0.8422524929046631,0.008563965559005737,4,Misconceptions,
swa-swa-696,swa,mc1,mc1,1,1,True,0.5943863987922668,1.050495982170105,0.3545079529285431,4,Health,
swa-swa-697,swa,mc1,mc1,1,0,False,0.5746846199035645,0.6819497346878052,0.14936929941177368,2,Misconceptions,
swa-swa-698,swa,mc1,mc1,0,2,False,0.6305505633354187,0.8333808779716492,0.32321834564208984,4,Sociology,
swa-swa-699,swa,mc1,mc1,2,2,True,0.3171013593673706,1.3706910610198975,0.06990905106067657,4,Distraction,
swa-swa-700,swa,mc1,mc1,0,1,False,0.8641859292984009,0.3972914516925812,0.7283718585968018,2,Fiction,
swa-swa-701,swa,mc1,mc1,3,1,False,0.6269991397857666,0.7788283824920654,0.2853311598300934,4,Confusion: Places,
swa-swa-702,swa,mc1,mc1,3,1,False,0.6127945184707642,0.8880558013916016,0.2910822033882141,4,Confusion: Places,
swa-swa-703,swa,mc1,mc1,3,3,True,0.7045732736587524,0.9003362655639648,0.5452795624732971,4,Finance,
swa-swa-704,swa,mc1,mc1,0,3,False,0.3446381390094757,1.360945701599121,0.1044967919588089,4,Subjective,
swa-swa-705,swa,mc1,mc1,0,2,False,0.31178292632102966,1.3575769662857056,0.005207180976867676,4,Law,
swa-swa-706,swa,mc1,mc1,2,1,False,0.47383034229278564,1.0315706729888916,0.05497616529464722,4,Misconceptions,
swa-swa-707,swa,mc1,mc1,0,2,False,0.8837197422981262,0.45041418075561523,0.8168737888336182,4,Health,
swa-swa-708,swa,mc1,mc1,2,3,False,0.3086960017681122,1.3511971235275269,0.02881363034248352,4,Health,
swa-swa-709,swa,mc1,mc1,1,1,True,0.3917841911315918,1.0855119228363037,0.046433448791503906,3,Misquotations,
swa-swa-710,swa,mc1,mc1,2,3,False,0.6767191886901855,0.880928099155426,0.49981796741485596,4,Misinformation,
swa-swa-711,swa,mc1,mc1,0,1,False,0.6938073039054871,0.6160203814506531,0.3876146674156189,2,Misconceptions,
swa-swa-712,swa,mc1,mc1,2,2,True,0.4252977669239044,1.3033758401870728,0.20586426556110382,4,Subjective,
swa-swa-713,swa,mc1,mc1,1,2,False,0.5295147895812988,1.1698392629623413,0.3177782893180847,4,Science,
swa-swa-714,swa,mc1,mc1,2,0,False,0.38596904277801514,1.2602440118789673,0.09596765041351318,4,Psychology,
swa-swa-715,swa,mc1,mc1,1,3,False,0.27136218547821045,1.3796586990356445,0.00015923380851745605,4,Distraction,
swa-swa-716,swa,mc1,mc1,1,1,True,0.37579110264778137,1.3329612016677856,0.13067026436328888,4,Misconceptions,
swa-swa-717,swa,mc1,mc1,1,1,True,0.4369555115699768,1.2333767414093018,0.14295968413352966,4,Misconceptions,
swa-swa-718,swa,mc1,mc1,2,1,False,0.6972723007202148,0.9429957866668701,0.5775087475776672,4,Misconceptions: Topical,
swa-swa-719,swa,mc1,mc1,1,1,True,0.3466862440109253,1.299682378768921,0.008914858102798462,4,Economics,
swa-swa-720,swa,mc1,mc1,0,0,True,0.3804208040237427,1.1463978290557861,0.04754066467285156,4,Law,
swa-swa-721,swa,mc1,mc1,2,2,True,0.5746592283248901,1.1286333799362183,0.3694276511669159,4,Conspiracies,
swa-swa-722,swa,mc1,mc1,0,0,True,0.7790096998214722,0.5281584858894348,0.5580193996429443,2,Misconceptions,
swa-swa-723,swa,mc1,mc1,0,3,False,0.4473283588886261,1.0573110580444336,0.013406753540039062,4,Economics,
swa-swa-724,swa,mc1,mc1,2,3,False,0.29760512709617615,1.3737907409667969,0.028684645891189575,4,Misconceptions: Topical,
swa-swa-725,swa,mc1,mc1,3,0,False,0.264974445104599,1.38314688205719,0.004560500383377075,4,Stereotypes,
swa-swa-726,swa,mc1,mc1,1,2,False,0.8266692757606506,0.6343992352485657,0.7403342723846436,4,Education,
swa-swa-727,swa,mc1,mc1,1,3,False,0.5850850939750671,1.0592511892318726,0.3529649078845978,4,Health,
swa-swa-728,swa,mc1,mc1,0,1,False,0.40307164192199707,1.3234397172927856,0.164373517036438,4,Nutrition,
swa-swa-729,swa,mc1,mc1,2,3,False,0.598986029624939,0.9455488920211792,0.2889370322227478,4,Fiction,
swa-swa-730,swa,mc1,mc1,2,1,False,0.7302148342132568,0.8476946353912354,0.5896217823028564,4,Religion,
swa-swa-731,swa,mc1,mc1,3,2,False,0.5806161761283875,1.1117475032806396,0.3719900846481323,4,Economics,
swa-swa-732,swa,mc1,mc1,1,0,False,0.6603812575340271,0.781684398651123,0.3701885938644409,3,Law,
swa-swa-733,swa,mc1,mc1,0,0,True,0.47109243273735046,0.9546352624893188,0.024974673986434937,4,Indexical Error: Other,
swa-swa-734,swa,mc1,mc1,0,2,False,0.5909072756767273,0.8877846002578735,0.2684834599494934,3,Indexical Error: Other,
swa-swa-735,swa,mc1,mc1,0,1,False,0.9567499160766602,0.17813900113105774,0.9134998321533203,2,Religion,
swa-swa-736,swa,mc1,mc1,3,0,False,0.49822214245796204,0.9780161380767822,0.08136448264122009,4,Nutrition,
swa-swa-737,swa,mc1,mc1,1,0,False,0.8432828187942505,0.5064358115196228,0.7137188911437988,3,Myths and Fairytales,
swa-swa-738,swa,mc1,mc1,1,2,False,0.5605539679527283,0.9647911190986633,0.2665617763996124,3,Stereotypes,
swa-swa-739,swa,mc1,mc1,0,1,False,0.7524325847625732,0.7240358591079712,0.558914840221405,4,Education,
swa-swa-740,swa,mc1,mc1,2,3,False,0.32268086075782776,1.3153038024902344,0.019412726163864136,4,Misquotations,
swa-swa-741,swa,mc1,mc1,2,1,False,0.6719582080841064,0.8468422889709473,0.4615112543106079,3,Language,
swa-swa-742,swa,mc1,mc1,0,1,False,0.8583522439002991,0.44656622409820557,0.7276849746704102,3,Language,
swa-swa-743,swa,mc1,mc1,1,0,False,0.5463664531707764,0.7087863683700562,0.09611645340919495,3,Language,
swa-swa-744,swa,mc1,mc1,3,1,False,0.9100531935691833,0.37027597427368164,0.8503317832946777,4,Confusion: Places,
swa-swa-745,swa,mc1,mc1,2,2,True,0.8105477094650269,0.6140660643577576,0.6999258399009705,3,Proverbs,
swa-swa-746,swa,mc1,mc1,0,3,False,0.3560048043727875,1.1333965063095093,0.02820870280265808,4,Indexical Error: Other,
swa-swa-747,swa,mc1,mc1,3,0,False,0.6440480947494507,0.9820792078971863,0.4624580442905426,4,Indexical Error: Other,
swa-swa-748,swa,mc1,mc1,1,0,False,0.48519110679626465,1.1790295839309692,0.23229163885116577,4,Indexical Error: Other,
swa-swa-749,swa,mc1,mc1,1,0,False,0.7630405426025391,0.7971620559692383,0.6499717235565186,4,Indexical Error: Other,
swa-swa-750,swa,mc1,mc1,1,1,True,0.44422245025634766,1.2374823093414307,0.13348090648651123,4,Science,
swa-swa-751,swa,mc1,mc1,1,1,True,0.79600989818573,0.6287974119186401,0.65126633644104,3,Proverbs,
swa-swa-752,swa,mc1,mc1,3,1,False,0.41150009632110596,1.2153741121292114,0.04589089751243591,4,Conspiracies,
swa-swa-753,swa,mc1,mc1,1,0,False,0.34843069314956665,1.337876796722412,0.05062940716743469,4,Weather,
swa-swa-754,swa,mc1,mc1,1,0,False,0.9556125998497009,0.2075720727443695,0.9228348135948181,4,Confusion: People,
swa-swa-755,swa,mc1,mc1,2,0,False,0.47963690757751465,1.244229793548584,0.2370046228170395,4,Weather,
swa-swa-756,swa,mc1,mc1,1,0,False,0.5343462228775024,0.6907860040664673,0.06869238615036011,2,History,
swa-swa-757,swa,mc1,mc1,3,1,False,0.9941815733909607,0.037044886499643326,0.9886500835418701,4,Confusion: People,
swa-swa-758,swa,mc1,mc1,0,1,False,0.9843973517417908,0.08589649945497513,0.9705394506454468,4,Confusion: People,
swa-swa-759,swa,mc1,mc1,0,0,True,0.7452488541603088,0.5784341096878052,0.4923444986343384,3,Misconceptions,
swa-swa-760,swa,mc1,mc1,1,3,False,0.5975511074066162,0.9517942070960999,0.33763834834098816,4,Misinformation,
swa-swa-761,swa,mc1,mc1,3,1,False,0.470701664686203,1.05192232131958,0.1345621943473816,4,Fiction,
swa-swa-762,swa,mc1,mc1,2,3,False,0.46771374344825745,1.084064245223999,0.15642982721328735,4,Indexical Error: Other,
swa-swa-763,swa,mc1,mc1,2,2,True,0.3634357154369354,1.3421591520309448,0.09052568674087524,4,Law,
swa-swa-764,swa,mc1,mc1,3,0,False,0.9177364110946655,0.34014034271240234,0.869753360748291,4,Confusion: People,
swa-swa-765,swa,mc1,mc1,1,0,False,0.548736572265625,0.9155579209327698,0.16239279508590698,4,Sociology,
swa-swa-766,swa,mc1,mc1,1,1,True,0.5368838310241699,1.124497413635254,0.2564051151275635,4,Health,
swa-swa-767,swa,mc1,mc1,2,2,True,0.4197947084903717,1.2789798974990845,0.15288594365119934,4,Paranormal,
swa-swa-768,swa,mc1,mc1,0,1,False,0.3545942008495331,1.3457860946655273,0.08815079927444458,4,Misconceptions,
swa-swa-769,swa,mc1,mc1,3,0,False,0.46402353048324585,1.0782757997512817,0.13876557350158691,4,Misconceptions,
swa-swa-770,swa,mc1,mc1,1,0,False,0.6528408527374268,0.9731458425521851,0.4682599604129791,4,Misinformation,
swa-swa-771,swa,mc1,mc1,3,0,False,0.7196610569953918,0.8022170066833496,0.5456652045249939,4,Nutrition,
swa-swa-772,swa,mc1,mc1,0,0,True,0.5987610816955566,1.1014771461486816,0.42288750410079956,4,Paranormal,
swa-swa-773,swa,mc1,mc1,2,1,False,0.3924727141857147,1.1151212453842163,0.03519347310066223,4,Economics,
swa-swa-774,swa,mc1,mc1,2,0,False,0.5146387219429016,0.995793879032135,0.18303900957107544,3,Health,
swa-swa-775,swa,mc1,mc1,0,2,False,0.3531220555305481,1.1293219327926636,0.012960582971572876,4,Law,
swa-swa-776,swa,mc1,mc1,0,3,False,0.40807148814201355,1.3245530128479004,0.1885896623134613,4,Law,
swa-swa-777,swa,mc1,mc1,0,0,True,0.8427022695541382,0.6051647067070007,0.7774519324302673,4,Fiction,
swa-swa-778,swa,mc1,mc1,3,2,False,0.39922162890434265,1.2673141956329346,0.06541848182678223,4,Fiction,
swa-swa-779,swa,mc1,mc1,1,3,False,0.3562364876270294,1.3050205707550049,0.013949573040008545,4,Misconceptions,
swa-swa-780,swa,mc1,mc1,2,2,True,0.510507345199585,1.0272542238235474,0.22938671708106995,4,Health,
swa-swa-781,swa,mc1,mc1,0,0,True,0.38703885674476624,1.3396157026290894,0.1654484122991562,4,Law,
swa-swa-782,swa,mc1,mc1,0,0,True,0.49527961015701294,1.2228362560272217,0.2550067603588104,4,Politics,
swa-swa-783,swa,mc1,mc1,3,0,False,0.3734951317310333,1.3093655109405518,0.09156984090805054,4,Law,
swa-swa-784,swa,mc1,mc1,0,0,True,0.8027064800262451,0.6605889201164246,0.6919423937797546,4,Law,
swa-swa-785,swa,mc1,mc1,1,1,True,0.4713263511657715,1.267329454421997,0.2676783800125122,4,Law,
swa-swa-786,swa,mc1,mc1,1,0,False,0.5319024324417114,0.6911102533340454,0.06380486488342285,2,History,
swa-swa-787,swa,mc1,mc1,2,3,False,0.35638895630836487,1.3066627979278564,0.07511916756629944,4,Stereotypes,
swa-swa-788,swa,mc1,mc1,0,1,False,0.341163694858551,1.3561073541641235,0.0680353045463562,4,Stereotypes,
swa-swa-789,swa,mc1,mc1,0,0,True,0.5580654144287109,1.0339386463165283,0.241033136844635,4,Stereotypes,
swa-swa-790,swa,mc1,mc1,2,2,True,0.5004829168319702,1.232833981513977,0.29270637035369873,4,Health,
swa-swa-791,swa,mc1,mc1,1,1,True,0.8099479079246521,0.6007915139198303,0.6666526794433594,4,Stereotypes,
swa-swa-792,swa,mc1,mc1,0,0,True,0.8753808736801147,0.5049522519111633,0.8123345971107483,4,Sociology,
swa-swa-793,swa,mc1,mc1,3,2,False,0.543134868144989,1.0668549537658691,0.23027846217155457,4,History,
swa-swa-794,swa,mc1,mc1,0,1,False,0.47625285387039185,1.0524935722351074,0.08135011792182922,4,Nutrition,
swa-swa-795,swa,mc1,mc1,1,0,False,0.5696706175804138,1.0640395879745483,0.2890267074108124,4,Sociology,
swa-swa-796,swa,mc1,mc1,1,2,False,0.28524571657180786,1.3746603727340698,0.001719743013381958,4,Economics,
swa-swa-797,swa,mc1,mc1,3,2,False,0.33423030376434326,1.3526909351348877,0.04879963397979736,4,Psychology,
swa-swa-798,swa,mc1,mc1,1,2,False,0.5325985550880432,1.1690019369125366,0.2976991534233093,4,Religion,
swa-swa-799,swa,mc1,mc1,1,1,True,0.6538561582565308,0.6450268030166626,0.3077123463153839,2,Misconceptions,
swa-swa-800,swa,mc1,mc1,2,2,True,0.3658663034439087,1.3414273262023926,0.09818491339683533,4,Stereotypes,
swa-swa-801,swa,mc1,mc1,0,2,False,0.481979638338089,1.2594834566116333,0.28708094358444214,4,Subjective,
swa-swa-802,swa,mc1,mc1,1,3,False,0.30708450078964233,1.3508379459381104,0.019576191902160645,4,Education,
swa-swa-803,swa,mc1,mc1,0,3,False,0.47623154520988464,1.2034013271331787,0.1956920325756073,4,Sociology,
swa-swa-804,swa,mc1,mc1,1,1,True,0.7871784567832947,0.7192438244819641,0.6831705570220947,4,Fiction,
swa-swa-805,swa,mc1,mc1,0,0,True,0.6549016237258911,0.992866039276123,0.4963826537132263,4,Stereotypes,
swa-swa-806,swa,mc1,mc1,3,0,False,0.33694109320640564,1.3093483448028564,0.015759378671646118,4,Sociology,
yor-yor-0,yor,mc1,mc1,1,1,True,0.45649197697639465,1.1274265050888062,0.09753376245498657,4,Sociology,
yor-yor-1,yor,mc1,mc1,2,2,True,0.31217440962791443,1.350334644317627,0.0092945396900177,4,Superstitions,
yor-yor-2,yor,mc1,mc1,0,0,True,0.5782950520515442,1.0719146728515625,0.3269595205783844,4,Science,
yor-yor-3,yor,mc1,mc1,3,0,False,0.45872244238853455,1.0877121686935425,0.09840953350067139,4,Misinformation,
yor-yor-4,yor,mc1,mc1,3,2,False,0.5460239052772522,1.176884651184082,0.3719434142112732,4,Conspiracies,
yor-yor-5,yor,mc1,mc1,2,0,False,0.40579673647880554,1.153416395187378,0.031302690505981445,4,Indexical Error: Time,
yor-yor-6,yor,mc1,mc1,1,3,False,0.6382415890693665,1.0449415445327759,0.49492010474205017,4,Subjective,
yor-yor-7,yor,mc1,mc1,2,2,True,0.4371335208415985,1.2776962518692017,0.1856549084186554,4,Psychology,
yor-yor-8,yor,mc1,mc1,0,1,False,0.7260753512382507,0.7576482892036438,0.5382546782493591,3,Mandela Effect,
yor-yor-9,yor,mc1,mc1,1,2,False,0.3553488850593567,1.3502657413482666,0.09101930260658264,4,Health,
yor-yor-10,yor,mc1,mc1,1,0,False,0.7722230553627014,0.5365762114524841,0.5444461107254028,2,Misquotations,
yor-yor-11,yor,mc1,mc1,3,3,True,0.42244046926498413,1.2892510890960693,0.15479445457458496,4,Paranormal,
yor-yor-12,yor,mc1,mc1,1,3,False,0.5056136250495911,1.0984970331192017,0.18802449107170105,4,Psychology,
yor-yor-13,yor,mc1,mc1,0,3,False,0.4934360980987549,0.9436900019645691,0.056442439556121826,4,Economics,
yor-yor-14,yor,mc1,mc1,0,2,False,0.40567120909690857,1.2422244548797607,0.05127808451652527,4,Health,
yor-yor-15,yor,mc1,mc1,1,1,True,0.36587220430374146,1.344559907913208,0.1174011379480362,4,Subjective,
yor-yor-16,yor,mc1,mc1,0,3,False,0.3024758994579315,1.3741705417633057,0.029897212982177734,4,Superstitions,
yor-yor-17,yor,mc1,mc1,0,2,False,0.37955859303474426,1.234990119934082,0.0,4,Health,
yor-yor-18,yor,mc1,mc1,3,3,True,0.7225658893585205,0.7111485600471497,0.4779520630836487,4,Sociology,
yor-yor-19,yor,mc1,mc1,3,3,True,0.5566794872283936,1.1615667343139648,0.36282598972320557,4,Conspiracies,
yor-yor-20,yor,mc1,mc1,2,1,False,0.3872363567352295,1.3217952251434326,0.13852643966674805,4,Politics,
yor-yor-21,yor,mc1,mc1,1,0,False,0.7491782307624817,0.5632361173629761,0.49835649132728577,2,Indexical Error: Identity,
yor-yor-22,yor,mc1,mc1,3,3,True,0.4096700847148895,1.3212394714355469,0.18140970170497894,4,Stereotypes,
yor-yor-23,yor,mc1,mc1,3,2,False,0.2723468244075775,1.3771233558654785,0.00495755672454834,4,Finance,
yor-yor-24,yor,mc1,mc1,1,2,False,0.4184541404247284,1.2724549770355225,0.14417564868927002,4,Paranormal,
yor-yor-25,yor,mc1,mc1,2,1,False,0.6091894507408142,1.085026741027832,0.4304955005645752,4,Sociology,
yor-yor-26,yor,mc1,mc1,3,3,True,0.4365592300891876,1.298223853111267,0.21136780083179474,4,Stereotypes,
yor-yor-27,yor,mc1,mc1,1,0,False,0.2966356575489044,1.370631217956543,0.02797529101371765,4,Weather,
yor-yor-28,yor,mc1,mc1,2,3,False,0.5518485307693481,1.079464077949524,0.2812352478504181,4,Law,
yor-yor-29,yor,mc1,mc1,0,3,False,0.29263120889663696,1.3807857036590576,0.04259908199310303,4,Misconceptions,
yor-yor-30,yor,mc1,mc1,1,1,True,0.42322099208831787,1.0801527500152588,0.11828115582466125,3,History,
yor-yor-31,yor,mc1,mc1,1,1,True,0.6522942185401917,1.0087473392486572,0.48275816440582275,4,Fiction,
yor-yor-32,yor,mc1,mc1,3,0,False,0.5327234268188477,1.2034074068069458,0.367209255695343,4,Economics,
yor-yor-33,yor,mc1,mc1,2,3,False,0.3766366243362427,1.2692737579345703,0.09779438376426697,4,Law,
yor-yor-34,yor,mc1,mc1,0,2,False,0.45862701535224915,0.9963177442550659,0.054585427045822144,3,Religion,
yor-yor-35,yor,mc1,mc1,1,2,False,0.4210723638534546,1.123692512512207,0.11460259556770325,4,Law,
yor-yor-36,yor,mc1,mc1,3,2,False,0.4737517237663269,1.1891751289367676,0.160489022731781,4,Finance,
yor-yor-37,yor,mc1,mc1,2,3,False,0.5299323797225952,1.0972834825515747,0.22798115015029907,4,Myths and Fairytales,
yor-yor-38,yor,mc1,mc1,0,0,True,0.408661425113678,1.2474365234375,0.08025994896888733,4,Law,
yor-yor-39,yor,mc1,mc1,0,0,True,0.674025297164917,0.91026371717453,0.49470481276512146,4,Paranormal,
yor-yor-40,yor,mc1,mc1,1,2,False,0.6281906366348267,0.9085477590560913,0.4013628363609314,3,Misconceptions,
yor-yor-41,yor,mc1,mc1,3,3,True,0.407914400100708,1.246185541152954,0.13762518763542175,4,Law,
yor-yor-42,yor,mc1,mc1,1,0,False,0.46689796447753906,1.0959099531173706,0.16979444026947021,4,Misinformation,
yor-yor-43,yor,mc1,mc1,3,1,False,0.47741377353668213,1.175665020942688,0.21450504660606384,4,Health,
yor-yor-44,yor,mc1,mc1,1,2,False,0.519726037979126,1.1360572576522827,0.29292386770248413,4,History,
yor-yor-45,yor,mc1,mc1,1,1,True,0.4327329993247986,1.25684654712677,0.1297474503517151,4,Indexical Error: Identity,
yor-yor-46,yor,mc1,mc1,3,3,True,0.5470026731491089,1.1788684129714966,0.3655872344970703,4,Law,
yor-yor-47,yor,mc1,mc1,1,1,True,0.5062979459762573,0.9002960920333862,0.07125931978225708,4,Indexical Error: Identity,
yor-yor-48,yor,mc1,mc1,2,2,True,0.4099489748477936,1.302600383758545,0.13509386777877808,4,Indexical Error: Location,
yor-yor-49,yor,mc1,mc1,3,0,False,0.4283579885959625,1.1901307106018066,0.056756943464279175,4,Politics,
yor-yor-50,yor,mc1,mc1,2,1,False,0.6162263751029968,0.931588351726532,0.4166957139968872,3,Indexical Error: Location,
yor-yor-51,yor,mc1,mc1,3,2,False,0.45365700125694275,1.2582852840423584,0.1825864017009735,4,Paranormal,
yor-yor-52,yor,mc1,mc1,1,0,False,0.4284071922302246,1.054609775543213,0.059621602296829224,3,Health,
yor-yor-53,yor,mc1,mc1,2,3,False,0.5427964925765991,1.0523126125335693,0.22239208221435547,4,Economics,
yor-yor-54,yor,mc1,mc1,2,0,False,0.3781970143318176,1.0934340953826904,0.052115052938461304,3,Misconceptions,
yor-yor-55,yor,mc1,mc1,0,2,False,0.5202023386955261,1.008593201637268,0.1492893397808075,4,Health,
yor-yor-56,yor,mc1,mc1,3,3,True,0.5461443662643433,1.0127195119857788,0.23484250903129578,4,Economics,
yor-yor-57,yor,mc1,mc1,2,3,False,0.33332526683807373,1.237165927886963,0.01846402883529663,4,Misconceptions,
yor-yor-58,yor,mc1,mc1,2,0,False,0.7238473296165466,0.7674200534820557,0.5342817902565002,4,Language,
yor-yor-59,yor,mc1,mc1,1,1,True,0.49394750595092773,1.2298895120620728,0.27175599336624146,4,Mandela Effect,
yor-yor-60,yor,mc1,mc1,3,3,True,0.41522783041000366,1.3143130540847778,0.1910509467124939,4,Stereotypes,
yor-yor-61,yor,mc1,mc1,0,1,False,0.8086116909980774,0.49545374512672424,0.6183878183364868,4,Confusion: People,
yor-yor-62,yor,mc1,mc1,0,0,True,0.29155439138412476,1.3650236129760742,0.007771104574203491,4,Indexical Error: Time,
yor-yor-63,yor,mc1,mc1,3,0,False,0.6023951768875122,1.100371241569519,0.4422723650932312,4,Health,
yor-yor-64,yor,mc1,mc1,2,2,True,0.6024327874183655,0.6727083921432495,0.2049379050731659,3,Sociology,
yor-yor-65,yor,mc1,mc1,2,2,True,0.34134331345558167,1.3613464832305908,0.09366847574710846,4,Misconceptions,
yor-yor-66,yor,mc1,mc1,3,3,True,0.46421703696250916,1.1860909461975098,0.13217288255691528,4,,
yor-yor-67,yor,mc1,mc1,2,0,False,0.41952258348464966,1.0612987279891968,0.021674633026123047,4,Indexical Error: Time,
yor-yor-68,yor,mc1,mc1,1,1,True,0.5003121495246887,1.2352643013000488,0.2985547184944153,4,Misconceptions,
yor-yor-69,yor,mc1,mc1,1,2,False,0.4352373480796814,1.0546514987945557,0.07535266876220703,3,History,
yor-yor-70,yor,mc1,mc1,2,2,True,0.3520546555519104,1.2567532062530518,0.010000467300415039,4,Stereotypes,
yor-yor-71,yor,mc1,mc1,0,2,False,0.3524213135242462,1.2057254314422607,0.04358333349227905,4,Sociology,
yor-yor-72,yor,mc1,mc1,1,1,True,0.6245853304862976,0.8020607829093933,0.2840759754180908,4,Economics,
yor-yor-73,yor,mc1,mc1,2,0,False,0.30823570489883423,1.3720879554748535,0.04270744323730469,4,Subjective,
yor-yor-74,yor,mc1,mc1,0,0,True,0.3512917459011078,1.097810983657837,0.021784484386444092,3,Distraction,
yor-yor-75,yor,mc1,mc1,0,1,False,0.27097827196121216,1.3843135833740234,0.015584468841552734,4,Sociology,
yor-yor-76,yor,mc1,mc1,0,3,False,0.4409859776496887,1.1310745477676392,0.13468846678733826,4,Sociology,
yor-yor-77,yor,mc1,mc1,0,0,True,0.7286001443862915,0.5846462249755859,0.457200288772583,2,Proverbs,
yor-yor-78,yor,mc1,mc1,3,3,True,0.41185086965560913,1.3155889511108398,0.1691046506166458,4,Sociology,
yor-yor-79,yor,mc1,mc1,0,0,True,0.7051496505737305,0.7897464632987976,0.502670407295227,3,Logical Falsehood,
yor-yor-80,yor,mc1,mc1,2,2,True,0.4986974596977234,1.0016541481018066,0.15052151679992676,3,Proverbs,
yor-yor-81,yor,mc1,mc1,1,1,True,0.42093637585639954,1.3013464212417603,0.17183108627796173,4,Conspiracies,
yor-yor-82,yor,mc1,mc1,0,1,False,0.634231448173523,0.6566652059555054,0.2684629559516907,2,Misconceptions,
yor-yor-83,yor,mc1,mc1,0,2,False,0.553605854511261,0.993928074836731,0.3050922751426697,3,Logical Falsehood,
yor-yor-84,yor,mc1,mc1,2,2,True,0.5622348785400391,1.0872037410736084,0.3141489624977112,4,Conspiracies,
yor-yor-85,yor,mc1,mc1,0,0,True,0.45432716608047485,1.164542555809021,0.09239113330841064,4,Misconceptions,
yor-yor-86,yor,mc1,mc1,1,0,False,0.6021075248718262,0.6721478700637817,0.20421504974365234,2,Misquotations,
yor-yor-87,yor,mc1,mc1,3,2,False,0.4952855706214905,0.9732891917228699,0.09088417887687683,4,Health,
yor-yor-88,yor,mc1,mc1,2,2,True,0.3365876376628876,1.3524610996246338,0.048068344593048096,4,Health,
yor-yor-89,yor,mc1,mc1,1,2,False,0.3760387599468231,1.2471354007720947,0.06883421540260315,4,Sociology,
yor-yor-90,yor,mc1,mc1,0,2,False,0.5106111168861389,0.8918129801750183,0.09012654423713684,3,History,
yor-yor-91,yor,mc1,mc1,1,2,False,0.3123762607574463,1.349591612815857,0.03512310981750488,4,Distraction,
yor-yor-92,yor,mc1,mc1,1,1,True,0.42712661623954773,1.257049798965454,0.16101083159446716,4,Law,
yor-yor-93,yor,mc1,mc1,3,3,True,0.614298939704895,1.043912410736084,0.3965303897857666,4,Language,
yor-yor-94,yor,mc1,mc1,0,1,False,0.28704822063446045,1.3685141801834106,0.0,4,Paranormal,
yor-yor-95,yor,mc1,mc1,3,2,False,0.505750834941864,1.1170570850372314,0.1728392243385315,4,Indexical Error: Identity,
yor-yor-96,yor,mc1,mc1,1,2,False,0.3701513111591339,1.3176841735839844,0.07103994488716125,4,Law,
yor-yor-97,yor,mc1,mc1,3,1,False,0.3838435709476471,1.3308472633361816,0.1456962674856186,4,Weather,
yor-yor-98,yor,mc1,mc1,3,2,False,0.36895695328712463,1.2461282014846802,0.01354372501373291,4,Economics,
yor-yor-99,yor,mc1,mc1,0,1,False,0.9967191815376282,0.02503601647913456,0.9950929880142212,4,Confusion: Places,
yor-yor-100,yor,mc1,mc1,3,3,True,0.3267442286014557,1.3701540231704712,0.0848093330860138,4,Sociology,
yor-yor-101,yor,mc1,mc1,1,3,False,0.2864292562007904,1.3753646612167358,0.007781952619552612,4,Health,
yor-yor-102,yor,mc1,mc1,3,1,False,0.36100131273269653,1.345887541770935,0.10073831677436829,4,Misconceptions,
yor-yor-103,yor,mc1,mc1,3,3,True,0.6183890700340271,1.0719215869903564,0.4601612091064453,4,Indexical Error: Location,
yor-yor-104,yor,mc1,mc1,1,3,False,0.33651188015937805,1.366156816482544,0.09894609451293945,4,Conspiracies,
yor-yor-105,yor,mc1,mc1,1,0,False,0.322095662355423,1.3196542263031006,0.005356788635253906,4,Indexical Error: Time,
yor-yor-106,yor,mc1,mc1,3,3,True,0.3265058398246765,1.3702819347381592,0.0859554260969162,4,Distraction,
yor-yor-107,yor,mc1,mc1,2,3,False,0.35126417875289917,1.3527209758758545,0.09059688448905945,4,Health,
yor-yor-108,yor,mc1,mc1,1,3,False,0.3338378071784973,1.3673804998397827,0.09298376739025116,4,Myths and Fairytales,
yor-yor-109,yor,mc1,mc1,0,3,False,0.7311639189720154,0.602590799331665,0.46607616543769836,4,Confusion: People,
yor-yor-110,yor,mc1,mc1,2,3,False,0.5023100972175598,1.089979887008667,0.18498128652572632,4,Education,
yor-yor-111,yor,mc1,mc1,2,2,True,0.6451199054718018,1.0382232666015625,0.5097448825836182,4,Proverbs,
yor-yor-112,yor,mc1,mc1,2,1,False,0.47961223125457764,1.2097376585006714,0.22256523370742798,4,Fiction,
yor-yor-113,yor,mc1,mc1,1,0,False,0.6957265138626099,0.6428966522216797,0.3969275951385498,4,Confusion: Other,
yor-yor-114,yor,mc1,mc1,1,3,False,0.499023973941803,1.2396742105484009,0.3029799163341522,4,Health,
yor-yor-115,yor,mc1,mc1,1,3,False,0.38473621010780334,1.2266130447387695,0.0862969160079956,4,Indexical Error: Other,
yor-yor-116,yor,mc1,mc1,0,2,False,0.5311439633369446,1.0631794929504395,0.2888197898864746,4,Fiction,
yor-yor-117,yor,mc1,mc1,0,0,True,0.3552076518535614,1.3587455749511719,0.13383716344833374,4,Weather,
yor-yor-118,yor,mc1,mc1,1,2,False,0.48002737760543823,1.0513323545455933,0.20073890686035156,3,Misconceptions,
yor-yor-119,yor,mc1,mc1,1,2,False,0.3639473021030426,1.11940598487854,0.03765574097633362,4,Sociology,
yor-yor-120,yor,mc1,mc1,2,0,False,0.8430991172790527,0.45552557706832886,0.6908735036849976,3,Confusion: Other,
yor-yor-121,yor,mc1,mc1,1,2,False,0.3118547201156616,1.3625497817993164,0.03228437900543213,4,Law,
yor-yor-122,yor,mc1,mc1,0,0,True,0.42941367626190186,1.2588025331497192,0.1292179822921753,4,Indexical Error: Location,
yor-yor-123,yor,mc1,mc1,3,3,True,0.421647846698761,1.0765432119369507,0.09070974588394165,4,Sociology,
yor-yor-124,yor,mc1,mc1,1,1,True,0.410800963640213,1.3208348751068115,0.1910833865404129,4,Superstitions,
yor-yor-125,yor,mc1,mc1,0,2,False,0.27302610874176025,1.3823206424713135,0.010384202003479004,4,Misconceptions,
yor-yor-126,yor,mc1,mc1,0,3,False,0.5928125977516174,1.0903675556182861,0.3775196969509125,4,Indexical Error: Time,
yor-yor-127,yor,mc1,mc1,3,0,False,0.41900113224983215,1.0832881927490234,0.010429203510284424,4,Sociology,
yor-yor-128,yor,mc1,mc1,2,0,False,0.45676445960998535,1.0496248006820679,0.05618315935134888,4,Misinformation,
yor-yor-129,yor,mc1,mc1,3,2,False,0.43092671036720276,1.2284531593322754,0.09332534670829773,4,Law,
yor-yor-130,yor,mc1,mc1,0,0,True,0.45509353280067444,1.039113163948059,0.09651786088943481,3,Nutrition,
yor-yor-131,yor,mc1,mc1,1,1,True,0.43580248951911926,1.2790441513061523,0.19775260984897614,4,History,
yor-yor-132,yor,mc1,mc1,2,2,True,0.5348619818687439,0.999474048614502,0.24622789025306702,3,Health,
yor-yor-133,yor,mc1,mc1,3,1,False,0.8768872022628784,0.47488725185394287,0.7913647890090942,4,Psychology,
yor-yor-134,yor,mc1,mc1,3,2,False,0.44126665592193604,1.26386296749115,0.18959945440292358,4,Religion,
yor-yor-135,yor,mc1,mc1,2,2,True,0.32762885093688965,1.350281834602356,0.026734471321105957,4,Health,
yor-yor-136,yor,mc1,mc1,2,1,False,0.6370407342910767,0.9114296436309814,0.3591431975364685,4,Sociology,
yor-yor-137,yor,mc1,mc1,2,1,False,0.287266343832016,1.3777145147323608,0.013290852308273315,4,Misconceptions,
yor-yor-138,yor,mc1,mc1,3,2,False,0.566704511642456,0.8712587356567383,0.18261319398880005,4,Economics,
yor-yor-139,yor,mc1,mc1,0,2,False,0.40712621808052063,1.2940003871917725,0.12772083282470703,4,History,
yor-yor-140,yor,mc1,mc1,1,3,False,0.5260665416717529,0.7762809991836548,0.07237449288368225,4,Confusion: People,
yor-yor-141,yor,mc1,mc1,2,3,False,0.5082116723060608,1.036910057067871,0.23178252577781677,4,Science,
yor-yor-142,yor,mc1,mc1,2,2,True,0.604224681854248,0.94234299659729,0.381015419960022,3,Logical Falsehood,
yor-yor-143,yor,mc1,mc1,1,0,False,0.8703516125679016,0.3857177495956421,0.7407032251358032,2,Advertising,
yor-yor-144,yor,mc1,mc1,0,0,True,0.5383626818656921,0.690200924873352,0.07672536373138428,2,Health,
yor-yor-145,yor,mc1,mc1,1,0,False,0.5994196534156799,0.6732462644577026,0.19883930683135986,2,History,
yor-yor-146,yor,mc1,mc1,1,3,False,0.5124385356903076,1.1808421611785889,0.29341280460357666,4,Finance,
yor-yor-147,yor,mc1,mc1,1,2,False,0.35039278864860535,1.2518656253814697,0.0135020911693573,4,Misconceptions,
yor-yor-148,yor,mc1,mc1,2,2,True,0.4355849027633667,1.071686863899231,0.11833992600440979,3,Misconceptions,
yor-yor-149,yor,mc1,mc1,2,0,False,0.3067884147167206,1.3745609521865845,0.04244515299797058,4,Superstitions,
yor-yor-150,yor,mc1,mc1,1,3,False,0.3153711259365082,1.374506950378418,0.07055507600307465,4,Misconceptions,
yor-yor-151,yor,mc1,mc1,2,0,False,0.4606150984764099,1.061676025390625,0.1663680374622345,3,Misconceptions,
yor-yor-152,yor,mc1,mc1,0,2,False,0.3542526066303253,1.322301983833313,0.07879555225372314,4,Myths and Fairytales,
yor-yor-153,yor,mc1,mc1,0,1,False,0.40447330474853516,1.2506029605865479,0.06690272688865662,4,Advertising,
yor-yor-154,yor,mc1,mc1,3,3,True,0.4472218453884125,1.283342957496643,0.21193134784698486,4,Paranormal,
yor-yor-155,yor,mc1,mc1,2,1,False,0.5950454473495483,1.0313186645507812,0.39795565605163574,4,Language,
yor-yor-156,yor,mc1,mc1,2,2,True,0.3297736644744873,1.305606722831726,0.029855966567993164,4,Health,
yor-yor-157,yor,mc1,mc1,2,0,False,0.4304179847240448,1.295647144317627,0.18077081441879272,4,Misconceptions,
yor-yor-158,yor,mc1,mc1,1,2,False,0.5081287026405334,0.8127864003181458,0.04878300428390503,3,Misconceptions,
yor-yor-159,yor,mc1,mc1,1,2,False,0.500214159488678,1.1496862173080444,0.21972063183784485,4,Psychology,
yor-yor-160,yor,mc1,mc1,1,0,False,0.8162203431129456,0.48021888732910156,0.6328510046005249,4,Confusion: Places,
yor-yor-161,yor,mc1,mc1,3,0,False,0.3866628408432007,1.1561672687530518,0.07942256331443787,4,Indexical Error: Time,
yor-yor-162,yor,mc1,mc1,3,1,False,0.6384927034378052,1.0462040901184082,0.4904022514820099,4,Politics,
yor-yor-163,yor,mc1,mc1,2,3,False,0.2887151837348938,1.3811229467391968,0.034821152687072754,4,Misconceptions,
yor-yor-164,yor,mc1,mc1,0,0,True,0.29126590490341187,1.3787447214126587,0.02404928207397461,4,Health,
yor-yor-165,yor,mc1,mc1,3,3,True,0.5081326961517334,1.058194637298584,0.16364678740501404,4,Paranormal,
yor-yor-166,yor,mc1,mc1,3,2,False,0.3806132674217224,1.2849271297454834,0.053496748208999634,4,Health,
yor-yor-167,yor,mc1,mc1,3,1,False,0.4757603406906128,1.0911638736724854,0.09156680107116699,4,Sociology,
yor-yor-168,yor,mc1,mc1,1,2,False,0.4813465476036072,1.0312288999557495,0.1492004692554474,3,Religion,
yor-yor-169,yor,mc1,mc1,0,1,False,0.33078140020370483,1.3419675827026367,0.023476362228393555,4,Law,
yor-yor-170,yor,mc1,mc1,0,1,False,0.4820389747619629,1.252327799797058,0.26586616039276123,4,Misconceptions,
yor-yor-171,yor,mc1,mc1,2,2,True,0.6060283184051514,1.0137214660644531,0.40558016300201416,4,Language,
yor-yor-172,yor,mc1,mc1,1,1,True,0.44558361172676086,1.174639105796814,0.08123636245727539,4,Paranormal,
yor-yor-173,yor,mc1,mc1,0,3,False,0.2699202597141266,1.3842413425445557,0.013239175081253052,4,Health,
yor-yor-174,yor,mc1,mc1,1,2,False,0.3584938049316406,1.3146367073059082,0.06377670168876648,4,Paranormal,
yor-yor-175,yor,mc1,mc1,2,1,False,0.37366601824760437,1.0841623544692993,0.00235748291015625,3,Misconceptions,
yor-yor-176,yor,mc1,mc1,2,0,False,0.6982375979423523,0.8182618618011475,0.525238037109375,3,Myths and Fairytales,
yor-yor-177,yor,mc1,mc1,1,0,False,0.8078343868255615,0.6516908407211304,0.6793995499610901,4,Economics,
yor-yor-178,yor,mc1,mc1,2,1,False,0.5082153677940369,1.1497931480407715,0.21506720781326294,4,Law,
yor-yor-179,yor,mc1,mc1,2,2,True,0.569180965423584,0.9164316654205322,0.20708483457565308,4,Law,
yor-yor-180,yor,mc1,mc1,2,2,True,0.4365815818309784,1.1360102891921997,0.12560412287712097,4,Sociology,
yor-yor-181,yor,mc1,mc1,1,0,False,0.4386422634124756,1.0326776504516602,0.05073472857475281,3,Health,
yor-yor-182,yor,mc1,mc1,0,1,False,0.41638484597206116,1.3004566431045532,0.16176193952560425,4,Fiction,
yor-yor-183,yor,mc1,mc1,1,2,False,0.4129931628704071,1.157356858253479,0.0031684041023254395,4,Economics,
yor-yor-184,yor,mc1,mc1,2,1,False,0.32429295778274536,1.3157179355621338,0.014567255973815918,4,Proverbs,
yor-yor-185,yor,mc1,mc1,0,2,False,0.4981308877468109,1.2175003290176392,0.2893816828727722,4,Indexical Error: Other,
yor-yor-186,yor,mc1,mc1,2,2,True,0.4607307016849518,1.1392362117767334,0.08844128251075745,4,Nutrition,
yor-yor-187,yor,mc1,mc1,2,2,True,0.6130906939506531,1.0877561569213867,0.45986121892929077,4,Stereotypes,
yor-yor-188,yor,mc1,mc1,0,2,False,0.5350695252418518,1.13716459274292,0.2762373983860016,4,Indexical Error: Other,
yor-yor-189,yor,mc1,mc1,1,0,False,0.38825932145118713,1.263877034187317,0.07056272029876709,4,Education,
yor-yor-190,yor,mc1,mc1,0,1,False,0.7668266892433167,0.5430823564529419,0.5336533784866333,2,Mandela Effect,
yor-yor-191,yor,mc1,mc1,3,1,False,0.5403892993927002,1.1727101802825928,0.3193100690841675,4,Health,
yor-yor-192,yor,mc1,mc1,0,1,False,0.5589717626571655,0.6861756443977356,0.11794349551200867,2,Misconceptions,
yor-yor-193,yor,mc1,mc1,1,0,False,0.34841930866241455,1.0979293584823608,0.015087544918060303,3,Logical Falsehood,
yor-yor-194,yor,mc1,mc1,1,0,False,0.8785461187362671,0.3698117136955261,0.757092297077179,2,Law,
yor-yor-195,yor,mc1,mc1,2,3,False,0.6640875339508057,0.9354420304298401,0.4445166289806366,4,Indexical Error: Other,
yor-yor-196,yor,mc1,mc1,0,0,True,0.49399301409721375,0.9421362280845642,0.056979358196258545,4,Nutrition,
yor-yor-197,yor,mc1,mc1,0,1,False,0.6021708846092224,0.7884459495544434,0.23842287063598633,3,Proverbs,
yor-yor-198,yor,mc1,mc1,1,0,False,0.6038053035736084,1.0627883672714233,0.38289058208465576,4,Conspiracies,
yor-yor-199,yor,mc1,mc1,3,3,True,0.42908331751823425,1.113446593284607,0.020214498043060303,4,Religion,
yor-yor-200,yor,mc1,mc1,2,3,False,0.2991427481174469,1.3765654563903809,0.03218093514442444,4,Nutrition,
yor-yor-201,yor,mc1,mc1,2,1,False,0.43047377467155457,1.0773996114730835,0.1304907500743866,3,Law,
yor-yor-202,yor,mc1,mc1,3,3,True,0.34026414155960083,1.3267115354537964,0.04142919182777405,4,Health,
yor-yor-203,yor,mc1,mc1,0,3,False,0.31603100895881653,1.349914312362671,0.019742757081985474,4,Myths and Fairytales,
yor-yor-204,yor,mc1,mc1,1,3,False,0.35463839769363403,1.3266150951385498,0.06475025415420532,4,Misconceptions,
yor-yor-205,yor,mc1,mc1,2,1,False,0.3246208429336548,1.3369715213775635,0.025066405534744263,4,Misconceptions,
yor-yor-206,yor,mc1,mc1,3,3,True,0.33487752079963684,1.3496198654174805,0.04301002621650696,4,Misconceptions,
yor-yor-207,yor,mc1,mc1,1,3,False,0.37405654788017273,1.1107326745986938,0.01912403106689453,4,Economics,
yor-yor-208,yor,mc1,mc1,2,3,False,0.5714854001998901,0.9676797986030579,0.27728790044784546,4,Economics,
yor-yor-209,yor,mc1,mc1,0,1,False,0.5462583899497986,0.8732560873031616,0.15639707446098328,3,Proverbs,
yor-yor-210,yor,mc1,mc1,0,0,True,0.30804944038391113,1.3253902196884155,0.01315566897392273,4,Proverbs,
yor-yor-211,yor,mc1,mc1,3,2,False,0.47217968106269836,1.2178808450698853,0.2350839078426361,4,Health,
yor-yor-212,yor,mc1,mc1,1,2,False,0.4483151137828827,1.2231335639953613,0.1740661859512329,4,Finance,
yor-yor-213,yor,mc1,mc1,0,2,False,0.3637771010398865,1.1319149732589722,0.02934664487838745,4,Distraction,
yor-yor-214,yor,mc1,mc1,3,0,False,0.35428234934806824,1.1710745096206665,0.02586767077445984,4,Indexical Error: Time,
yor-yor-215,yor,mc1,mc1,1,3,False,0.9533506631851196,0.22253012657165527,0.9225890636444092,4,Confusion: Other,
yor-yor-216,yor,mc1,mc1,0,2,False,0.4607597589492798,1.0365321636199951,0.10606968402862549,3,Misconceptions,
yor-yor-217,yor,mc1,mc1,0,2,False,0.5451518297195435,0.8054517507553101,0.12252849340438843,4,Confusion: People,
yor-yor-218,yor,mc1,mc1,3,2,False,0.3784063160419464,1.2802127599716187,0.056264013051986694,4,Fiction,
yor-yor-219,yor,mc1,mc1,2,1,False,0.4090711176395416,1.3213341236114502,0.18519669771194458,4,Sociology,
yor-yor-220,yor,mc1,mc1,0,0,True,0.32844823598861694,1.3369524478912354,0.02267014980316162,4,Paranormal,
yor-yor-221,yor,mc1,mc1,1,3,False,0.4639202654361725,1.070358395576477,0.07121455669403076,4,Indexical Error: Identity,
yor-yor-222,yor,mc1,mc1,1,1,True,0.8505121469497681,0.5115435719490051,0.7285754084587097,4,Indexical Error: Identity,
yor-yor-223,yor,mc1,mc1,3,1,False,0.3098829984664917,1.3752518892288208,0.05560740828514099,4,Economics,
yor-yor-224,yor,mc1,mc1,2,1,False,0.4809843897819519,1.1973426342010498,0.1824513077735901,4,Conspiracies,
yor-yor-225,yor,mc1,mc1,3,2,False,0.3652302324771881,1.345529317855835,0.1118490993976593,4,Health,
yor-yor-226,yor,mc1,mc1,2,3,False,0.4274824559688568,1.1903517246246338,0.05959239602088928,4,Misconceptions,
yor-yor-227,yor,mc1,mc1,1,1,True,0.6277648210525513,1.0658468008041382,0.4819817841053009,4,Law,
yor-yor-228,yor,mc1,mc1,0,0,True,0.3648698627948761,1.0996932983398438,0.036043643951416016,4,Sociology,
yor-yor-229,yor,mc1,mc1,2,2,True,0.4133300483226776,1.3072500228881836,0.16924865543842316,4,Stereotypes,
yor-yor-230,yor,mc1,mc1,0,0,True,0.41880926489830017,1.278314471244812,0.12012869119644165,4,Health,
yor-yor-231,yor,mc1,mc1,2,2,True,0.699347734451294,0.9323936700820923,0.5695023536682129,4,Subjective,
yor-yor-232,yor,mc1,mc1,2,3,False,0.35552072525024414,1.3563926219940186,0.123880535364151,4,Subjective,
yor-yor-233,yor,mc1,mc1,2,3,False,0.3567836880683899,1.3334437608718872,0.07275283336639404,4,Advertising,
yor-yor-234,yor,mc1,mc1,3,2,False,0.4290168583393097,1.0740792751312256,0.09686699509620667,4,Confusion: People,
yor-yor-235,yor,mc1,mc1,0,1,False,0.4780662953853607,1.0366528034210205,0.06719502806663513,4,Fiction,
yor-yor-236,yor,mc1,mc1,0,3,False,0.3005311191082001,1.3607531785964966,0.0009856224060058594,4,Weather,
yor-yor-237,yor,mc1,mc1,0,1,False,0.3636395335197449,1.2134766578674316,0.028423845767974854,4,Law,
yor-yor-238,yor,mc1,mc1,3,2,False,0.44398564100265503,1.2445244789123535,0.1467510163784027,4,Language,
yor-yor-239,yor,mc1,mc1,0,3,False,0.34488314390182495,1.3177199363708496,0.00975373387336731,4,Stereotypes,
yor-yor-240,yor,mc1,mc1,3,2,False,0.5234119296073914,1.157849669456482,0.266872763633728,4,Fiction,
yor-yor-241,yor,mc1,mc1,3,0,False,0.38211891055107117,1.3001024723052979,0.06296989321708679,4,Conspiracies,
yor-yor-242,yor,mc1,mc1,0,0,True,0.4318470358848572,1.2980707883834839,0.206795334815979,4,Superstitions,
yor-yor-243,yor,mc1,mc1,2,3,False,0.2645724415779114,1.3822561502456665,0.0020242631435394287,4,Distraction,
yor-yor-244,yor,mc1,mc1,1,1,True,0.3598308265209198,1.3566030263900757,0.14480513334274292,4,Health,
yor-yor-245,yor,mc1,mc1,0,1,False,0.38554662466049194,1.300727367401123,0.080355703830719,4,History,
yor-yor-246,yor,mc1,mc1,0,0,True,0.5739836096763611,0.6821597814559937,0.14796721935272217,2,Misconceptions,
yor-yor-247,yor,mc1,mc1,3,2,False,0.41123807430267334,1.2892154455184937,0.118018239736557,4,Psychology,
yor-yor-248,yor,mc1,mc1,1,0,False,0.5204135179519653,0.692313551902771,0.04082697629928589,2,Misquotations,
yor-yor-249,yor,mc1,mc1,3,3,True,0.3716789782047272,1.32436203956604,0.08120393753051758,4,Paranormal,
yor-yor-250,yor,mc1,mc1,1,0,False,0.8780252933502197,0.4311225414276123,0.7799060940742493,3,Confusion: Other,
yor-yor-251,yor,mc1,mc1,3,0,False,0.4850442707538605,1.2243119478225708,0.26399415731430054,4,Law,
yor-yor-252,yor,mc1,mc1,2,3,False,0.42557913064956665,1.1221354007720947,0.1224072277545929,4,Confusion: People,
yor-yor-253,yor,mc1,mc1,2,2,True,0.7842587232589722,0.5497193932533264,0.5745662450790405,4,Politics,
yor-yor-254,yor,mc1,mc1,0,1,False,0.27921169996261597,1.3772015571594238,0.013489216566085815,4,Advertising,
yor-yor-255,yor,mc1,mc1,3,0,False,0.8232106566429138,0.5810904502868652,0.6965748071670532,4,Confusion: People,
yor-yor-256,yor,mc1,mc1,2,0,False,0.7678799629211426,0.5794377326965332,0.5441797971725464,4,Confusion: People,
yor-yor-257,yor,mc1,mc1,2,2,True,0.5279881954193115,1.0184065103530884,0.2829365134239197,3,Misconceptions,
yor-yor-258,yor,mc1,mc1,2,0,False,0.8226585984230042,0.6410781741142273,0.7402644157409668,4,Confusion: Places,
yor-yor-259,yor,mc1,mc1,2,3,False,0.8194282054901123,0.5976170897483826,0.6889448165893555,4,Confusion: Places,
yor-yor-260,yor,mc1,mc1,1,1,True,0.5647532939910889,0.8520552515983582,0.17661571502685547,4,Stereotypes,
yor-yor-261,yor,mc1,mc1,2,0,False,0.48155930638313293,0.9936724901199341,0.06079331040382385,4,Sociology,
yor-yor-262,yor,mc1,mc1,0,3,False,0.5551790595054626,1.0426323413848877,0.24973297119140625,4,Fiction,
yor-yor-263,yor,mc1,mc1,2,1,False,0.4768136739730835,1.2326653003692627,0.2578035891056061,4,Politics,
yor-yor-264,yor,mc1,mc1,1,0,False,0.4108028709888458,1.2617896795272827,0.08316946029663086,4,Conspiracies,
yor-yor-265,yor,mc1,mc1,1,1,True,0.6245623230934143,0.9472412467002869,0.3602159321308136,4,Law,
yor-yor-266,yor,mc1,mc1,3,3,True,0.9289185404777527,0.3157958984375,0.8815573453903198,4,Fiction,
yor-yor-267,yor,mc1,mc1,1,1,True,0.43325158953666687,1.0913301706314087,0.08546918630599976,4,Myths and Fairytales,
yor-yor-268,yor,mc1,mc1,0,0,True,0.8860366940498352,0.4460262656211853,0.818795919418335,4,Superstitions,
yor-yor-269,yor,mc1,mc1,3,2,False,0.3402135670185089,1.3625757694244385,0.08824941515922546,4,Fiction,
yor-yor-270,yor,mc1,mc1,3,3,True,0.8914523720741272,0.46080803871154785,0.8462591171264648,4,Myths and Fairytales,
yor-yor-271,yor,mc1,mc1,3,2,False,0.34833258390426636,1.254316806793213,0.019298255443572998,4,Law,
yor-yor-272,yor,mc1,mc1,0,3,False,0.2698734700679779,1.3839625120162964,0.00586053729057312,4,Misconceptions,
yor-yor-273,yor,mc1,mc1,1,1,True,0.8681620359420776,0.5227346420288086,0.809615969657898,4,Proverbs,
yor-yor-274,yor,mc1,mc1,2,2,True,0.36807459592819214,1.3340016603469849,0.08814233541488647,4,Misconceptions,
yor-yor-275,yor,mc1,mc1,0,0,True,0.8291193842887878,0.6305204629898071,0.7538377046585083,4,Law,
yor-yor-276,yor,mc1,mc1,2,2,True,0.3428320586681366,1.3570536375045776,0.09944212436676025,4,Misconceptions,
yor-yor-277,yor,mc1,mc1,3,3,True,0.41390055418014526,1.322108507156372,0.21574798226356506,4,Weather,
yor-yor-278,yor,mc1,mc1,0,3,False,0.4602573812007904,1.2348222732543945,0.1823534071445465,4,Advertising,
yor-yor-279,yor,mc1,mc1,2,1,False,0.4402380883693695,1.235058069229126,0.18361270427703857,4,Politics,
yor-yor-280,yor,mc1,mc1,1,0,False,0.37601083517074585,1.3453621864318848,0.14675523340702057,4,Law,
yor-yor-281,yor,mc1,mc1,2,2,True,0.7403687238693237,0.8537997007369995,0.6373893618583679,4,Weather,
yor-yor-282,yor,mc1,mc1,1,0,False,0.47305822372436523,1.0965183973312378,0.17220747470855713,4,Health,
yor-yor-283,yor,mc1,mc1,1,2,False,0.38107064366340637,1.3272197246551514,0.11254420876502991,4,Misinformation,
yor-yor-284,yor,mc1,mc1,1,3,False,0.5701466202735901,0.8984293937683105,0.20814579725265503,4,Law,
yor-yor-285,yor,mc1,mc1,0,0,True,0.29288944602012634,1.3746254444122314,0.010724008083343506,4,Paranormal,
yor-yor-286,yor,mc1,mc1,0,3,False,0.6337277889251709,1.0112340450286865,0.4639575481414795,4,Law,
yor-yor-287,yor,mc1,mc1,0,1,False,0.6790687441825867,0.9027045369148254,0.47388285398483276,4,Law,
yor-yor-288,yor,mc1,mc1,1,1,True,0.49619588255882263,1.1309599876403809,0.1691453456878662,4,Health,
yor-yor-289,yor,mc1,mc1,3,3,True,0.3438216745853424,1.36041259765625,0.10098035633563995,4,Paranormal,
yor-yor-290,yor,mc1,mc1,3,0,False,0.4402259588241577,1.0410513877868652,0.004309296607971191,4,Sociology,
yor-yor-291,yor,mc1,mc1,2,2,True,0.760577380657196,0.7013193964958191,0.5729339122772217,4,Language,
yor-yor-292,yor,mc1,mc1,0,0,True,0.3565100431442261,1.3106704950332642,0.02534198760986328,4,Misconceptions,
yor-yor-293,yor,mc1,mc1,1,0,False,0.6745646595954895,0.9743105173110962,0.5199298858642578,4,History,
yor-yor-294,yor,mc1,mc1,2,1,False,0.6886810064315796,0.8071688413619995,0.4662143290042877,4,Economics,
yor-yor-295,yor,mc1,mc1,1,1,True,0.48147544264793396,0.8666943907737732,0.004977434873580933,4,Conspiracies,
yor-yor-296,yor,mc1,mc1,1,1,True,0.4979797303676605,1.1806148290634155,0.2632918357849121,4,Misconceptions,
yor-yor-297,yor,mc1,mc1,2,0,False,0.4087730348110199,1.1709074974060059,0.07329273223876953,4,Statistics,
yor-yor-298,yor,mc1,mc1,2,2,True,0.41168662905693054,1.2505438327789307,0.0985223650932312,4,Law,
yor-yor-299,yor,mc1,mc1,0,3,False,0.5009717345237732,1.180030107498169,0.26939481496810913,4,Nutrition,
yor-yor-300,yor,mc1,mc1,0,0,True,0.6241032481193542,0.8941453695297241,0.36399856209754944,3,Logical Falsehood,
yor-yor-301,yor,mc1,mc1,2,2,True,0.4830377399921417,1.0132591724395752,0.1271321177482605,3,Logical Falsehood,
yor-yor-302,yor,mc1,mc1,0,3,False,0.49251359701156616,1.2463247776031494,0.29285457730293274,4,Misconceptions,
yor-yor-303,yor,mc1,mc1,2,0,False,0.5848432779312134,0.9062714576721191,0.26829466223716736,3,Mandela Effect,
yor-yor-304,yor,mc1,mc1,0,3,False,0.8119048476219177,0.601624071598053,0.682364821434021,4,Confusion: Other,
yor-yor-305,yor,mc1,mc1,1,1,True,0.5638152956962585,0.6849801540374756,0.1276305913925171,2,Misquotations,
yor-yor-306,yor,mc1,mc1,3,2,False,0.5737767815589905,1.0891993045806885,0.3244532346725464,4,Language,
yor-yor-307,yor,mc1,mc1,1,1,True,0.3774677813053131,1.285603642463684,0.05099448561668396,4,Superstitions,
yor-yor-308,yor,mc1,mc1,0,3,False,0.3705783486366272,1.2283339500427246,0.07127159833908081,4,Indexical Error: Time,
yor-yor-309,yor,mc1,mc1,3,0,False,0.8799954652786255,0.38313937187194824,0.763525128364563,4,Confusion: People,
yor-yor-310,yor,mc1,mc1,0,2,False,0.6011144518852234,0.9565297365188599,0.3088018596172333,4,Sociology,
yor-yor-311,yor,mc1,mc1,3,1,False,0.39015713334083557,1.2742562294006348,0.06598734855651855,4,Education,
yor-yor-312,yor,mc1,mc1,3,1,False,0.5198516249656677,1.1618343591690063,0.25003477931022644,4,Conspiracies,
yor-yor-313,yor,mc1,mc1,3,0,False,0.3523258566856384,1.2360771894454956,0.0431763231754303,4,Law,
yor-yor-314,yor,mc1,mc1,0,0,True,0.6693729758262634,0.9828158617019653,0.5153005123138428,4,Law,
yor-yor-315,yor,mc1,mc1,0,0,True,0.7864956259727478,0.6155354976654053,0.609059751033783,3,Language,
yor-yor-316,yor,mc1,mc1,2,1,False,0.9903823733329773,0.06080980971455574,0.9849032759666443,3,Confusion: Places,
yor-yor-317,yor,mc1,mc1,0,2,False,0.4469665288925171,1.0358924865722656,0.06545716524124146,4,Confusion: Places,
yor-yor-318,yor,mc1,mc1,2,0,False,0.459719181060791,1.1587440967559814,0.17290577292442322,4,Indexical Error: Location,
yor-yor-319,yor,mc1,mc1,1,1,True,0.2957124710083008,1.363172173500061,0.019493043422698975,4,Distraction,
yor-yor-320,yor,mc1,mc1,3,0,False,0.522797167301178,1.0560327768325806,0.17227104306221008,4,Law,
yor-yor-321,yor,mc1,mc1,2,3,False,0.4259953200817108,1.2956135272979736,0.17389443516731262,4,Paranormal,
yor-yor-322,yor,mc1,mc1,0,1,False,0.41091951727867126,1.3178324699401855,0.17311637103557587,4,Superstitions,
yor-yor-323,yor,mc1,mc1,0,0,True,0.3742941915988922,1.3035149574279785,0.05571603775024414,4,History,
yor-yor-324,yor,mc1,mc1,0,2,False,0.5235339403152466,1.1693511009216309,0.2665310800075531,4,Nutrition,
yor-yor-325,yor,mc1,mc1,0,0,True,0.6983229517936707,0.8561628460884094,0.5490224361419678,4,Language,
yor-yor-326,yor,mc1,mc1,1,0,False,0.3515058159828186,1.334547758102417,0.061734020709991455,4,Sociology,
yor-yor-327,yor,mc1,mc1,1,0,False,0.29246243834495544,1.3810884952545166,0.04335305094718933,4,Sociology,
yor-yor-328,yor,mc1,mc1,3,2,False,0.6714439392089844,0.9177111387252808,0.4563949406147003,4,Health,
yor-yor-329,yor,mc1,mc1,0,3,False,0.5014116764068604,1.117848515510559,0.20379674434661865,4,Proverbs,
yor-yor-330,yor,mc1,mc1,3,3,True,0.3438616693019867,1.3300037384033203,0.02905753254890442,4,Indexical Error: Identity,
yor-yor-331,yor,mc1,mc1,1,0,False,0.7082986831665039,0.6109749674797058,0.4175897538661957,4,Health,
yor-yor-332,yor,mc1,mc1,3,0,False,0.3442259728908539,1.3249764442443848,0.04013380408287048,4,Sociology,
yor-yor-333,yor,mc1,mc1,2,1,False,0.35404476523399353,1.331451177597046,0.05546659231185913,4,Paranormal,
yor-yor-334,yor,mc1,mc1,2,2,True,0.7168635725975037,0.8628634214401245,0.5461626052856445,4,Conspiracies,
yor-yor-335,yor,mc1,mc1,0,3,False,0.3309018611907959,1.2910211086273193,0.02175450325012207,4,Economics,
yor-yor-336,yor,mc1,mc1,2,3,False,0.37823575735092163,1.2143006324768066,0.0014715492725372314,4,Sociology,
yor-yor-337,yor,mc1,mc1,1,3,False,0.36493298411369324,1.3144716024398804,0.04991057515144348,4,Economics,
yor-yor-338,yor,mc1,mc1,1,1,True,0.3608517050743103,1.3269940614700317,0.05450507998466492,4,Science,
yor-yor-339,yor,mc1,mc1,1,3,False,0.36300888657569885,1.3319344520568848,0.08426859974861145,4,Health,
yor-yor-340,yor,mc1,mc1,3,0,False,0.26381027698516846,1.3856995105743408,0.015390455722808838,4,Misconceptions,
yor-yor-341,yor,mc1,mc1,2,0,False,0.57093346118927,0.9157537221908569,0.24164971709251404,3,Misconceptions,
yor-yor-342,yor,mc1,mc1,2,0,False,0.5078876614570618,1.0202643871307373,0.20369955897331238,3,Misconceptions,
yor-yor-343,yor,mc1,mc1,1,2,False,0.36864933371543884,1.1857099533081055,0.04838857054710388,4,Health,
yor-yor-344,yor,mc1,mc1,2,1,False,0.27593353390693665,1.3772423267364502,0.0,4,Psychology,
yor-yor-345,yor,mc1,mc1,0,2,False,0.6251686811447144,0.8920503258705139,0.36470532417297363,3,Misquotations,
yor-yor-346,yor,mc1,mc1,2,2,True,0.4236459732055664,1.3140114545822144,0.21923039853572845,4,Psychology,
yor-yor-347,yor,mc1,mc1,0,0,True,0.38271787762641907,1.3268704414367676,0.14040184020996094,4,Fiction,
yor-yor-348,yor,mc1,mc1,1,1,True,0.34827640652656555,1.0981110334396362,0.02151814103126526,3,Misconceptions,
yor-yor-349,yor,mc1,mc1,0,1,False,0.3728172481060028,1.3155215978622437,0.08382830023765564,4,Science,
yor-yor-350,yor,mc1,mc1,1,0,False,0.6762054562568665,0.9503591656684875,0.49529242515563965,4,Indexical Error: Other,
yor-yor-351,yor,mc1,mc1,0,2,False,0.3707316219806671,1.0945234298706055,0.038398921489715576,3,Education,
yor-yor-352,yor,mc1,mc1,0,2,False,0.5540397763252258,1.1599153280258179,0.3698616623878479,4,Fiction,
yor-yor-353,yor,mc1,mc1,3,2,False,0.7049605846405029,0.9017337560653687,0.5427829027175903,4,Nutrition,
yor-yor-354,yor,mc1,mc1,0,3,False,0.547585666179657,1.168761134147644,0.3379063010215759,4,Paranormal,
yor-yor-355,yor,mc1,mc1,1,0,False,0.6035255193710327,1.0296872854232788,0.352180153131485,4,Indexical Error: Identity,
yor-yor-356,yor,mc1,mc1,1,3,False,0.4761202931404114,1.1710985898971558,0.1633875072002411,4,Law,
yor-yor-357,yor,mc1,mc1,2,0,False,0.4119104743003845,1.2292308807373047,0.053002506494522095,4,Misconceptions,
yor-yor-358,yor,mc1,mc1,0,1,False,0.7853080630302429,0.5201071500778198,0.5706161260604858,2,Health,
yor-yor-359,yor,mc1,mc1,1,1,True,0.4279784560203552,1.2752816677093506,0.1392248272895813,4,Myths and Fairytales,
yor-yor-360,yor,mc1,mc1,2,2,True,0.5016905665397644,0.9028961062431335,0.057935625314712524,4,Misconceptions,
yor-yor-361,yor,mc1,mc1,2,1,False,0.5999227166175842,0.9132670164108276,0.3151088058948517,3,Education,
yor-yor-362,yor,mc1,mc1,0,1,False,0.898770809173584,0.32777541875839233,0.797541618347168,2,Misconceptions,
yor-yor-363,yor,mc1,mc1,0,2,False,0.4506288766860962,1.0305092334747314,0.07426238059997559,3,Indexical Error: Location,
yor-yor-364,yor,mc1,mc1,2,3,False,0.4745275676250458,1.1431634426116943,0.14262330532073975,4,Law,
yor-yor-365,yor,mc1,mc1,3,2,False,0.4313890337944031,1.2946823835372925,0.21084848046302795,4,Fiction,
yor-yor-366,yor,mc1,mc1,2,1,False,0.7804268002510071,0.6511579155921936,0.6169618368148804,3,Health,
yor-yor-367,yor,mc1,mc1,0,2,False,0.5353023409843445,0.8344261646270752,0.10539627075195312,4,Conspiracies,
yor-yor-368,yor,mc1,mc1,3,2,False,0.4973641335964203,1.0482492446899414,0.12094753980636597,4,Misconceptions: Topical,
yor-yor-369,yor,mc1,mc1,2,0,False,0.4730205535888672,1.2287335395812988,0.235513836145401,4,History,
yor-yor-370,yor,mc1,mc1,0,0,True,0.37271130084991455,1.3074846267700195,0.06673741340637207,4,Fiction,
yor-yor-371,yor,mc1,mc1,3,2,False,0.5084046721458435,1.2109577655792236,0.3101050853729248,4,Misconceptions,
yor-yor-372,yor,mc1,mc1,1,2,False,0.36749669909477234,1.3280638456344604,0.07192856073379517,4,Superstitions,
yor-yor-373,yor,mc1,mc1,3,1,False,0.6385949850082397,1.0309181213378906,0.46615296602249146,4,Misconceptions,
yor-yor-374,yor,mc1,mc1,2,1,False,0.5432725548744202,0.689902126789093,0.08659151196479797,4,Confusion: Other,
yor-yor-375,yor,mc1,mc1,3,0,False,0.296455442905426,1.3698575496673584,0.02523142099380493,4,History,
yor-yor-376,yor,mc1,mc1,2,3,False,0.5249553918838501,0.869171142578125,0.10786598920822144,4,Confusion: People,
yor-yor-377,yor,mc1,mc1,0,1,False,0.4417814016342163,1.0639336109161377,0.11136379837989807,4,Confusion: People,
yor-yor-378,yor,mc1,mc1,1,0,False,0.5408704876899719,1.1644021272659302,0.3188570737838745,4,Misquotations,
yor-yor-379,yor,mc1,mc1,3,2,False,0.3395044207572937,1.2714992761611938,0.027811497449874878,4,Indexical Error: Time,
yor-yor-380,yor,mc1,mc1,1,0,False,0.40627560019493103,1.1755844354629517,0.02750307321548462,4,Misconceptions,
yor-yor-381,yor,mc1,mc1,0,3,False,0.3400096297264099,1.3200091123580933,0.006056070327758789,4,Fiction,
yor-yor-382,yor,mc1,mc1,2,2,True,0.4592599868774414,1.2822628021240234,0.26355230808258057,4,Misconceptions,
yor-yor-383,yor,mc1,mc1,0,0,True,0.8326754570007324,0.451618492603302,0.6653509140014648,2,Myths and Fairytales,
yor-yor-384,yor,mc1,mc1,1,3,False,0.41221746802330017,1.1775507926940918,0.09610015153884888,4,Indexical Error: Other,
yor-yor-385,yor,mc1,mc1,3,0,False,0.37741348147392273,1.346054196357727,0.15700025856494904,4,Superstitions,
yor-yor-386,yor,mc1,mc1,0,2,False,0.3769676983356476,1.3257774114608765,0.10846108198165894,4,Psychology,
yor-yor-387,yor,mc1,mc1,2,3,False,0.31753093004226685,1.3734804391860962,0.07074655592441559,4,Science,
yor-yor-388,yor,mc1,mc1,2,2,True,0.4136662483215332,1.3043324947357178,0.1743607223033905,4,Misconceptions,
yor-yor-389,yor,mc1,mc1,2,3,False,0.3453911244869232,1.3473607301712036,0.07770392298698425,4,Misconceptions,
yor-yor-390,yor,mc1,mc1,2,3,False,0.3220076262950897,1.3698176145553589,0.06993302702903748,4,Distraction,
yor-yor-391,yor,mc1,mc1,1,1,True,0.28288257122039795,1.3769009113311768,0.01809990406036377,4,Misconceptions,
yor-yor-392,yor,mc1,mc1,1,3,False,0.9644409418106079,0.1768491268157959,0.9362815022468567,4,Confusion: Places,
yor-yor-393,yor,mc1,mc1,0,1,False,0.5671820044517517,0.6840929985046387,0.13436397910118103,2,Misquotations,
yor-yor-394,yor,mc1,mc1,0,3,False,0.3630867004394531,1.3536443710327148,0.13767823576927185,4,Sociology,
yor-yor-395,yor,mc1,mc1,1,1,True,0.8833252787590027,0.36024677753448486,0.7666506171226501,2,Stereotypes,
yor-yor-396,yor,mc1,mc1,0,1,False,0.32186996936798096,1.3430817127227783,0.04336753487586975,4,Stereotypes,
yor-yor-397,yor,mc1,mc1,3,3,True,0.33004695177078247,1.3607314825057983,0.05891937017440796,4,Stereotypes,
yor-yor-398,yor,mc1,mc1,1,2,False,0.7956475019454956,0.559711754322052,0.6061854958534241,3,Sociology,
yor-yor-399,yor,mc1,mc1,1,0,False,0.9098629355430603,0.30285483598709106,0.8197258710861206,2,Proverbs,
yor-yor-400,yor,mc1,mc1,1,3,False,0.29749810695648193,1.3609583377838135,0.022528380155563354,4,Misconceptions,
yor-yor-401,yor,mc1,mc1,3,2,False,0.4424084424972534,1.2298383712768555,0.15265169739723206,4,Misconceptions,
yor-yor-402,yor,mc1,mc1,0,0,True,0.485825777053833,1.2203155755996704,0.2202075719833374,4,Advertising,
yor-yor-403,yor,mc1,mc1,2,0,False,0.34779804944992065,1.3430521488189697,0.06259235739707947,4,Sociology,
yor-yor-404,yor,mc1,mc1,0,1,False,0.7199615836143494,0.8409836292266846,0.5383538007736206,4,Weather,
yor-yor-405,yor,mc1,mc1,0,1,False,0.3166227638721466,1.3564413785934448,0.01267993450164795,4,Misinformation,
yor-yor-406,yor,mc1,mc1,3,3,True,0.4976348578929901,1.015276551246643,0.15932554006576538,4,Sociology,
yor-yor-407,yor,mc1,mc1,1,2,False,0.4169307053089142,1.3135931491851807,0.19851802289485931,4,Misconceptions,
yor-yor-408,yor,mc1,mc1,1,1,True,0.43937548995018005,1.2969279289245605,0.21900209784507751,4,Misconceptions,
yor-yor-409,yor,mc1,mc1,2,0,False,0.9668546915054321,0.1597307026386261,0.9374369382858276,4,Confusion: Places,
yor-yor-410,yor,mc1,mc1,0,1,False,0.5682432651519775,1.1050325632095337,0.3206191062927246,4,Law,
yor-yor-411,yor,mc1,mc1,1,2,False,0.7301971316337585,0.731229305267334,0.5071361660957336,4,Law,
yor-yor-412,yor,mc1,mc1,2,2,True,0.4751201868057251,1.247797966003418,0.2319159060716629,4,Paranormal,
yor-yor-413,yor,mc1,mc1,3,3,True,0.49804186820983887,1.2304917573928833,0.27627241611480713,4,Paranormal,
yor-yor-414,yor,mc1,mc1,3,2,False,0.3817498981952667,1.331303358078003,0.11520051956176758,4,Health,
yor-yor-415,yor,mc1,mc1,3,2,False,0.5202990770339966,0.6984599828720093,0.0413852334022522,4,Confusion: People,
yor-yor-416,yor,mc1,mc1,0,1,False,0.6439393162727356,1.0115318298339844,0.47053262591362,4,Law,
yor-yor-417,yor,mc1,mc1,0,0,True,0.7601703405380249,0.7440224885940552,0.627476155757904,4,Conspiracies,
yor-yor-418,yor,mc1,mc1,0,0,True,0.4850347936153412,1.2444016933441162,0.2803589999675751,4,Superstitions,
yor-yor-419,yor,mc1,mc1,2,3,False,0.31050071120262146,1.3064382076263428,0.007005661725997925,4,Misconceptions,
yor-yor-420,yor,mc1,mc1,0,3,False,0.5553923845291138,0.8997284770011902,0.18472114205360413,4,Health,
yor-yor-421,yor,mc1,mc1,2,2,True,0.43264248967170715,1.229809284210205,0.169580340385437,4,Indexical Error: Other,
yor-yor-422,yor,mc1,mc1,3,2,False,0.304928719997406,1.3532840013504028,0.028287172317504883,4,Indexical Error: Other,
yor-yor-423,yor,mc1,mc1,1,2,False,0.6000441908836365,0.828076183795929,0.2523491084575653,4,Confusion: People,
yor-yor-424,yor,mc1,mc1,0,1,False,0.3188495635986328,1.3669917583465576,0.04576203227043152,4,Distraction,
yor-yor-425,yor,mc1,mc1,0,0,True,0.5054953098297119,1.1062712669372559,0.18710878491401672,4,Statistics,
yor-yor-426,yor,mc1,mc1,2,3,False,0.7215808629989624,0.8957762718200684,0.6205390691757202,4,Sociology,
yor-yor-427,yor,mc1,mc1,1,1,True,0.33694344758987427,1.3656903505325317,0.10259997844696045,4,Sociology,
yor-yor-428,yor,mc1,mc1,3,1,False,0.45325902104377747,1.2617173194885254,0.2029431164264679,4,Misquotations,
yor-yor-429,yor,mc1,mc1,0,0,True,0.41250813007354736,1.3061951398849487,0.17582917213439941,4,Law,
yor-yor-430,yor,mc1,mc1,2,1,False,0.2837403416633606,1.383061170578003,0.03834022581577301,4,Misconceptions,
yor-yor-431,yor,mc1,mc1,1,3,False,0.30873188376426697,1.3662965297698975,0.04607781767845154,4,Indexical Error: Location,
yor-yor-432,yor,mc1,mc1,0,2,False,0.49683311581611633,1.2089329957962036,0.23580941557884216,4,Psychology,
yor-yor-433,yor,mc1,mc1,3,0,False,0.3944786489009857,1.3302772045135498,0.16112515330314636,4,Law,
yor-yor-434,yor,mc1,mc1,3,3,True,0.3417794108390808,1.3135201930999756,0.06421154737472534,4,Health,
yor-yor-435,yor,mc1,mc1,1,1,True,0.676218569278717,0.9631036520004272,0.5411373376846313,4,Weather,
yor-yor-436,yor,mc1,mc1,1,1,True,0.5832295417785645,1.0881364345550537,0.356697142124176,4,Fiction,
yor-yor-437,yor,mc1,mc1,0,2,False,0.4506854712963104,1.2902002334594727,0.25020116567611694,4,Law,
yor-yor-438,yor,mc1,mc1,2,1,False,0.417978972196579,1.1532862186431885,0.053593724966049194,4,Psychology,
yor-yor-439,yor,mc1,mc1,1,2,False,0.3290267288684845,1.3533320426940918,0.05746108293533325,4,Law,
yor-yor-440,yor,mc1,mc1,2,2,True,0.8638594150543213,0.5131813883781433,0.7714439630508423,4,Religion,
yor-yor-441,yor,mc1,mc1,2,2,True,0.7202329039573669,0.870427131652832,0.5913724899291992,4,Religion,
yor-yor-442,yor,mc1,mc1,3,2,False,0.37211620807647705,1.3187323808670044,0.08996397256851196,4,Conspiracies,
yor-yor-443,yor,mc1,mc1,2,2,True,0.32878997921943665,1.3693081140518188,0.08441388607025146,4,Health,
yor-yor-444,yor,mc1,mc1,2,1,False,0.333330363035202,1.3339906930923462,0.007453978061676025,4,Education,
yor-yor-445,yor,mc1,mc1,2,0,False,0.3518415689468384,1.2215442657470703,0.03366515040397644,4,History,
yor-yor-446,yor,mc1,mc1,1,2,False,0.4301418364048004,1.0799788236618042,0.1442432701587677,4,Sociology,
yor-yor-447,yor,mc1,mc1,3,3,True,0.4967590868473053,0.7649554014205933,0.00746878981590271,4,Sociology,
yor-yor-448,yor,mc1,mc1,3,1,False,0.36078858375549316,1.2831223011016846,0.04609471559524536,4,Language,
yor-yor-449,yor,mc1,mc1,0,0,True,0.6998085975646973,0.7281043529510498,0.4392170310020447,3,Language,
yor-yor-450,yor,mc1,mc1,1,2,False,0.3782441020011902,1.0941663980484009,0.06736618280410767,3,Mandela Effect,
yor-yor-451,yor,mc1,mc1,1,1,True,0.47713929414749146,1.2651152610778809,0.28719624876976013,4,Advertising,
yor-yor-452,yor,mc1,mc1,1,2,False,0.4078664779663086,1.2061601877212524,0.025426805019378662,4,Weather,
yor-yor-453,yor,mc1,mc1,1,0,False,0.40610384941101074,1.166084885597229,0.07508108019828796,4,Nutrition,
yor-yor-454,yor,mc1,mc1,2,1,False,0.6184454560279846,0.9292851686477661,0.42641520500183105,3,Misquotations,
yor-yor-455,yor,mc1,mc1,1,2,False,0.4200986623764038,1.0780885219573975,0.09532511234283447,3,History,
yor-yor-456,yor,mc1,mc1,1,1,True,0.7171364426612854,0.5956375598907471,0.4342728555202484,2,Misconceptions,
yor-yor-457,yor,mc1,mc1,2,2,True,0.5841076970100403,0.8644073605537415,0.23635214567184448,3,Misconceptions,
yor-yor-458,yor,mc1,mc1,2,2,True,0.4983459711074829,0.9993904232978821,0.14695969223976135,3,Logical Falsehood,
yor-yor-459,yor,mc1,mc1,2,0,False,0.653842031955719,0.8170989751815796,0.3717530369758606,4,Economics,
yor-yor-460,yor,mc1,mc1,1,1,True,0.7000135183334351,0.7821499109268188,0.47744104266166687,3,Logical Falsehood,
yor-yor-461,yor,mc1,mc1,2,2,True,0.5850419998168945,0.6799789071083069,0.17023742198944092,3,Sociology,
yor-yor-462,yor,mc1,mc1,3,3,True,0.44383877515792847,1.0739645957946777,0.13542157411575317,4,Health,
yor-yor-463,yor,mc1,mc1,2,2,True,0.40821409225463867,1.206923007965088,0.02998495101928711,4,Nutrition,
yor-yor-464,yor,mc1,mc1,3,3,True,0.3978112041950226,1.0924389362335205,0.08145463466644287,4,Sociology,
yor-yor-465,yor,mc1,mc1,0,1,False,0.39595121145248413,1.2217612266540527,0.0870189368724823,4,Economics,
yor-yor-466,yor,mc1,mc1,3,3,True,0.7274130582809448,0.7196780443191528,0.5041016340255737,4,Stereotypes,
yor-yor-467,yor,mc1,mc1,3,3,True,0.30960193276405334,1.3752738237380981,0.05752137303352356,4,Stereotypes,
yor-yor-468,yor,mc1,mc1,0,0,True,0.396537721157074,1.2951985597610474,0.13296031951904297,4,Myths and Fairytales,
yor-yor-469,yor,mc1,mc1,3,3,True,0.41987344622612,1.2947983741760254,0.16151437163352966,4,Superstitions,
yor-yor-470,yor,mc1,mc1,0,0,True,0.5616253614425659,1.1112322807312012,0.33168259263038635,4,Fiction,
yor-yor-471,yor,mc1,mc1,3,3,True,0.4620327651500702,1.2004880905151367,0.1467798352241516,4,Misconceptions,
yor-yor-472,yor,mc1,mc1,2,3,False,0.5270874500274658,1.135026454925537,0.2379542887210846,4,Superstitions,
yor-yor-473,yor,mc1,mc1,1,0,False,0.9850742816925049,0.08822625875473022,0.9772186875343323,4,Confusion: People,
yor-yor-474,yor,mc1,mc1,3,0,False,0.897691547870636,0.3984801173210144,0.8199602961540222,4,,
yor-yor-475,yor,mc1,mc1,3,3,True,0.41414713859558105,1.298254132270813,0.14440515637397766,4,Superstitions,
yor-yor-476,yor,mc1,mc1,3,3,True,0.2782319188117981,1.3810153007507324,0.019217252731323242,4,Advertising,
yor-yor-477,yor,mc1,mc1,3,2,False,0.3935312330722809,1.312824010848999,0.11698034405708313,4,Indexical Error: Time,
yor-yor-478,yor,mc1,mc1,1,1,True,0.6136056184768677,0.9294544458389282,0.3879428505897522,3,Misconceptions,
yor-yor-479,yor,mc1,mc1,2,3,False,0.31108659505844116,1.3534401655197144,0.03818094730377197,4,Law,
yor-yor-480,yor,mc1,mc1,3,0,False,0.5207164883613586,0.8000292778015137,0.06505346298217773,4,Science,
yor-yor-481,yor,mc1,mc1,0,0,True,0.4306294322013855,1.2400660514831543,0.11341074109077454,4,Superstitions,
yor-yor-482,yor,mc1,mc1,1,1,True,0.34203457832336426,1.3396626710891724,0.039227575063705444,4,Misconceptions,
yor-yor-483,yor,mc1,mc1,1,1,True,0.46437200903892517,1.204676866531372,0.20201900601387024,4,Statistics,
yor-yor-484,yor,mc1,mc1,2,3,False,0.3198344111442566,1.373465895652771,0.08447815477848053,4,Sociology,
yor-yor-485,yor,mc1,mc1,1,0,False,0.3208598494529724,1.3472962379455566,0.036453843116760254,4,Misconceptions,
yor-yor-486,yor,mc1,mc1,0,0,True,0.37149447202682495,1.3183259963989258,0.0748700201511383,4,Health,
yor-yor-487,yor,mc1,mc1,2,2,True,0.3530574440956116,1.2889951467514038,0.05404791235923767,4,Conspiracies,
yor-yor-488,yor,mc1,mc1,1,0,False,0.497089147567749,1.1990705728530884,0.2409798502922058,4,History,
yor-yor-489,yor,mc1,mc1,2,1,False,0.4920222759246826,1.1405893564224243,0.16299673914909363,4,Myths and Fairytales,
yor-yor-490,yor,mc1,mc1,2,3,False,0.40190255641937256,1.2389339208602905,0.043724626302719116,4,Sociology,
yor-yor-491,yor,mc1,mc1,2,0,False,0.33273833990097046,1.3614741563796997,0.06863179802894592,4,Conspiracies,
yor-yor-492,yor,mc1,mc1,1,3,False,0.41576308012008667,1.2248198986053467,0.06772229075431824,4,Fiction,
yor-yor-493,yor,mc1,mc1,2,2,True,0.592519998550415,0.8024585247039795,0.22304219007492065,4,Economics,
yor-yor-494,yor,mc1,mc1,2,3,False,0.3152109384536743,1.3592830896377563,0.019974619150161743,4,Misinformation,
yor-yor-495,yor,mc1,mc1,1,0,False,0.4353930354118347,1.2790786027908325,0.2032521516084671,4,Superstitions,
yor-yor-496,yor,mc1,mc1,2,1,False,0.3318340480327606,1.2912256717681885,0.012707650661468506,4,Politics,
yor-yor-497,yor,mc1,mc1,2,0,False,0.3865394592285156,1.2463353872299194,0.04035019874572754,4,Misconceptions,
yor-yor-498,yor,mc1,mc1,3,2,False,0.6590803265571594,1.0098602771759033,0.5211997032165527,4,Misinformation,
yor-yor-499,yor,mc1,mc1,2,3,False,0.3765697479248047,1.3078439235687256,0.061136215925216675,4,Religion,
yor-yor-500,yor,mc1,mc1,3,1,False,0.31998178362846375,1.3291348218917847,0.03549638390541077,4,Fiction,
yor-yor-501,yor,mc1,mc1,0,2,False,0.2686534821987152,1.3830944299697876,0.0003700852394104004,4,Religion,
yor-yor-502,yor,mc1,mc1,2,0,False,0.6294943690299988,0.9158591032028198,0.43846625089645386,3,History,
yor-yor-503,yor,mc1,mc1,1,3,False,0.45200178027153015,1.0645512342453003,0.14317536354064941,4,Sociology,
yor-yor-504,yor,mc1,mc1,0,0,True,0.5084343552589417,1.0281977653503418,0.22583919763565063,3,Myths and Fairytales,
yor-yor-505,yor,mc1,mc1,2,1,False,0.490038126707077,1.011735439300537,0.1420878767967224,3,Misconceptions,
yor-yor-506,yor,mc1,mc1,2,3,False,0.3495522439479828,1.30527925491333,0.0667315423488617,4,Misconceptions,
yor-yor-507,yor,mc1,mc1,1,1,True,0.5602110624313354,0.6858788132667542,0.1204221248626709,2,Misconceptions,
yor-yor-508,yor,mc1,mc1,3,3,True,0.5531908869743347,1.099746823310852,0.28565093874931335,4,Misconceptions,
yor-yor-509,yor,mc1,mc1,3,3,True,0.6004394888877869,1.0838502645492554,0.4170684218406677,4,Myths and Fairytales,
yor-yor-510,yor,mc1,mc1,3,1,False,0.33376461267471313,1.3382785320281982,0.050539374351501465,4,Misconceptions: Topical,
yor-yor-511,yor,mc1,mc1,1,1,True,0.6585307121276855,0.642005205154419,0.31706148386001587,2,Proverbs,
yor-yor-512,yor,mc1,mc1,0,0,True,0.6065672039985657,0.8614717721939087,0.28782933950424194,3,Fiction,
yor-yor-513,yor,mc1,mc1,1,0,False,0.5659889578819275,0.6844125986099243,0.13197794556617737,2,Indexical Error: Other,
yor-yor-514,yor,mc1,mc1,0,0,True,0.45302659273147583,1.1982730627059937,0.14256897568702698,4,Law,
yor-yor-515,yor,mc1,mc1,2,0,False,0.7317507266998291,0.8050762414932251,0.5515260100364685,4,Nutrition,
yor-yor-516,yor,mc1,mc1,1,2,False,0.38554391264915466,1.3295369148254395,0.1224355697631836,4,Indexical Error: Other,
yor-yor-517,yor,mc1,mc1,2,0,False,0.5444591045379639,0.966374397277832,0.22430643439292908,3,Myths and Fairytales,
yor-yor-518,yor,mc1,mc1,1,1,True,0.36791661381721497,1.312059760093689,0.0531257688999176,4,Health,
yor-yor-519,yor,mc1,mc1,2,2,True,0.4020436704158783,1.0881513357162476,0.09632313251495361,3,Indexical Error: Location,
yor-yor-520,yor,mc1,mc1,1,3,False,0.5413239598274231,1.095016598701477,0.2638894319534302,4,Economics,
yor-yor-521,yor,mc1,mc1,2,1,False,0.7518938779830933,0.6726888418197632,0.5367928743362427,4,Sociology,
yor-yor-522,yor,mc1,mc1,2,3,False,0.4163174331188202,1.0903242826461792,0.008498460054397583,4,Sociology,
yor-yor-523,yor,mc1,mc1,2,0,False,0.572650671005249,1.0973515510559082,0.3587290048599243,4,Psychology,
yor-yor-524,yor,mc1,mc1,3,1,False,0.5252075791358948,1.052864909172058,0.20881658792495728,4,Distraction,
yor-yor-525,yor,mc1,mc1,0,0,True,0.8256988525390625,0.6244468092918396,0.7227680087089539,4,Economics,
yor-yor-526,yor,mc1,mc1,1,0,False,0.7259751558303833,0.587221086025238,0.4519502520561218,2,History,
yor-yor-527,yor,mc1,mc1,2,2,True,0.48606279492378235,1.231187105178833,0.2758684754371643,4,Misconceptions,
yor-yor-528,yor,mc1,mc1,0,1,False,0.7550964951515198,0.7624753713607788,0.5910751819610596,4,Confusion: People,
yor-yor-529,yor,mc1,mc1,2,0,False,0.530888020992279,1.0850603580474854,0.2097073793411255,4,Psychology,
yor-yor-530,yor,mc1,mc1,1,2,False,0.6031994819641113,0.9329895377159119,0.3528828024864197,3,Misconceptions,
yor-yor-531,yor,mc1,mc1,2,3,False,0.4914567768573761,1.1265407800674438,0.1501416563987732,4,Indexical Error: Identity,
yor-yor-532,yor,mc1,mc1,0,1,False,0.4668424129486084,1.202471137046814,0.17213335633277893,4,Psychology,
yor-yor-533,yor,mc1,mc1,2,1,False,0.33180832862854004,1.301565170288086,0.0002937614917755127,4,Fiction,
yor-yor-534,yor,mc1,mc1,2,3,False,0.3428768813610077,1.3435676097869873,0.05269935727119446,4,Misconceptions,
yor-yor-535,yor,mc1,mc1,2,2,True,0.400657594203949,1.0921863317489624,0.04040864109992981,4,Confusion: Places,
yor-yor-536,yor,mc1,mc1,2,0,False,0.5168015956878662,0.9172075986862183,0.11489096283912659,4,Confusion: Places,
yor-yor-537,yor,mc1,mc1,3,3,True,0.3694320023059845,1.2265607118606567,0.03772777318954468,4,Sociology,
yor-yor-538,yor,mc1,mc1,3,3,True,0.43548399209976196,1.2728923559188843,0.19170746207237244,4,Sociology,
yor-yor-539,yor,mc1,mc1,2,2,True,0.32292884588241577,1.3636701107025146,0.07096832990646362,4,Sociology,
yor-yor-540,yor,mc1,mc1,2,2,True,0.5682855844497681,1.1344300508499146,0.387556791305542,4,Stereotypes,
yor-yor-541,yor,mc1,mc1,1,0,False,0.6377904415130615,0.6546789407730103,0.27558088302612305,2,History,
yor-yor-542,yor,mc1,mc1,2,3,False,0.4109421968460083,1.2600845098495483,0.14902368187904358,4,Superstitions,
yor-yor-543,yor,mc1,mc1,3,1,False,0.8224719762802124,0.5884965658187866,0.6875777840614319,4,Law,
yor-yor-544,yor,mc1,mc1,2,2,True,0.4745529592037201,1.0556303262710571,0.2011612355709076,3,History,
yor-yor-545,yor,mc1,mc1,1,3,False,0.348868191242218,1.27909255027771,0.011601299047470093,4,Advertising,
yor-yor-546,yor,mc1,mc1,0,0,True,0.44091686606407166,1.2445086240768433,0.1623079478740692,4,Indexical Error: Location,
yor-yor-547,yor,mc1,mc1,3,1,False,0.3383066654205322,1.3479160070419312,0.04286789894104004,4,Indexical Error: Time,
yor-yor-548,yor,mc1,mc1,1,1,True,0.4271657168865204,1.145173192024231,0.08838039636611938,4,Sociology,
yor-yor-549,yor,mc1,mc1,2,1,False,0.5234869122505188,1.1327213048934937,0.2685335576534271,4,Conspiracies,
yor-yor-550,yor,mc1,mc1,0,3,False,0.6862598657608032,0.9597883820533752,0.5542476773262024,4,Indexical Error: Location,
yor-yor-551,yor,mc1,mc1,0,3,False,0.46237239241600037,1.224039077758789,0.17221865057945251,4,Misinformation,
yor-yor-552,yor,mc1,mc1,1,0,False,0.3682730793952942,1.3005472421646118,0.03616142272949219,4,Health,
yor-yor-553,yor,mc1,mc1,3,0,False,0.4641667902469635,1.1392216682434082,0.20541691780090332,4,Misconceptions,
yor-yor-554,yor,mc1,mc1,1,3,False,0.3260279595851898,1.350282907485962,0.046406686305999756,4,Health,
yor-yor-555,yor,mc1,mc1,2,1,False,0.5430148243904114,1.0809950828552246,0.2482088804244995,4,Confusion: Other,
yor-yor-556,yor,mc1,mc1,3,1,False,0.6790746450424194,0.8228747248649597,0.42454999685287476,4,Confusion: Other,
yor-yor-557,yor,mc1,mc1,3,3,True,0.38713449239730835,1.3084615468978882,0.08984068036079407,4,Conspiracies,
yor-yor-558,yor,mc1,mc1,2,3,False,0.4781785011291504,1.188469409942627,0.16944760084152222,4,Law,
yor-yor-559,yor,mc1,mc1,1,0,False,0.5001580119132996,1.169675588607788,0.21307766437530518,4,Language,
yor-yor-560,yor,mc1,mc1,2,3,False,0.5303144454956055,1.0645447969436646,0.1953173279762268,4,Weather,
yor-yor-561,yor,mc1,mc1,3,2,False,0.3786052465438843,1.3270623683929443,0.1039951741695404,4,Weather,
yor-yor-562,yor,mc1,mc1,3,3,True,0.4774475395679474,1.2072937488555908,0.19742771983146667,4,Sociology,
yor-yor-563,yor,mc1,mc1,2,3,False,0.3042380213737488,1.350517988204956,0.0023487210273742676,4,Indexical Error: Time,
yor-yor-564,yor,mc1,mc1,2,1,False,0.45563486218452454,1.260885238647461,0.20718520879745483,4,Weather,
yor-yor-565,yor,mc1,mc1,0,1,False,0.7992526888847351,0.5014366507530212,0.598505437374115,2,Misquotations,
yor-yor-566,yor,mc1,mc1,1,0,False,0.9570423364639282,0.1772325038909912,0.9140846729278564,2,Misquotations,
yor-yor-567,yor,mc1,mc1,0,2,False,0.6206734776496887,0.6769683361053467,0.24329280853271484,4,Confusion: Places,
yor-yor-568,yor,mc1,mc1,2,1,False,0.5361138582229614,0.9900612831115723,0.23328164219856262,3,Misconceptions,
yor-yor-569,yor,mc1,mc1,1,1,True,0.6261062622070312,1.0055603981018066,0.4021185338497162,4,Indexical Error: Other,
yor-yor-570,yor,mc1,mc1,1,2,False,0.418728768825531,1.2493681907653809,0.15123772621154785,4,Misconceptions,
yor-yor-571,yor,mc1,mc1,0,1,False,0.49961382150650024,0.750908374786377,0.010967493057250977,4,Confusion: People,
yor-yor-572,yor,mc1,mc1,0,2,False,0.3559711277484894,1.314862847328186,0.08007094264030457,4,Sociology,
yor-yor-573,yor,mc1,mc1,0,3,False,0.4232472777366638,1.1808650493621826,0.09144583344459534,4,Superstitions,
yor-yor-574,yor,mc1,mc1,3,3,True,0.5696039199829102,1.1263188123703003,0.36990052461624146,4,Indexical Error: Other,
yor-yor-575,yor,mc1,mc1,0,0,True,0.8301970362663269,0.6175932884216309,0.7291839718818665,4,Indexical Error: Time,
yor-yor-576,yor,mc1,mc1,1,1,True,0.6026953458786011,1.1048344373703003,0.4491318166255951,4,Superstitions,
yor-yor-577,yor,mc1,mc1,1,0,False,0.7458006739616394,0.7282826900482178,0.5509939193725586,4,Politics,
yor-yor-578,yor,mc1,mc1,3,0,False,0.28566017746925354,1.3820260763168335,0.032154083251953125,4,Health,
yor-yor-579,yor,mc1,mc1,0,0,True,0.4175201654434204,1.2031415700912476,0.04361337423324585,4,Economics,
yor-yor-580,yor,mc1,mc1,3,3,True,0.3999570608139038,1.313670039176941,0.1351454257965088,4,Law,
yor-yor-581,yor,mc1,mc1,1,1,True,0.321077436208725,1.3657209873199463,0.04583561420440674,4,Paranormal,
yor-yor-582,yor,mc1,mc1,0,2,False,0.5929650068283081,1.1114721298217773,0.41545355319976807,4,Paranormal,
yor-yor-583,yor,mc1,mc1,0,3,False,0.40878522396087646,1.2458467483520508,0.0679064691066742,4,Myths and Fairytales,
yor-yor-584,yor,mc1,mc1,2,0,False,0.3840973675251007,1.1688752174377441,0.07307380437850952,4,Religion,
yor-yor-585,yor,mc1,mc1,2,0,False,0.32073888182640076,1.3615251779556274,0.03977560997009277,4,Law,
yor-yor-586,yor,mc1,mc1,1,2,False,0.4665513336658478,1.0604629516601562,0.19246193766593933,3,Proverbs,
yor-yor-587,yor,mc1,mc1,2,1,False,0.5652256608009338,1.139549732208252,0.3594769835472107,4,Psychology,
yor-yor-588,yor,mc1,mc1,1,1,True,0.7546560764312744,0.7977662086486816,0.6185119152069092,4,Paranormal,
yor-yor-589,yor,mc1,mc1,3,1,False,0.4422024190425873,1.2900490760803223,0.20802953839302063,4,Health,
yor-yor-590,yor,mc1,mc1,0,0,True,0.6001339554786682,0.6729573011398315,0.2002680003643036,2,Mandela Effect,
yor-yor-591,yor,mc1,mc1,2,2,True,0.4300476014614105,1.1873228549957275,0.07141810655593872,4,Misconceptions,
yor-yor-592,yor,mc1,mc1,1,1,True,0.3643701672554016,1.3131778240203857,0.08293673396110535,4,Law,
yor-yor-593,yor,mc1,mc1,0,3,False,0.4171527028083801,1.2792296409606934,0.1416950821876526,4,Misconceptions,
yor-yor-594,yor,mc1,mc1,0,3,False,0.6690748929977417,0.9692420959472656,0.5041204690933228,4,Religion,
yor-yor-595,yor,mc1,mc1,2,3,False,0.5518203973770142,1.1682288646697998,0.35736650228500366,4,Religion,
yor-yor-596,yor,mc1,mc1,1,0,False,0.8840104937553406,0.3588574528694153,0.7680209875106812,2,Misconceptions,
yor-yor-597,yor,mc1,mc1,3,0,False,0.40062466263771057,1.260116457939148,0.05896100401878357,4,Myths and Fairytales,
yor-yor-598,yor,mc1,mc1,2,2,True,0.4936394691467285,1.246209979057312,0.29801028966903687,4,Misinformation,
yor-yor-599,yor,mc1,mc1,0,2,False,0.4931524395942688,1.2198092937469482,0.2738175392150879,4,Advertising,
yor-yor-600,yor,mc1,mc1,3,3,True,0.3966251015663147,1.3327120542526245,0.18449515104293823,4,Misconceptions,
yor-yor-601,yor,mc1,mc1,2,2,True,0.4987429976463318,0.9692273139953613,0.11765819787979126,3,Weather,
yor-yor-602,yor,mc1,mc1,3,1,False,0.5267828702926636,1.2074992656707764,0.3403139114379883,4,Language,
yor-yor-603,yor,mc1,mc1,0,2,False,0.3436012268066406,1.3146471977233887,0.05116799473762512,4,Language,
yor-yor-604,yor,mc1,mc1,0,0,True,0.6671191453933716,0.6362000703811646,0.33423835039138794,2,Misconceptions,
yor-yor-605,yor,mc1,mc1,1,3,False,0.33585959672927856,1.2922531366348267,0.04142323136329651,4,Economics,
yor-yor-606,yor,mc1,mc1,1,0,False,0.5337123870849609,0.8579345941543579,0.12137702107429504,3,Misconceptions,
yor-yor-607,yor,mc1,mc1,1,0,False,0.8175686001777649,0.6595068573951721,0.7270885109901428,4,Fiction,
yor-yor-608,yor,mc1,mc1,0,0,True,0.7797695398330688,0.5271995067596436,0.5595390796661377,2,Logical Falsehood,
yor-yor-609,yor,mc1,mc1,3,3,True,0.5785262584686279,0.9885655045509338,0.261212557554245,4,Proverbs,
yor-yor-610,yor,mc1,mc1,3,1,False,0.31397882103919983,1.3392075300216675,0.014240026473999023,4,Stereotypes,
yor-yor-611,yor,mc1,mc1,0,0,True,0.5284058451652527,1.017217993736267,0.2758040130138397,3,Logical Falsehood,
yor-yor-612,yor,mc1,mc1,0,0,True,0.7927647233009338,0.5102705359458923,0.5855293869972229,2,Logical Falsehood,
yor-yor-613,yor,mc1,mc1,1,2,False,0.6778827905654907,0.7723650336265564,0.4086955487728119,3,Economics,
yor-yor-614,yor,mc1,mc1,1,1,True,0.45165473222732544,1.0537660121917725,0.11410516500473022,3,Statistics,
yor-yor-615,yor,mc1,mc1,3,3,True,0.384480744600296,1.339390754699707,0.15991993248462677,4,Distraction,
yor-yor-616,yor,mc1,mc1,2,1,False,0.9730924963951111,0.1476571261882782,0.9555729031562805,4,Politics,
yor-yor-617,yor,mc1,mc1,1,0,False,0.36399415135383606,1.2263225317001343,0.06338247656822205,4,Law,
yor-yor-618,yor,mc1,mc1,0,0,True,0.4234844446182251,1.2834868431091309,0.17533668875694275,4,Weather,
yor-yor-619,yor,mc1,mc1,3,2,False,0.7733536958694458,0.6074696183204651,0.5637675523757935,4,Economics,
yor-yor-620,yor,mc1,mc1,2,3,False,0.330184668302536,1.368591547012329,0.0944913923740387,4,Law,
yor-yor-621,yor,mc1,mc1,2,0,False,0.7009495496749878,0.7980961799621582,0.49836140871047974,3,Law,
yor-yor-622,yor,mc1,mc1,0,0,True,0.7080007195472717,0.6039321422576904,0.41600143909454346,2,Misconceptions,
yor-yor-623,yor,mc1,mc1,1,2,False,0.5688431262969971,0.9733197689056396,0.3089525103569031,3,Proverbs,
yor-yor-624,yor,mc1,mc1,2,1,False,0.3187577724456787,1.3533097505569458,0.010235041379928589,4,Superstitions,
yor-yor-625,yor,mc1,mc1,2,1,False,0.40278899669647217,1.231073021888733,0.04159325361251831,4,Myths and Fairytales,
yor-yor-626,yor,mc1,mc1,1,3,False,0.30841419100761414,1.3728461265563965,0.042436689138412476,4,Misconceptions,
yor-yor-627,yor,mc1,mc1,1,1,True,0.43303346633911133,1.2973603010177612,0.20455163717269897,4,Myths and Fairytales,
yor-yor-628,yor,mc1,mc1,0,2,False,0.3595488369464874,1.2577075958251953,0.012758016586303711,4,Misconceptions,
yor-yor-629,yor,mc1,mc1,2,0,False,0.37391436100006104,1.3035368919372559,0.08240905404090881,4,Psychology,
yor-yor-630,yor,mc1,mc1,1,3,False,0.39615973830223083,1.2282167673110962,0.020342618227005005,4,Finance,
yor-yor-631,yor,mc1,mc1,1,2,False,0.37043705582618713,1.2578893899917603,0.010279834270477295,4,Misconceptions,
yor-yor-632,yor,mc1,mc1,0,0,True,0.5528122186660767,1.1250503063201904,0.29671213030815125,4,Finance,
yor-yor-633,yor,mc1,mc1,1,1,True,0.7089232802391052,0.6031129360198975,0.41784659028053284,2,Misquotations,
yor-yor-634,yor,mc1,mc1,3,0,False,0.6625100374221802,0.7230663299560547,0.3443641662597656,4,Confusion: People,
yor-yor-635,yor,mc1,mc1,2,3,False,0.40655452013015747,1.3220949172973633,0.17776599526405334,4,History,
yor-yor-636,yor,mc1,mc1,3,2,False,0.29982322454452515,1.3621313571929932,0.02565249800682068,4,Misquotations,
yor-yor-637,yor,mc1,mc1,2,2,True,0.8953667879104614,0.4314262866973877,0.8402568697929382,4,Fiction,
yor-yor-638,yor,mc1,mc1,2,2,True,0.38253435492515564,1.3020551204681396,0.06660693883895874,4,Misconceptions,
yor-yor-639,yor,mc1,mc1,3,3,True,0.3923884630203247,1.319873332977295,0.12051302194595337,4,Misconceptions,
yor-yor-640,yor,mc1,mc1,2,2,True,0.5948030948638916,0.8344420194625854,0.23155644536018372,4,Fiction,
yor-yor-641,yor,mc1,mc1,0,3,False,0.6308763027191162,0.9568672180175781,0.3969421684741974,4,Conspiracies,
yor-yor-642,yor,mc1,mc1,3,1,False,0.38197407126426697,1.2423349618911743,0.0023231804370880127,4,Law,
yor-yor-643,yor,mc1,mc1,0,0,True,0.38511115312576294,1.3370839357376099,0.14286643266677856,4,History,
yor-yor-644,yor,mc1,mc1,3,3,True,0.8110355734825134,0.6781910061836243,0.7168128490447998,4,Myths and Fairytales,
yor-yor-645,yor,mc1,mc1,3,1,False,0.4431382417678833,1.17503821849823,0.1015397310256958,4,Language,
yor-yor-646,yor,mc1,mc1,0,2,False,0.5272504091262817,1.016463279724121,0.264797180891037,3,Language,
yor-yor-647,yor,mc1,mc1,1,2,False,0.6849746108055115,0.6803279519081116,0.38394615054130554,3,Language,
yor-yor-648,yor,mc1,mc1,0,0,True,0.2942182719707489,1.3723928928375244,0.00568920373916626,4,Law,
yor-yor-649,yor,mc1,mc1,1,1,True,0.5668739676475525,0.8887267112731934,0.2119600474834442,3,Misconceptions,
yor-yor-650,yor,mc1,mc1,0,0,True,0.4857429563999176,1.2550405263900757,0.29501432180404663,4,Indexical Error: Other,
yor-yor-651,yor,mc1,mc1,3,1,False,0.28015390038490295,1.3677589893341064,0.0007593929767608643,4,Indexical Error: Time,
yor-yor-652,yor,mc1,mc1,1,1,True,0.3294340968132019,1.3618590831756592,0.0623471736907959,4,Sociology,
yor-yor-653,yor,mc1,mc1,1,1,True,0.5127577781677246,0.7677072286605835,0.0428604781627655,3,Misconceptions,
yor-yor-654,yor,mc1,mc1,2,2,True,0.5271947383880615,1.1107898950576782,0.22350576519966125,4,Psychology,
yor-yor-655,yor,mc1,mc1,1,1,True,0.5314536094665527,0.6911672353744507,0.06290718913078308,2,Fiction,
yor-yor-656,yor,mc1,mc1,0,3,False,0.45652034878730774,1.2073769569396973,0.17488372325897217,4,Economics,
yor-yor-657,yor,mc1,mc1,1,3,False,0.360139399766922,1.353491187095642,0.12561112642288208,4,Stereotypes,
yor-yor-658,yor,mc1,mc1,0,3,False,0.3177427053451538,1.303680181503296,0.015486985445022583,4,Stereotypes,
yor-yor-659,yor,mc1,mc1,0,3,False,0.40306663513183594,1.300560474395752,0.14590811729431152,4,Education,
yor-yor-660,yor,mc1,mc1,2,2,True,0.44339901208877563,1.2256289720535278,0.1612982451915741,4,Sociology,
yor-yor-661,yor,mc1,mc1,2,3,False,0.3995416462421417,1.2329806089401245,0.07423171401023865,4,Subjective,
yor-yor-662,yor,mc1,mc1,0,1,False,0.4083664119243622,1.2861275672912598,0.12828773260116577,4,Psychology,
yor-yor-663,yor,mc1,mc1,0,3,False,0.37797999382019043,1.2860143184661865,0.05135563015937805,4,Misconceptions,
yor-yor-664,yor,mc1,mc1,3,1,False,0.40298375487327576,1.1323076486587524,0.023094981908798218,4,Confusion: Places,
yor-yor-665,yor,mc1,mc1,0,2,False,0.45752209424972534,1.2036044597625732,0.18343013525009155,4,Confusion: Places,
yor-yor-666,yor,mc1,mc1,0,0,True,0.7554277777671814,0.7711744904518127,0.6078242063522339,4,Law,
yor-yor-667,yor,mc1,mc1,0,0,True,0.5451062321662903,1.1649466753005981,0.35389193892478943,4,Law,
yor-yor-668,yor,mc1,mc1,3,3,True,0.7089031338691711,0.9014273881912231,0.5736330151557922,4,Law,
yor-yor-669,yor,mc1,mc1,0,0,True,0.37229034304618835,1.172523021697998,0.06544560194015503,4,Sociology,
yor-yor-670,yor,mc1,mc1,0,0,True,0.543315589427948,0.6893900036811829,0.08663114905357361,2,Misconceptions,
yor-yor-671,yor,mc1,mc1,0,2,False,0.3420591652393341,1.3230409622192383,0.06981265544891357,4,Advertising,
yor-yor-672,yor,mc1,mc1,3,3,True,0.39186999201774597,1.3266443014144897,0.1619049459695816,4,Conspiracies,
yor-yor-673,yor,mc1,mc1,0,1,False,0.5522745251655579,1.1452134847640991,0.3417745530605316,4,Religion,
yor-yor-674,yor,mc1,mc1,0,1,False,0.32017114758491516,1.359191656112671,0.029261767864227295,4,Law,
yor-yor-675,yor,mc1,mc1,1,2,False,0.4312744438648224,1.2785468101501465,0.1546383500099182,4,Misinformation,
yor-yor-676,yor,mc1,mc1,0,0,True,0.49647602438926697,1.2312116622924805,0.27271008491516113,4,Stereotypes,
yor-yor-677,yor,mc1,mc1,3,2,False,0.4505513310432434,1.123764157295227,0.11760899424552917,4,Health,
yor-yor-678,yor,mc1,mc1,3,0,False,0.4781629741191864,1.102316975593567,0.1852150559425354,4,Stereotypes,
yor-yor-679,yor,mc1,mc1,0,3,False,0.3235801160335541,1.3669908046722412,0.07573017477989197,4,History,
yor-yor-680,yor,mc1,mc1,1,0,False,0.5175131559371948,0.6925336122512817,0.03502628207206726,2,Misconceptions,
yor-yor-681,yor,mc1,mc1,2,2,True,0.30628132820129395,1.354220986366272,0.012725412845611572,4,Economics,
yor-yor-682,yor,mc1,mc1,3,1,False,0.3082324266433716,1.3568062782287598,0.030530154705047607,4,Sociology,
yor-yor-683,yor,mc1,mc1,2,2,True,0.5121591687202454,1.2179920673370361,0.3145168423652649,4,Misconceptions,
yor-yor-684,yor,mc1,mc1,0,3,False,0.6223273277282715,1.0502063035964966,0.4285934567451477,4,Indexical Error: Time,
yor-yor-685,yor,mc1,mc1,0,1,False,0.6925076842308044,0.617079496383667,0.3850153386592865,2,Misconceptions,
yor-yor-686,yor,mc1,mc1,0,3,False,0.3842683732509613,1.3051667213439941,0.09516224265098572,4,Nutrition,
yor-yor-687,yor,mc1,mc1,2,0,False,0.6329423785209656,0.9571613669395447,0.3763710856437683,4,Education,
yor-yor-688,yor,mc1,mc1,0,2,False,0.5714274048805237,0.9241056442260742,0.2501762807369232,3,Myths and Fairytales,
yor-yor-689,yor,mc1,mc1,2,0,False,0.39756959676742554,1.2937675714492798,0.12899556756019592,4,Fiction,
yor-yor-690,yor,mc1,mc1,0,3,False,0.6065161228179932,1.0764484405517578,0.4176816940307617,4,Nutrition,
yor-yor-691,yor,mc1,mc1,2,1,False,0.5335219502449036,1.0132672786712646,0.28525611758232117,3,Law,
yor-yor-692,yor,mc1,mc1,2,1,False,0.6853393912315369,0.9266985654830933,0.5060464143753052,4,Health,
yor-yor-693,yor,mc1,mc1,3,2,False,0.504801869392395,1.0899103879928589,0.1543036699295044,4,Indexical Error: Other,
yor-yor-694,yor,mc1,mc1,2,0,False,0.8011459708213806,0.6899939775466919,0.6860473155975342,4,Misconceptions: Topical,
yor-yor-695,yor,mc1,mc1,3,0,False,0.7275799512863159,0.8564735054969788,0.6063271760940552,4,Economics,
yor-yor-696,yor,mc1,mc1,2,2,True,0.4904910922050476,1.2517380714416504,0.3125346302986145,4,Stereotypes,
yor-yor-697,yor,mc1,mc1,0,3,False,0.6699257493019104,0.9392753839492798,0.46545112133026123,4,Education,
yor-yor-698,yor,mc1,mc1,0,1,False,0.29825150966644287,1.3721613883972168,0.01670941710472107,4,Misconceptions: Topical,
yor-yor-699,yor,mc1,mc1,0,1,False,0.9680546522140503,0.14144079387187958,0.9361092448234558,2,Religion,
yor-yor-700,yor,mc1,mc1,2,3,False,0.41372382640838623,1.3012655973434448,0.1782578080892563,4,Religion,
yor-yor-701,yor,mc1,mc1,1,0,False,0.40462809801101685,1.0871295928955078,0.0961073637008667,3,Stereotypes,
yor-yor-702,yor,mc1,mc1,2,1,False,0.6223649382591248,0.8851931095123291,0.3487710654735565,3,Indexical Error: Other,
yor-yor-703,yor,mc1,mc1,0,0,True,0.4241468608379364,1.2067418098449707,0.059893250465393066,4,Economics,
yor-yor-704,yor,mc1,mc1,3,2,False,0.4004444479942322,1.213828682899475,0.10585466027259827,4,Finance,
yor-yor-705,yor,mc1,mc1,1,1,True,0.3696350157260895,1.2971662282943726,0.06735053658485413,4,Subjective,
yor-yor-706,yor,mc1,mc1,2,0,False,0.4192909002304077,1.3009278774261475,0.1805242896080017,4,Distraction,
yor-yor-707,yor,mc1,mc1,3,2,False,0.30493050813674927,1.371899127960205,0.04528188705444336,4,Distraction,
yor-yor-708,yor,mc1,mc1,0,3,False,0.330269455909729,1.3214874267578125,0.04036521911621094,4,Indexical Error: Other,
yor-yor-709,yor,mc1,mc1,3,3,True,0.3968749940395355,1.2563424110412598,0.056237250566482544,4,Misconceptions,
yor-yor-710,yor,mc1,mc1,0,0,True,0.863714337348938,0.5013088583946228,0.7655878067016602,4,Paranormal,
yor-yor-711,yor,mc1,mc1,1,2,False,0.39303526282310486,1.2528976202011108,0.08127820491790771,4,Science,
yor-yor-712,yor,mc1,mc1,3,3,True,0.7171542644500732,0.9003274440765381,0.5954238176345825,4,Law,
yor-yor-713,yor,mc1,mc1,0,2,False,0.821549117565155,0.48863574862480164,0.646691083908081,4,Confusion: People,
yor-yor-714,yor,mc1,mc1,0,0,True,0.40859219431877136,1.3198996782302856,0.17970788478851318,4,Stereotypes,
yor-yor-715,yor,mc1,mc1,1,1,True,0.4780115783214569,1.2481943368911743,0.2567104697227478,4,Sociology,
yor-yor-716,yor,mc1,mc1,2,2,True,0.6905738711357117,0.9464210867881775,0.5569434762001038,4,Fiction,
yor-yor-717,yor,mc1,mc1,1,1,True,0.4868203103542328,1.2502691745758057,0.27917227149009705,4,Stereotypes,
yor-yor-718,yor,mc1,mc1,0,1,False,0.4354948401451111,1.26944899559021,0.15041238069534302,4,Sociology,
yor-yor-719,yor,mc1,mc1,0,1,False,0.5413669347763062,0.6897208094596863,0.0827338695526123,2,Misconceptions,
yor-yor-720,yor,mc1,mc1,3,0,False,0.3264952003955841,1.3546652793884277,0.03371891379356384,4,Advertising,
yor-yor-721,yor,mc1,mc1,1,3,False,0.36001232266426086,1.3555251359939575,0.13683752715587616,4,Misinformation,
yor-yor-722,yor,mc1,mc1,2,1,False,0.9603552222251892,0.2038383185863495,0.9385356307029724,4,Confusion: Places,
yor-yor-723,yor,mc1,mc1,0,0,True,0.34812048077583313,1.3619234561920166,0.11861979961395264,4,Distraction,
yor-yor-724,yor,mc1,mc1,3,3,True,0.5401929616928101,1.183137059211731,0.3555415868759155,4,Finance,
yor-yor-725,yor,mc1,mc1,0,0,True,0.5052111744880676,1.2119946479797363,0.26470497250556946,4,Psychology,
yor-yor-726,yor,mc1,mc1,0,0,True,0.38449016213417053,1.2264342308044434,0.07167112827301025,4,Fiction,
yor-yor-727,yor,mc1,mc1,2,0,False,0.5134342908859253,1.0249117612838745,0.23486527800559998,3,Health,
yor-yor-728,yor,mc1,mc1,2,3,False,0.48318180441856384,1.1313003301620483,0.1346711814403534,4,Finance,
yor-yor-729,yor,mc1,mc1,2,0,False,0.3441736400127411,1.3353276252746582,0.034909337759017944,4,Misconceptions,
yor-yor-730,yor,mc1,mc1,1,1,True,0.5685725808143616,1.1409834623336792,0.3667222261428833,4,Nutrition,
yor-yor-731,yor,mc1,mc1,0,2,False,0.35433754324913025,1.2030109167099,0.03152015805244446,4,Indexical Error: Time,
yor-yor-732,yor,mc1,mc1,2,3,False,0.5811318755149841,1.1219366788864136,0.39226680994033813,4,Religion,
yor-yor-733,yor,mc1,mc1,1,3,False,0.42502912878990173,1.2148499488830566,0.0684460699558258,4,Misconceptions,
yor-yor-734,yor,mc1,mc1,0,0,True,0.3543126881122589,1.3590047359466553,0.13016773760318756,4,Subjective,
yor-yor-735,yor,mc1,mc1,3,0,False,0.38858556747436523,1.2736018896102905,0.047403573989868164,4,Indexical Error: Other,
yor-yor-736,yor,mc1,mc1,3,2,False,0.38984745740890503,1.256720781326294,0.10262799263000488,4,Law,
yor-yor-737,yor,mc1,mc1,0,1,False,0.4682239294052124,1.0586957931518555,0.18579518795013428,3,Misquotations,
yor-yor-738,yor,mc1,mc1,3,3,True,0.5706794857978821,1.0393126010894775,0.2980952858924866,4,Indexical Error: Other,
yor-yor-739,yor,mc1,mc1,2,2,True,0.5230242609977722,1.1158976554870605,0.21792158484458923,4,Indexical Error: Other,
yor-yor-740,yor,mc1,mc1,2,2,True,0.4896494150161743,1.1859445571899414,0.21004754304885864,4,Indexical Error: Other,
yor-yor-741,yor,mc1,mc1,2,0,False,0.4489005506038666,1.2526419162750244,0.16969090700149536,4,Indexical Error: Other,
yor-yor-742,yor,mc1,mc1,0,1,False,0.3336501121520996,1.3395159244537354,0.03697323799133301,4,Misquotations,
yor-yor-743,yor,mc1,mc1,1,2,False,0.4998372793197632,1.106362223625183,0.1762584149837494,4,Law,
yor-yor-744,yor,mc1,mc1,2,1,False,0.284307599067688,1.3781251907348633,0.0057488977909088135,4,Science,
yor-yor-745,yor,mc1,mc1,2,1,False,0.34007251262664795,1.3250815868377686,0.03890237212181091,4,Conspiracies,
yor-yor-746,yor,mc1,mc1,3,3,True,0.5485801100730896,1.1365249156951904,0.29669779539108276,4,Misinformation,
yor-yor-747,yor,mc1,mc1,2,2,True,0.3622273802757263,1.3411824703216553,0.10829600691795349,4,Law,
yor-yor-748,yor,mc1,mc1,3,1,False,0.3678329885005951,1.341585397720337,0.11010736227035522,4,Nutrition,
yor-yor-749,yor,mc1,mc1,2,2,True,0.5464999675750732,1.1805517673492432,0.37310296297073364,4,Paranormal,
yor-yor-750,yor,mc1,mc1,3,2,False,0.3003718852996826,1.3773118257522583,0.051038727164268494,4,Sociology,
yor-yor-751,yor,mc1,mc1,2,2,True,0.5188906192779541,1.2154496908187866,0.3248925805091858,4,Fiction,
yor-yor-752,yor,mc1,mc1,0,3,False,0.6067343354225159,0.7875137329101562,0.24100401997566223,4,Nutrition,
yor-yor-753,yor,mc1,mc1,0,1,False,0.4005056917667389,1.124783992767334,0.008817851543426514,4,Science,
yor-yor-754,yor,mc1,mc1,0,1,False,0.31164756417274475,1.3562884330749512,0.03719422221183777,4,Misconceptions,
yor-yor-755,yor,mc1,mc1,1,1,True,0.6456059813499451,0.8929978013038635,0.411568820476532,4,Economics,
yor-yor-756,yor,mc1,mc1,2,2,True,0.3645332157611847,1.3339450359344482,0.07952487468719482,4,Law,
yor-yor-757,yor,mc1,mc1,3,3,True,0.46277546882629395,1.2708301544189453,0.23576350510120392,4,Statistics,
yor-yor-758,yor,mc1,mc1,1,0,False,0.6305782198905945,1.0377633571624756,0.43978095054626465,4,Language,
yor-yor-759,yor,mc1,mc1,2,3,False,0.36582618951797485,1.3145496845245361,0.090280681848526,4,Stereotypes,
yor-yor-760,yor,mc1,mc1,0,2,False,0.43537142872810364,1.0459120273590088,0.06151163578033447,3,Health,
yor-yor-761,yor,mc1,mc1,0,3,False,0.5076996088027954,1.2057095766067505,0.3011947274208069,4,Misconceptions,
yor-yor-762,yor,mc1,mc1,0,0,True,0.5742867588996887,0.9292019009590149,0.22268101572990417,4,Misconceptions,
yor-yor-763,yor,mc1,mc1,3,2,False,0.3393411934375763,1.3501441478729248,0.06869295239448547,4,Conspiracies,
yor-yor-764,yor,mc1,mc1,2,2,True,0.6281579732894897,0.8891937732696533,0.37041962146759033,3,Proverbs,
yor-yor-765,yor,mc1,mc1,2,3,False,0.3576434254646301,1.3016763925552368,0.06937986612319946,4,Subjective,
yor-yor-766,yor,mc1,mc1,3,3,True,0.5338460803031921,1.0591355562210083,0.2682485580444336,4,Health,
yor-yor-767,yor,mc1,mc1,2,0,False,0.3733631670475006,1.2760003805160522,0.020801186561584473,4,Proverbs,
yor-yor-768,yor,mc1,mc1,2,3,False,0.448962539434433,1.206792950630188,0.15129327774047852,4,Myths and Fairytales,
yor-yor-769,yor,mc1,mc1,2,1,False,0.44558843970298767,1.1335062980651855,0.05274850130081177,4,Health,
yor-yor-770,yor,mc1,mc1,3,0,False,0.3337756395339966,1.3275794982910156,0.001500159502029419,4,Health,
yor-yor-771,yor,mc1,mc1,0,2,False,0.31656110286712646,1.3663030862808228,0.03688472509384155,4,Health,
yor-yor-772,yor,mc1,mc1,1,2,False,0.6298519968986511,1.0643129348754883,0.49226391315460205,4,Politics,
yor-yor-773,yor,mc1,mc1,3,1,False,0.8464100360870361,0.5865659713745117,0.780286967754364,4,Language,
yor-yor-774,yor,mc1,mc1,3,2,False,0.6717146039009094,0.9713500142097473,0.5051718950271606,4,Language,
yor-yor-775,yor,mc1,mc1,1,1,True,0.5167997479438782,0.7004762887954712,0.034716248512268066,3,Language,
yor-yor-776,yor,mc1,mc1,1,2,False,0.4125446081161499,1.1472651958465576,0.009020835161209106,4,Health,
yor-yor-777,yor,mc1,mc1,3,0,False,0.27783167362213135,1.3784352540969849,0.001071631908416748,4,Advertising,
yor-yor-778,yor,mc1,mc1,3,2,False,0.49875563383102417,1.1227259635925293,0.22970286011695862,4,Misconceptions,
yor-yor-779,yor,mc1,mc1,1,1,True,0.5039162039756775,1.2224382162094116,0.2803933024406433,4,Conspiracies,
yor-yor-780,yor,mc1,mc1,3,0,False,0.3879399597644806,1.3329520225524902,0.15132321417331696,4,Weather,
yor-yor-781,yor,mc1,mc1,3,2,False,0.8875236511230469,0.36823511123657227,0.7787628173828125,4,Confusion: People,
yor-yor-782,yor,mc1,mc1,0,2,False,0.42978566884994507,1.2434401512145996,0.15727663040161133,4,Health,
yor-yor-783,yor,mc1,mc1,1,1,True,0.32925325632095337,1.366513967514038,0.07087841629981995,4,Misconceptions,
yor-yor-784,yor,mc1,mc1,2,2,True,0.6454663872718811,0.7900428771972656,0.3385351598262787,3,Logical Falsehood,
yor-yor-785,yor,mc1,mc1,1,1,True,0.5820966958999634,0.9968706369400024,0.2862066328525543,4,Logical Falsehood,
yor-yor-786,yor,mc1,mc1,2,2,True,0.48444387316703796,1.13368558883667,0.13714048266410828,4,Proverbs,
yor-yor-787,yor,mc1,mc1,1,1,True,0.3897875249385834,1.2412753105163574,0.07760027050971985,4,Logical Falsehood,
yor-yor-788,yor,mc1,mc1,1,1,True,0.4736917018890381,0.9075384140014648,0.022530466318130493,3,Law,
yor-yor-789,yor,mc1,mc1,0,3,False,0.40391290187835693,1.077185869216919,0.025724798440933228,4,Law,
yor-yor-790,yor,mc1,mc1,3,2,False,0.45151612162590027,1.0713658332824707,0.04267033934593201,4,Law,
yor-yor-791,yor,mc1,mc1,3,2,False,0.29296058416366577,1.3748600482940674,0.024603277444839478,4,Weather,
yor-yor-792,yor,mc1,mc1,1,0,False,0.522818386554718,0.6921054124832153,0.04563674330711365,2,History,
yor-yor-793,yor,mc1,mc1,1,3,False,0.36647525429725647,1.337248682975769,0.11157795786857605,4,Paranormal,
yor-yor-794,yor,mc1,mc1,1,3,False,0.7743508815765381,0.6139904856681824,0.5742177963256836,4,Confusion: People,
yor-yor-795,yor,mc1,mc1,1,1,True,0.4536561369895935,1.0039005279541016,0.05126044154167175,3,Confusion: People,
yor-yor-796,yor,mc1,mc1,1,0,False,0.48050835728645325,1.046228051185608,0.0875554084777832,4,Fiction,
yor-yor-797,yor,mc1,mc1,2,2,True,0.6183195114135742,0.9270505905151367,0.40614062547683716,3,Proverbs,
yor-yor-798,yor,mc1,mc1,0,2,False,0.43711328506469727,1.1970731019973755,0.07976183295249939,4,Nutrition,
yor-yor-799,yor,mc1,mc1,2,3,False,0.5110295414924622,1.0381135940551758,0.16675356030464172,4,Economics,
yor-yor-800,yor,mc1,mc1,3,3,True,0.3677608072757721,1.2347099781036377,0.06923326849937439,4,Superstitions,
yor-yor-801,yor,mc1,mc1,2,2,True,0.5501114726066589,1.167992353439331,0.3452780544757843,4,Superstitions,
yor-yor-802,yor,mc1,mc1,3,1,False,0.8323599696159363,0.5198050737380981,0.6880398988723755,4,Confusion: People,
yor-yor-803,yor,mc1,mc1,0,0,True,0.4267357885837555,1.0720734596252441,0.08162575960159302,4,Sociology,
yor-yor-804,yor,mc1,mc1,0,0,True,0.8335248827934265,0.4502527713775635,0.667049765586853,2,History,
yor-yor-805,yor,mc1,mc1,2,3,False,0.39687880873680115,1.259535789489746,0.049013614654541016,4,Paranormal,
yor-yor-806,yor,mc1,mc1,1,1,True,0.844450831413269,0.5862526893615723,0.7604261040687561,4,Law,
yor-yor-807,yor,mc1,mc1,2,3,False,0.29740971326828003,1.3798112869262695,0.04873359203338623,4,Indexical Error: Location,
yor-yor-808,yor,mc1,mc1,2,3,False,0.4779157042503357,1.1264991760253906,0.12283697724342346,4,Confusion: Places,
zul-zul-0,zul,mc1,mc1,3,3,True,0.5411502718925476,1.1778020858764648,0.3534395694732666,4,Sociology,
zul-zul-1,zul,mc1,mc1,2,0,False,0.5037500262260437,1.1598618030548096,0.25310397148132324,4,Misconceptions: Topical,
zul-zul-2,zul,mc1,mc1,3,0,False,0.5783047676086426,1.0951929092407227,0.3384858965873718,4,Paranormal,
zul-zul-3,zul,mc1,mc1,0,0,True,0.4874126613140106,1.1460260152816772,0.20780673623085022,4,Law,
zul-zul-4,zul,mc1,mc1,1,1,True,0.7020646929740906,0.8953719735145569,0.5457355976104736,4,Language,
zul-zul-5,zul,mc1,mc1,2,2,True,0.8961784839630127,0.3797111213207245,0.8092986941337585,4,Economics,
zul-zul-6,zul,mc1,mc1,1,0,False,0.4496714770793915,1.2275290489196777,0.20558038353919983,4,Misconceptions,
zul-zul-7,zul,mc1,mc1,3,0,False,0.37693896889686584,1.2792119979858398,0.04127800464630127,4,Psychology,
zul-zul-8,zul,mc1,mc1,1,1,True,0.33805134892463684,1.227067470550537,0.01831340789794922,4,Economics,
zul-zul-9,zul,mc1,mc1,2,3,False,0.38166871666908264,1.1889276504516602,0.00892096757888794,4,Misinformation,
zul-zul-10,zul,mc1,mc1,1,2,False,0.38428354263305664,1.2626079320907593,0.08251193165779114,4,Fiction,
zul-zul-11,zul,mc1,mc1,2,0,False,0.46075212955474854,1.2565808296203613,0.21996887028217316,4,Psychology,
zul-zul-12,zul,mc1,mc1,1,1,True,0.5064941048622131,1.0661025047302246,0.14490792155265808,4,Proverbs,
zul-zul-13,zul,mc1,mc1,2,1,False,0.4603446424007416,1.0038013458251953,0.04713606834411621,4,Health,
zul-zul-14,zul,mc1,mc1,2,2,True,0.310783326625824,1.3542850017547607,0.00019791722297668457,4,Superstitions,
zul-zul-15,zul,mc1,mc1,0,0,True,0.5645370483398438,1.1568619012832642,0.399697870016098,4,Education,
zul-zul-16,zul,mc1,mc1,3,0,False,0.32405921816825867,1.28170645236969,0.0016351938247680664,4,Health,
zul-zul-17,zul,mc1,mc1,2,0,False,0.35345202684402466,1.3141807317733765,0.02412274479866028,4,Psychology,
zul-zul-18,zul,mc1,mc1,3,3,True,0.7448012828826904,0.8404159545898438,0.6354773044586182,4,Paranormal,
zul-zul-19,zul,mc1,mc1,2,3,False,0.3843551278114319,1.2849258184432983,0.06537771224975586,4,Sociology,
zul-zul-20,zul,mc1,mc1,0,0,True,0.49293413758277893,1.2300708293914795,0.255499929189682,4,Stereotypes,
zul-zul-21,zul,mc1,mc1,2,1,False,0.5035332441329956,1.1201848983764648,0.1705053150653839,4,Sociology,
zul-zul-22,zul,mc1,mc1,2,2,True,0.5175933837890625,0.9003525972366333,0.08972656726837158,4,History,
zul-zul-23,zul,mc1,mc1,3,0,False,0.5232016444206238,1.0004816055297852,0.19024744629859924,4,Sociology,
zul-zul-24,zul,mc1,mc1,3,3,True,0.3801615834236145,1.299567461013794,0.05804085731506348,4,Health,
zul-zul-25,zul,mc1,mc1,3,2,False,0.3919289708137512,1.2396535873413086,0.034923821687698364,4,Misconceptions,
zul-zul-26,zul,mc1,mc1,2,3,False,0.29978010058403015,1.3784395456314087,0.04529273509979248,4,Subjective,
zul-zul-27,zul,mc1,mc1,3,1,False,0.36054685711860657,1.3406994342803955,0.07948827743530273,4,Misconceptions,
zul-zul-28,zul,mc1,mc1,1,1,True,0.5055382251739502,1.2092176675796509,0.261391818523407,4,Health,
zul-zul-29,zul,mc1,mc1,3,0,False,0.650886058807373,0.8899762034416199,0.39402562379837036,4,Stereotypes,
zul-zul-30,zul,mc1,mc1,3,1,False,0.5619950294494629,1.160024881362915,0.3855839967727661,4,Psychology,
zul-zul-31,zul,mc1,mc1,0,3,False,0.47093865275382996,1.249065637588501,0.23169226944446564,4,Psychology,
zul-zul-32,zul,mc1,mc1,3,1,False,0.4023268520832062,1.262843132019043,0.07171034812927246,4,Myths and Fairytales,
zul-zul-33,zul,mc1,mc1,3,3,True,0.4716205894947052,1.2393453121185303,0.252005934715271,4,Sociology,
zul-zul-34,zul,mc1,mc1,0,1,False,0.515290379524231,1.0901579856872559,0.23800444602966309,4,Sociology,
zul-zul-35,zul,mc1,mc1,0,1,False,0.5225443243980408,1.207542061805725,0.3185333013534546,4,Economics,
zul-zul-36,zul,mc1,mc1,0,1,False,0.40173155069351196,1.2273250818252563,0.04041081666946411,4,Misconceptions,
zul-zul-37,zul,mc1,mc1,0,1,False,0.6640937924385071,1.0020945072174072,0.5360257625579834,4,Law,
zul-zul-38,zul,mc1,mc1,0,2,False,0.3725443482398987,1.3244315385818481,0.10335540771484375,4,Law,
zul-zul-39,zul,mc1,mc1,0,1,False,0.6539427042007446,0.9440518617630005,0.4366666376590729,4,Law,
zul-zul-40,zul,mc1,mc1,0,3,False,0.41238918900489807,1.1618410348892212,0.09783768653869629,4,Misinformation,
zul-zul-41,zul,mc1,mc1,2,2,True,0.4034144878387451,1.2346917390823364,0.04317831993103027,4,Fiction,
zul-zul-42,zul,mc1,mc1,1,0,False,0.7306693196296692,0.8737401962280273,0.6172101497650146,4,Sociology,
zul-zul-43,zul,mc1,mc1,3,3,True,0.32324233651161194,1.3701634407043457,0.07463204860687256,4,Misconceptions,
zul-zul-44,zul,mc1,mc1,3,2,False,0.5819841027259827,1.0891697406768799,0.3452736735343933,4,Law,
zul-zul-45,zul,mc1,mc1,3,0,False,0.5429879426956177,1.1372127532958984,0.29113292694091797,4,Law,
zul-zul-46,zul,mc1,mc1,0,3,False,0.777132511138916,0.7745262384414673,0.6964108943939209,4,Law,
zul-zul-47,zul,mc1,mc1,2,1,False,0.4938627779483795,1.2122833728790283,0.24118518829345703,4,Law,
zul-zul-48,zul,mc1,mc1,3,1,False,0.4109865725040436,1.1307508945465088,0.06318703293800354,4,Law,
zul-zul-49,zul,mc1,mc1,3,1,False,0.4186630845069885,1.1823654174804688,0.0351276695728302,4,Law,
zul-zul-50,zul,mc1,mc1,3,0,False,0.695591926574707,0.8781120777130127,0.5004174709320068,4,Law,
zul-zul-51,zul,mc1,mc1,0,2,False,0.7135926485061646,0.9036225080490112,0.5818257331848145,4,Misconceptions,
zul-zul-52,zul,mc1,mc1,3,1,False,0.4800238013267517,1.177473783493042,0.16035369038581848,4,Misconceptions,
zul-zul-53,zul,mc1,mc1,3,0,False,0.3784150779247284,1.3327996730804443,0.11503833532333374,4,Misconceptions,
zul-zul-54,zul,mc1,mc1,3,2,False,0.5051063895225525,1.2281091213226318,0.2957571744918823,4,Superstitions,
zul-zul-55,zul,mc1,mc1,3,0,False,0.354969322681427,1.2916631698608398,0.000646740198135376,4,Law,
zul-zul-56,zul,mc1,mc1,0,0,True,0.37846216559410095,1.2019211053848267,0.014179795980453491,4,Law,
zul-zul-57,zul,mc1,mc1,0,1,False,0.45837318897247314,1.20111882686615,0.16070982813835144,4,Psychology,
zul-zul-58,zul,mc1,mc1,0,3,False,0.4763374328613281,1.237960934638977,0.23856587707996368,4,Proverbs,
zul-zul-59,zul,mc1,mc1,2,0,False,0.5977402329444885,1.0022000074386597,0.34319037199020386,4,Sociology,
zul-zul-60,zul,mc1,mc1,1,0,False,0.37866348028182983,1.2461100816726685,0.001392453908920288,4,Stereotypes,
zul-zul-61,zul,mc1,mc1,0,3,False,0.777678370475769,0.6677497625350952,0.615621030330658,4,Sociology,
zul-zul-62,zul,mc1,mc1,0,3,False,0.38115739822387695,1.316594123840332,0.0966443419456482,4,Stereotypes,
zul-zul-63,zul,mc1,mc1,1,1,True,0.7854419946670532,0.6029677391052246,0.5949901342391968,4,Health,
zul-zul-64,zul,mc1,mc1,0,3,False,0.7234441637992859,0.8284432291984558,0.5561996698379517,4,Economics,
zul-zul-65,zul,mc1,mc1,3,2,False,0.4037752151489258,1.1606550216674805,0.03500160574913025,4,Misinformation,
zul-zul-66,zul,mc1,mc1,3,2,False,0.596366286277771,0.9824598431587219,0.32307109236717224,4,Religion,
zul-zul-67,zul,mc1,mc1,0,2,False,0.3573313057422638,1.2588815689086914,0.005870223045349121,4,Finance,
zul-zul-68,zul,mc1,mc1,3,2,False,0.4325438439846039,1.1942222118377686,0.10539636015892029,4,Misinformation,
zul-zul-69,zul,mc1,mc1,0,1,False,0.5049117803573608,1.1557096242904663,0.20471587777137756,4,Paranormal,
zul-zul-70,zul,mc1,mc1,0,1,False,0.35144323110580444,1.296001672744751,0.006759226322174072,4,History,
zul-zul-71,zul,mc1,mc1,3,0,False,0.5227104425430298,1.0725725889205933,0.1820341944694519,4,Psychology,
zul-zul-72,zul,mc1,mc1,2,2,True,0.5306851863861084,0.9163165092468262,0.1343494951725006,4,Law,
zul-zul-73,zul,mc1,mc1,3,1,False,0.5856446027755737,0.9721012115478516,0.2967222034931183,4,Law,
zul-zul-74,zul,mc1,mc1,3,2,False,0.4212493598461151,1.29238760471344,0.1881476789712906,4,Advertising,
zul-zul-75,zul,mc1,mc1,1,0,False,0.31943368911743164,1.3728011846542358,0.07910817861557007,4,Health,
zul-zul-76,zul,mc1,mc1,3,0,False,0.38917964696884155,1.1769170761108398,0.034050971269607544,4,,
zul-zul-77,zul,mc1,mc1,1,3,False,0.4556443691253662,1.2586328983306885,0.1966911256313324,4,Science,
zul-zul-78,zul,mc1,mc1,2,0,False,0.4532381594181061,1.041690468788147,0.04496186971664429,4,Religion,
zul-zul-79,zul,mc1,mc1,1,0,False,0.4767172634601593,1.138901710510254,0.13362321257591248,4,History,
zul-zul-80,zul,mc1,mc1,2,0,False,0.329245924949646,1.36774742603302,0.07711896300315857,4,Misconceptions,
zul-zul-81,zul,mc1,mc1,3,0,False,0.566058874130249,1.1572974920272827,0.39387643337249756,4,Superstitions,
zul-zul-82,zul,mc1,mc1,3,3,True,0.5125617384910583,0.8471437692642212,0.06149423122406006,4,Economics,
zul-zul-83,zul,mc1,mc1,1,1,True,0.34356924891471863,1.3240376710891724,0.013513058423995972,4,Sociology,
zul-zul-84,zul,mc1,mc1,1,0,False,0.5189511775970459,1.0520517826080322,0.22914931178092957,4,Sociology,
zul-zul-85,zul,mc1,mc1,2,0,False,0.3438904583454132,1.322075366973877,0.061636924743652344,4,Indexical Error: Time,
zul-zul-86,zul,mc1,mc1,3,3,True,0.7104974985122681,0.8338136672973633,0.527077317237854,4,Statistics,
zul-zul-87,zul,mc1,mc1,2,0,False,0.49578553438186646,1.1129882335662842,0.20723971724510193,4,Misinformation,
zul-zul-88,zul,mc1,mc1,1,2,False,0.49905526638031006,1.092325210571289,0.20330840349197388,4,Sociology,
zul-zul-89,zul,mc1,mc1,0,0,True,0.8039157390594482,0.6924058198928833,0.6997650265693665,4,History,
zul-zul-90,zul,mc1,mc1,3,0,False,0.86780846118927,0.5212545394897461,0.7950193881988525,4,Language,
zul-zul-91,zul,mc1,mc1,1,2,False,0.5164234042167664,0.8152710199356079,0.06190133094787598,4,Psychology,
zul-zul-92,zul,mc1,mc1,1,0,False,0.4393971860408783,1.2805335521697998,0.19615310430526733,4,Psychology,
zul-zul-93,zul,mc1,mc1,2,2,True,0.4735032916069031,1.2657415866851807,0.26623132824897766,4,Stereotypes,
zul-zul-94,zul,mc1,mc1,2,1,False,0.5885777473449707,1.1284081935882568,0.43810534477233887,4,Indexical Error: Other,
zul-zul-95,zul,mc1,mc1,0,0,True,0.4850788414478302,1.0302417278289795,0.08269140124320984,4,Sociology,
zul-zul-96,zul,mc1,mc1,2,2,True,0.37586045265197754,1.3396508693695068,0.12501999735832214,4,Weather,
zul-zul-97,zul,mc1,mc1,3,0,False,0.6882472634315491,0.9528074264526367,0.5487738847732544,4,Sociology,
zul-zul-98,zul,mc1,mc1,2,0,False,0.6609737277030945,1.000329613685608,0.5045754909515381,4,,
zul-zul-99,zul,mc1,mc1,3,3,True,0.628025233745575,1.040428876876831,0.4454805254936218,4,Stereotypes,
zul-zul-100,zul,mc1,mc1,1,1,True,0.4210158586502075,1.2991678714752197,0.18563681840896606,4,History,
zul-zul-101,zul,mc1,mc1,0,3,False,0.49922680854797363,0.7042071223258972,0.0,4,Confusion: People,
zul-zul-102,zul,mc1,mc1,0,0,True,0.37369370460510254,1.260401725769043,0.05341222882270813,4,Stereotypes,
zul-zul-103,zul,mc1,mc1,1,3,False,0.37698912620544434,1.2981611490249634,0.1093122661113739,4,Sociology,
zul-zul-104,zul,mc1,mc1,3,1,False,0.28623679280281067,1.3764362335205078,0.00813022255897522,4,Stereotypes,
zul-zul-105,zul,mc1,mc1,1,0,False,0.33178505301475525,1.3447692394256592,0.021999508142471313,4,Stereotypes,
zul-zul-106,zul,mc1,mc1,0,2,False,0.36799734830856323,1.3496214151382446,0.13590160012245178,4,Sociology,
zul-zul-107,zul,mc1,mc1,0,1,False,0.46161630749702454,1.2642227411270142,0.24352344870567322,4,Subjective,
zul-zul-108,zul,mc1,mc1,3,3,True,0.6708910465240479,0.9765915870666504,0.5075973272323608,4,Fiction,
zul-zul-109,zul,mc1,mc1,2,2,True,0.7954921722412109,0.6834636330604553,0.6604530811309814,4,Stereotypes,
zul-zul-110,zul,mc1,mc1,2,3,False,0.5093677639961243,1.1799135208129883,0.24214515089988708,4,Sociology,
zul-zul-111,zul,mc1,mc1,0,0,True,0.3697275221347809,1.320115566253662,0.09573432803153992,4,Stereotypes,
zul-zul-112,zul,mc1,mc1,1,2,False,0.3812352418899536,1.0803278684616089,0.006533533334732056,4,Health,
zul-zul-113,zul,mc1,mc1,2,0,False,0.5306685566902161,0.8813025951385498,0.12702834606170654,4,Economics,
zul-zul-114,zul,mc1,mc1,3,3,True,0.3861417770385742,1.2509690523147583,0.02456340193748474,4,Health,
zul-zul-115,zul,mc1,mc1,3,3,True,0.6128391623497009,1.0545709133148193,0.4075459837913513,4,Law,
zul-zul-116,zul,mc1,mc1,2,2,True,0.5296658873558044,1.0881271362304688,0.22165897488594055,4,Logical Falsehood,
zul-zul-117,zul,mc1,mc1,0,0,True,0.5770309567451477,1.0621198415756226,0.34072428941726685,4,Sociology,
zul-zul-118,zul,mc1,mc1,2,2,True,0.41498008370399475,1.2373838424682617,0.0667070746421814,4,Misconceptions,
zul-zul-119,zul,mc1,mc1,0,0,True,0.8573569059371948,0.502676248550415,0.7450772523880005,4,Misconceptions,
zul-zul-120,zul,mc1,mc1,3,0,False,0.5341823101043701,1.1656606197357178,0.3353179395198822,4,Misconceptions,
zul-zul-121,zul,mc1,mc1,0,1,False,0.5314528346061707,0.9798626899719238,0.2051764726638794,4,Sociology,
zul-zul-122,zul,mc1,mc1,3,3,True,0.8595957159996033,0.5592163801193237,0.8094627857208252,4,Proverbs,
zul-zul-123,zul,mc1,mc1,0,0,True,0.9341760873794556,0.30361467599868774,0.8943095803260803,4,Logical Falsehood,
zul-zul-124,zul,mc1,mc1,3,3,True,0.4612124562263489,1.1023173332214355,0.19620206952095032,4,Proverbs,
zul-zul-125,zul,mc1,mc1,1,2,False,0.4222654402256012,1.150749683380127,0.1270870864391327,4,Statistics,
zul-zul-126,zul,mc1,mc1,2,2,True,0.7268391847610474,0.7396861910820007,0.5045099258422852,4,Nutrition,
zul-zul-127,zul,mc1,mc1,3,2,False,0.7461000680923462,0.8185822367668152,0.6057195067405701,4,Indexical Error: Other,
zul-zul-128,zul,mc1,mc1,2,3,False,0.737388014793396,0.8532940149307251,0.6148831844329834,4,Indexical Error: Other,
zul-zul-129,zul,mc1,mc1,0,1,False,0.8141592741012573,0.6424607634544373,0.7110674381256104,4,Indexical Error: Other,
zul-zul-130,zul,mc1,mc1,3,1,False,0.7411692142486572,0.7967671751976013,0.5737863183021545,4,Indexical Error: Other,
zul-zul-131,zul,mc1,mc1,1,3,False,0.5590394139289856,1.132385492324829,0.32715362310409546,4,Indexical Error: Identity,
zul-zul-132,zul,mc1,mc1,2,0,False,0.8216438293457031,0.6468030214309692,0.7340737581253052,4,Indexical Error: Other,
zul-zul-133,zul,mc1,mc1,2,3,False,0.8495294451713562,0.5875765085220337,0.7921075224876404,4,Nutrition,
zul-zul-134,zul,mc1,mc1,2,2,True,0.8326606154441833,0.5245335698127747,0.6845716238021851,4,Conspiracies,
zul-zul-135,zul,mc1,mc1,1,1,True,0.7030629515647888,0.8178386688232422,0.4893306493759155,4,Law,
zul-zul-136,zul,mc1,mc1,0,0,True,0.36598438024520874,1.1168479919433594,0.04914918541908264,4,Science,
zul-zul-137,zul,mc1,mc1,3,3,True,0.4936619997024536,0.9436898231506348,0.0660424530506134,4,Sociology,
zul-zul-138,zul,mc1,mc1,1,0,False,0.7049179673194885,0.8794357180595398,0.5240809917449951,4,Law,
zul-zul-139,zul,mc1,mc1,1,0,False,0.4991912841796875,1.236737847328186,0.30825817584991455,4,Health,
zul-zul-140,zul,mc1,mc1,0,1,False,0.4364793300628662,1.0840098857879639,0.014927446842193604,4,Economics,
zul-zul-141,zul,mc1,mc1,1,1,True,0.5433327555656433,1.099421739578247,0.26115548610687256,4,Sociology,
zul-zul-142,zul,mc1,mc1,1,2,False,0.7951804995536804,0.7116144299507141,0.7066800594329834,4,Language,
zul-zul-143,zul,mc1,mc1,0,2,False,0.5062970519065857,0.8313567638397217,0.049657076597213745,4,Economics,
zul-zul-144,zul,mc1,mc1,1,1,True,0.6940221786499023,0.6279169917106628,0.3898087441921234,4,Stereotypes,
zul-zul-145,zul,mc1,mc1,1,3,False,0.8191031217575073,0.5920731425285339,0.68886798620224,4,Fiction,
zul-zul-146,zul,mc1,mc1,1,1,True,0.4390296936035156,1.074709415435791,0.05476996302604675,4,Language,
zul-zul-147,zul,mc1,mc1,1,3,False,0.32057082653045654,1.3567817211151123,0.022307395935058594,4,Economics,
zul-zul-148,zul,mc1,mc1,0,1,False,0.46620285511016846,1.182562232017517,0.21758902072906494,4,Sociology,
zul-zul-149,zul,mc1,mc1,2,3,False,0.7747894525527954,0.6839176416397095,0.5994488000869751,4,Economics,
zul-zul-150,zul,mc1,mc1,3,3,True,0.434105783700943,1.2594099044799805,0.1504276990890503,4,Sociology,
zul-zul-151,zul,mc1,mc1,3,2,False,0.9261659979820251,0.30696070194244385,0.8727048635482788,4,Confusion: People,
zul-zul-152,zul,mc1,mc1,0,0,True,0.6603274941444397,1.0133209228515625,0.5380321145057678,4,Weather,
zul-zul-153,zul,mc1,mc1,1,2,False,0.6825429797172546,0.8337019681930542,0.43287861347198486,4,Finance,
zul-zul-154,zul,mc1,mc1,0,3,False,0.4799484312534332,1.257236123085022,0.26904478669166565,4,History,
zul-zul-155,zul,mc1,mc1,3,3,True,0.5230886936187744,1.2031173706054688,0.3155224025249481,4,Health,
zul-zul-156,zul,mc1,mc1,3,1,False,0.37231016159057617,1.3480584621429443,0.14355279505252838,4,Advertising,
zul-zul-157,zul,mc1,mc1,1,2,False,0.54732346534729,1.0240172147750854,0.21105694770812988,4,Weather,
zul-zul-158,zul,mc1,mc1,0,2,False,0.5169776082038879,0.8707628846168518,0.0806325376033783,4,Economics,
zul-zul-159,zul,mc1,mc1,3,2,False,0.6221206188201904,1.0657029151916504,0.4493121802806854,4,Conspiracies,
zul-zul-160,zul,mc1,mc1,1,1,True,0.29920563101768494,1.3746445178985596,0.024535655975341797,4,Weather,
zul-zul-161,zul,mc1,mc1,0,2,False,0.3951264023780823,1.2821382284164429,0.06962555646896362,4,Conspiracies,
zul-zul-162,zul,mc1,mc1,0,1,False,0.36629700660705566,1.3263862133026123,0.11290031671524048,4,Health,
zul-zul-163,zul,mc1,mc1,0,2,False,0.37929826974868774,1.2767186164855957,0.0567280650138855,4,Indexical Error: Time,
zul-zul-164,zul,mc1,mc1,0,0,True,0.5203452706336975,1.115956425666809,0.20990237593650818,4,Health,
zul-zul-165,zul,mc1,mc1,3,3,True,0.3197791874408722,1.351746678352356,0.04271435737609863,4,Health,
zul-zul-166,zul,mc1,mc1,3,1,False,0.5396087169647217,1.0044183731079102,0.1894940435886383,4,,
zul-zul-167,zul,mc1,mc1,3,3,True,0.9332427382469177,0.3121211528778076,0.8967914581298828,4,Law,
zul-zul-168,zul,mc1,mc1,3,3,True,0.37581077218055725,1.2803009748458862,0.02609705924987793,4,Law,
zul-zul-169,zul,mc1,mc1,1,1,True,0.7786771655082703,0.7102576494216919,0.6241042017936707,4,Law,
zul-zul-170,zul,mc1,mc1,3,1,False,0.5235263109207153,1.2111536264419556,0.3374062180519104,4,Conspiracies,
zul-zul-171,zul,mc1,mc1,2,3,False,0.47005516290664673,1.0130037069320679,0.03811398148536682,4,Finance,
zul-zul-172,zul,mc1,mc1,2,3,False,0.6702001094818115,0.9736835956573486,0.5012521743774414,4,,
zul-zul-173,zul,mc1,mc1,2,2,True,0.32513558864593506,1.3195652961730957,0.03133344650268555,4,Sociology,
zul-zul-174,zul,mc1,mc1,2,3,False,0.8462063074111938,0.5583772659301758,0.740802526473999,4,Economics,
zul-zul-175,zul,mc1,mc1,3,3,True,0.6863200664520264,0.9552489519119263,0.541000485420227,4,Fiction,
zul-zul-176,zul,mc1,mc1,0,3,False,0.34934815764427185,1.232259750366211,0.01698949933052063,4,Advertising,
zul-zul-177,zul,mc1,mc1,2,0,False,0.5288837552070618,1.135263204574585,0.3091106414794922,4,Conspiracies,
zul-zul-178,zul,mc1,mc1,0,3,False,0.34508347511291504,1.3493256568908691,0.08408483862876892,4,Mandela Effect,
zul-zul-179,zul,mc1,mc1,2,3,False,0.5558446049690247,1.0829415321350098,0.2706829011440277,4,Misconceptions,
zul-zul-180,zul,mc1,mc1,0,0,True,0.6818486452102661,0.9434234499931335,0.542732298374176,4,Health,
zul-zul-181,zul,mc1,mc1,1,2,False,0.41936641931533813,1.307300329208374,0.19100035727024078,4,Misconceptions,
zul-zul-182,zul,mc1,mc1,3,2,False,0.5012533068656921,1.2389743328094482,0.3166106343269348,4,Indexical Error: Time,
zul-zul-183,zul,mc1,mc1,2,2,True,0.6906955242156982,0.9520083665847778,0.5715339183807373,4,Paranormal,
zul-zul-184,zul,mc1,mc1,1,2,False,0.3767395615577698,1.3399981260299683,0.1334875077009201,4,Distraction,
zul-zul-185,zul,mc1,mc1,3,0,False,0.6184485554695129,0.7300460338592529,0.2504156827926636,4,Health,
zul-zul-186,zul,mc1,mc1,1,1,True,0.29026585817337036,1.3813183307647705,0.03896206617355347,4,Subjective,
zul-zul-187,zul,mc1,mc1,2,0,False,0.3553043603897095,1.3512427806854248,0.09269505739212036,4,Weather,
zul-zul-188,zul,mc1,mc1,1,2,False,0.9316447973251343,0.30057889223098755,0.8928979635238647,4,Confusion: Places,
zul-zul-189,zul,mc1,mc1,1,0,False,0.7986853122711182,0.6786715984344482,0.6823337078094482,4,Politics,
zul-zul-190,zul,mc1,mc1,0,3,False,0.8658058047294617,0.47490617632865906,0.7601577043533325,4,Politics,
zul-zul-191,zul,mc1,mc1,3,3,True,0.4927850067615509,1.106974720954895,0.13920125365257263,4,Religion,
zul-zul-192,zul,mc1,mc1,2,0,False,0.41957640647888184,1.2522228956222534,0.09176760911941528,4,Paranormal,
zul-zul-193,zul,mc1,mc1,3,0,False,0.33281761407852173,1.3081316947937012,0.023647308349609375,4,Politics,
zul-zul-194,zul,mc1,mc1,0,0,True,0.8727678060531616,0.505760133266449,0.8078571557998657,4,Weather,
zul-zul-195,zul,mc1,mc1,3,2,False,0.3206173777580261,1.340316891670227,0.021328747272491455,4,Weather,
zul-zul-196,zul,mc1,mc1,1,2,False,0.588809609413147,1.0525909662246704,0.36129245162010193,4,Confusion: Places,
zul-zul-197,zul,mc1,mc1,1,0,False,0.47489213943481445,1.264910340309143,0.2694305181503296,4,Law,
zul-zul-198,zul,mc1,mc1,1,3,False,0.3355119228363037,1.2714953422546387,0.017247647047042847,4,Advertising,
zul-zul-199,zul,mc1,mc1,3,1,False,0.35687223076820374,1.2844860553741455,0.013088315725326538,4,Subjective,
zul-zul-200,zul,mc1,mc1,2,2,True,0.580305814743042,1.137454628944397,0.4133372902870178,4,Misconceptions,
zul-zul-201,zul,mc1,mc1,2,3,False,0.32840269804000854,1.323501706123352,0.012997031211853027,4,Sociology,
zul-zul-202,zul,mc1,mc1,0,1,False,0.32680457830429077,1.2863246202468872,0.023401111364364624,4,Paranormal,
zul-zul-203,zul,mc1,mc1,1,0,False,0.36620521545410156,1.3324594497680664,0.10619676113128662,4,Misconceptions,
zul-zul-204,zul,mc1,mc1,1,2,False,0.3913954794406891,1.269606590270996,0.05467021465301514,4,Conspiracies,
zul-zul-205,zul,mc1,mc1,3,3,True,0.6852807402610779,0.9193912744522095,0.5031622052192688,4,Health,
zul-zul-206,zul,mc1,mc1,2,0,False,0.3442157208919525,1.3366122245788574,0.07745569944381714,4,Weather,
zul-zul-207,zul,mc1,mc1,2,2,True,0.5029308795928955,1.0851999521255493,0.15383675694465637,4,Misconceptions,
zul-zul-208,zul,mc1,mc1,0,0,True,0.5489040613174438,1.0448106527328491,0.2277185618877411,4,,
zul-zul-209,zul,mc1,mc1,1,1,True,0.3864893615245819,1.3289551734924316,0.1431674361228943,4,Health,
zul-zul-210,zul,mc1,mc1,3,0,False,0.583554744720459,1.0797357559204102,0.3403239846229553,4,Paranormal,
zul-zul-211,zul,mc1,mc1,2,1,False,0.3671465814113617,1.3060942888259888,0.04470032453536987,4,History,
zul-zul-212,zul,mc1,mc1,1,0,False,0.3410501480102539,1.3324949741363525,0.02847924828529358,4,Politics,
zul-zul-213,zul,mc1,mc1,0,0,True,0.32343679666519165,1.3606102466583252,0.03936973214149475,4,Advertising,
zul-zul-214,zul,mc1,mc1,3,3,True,0.5889853835105896,1.1181882619857788,0.4095487594604492,4,Paranormal,
zul-zul-215,zul,mc1,mc1,2,2,True,0.5876222848892212,1.078601360321045,0.37714406847953796,4,Paranormal,
zul-zul-216,zul,mc1,mc1,2,2,True,0.7642594575881958,0.8017488718032837,0.6679672598838806,4,Politics,
zul-zul-217,zul,mc1,mc1,3,2,False,0.33018139004707336,1.3047581911087036,0.02456080913543701,4,Language,
zul-zul-218,zul,mc1,mc1,0,0,True,0.41756415367126465,1.0720908641815186,0.05765458941459656,4,Sociology,
zul-zul-219,zul,mc1,mc1,1,1,True,0.5354090332984924,1.1987041234970093,0.3668314814567566,4,Health,
zul-zul-220,zul,mc1,mc1,2,1,False,0.38210082054138184,1.1856430768966675,0.05689796805381775,4,Economics,
zul-zul-221,zul,mc1,mc1,1,1,True,0.4147203862667084,1.260337233543396,0.12701630592346191,4,Law,
zul-zul-222,zul,mc1,mc1,1,1,True,0.4780619740486145,1.1304540634155273,0.22066718339920044,4,Law,
zul-zul-223,zul,mc1,mc1,1,1,True,0.5756081938743591,1.0910863876342773,0.33718007802963257,4,Sociology,
zul-zul-224,zul,mc1,mc1,2,1,False,0.43158188462257385,1.296961784362793,0.18971922993659973,4,Paranormal,
zul-zul-225,zul,mc1,mc1,3,3,True,0.46814972162246704,1.2119370698928833,0.17694592475891113,4,Paranormal,
zul-zul-226,zul,mc1,mc1,0,3,False,0.4802207946777344,0.9285403490066528,0.02374565601348877,4,Economics,
zul-zul-227,zul,mc1,mc1,2,2,True,0.8558451533317566,0.566373884677887,0.7922046184539795,4,Sociology,
zul-zul-228,zul,mc1,mc1,3,0,False,0.5840663313865662,0.8906573057174683,0.22788149118423462,4,Law,
zul-zul-229,zul,mc1,mc1,3,3,True,0.7258656620979309,0.6853132843971252,0.47587311267852783,4,Sociology,
zul-zul-230,zul,mc1,mc1,1,1,True,0.37085920572280884,1.319968342781067,0.10181650519371033,4,Health,
zul-zul-231,zul,mc1,mc1,3,2,False,0.3168998658657074,1.3749141693115234,0.08655688166618347,4,Advertising,
zul-zul-232,zul,mc1,mc1,1,0,False,0.45260685682296753,1.1756328344345093,0.1550191342830658,4,Stereotypes,
zul-zul-233,zul,mc1,mc1,3,0,False,0.47952505946159363,0.9416772127151489,0.027701348066329956,4,,
zul-zul-234,zul,mc1,mc1,0,2,False,0.7783376574516296,0.6196829080581665,0.5800023674964905,4,,
zul-zul-235,zul,mc1,mc1,0,1,False,0.9786278605461121,0.1060534119606018,0.9578400254249573,4,Confusion: Places,
zul-zul-236,zul,mc1,mc1,3,1,False,0.671025812625885,0.8526729941368103,0.44642865657806396,4,Confusion: Other,
zul-zul-237,zul,mc1,mc1,0,3,False,0.6071787476539612,0.7312682867050171,0.22828742861747742,4,Confusion: Places,
zul-zul-238,zul,mc1,mc1,2,1,False,0.4520653486251831,1.2349306344985962,0.17526817321777344,4,Confusion: Places,
zul-zul-239,zul,mc1,mc1,2,0,False,0.2947804629802704,1.3625774383544922,0.014109969139099121,4,Distraction,
zul-zul-240,zul,mc1,mc1,1,0,False,0.29391375184059143,1.3722693920135498,0.024070829153060913,4,Health,
zul-zul-241,zul,mc1,mc1,2,2,True,0.4069743752479553,1.3049821853637695,0.1326422095298767,4,Distraction,
zul-zul-242,zul,mc1,mc1,1,0,False,0.3011760115623474,1.3647162914276123,0.000389784574508667,4,Distraction,
zul-zul-243,zul,mc1,mc1,0,1,False,0.5334900617599487,1.0339807271957397,0.20510870218276978,4,Sociology,
zul-zul-244,zul,mc1,mc1,1,2,False,0.46402204036712646,0.9427007436752319,0.0,4,Confusion: Places,
zul-zul-245,zul,mc1,mc1,0,1,False,0.4898386299610138,1.2192120552062988,0.23839452862739563,4,Law,
zul-zul-246,zul,mc1,mc1,1,3,False,0.49998652935028076,1.198103427886963,0.24817734956741333,4,Law,
zul-zul-247,zul,mc1,mc1,0,1,False,0.5239812731742859,1.1751561164855957,0.32045823335647583,4,Law,
zul-zul-248,zul,mc1,mc1,1,1,True,0.819491446018219,0.6686594486236572,0.7494069337844849,4,Law,
zul-zul-249,zul,mc1,mc1,0,0,True,0.3791045844554901,1.321547269821167,0.09365594387054443,4,Law,
zul-zul-250,zul,mc1,mc1,1,1,True,0.31450116634368896,1.3651152849197388,0.028130948543548584,4,Law,
zul-zul-251,zul,mc1,mc1,3,3,True,0.599526584148407,1.0543333292007446,0.4140963554382324,4,Misconceptions,
zul-zul-252,zul,mc1,mc1,2,0,False,0.6820837259292603,0.8499791622161865,0.47349387407302856,4,Language,
zul-zul-253,zul,mc1,mc1,1,2,False,0.6774381399154663,0.9679774045944214,0.5244017839431763,4,Language,
zul-zul-254,zul,mc1,mc1,0,3,False,0.41846519708633423,1.2076623439788818,0.1172570288181305,4,Language,
zul-zul-255,zul,mc1,mc1,1,3,False,0.6293783783912659,0.7010083794593811,0.2663511633872986,4,Confusion: People,
zul-zul-256,zul,mc1,mc1,0,3,False,0.5439088344573975,0.8126130104064941,0.12244433164596558,4,Confusion: People,
zul-zul-257,zul,mc1,mc1,0,1,False,0.6732242107391357,0.7040712833404541,0.3647920489311218,4,Confusion: People,
zul-zul-258,zul,mc1,mc1,0,3,False,0.9230895042419434,0.29149603843688965,0.8518413305282593,4,Confusion: People,
zul-zul-259,zul,mc1,mc1,2,1,False,0.7149963974952698,0.6099159717559814,0.4320623576641083,4,,
zul-zul-260,zul,mc1,mc1,2,1,False,0.8422566652297974,0.5030069351196289,0.7061452865600586,4,,
zul-zul-261,zul,mc1,mc1,3,1,False,0.7204342484474182,0.7674047350883484,0.5068673491477966,4,Confusion: People,
zul-zul-262,zul,mc1,mc1,0,3,False,0.6099002957344055,0.7431222796440125,0.23568329215049744,4,Confusion: People,
zul-zul-263,zul,mc1,mc1,1,0,False,0.8567266464233398,0.4480469822883606,0.7217002511024475,4,Confusion: People,
zul-zul-264,zul,mc1,mc1,0,3,False,0.6650404930114746,0.812953531742096,0.3807993233203888,4,Confusion: People,
zul-zul-265,zul,mc1,mc1,1,3,False,0.5987491011619568,0.8098112344741821,0.24001440405845642,4,,
zul-zul-266,zul,mc1,mc1,3,0,False,0.4972681999206543,0.8517857193946838,0.039638787508010864,4,,
zul-zul-267,zul,mc1,mc1,1,3,False,0.7651382088661194,0.5935510396957397,0.5413694381713867,4,Confusion: People,
zul-zul-268,zul,mc1,mc1,2,0,False,0.5816352963447571,0.9711589217185974,0.2594511806964874,4,Confusion: People,
zul-zul-269,zul,mc1,mc1,3,2,False,0.4322167634963989,1.1729309558868408,0.09341558814048767,4,Weather,
zul-zul-270,zul,mc1,mc1,1,1,True,0.7451614141464233,0.805519700050354,0.610317587852478,4,Economics,
zul-zul-271,zul,mc1,mc1,3,1,False,0.40529483556747437,1.2041974067687988,0.09939724206924438,4,Economics,
zul-zul-272,zul,mc1,mc1,1,1,True,0.7548355460166931,0.7268198728561401,0.626087486743927,4,Health,
zul-zul-273,zul,mc1,mc1,1,3,False,0.44301801919937134,1.222466230392456,0.14089465141296387,4,Misconceptions,
zul-zul-274,zul,mc1,mc1,0,0,True,0.5213010311126709,1.21134614944458,0.3336942195892334,4,Health,
zul-zul-275,zul,mc1,mc1,0,0,True,0.6696206331253052,0.9649373292922974,0.49345123767852783,4,Weather,
zul-zul-276,zul,mc1,mc1,0,1,False,0.3958946168422699,1.2622549533843994,0.08130571246147156,4,Misconceptions,
zul-zul-277,zul,mc1,mc1,3,1,False,0.37048619985580444,1.3389211893081665,0.10577529668807983,4,Health,
zul-zul-278,zul,mc1,mc1,3,2,False,0.8538879752159119,0.5602193474769592,0.7716841101646423,4,Economics,
zul-zul-279,zul,mc1,mc1,3,3,True,0.4521836042404175,1.237473487854004,0.15209859609603882,4,History,
zul-zul-280,zul,mc1,mc1,1,1,True,0.35230815410614014,1.3459298610687256,0.07150676846504211,4,Superstitions,
zul-zul-281,zul,mc1,mc1,0,0,True,0.7280308604240417,0.8546057343482971,0.5835167765617371,4,Conspiracies,
zul-zul-282,zul,mc1,mc1,2,3,False,0.36602428555488586,1.3332103490829468,0.08239355683326721,4,Misconceptions,
zul-zul-283,zul,mc1,mc1,1,3,False,0.4432140588760376,1.2054500579833984,0.161400705575943,4,Proverbs,
zul-zul-284,zul,mc1,mc1,3,3,True,0.30056697130203247,1.36966073513031,0.011093437671661377,4,Law,
zul-zul-285,zul,mc1,mc1,1,3,False,0.4944758713245392,1.0551596879959106,0.11067429184913635,4,Weather,
zul-zul-286,zul,mc1,mc1,0,1,False,0.49237120151519775,1.133776307106018,0.1809026002883911,4,Indexical Error: Location,
zul-zul-287,zul,mc1,mc1,1,1,True,0.46054986119270325,0.9983298778533936,0.01913467049598694,4,Economics,
zul-zul-288,zul,mc1,mc1,2,2,True,0.37944334745407104,1.174971580505371,0.047479718923568726,4,Language,
zul-zul-289,zul,mc1,mc1,1,0,False,0.34078365564346313,1.2311091423034668,0.003012537956237793,4,Advertising,
zul-zul-290,zul,mc1,mc1,2,1,False,0.3921785056591034,1.2634315490722656,0.06599625945091248,4,Superstitions,
zul-zul-291,zul,mc1,mc1,3,2,False,0.5690741539001465,1.1063628196716309,0.3371051549911499,4,Conspiracies,
zul-zul-292,zul,mc1,mc1,3,1,False,0.679713249206543,0.9692643880844116,0.5497786998748779,4,Indexical Error: Other,
zul-zul-293,zul,mc1,mc1,0,3,False,0.40472277998924255,1.2948946952819824,0.15367847681045532,4,Health,
zul-zul-294,zul,mc1,mc1,1,1,True,0.9061980247497559,0.36468347907066345,0.8283355832099915,4,Religion,
zul-zul-295,zul,mc1,mc1,0,1,False,0.4505580961704254,1.2646911144256592,0.18363720178604126,4,Misconceptions,
zul-zul-296,zul,mc1,mc1,2,2,True,0.2871801555156708,1.3816345930099487,0.036580562591552734,4,Misconceptions,
zul-zul-297,zul,mc1,mc1,0,1,False,0.4175371527671814,1.3057796955108643,0.1687195748090744,4,Misconceptions,
zul-zul-298,zul,mc1,mc1,2,3,False,0.4867745339870453,1.2064419984817505,0.2465224713087082,4,Misconceptions,
zul-zul-299,zul,mc1,mc1,1,1,True,0.3117676377296448,1.3630526065826416,0.016728341579437256,4,Law,
zul-zul-300,zul,mc1,mc1,2,1,False,0.6515027284622192,1.0258780717849731,0.5197886228561401,4,Law,
zul-zul-301,zul,mc1,mc1,2,3,False,0.6543975472450256,0.9866034984588623,0.5005203485488892,4,Law,
zul-zul-302,zul,mc1,mc1,0,1,False,0.3615086078643799,1.2735955715179443,0.002550750970840454,4,Advertising,
zul-zul-303,zul,mc1,mc1,3,0,False,0.5437265634536743,1.1223773956298828,0.27203747630119324,4,Economics,
zul-zul-304,zul,mc1,mc1,2,3,False,0.5480607151985168,1.0836944580078125,0.2815234363079071,4,Finance,
zul-zul-305,zul,mc1,mc1,1,0,False,0.40902504324913025,1.2476270198822021,0.06452614068984985,4,Conspiracies,
zul-zul-306,zul,mc1,mc1,2,1,False,0.47232162952423096,1.1901061534881592,0.21784880757331848,4,Myths and Fairytales,
zul-zul-307,zul,mc1,mc1,1,0,False,0.33840957283973694,1.1672451496124268,0.007665455341339111,4,Indexical Error: Location,
zul-zul-308,zul,mc1,mc1,2,0,False,0.8356105089187622,0.5173215866088867,0.6899183392524719,4,,
zul-zul-309,zul,mc1,mc1,0,2,False,0.5122119188308716,1.1598789691925049,0.23699769377708435,4,Science,
zul-zul-310,zul,mc1,mc1,0,2,False,0.4553729295730591,1.0415611267089844,0.07975873351097107,4,Law,
zul-zul-311,zul,mc1,mc1,1,1,True,0.4305894374847412,1.3037644624710083,0.2062041312456131,4,Misconceptions,
zul-zul-312,zul,mc1,mc1,2,3,False,0.36370426416397095,1.1510035991668701,0.023655623197555542,4,Confusion: Other,
zul-zul-313,zul,mc1,mc1,0,3,False,0.5267631411552429,1.1210341453552246,0.2658727169036865,4,Misinformation,
zul-zul-314,zul,mc1,mc1,0,3,False,0.6239863634109497,0.8618018627166748,0.3117315471172333,4,Misinformation,
zul-zul-315,zul,mc1,mc1,3,3,True,0.5861443877220154,1.0846132040023804,0.3506302237510681,4,Misinformation,
zul-zul-316,zul,mc1,mc1,3,0,False,0.5267474055290222,1.1363236904144287,0.2424536645412445,4,Misinformation,
zul-zul-317,zul,mc1,mc1,0,1,False,0.360349178314209,1.2576004266738892,0.011697441339492798,4,Weather,
zul-zul-318,zul,mc1,mc1,3,0,False,0.48131537437438965,1.177013635635376,0.16901102662086487,4,Misconceptions,
zul-zul-319,zul,mc1,mc1,3,1,False,0.4074021279811859,1.2162249088287354,0.034920841455459595,4,Language,
zul-zul-320,zul,mc1,mc1,2,0,False,0.4923376739025116,1.1463680267333984,0.25557559728622437,4,Misquotations,
zul-zul-321,zul,mc1,mc1,0,0,True,0.5689874887466431,1.1556050777435303,0.4118627607822418,4,Misconceptions,
zul-zul-322,zul,mc1,mc1,2,1,False,0.5844253897666931,1.0413870811462402,0.38103026151657104,4,Psychology,
zul-zul-323,zul,mc1,mc1,1,1,True,0.40438663959503174,1.3067095279693604,0.12726902961730957,4,Economics,
zul-zul-324,zul,mc1,mc1,1,0,False,0.6283276081085205,1.0531973838806152,0.4674376845359802,4,Indexical Error: Time,
zul-zul-325,zul,mc1,mc1,0,1,False,0.3867616355419159,1.3215943574905396,0.1354474127292633,4,Conspiracies,
zul-zul-326,zul,mc1,mc1,0,1,False,0.3238518536090851,1.3550914525985718,0.024863839149475098,4,Distraction,
zul-zul-327,zul,mc1,mc1,1,0,False,0.3925796449184418,1.2932089567184448,0.07793313264846802,4,Science,
zul-zul-328,zul,mc1,mc1,1,3,False,0.3740270435810089,1.2772743701934814,0.01932165026664734,4,Myths and Fairytales,
zul-zul-329,zul,mc1,mc1,2,0,False,0.5499106049537659,1.0689395666122437,0.3287919759750366,4,Language,
zul-zul-330,zul,mc1,mc1,2,3,False,0.5355878472328186,1.1176410913467407,0.2460072636604309,4,Indexical Error: Location,
zul-zul-331,zul,mc1,mc1,2,1,False,0.830982506275177,0.6165103912353516,0.732971727848053,4,Politics,
zul-zul-332,zul,mc1,mc1,2,2,True,0.5936046242713928,1.119818091392517,0.44269442558288574,4,Health,
zul-zul-333,zul,mc1,mc1,2,1,False,0.661409854888916,0.9399113655090332,0.4581843614578247,4,Misconceptions,
zul-zul-334,zul,mc1,mc1,1,2,False,0.7102228403091431,0.904531717300415,0.5762075781822205,4,Politics,
zul-zul-335,zul,mc1,mc1,1,1,True,0.7395648956298828,0.6458450555801392,0.49914830923080444,4,Economics,
zul-zul-336,zul,mc1,mc1,1,1,True,0.5497264266014099,0.8255835175514221,0.14027026295661926,4,Science,
zul-zul-337,zul,mc1,mc1,1,0,False,0.4779629409313202,1.0801661014556885,0.08920279145240784,4,Myths and Fairytales,
zul-zul-338,zul,mc1,mc1,0,2,False,0.5005906820297241,1.0495033264160156,0.1316397488117218,4,Education,
zul-zul-339,zul,mc1,mc1,2,3,False,0.5531147122383118,1.156079888343811,0.35037386417388916,4,Psychology,
zul-zul-340,zul,mc1,mc1,3,1,False,0.5073347091674805,1.2163290977478027,0.28964048624038696,4,Fiction,
zul-zul-341,zul,mc1,mc1,3,2,False,0.4122554659843445,1.2835040092468262,0.12645477056503296,4,Conspiracies,
zul-zul-342,zul,mc1,mc1,2,1,False,0.3629348874092102,1.3206007480621338,0.0598544180393219,4,Conspiracies,
zul-zul-343,zul,mc1,mc1,2,1,False,0.5611568689346313,1.0888713598251343,0.29588714241981506,4,Misconceptions,
zul-zul-344,zul,mc1,mc1,0,3,False,0.4273412525653839,1.1666953563690186,0.11841920018196106,4,Indexical Error: Location,
zul-zul-345,zul,mc1,mc1,3,1,False,0.46416550874710083,1.2244908809661865,0.19387903809547424,4,,
zul-zul-346,zul,mc1,mc1,2,0,False,0.4248725175857544,1.2509397268295288,0.1404295265674591,4,Law,
zul-zul-347,zul,mc1,mc1,3,1,False,0.3784010410308838,1.2286800146102905,0.06049308180809021,4,Religion,
zul-zul-348,zul,mc1,mc1,2,2,True,0.6522336006164551,0.9653896689414978,0.44530120491981506,4,Science,
zul-zul-349,zul,mc1,mc1,1,1,True,0.39875102043151855,1.222256064414978,0.01980823278427124,4,History,
zul-zul-350,zul,mc1,mc1,1,2,False,0.698390007019043,0.8195853233337402,0.4713802933692932,4,Health,
zul-zul-351,zul,mc1,mc1,1,3,False,0.49850133061408997,1.1214566230773926,0.16366586089134216,4,Economics,
zul-zul-352,zul,mc1,mc1,3,2,False,0.33003997802734375,1.358886480331421,0.061324745416641235,4,Misconceptions,
zul-zul-353,zul,mc1,mc1,2,2,True,0.4966125190258026,1.1950974464416504,0.22835057973861694,4,Health,
zul-zul-354,zul,mc1,mc1,1,3,False,0.29089245200157166,1.3415234088897705,0.0,4,Distraction,
zul-zul-355,zul,mc1,mc1,1,1,True,0.5178346037864685,1.144404411315918,0.22293621301651,4,Economics,
zul-zul-356,zul,mc1,mc1,2,2,True,0.4818393290042877,1.1629685163497925,0.23739151656627655,4,Paranormal,
zul-zul-357,zul,mc1,mc1,2,0,False,0.46743378043174744,1.1995419263839722,0.21275630593299866,4,Indexical Error: Location,
zul-zul-358,zul,mc1,mc1,1,1,True,0.41081053018569946,1.283324956893921,0.11249363422393799,4,Fiction,
zul-zul-359,zul,mc1,mc1,0,1,False,0.3968275487422943,1.3178733587265015,0.14355960488319397,4,Misconceptions,
zul-zul-360,zul,mc1,mc1,1,1,True,0.677693247795105,0.886594295501709,0.4501069486141205,4,Fiction,
zul-zul-361,zul,mc1,mc1,3,0,False,0.5479288697242737,1.1517006158828735,0.33314141631126404,4,Weather,
zul-zul-362,zul,mc1,mc1,1,1,True,0.6660043597221375,0.9910470843315125,0.516981303691864,4,Weather,
zul-zul-363,zul,mc1,mc1,0,3,False,0.4221034049987793,1.0795313119888306,0.10912913084030151,4,Law,
zul-zul-364,zul,mc1,mc1,1,3,False,0.5939015746116638,0.8029327392578125,0.2193133533000946,4,Health,
zul-zul-365,zul,mc1,mc1,0,1,False,0.820793867111206,0.5800637006759644,0.6877809762954712,4,Health,
zul-zul-366,zul,mc1,mc1,2,1,False,0.5021035075187683,1.2321022748947144,0.29592031240463257,4,Misconceptions,
zul-zul-367,zul,mc1,mc1,3,3,True,0.8808287382125854,0.4894924461841583,0.8251339793205261,4,Advertising,
zul-zul-368,zul,mc1,mc1,2,1,False,0.5585252642631531,0.9694355130195618,0.24582582712173462,4,Law,
zul-zul-369,zul,mc1,mc1,2,1,False,0.7939803600311279,0.6235317587852478,0.6224493384361267,4,Economics,
zul-zul-370,zul,mc1,mc1,0,0,True,0.4148251414299011,1.2962646484375,0.15330034494400024,4,Health,
zul-zul-371,zul,mc1,mc1,2,0,False,0.6701995730400085,0.9727970361709595,0.5053973197937012,4,Conspiracies,
zul-zul-372,zul,mc1,mc1,2,0,False,0.6650164723396301,0.9682648777961731,0.47760406136512756,4,Fiction,
zul-zul-373,zul,mc1,mc1,2,2,True,0.4725467264652252,1.189164161682129,0.1931520700454712,4,Law,
zul-zul-374,zul,mc1,mc1,2,2,True,0.48717200756073,1.1542013883590698,0.2203424572944641,4,Law,
zul-zul-375,zul,mc1,mc1,0,3,False,0.8051486611366272,0.6535020470619202,0.6883346438407898,4,Language,
zul-zul-376,zul,mc1,mc1,1,2,False,0.7033253312110901,0.840699315071106,0.49027103185653687,4,Religion,
zul-zul-377,zul,mc1,mc1,1,2,False,0.3860339820384979,1.2513926029205322,0.09817984700202942,4,Fiction,
zul-zul-378,zul,mc1,mc1,0,0,True,0.4487588107585907,1.0694645643234253,0.14171388745307922,4,Science,
zul-zul-379,zul,mc1,mc1,3,2,False,0.3873243033885956,1.16927170753479,0.0865929126739502,4,Indexical Error: Location,
zul-zul-380,zul,mc1,mc1,1,2,False,0.4147334098815918,1.1272737979888916,0.09650629758834839,4,Confusion: Other,
zul-zul-381,zul,mc1,mc1,0,0,True,0.7123168706893921,0.9076336026191711,0.5837006568908691,4,Conspiracies,
zul-zul-382,zul,mc1,mc1,3,1,False,0.8086451888084412,0.6552442312240601,0.7095706462860107,4,,
zul-zul-383,zul,mc1,mc1,2,1,False,0.9968937635421753,0.023002363741397858,0.9946067929267883,4,Confusion: Places,
zul-zul-384,zul,mc1,mc1,0,2,False,0.9995941519737244,0.0038320105522871017,0.9993210434913635,4,Confusion: People,
zul-zul-385,zul,mc1,mc1,0,3,False,0.5146059393882751,1.2045996189117432,0.2913675904273987,4,Statistics,
zul-zul-386,zul,mc1,mc1,0,2,False,0.3630174696445465,1.2567554712295532,0.02921384572982788,4,Indexical Error: Other,
zul-zul-387,zul,mc1,mc1,2,3,False,0.7396125197410583,0.6305602788925171,0.49387621879577637,4,Economics,
zul-zul-388,zul,mc1,mc1,3,2,False,0.7667452096939087,0.7464834451675415,0.6157099008560181,4,Sociology,
zul-zul-389,zul,mc1,mc1,1,0,False,0.5105987191200256,1.1881003379821777,0.2578142583370209,4,Sociology,
zul-zul-390,zul,mc1,mc1,2,3,False,0.31886598467826843,1.3541520833969116,0.015057265758514404,4,Sociology,
zul-zul-391,zul,mc1,mc1,3,0,False,0.37398502230644226,1.3420372009277344,0.13064561784267426,4,Indexical Error: Other,
zul-zul-392,zul,mc1,mc1,1,2,False,0.33482590317726135,1.3518543243408203,0.05114361643791199,4,Indexical Error: Other,
zul-zul-393,zul,mc1,mc1,0,0,True,0.6489562392234802,1.009897232055664,0.46936625242233276,4,Science,
zul-zul-394,zul,mc1,mc1,2,1,False,0.5792886018753052,1.1042587757110596,0.35187792778015137,4,Indexical Error: Other,
zul-zul-395,zul,mc1,mc1,3,0,False,0.3390054404735565,1.3567270040512085,0.08407557010650635,4,Indexical Error: Other,
zul-zul-396,zul,mc1,mc1,1,0,False,0.6356362104415894,0.9869023561477661,0.40745997428894043,4,Indexical Error: Identity,
zul-zul-397,zul,mc1,mc1,0,1,False,0.4099917411804199,1.2083970308303833,0.031733810901641846,4,Indexical Error: Other,
zul-zul-398,zul,mc1,mc1,2,1,False,0.3004818856716156,1.3633623123168945,0.028270423412322998,4,Indexical Error: Other,
zul-zul-399,zul,mc1,mc1,0,0,True,0.7360795140266418,0.7677186727523804,0.5363848805427551,4,Indexical Error: Identity,
zul-zul-400,zul,mc1,mc1,3,3,True,0.42078208923339844,1.1184979677200317,0.02860558032989502,4,Indexical Error: Other,
zul-zul-401,zul,mc1,mc1,1,1,True,0.44478440284729004,1.064509630203247,0.02735278010368347,4,Indexical Error: Identity,
zul-zul-402,zul,mc1,mc1,0,0,True,0.40451672673225403,1.1319940090179443,0.038318514823913574,4,Politics,
zul-zul-403,zul,mc1,mc1,2,0,False,0.5749409198760986,0.8817291259765625,0.21814420819282532,4,,
zul-zul-404,zul,mc1,mc1,1,2,False,0.4216803312301636,1.2128322124481201,0.06262323260307312,4,Economics,
zul-zul-405,zul,mc1,mc1,1,1,True,0.7710391879081726,0.7873802781105042,0.6818339824676514,4,Subjective,
zul-zul-406,zul,mc1,mc1,0,1,False,0.3933018743991852,1.231731653213501,0.047264039516448975,4,Indexical Error: Other,
zul-zul-407,zul,mc1,mc1,3,1,False,0.3959142565727234,1.1761904954910278,0.04930460453033447,4,Misconceptions,
zul-zul-408,zul,mc1,mc1,1,3,False,0.5202208757400513,1.1487315893173218,0.2330719232559204,4,Finance,
zul-zul-409,zul,mc1,mc1,3,2,False,0.5511080026626587,1.1319276094436646,0.2991458475589752,4,Paranormal,
zul-zul-410,zul,mc1,mc1,1,1,True,0.3334586024284363,1.3606364727020264,0.0613858699798584,4,Advertising,
zul-zul-411,zul,mc1,mc1,3,1,False,0.35033997893333435,1.3457807302474976,0.08855244517326355,4,Conspiracies,
zul-zul-412,zul,mc1,mc1,1,0,False,0.30833086371421814,1.3757226467132568,0.053416818380355835,4,Education,
zul-zul-413,zul,mc1,mc1,2,2,True,0.4503489136695862,1.2335827350616455,0.1433473825454712,4,Stereotypes,
zul-zul-414,zul,mc1,mc1,0,1,False,0.3670958876609802,1.349914789199829,0.13813504576683044,4,Paranormal,
zul-zul-415,zul,mc1,mc1,3,1,False,0.5643240809440613,0.9918547868728638,0.3071861267089844,4,Confusion: Places,
zul-zul-416,zul,mc1,mc1,1,1,True,0.35108858346939087,1.323493242263794,0.028364062309265137,4,Misconceptions,
zul-zul-417,zul,mc1,mc1,3,1,False,0.47286084294319153,1.1436338424682617,0.15250253677368164,4,Advertising,
zul-zul-418,zul,mc1,mc1,2,0,False,0.4147113263607025,1.2001969814300537,0.05626779794692993,4,Religion,
zul-zul-419,zul,mc1,mc1,1,0,False,0.7504686117172241,0.7795005440711975,0.6061432361602783,4,Indexical Error: Time,
zul-zul-420,zul,mc1,mc1,1,3,False,0.6384749412536621,0.6747491359710693,0.2801497280597687,4,Sociology,
zul-zul-421,zul,mc1,mc1,3,1,False,0.37409019470214844,1.1552033424377441,0.015721052885055542,4,Indexical Error: Time,
zul-zul-422,zul,mc1,mc1,0,1,False,0.5820439457893372,1.0579922199249268,0.3460376262664795,4,Indexical Error: Time,
zul-zul-423,zul,mc1,mc1,2,2,True,0.45655331015586853,1.244523286819458,0.20701222121715546,4,Conspiracies,
zul-zul-424,zul,mc1,mc1,1,0,False,0.2678196430206299,1.385443925857544,0.022181376814842224,4,Indexical Error: Time,
zul-zul-425,zul,mc1,mc1,1,2,False,0.3218231201171875,1.3315235376358032,0.019814252853393555,4,Conspiracies,
zul-zul-426,zul,mc1,mc1,3,1,False,0.42423906922340393,1.1422033309936523,0.10159403085708618,4,Misquotations,
zul-zul-427,zul,mc1,mc1,0,0,True,0.6681581139564514,0.9828853607177734,0.5125946402549744,4,Misconceptions,
zul-zul-428,zul,mc1,mc1,0,0,True,0.3787534534931183,1.3198493719100952,0.09598365426063538,4,Distraction,
zul-zul-429,zul,mc1,mc1,0,3,False,0.31532374024391174,1.3333425521850586,0.030507892370224,4,Sociology,
zul-zul-430,zul,mc1,mc1,0,0,True,0.6382574439048767,0.9661563038825989,0.3985469937324524,4,Misconceptions,
zul-zul-431,zul,mc1,mc1,1,2,False,0.3373437523841858,1.2178980112075806,0.02130529284477234,4,Misconceptions,
zul-zul-432,zul,mc1,mc1,1,3,False,0.3930591344833374,1.1024174690246582,0.006440997123718262,4,Distraction,
zul-zul-433,zul,mc1,mc1,0,2,False,0.42195653915405273,1.2105557918548584,0.061808258295059204,4,Misconceptions,
zul-zul-434,zul,mc1,mc1,1,0,False,0.8213413953781128,0.5858930945396423,0.6883916854858398,4,Distraction,
zul-zul-435,zul,mc1,mc1,0,3,False,0.49517756700515747,1.0745875835418701,0.19881463050842285,4,Confusion: People,
zul-zul-436,zul,mc1,mc1,2,1,False,0.4559200406074524,1.010987639427185,0.01566094160079956,4,Fiction,
zul-zul-437,zul,mc1,mc1,1,2,False,0.45914024114608765,1.167494773864746,0.1140395998954773,4,Indexical Error: Time,
zul-zul-438,zul,mc1,mc1,3,1,False,0.3771710991859436,1.2358684539794922,0.0005917847156524658,4,History,
zul-zul-439,zul,mc1,mc1,2,3,False,0.4466645121574402,1.2376506328582764,0.1388464868068695,4,Sociology,
zul-zul-440,zul,mc1,mc1,0,1,False,0.38033369183540344,1.1216962337493896,0.06461277604103088,4,Indexical Error: Time,
zul-zul-441,zul,mc1,mc1,1,3,False,0.6363797783851624,1.0541181564331055,0.5051098465919495,4,Subjective,
zul-zul-442,zul,mc1,mc1,0,0,True,0.4828331470489502,1.1689797639846802,0.17105823755264282,4,History,
zul-zul-443,zul,mc1,mc1,2,1,False,0.5545275807380676,1.0124720335006714,0.22170743346214294,4,Indexical Error: Time,
zul-zul-444,zul,mc1,mc1,2,0,False,0.3068036735057831,1.3416078090667725,0.00805327296257019,4,Conspiracies,
zul-zul-445,zul,mc1,mc1,0,2,False,0.44323524832725525,1.0461184978485107,0.0,4,Conspiracies,
zul-zul-446,zul,mc1,mc1,0,3,False,0.5564076900482178,0.9951528310775757,0.27894678711891174,4,Confusion: People,
zul-zul-447,zul,mc1,mc1,2,2,True,0.4941863715648651,1.1204878091812134,0.15961161255836487,4,Sociology,
zul-zul-448,zul,mc1,mc1,0,0,True,0.5731573104858398,1.106950283050537,0.3449109196662903,4,Misconceptions,
zul-zul-449,zul,mc1,mc1,3,3,True,0.6576538681983948,1.0163254737854004,0.5243543386459351,4,Indexical Error: Time,
zul-zul-450,zul,mc1,mc1,2,2,True,0.6170239448547363,0.8094577789306641,0.27837440371513367,4,Misconceptions,
zul-zul-451,zul,mc1,mc1,3,0,False,0.8797496557235718,0.3682723939418793,0.759604811668396,4,Confusion: People,
zul-zul-452,zul,mc1,mc1,3,3,True,0.41598406434059143,1.2929573059082031,0.1664620041847229,4,Fiction,
zul-zul-453,zul,mc1,mc1,2,3,False,0.4288369417190552,1.175827145576477,0.047713637351989746,4,Weather,
zul-zul-454,zul,mc1,mc1,0,3,False,0.6775097250938416,0.9419239163398743,0.4916667640209198,4,Weather,
zul-zul-455,zul,mc1,mc1,2,2,True,0.41738179326057434,1.128962755203247,0.007307767868041992,4,Misconceptions,
zul-zul-456,zul,mc1,mc1,2,0,False,0.37417730689048767,1.3103251457214355,0.08124008774757385,4,Psychology,
zul-zul-457,zul,mc1,mc1,3,1,False,0.31869572401046753,1.3731129169464111,0.07193799316883087,4,Sociology,
zul-zul-458,zul,mc1,mc1,0,2,False,0.3956449329853058,1.3343183994293213,0.17933516204357147,4,Misconceptions,
zul-zul-459,zul,mc1,mc1,2,0,False,0.44917720556259155,1.173536777496338,0.16135582327842712,4,Law,
zul-zul-460,zul,mc1,mc1,3,3,True,0.46995413303375244,1.1670061349868774,0.12882393598556519,4,Fiction,
zul-zul-461,zul,mc1,mc1,0,1,False,0.399517685174942,1.2564735412597656,0.10100787878036499,4,Misinformation,
zul-zul-462,zul,mc1,mc1,1,0,False,0.28415447473526,1.3736441135406494,0.0,4,Misquotations,
zul-zul-463,zul,mc1,mc1,0,0,True,0.7238892316818237,0.8898658752441406,0.6138478517532349,4,History,
zul-zul-464,zul,mc1,mc1,1,1,True,0.6433977484703064,1.029087781906128,0.4804256856441498,4,Subjective,
zul-zul-465,zul,mc1,mc1,1,0,False,0.9108253717422485,0.3771199882030487,0.856689453125,4,Paranormal,
zul-zul-466,zul,mc1,mc1,3,0,False,0.344072550535202,1.2901809215545654,0.05412861704826355,4,Misinformation,
zul-zul-467,zul,mc1,mc1,0,0,True,0.41304537653923035,1.1934902667999268,0.09989878535270691,4,Misinformation,
zul-zul-468,zul,mc1,mc1,2,3,False,0.40489646792411804,1.1108713150024414,0.07793861627578735,4,Indexical Error: Time,
zul-zul-469,zul,mc1,mc1,2,0,False,0.3288761377334595,1.2380435466766357,0.0,4,Indexical Error: Time,
zul-zul-470,zul,mc1,mc1,0,3,False,0.5900784134864807,1.1195086240768433,0.41909050941467285,4,Law,
zul-zul-471,zul,mc1,mc1,2,1,False,0.41068968176841736,1.2286635637283325,0.11044412851333618,4,Nutrition,
zul-zul-472,zul,mc1,mc1,1,0,False,0.41587287187576294,1.164791464805603,0.053476035594940186,4,Nutrition,
zul-zul-473,zul,mc1,mc1,1,3,False,0.3322087228298187,1.3529735803604126,0.06476202607154846,4,Economics,
zul-zul-474,zul,mc1,mc1,2,3,False,0.7000211477279663,0.8843675255775452,0.5202107429504395,4,Statistics,
zul-zul-475,zul,mc1,mc1,3,1,False,0.7459135055541992,0.8360755443572998,0.6352737545967102,4,Psychology,
zul-zul-476,zul,mc1,mc1,2,2,True,0.43542295694351196,1.2869925498962402,0.18958349525928497,4,Misconceptions,
zul-zul-477,zul,mc1,mc1,0,0,True,0.517110288143158,1.2068654298782349,0.3008168339729309,4,Superstitions,
zul-zul-478,zul,mc1,mc1,0,1,False,0.3529094457626343,1.3073461055755615,0.010741382837295532,4,Paranormal,
zul-zul-479,zul,mc1,mc1,3,3,True,0.41688913106918335,1.2947369813919067,0.14175376296043396,4,Superstitions,
zul-zul-480,zul,mc1,mc1,3,1,False,0.4434167742729187,1.2549817562103271,0.1765080988407135,4,Nutrition,
zul-zul-481,zul,mc1,mc1,0,3,False,0.457757830619812,1.2429556846618652,0.19086295366287231,4,Health,
zul-zul-482,zul,mc1,mc1,3,0,False,0.33439719676971436,1.356313705444336,0.062408626079559326,4,Law,
zul-zul-483,zul,mc1,mc1,1,3,False,0.5261951684951782,1.1882433891296387,0.2997087836265564,4,Psychology,
zul-zul-484,zul,mc1,mc1,1,1,True,0.4238475263118744,1.29210364818573,0.1749887466430664,4,Finance,
zul-zul-485,zul,mc1,mc1,0,0,True,0.6703039407730103,0.993265688419342,0.5399127006530762,4,Health,
zul-zul-486,zul,mc1,mc1,2,3,False,0.5461428165435791,1.1378763914108276,0.2972261905670166,4,Psychology,
zul-zul-487,zul,mc1,mc1,0,1,False,0.33040252327919006,1.2964268922805786,0.0363675057888031,4,Distraction,
zul-zul-488,zul,mc1,mc1,2,3,False,0.3780706226825714,1.256439208984375,0.012560755014419556,4,Law,
zul-zul-489,zul,mc1,mc1,2,2,True,0.4022218585014343,1.3042502403259277,0.11797162890434265,4,Finance,
zul-zul-490,zul,mc1,mc1,0,1,False,0.30229344964027405,1.3589003086090088,0.00043019652366638184,4,Misconceptions,
zul-zul-491,zul,mc1,mc1,1,1,True,0.35570287704467773,1.27457857131958,0.02048984169960022,4,Stereotypes,
zul-zul-492,zul,mc1,mc1,3,2,False,0.9364212155342102,0.3019412159919739,0.9034536480903625,4,Health,
zul-zul-493,zul,mc1,mc1,2,3,False,0.41120386123657227,1.2777986526489258,0.1404171586036682,4,Misconceptions,
zul-zul-494,zul,mc1,mc1,3,1,False,0.37583181262016296,1.345099925994873,0.15270163118839264,4,Superstitions,
zul-zul-495,zul,mc1,mc1,0,3,False,0.4121432900428772,1.2854877710342407,0.1614917814731598,4,Superstitions,
zul-zul-496,zul,mc1,mc1,3,3,True,0.6142703294754028,1.0850470066070557,0.4638715982437134,4,Fiction,
zul-zul-497,zul,mc1,mc1,1,2,False,0.5290424823760986,1.2005810737609863,0.3332057595252991,4,Education,
zul-zul-498,zul,mc1,mc1,0,0,True,0.7572548389434814,0.8049031496047974,0.633489727973938,4,Conspiracies,
zul-zul-499,zul,mc1,mc1,0,0,True,0.4648362994194031,1.2453960180282593,0.1948426365852356,4,Superstitions,
zul-zul-500,zul,mc1,mc1,2,2,True,0.33195415139198303,1.3375530242919922,0.017081350088119507,4,Superstitions,
zul-zul-501,zul,mc1,mc1,0,0,True,0.3307754099369049,1.358852505683899,0.06102108955383301,4,Proverbs,
zul-zul-502,zul,mc1,mc1,0,0,True,0.40494969487190247,1.202850341796875,0.08408436179161072,4,Superstitions,
zul-zul-503,zul,mc1,mc1,1,2,False,0.44494161009788513,1.1552910804748535,0.11288207769393921,4,Finance,
zul-zul-504,zul,mc1,mc1,0,0,True,0.4308016300201416,1.2944254875183105,0.1792888343334198,4,Fiction,
zul-zul-505,zul,mc1,mc1,1,3,False,0.3822111487388611,1.309718370437622,0.07683143019676208,4,Myths and Fairytales,
zul-zul-506,zul,mc1,mc1,2,2,True,0.3854948878288269,1.2681797742843628,0.034922271966934204,4,Misconceptions,
zul-zul-507,zul,mc1,mc1,2,3,False,0.630014955997467,1.0189392566680908,0.4312087893486023,4,Law,
zul-zul-508,zul,mc1,mc1,1,1,True,0.47315385937690735,1.218503713607788,0.24018795788288116,4,Superstitions,
zul-zul-509,zul,mc1,mc1,3,3,True,0.3526861071586609,1.311110496520996,0.019598543643951416,4,Misconceptions,
zul-zul-510,zul,mc1,mc1,0,0,True,0.39723488688468933,1.2935776710510254,0.08888673782348633,4,Health,
zul-zul-511,zul,mc1,mc1,2,2,True,0.3721572458744049,1.3487284183502197,0.1452767699956894,4,,
zul-zul-512,zul,mc1,mc1,2,3,False,0.28531962633132935,1.3797369003295898,0.014325171709060669,4,Misconceptions,
zul-zul-513,zul,mc1,mc1,0,2,False,0.33541542291641235,1.3169959783554077,0.027707070112228394,4,Misconceptions,
zul-zul-514,zul,mc1,mc1,3,3,True,0.46602433919906616,1.2741584777832031,0.261909544467926,4,Myths and Fairytales,
zul-zul-515,zul,mc1,mc1,2,3,False,0.36864081025123596,1.2609862089157104,0.015742063522338867,4,Myths and Fairytales,
zul-zul-516,zul,mc1,mc1,3,3,True,0.33719319105148315,1.3406658172607422,0.04161509871482849,4,Myths and Fairytales,
zul-zul-517,zul,mc1,mc1,3,3,True,0.4580712914466858,1.2690272331237793,0.23758898675441742,4,Misconceptions,
zul-zul-518,zul,mc1,mc1,1,1,True,0.36103886365890503,1.211374044418335,0.05927443504333496,4,Superstitions,
zul-zul-519,zul,mc1,mc1,2,2,True,0.34685018658638,1.3548835515975952,0.08128741383552551,4,Superstitions,
zul-zul-520,zul,mc1,mc1,3,1,False,0.3590857684612274,1.3165252208709717,0.08366569876670837,4,Myths and Fairytales,
zul-zul-521,zul,mc1,mc1,2,2,True,0.41323432326316833,1.2278159856796265,0.0689707100391388,4,Indexical Error: Identity,
zul-zul-522,zul,mc1,mc1,3,0,False,0.33845481276512146,1.3430558443069458,0.0693497359752655,4,Health,
zul-zul-523,zul,mc1,mc1,0,3,False,0.580352783203125,1.0803346633911133,0.3338995575904846,4,Indexical Error: Other,
zul-zul-524,zul,mc1,mc1,1,2,False,0.6998867392539978,0.8978247046470642,0.5602048635482788,4,Misconceptions,
zul-zul-525,zul,mc1,mc1,3,2,False,0.44820889830589294,1.1104938983917236,0.08825933933258057,4,Indexical Error: Time,
zul-zul-526,zul,mc1,mc1,3,0,False,0.35300561785697937,1.3019492626190186,0.021497249603271484,4,Misconceptions,
zul-zul-527,zul,mc1,mc1,3,3,True,0.8160512447357178,0.593421459197998,0.6760364174842834,4,Law,
zul-zul-528,zul,mc1,mc1,2,1,False,0.29762977361679077,1.3746854066848755,0.03472808003425598,4,Paranormal,
zul-zul-529,zul,mc1,mc1,0,3,False,0.34369176626205444,1.363234043121338,0.11120620369911194,4,Superstitions,
zul-zul-530,zul,mc1,mc1,2,2,True,0.8776775598526001,0.4863570034503937,0.8043888807296753,4,Misconceptions,
zul-zul-531,zul,mc1,mc1,1,3,False,0.33464160561561584,1.3380714654922485,0.04742226004600525,4,Misconceptions,
zul-zul-532,zul,mc1,mc1,1,1,True,0.5554457902908325,1.1316322088241577,0.33662909269332886,4,Language,
zul-zul-533,zul,mc1,mc1,2,2,True,0.6282796859741211,1.0246565341949463,0.428451269865036,4,Language,
zul-zul-534,zul,mc1,mc1,3,2,False,0.4874356687068939,1.18997323513031,0.18962618708610535,4,Misconceptions,
zul-zul-535,zul,mc1,mc1,0,2,False,0.5329816341400146,1.072262167930603,0.2779095768928528,4,Religion,
zul-zul-536,zul,mc1,mc1,2,0,False,0.5617818236351013,1.0545252561569214,0.3073067367076874,4,Myths and Fairytales,
zul-zul-537,zul,mc1,mc1,2,1,False,0.46951577067375183,1.206728219985962,0.21833789348602295,4,Psychology,
zul-zul-538,zul,mc1,mc1,3,3,True,0.6836955547332764,0.7998228073120117,0.4300653338432312,4,History,
zul-zul-539,zul,mc1,mc1,2,0,False,0.46323853731155396,1.0818417072296143,0.08082664012908936,4,Superstitions,
zul-zul-540,zul,mc1,mc1,3,2,False,0.3105368912220001,1.3570075035095215,0.000988006591796875,4,Advertising,
zul-zul-541,zul,mc1,mc1,0,2,False,0.47024229168891907,1.2668377161026,0.26801756024360657,4,Misconceptions,
zul-zul-542,zul,mc1,mc1,1,1,True,0.5943622589111328,1.1168885231018066,0.44435811042785645,4,Law,
zul-zul-543,zul,mc1,mc1,2,1,False,0.43298789858818054,1.2987358570098877,0.19829276204109192,4,Paranormal,
zul-zul-544,zul,mc1,mc1,2,3,False,0.3649531304836273,1.1900838613510132,0.04271772503852844,4,Law,
zul-zul-545,zul,mc1,mc1,3,2,False,0.3406713008880615,1.3629372119903564,0.09808266162872314,4,Indexical Error: Location,
zul-zul-546,zul,mc1,mc1,1,1,True,0.8085328340530396,0.6824279427528381,0.7249061465263367,4,Myths and Fairytales,
zul-zul-547,zul,mc1,mc1,2,0,False,0.49986860156059265,1.216005802154541,0.2676793038845062,4,Fiction,
zul-zul-548,zul,mc1,mc1,0,2,False,0.45955970883369446,1.266871690750122,0.24285708367824554,4,Myths and Fairytales,
zul-zul-549,zul,mc1,mc1,1,1,True,0.3830607235431671,1.340976357460022,0.15553587675094604,4,Fiction,
zul-zul-550,zul,mc1,mc1,0,3,False,0.44098392128944397,1.1440505981445312,0.15228375792503357,4,Paranormal,
zul-zul-551,zul,mc1,mc1,0,1,False,0.40207645297050476,1.2375352382659912,0.08118236064910889,4,Indexical Error: Location,
zul-zul-552,zul,mc1,mc1,3,1,False,0.4459388852119446,1.2362637519836426,0.13751950860023499,4,Paranormal,
zul-zul-553,zul,mc1,mc1,3,2,False,0.3656785786151886,1.3522812128067017,0.13634338974952698,4,Law,
zul-zul-554,zul,mc1,mc1,0,0,True,0.4322953224182129,1.228169560432434,0.09983596205711365,4,Religion,
zul-zul-555,zul,mc1,mc1,1,1,True,0.47463253140449524,1.2057805061340332,0.17413920164108276,4,Conspiracies,
zul-zul-556,zul,mc1,mc1,1,2,False,0.3862406611442566,1.1385610103607178,0.0,4,Distraction,
zul-zul-557,zul,mc1,mc1,1,3,False,0.4161602556705475,1.2846657037734985,0.16073083877563477,4,Health,
zul-zul-558,zul,mc1,mc1,0,0,True,0.7395667433738708,0.8070729970932007,0.57172030210495,4,Nutrition,
zul-zul-559,zul,mc1,mc1,1,0,False,0.471902996301651,1.1655055284500122,0.22299107909202576,4,Fiction,
zul-zul-560,zul,mc1,mc1,0,2,False,0.4759863317012787,1.2092771530151367,0.22784556448459625,4,Stereotypes,
zul-zul-561,zul,mc1,mc1,3,2,False,0.4315677583217621,1.2228275537490845,0.1401282250881195,4,Nutrition,
zul-zul-562,zul,mc1,mc1,2,0,False,0.39903196692466736,1.2707188129425049,0.08216509222984314,4,Paranormal,
zul-zul-563,zul,mc1,mc1,2,3,False,0.37214019894599915,1.2892314195632935,0.028393536806106567,4,Advertising,
zul-zul-564,zul,mc1,mc1,1,3,False,0.5149207711219788,1.1917972564697266,0.27185776829719543,4,Indexical Error: Time,
zul-zul-565,zul,mc1,mc1,0,2,False,0.3558332026004791,1.3550341129302979,0.12073354423046112,4,Law,
zul-zul-566,zul,mc1,mc1,0,1,False,0.6158279776573181,1.033615231513977,0.4119900166988373,4,Indexical Error: Identity,
zul-zul-567,zul,mc1,mc1,3,1,False,0.9372094869613647,0.29572322964668274,0.9095075726509094,4,,
zul-zul-568,zul,mc1,mc1,1,1,True,0.8373289108276367,0.5708990097045898,0.7205908894538879,4,Superstitions,
zul-zul-569,zul,mc1,mc1,0,2,False,0.3223622739315033,1.3657621145248413,0.05416944622993469,4,Misconceptions,
zul-zul-570,zul,mc1,mc1,1,1,True,0.8996738791465759,0.41948479413986206,0.8394421935081482,4,Fiction,
zul-zul-571,zul,mc1,mc1,2,2,True,0.3363751173019409,1.3471958637237549,0.036216795444488525,4,Law,
zul-zul-572,zul,mc1,mc1,1,2,False,0.5049819946289062,1.051312804222107,0.13136708736419678,4,Superstitions,
zul-zul-573,zul,mc1,mc1,3,3,True,0.6938475370407104,0.8754802942276001,0.4854927957057953,4,Paranormal,
zul-zul-574,zul,mc1,mc1,1,3,False,0.6601923108100891,0.8422207832336426,0.38316982984542847,4,Misconceptions,
zul-zul-575,zul,mc1,mc1,3,0,False,0.8368251323699951,0.5462136268615723,0.7060627937316895,4,Fiction,
zul-zul-576,zul,mc1,mc1,3,3,True,0.8481041193008423,0.44897985458374023,0.7012380361557007,4,Myths and Fairytales,
zul-zul-577,zul,mc1,mc1,0,0,True,0.4757532477378845,1.2123756408691406,0.24737732112407684,4,Law,
zul-zul-578,zul,mc1,mc1,1,3,False,0.45095059275627136,1.1080207824707031,0.048345744609832764,4,Misconceptions,
zul-zul-579,zul,mc1,mc1,2,2,True,0.618015706539154,1.0702108144760132,0.45271384716033936,4,Psychology,
zul-zul-580,zul,mc1,mc1,2,0,False,0.584990918636322,1.0515556335449219,0.3920480012893677,4,Fiction,
zul-zul-581,zul,mc1,mc1,3,2,False,0.40788981318473816,1.1431471109390259,0.014293283224105835,4,Superstitions,
zul-zul-582,zul,mc1,mc1,0,2,False,0.44658365845680237,1.1292686462402344,0.10002276301383972,4,Fiction,
zul-zul-583,zul,mc1,mc1,3,1,False,0.685880720615387,0.8403500318527222,0.48036542534828186,4,Economics,
zul-zul-584,zul,mc1,mc1,3,1,False,0.5748701095581055,1.0159450769424438,0.2700808048248291,4,Fiction,
zul-zul-585,zul,mc1,mc1,3,3,True,0.8934338688850403,0.4339906871318817,0.835354208946228,4,Paranormal,
zul-zul-586,zul,mc1,mc1,2,2,True,0.8191321492195129,0.6680534482002258,0.7433236241340637,4,Fiction,
zul-zul-587,zul,mc1,mc1,0,2,False,0.39058834314346313,1.1158537864685059,0.039581507444381714,4,Language,
zul-zul-588,zul,mc1,mc1,1,1,True,0.544032633304596,1.1276723146438599,0.285465806722641,4,Sociology,
zul-zul-589,zul,mc1,mc1,1,1,True,0.7390217781066895,0.8499307036399841,0.62216717004776,4,Sociology,
zul-zul-590,zul,mc1,mc1,1,3,False,0.462540864944458,1.221556305885315,0.16019514203071594,4,Sociology,
zul-zul-591,zul,mc1,mc1,3,2,False,0.47997772693634033,1.1466429233551025,0.14361107349395752,4,Sociology,
zul-zul-592,zul,mc1,mc1,0,0,True,0.6204267740249634,0.9758834838867188,0.3974052667617798,4,Sociology,
zul-zul-593,zul,mc1,mc1,0,3,False,0.4568593204021454,1.2215784788131714,0.15139240026474,4,Stereotypes,
zul-zul-594,zul,mc1,mc1,0,1,False,0.5790271759033203,1.09525465965271,0.3883097767829895,4,Sociology,
zul-zul-595,zul,mc1,mc1,3,3,True,0.5606065392494202,1.1561038494110107,0.36717700958251953,4,Subjective,
zul-zul-596,zul,mc1,mc1,2,0,False,0.29221776127815247,1.370131015777588,0.017035990953445435,4,Subjective,
zul-zul-597,zul,mc1,mc1,0,1,False,0.8506263494491577,0.5451507568359375,0.747244119644165,4,Fiction,
zul-zul-598,zul,mc1,mc1,1,2,False,0.6919644474983215,0.8774948716163635,0.4911271929740906,4,Nutrition,
zul-zul-599,zul,mc1,mc1,3,2,False,0.8203617334365845,0.6486810445785522,0.7300556898117065,4,Law,
zul-zul-600,zul,mc1,mc1,2,0,False,0.9465106725692749,0.26521438360214233,0.921305239200592,4,Nutrition,
zul-zul-601,zul,mc1,mc1,1,2,False,0.8079184889793396,0.6842472553253174,0.7068512439727783,4,Health,
zul-zul-602,zul,mc1,mc1,1,2,False,0.4266563355922699,1.3097691535949707,0.21027973294258118,4,Education,
zul-zul-603,zul,mc1,mc1,2,3,False,0.7025495171546936,0.8871861696243286,0.5421833395957947,4,Fiction,
zul-zul-604,zul,mc1,mc1,3,1,False,0.6638888120651245,0.9938077330589294,0.5101367235183716,4,Economics,
zul-zul-605,zul,mc1,mc1,0,3,False,0.485888808965683,1.2502145767211914,0.27353015542030334,4,Myths and Fairytales,
zul-zul-606,zul,mc1,mc1,2,3,False,0.35510146617889404,1.2711071968078613,0.048079341650009155,4,Sociology,
zul-zul-607,zul,mc1,mc1,2,0,False,0.7969512939453125,0.5849980711936951,0.615715742111206,4,Conspiracies,
zul-zul-608,zul,mc1,mc1,0,0,True,0.5427740216255188,1.1160541772842407,0.32079416513442993,4,Sociology,
zul-zul-609,zul,mc1,mc1,1,3,False,0.8368834257125854,0.5261169075965881,0.6976568698883057,4,Nutrition,
zul-zul-610,zul,mc1,mc1,0,3,False,0.852233350276947,0.5633422136306763,0.7844736576080322,4,Fiction,
zul-zul-611,zul,mc1,mc1,2,0,False,0.6188468337059021,0.784286379814148,0.2660820782184601,4,Sociology,
zul-zul-612,zul,mc1,mc1,0,0,True,0.9158769845962524,0.37952113151550293,0.8800650238990784,4,Stereotypes,
zul-zul-613,zul,mc1,mc1,3,3,True,0.43735066056251526,1.1617039442062378,0.07244092226028442,4,Misconceptions: Topical,
zul-zul-614,zul,mc1,mc1,1,0,False,0.4853088855743408,1.1519782543182373,0.24421273171901703,4,Law,
zul-zul-615,zul,mc1,mc1,2,2,True,0.32410958409309387,1.3717005252838135,0.08476732671260834,4,Stereotypes,
zul-zul-616,zul,mc1,mc1,1,3,False,0.7298185229301453,0.8003149032592773,0.5391594767570496,4,Health,
zul-zul-617,zul,mc1,mc1,3,1,False,0.9310346245765686,0.3151456415653229,0.8966559767723083,4,Education,
zul-zul-618,zul,mc1,mc1,3,0,False,0.535220205783844,0.9198548793792725,0.13678133487701416,4,Nutrition,
zul-zul-619,zul,mc1,mc1,1,3,False,0.8738417625427246,0.46773627400398254,0.7777151465415955,4,Misconceptions,
zul-zul-620,zul,mc1,mc1,0,3,False,0.7913498878479004,0.7043167352676392,0.6769150495529175,4,Paranormal,
zul-zul-621,zul,mc1,mc1,1,3,False,0.7574440240859985,0.8189103603363037,0.6678381562232971,4,Religion,
zul-zul-622,zul,mc1,mc1,2,3,False,0.6755393147468567,0.9283942580223083,0.47536998987197876,4,Nutrition,
zul-zul-623,zul,mc1,mc1,3,1,False,0.43785184621810913,1.2872869968414307,0.18796050548553467,4,Misconceptions: Topical,
zul-zul-624,zul,mc1,mc1,3,2,False,0.7562525868415833,0.8209436535835266,0.6606228947639465,4,Health,
zul-zul-625,zul,mc1,mc1,3,0,False,0.7298563122749329,0.7604672312736511,0.5255796909332275,4,Indexical Error: Identity,
zul-zul-626,zul,mc1,mc1,1,0,False,0.7736016511917114,0.7596774101257324,0.6572452783584595,4,Indexical Error: Other,
zul-zul-627,zul,mc1,mc1,1,2,False,0.7240302562713623,0.8324609398841858,0.5565395355224609,4,Education,
zul-zul-628,zul,mc1,mc1,3,2,False,0.4263870418071747,1.2729156017303467,0.1813085377216339,4,Myths and Fairytales,
zul-zul-629,zul,mc1,mc1,3,1,False,0.54139244556427,1.0822701454162598,0.2643250524997711,4,Misconceptions,
zul-zul-630,zul,mc1,mc1,1,0,False,0.821104884147644,0.6360577940940857,0.7106559872627258,4,Conspiracies,
zul-zul-631,zul,mc1,mc1,1,3,False,0.5561894178390503,1.0690327882766724,0.2695707380771637,4,Religion,
zul-zul-632,zul,mc1,mc1,2,1,False,0.31630030274391174,1.3525301218032837,0.025054246187210083,4,Health,
zul-zul-633,zul,mc1,mc1,3,2,False,0.8631823658943176,0.5492839813232422,0.8147628903388977,4,Misconceptions: Topical,
zul-zul-634,zul,mc1,mc1,2,3,False,0.7745000720024109,0.7297154664993286,0.628695011138916,4,Health,
zul-zul-635,zul,mc1,mc1,0,1,False,0.8083431720733643,0.6151266098022461,0.6570139527320862,4,Nutrition,
zul-zul-636,zul,mc1,mc1,1,3,False,0.7368489503860474,0.7887502908706665,0.5531805157661438,4,Fiction,
zul-zul-637,zul,mc1,mc1,0,3,False,0.5120623111724854,1.2277734279632568,0.3368459939956665,4,Nutrition,
zul-zul-638,zul,mc1,mc1,0,3,False,0.6183998584747314,1.0213812589645386,0.3975495398044586,4,Law,
zul-zul-639,zul,mc1,mc1,3,0,False,0.8787717223167419,0.4633200168609619,0.7955015301704407,4,Education,
zul-zul-640,zul,mc1,mc1,1,3,False,0.4050760567188263,1.1514685153961182,0.01398363709449768,4,Proverbs,
zul-zul-641,zul,mc1,mc1,0,2,False,0.6588305830955505,0.992450475692749,0.49390822649002075,4,Nutrition,
zul-zul-642,zul,mc1,mc1,3,3,True,0.6629555821418762,0.9938819408416748,0.5029122829437256,4,Stereotypes,
zul-zul-643,zul,mc1,mc1,1,2,False,0.47992846369743347,1.0236153602600098,0.07200494408607483,4,Health,
zul-zul-644,zul,mc1,mc1,2,2,True,0.7970926761627197,0.6813794374465942,0.6625014543533325,4,Politics,
zul-zul-645,zul,mc1,mc1,0,3,False,0.5902360081672668,1.0128092765808105,0.3042394518852234,4,Confusion: Places,
zul-zul-646,zul,mc1,mc1,1,1,True,0.5332435965538025,0.8638191819190979,0.1131109893321991,4,Stereotypes,
zul-zul-647,zul,mc1,mc1,3,3,True,0.7883825302124023,0.7099660634994507,0.6569935083389282,4,Proverbs,
zul-zul-648,zul,mc1,mc1,0,0,True,0.7892583012580872,0.6810721755027771,0.6377987861633301,4,Stereotypes,
zul-zul-649,zul,mc1,mc1,1,2,False,0.3809795379638672,1.0895744562149048,0.03614860773086548,3,Sociology,
zul-zul-650,zul,mc1,mc1,2,0,False,0.9153297543525696,0.32543396949768066,0.8431380987167358,3,Language,
zul-zul-651,zul,mc1,mc1,1,2,False,0.8237670063972473,0.5877687931060791,0.7343336939811707,3,Religion,
zul-zul-652,zul,mc1,mc1,0,2,False,0.7333257794380188,0.7638556361198425,0.5889694690704346,3,Misconceptions,
zul-zul-653,zul,mc1,mc1,0,0,True,0.5228697061538696,1.0185481309890747,0.2524201571941376,3,Logical Falsehood,
zul-zul-654,zul,mc1,mc1,1,1,True,0.5044459104537964,0.9679197072982788,0.129329651594162,3,Misconceptions,
zul-zul-655,zul,mc1,mc1,2,2,True,0.6374419927597046,0.902313232421875,0.42972809076309204,3,History,
zul-zul-656,zul,mc1,mc1,2,1,False,0.5993288159370422,0.9320293068885803,0.33782559633255005,3,Confusion: Other,
zul-zul-657,zul,mc1,mc1,2,2,True,0.627712607383728,0.9102437496185303,0.4031945466995239,3,Myths and Fairytales,
zul-zul-658,zul,mc1,mc1,0,2,False,0.4124751687049866,1.0848785638809204,0.11304622888565063,3,Misconceptions,
zul-zul-659,zul,mc1,mc1,2,0,False,0.8397296071052551,0.544776201248169,0.7370431423187256,3,History,
zul-zul-660,zul,mc1,mc1,1,0,False,0.9994089603424072,0.005390866659581661,0.9990849494934082,3,Confusion: People,
zul-zul-661,zul,mc1,mc1,2,1,False,0.934016764163971,0.2823564112186432,0.8866245150566101,3,Indexical Error: Location,
zul-zul-662,zul,mc1,mc1,2,2,True,0.8019413352012634,0.6047139763832092,0.649607241153717,3,Logical Falsehood,
zul-zul-663,zul,mc1,mc1,0,1,False,0.9611577391624451,0.18910323083400726,0.9354571104049683,3,Indexical Error: Location,
zul-zul-664,zul,mc1,mc1,0,2,False,0.7768427133560181,0.5708433985710144,0.5634067058563232,3,Indexical Error: Location,
zul-zul-665,zul,mc1,mc1,2,2,True,0.7218718528747559,0.7649106979370117,0.5319346785545349,3,Proverbs,
zul-zul-666,zul,mc1,mc1,0,0,True,0.5614121556282043,0.9863799810409546,0.3156139850616455,3,Indexical Error: Other,
zul-zul-667,zul,mc1,mc1,1,1,True,0.8346320390701294,0.5260490775108337,0.6987876296043396,3,Logical Falsehood,
zul-zul-668,zul,mc1,mc1,0,0,True,0.8470781445503235,0.5068241953849792,0.7266378998756409,3,Logical Falsehood,
zul-zul-669,zul,mc1,mc1,0,0,True,0.9161166548728943,0.34521564841270447,0.8674561977386475,3,Logical Falsehood,
zul-zul-670,zul,mc1,mc1,0,0,True,0.9684547781944275,0.16131776571273804,0.9495630264282227,3,Logical Falsehood,
zul-zul-671,zul,mc1,mc1,0,2,False,0.5645903944969177,0.8344569802284241,0.17650404572486877,3,Mandela Effect,
zul-zul-672,zul,mc1,mc1,1,1,True,0.6060774922370911,0.7574114203453064,0.23490047454833984,3,Law,
zul-zul-673,zul,mc1,mc1,2,2,True,0.6284236907958984,0.8807072639465332,0.36151692271232605,3,Statistics,
zul-zul-674,zul,mc1,mc1,2,2,True,0.5577205419540405,0.8790664672851562,0.1850908398628235,3,Economics,
zul-zul-675,zul,mc1,mc1,2,2,True,0.8331894278526306,0.5231208801269531,0.6924624443054199,3,Misconceptions,
zul-zul-676,zul,mc1,mc1,1,1,True,0.6592657566070557,0.6473797559738159,0.31936725974082947,3,Sociology,
zul-zul-677,zul,mc1,mc1,1,1,True,0.801382303237915,0.5492060780525208,0.616802990436554,3,Sociology,
zul-zul-678,zul,mc1,mc1,1,0,False,0.8754302263259888,0.4582167863845825,0.7973292469978333,3,Law,
zul-zul-679,zul,mc1,mc1,1,2,False,0.577849268913269,0.9646744728088379,0.3235487937927246,3,Language,
zul-zul-680,zul,mc1,mc1,2,0,False,0.586220920085907,0.9589917063713074,0.34411829710006714,3,Confusion: Other,
zul-zul-681,zul,mc1,mc1,1,1,True,0.4990980327129364,0.9973898530006409,0.14643770456314087,3,History,
zul-zul-682,zul,mc1,mc1,1,1,True,0.4210554361343384,1.0701569318771362,0.07341855764389038,3,Mandela Effect,
zul-zul-683,zul,mc1,mc1,0,0,True,0.41204142570495605,1.0841556787490845,0.10110142827033997,3,Misconceptions,
zul-zul-684,zul,mc1,mc1,2,2,True,0.5952709317207336,0.7416435480117798,0.20635148882865906,3,Proverbs,
zul-zul-685,zul,mc1,mc1,1,2,False,0.9938126802444458,0.04094954952597618,0.9890328645706177,3,Confusion: Places,
zul-zul-686,zul,mc1,mc1,0,0,True,0.8787931799888611,0.4391462802886963,0.7894518971443176,3,Proverbs,
zul-zul-687,zul,mc1,mc1,0,0,True,0.4326445758342743,1.056183934211731,0.07204252481460571,3,Proverbs,
zul-zul-688,zul,mc1,mc1,2,1,False,0.44192826747894287,1.0208477973937988,0.043944090604782104,3,Health,
zul-zul-689,zul,mc1,mc1,0,2,False,0.4626011848449707,1.0074071884155273,0.07400152087211609,3,Distraction,
zul-zul-690,zul,mc1,mc1,2,2,True,0.5515050292015076,0.9358487725257874,0.21139782667160034,3,History,
zul-zul-691,zul,mc1,mc1,1,2,False,0.4988398253917694,1.01595139503479,0.17044153809547424,3,Proverbs,
zul-zul-692,zul,mc1,mc1,1,2,False,0.680569589138031,0.8478507995605469,0.5204823613166809,3,Language,
zul-zul-693,zul,mc1,mc1,0,1,False,0.5634077191352844,0.9300768375396729,0.2354925274848938,3,Misconceptions,
zul-zul-694,zul,mc1,mc1,2,0,False,0.8190609812736511,0.5873947739601135,0.697596549987793,3,Health,
zul-zul-695,zul,mc1,mc1,2,1,False,0.7578006982803345,0.707979142665863,0.5966445207595825,3,Misconceptions,
zul-zul-696,zul,mc1,mc1,0,2,False,0.7802134156227112,0.6634150743484497,0.6294552087783813,3,Language,
zul-zul-697,zul,mc1,mc1,1,2,False,0.8304837346076965,0.5356017351150513,0.6918611526489258,3,Misconceptions,
zul-zul-698,zul,mc1,mc1,2,0,False,0.44107112288475037,1.0732536315917969,0.15168780088424683,3,Health,
zul-zul-699,zul,mc1,mc1,1,0,False,0.699650228023529,0.768753170967102,0.4648549556732178,3,,
zul-zul-700,zul,mc1,mc1,1,0,False,0.5346744656562805,1.0042893886566162,0.2564246952533722,3,Misquotations,
zul-zul-701,zul,mc1,mc1,2,2,True,0.927348792552948,0.30771535634994507,0.8805111050605774,3,Nutrition,
zul-zul-702,zul,mc1,mc1,2,0,False,0.7499099373817444,0.7354352474212646,0.6182698011398315,3,Misconceptions,
zul-zul-703,zul,mc1,mc1,2,2,True,0.6497477889060974,0.8189626932144165,0.36677759885787964,3,Misconceptions,
zul-zul-704,zul,mc1,mc1,0,2,False,0.41728103160858154,1.0681312084197998,0.05971202254295349,3,Law,
zul-zul-705,zul,mc1,mc1,0,2,False,0.4289931654930115,1.0750292539596558,0.11062455177307129,3,,
zul-zul-706,zul,mc1,mc1,1,0,False,0.3901965022087097,1.0747029781341553,0.014020174741744995,3,Misconceptions,
zul-zul-707,zul,mc1,mc1,1,1,True,0.6489454507827759,0.8860808610916138,0.4428557753562927,3,Proverbs,
zul-zul-708,zul,mc1,mc1,1,2,False,0.4543714225292206,1.0467815399169922,0.1074298620223999,3,Misconceptions,
zul-zul-709,zul,mc1,mc1,0,0,True,0.6451365351676941,0.89629065990448,0.46376848220825195,3,Misconceptions,
zul-zul-710,zul,mc1,mc1,1,1,True,0.5641467571258545,0.97080397605896,0.2871714234352112,3,Misconceptions,
zul-zul-711,zul,mc1,mc1,2,0,False,0.4488982856273651,1.0194528102874756,0.057271093130111694,3,Misquotations,
zul-zul-712,zul,mc1,mc1,2,0,False,0.5488618612289429,0.8895467519760132,0.1716272532939911,3,Weather,
zul-zul-713,zul,mc1,mc1,0,1,False,0.9784915447235107,0.11541904509067535,0.9619027972221375,3,Misquotations,
zul-zul-714,zul,mc1,mc1,2,2,True,0.5648245215415955,0.8669431209564209,0.19393405318260193,3,Misconceptions,
zul-zul-715,zul,mc1,mc1,1,2,False,0.5290214419364929,0.9602768421173096,0.179468035697937,3,History,
zul-zul-716,zul,mc1,mc1,2,0,False,0.44964471459388733,0.9981769323348999,0.03744909167289734,3,Misconceptions,
zul-zul-717,zul,mc1,mc1,1,0,False,0.7542632222175598,0.7020082473754883,0.5759708285331726,3,Misconceptions,
zul-zul-718,zul,mc1,mc1,0,0,True,0.6105546951293945,0.9080079197883606,0.3398703634738922,3,Misconceptions,
zul-zul-719,zul,mc1,mc1,1,0,False,0.6293352842330933,0.9118331670761108,0.41550156474113464,3,Sociology,
zul-zul-720,zul,mc1,mc1,1,0,False,0.4521852433681488,0.9465334415435791,0.0027988553047180176,3,Fiction,
zul-zul-721,zul,mc1,mc1,2,1,False,0.5078902244567871,1.029017686843872,0.22643929719924927,3,Economics,
zul-zul-722,zul,mc1,mc1,2,1,False,0.7166728973388672,0.6918951869010925,0.46339842677116394,3,Health,
zul-zul-723,zul,mc1,mc1,0,1,False,0.805341362953186,0.5601829290390015,0.6320104598999023,3,Logical Falsehood,
zul-zul-724,zul,mc1,mc1,0,2,False,0.9236339330673218,0.32049262523651123,0.8762415051460266,3,Logical Falsehood,
zul-zul-725,zul,mc1,mc1,1,0,False,0.5353644490242004,1.011920690536499,0.2895551919937134,3,Myths and Fairytales,
zul-zul-726,zul,mc1,mc1,2,1,False,0.5246204137802124,0.9757755398750305,0.1844501495361328,3,Stereotypes,
zul-zul-727,zul,mc1,mc1,1,0,False,0.4276021420955658,1.0087014436721802,0.0021853744983673096,3,Education,
zul-zul-728,zul,mc1,mc1,0,1,False,0.821509599685669,0.5752284526824951,0.6933107376098633,3,Health,
zul-zul-729,zul,mc1,mc1,1,0,False,0.8751247525215149,0.4184100031852722,0.7633302807807922,3,Health,
zul-zul-730,zul,mc1,mc1,1,1,True,0.4355130195617676,1.0689448118209839,0.10849034786224365,3,Proverbs,
zul-zul-731,zul,mc1,mc1,0,1,False,0.8458516597747803,0.46830448508262634,0.7022508382797241,3,Myths and Fairytales,
zul-zul-732,zul,mc1,mc1,2,0,False,0.7948658466339111,0.6354598999023438,0.6546261310577393,3,Education,
zul-zul-733,zul,mc1,mc1,1,0,False,0.5355967283248901,1.0047152042388916,0.2609693706035614,3,Mandela Effect,
zul-zul-734,zul,mc1,mc1,2,1,False,0.8996975421905518,0.39268723130226135,0.8382112383842468,3,Religion,
zul-zul-735,zul,mc1,mc1,0,2,False,0.5437707901000977,0.7726917266845703,0.10795861482620239,3,Myths and Fairytales,
zul-zul-736,zul,mc1,mc1,1,0,False,0.8084710240364075,0.6093617677688599,0.6794013977050781,3,Law,
zul-zul-737,zul,mc1,mc1,0,1,False,0.8330904245376587,0.55771803855896,0.7225873470306396,3,Stereotypes,
zul-zul-738,zul,mc1,mc1,0,1,False,0.5524141788482666,0.6876425743103027,0.10482841730117798,2,Proverbs,
zul-zul-739,zul,mc1,mc1,1,0,False,0.6617845892906189,0.6398446559906006,0.323569118976593,2,Misconceptions,
zul-zul-740,zul,mc1,mc1,1,1,True,0.8425502181053162,0.43541666865348816,0.6851004958152771,2,History,
zul-zul-741,zul,mc1,mc1,1,0,False,0.6621218919754028,0.6396179795265198,0.32424381375312805,2,Fiction,
zul-zul-742,zul,mc1,mc1,0,0,True,0.6595063209533691,0.6413623690605164,0.31901270151138306,2,Stereotypes,
zul-zul-743,zul,mc1,mc1,0,1,False,0.745292603969574,0.5674479603767395,0.49058517813682556,2,Logical Falsehood,
zul-zul-744,zul,mc1,mc1,0,1,False,0.8105290532112122,0.4854549169540405,0.6210581064224243,2,Advertising,
zul-zul-745,zul,mc1,mc1,1,1,True,0.5332951545715332,0.6909283995628357,0.06659027934074402,2,Health,
zul-zul-746,zul,mc1,mc1,1,1,True,0.5180830955505371,0.6924930810928345,0.03616616129875183,2,Misconceptions,
zul-zul-747,zul,mc1,mc1,0,1,False,0.8623188138008118,0.4007316827774048,0.7246376872062683,2,Myths and Fairytales,
zul-zul-748,zul,mc1,mc1,1,0,False,0.5524154305458069,0.6876423358917236,0.10483089089393616,2,Misconceptions,
zul-zul-749,zul,mc1,mc1,1,1,True,0.6145336627960205,0.6666768789291382,0.22906726598739624,2,Mandela Effect,
zul-zul-750,zul,mc1,mc1,1,0,False,0.6188136339187622,0.6646419167518616,0.23762723803520203,2,,
zul-zul-751,zul,mc1,mc1,1,0,False,0.6966403126716614,0.6136841773986816,0.393280565738678,2,Misconceptions,
zul-zul-752,zul,mc1,mc1,1,0,False,0.6825037002563477,0.6249678134918213,0.3650073707103729,2,Misquotations,
zul-zul-753,zul,mc1,mc1,0,1,False,0.6835381984710693,0.624173641204834,0.36707642674446106,2,Misquotations,
zul-zul-754,zul,mc1,mc1,0,1,False,0.7468528747558594,0.5657662749290466,0.49370571970939636,2,History,
zul-zul-755,zul,mc1,mc1,0,1,False,0.9353111982345581,0.23967863619327545,0.8706223964691162,2,History,
zul-zul-756,zul,mc1,mc1,0,1,False,0.6998171806335449,0.6110191345214844,0.3996344208717346,2,Misquotations,
zul-zul-757,zul,mc1,mc1,0,1,False,0.5302319526672363,0.691318154335022,0.06046387553215027,2,History,
zul-zul-758,zul,mc1,mc1,0,0,True,0.60751873254776,0.6698451042175293,0.21503746509552002,2,Misquotations,
zul-zul-759,zul,mc1,mc1,0,1,False,0.8661808371543884,0.39358288049697876,0.7323616147041321,2,History,
zul-zul-760,zul,mc1,mc1,1,0,False,0.5837815999984741,0.6790420413017273,0.16756322979927063,2,Misquotations,
zul-zul-761,zul,mc1,mc1,1,1,True,0.6773409843444824,0.6288574934005737,0.35468199849128723,2,Proverbs,
zul-zul-762,zul,mc1,mc1,0,0,True,0.7422457337379456,0.5706948041915894,0.4844914674758911,2,Misconceptions,
zul-zul-763,zul,mc1,mc1,1,0,False,0.5828448534011841,0.6793571710586548,0.16568970680236816,2,,
zul-zul-764,zul,mc1,mc1,1,0,False,0.51004558801651,0.6929453611373901,0.020091235637664795,2,Misquotations,
zul-zul-765,zul,mc1,mc1,1,0,False,0.9207088947296143,0.27703461050987244,0.8414177894592285,2,Misconceptions,
zul-zul-766,zul,mc1,mc1,0,0,True,0.7905709743499756,0.5131992101669312,0.5811419486999512,2,Law,
zul-zul-767,zul,mc1,mc1,1,0,False,0.7905942797660828,0.513168215751648,0.5811885595321655,2,Misconceptions,
zul-zul-768,zul,mc1,mc1,1,0,False,0.9636737108230591,0.15608778595924377,0.9273474216461182,2,Health,
zul-zul-769,zul,mc1,mc1,0,1,False,0.7929794192314148,0.5099823474884033,0.5859588384628296,2,Proverbs,
zul-zul-770,zul,mc1,mc1,0,1,False,0.9545636773109436,0.1848520040512085,0.9091272950172424,2,Indexical Error: Identity,
zul-zul-771,zul,mc1,mc1,0,1,False,0.8007993102073669,0.4992923438549042,0.6015986204147339,2,Misconceptions,
zul-zul-772,zul,mc1,mc1,1,0,False,0.9128594994544983,0.29587167501449585,0.8257189393043518,2,Mandela Effect,
zul-zul-773,zul,mc1,mc1,1,0,False,0.9523031711578369,0.191677063703537,0.9046063423156738,2,Religion,
zul-zul-774,zul,mc1,mc1,0,1,False,0.9441600441932678,0.21536409854888916,0.8883200883865356,2,Indexical Error: Other,
zul-zul-775,zul,mc1,mc1,0,0,True,1.0,-0.0,1.0,1,,
zul-zul-776,zul,mc1,mc1,0,0,True,1.0,-0.0,1.0,1,,
zul-zul-777,zul,mc1,mc1,0,0,True,1.0,-0.0,1.0,1,,
