id,language,scoring,mode,predicted_index,answer_index,correct,confidence,entropy,margin,n_choices,domain,verbalized_confidence
eng-eng-0,eng,mc1,mc1,5,6,False,0.25579559803009033,2.0657849311828613,0.0997849553823471,9,Conspiracies,
eng-eng-1,eng,mc1,mc1,2,1,False,0.5940524339675903,1.232056736946106,0.42277923226356506,7,Subjective,
eng-eng-2,eng,mc1,mc1,4,2,False,0.28597280383110046,1.51983642578125,0.030171304941177368,5,Psychology,
eng-eng-3,eng,mc1,mc1,1,0,False,0.557898223400116,0.9906579256057739,0.31475627422332764,3,Mandela Effect,
eng-eng-4,eng,mc1,mc1,1,3,False,0.41027796268463135,1.304963231086731,0.16152149438858032,4,Health,
eng-eng-5,eng,mc1,mc1,1,0,False,0.9696678519248962,0.1358949989080429,0.9393356442451477,2,Misquotations,
eng-eng-6,eng,mc1,mc1,3,2,False,0.46964946389198303,1.173140287399292,0.14904141426086426,6,Paranormal,
eng-eng-7,eng,mc1,mc1,2,2,True,0.4281653165817261,1.0950138568878174,0.004143774509429932,4,Psychology,
eng-eng-8,eng,mc1,mc1,2,5,False,0.3556152284145355,1.515763521194458,0.08872303366661072,6,Economics,
eng-eng-9,eng,mc1,mc1,2,9,False,0.3060052990913391,1.915880799293518,0.11614483594894409,10,Subjective,
eng-eng-10,eng,mc1,mc1,5,4,False,0.2585068345069885,1.6811416149139404,0.0010684728622436523,6,Superstitions,
eng-eng-11,eng,mc1,mc1,2,1,False,0.32753875851631165,1.5715874433517456,0.11697046458721161,6,Health,
eng-eng-12,eng,mc1,mc1,0,0,True,0.4547331631183624,1.0412356853485107,0.03792145848274231,4,Sociology,
eng-eng-13,eng,mc1,mc1,6,4,False,0.3295178711414337,1.878525733947754,0.1382296085357666,8,Conspiracies,
eng-eng-14,eng,mc1,mc1,1,3,False,0.2918003499507904,1.5860950946807861,0.02137652039527893,6,Politics,
eng-eng-15,eng,mc1,mc1,0,0,True,0.7451297640800476,0.567622721195221,0.49025943875312805,2,Indexical Error: Identity,
eng-eng-16,eng,mc1,mc1,5,0,False,0.33683040738105774,1.792179822921753,0.18229608237743378,7,Finance,
eng-eng-17,eng,mc1,mc1,1,3,False,0.37779340147972107,1.385391116142273,0.028925687074661255,6,Sociology,
eng-eng-18,eng,mc1,mc1,4,4,True,0.7197707295417786,0.878592848777771,0.5729044079780579,5,Weather,
eng-eng-19,eng,mc1,mc1,4,4,True,0.5526102185249329,0.994171142578125,0.19091707468032837,6,Law,
eng-eng-20,eng,mc1,mc1,4,2,False,0.2594059705734253,1.7314304113388062,0.05819891393184662,6,Misconceptions,
eng-eng-21,eng,mc1,mc1,3,1,False,0.41977739334106445,1.4303029775619507,0.18929900228977203,6,Fiction,
eng-eng-22,eng,mc1,mc1,3,2,False,0.6313164830207825,0.7238649725914001,0.276039719581604,4,Law,
eng-eng-23,eng,mc1,mc1,5,4,False,0.5177493691444397,1.3954317569732666,0.3492489159107208,6,Law,
eng-eng-24,eng,mc1,mc1,6,7,False,0.5820345282554626,1.3448456525802612,0.45189082622528076,8,Finance,
eng-eng-25,eng,mc1,mc1,0,0,True,0.620482861995697,0.8132849931716919,0.27931568026542664,4,Myths and Fairytales,
eng-eng-26,eng,mc1,mc1,2,2,True,0.4299359619617462,1.5940604209899902,0.29860275983810425,6,Law,
eng-eng-27,eng,mc1,mc1,2,2,True,0.3284454941749573,1.3390421867370605,0.018948495388031006,5,Paranormal,
eng-eng-28,eng,mc1,mc1,0,0,True,0.9011946320533752,0.36728161573410034,0.8190526962280273,3,Misconceptions,
eng-eng-29,eng,mc1,mc1,3,0,False,0.5861722826957703,0.98433518409729,0.2802821695804596,4,Law,
eng-eng-30,eng,mc1,mc1,3,4,False,0.5674203634262085,1.2633014917373657,0.4067525863647461,5,Misinformation,
eng-eng-31,eng,mc1,mc1,0,0,True,0.601692259311676,0.8965865969657898,0.2950893044471741,4,History,
eng-eng-32,eng,mc1,mc1,4,3,False,0.237309068441391,1.8511255979537964,0.04402273893356323,7,Indexical Error: Identity,
eng-eng-33,eng,mc1,mc1,1,3,False,0.4405778646469116,1.198648452758789,0.14713981747627258,5,Law,
eng-eng-34,eng,mc1,mc1,1,1,True,0.5880587697029114,1.2075005769729614,0.4067777991294861,5,Indexical Error: Location,
eng-eng-35,eng,mc1,mc1,3,0,False,0.34505918622016907,1.5257134437561035,0.019805550575256348,6,Politics,
eng-eng-36,eng,mc1,mc1,0,5,False,0.6562445759773254,1.2088768482208252,0.5644830465316772,7,Paranormal,
eng-eng-37,eng,mc1,mc1,5,1,False,0.27963194251060486,1.6586768627166748,0.029951587319374084,6,Economics,
eng-eng-38,eng,mc1,mc1,1,0,False,0.6410763263702393,0.9015154242515564,0.45812514424324036,3,Misconceptions,
eng-eng-39,eng,mc1,mc1,1,3,False,0.4587043821811676,1.4167687892913818,0.26880115270614624,5,Health,
eng-eng-40,eng,mc1,mc1,4,2,False,0.357136994600296,1.5615897178649902,0.09574306011199951,8,Economics,
eng-eng-41,eng,mc1,mc1,0,3,False,0.663400411605835,0.8091755509376526,0.3944503366947174,4,Language,
eng-eng-42,eng,mc1,mc1,4,4,True,0.7679624557495117,0.8763679265975952,0.6665096282958984,6,Stereotypes,
eng-eng-43,eng,mc1,mc1,4,2,False,0.5261018872261047,0.9302916526794434,0.10591301321983337,7,Confusion: People,
eng-eng-44,eng,mc1,mc1,0,1,False,0.9363896250724792,0.2802354097366333,0.9000664353370667,3,Sociology,
eng-eng-45,eng,mc1,mc1,1,0,False,0.7068617939949036,0.9218586683273315,0.5958678126335144,4,Paranormal,
eng-eng-46,eng,mc1,mc1,6,3,False,0.3683326542377472,1.6972060203552246,0.1723683476448059,7,Indexical Error: Time,
eng-eng-47,eng,mc1,mc1,0,2,False,0.4964313209056854,1.041600227355957,0.23268356919288635,3,History,
eng-eng-48,eng,mc1,mc1,1,1,True,0.8785471320152283,0.4899449050426483,0.8118796944618225,4,Stereotypes,
eng-eng-49,eng,mc1,mc1,2,1,False,0.41010767221450806,1.3450584411621094,0.06453275680541992,5,Sociology,
eng-eng-50,eng,mc1,mc1,5,3,False,0.3302793502807617,1.710714340209961,0.06781965494155884,7,Economics,
eng-eng-51,eng,mc1,mc1,2,0,False,0.4247678518295288,1.0612614154815674,0.06317400932312012,3,Distraction,
eng-eng-52,eng,mc1,mc1,5,5,True,0.5662819147109985,1.338446855545044,0.41642504930496216,6,Sociology,
eng-eng-53,eng,mc1,mc1,0,0,True,0.5184854865074158,0.6924636363983154,0.036970943212509155,2,Proverbs,
eng-eng-54,eng,mc1,mc1,2,2,True,0.6718306541442871,0.8327127695083618,0.44137465953826904,3,Logical Falsehood,
eng-eng-55,eng,mc1,mc1,0,0,True,0.6247033476829529,1.1124544143676758,0.4047057330608368,6,Conspiracies,
eng-eng-56,eng,mc1,mc1,0,0,True,0.5279749035835266,0.691581130027771,0.05594983696937561,2,Misconceptions,
eng-eng-57,eng,mc1,mc1,1,1,True,0.5094766020774841,0.8806321620941162,0.08174362778663635,3,Logical Falsehood,
eng-eng-58,eng,mc1,mc1,2,2,True,0.949225664138794,0.22848770022392273,0.905852198600769,5,Conspiracies,
eng-eng-59,eng,mc1,mc1,4,3,False,0.4035188853740692,1.3997933864593506,0.14697089791297913,6,Misconceptions,
eng-eng-60,eng,mc1,mc1,0,0,True,0.534690797328949,0.690738320350647,0.06938162446022034,2,Misquotations,
eng-eng-61,eng,mc1,mc1,1,0,False,0.42082080245018005,1.3779288530349731,0.14028993248939514,5,Health,
eng-eng-62,eng,mc1,mc1,3,2,False,0.6129002571105957,1.0869615077972412,0.4542537033557892,4,Sociology,
eng-eng-63,eng,mc1,mc1,1,1,True,0.824091374874115,0.5439838171005249,0.6772491931915283,3,History,
eng-eng-64,eng,mc1,mc1,1,1,True,0.5066247582435608,1.440605878829956,0.36192891001701355,7,Law,
eng-eng-65,eng,mc1,mc1,0,1,False,0.4219534397125244,1.2999789714813232,0.0625772774219513,6,Language,
eng-eng-66,eng,mc1,mc1,2,1,False,0.6385729908943176,0.9382376074790955,0.3794656991958618,4,Indexical Error: Identity,
eng-eng-67,eng,mc1,mc1,8,8,True,0.7776208519935608,0.9702469110488892,0.7280958890914917,10,Weather,
eng-eng-68,eng,mc1,mc1,6,3,False,0.7612949013710022,0.7581987977027893,0.5843847393989563,7,Confusion: Places,
eng-eng-69,eng,mc1,mc1,0,0,True,0.6590583324432373,0.8030211329460144,0.35849982500076294,5,Sociology,
eng-eng-70,eng,mc1,mc1,3,2,False,0.3421265482902527,1.3241065740585327,0.027513563632965088,4,Misconceptions,
eng-eng-71,eng,mc1,mc1,5,1,False,0.3990221321582794,1.4926121234893799,0.14868813753128052,6,Conspiracies,
eng-eng-72,eng,mc1,mc1,1,1,True,0.8928806781768799,0.4767347276210785,0.8517307043075562,5,Indexical Error: Time,
eng-eng-73,eng,mc1,mc1,2,3,False,0.3810606896877289,1.4194040298461914,0.07513222098350525,5,Health,
eng-eng-74,eng,mc1,mc1,0,4,False,0.35240161418914795,1.4234000444412231,0.09177917242050171,5,Myths and Fairytales,
eng-eng-75,eng,mc1,mc1,1,1,True,0.9514047503471375,0.19782643020153046,0.9034382104873657,4,Confusion: People,
eng-eng-76,eng,mc1,mc1,0,1,False,0.4684385359287262,1.1838949918746948,0.14420530200004578,4,Education,
eng-eng-77,eng,mc1,mc1,0,0,True,0.9623011350631714,0.22018329799175262,0.952121913433075,6,Proverbs,
eng-eng-78,eng,mc1,mc1,5,1,False,0.6861263513565063,1.088231086730957,0.5703005790710449,6,Health,
eng-eng-79,eng,mc1,mc1,2,4,False,0.2926872968673706,1.6797688007354736,0.034524887800216675,7,Fiction,
eng-eng-80,eng,mc1,mc1,2,2,True,0.2530820667743683,2.0694408416748047,0.07619915902614594,9,Weather,
eng-eng-81,eng,mc1,mc1,0,1,False,0.5526772141456604,0.98232102394104,0.2708038091659546,3,Misconceptions,
eng-eng-82,eng,mc1,mc1,3,0,False,0.4420076310634613,1.253465175628662,0.1595352292060852,4,Sociology,
eng-eng-83,eng,mc1,mc1,3,1,False,0.5298735499382019,1.2456144094467163,0.24918484687805176,6,Law,
eng-eng-84,eng,mc1,mc1,0,0,True,0.4754469394683838,1.1323107481002808,0.11923947930335999,4,Indexical Error: Location,
eng-eng-85,eng,mc1,mc1,0,4,False,0.43486547470092773,1.347888469696045,0.1406836211681366,5,Sociology,
eng-eng-86,eng,mc1,mc1,2,1,False,0.42982247471809387,1.2138991355895996,0.09048259258270264,4,Superstitions,
eng-eng-87,eng,mc1,mc1,4,2,False,0.3567763566970825,1.5249216556549072,0.0470486581325531,6,Misconceptions,
eng-eng-88,eng,mc1,mc1,5,6,False,0.703889787197113,0.9994964003562927,0.5559903383255005,7,Indexical Error: Time,
eng-eng-89,eng,mc1,mc1,0,0,True,0.9002458453178406,0.4336416721343994,0.8643037676811218,4,Sociology,
eng-eng-90,eng,mc1,mc1,0,3,False,0.7404096126556396,0.8757509589195251,0.6124182939529419,5,Misinformation,
eng-eng-91,eng,mc1,mc1,2,3,False,0.4639054834842682,1.0948015451431274,0.06865686178207397,4,History,
eng-eng-92,eng,mc1,mc1,2,2,True,0.5287337303161621,0.8197473883628845,0.09390002489089966,3,Health,
eng-eng-93,eng,mc1,mc1,0,5,False,0.32816222310066223,1.6795275211334229,0.08844724297523499,7,Paranormal,
eng-eng-94,eng,mc1,mc1,0,2,False,0.6801232695579529,0.7658528089523315,0.41048991680145264,3,Health,
eng-eng-95,eng,mc1,mc1,0,1,False,0.3199818730354309,1.4860954284667969,0.08473359048366547,5,Health,
eng-eng-96,eng,mc1,mc1,1,0,False,0.3682461380958557,1.4639849662780762,0.1270705610513687,5,Economics,
eng-eng-97,eng,mc1,mc1,4,1,False,0.21790175139904022,1.8820030689239502,0.023038432002067566,7,Distraction,
eng-eng-98,eng,mc1,mc1,1,0,False,0.39353418350219727,1.412067174911499,0.14723601937294006,5,Stereotypes,
eng-eng-99,eng,mc1,mc1,2,1,False,0.6315690875053406,0.8561656475067139,0.3473529815673828,3,Religion,
eng-eng-100,eng,mc1,mc1,1,2,False,0.47189879417419434,0.9618698954582214,0.053857892751693726,3,Misconceptions,
eng-eng-101,eng,mc1,mc1,3,1,False,0.6060358881950378,1.0495787858963013,0.3808504343032837,4,Health,
eng-eng-102,eng,mc1,mc1,0,0,True,0.6468207836151123,0.7787390351295471,0.3275677263736725,4,Mandela Effect,
eng-eng-103,eng,mc1,mc1,1,2,False,0.5813889503479004,1.1277638673782349,0.3238890767097473,6,Health,
eng-eng-104,eng,mc1,mc1,4,2,False,0.2485816329717636,1.6604652404785156,0.03930102288722992,6,Subjective,
eng-eng-105,eng,mc1,mc1,1,2,False,0.7484675645828247,0.9650161266326904,0.6609764695167542,7,Sociology,
eng-eng-106,eng,mc1,mc1,1,1,True,0.5886669754981995,0.9461225271224976,0.3254311978816986,3,Indexical Error: Location,
eng-eng-107,eng,mc1,mc1,4,0,False,0.4502592086791992,1.2189905643463135,0.0697459876537323,6,Sociology,
eng-eng-108,eng,mc1,mc1,6,4,False,0.39175623655319214,1.8223276138305664,0.2574101984500885,8,Misconceptions,
eng-eng-109,eng,mc1,mc1,1,0,False,0.5257967114448547,1.3568753004074097,0.3659791350364685,6,Law,
eng-eng-110,eng,mc1,mc1,1,2,False,0.7385525107383728,0.7077893018722534,0.5311484336853027,3,Confusion: Other,
eng-eng-111,eng,mc1,mc1,1,2,False,0.4042167067527771,1.1603844165802002,0.0005855262279510498,4,Economics,
eng-eng-112,eng,mc1,mc1,1,1,True,0.3668968081474304,1.511857032775879,0.16352485120296478,5,Law,
eng-eng-113,eng,mc1,mc1,3,3,True,0.8001465797424316,0.7317136526107788,0.7168939709663391,5,Sociology,
eng-eng-114,eng,mc1,mc1,5,2,False,0.3185705840587616,1.6363940238952637,0.052583932876586914,6,Misconceptions,
eng-eng-115,eng,mc1,mc1,1,1,True,0.5348219275474548,1.0071488618850708,0.2649315595626831,3,Misconceptions,
eng-eng-116,eng,mc1,mc1,3,0,False,0.35861191153526306,1.5338237285614014,0.16197139024734497,5,Paranormal,
eng-eng-117,eng,mc1,mc1,0,0,True,0.7218894958496094,0.8508565425872803,0.5278242826461792,5,Indexical Error: Time,
eng-eng-118,eng,mc1,mc1,4,2,False,0.4352039396762848,1.4083280563354492,0.1961742490530014,5,Superstitions,
eng-eng-119,eng,mc1,mc1,3,0,False,0.7179613709449768,0.9417833089828491,0.6035571098327637,5,Misinformation,
eng-eng-120,eng,mc1,mc1,1,1,True,0.4295153319835663,1.4163068532943726,0.2163091003894806,5,Misquotations,
eng-eng-121,eng,mc1,mc1,4,0,False,0.2755483090877533,1.55013906955719,0.027322828769683838,5,Sociology,
eng-eng-122,eng,mc1,mc1,1,1,True,0.49919402599334717,1.1958129405975342,0.2265840768814087,4,Fiction,
eng-eng-123,eng,mc1,mc1,1,1,True,0.4264441132545471,1.2172921895980835,0.10408240556716919,4,Misconceptions,
eng-eng-124,eng,mc1,mc1,0,0,True,0.8836005926132202,0.5088131427764893,0.8350515961647034,5,Indexical Error: Time,
eng-eng-125,eng,mc1,mc1,0,3,False,0.6874296069145203,0.8171523809432983,0.4267047643661499,5,Advertising,
eng-eng-126,eng,mc1,mc1,1,2,False,0.46484383940696716,1.4573590755462646,0.2727866470813751,6,Indexical Error: Identity,
eng-eng-127,eng,mc1,mc1,1,4,False,0.36655494570732117,1.5219448804855347,0.1641709804534912,6,Sociology,
eng-eng-128,eng,mc1,mc1,1,0,False,0.39968034625053406,1.2997132539749146,0.10856100916862488,4,Myths and Fairytales,
eng-eng-129,eng,mc1,mc1,0,1,False,0.6863957047462463,0.8980762958526611,0.4875463843345642,5,Health,
eng-eng-130,eng,mc1,mc1,3,1,False,0.3795534372329712,1.317658543586731,0.09155738353729248,4,Indexical Error: Location,
eng-eng-131,eng,mc1,mc1,6,7,False,0.3458179235458374,1.7663681507110596,0.14519095420837402,8,Paranormal,
eng-eng-132,eng,mc1,mc1,2,3,False,0.8174649477005005,0.6586896181106567,0.7181252241134644,4,Misconceptions,
eng-eng-133,eng,mc1,mc1,1,0,False,0.42316603660583496,1.0810842514038086,0.13135087490081787,3,Proverbs,
eng-eng-134,eng,mc1,mc1,1,1,True,0.7500349879264832,0.5622967481613159,0.5000699758529663,2,History,
eng-eng-135,eng,mc1,mc1,5,6,False,0.3815581202507019,1.4903159141540527,0.05222862958908081,9,Finance,
eng-eng-136,eng,mc1,mc1,6,0,False,0.7023967504501343,0.9526181817054749,0.5209945440292358,7,Science,
eng-eng-137,eng,mc1,mc1,2,0,False,0.6545451283454895,1.0781220197677612,0.523308515548706,5,Economics,
eng-eng-138,eng,mc1,mc1,3,3,True,0.42554616928100586,1.165177583694458,0.061630845069885254,4,Health,
eng-eng-139,eng,mc1,mc1,3,3,True,0.6149436831474304,1.0238929986953735,0.37672924995422363,4,Stereotypes,
eng-eng-140,eng,mc1,mc1,1,2,False,0.33973023295402527,1.3526966571807861,0.07639113068580627,4,History,
eng-eng-141,eng,mc1,mc1,2,1,False,0.4371562600135803,1.2577252388000488,0.06992721557617188,5,Misconceptions,
eng-eng-142,eng,mc1,mc1,3,2,False,0.9244890809059143,0.31232157349586487,0.8626075387001038,4,Psychology,
eng-eng-143,eng,mc1,mc1,1,1,True,0.5128688812255859,0.692815899848938,0.025737792253494263,2,Advertising,
eng-eng-144,eng,mc1,mc1,4,3,False,0.3926224410533905,1.3468588590621948,0.04635864496231079,5,Indexical Error: Other,
eng-eng-145,eng,mc1,mc1,1,0,False,0.3896327316761017,1.3600960969924927,0.10724735260009766,5,Misconceptions,
eng-eng-146,eng,mc1,mc1,0,0,True,0.745222806930542,0.5675228238105774,0.4904455840587616,2,Health,
eng-eng-147,eng,mc1,mc1,2,2,True,0.699563205242157,0.7332278490066528,0.4413685202598572,3,History,
eng-eng-148,eng,mc1,mc1,0,0,True,0.7219998240470886,0.7235913872718811,0.4950296878814697,3,Nutrition,
eng-eng-149,eng,mc1,mc1,2,3,False,0.9067135453224182,0.338971883058548,0.8204914927482605,4,Confusion: People,
eng-eng-150,eng,mc1,mc1,1,2,False,0.6468579173088074,0.9391553401947021,0.42414480447769165,4,Religion,
eng-eng-151,eng,mc1,mc1,2,5,False,0.32449665665626526,1.6539137363433838,0.11319036781787872,6,Health,
eng-eng-152,eng,mc1,mc1,2,4,False,0.2789957523345947,1.7228267192840576,0.08126980066299438,6,Distraction,
eng-eng-153,eng,mc1,mc1,1,2,False,0.4560531973838806,1.049482822418213,0.11677134037017822,3,Logical Falsehood,
eng-eng-154,eng,mc1,mc1,1,3,False,0.32412484288215637,1.5100170373916626,0.07760550081729889,8,Confusion: Other,
eng-eng-155,eng,mc1,mc1,3,3,True,0.4399687647819519,1.2774512767791748,0.18924027681350708,4,Paranormal,
eng-eng-156,eng,mc1,mc1,7,6,False,0.3961833119392395,1.37837553024292,0.028063029050827026,8,Law,
eng-eng-157,eng,mc1,mc1,0,0,True,0.6631739735603333,1.07956063747406,0.5232123136520386,6,Science,
eng-eng-158,eng,mc1,mc1,2,5,False,0.28339293599128723,1.6598339080810547,0.07553516328334808,6,Misconceptions,
eng-eng-159,eng,mc1,mc1,0,1,False,0.281988263130188,1.609063982963562,0.03441464900970459,6,Psychology,
eng-eng-160,eng,mc1,mc1,5,5,True,0.33658358454704285,1.4455344676971436,0.046376168727874756,6,Superstitions,
eng-eng-161,eng,mc1,mc1,7,3,False,0.3834421932697296,1.74700129032135,0.19948813319206238,8,Indexical Error: Time,
eng-eng-162,eng,mc1,mc1,3,3,True,0.6432991623878479,1.3352198600769043,0.5719679594039917,8,Weather,
eng-eng-163,eng,mc1,mc1,2,3,False,0.5602611303329468,1.1438590288162231,0.29839026927948,6,Sociology,
eng-eng-164,eng,mc1,mc1,2,3,False,0.5417712926864624,1.3067065477371216,0.37635213136672974,5,Economics,
eng-eng-165,eng,mc1,mc1,4,6,False,0.6143358945846558,1.2680600881576538,0.4704349935054779,8,Sociology,
eng-eng-166,eng,mc1,mc1,0,0,True,0.5222553014755249,1.2161855697631836,0.3499649465084076,4,Health,
eng-eng-167,eng,mc1,mc1,4,2,False,0.296889066696167,1.5506949424743652,0.02663448452949524,5,Paranormal,
eng-eng-168,eng,mc1,mc1,1,4,False,0.5244486927986145,1.296980619430542,0.3251265585422516,5,Sociology,
eng-eng-169,eng,mc1,mc1,1,1,True,0.8105769157409668,0.6738026738166809,0.705315351486206,4,Indexical Error: Time,
eng-eng-170,eng,mc1,mc1,3,4,False,0.28961795568466187,1.520198941230774,0.023975014686584473,5,Health,
eng-eng-171,eng,mc1,mc1,2,2,True,0.9007583856582642,0.47790735960006714,0.8736372590065002,6,Advertising,
eng-eng-172,eng,mc1,mc1,3,0,False,0.23763789236545563,1.8624515533447266,0.04029086232185364,7,Sociology,
eng-eng-173,eng,mc1,mc1,3,0,False,0.6050848364830017,0.9226763248443604,0.34150609374046326,4,Confusion: People,
eng-eng-174,eng,mc1,mc1,2,2,True,0.8868241310119629,0.48113763332366943,0.8286388516426086,5,Distraction,
eng-eng-175,eng,mc1,mc1,3,2,False,0.6532664895057678,0.8228070735931396,0.3632584810256958,4,Misquotations,
eng-eng-176,eng,mc1,mc1,0,3,False,0.6843523383140564,0.840525209903717,0.5087671875953674,4,Confusion: People,
eng-eng-177,eng,mc1,mc1,2,2,True,0.43317943811416626,1.2941523790359497,0.13713541626930237,5,Superstitions,
eng-eng-178,eng,mc1,mc1,2,2,True,0.3917192816734314,1.5430988073349,0.14338140189647675,6,Misconceptions,
eng-eng-179,eng,mc1,mc1,5,3,False,0.34107717871665955,1.624082088470459,0.11811551451683044,6,Weather,
eng-eng-180,eng,mc1,mc1,0,0,True,0.9503529667854309,0.2650724947452545,0.9338973760604858,5,Sociology,
eng-eng-181,eng,mc1,mc1,1,0,False,0.25772565603256226,1.5514123439788818,0.021396011114120483,5,Science,
eng-eng-182,eng,mc1,mc1,1,1,True,0.4984371066093445,1.0664231777191162,0.22684207558631897,4,Law,
eng-eng-183,eng,mc1,mc1,4,4,True,0.2581952214241028,1.8562746047973633,0.088682159781456,7,Distraction,
eng-eng-184,eng,mc1,mc1,3,3,True,0.7364447712898254,0.7651363015174866,0.5671340227127075,4,Religion,
eng-eng-185,eng,mc1,mc1,4,3,False,0.8273075222969055,0.6525697112083435,0.7369466423988342,5,Health,
eng-eng-186,eng,mc1,mc1,4,4,True,0.759627103805542,0.7925738096237183,0.6048251390457153,5,Misconceptions: Topical,
eng-eng-187,eng,mc1,mc1,3,1,False,0.4851295053958893,1.1613863706588745,0.1877581775188446,4,Confusion: People,
eng-eng-188,eng,mc1,mc1,2,4,False,0.27188655734062195,1.5862423181533813,0.049128755927085876,5,Indexical Error: Location,
eng-eng-189,eng,mc1,mc1,2,3,False,0.3510102927684784,1.7375684976577759,0.18618963658809662,7,Indexical Error: Other,
eng-eng-190,eng,mc1,mc1,4,1,False,0.5120443105697632,1.2848514318466187,0.29495036602020264,6,Conspiracies,
eng-eng-191,eng,mc1,mc1,1,1,True,0.5597854852676392,1.0703450441360474,0.2579250931739807,5,Fiction,
eng-eng-192,eng,mc1,mc1,0,0,True,0.8011913299560547,0.49874645471572876,0.6023826599121094,2,Stereotypes,
eng-eng-193,eng,mc1,mc1,4,0,False,0.6384676098823547,0.9259032011032104,0.3588871657848358,5,Misconceptions,
eng-eng-194,eng,mc1,mc1,3,0,False,0.4728725552558899,1.4158021211624146,0.30522286891937256,5,Law,
eng-eng-195,eng,mc1,mc1,4,3,False,0.8649598360061646,0.563082754611969,0.8092018365859985,5,Misconceptions,
eng-eng-196,eng,mc1,mc1,2,0,False,0.5092109441757202,0.8640354871749878,0.07288438081741333,3,Mandela Effect,
eng-eng-197,eng,mc1,mc1,2,1,False,0.40270453691482544,1.3330878019332886,0.10039442777633667,5,Superstitions,
eng-eng-198,eng,mc1,mc1,3,2,False,0.5955802798271179,1.2358906269073486,0.4271847605705261,6,Conspiracies,
eng-eng-199,eng,mc1,mc1,2,2,True,0.5924932360649109,0.9432593584060669,0.2810738682746887,4,Myths and Fairytales,
eng-eng-200,eng,mc1,mc1,0,4,False,0.8806385397911072,0.48600223660469055,0.8192493915557861,5,Psychology,
eng-eng-201,eng,mc1,mc1,1,3,False,0.40933024883270264,1.3253486156463623,0.20550279319286346,4,Indexical Error: Other,
eng-eng-202,eng,mc1,mc1,1,0,False,0.6679413318634033,0.9019584655761719,0.499423086643219,4,Sociology,
eng-eng-203,eng,mc1,mc1,0,4,False,0.3807728886604309,1.4566380977630615,0.16617102921009064,5,Fiction,
eng-eng-204,eng,mc1,mc1,0,1,False,0.4842453896999359,1.019388198852539,0.13820680975914001,3,Logical Falsehood,
eng-eng-205,eng,mc1,mc1,3,1,False,0.49752944707870483,1.1902430057525635,0.2553968131542206,4,Health,
eng-eng-206,eng,mc1,mc1,2,0,False,0.7377873659133911,1.0383563041687012,0.6736562252044678,7,Indexical Error: Other,
eng-eng-207,eng,mc1,mc1,3,4,False,0.2327742874622345,1.7510380744934082,0.02566787600517273,6,Psychology,
eng-eng-208,eng,mc1,mc1,2,2,True,0.6658205986022949,0.9681209325790405,0.4790402054786682,4,Health,
eng-eng-209,eng,mc1,mc1,9,2,False,0.4471425414085388,1.575351595878601,0.16468781232833862,11,Sociology,
eng-eng-210,eng,mc1,mc1,2,2,True,0.6873390078544617,0.6955370903015137,0.39467424154281616,3,Language,
eng-eng-211,eng,mc1,mc1,1,0,False,0.5493155121803284,0.6882752180099487,0.09863108396530151,2,Proverbs,
eng-eng-212,eng,mc1,mc1,0,0,True,0.49290359020233154,1.019187569618225,0.09396225214004517,4,Law,
eng-eng-213,eng,mc1,mc1,3,2,False,0.4337451756000519,1.2422187328338623,0.12057405710220337,4,Sociology,
eng-eng-214,eng,mc1,mc1,1,1,True,0.8578804135322571,0.5207167267799377,0.7597435116767883,4,History,
eng-eng-215,eng,mc1,mc1,2,2,True,0.5453416705131531,1.0853748321533203,0.24375751614570618,4,Nutrition,
eng-eng-216,eng,mc1,mc1,3,1,False,0.37648454308509827,1.3062732219696045,0.10749578475952148,4,Superstitions,
eng-eng-217,eng,mc1,mc1,3,2,False,0.567046582698822,1.0721038579940796,0.2921123206615448,4,Misconceptions,
eng-eng-218,eng,mc1,mc1,3,0,False,0.36688685417175293,1.265817403793335,0.002188652753829956,4,Law,
eng-eng-219,eng,mc1,mc1,2,0,False,0.657281756401062,0.8908947706222534,0.40495067834854126,4,Law,
eng-eng-220,eng,mc1,mc1,2,2,True,0.7795262932777405,0.7308011054992676,0.6573750972747803,4,Law,
eng-eng-221,eng,mc1,mc1,6,0,False,0.3468495309352875,1.516800880432129,0.013808876276016235,7,Law,
eng-eng-222,eng,mc1,mc1,1,0,False,0.9837956428527832,0.08287449181079865,0.9675912857055664,2,Misconceptions,
eng-eng-223,eng,mc1,mc1,4,4,True,0.5358291864395142,1.203502893447876,0.24311453104019165,6,Advertising,
eng-eng-224,eng,mc1,mc1,1,1,True,0.64495849609375,0.9470958709716797,0.46730339527130127,4,Statistics,
eng-eng-225,eng,mc1,mc1,1,1,True,0.697729766368866,0.9595335721969604,0.5639021396636963,5,Nutrition,
eng-eng-226,eng,mc1,mc1,0,2,False,0.588024377822876,0.9626206159591675,0.3718019127845764,3,Misconceptions,
eng-eng-227,eng,mc1,mc1,1,3,False,0.684518039226532,0.8352172374725342,0.44056451320648193,4,Stereotypes,
eng-eng-228,eng,mc1,mc1,0,0,True,0.8223400115966797,0.586833119392395,0.714412271976471,3,Education,
eng-eng-229,eng,mc1,mc1,2,4,False,0.8751905560493469,0.5306070446968079,0.8203331828117371,5,Advertising,
eng-eng-230,eng,mc1,mc1,1,0,False,0.5538922548294067,0.6873271465301514,0.10778450965881348,2,Misquotations,
eng-eng-231,eng,mc1,mc1,6,6,True,0.4759504795074463,1.073983073234558,0.062417805194854736,7,Language,
eng-eng-232,eng,mc1,mc1,5,5,True,0.6990240216255188,1.029617190361023,0.578258752822876,9,Law,
eng-eng-233,eng,mc1,mc1,0,3,False,0.6546876430511475,0.8747866749763489,0.38882750272750854,4,History,
eng-eng-234,eng,mc1,mc1,1,0,False,0.35152721405029297,1.3597553968429565,0.11835417151451111,4,Fiction,
eng-eng-235,eng,mc1,mc1,0,0,True,0.9883261322975159,0.07576090097427368,0.9833549857139587,4,Stereotypes,
eng-eng-236,eng,mc1,mc1,1,0,False,0.6977159380912781,0.6127871870994568,0.39543187618255615,2,Health,
eng-eng-237,eng,mc1,mc1,6,8,False,0.4225146174430847,1.2871637344360352,0.0503789484500885,9,Confusion: Other,
eng-eng-238,eng,mc1,mc1,0,0,True,0.4609297513961792,0.9880417585372925,0.05200237035751343,3,Misconceptions,
eng-eng-239,eng,mc1,mc1,0,0,True,0.8540292382240295,0.4156559109687805,0.7080584168434143,2,Misconceptions,
eng-eng-240,eng,mc1,mc1,2,2,True,0.45195138454437256,1.060943603515625,0.1328246295452118,3,Misconceptions,
eng-eng-241,eng,mc1,mc1,0,2,False,0.3863467574119568,1.3186864852905273,0.09590208530426025,5,Indexical Error: Other,
eng-eng-242,eng,mc1,mc1,0,2,False,0.3394226133823395,1.3124394416809082,0.03149217367172241,4,Economics,
eng-eng-243,eng,mc1,mc1,0,0,True,0.5285711288452148,1.0451328754425049,0.18974417448043823,4,Misconceptions,
eng-eng-244,eng,mc1,mc1,4,1,False,0.6623786091804504,0.9482770562171936,0.48384779691696167,5,Proverbs,
eng-eng-245,eng,mc1,mc1,2,3,False,0.3376939594745636,1.367051601409912,0.1131744235754013,4,Misconceptions,
eng-eng-246,eng,mc1,mc1,6,2,False,0.6768532395362854,1.1162489652633667,0.5158313512802124,8,Psychology,
eng-eng-247,eng,mc1,mc1,1,2,False,0.4577564299106598,1.1136889457702637,0.17102262377738953,4,Fiction,
eng-eng-248,eng,mc1,mc1,3,2,False,0.3367707133293152,1.6130610704421997,0.07189354300498962,6,Indexical Error: Identity,
eng-eng-249,eng,mc1,mc1,1,4,False,0.4722217321395874,1.2947890758514404,0.19341129064559937,5,Paranormal,
eng-eng-250,eng,mc1,mc1,0,0,True,0.7446590065956116,0.860725462436676,0.6358265280723572,5,Misconceptions,
eng-eng-251,eng,mc1,mc1,0,2,False,0.9930682182312012,0.04614284262061119,0.9892668724060059,3,Sociology,
eng-eng-252,eng,mc1,mc1,2,2,True,0.3115145266056061,1.5587613582611084,0.10616232454776764,5,Superstitions,
eng-eng-253,eng,mc1,mc1,2,0,False,0.28702011704444885,1.5529333353042603,0.023068875074386597,5,Superstitions,
eng-eng-254,eng,mc1,mc1,2,4,False,0.6120340824127197,1.1759265661239624,0.4472169876098633,5,Sociology,
eng-eng-255,eng,mc1,mc1,1,1,True,0.9847992658615112,0.08271536231040955,0.9707168340682983,3,Misquotations,
eng-eng-256,eng,mc1,mc1,0,2,False,0.6789910197257996,0.8220973610877991,0.4265888035297394,5,Confusion: People,
eng-eng-257,eng,mc1,mc1,1,2,False,0.6445427536964417,0.7861711382865906,0.3342851400375366,3,Sociology,
eng-eng-258,eng,mc1,mc1,1,1,True,0.5676566958427429,0.9832556247711182,0.34235018491744995,3,Indexical Error: Location,
eng-eng-259,eng,mc1,mc1,6,5,False,0.30359527468681335,1.4697011709213257,0.024285495281219482,7,Law,
eng-eng-260,eng,mc1,mc1,1,0,False,0.42375990748405457,1.1068463325500488,0.0010824799537658691,4,Indexical Error: Identity,
eng-eng-261,eng,mc1,mc1,0,2,False,0.4041719436645508,1.2838871479034424,0.14966470003128052,4,Nutrition,
eng-eng-262,eng,mc1,mc1,1,3,False,0.41544684767723083,1.4551007747650146,0.20253227651119232,5,Stereotypes,
eng-eng-263,eng,mc1,mc1,2,5,False,0.642053484916687,1.2042278051376343,0.538829505443573,6,Economics,
eng-eng-264,eng,mc1,mc1,1,2,False,0.4950065612792969,0.9564656019210815,0.09898585081100464,3,History,
eng-eng-265,eng,mc1,mc1,7,3,False,0.29548919200897217,1.9424703121185303,0.0800197422504425,10,Superstitions,
eng-eng-266,eng,mc1,mc1,0,4,False,0.7607600092887878,0.8579167723655701,0.6634707450866699,5,Conspiracies,
eng-eng-267,eng,mc1,mc1,3,5,False,0.29484862089157104,1.6226580142974854,0.09821894764900208,6,Economics,
eng-eng-268,eng,mc1,mc1,4,3,False,0.3920123875141144,1.7534031867980957,0.20751361548900604,9,Health,
eng-eng-269,eng,mc1,mc1,5,5,True,0.485605388879776,1.4197064638137817,0.2628456652164459,6,Misconceptions,
eng-eng-270,eng,mc1,mc1,4,4,True,0.48092222213745117,1.163167119026184,0.22797474265098572,5,Confusion: People,
eng-eng-271,eng,mc1,mc1,0,2,False,0.5550246238708496,1.0472745895385742,0.2785716950893402,7,Confusion: Places,
eng-eng-272,eng,mc1,mc1,1,3,False,0.43707984685897827,1.2047250270843506,0.11017611622810364,4,Misconceptions,
eng-eng-273,eng,mc1,mc1,1,3,False,0.6327235102653503,0.8474624752998352,0.3247557580471039,4,History,
eng-eng-274,eng,mc1,mc1,3,3,True,0.35093751549720764,1.491471529006958,0.04238569736480713,6,Health,
eng-eng-275,eng,mc1,mc1,3,3,True,0.569452166557312,1.187085509300232,0.3308631181716919,5,Psychology,
eng-eng-276,eng,mc1,mc1,2,5,False,0.42459166049957275,1.6279646158218384,0.2570558190345764,7,Health,
eng-eng-277,eng,mc1,mc1,2,5,False,0.3075404465198517,1.6096765995025635,0.025986790657043457,6,Weather,
eng-eng-278,eng,mc1,mc1,1,3,False,0.4699687361717224,1.2454173564910889,0.2323673516511917,4,Misquotations,
eng-eng-279,eng,mc1,mc1,2,2,True,0.5961398482322693,1.079061508178711,0.38710546493530273,4,Myths and Fairytales,
eng-eng-280,eng,mc1,mc1,2,2,True,0.6114616394042969,1.084496021270752,0.4122813940048218,5,Paranormal,
eng-eng-281,eng,mc1,mc1,1,2,False,0.48591139912605286,1.2451229095458984,0.2772212624549866,4,Language,
eng-eng-282,eng,mc1,mc1,0,3,False,0.2820557951927185,1.3806058168411255,0.016241788864135742,4,Sociology,
eng-eng-283,eng,mc1,mc1,3,4,False,0.6688291430473328,1.047523021697998,0.5300684571266174,5,Sociology,
eng-eng-284,eng,mc1,mc1,2,1,False,0.4484321177005768,1.236844539642334,0.1423487663269043,4,Misconceptions,
eng-eng-285,eng,mc1,mc1,4,4,True,0.2932669222354889,1.7116632461547852,0.09070740640163422,6,Distraction,
eng-eng-286,eng,mc1,mc1,2,0,False,0.4023010730743408,1.275076985359192,0.0818081796169281,4,Science,
eng-eng-287,eng,mc1,mc1,4,2,False,0.22221428155899048,1.7674169540405273,0.03145208954811096,6,Superstitions,
eng-eng-288,eng,mc1,mc1,2,1,False,0.36252743005752563,1.505192518234253,0.10943886637687683,5,Health,
eng-eng-289,eng,mc1,mc1,1,2,False,0.3941619396209717,1.0902161598205566,0.08183664083480835,3,Logical Falsehood,
eng-eng-290,eng,mc1,mc1,2,4,False,0.423674076795578,1.3489878177642822,0.20560428500175476,5,Misinformation,
eng-eng-291,eng,mc1,mc1,3,3,True,0.5184621214866638,1.3327338695526123,0.34236645698547363,5,Fiction,
eng-eng-292,eng,mc1,mc1,1,4,False,0.3294174075126648,1.641263723373413,0.08851756155490875,6,Education,
eng-eng-293,eng,mc1,mc1,3,1,False,0.5224336385726929,1.4157681465148926,0.3834320604801178,6,Stereotypes,
eng-eng-294,eng,mc1,mc1,1,5,False,0.9740648865699768,0.15377986431121826,0.9602810740470886,6,Misconceptions,
eng-eng-295,eng,mc1,mc1,6,0,False,0.17874997854232788,1.9829062223434448,0.009236201643943787,11,Science,
eng-eng-296,eng,mc1,mc1,2,2,True,0.8662267327308655,0.6017977595329285,0.8306503295898438,6,Misconceptions,
eng-eng-297,eng,mc1,mc1,0,1,False,0.7846857309341431,0.6235954761505127,0.6089155673980713,3,Misconceptions,
eng-eng-298,eng,mc1,mc1,3,2,False,0.3642711341381073,1.3261798620224,0.06706231832504272,4,Misconceptions,
eng-eng-299,eng,mc1,mc1,3,3,True,0.3283063769340515,1.490153431892395,0.06160610914230347,5,Fiction,
eng-eng-300,eng,mc1,mc1,1,1,True,0.5055093765258789,1.2461676597595215,0.21687525510787964,7,Law,
eng-eng-301,eng,mc1,mc1,0,2,False,0.5011786222457886,0.8087073564529419,0.0331440269947052,3,Misconceptions,
eng-eng-302,eng,mc1,mc1,3,3,True,0.7882277369499207,0.6929748058319092,0.6421905159950256,4,Conspiracies,
eng-eng-303,eng,mc1,mc1,1,3,False,0.674419105052948,1.0768061876296997,0.5677402019500732,5,Religion,
eng-eng-304,eng,mc1,mc1,2,0,False,0.734248161315918,0.7085261940956116,0.5192129611968994,3,Health,
eng-eng-305,eng,mc1,mc1,0,0,True,0.6285144090652466,0.9479255080223083,0.4442160129547119,4,History,
eng-eng-306,eng,mc1,mc1,0,3,False,0.9641287922859192,0.1631324589252472,0.9302976131439209,4,Confusion: People,
eng-eng-307,eng,mc1,mc1,1,1,True,0.8533596992492676,0.5680855512619019,0.7868263125419617,4,Misconceptions,
eng-eng-308,eng,mc1,mc1,2,5,False,0.2871761918067932,1.659133791923523,1.5348196029663086e-05,6,Nutrition,
eng-eng-309,eng,mc1,mc1,1,1,True,0.9833877086639404,0.08454413712024689,0.9667754769325256,2,Myths and Fairytales,
eng-eng-310,eng,mc1,mc1,5,5,True,0.6028715372085571,1.1525321006774902,0.3743327856063843,6,Misconceptions,
eng-eng-311,eng,mc1,mc1,5,5,True,0.7974458336830139,0.7957093119621277,0.7229273319244385,6,Fiction,
eng-eng-312,eng,mc1,mc1,0,1,False,0.6850348711013794,0.8536956906318665,0.47991737723350525,4,Misconceptions,
eng-eng-313,eng,mc1,mc1,2,4,False,0.7376231551170349,0.5905722975730896,0.4774828553199768,5,Confusion: Places,
eng-eng-314,eng,mc1,mc1,1,0,False,0.4463537335395813,1.0051480531692505,0.03713172674179077,3,Education,
eng-eng-315,eng,mc1,mc1,1,3,False,0.7204553484916687,0.8627769947052002,0.5632192492485046,4,Paranormal,
eng-eng-316,eng,mc1,mc1,6,0,False,0.5156688690185547,1.2634094953536987,0.2336045503616333,7,Sociology,
eng-eng-317,eng,mc1,mc1,2,0,False,0.6729848980903625,0.7453271150588989,0.3819255828857422,3,Misquotations,
eng-eng-318,eng,mc1,mc1,2,1,False,0.9827897548675537,0.10200545191764832,0.971406877040863,4,Indexical Error: Location,
eng-eng-319,eng,mc1,mc1,3,2,False,0.87555330991745,0.4669268727302551,0.7846617698669434,4,Myths and Fairytales,
eng-eng-320,eng,mc1,mc1,1,1,True,0.48891693353652954,0.9105380177497864,0.05542084574699402,3,Misconceptions,
eng-eng-321,eng,mc1,mc1,1,3,False,0.9815612435340881,0.10671491175889969,0.9714978337287903,4,Confusion: People,
eng-eng-322,eng,mc1,mc1,0,0,True,0.757443904876709,0.7718525528907776,0.5914990901947021,6,Weather,
eng-eng-323,eng,mc1,mc1,3,5,False,0.2776975929737091,1.6925349235534668,0.04577013850212097,6,Law,
eng-eng-324,eng,mc1,mc1,0,3,False,0.5379109382629395,1.0629597902297974,0.2857007384300232,4,Misconceptions: Topical,
eng-eng-325,eng,mc1,mc1,4,4,True,0.5587998032569885,1.4676406383514404,0.43073636293411255,8,Sociology,
eng-eng-326,eng,mc1,mc1,3,1,False,0.6904739141464233,0.9581705331802368,0.5592809915542603,5,Fiction,
eng-eng-327,eng,mc1,mc1,0,2,False,0.27553442120552063,1.711501955986023,0.059907108545303345,6,Economics,
eng-eng-328,eng,mc1,mc1,2,5,False,0.3634049594402313,1.7761030197143555,0.11918431520462036,9,Economics,
eng-eng-329,eng,mc1,mc1,2,2,True,0.24530638754367828,1.8631459474563599,0.030941948294639587,7,Superstitions,
eng-eng-330,eng,mc1,mc1,2,1,False,0.46305131912231445,1.274959921836853,0.1522640585899353,5,Misconceptions,
eng-eng-331,eng,mc1,mc1,1,0,False,0.7699234485626221,0.5393688082695007,0.5398468971252441,2,Misconceptions,
eng-eng-332,eng,mc1,mc1,1,1,True,0.5604645609855652,0.9884710311889648,0.31970053911209106,3,Misconceptions,
eng-eng-333,eng,mc1,mc1,0,0,True,0.5535984039306641,0.6873905062675476,0.10719677805900574,2,Misconceptions,
eng-eng-334,eng,mc1,mc1,0,0,True,0.6862010955810547,0.6221065521240234,0.372402161359787,2,Logical Falsehood,
eng-eng-335,eng,mc1,mc1,0,1,False,0.9396134614944458,0.29047173261642456,0.9089431166648865,4,Psychology,
eng-eng-336,eng,mc1,mc1,2,2,True,0.41126713156700134,1.4826934337615967,0.21547873318195343,5,Superstitions,
eng-eng-337,eng,mc1,mc1,1,2,False,0.33665919303894043,1.3231966495513916,0.032992035150527954,4,Myths and Fairytales,
eng-eng-338,eng,mc1,mc1,2,7,False,0.5302773118019104,1.0454121828079224,0.1626662015914917,9,Confusion: Other,
eng-eng-339,eng,mc1,mc1,2,2,True,0.8467270731925964,0.5933645963668823,0.7836615443229675,4,Myths and Fairytales,
eng-eng-340,eng,mc1,mc1,4,4,True,0.3787904977798462,1.55170738697052,0.09890928864479065,6,Misconceptions,
eng-eng-341,eng,mc1,mc1,3,0,False,0.5698133707046509,0.8393337726593018,0.18020099401474,4,Health,
eng-eng-342,eng,mc1,mc1,0,1,False,0.4347129464149475,1.3541202545166016,0.15051814913749695,6,Indexical Error: Other,
eng-eng-343,eng,mc1,mc1,1,0,False,0.5095899701118469,1.356415867805481,0.33266308903694153,5,Superstitions,
eng-eng-344,eng,mc1,mc1,3,1,False,0.30079737305641174,1.7242554426193237,0.12650571763515472,6,Misinformation,
eng-eng-345,eng,mc1,mc1,0,3,False,0.5713404417037964,0.872346043586731,0.19378089904785156,4,Misconceptions,
eng-eng-346,eng,mc1,mc1,4,1,False,0.3258107006549835,1.5215449333190918,0.0595974326133728,5,Conspiracies,
eng-eng-347,eng,mc1,mc1,0,3,False,0.8193339705467224,0.6332421898841858,0.7252388596534729,4,Language,
eng-eng-348,eng,mc1,mc1,5,0,False,0.22792541980743408,1.7637442350387573,0.03355191648006439,6,Paranormal,
eng-eng-349,eng,mc1,mc1,1,3,False,0.32212895154953003,1.348597526550293,0.007964670658111572,4,Religion,
eng-eng-350,eng,mc1,mc1,4,1,False,0.5275890827178955,0.8907296061515808,0.11669051647186279,5,Myths and Fairytales,
eng-eng-351,eng,mc1,mc1,4,2,False,0.4073275327682495,1.685096263885498,0.2274869680404663,7,Sociology,
eng-eng-352,eng,mc1,mc1,2,0,False,0.45361560583114624,1.0671967267990112,0.1704237461090088,3,Indexical Error: Location,
eng-eng-353,eng,mc1,mc1,1,3,False,0.5610678791999817,1.0506941080093384,0.26274892687797546,4,Nutrition,
eng-eng-354,eng,mc1,mc1,1,1,True,0.6533465385437012,0.9700879454612732,0.41985973715782166,5,Distraction,
eng-eng-355,eng,mc1,mc1,1,0,False,0.7473015189170837,0.8704462051391602,0.6222325563430786,5,Religion,
eng-eng-356,eng,mc1,mc1,0,2,False,0.31541943550109863,1.4518375396728516,0.04560038447380066,5,Economics,
eng-eng-357,eng,mc1,mc1,0,2,False,0.7860584259033203,0.5344817638397217,0.5750160217285156,3,Misconceptions,
eng-eng-358,eng,mc1,mc1,6,3,False,0.39560046792030334,1.4654303789138794,0.14829839766025543,9,Confusion: Other,
eng-eng-359,eng,mc1,mc1,1,1,True,0.38784587383270264,1.3169469833374023,0.14152708649635315,4,Psychology,
eng-eng-360,eng,mc1,mc1,3,0,False,0.989207923412323,0.06453914940357208,0.9801947474479675,4,Confusion: People,
eng-eng-361,eng,mc1,mc1,2,2,True,0.8803313374519348,0.5142450332641602,0.827656090259552,5,Indexical Error: Time,
eng-eng-362,eng,mc1,mc1,4,1,False,0.49522164463996887,1.2037546634674072,0.14571639895439148,6,Fiction,
eng-eng-363,eng,mc1,mc1,4,3,False,0.3331407308578491,1.6626479625701904,0.12757644057273865,6,Sociology,
eng-eng-364,eng,mc1,mc1,3,3,True,0.38051101565361023,1.386091709136963,0.09245094656944275,5,Superstitions,
eng-eng-365,eng,mc1,mc1,0,4,False,0.7667348980903625,0.820993959903717,0.6468608379364014,5,Religion,
eng-eng-366,eng,mc1,mc1,3,3,True,0.6514571905136108,0.9775798320770264,0.44852927327156067,4,Fiction,
eng-eng-367,eng,mc1,mc1,2,2,True,0.7148057222366333,0.7916028499603271,0.5487664341926575,3,Misconceptions,
eng-eng-368,eng,mc1,mc1,4,4,True,0.3646639287471771,1.4571930170059204,0.07690075039863586,5,Misconceptions,
eng-eng-369,eng,mc1,mc1,0,1,False,0.32185113430023193,1.6439056396484375,0.10579214990139008,6,Misconceptions,
eng-eng-370,eng,mc1,mc1,4,0,False,0.40881410241127014,1.3094539642333984,0.12292060256004333,5,Health,
eng-eng-371,eng,mc1,mc1,2,1,False,0.744556725025177,0.6926628947257996,0.5378023386001587,3,History,
eng-eng-372,eng,mc1,mc1,0,1,False,0.3057977855205536,1.547176718711853,0.05399399995803833,5,Myths and Fairytales,
eng-eng-373,eng,mc1,mc1,2,0,False,0.3318464756011963,1.2648744583129883,0.011066019535064697,4,Stereotypes,
eng-eng-374,eng,mc1,mc1,0,1,False,0.37591663002967834,1.3638367652893066,0.08398106694221497,5,Statistics,
eng-eng-375,eng,mc1,mc1,0,1,False,0.33495834469795227,1.6081089973449707,0.06443914771080017,6,Health,
eng-eng-376,eng,mc1,mc1,2,2,True,0.9113685488700867,0.3136274218559265,0.8260896801948547,3,Fiction,
eng-eng-377,eng,mc1,mc1,4,4,True,0.5573693513870239,1.2593581676483154,0.3331889510154724,6,Politics,
eng-eng-378,eng,mc1,mc1,1,1,True,0.9512726068496704,0.19475091993808746,0.9025452136993408,2,Misconceptions,
eng-eng-379,eng,mc1,mc1,1,1,True,0.7587114572525024,0.5525606870651245,0.5174229145050049,2,Logical Falsehood,
eng-eng-380,eng,mc1,mc1,0,0,True,0.6436054110527039,0.6513155102729797,0.2872108221054077,2,Mandela Effect,
eng-eng-381,eng,mc1,mc1,2,1,False,0.47851428389549255,1.2396647930145264,0.22896355390548706,4,History,
eng-eng-382,eng,mc1,mc1,1,1,True,0.5294404029846191,0.6914126873016357,0.05888080596923828,2,Misquotations,
eng-eng-383,eng,mc1,mc1,2,1,False,0.900888979434967,0.4281896948814392,0.8591144680976868,4,Conspiracies,
eng-eng-384,eng,mc1,mc1,2,2,True,0.3744466006755829,1.0848968029022217,0.005938500165939331,3,Logical Falsehood,
eng-eng-385,eng,mc1,mc1,4,2,False,0.41632354259490967,1.3335785865783691,0.16810232400894165,5,Misinformation,
eng-eng-386,eng,mc1,mc1,1,7,False,0.37439221143722534,1.719575047492981,0.19346016645431519,8,Finance,
eng-eng-387,eng,mc1,mc1,1,1,True,0.5231783986091614,1.0973455905914307,0.18932470679283142,5,Law,
eng-eng-388,eng,mc1,mc1,2,0,False,0.7388359904289246,0.8702612519264221,0.6323246955871582,5,Politics,
eng-eng-389,eng,mc1,mc1,3,1,False,0.5792580842971802,0.9537191987037659,0.26435425877571106,4,Language,
eng-eng-390,eng,mc1,mc1,2,2,True,0.43131789565086365,1.3988844156265259,0.153407484292984,7,Paranormal,
eng-eng-391,eng,mc1,mc1,0,3,False,0.9171371459960938,0.29635316133499146,0.8366081714630127,4,Confusion: Places,
eng-eng-392,eng,mc1,mc1,3,3,True,0.7622920870780945,0.8430072069168091,0.6433138847351074,5,Myths and Fairytales,
eng-eng-393,eng,mc1,mc1,0,0,True,0.9990336894989014,0.008869556710124016,0.998599648475647,5,Indexical Error: Time,
eng-eng-394,eng,mc1,mc1,2,2,True,0.3580789268016815,1.5668891668319702,0.08394968509674072,6,Law,
eng-eng-395,eng,mc1,mc1,4,4,True,0.3513709008693695,1.5290099382400513,0.14330445230007172,5,Misconceptions,
eng-eng-396,eng,mc1,mc1,3,1,False,0.5032302141189575,1.0953246355056763,0.1315092146396637,5,Conspiracies,
eng-eng-397,eng,mc1,mc1,4,2,False,0.4114852249622345,1.3388882875442505,0.12588906288146973,5,Fiction,
eng-eng-398,eng,mc1,mc1,2,2,True,0.4531554579734802,1.282033920288086,0.11782726645469666,5,Sociology,
eng-eng-399,eng,mc1,mc1,4,4,True,0.9599042534828186,0.19093500077724457,0.9258056879043579,5,Law,
eng-eng-400,eng,mc1,mc1,2,3,False,0.49594229459762573,0.761271595954895,0.005464136600494385,4,Misconceptions,
eng-eng-401,eng,mc1,mc1,2,0,False,0.30518704652786255,1.5077494382858276,0.03714674711227417,5,Health,
eng-eng-402,eng,mc1,mc1,2,0,False,0.5486237406730652,0.95838463306427,0.22613433003425598,3,Proverbs,
eng-eng-403,eng,mc1,mc1,0,3,False,0.3618465065956116,1.6183290481567383,0.15341925621032715,9,Sociology,
eng-eng-404,eng,mc1,mc1,3,3,True,0.2988867163658142,1.608903169631958,0.016050517559051514,6,Law,
eng-eng-405,eng,mc1,mc1,0,4,False,0.5257138013839722,1.2597403526306152,0.29742372035980225,6,Misconceptions,
eng-eng-406,eng,mc1,mc1,2,1,False,0.3630969524383545,1.5432724952697754,0.036685168743133545,8,Law,
eng-eng-407,eng,mc1,mc1,2,1,False,0.710284948348999,0.7248907089233398,0.4643329083919525,3,Myths and Fairytales,
eng-eng-408,eng,mc1,mc1,2,2,True,0.9614495635032654,0.19837933778762817,0.9396870136260986,5,Sociology,
eng-eng-409,eng,mc1,mc1,0,0,True,0.6165260076522827,0.6657391786575317,0.23305201530456543,2,Misconceptions,
eng-eng-410,eng,mc1,mc1,0,2,False,0.6789858937263489,0.8620343208312988,0.4361198842525482,5,Weather,
eng-eng-411,eng,mc1,mc1,0,0,True,0.8477250933647156,0.42663487792015076,0.6954502463340759,2,History,
eng-eng-412,eng,mc1,mc1,3,2,False,0.4679615795612335,0.9588708281517029,0.011294782161712646,4,Indexical Error: Time,
eng-eng-413,eng,mc1,mc1,4,4,True,0.3249864876270294,1.6340314149856567,0.05791345238685608,6,Misconceptions,
eng-eng-414,eng,mc1,mc1,2,2,True,0.35245877504348755,1.3484289646148682,0.09126105904579163,4,Fiction,
eng-eng-415,eng,mc1,mc1,3,3,True,0.8239445090293884,0.5954453945159912,0.6992415189743042,4,Misconceptions,
eng-eng-416,eng,mc1,mc1,3,2,False,0.34478244185447693,1.3221850395202637,0.012700170278549194,4,Superstitions,
eng-eng-417,eng,mc1,mc1,1,0,False,0.4978596866130829,1.2417196035385132,0.3130120635032654,4,Weather,
eng-eng-418,eng,mc1,mc1,3,3,True,0.8028967976570129,0.7476088404655457,0.7279336452484131,5,Misinformation,
eng-eng-419,eng,mc1,mc1,2,2,True,0.6814444065093994,0.8721920251846313,0.44980746507644653,4,Misconceptions,
eng-eng-420,eng,mc1,mc1,2,2,True,0.533715546131134,1.0758388042449951,0.2471543848514557,5,Sociology,
eng-eng-421,eng,mc1,mc1,1,0,False,0.6437438726425171,0.6512336134910583,0.2874877452850342,2,History,
eng-eng-422,eng,mc1,mc1,1,1,True,0.769855797290802,0.7101747989654541,0.6014246344566345,4,Myths and Fairytales,
eng-eng-423,eng,mc1,mc1,3,4,False,0.43654370307922363,1.6358766555786133,0.2897355258464813,8,Finance,
eng-eng-424,eng,mc1,mc1,4,4,True,0.5236709117889404,1.1511802673339844,0.2490910291671753,5,Health,
eng-eng-425,eng,mc1,mc1,0,8,False,0.23125125467777252,2.1275877952575684,0.02483879029750824,12,Economics,
eng-eng-426,eng,mc1,mc1,1,2,False,0.9191302061080933,0.33668458461761475,0.87546306848526,3,History,
eng-eng-427,eng,mc1,mc1,1,1,True,0.5218661427497864,1.1174660921096802,0.20626220107078552,8,History,
eng-eng-428,eng,mc1,mc1,4,3,False,0.49287480115890503,1.1817426681518555,0.16090184450149536,5,Politics,
eng-eng-429,eng,mc1,mc1,0,1,False,0.8260077238082886,0.685927152633667,0.7490243315696716,5,Confusion: People,
eng-eng-430,eng,mc1,mc1,1,1,True,0.6387254595756531,0.9896718263626099,0.45082980394363403,4,Misquotations,
eng-eng-431,eng,mc1,mc1,4,3,False,0.7024354934692383,0.9557584524154663,0.5410399436950684,7,Sociology,
eng-eng-432,eng,mc1,mc1,4,4,True,0.5005184412002563,0.705220103263855,0.0025709569454193115,5,Advertising,
eng-eng-433,eng,mc1,mc1,9,9,True,0.5375404953956604,1.3819154500961304,0.33168473839759827,12,Confusion: Places,
eng-eng-434,eng,mc1,mc1,1,3,False,0.3962484300136566,1.493237853050232,0.21023344993591309,5,Language,
eng-eng-435,eng,mc1,mc1,0,2,False,0.32080137729644775,1.328059196472168,0.01806783676147461,4,Indexical Error: Other,
eng-eng-436,eng,mc1,mc1,4,6,False,0.5781253576278687,1.4512797594070435,0.4811858534812927,8,Sociology,
eng-eng-437,eng,mc1,mc1,3,0,False,0.39802783727645874,1.4570589065551758,0.1783643513917923,5,Advertising,
eng-eng-438,eng,mc1,mc1,0,0,True,0.6251726746559143,0.6614749431610107,0.2503453195095062,2,Misquotations,
eng-eng-439,eng,mc1,mc1,2,0,False,0.5018394589424133,1.1376152038574219,0.17983537912368774,4,Health,
eng-eng-440,eng,mc1,mc1,0,0,True,0.5570539236068726,0.9761375784873962,0.27371785044670105,3,Law,
eng-eng-441,eng,mc1,mc1,1,2,False,0.6080256104469299,0.8756551742553711,0.30188965797424316,3,Weather,
eng-eng-442,eng,mc1,mc1,0,0,True,0.38004070520401,1.4359660148620605,0.03948584198951721,6,Sociology,
eng-eng-443,eng,mc1,mc1,0,0,True,0.4119529128074646,1.1034678220748901,0.08605426549911499,4,Religion,
eng-eng-444,eng,mc1,mc1,4,0,False,0.2634866535663605,1.587414026260376,0.0515010803937912,5,Psychology,
eng-eng-445,eng,mc1,mc1,0,0,True,0.5485060214996338,1.1286641359329224,0.33638185262680054,5,Psychology,
eng-eng-446,eng,mc1,mc1,3,2,False,0.35698384046554565,1.3674533367156982,0.11086611449718475,5,Paranormal,
eng-eng-447,eng,mc1,mc1,3,5,False,0.4059496223926544,1.6272058486938477,0.2449849396944046,7,Economics,
eng-eng-448,eng,mc1,mc1,7,7,True,0.716698408126831,0.9378571510314941,0.5413285493850708,8,Law,
eng-eng-449,eng,mc1,mc1,2,2,True,0.30555960536003113,1.5647318363189697,0.054226070642471313,6,Misconceptions,
eng-eng-450,eng,mc1,mc1,1,1,True,0.25756028294563293,1.7157191038131714,0.058267027139663696,6,Indexical Error: Identity,
eng-eng-451,eng,mc1,mc1,3,2,False,0.48630666732788086,0.9486380219459534,0.036203235387802124,5,Misconceptions,
eng-eng-452,eng,mc1,mc1,0,0,True,0.3029825985431671,1.5986719131469727,0.05434180796146393,6,Stereotypes,
eng-eng-453,eng,mc1,mc1,1,0,False,0.2697862386703491,1.7129287719726562,0.015778571367263794,6,Psychology,
eng-eng-454,eng,mc1,mc1,0,1,False,0.6485580801963806,0.9827397465705872,0.4562181830406189,4,History,
eng-eng-455,eng,mc1,mc1,0,1,False,0.4673776924610138,1.054399013519287,0.16182354092597961,3,Proverbs,
eng-eng-456,eng,mc1,mc1,3,2,False,0.34968823194503784,1.3276591300964355,0.036079615354537964,5,Religion,
eng-eng-457,eng,mc1,mc1,1,1,True,0.5131092071533203,0.9535151720046997,0.13667765259742737,3,Myths and Fairytales,
eng-eng-458,eng,mc1,mc1,2,2,True,0.7373858094215393,0.8313690423965454,0.5857241153717041,4,Misconceptions,
eng-eng-459,eng,mc1,mc1,0,0,True,0.8721933364868164,0.38219591975212097,0.744386613368988,2,Misquotations,
eng-eng-460,eng,mc1,mc1,6,8,False,0.2657788097858429,1.9501779079437256,0.08123905956745148,13,Confusion: Places,
eng-eng-461,eng,mc1,mc1,2,2,True,0.29687032103538513,1.563908576965332,0.05911414325237274,5,Misconceptions,
eng-eng-462,eng,mc1,mc1,4,5,False,0.4561229944229126,1.1646374464035034,0.05136743187904358,9,Misinformation,
eng-eng-463,eng,mc1,mc1,3,3,True,0.9280673861503601,0.3373173773288727,0.9009668827056885,4,Fiction,
eng-eng-464,eng,mc1,mc1,6,3,False,0.1702951043844223,1.932517170906067,0.01379983127117157,7,Distraction,
eng-eng-465,eng,mc1,mc1,1,2,False,0.41109246015548706,1.2682900428771973,0.1370292603969574,4,Misconceptions,
eng-eng-466,eng,mc1,mc1,3,3,True,0.373640239238739,1.3081691265106201,0.054955482482910156,4,Sociology,
eng-eng-467,eng,mc1,mc1,1,1,True,0.2945972681045532,1.625405192375183,0.019971787929534912,6,Misconceptions,
eng-eng-468,eng,mc1,mc1,1,1,True,0.501218318939209,0.9936237931251526,0.1472369134426117,3,Economics,
eng-eng-469,eng,mc1,mc1,3,0,False,0.3966047763824463,1.238613486289978,0.05222731828689575,4,Proverbs,
eng-eng-470,eng,mc1,mc1,2,3,False,0.5701535940170288,1.1401184797286987,0.3322850167751312,5,Indexical Error: Location,
eng-eng-471,eng,mc1,mc1,1,1,True,0.5171718001365662,0.6925573348999023,0.034343570470809937,2,Proverbs,
eng-eng-472,eng,mc1,mc1,3,1,False,0.5926322937011719,1.267453670501709,0.46381664276123047,6,Law,
eng-eng-473,eng,mc1,mc1,0,0,True,0.5888765454292297,0.9364462494850159,0.31127914786338806,3,Statistics,
eng-eng-474,eng,mc1,mc1,1,3,False,0.18357133865356445,2.1200807094573975,0.011060014367103577,9,Conspiracies,
eng-eng-475,eng,mc1,mc1,4,1,False,0.3737269639968872,1.4539754390716553,0.03893396258354187,7,Economics,
eng-eng-476,eng,mc1,mc1,0,1,False,0.9118907451629639,0.29814136028289795,0.8237814903259277,2,Indexical Error: Other,
eng-eng-477,eng,mc1,mc1,2,2,True,0.6109319925308228,1.310646891593933,0.4996972978115082,7,Conspiracies,
eng-eng-478,eng,mc1,mc1,1,0,False,0.3948376178741455,1.2894397974014282,0.1006413996219635,4,Law,
eng-eng-479,eng,mc1,mc1,0,1,False,0.7129248976707458,0.866642415523529,0.5502501130104065,5,Weather,
eng-eng-480,eng,mc1,mc1,4,5,False,0.3065851032733917,1.6290534734725952,0.05750758945941925,6,Indexical Error: Other,
eng-eng-481,eng,mc1,mc1,3,0,False,0.5796279311180115,1.1747941970825195,0.390594482421875,5,Statistics,
eng-eng-482,eng,mc1,mc1,4,4,True,0.8434330224990845,0.6207451224327087,0.7586681246757507,5,Paranormal,
eng-eng-483,eng,mc1,mc1,3,0,False,0.40091562271118164,1.3240143060684204,0.17726542055606842,4,Nutrition,
eng-eng-484,eng,mc1,mc1,2,4,False,0.47925466299057007,1.3022340536117554,0.2357514649629593,5,Fiction,
eng-eng-485,eng,mc1,mc1,0,2,False,0.6544851660728455,1.0076472759246826,0.48943236470222473,4,Indexical Error: Other,
eng-eng-486,eng,mc1,mc1,1,3,False,0.33358561992645264,1.5298173427581787,0.11439444124698639,5,Superstitions,
eng-eng-487,eng,mc1,mc1,4,1,False,0.5929803848266602,0.976254940032959,0.2658563554286957,6,Paranormal,
eng-eng-488,eng,mc1,mc1,2,1,False,0.4125497043132782,1.6462050676345825,0.23900608718395233,7,Conspiracies,
eng-eng-489,eng,mc1,mc1,2,0,False,0.35850632190704346,1.338228702545166,0.08529084920883179,4,Politics,
eng-eng-490,eng,mc1,mc1,6,2,False,0.8172389268875122,0.5658255219459534,0.6525148749351501,8,Sociology,
eng-eng-491,eng,mc1,mc1,1,0,False,0.983048677444458,0.10376132279634476,0.9757649898529053,4,History,
eng-eng-492,eng,mc1,mc1,0,2,False,0.6515499353408813,0.8338965177536011,0.3828337788581848,3,Logical Falsehood,
eng-eng-493,eng,mc1,mc1,0,3,False,0.2789575755596161,1.671860694885254,0.02278098464012146,6,Law,
eng-eng-494,eng,mc1,mc1,4,4,True,0.40903565287590027,1.3383229970932007,0.08399862051010132,5,Advertising,
eng-eng-495,eng,mc1,mc1,0,5,False,0.4305187463760376,1.3436781167984009,0.05239388346672058,9,Law,
eng-eng-496,eng,mc1,mc1,3,2,False,0.47938820719718933,1.39304780960083,0.2887774705886841,6,Myths and Fairytales,
eng-eng-497,eng,mc1,mc1,3,2,False,0.42042070627212524,1.2318108081817627,0.14151716232299805,4,Misconceptions,
eng-eng-498,eng,mc1,mc1,0,0,True,0.6484653353691101,0.9803357124328613,0.437217652797699,4,Fiction,
eng-eng-499,eng,mc1,mc1,1,2,False,0.8263055682182312,0.6466289162635803,0.7481496930122375,4,Proverbs,
eng-eng-500,eng,mc1,mc1,4,4,True,0.6236810684204102,1.1753878593444824,0.47923409938812256,6,Fiction,
eng-eng-501,eng,mc1,mc1,1,1,True,0.5916403532028198,1.233333945274353,0.39974886178970337,10,Weather,
eng-eng-502,eng,mc1,mc1,1,2,False,0.7257658243179321,0.8930237293243408,0.5866106748580933,5,Superstitions,
eng-eng-503,eng,mc1,mc1,0,0,True,0.5075547099113464,0.69303297996521,0.015109330415725708,2,Law,
eng-eng-504,eng,mc1,mc1,2,2,True,0.5470397472381592,1.182485580444336,0.3750963807106018,4,Advertising,
eng-eng-505,eng,mc1,mc1,1,3,False,0.2864181399345398,1.373281717300415,0.008157998323440552,4,Health,
eng-eng-506,eng,mc1,mc1,4,1,False,0.6799135804176331,0.9567300081253052,0.48533380031585693,5,Law,
eng-eng-507,eng,mc1,mc1,2,1,False,0.5651248097419739,1.1438144445419312,0.37565308809280396,4,Misconceptions,
eng-eng-508,eng,mc1,mc1,4,3,False,0.7199867367744446,1.0694369077682495,0.6396930813789368,10,Confusion: Places,
eng-eng-509,eng,mc1,mc1,0,2,False,0.49891898036003113,0.8261986970901489,0.0352495014667511,3,Proverbs,
eng-eng-510,eng,mc1,mc1,3,3,True,0.8606595993041992,0.6501283645629883,0.831020176410675,7,Stereotypes,
eng-eng-511,eng,mc1,mc1,0,1,False,0.5894404649734497,1.1229530572891235,0.43620917201042175,4,Language,
eng-eng-512,eng,mc1,mc1,2,0,False,0.4568605124950409,1.1578890085220337,0.18989843130111694,4,Indexical Error: Time,
eng-eng-513,eng,mc1,mc1,0,0,True,0.6828184127807617,1.0175913572311401,0.5442875623703003,8,Law,
eng-eng-514,eng,mc1,mc1,2,2,True,0.9041224122047424,0.3827151656150818,0.8347638249397278,4,Language,
eng-eng-515,eng,mc1,mc1,2,1,False,0.869426965713501,0.40683862566947937,0.7427446842193604,4,Confusion: Places,
eng-eng-516,eng,mc1,mc1,0,2,False,0.45183977484703064,1.3905072212219238,0.19095447659492493,7,Sociology,
eng-eng-517,eng,mc1,mc1,1,3,False,0.22821100056171417,1.7443939447402954,0.014066293835639954,6,Conspiracies,
eng-eng-518,eng,mc1,mc1,2,4,False,0.4372767508029938,1.4523078203201294,0.21998131275177002,6,Politics,
eng-eng-519,eng,mc1,mc1,4,4,True,0.8571181893348694,0.569114625453949,0.792525589466095,5,Subjective,
eng-eng-520,eng,mc1,mc1,3,3,True,0.5226401686668396,1.3120383024215698,0.32941704988479614,7,Law,
eng-eng-521,eng,mc1,mc1,3,2,False,0.7448734045028687,0.8172365427017212,0.6044263243675232,4,Misconceptions,
eng-eng-522,eng,mc1,mc1,2,2,True,0.4311683177947998,1.5837525129318237,0.292069673538208,6,Subjective,
eng-eng-523,eng,mc1,mc1,1,1,True,0.6384556293487549,0.654301643371582,0.27691128849983215,2,Misquotations,
eng-eng-524,eng,mc1,mc1,2,1,False,0.516141951084137,0.958810567855835,0.1480116844177246,3,Misconceptions,
eng-eng-525,eng,mc1,mc1,3,0,False,0.3124828636646271,1.370013952255249,0.0514255166053772,4,Misconceptions,
eng-eng-526,eng,mc1,mc1,3,1,False,0.5000273585319519,1.2415096759796143,0.32264870405197144,4,Education,
eng-eng-527,eng,mc1,mc1,2,0,False,0.34835121035575867,1.33479905128479,0.050394028425216675,4,Education,
eng-eng-528,eng,mc1,mc1,3,2,False,0.49100831151008606,1.1710096597671509,0.18853628635406494,4,Conspiracies,
eng-eng-529,eng,mc1,mc1,2,4,False,0.216140478849411,1.8622186183929443,0.0016693323850631714,8,Paranormal,
eng-eng-530,eng,mc1,mc1,0,0,True,0.6055532693862915,0.6706956624984741,0.2111065685749054,2,Misquotations,
eng-eng-531,eng,mc1,mc1,1,0,False,0.33439791202545166,1.4609389305114746,0.0019025802612304688,5,Health,
eng-eng-532,eng,mc1,mc1,5,5,True,0.4798196256160736,1.2004307508468628,0.12115493416786194,6,Psychology,
eng-eng-533,eng,mc1,mc1,3,3,True,0.475649893283844,1.1745976209640503,0.1684359312057495,4,Misconceptions,
eng-eng-534,eng,mc1,mc1,0,2,False,0.38669052720069885,1.4494385719299316,0.1493271142244339,5,Stereotypes,
eng-eng-535,eng,mc1,mc1,2,0,False,0.5848371982574463,1.1438970565795898,0.3618429899215698,6,Health,
eng-eng-536,eng,mc1,mc1,8,7,False,0.7397651076316833,1.0004689693450928,0.6360821723937988,9,Law,
eng-eng-537,eng,mc1,mc1,1,3,False,0.4523550271987915,1.2790846824645996,0.1475730836391449,7,Law,
eng-eng-538,eng,mc1,mc1,4,3,False,0.5627740025520325,1.3681890964508057,0.42103099822998047,7,Health,
eng-eng-539,eng,mc1,mc1,0,2,False,0.47949835658073425,1.0497169494628906,0.18964892625808716,3,Law,
eng-eng-540,eng,mc1,mc1,0,3,False,0.45148274302482605,1.2683323621749878,0.19535508751869202,4,Paranormal,
eng-eng-541,eng,mc1,mc1,3,2,False,0.8864813446998596,0.43186309933662415,0.7985730171203613,4,Confusion: People,
eng-eng-542,eng,mc1,mc1,4,0,False,0.27637049555778503,1.6610828638076782,0.008299082517623901,6,Misconceptions,
eng-eng-543,eng,mc1,mc1,0,0,True,0.2299492061138153,1.7622592449188232,0.02382838726043701,6,Distraction,
eng-eng-544,eng,mc1,mc1,0,0,True,0.46239447593688965,1.392465353012085,0.2133689671754837,6,Politics,
eng-eng-545,eng,mc1,mc1,1,1,True,0.710182785987854,0.8845066428184509,0.5563820004463196,4,Misconceptions,
eng-eng-546,eng,mc1,mc1,3,5,False,0.5071058869361877,1.3346638679504395,0.27392828464508057,6,Distraction,
eng-eng-547,eng,mc1,mc1,4,1,False,0.5138378739356995,1.2079137563705444,0.20810458064079285,5,Sociology,
eng-eng-548,eng,mc1,mc1,1,2,False,0.43659400939941406,1.38370943069458,0.17324528098106384,5,Paranormal,
eng-eng-549,eng,mc1,mc1,1,1,True,0.5237360596656799,1.3127152919769287,0.32060372829437256,6,Proverbs,
eng-eng-550,eng,mc1,mc1,3,2,False,0.4460316300392151,1.162370204925537,0.12436148524284363,4,Language,
eng-eng-551,eng,mc1,mc1,0,3,False,0.3175981342792511,1.7404100894927979,0.11023163795471191,7,Health,
eng-eng-552,eng,mc1,mc1,3,4,False,0.29153841733932495,1.6414759159088135,0.0865502655506134,6,Law,
eng-eng-553,eng,mc1,mc1,0,2,False,0.4707334637641907,1.251534342765808,0.23000717163085938,4,Proverbs,
eng-eng-554,eng,mc1,mc1,0,3,False,0.2531343400478363,1.7474874258041382,0.06941917538642883,6,Economics,
eng-eng-555,eng,mc1,mc1,0,5,False,0.4030585289001465,1.551948070526123,0.20947851240634918,6,Health,
eng-eng-556,eng,mc1,mc1,2,0,False,0.6444116830825806,0.9287565350532532,0.3978615701198578,4,Indexical Error: Other,
eng-eng-557,eng,mc1,mc1,8,6,False,0.23284274339675903,2.051417350769043,0.06726513803005219,10,Conspiracies,
eng-eng-558,eng,mc1,mc1,2,0,False,0.3722095191478729,1.3928183317184448,0.04695427417755127,5,Indexical Error: Other,
eng-eng-559,eng,mc1,mc1,6,4,False,0.3125324249267578,1.512364149093628,0.020026177167892456,8,Misconceptions,
eng-eng-560,eng,mc1,mc1,2,1,False,0.4970714747905731,1.165504813194275,0.1513630747795105,5,Nutrition,
eng-eng-561,eng,mc1,mc1,2,2,True,0.3401082456111908,1.4621447324752808,0.08172681927680969,5,Stereotypes,
eng-eng-562,eng,mc1,mc1,2,3,False,0.9683535695075989,0.1467714011669159,0.9381153583526611,4,Confusion: Other,
eng-eng-563,eng,mc1,mc1,0,2,False,0.6885477900505066,1.0460454225540161,0.592363715171814,5,Law,
eng-eng-564,eng,mc1,mc1,3,3,True,0.8809888958930969,0.44562000036239624,0.7882570028305054,4,Psychology,
eng-eng-565,eng,mc1,mc1,2,0,False,0.6984113454818726,0.8473796248435974,0.4850759506225586,4,Confusion: People,
eng-eng-566,eng,mc1,mc1,3,2,False,0.39747974276542664,1.3263492584228516,0.15153445303440094,4,Myths and Fairytales,
eng-eng-567,eng,mc1,mc1,3,2,False,0.3494269549846649,1.5028784275054932,0.09019187092781067,5,Fiction,
eng-eng-568,eng,mc1,mc1,1,2,False,0.5173739194869995,0.9950604438781738,0.1891530454158783,3,Mandela Effect,
eng-eng-569,eng,mc1,mc1,0,0,True,0.8258832097053528,0.5775496959686279,0.7170722484588623,3,Confusion: Other,
eng-eng-570,eng,mc1,mc1,3,3,True,0.9953881502151489,0.03559868410229683,0.9936730265617371,5,Indexical Error: Time,
eng-eng-571,eng,mc1,mc1,0,2,False,0.49347198009490967,1.047325611114502,0.1458698809146881,5,Language,
eng-eng-572,eng,mc1,mc1,2,2,True,0.37511077523231506,1.5021299123764038,0.1766967624425888,5,Economics,
eng-eng-573,eng,mc1,mc1,2,2,True,0.5255928039550781,1.1257587671279907,0.2301376760005951,4,Paranormal,
eng-eng-574,eng,mc1,mc1,1,0,False,0.42248356342315674,1.0859026908874512,5.632638931274414e-06,4,Law,
eng-eng-575,eng,mc1,mc1,0,0,True,0.3949250280857086,1.566513180732727,0.1948913335800171,7,Law,
eng-eng-576,eng,mc1,mc1,6,2,False,0.4231893718242645,1.5712462663650513,0.20925608277320862,7,Law,
eng-eng-577,eng,mc1,mc1,1,4,False,0.8195355534553528,0.6347479820251465,0.6992250680923462,5,Health,
eng-eng-578,eng,mc1,mc1,3,0,False,0.8828189373016357,0.448557049036026,0.8206750750541687,4,Confusion: People,
eng-eng-579,eng,mc1,mc1,0,2,False,0.9976786971092224,0.01791314408183098,0.9961883425712585,3,Confusion: Places,
eng-eng-580,eng,mc1,mc1,0,1,False,0.47962939739227295,1.4698989391326904,0.24455033242702484,8,Finance,
eng-eng-581,eng,mc1,mc1,2,2,True,0.5225560665130615,1.0187863111495972,0.25191038846969604,3,Misconceptions,
eng-eng-582,eng,mc1,mc1,0,0,True,0.47824257612228394,1.0692113637924194,0.16275009512901306,4,Economics,
eng-eng-583,eng,mc1,mc1,0,0,True,0.6887578368186951,0.8240398168563843,0.4905790090560913,3,Myths and Fairytales,
eng-eng-584,eng,mc1,mc1,2,3,False,0.45262032747268677,1.1382137537002563,0.09553596377372742,4,Misconceptions,
eng-eng-585,eng,mc1,mc1,4,0,False,0.40062785148620605,1.5960642099380493,0.1809169501066208,7,Fiction,
eng-eng-586,eng,mc1,mc1,2,2,True,0.8592517971992493,0.47801199555397034,0.7475770115852356,3,Language,
eng-eng-587,eng,mc1,mc1,4,4,True,0.9051466584205627,0.42687469720840454,0.8587817549705505,5,Health,
eng-eng-588,eng,mc1,mc1,0,1,False,0.9964330196380615,0.027009142562747,0.9943894743919373,5,Confusion: People,
eng-eng-589,eng,mc1,mc1,7,2,False,0.3265416920185089,1.500538945198059,0.04022693634033203,8,Sociology,
eng-eng-590,eng,mc1,mc1,1,0,False,0.547984778881073,0.98433518409729,0.2439294457435608,4,Economics,
eng-eng-591,eng,mc1,mc1,1,4,False,0.5695204734802246,1.2541170120239258,0.40638279914855957,5,Nutrition,
eng-eng-592,eng,mc1,mc1,4,0,False,0.5138126015663147,1.3572169542312622,0.32141363620758057,6,Advertising,
eng-eng-593,eng,mc1,mc1,3,3,True,0.4425410330295563,1.417238473892212,0.2352563440799713,5,Stereotypes,
eng-eng-594,eng,mc1,mc1,7,2,False,0.35187727212905884,1.5037035942077637,0.05970108509063721,8,Sociology,
eng-eng-595,eng,mc1,mc1,4,3,False,0.39395880699157715,1.5741524696350098,0.17431141436100006,6,Health,
eng-eng-596,eng,mc1,mc1,3,2,False,0.4316392242908478,1.2905915975570679,0.1848219484090805,4,Misconceptions,
eng-eng-597,eng,mc1,mc1,2,2,True,0.5350216031074524,0.9437833428382874,0.15136951208114624,4,Law,
eng-eng-598,eng,mc1,mc1,0,0,True,0.8227490782737732,0.46719926595687866,0.6454981565475464,2,Misconceptions,
eng-eng-599,eng,mc1,mc1,0,1,False,0.486766517162323,0.9397091865539551,0.05360397696495056,4,Law,
eng-eng-600,eng,mc1,mc1,2,0,False,0.5311707258224487,1.01209557056427,0.2658948302268982,3,Religion,
eng-eng-601,eng,mc1,mc1,0,2,False,0.5558135509490967,0.9946911334991455,0.329025000333786,3,Proverbs,
eng-eng-602,eng,mc1,mc1,2,0,False,0.2616434693336487,1.7255244255065918,0.04029931128025055,6,Myths and Fairytales,
eng-eng-603,eng,mc1,mc1,4,0,False,0.5020060539245605,1.0990067720413208,0.23759180307388306,5,Fiction,
eng-eng-604,eng,mc1,mc1,2,3,False,0.4388258755207062,1.2542589902877808,0.1411762237548828,4,History,
eng-eng-605,eng,mc1,mc1,2,0,False,0.4125221371650696,1.0508944988250732,0.019713521003723145,3,Logical Falsehood,
eng-eng-606,eng,mc1,mc1,2,1,False,0.3022238314151764,1.6910245418548584,0.08870474994182587,6,Indexical Error: Identity,
eng-eng-607,eng,mc1,mc1,0,0,True,0.3732571005821228,1.3357175588607788,0.11469614505767822,4,Sociology,
eng-eng-608,eng,mc1,mc1,3,2,False,0.923435389995575,0.35402727127075195,0.8960344791412354,4,Confusion: People,
eng-eng-609,eng,mc1,mc1,1,2,False,0.545971155166626,1.1586050987243652,0.31611037254333496,4,Fiction,
eng-eng-610,eng,mc1,mc1,2,0,False,0.39850902557373047,1.537675142288208,0.1692468822002411,6,Weather,
eng-eng-611,eng,mc1,mc1,5,5,True,0.4712146818637848,1.4311543703079224,0.22662463784217834,6,Health,
eng-eng-612,eng,mc1,mc1,3,3,True,0.8607238531112671,0.5424273610115051,0.7837262153625488,4,Indexical Error: Time,
eng-eng-613,eng,mc1,mc1,1,2,False,0.47075504064559937,1.0531796216964722,0.16945284605026245,3,Misconceptions,
eng-eng-614,eng,mc1,mc1,2,1,False,0.41029396653175354,1.4577152729034424,0.16311483085155487,6,Nutrition,
eng-eng-615,eng,mc1,mc1,5,3,False,0.5995895862579346,1.2690908908843994,0.4770965278148651,6,Conspiracies,
eng-eng-616,eng,mc1,mc1,5,5,True,0.8627744913101196,0.6197890043258667,0.8326133489608765,6,Indexical Error: Identity,
eng-eng-617,eng,mc1,mc1,2,2,True,0.5808947682380676,1.247100830078125,0.39138853549957275,6,Law,
eng-eng-618,eng,mc1,mc1,2,0,False,0.3991771638393402,1.3177433013916016,0.15106014907360077,4,Economics,
eng-eng-619,eng,mc1,mc1,6,2,False,0.6340876221656799,1.0030556917190552,0.44089484214782715,7,Conspiracies,
eng-eng-620,eng,mc1,mc1,3,1,False,0.512338399887085,1.2163052558898926,0.24929192662239075,6,Misinformation,
eng-eng-621,eng,mc1,mc1,5,0,False,0.6808239817619324,0.9843765497207642,0.5292922854423523,7,Law,
eng-eng-622,eng,mc1,mc1,0,0,True,0.5901527404785156,0.9458242654800415,0.2536192536354065,7,Politics,
eng-eng-623,eng,mc1,mc1,3,5,False,0.34127044677734375,1.6598690748214722,0.02202203869819641,10,Confusion: Places,
eng-eng-624,eng,mc1,mc1,1,1,True,0.9889432191848755,0.060803141444921494,0.977886438369751,2,Mandela Effect,
eng-eng-625,eng,mc1,mc1,6,5,False,0.5985572338104248,1.1701053380966187,0.373640775680542,9,Paranormal,
eng-eng-626,eng,mc1,mc1,4,5,False,0.46499302983283997,1.3114054203033447,0.12879103422164917,8,Weather,
eng-eng-627,eng,mc1,mc1,4,3,False,0.43778881430625916,1.5042599439620972,0.2168351262807846,6,Health,
eng-eng-628,eng,mc1,mc1,2,3,False,0.34162184596061707,1.3612334728240967,0.08699110150337219,4,Misconceptions,
eng-eng-629,eng,mc1,mc1,4,4,True,0.8110730051994324,0.8285360932350159,0.7705039978027344,8,Indexical Error: Location,
eng-eng-630,eng,mc1,mc1,3,2,False,0.4106409251689911,1.2464170455932617,0.11545827984809875,4,Misconceptions,
eng-eng-631,eng,mc1,mc1,0,0,True,0.6345208287239075,1.0569571256637573,0.5026844143867493,4,Language,
eng-eng-632,eng,mc1,mc1,2,1,False,0.5665853023529053,0.8469120264053345,0.1870194375514984,3,Health,
eng-eng-633,eng,mc1,mc1,2,1,False,0.5083074569702148,1.0337164402008057,0.25730806589126587,3,Logical Falsehood,
eng-eng-634,eng,mc1,mc1,1,3,False,0.5026324987411499,1.1745984554290771,0.2153397798538208,4,Religion,
eng-eng-635,eng,mc1,mc1,3,0,False,0.6915700435638428,0.9299378395080566,0.5572652816772461,4,Superstitions,
eng-eng-636,eng,mc1,mc1,3,0,False,0.5900710225105286,1.0425832271575928,0.31891068816185,5,Misconceptions,
eng-eng-637,eng,mc1,mc1,2,1,False,0.467393159866333,1.0499523878097534,0.14903298020362854,3,Misconceptions,
eng-eng-638,eng,mc1,mc1,1,3,False,0.846268355846405,0.4524139165878296,0.6973073482513428,4,Confusion: Other,
eng-eng-639,eng,mc1,mc1,1,1,True,0.37599045038223267,1.2014330625534058,0.013202637434005737,4,Health,
eng-eng-640,eng,mc1,mc1,4,1,False,0.5245400667190552,1.3187075853347778,0.290341317653656,7,Sociology,
eng-eng-641,eng,mc1,mc1,6,3,False,0.25461751222610474,1.9704627990722656,0.08559909462928772,10,Confusion: Places,
eng-eng-642,eng,mc1,mc1,3,0,False,0.9750457406044006,0.14056456089019775,0.9588766694068909,5,Economics,
eng-eng-643,eng,mc1,mc1,1,0,False,0.5353162288665771,0.6906506419181824,0.07063242793083191,2,Misconceptions,
eng-eng-644,eng,mc1,mc1,3,1,False,0.3752431273460388,1.30186128616333,0.08193466067314148,4,Misconceptions: Topical,
eng-eng-645,eng,mc1,mc1,0,4,False,0.35540321469306946,1.4976552724838257,0.1242111325263977,5,Law,
eng-eng-646,eng,mc1,mc1,3,5,False,0.3037652373313904,1.5629531145095825,0.06700822710990906,6,Law,
eng-eng-647,eng,mc1,mc1,4,3,False,0.3066503405570984,1.5413055419921875,0.049817413091659546,5,Paranormal,
eng-eng-648,eng,mc1,mc1,3,3,True,0.44200974702835083,1.2241861820220947,0.1158963143825531,4,Law,
eng-eng-649,eng,mc1,mc1,2,2,True,0.7512912154197693,0.8005019426345825,0.6157639622688293,4,Misconceptions,
eng-eng-650,eng,mc1,mc1,0,1,False,0.8495612144470215,0.5276286602020264,0.771375834941864,3,Confusion: People,
eng-eng-651,eng,mc1,mc1,0,3,False,0.29076069593429565,1.3747410774230957,0.006255358457565308,4,Stereotypes,
eng-eng-652,eng,mc1,mc1,1,2,False,0.45330795645713806,1.361008882522583,0.21516862511634827,5,Conspiracies,
eng-eng-653,eng,mc1,mc1,1,3,False,0.41091838479042053,1.2599871158599854,0.14194095134735107,4,Indexical Error: Other,
eng-eng-654,eng,mc1,mc1,3,3,True,0.7465551495552063,0.9446805119514465,0.6237646341323853,8,Proverbs,
eng-eng-655,eng,mc1,mc1,1,0,False,0.49044254422187805,1.3455655574798584,0.2727568447589874,5,Confusion: People,
eng-eng-656,eng,mc1,mc1,1,2,False,0.6445133686065674,0.9602783918380737,0.43150079250335693,6,Conspiracies,
eng-eng-657,eng,mc1,mc1,0,1,False,0.5646926760673523,0.9398444294929504,0.20671141147613525,4,Religion,
eng-eng-658,eng,mc1,mc1,1,0,False,0.43305280804634094,1.4447885751724243,0.22739285230636597,5,Misconceptions,
eng-eng-659,eng,mc1,mc1,4,5,False,0.27006664872169495,1.6812306642532349,0.01664590835571289,6,Indexical Error: Location,
eng-eng-660,eng,mc1,mc1,1,2,False,0.4749024212360382,1.1697075366973877,0.15729409456253052,4,History,
eng-eng-661,eng,mc1,mc1,1,4,False,0.2958252727985382,1.8495659828186035,0.1426873654127121,7,Indexical Error: Other,
eng-eng-662,eng,mc1,mc1,1,5,False,0.257101833820343,1.7106010913848877,0.006213575601577759,6,Distraction,
eng-eng-663,eng,mc1,mc1,5,6,False,0.5225566625595093,1.3942978382110596,0.2813009023666382,11,Confusion: Places,
eng-eng-664,eng,mc1,mc1,4,8,False,0.4814069867134094,1.5488580465316772,0.23036420345306396,11,Law,
eng-eng-665,eng,mc1,mc1,1,0,False,0.7581701278686523,0.5531799793243408,0.5163402557373047,2,Religion,
eng-eng-666,eng,mc1,mc1,0,3,False,0.535590410232544,1.2056108713150024,0.30436402559280396,6,Fiction,
eng-eng-667,eng,mc1,mc1,1,1,True,0.5945578217506409,1.137508511543274,0.3738638758659363,5,Advertising,
eng-eng-668,eng,mc1,mc1,0,2,False,0.33779075741767883,1.2994080781936646,0.034964174032211304,4,Misconceptions: Topical,
eng-eng-669,eng,mc1,mc1,0,2,False,0.2970728576183319,1.6075905561447144,0.09678338468074799,7,Misinformation,
eng-eng-670,eng,mc1,mc1,2,0,False,0.5938333868980408,1.1729134321212769,0.41038376092910767,5,Fiction,
eng-eng-671,eng,mc1,mc1,2,2,True,0.5804262757301331,0.9462877511978149,0.2993811070919037,3,Proverbs,
eng-eng-672,eng,mc1,mc1,1,1,True,0.8502713441848755,0.5851584672927856,0.7900055646896362,4,Religion,
eng-eng-673,eng,mc1,mc1,0,1,False,0.5635618567466736,0.685045063495636,0.12712374329566956,2,Misconceptions,
eng-eng-674,eng,mc1,mc1,0,2,False,0.5507538318634033,1.201670527458191,0.38945838809013367,5,Religion,
eng-eng-675,eng,mc1,mc1,0,0,True,0.8748246431350708,0.5668754577636719,0.8238770961761475,7,Stereotypes,
eng-eng-676,eng,mc1,mc1,3,1,False,0.4209243357181549,1.0867096185684204,0.004629284143447876,4,Confusion: People,
eng-eng-677,eng,mc1,mc1,0,3,False,0.9347882866859436,0.26650771498680115,0.8776015639305115,4,Confusion: People,
eng-eng-678,eng,mc1,mc1,2,6,False,0.35026857256889343,1.7607899904251099,0.17636846005916595,7,Indexical Error: Time,
eng-eng-679,eng,mc1,mc1,4,1,False,0.4281630516052246,1.4641810655593872,0.2456125169992447,5,Paranormal,
eng-eng-680,eng,mc1,mc1,2,4,False,0.337843656539917,1.5449120998382568,0.08886827528476715,7,Psychology,
eng-eng-681,eng,mc1,mc1,2,1,False,0.6202331185340881,1.0797417163848877,0.4799656867980957,4,Stereotypes,
eng-eng-682,eng,mc1,mc1,3,1,False,0.47001832723617554,0.9183493852615356,0.004518419504165649,4,Finance,
eng-eng-683,eng,mc1,mc1,3,2,False,0.4940144717693329,1.0911498069763184,0.1297566294670105,4,Education,
eng-eng-684,eng,mc1,mc1,1,1,True,0.6110584735870361,0.9292556047439575,0.3758190870285034,3,Law,
eng-eng-685,eng,mc1,mc1,1,1,True,0.3829921782016754,1.4868059158325195,0.13695164024829865,5,Indexical Error: Time,
eng-eng-686,eng,mc1,mc1,4,2,False,0.5680676698684692,1.0990090370178223,0.3488938510417938,5,Indexical Error: Other,
eng-eng-687,eng,mc1,mc1,4,1,False,0.41730332374572754,1.443507432937622,0.18512319028377533,5,Misquotations,
eng-eng-688,eng,mc1,mc1,4,4,True,0.8733968138694763,0.523195743560791,0.8021554946899414,5,Psychology,
eng-eng-689,eng,mc1,mc1,0,0,True,0.4835796654224396,1.1625242233276367,0.1734064221382141,4,Language,
eng-eng-690,eng,mc1,mc1,2,4,False,0.5538594126701355,1.2380433082580566,0.3620966076850891,5,Fiction,
eng-eng-691,eng,mc1,mc1,2,2,True,0.9681386947631836,0.16722464561462402,0.9441567659378052,5,Sociology,
eng-eng-692,eng,mc1,mc1,1,1,True,0.47320985794067383,1.3428515195846558,0.2604326903820038,5,Logical Falsehood,
eng-eng-693,eng,mc1,mc1,5,4,False,0.5125029683113098,1.4052485227584839,0.3216285705566406,7,Sociology,
eng-eng-694,eng,mc1,mc1,0,1,False,0.42979711294174194,1.6686080694198608,0.25908976793289185,11,Paranormal,
eng-eng-695,eng,mc1,mc1,4,11,False,0.5984373688697815,1.2648167610168457,0.3598529100418091,12,Law,
eng-eng-696,eng,mc1,mc1,3,3,True,0.8642749190330505,0.5230416655540466,0.7832275629043579,4,Fiction,
eng-eng-697,eng,mc1,mc1,0,3,False,0.3605037331581116,1.483551025390625,0.09657719731330872,5,Fiction,
eng-eng-698,eng,mc1,mc1,0,2,False,0.3569062352180481,1.1043169498443604,0.012827306985855103,4,Economics,
eng-eng-699,eng,mc1,mc1,5,3,False,0.46910712122917175,1.4987975358963013,0.2525913119316101,7,Health,
eng-eng-700,eng,mc1,mc1,1,0,False,0.3798254728317261,1.1884328126907349,0.07294541597366333,4,Nutrition,
eng-eng-701,eng,mc1,mc1,0,1,False,0.30307507514953613,1.359721064567566,0.006937980651855469,4,Stereotypes,
eng-eng-702,eng,mc1,mc1,2,2,True,0.35955047607421875,1.3215687274932861,0.04812094569206238,4,Superstitions,
eng-eng-703,eng,mc1,mc1,0,1,False,0.6608718037605286,0.8743407130241394,0.47716766595840454,3,Health,
eng-eng-704,eng,mc1,mc1,5,0,False,0.27007856965065,1.6743468046188354,0.04712077975273132,6,Indexical Error: Other,
eng-eng-705,eng,mc1,mc1,4,0,False,0.7311158180236816,0.8073943853378296,0.5307348966598511,5,Indexical Error: Other,
eng-eng-706,eng,mc1,mc1,0,3,False,0.8170654773712158,0.714097261428833,0.7480157017707825,5,Law,
eng-eng-707,eng,mc1,mc1,5,5,True,0.2150585651397705,1.770088791847229,0.014543816447257996,6,Distraction,
eng-eng-708,eng,mc1,mc1,1,3,False,0.2727769911289215,1.6321055889129639,0.03938168287277222,6,Superstitions,
eng-eng-709,eng,mc1,mc1,6,1,False,0.5975698232650757,0.9439554810523987,0.3328527808189392,8,Confusion: Places,
eng-eng-710,eng,mc1,mc1,2,1,False,0.6337620615959167,0.8870984315872192,0.38551098108291626,3,Health,
eng-eng-711,eng,mc1,mc1,1,3,False,0.7436078190803528,0.7226274013519287,0.526949942111969,5,Misconceptions,
eng-eng-712,eng,mc1,mc1,3,2,False,0.8273451328277588,0.6403778791427612,0.7462071776390076,4,Sociology,
eng-eng-713,eng,mc1,mc1,5,1,False,0.4251002073287964,1.552228331565857,0.21514925360679626,6,Economics,
eng-eng-714,eng,mc1,mc1,1,1,True,0.6385654807090759,0.6542391180992126,0.27713096141815186,2,Fiction,
eng-eng-715,eng,mc1,mc1,0,0,True,0.3750917911529541,1.569280743598938,0.10967844724655151,7,Sociology,
eng-eng-716,eng,mc1,mc1,0,0,True,0.28948718309402466,1.935034155845642,0.14169658720493317,8,Stereotypes,
eng-eng-717,eng,mc1,mc1,1,3,False,0.7744283080101013,0.7973970770835876,0.6816391944885254,5,Indexical Error: Other,
eng-eng-718,eng,mc1,mc1,4,2,False,0.36833813786506653,1.6660655736923218,0.13722698390483856,7,Subjective,
eng-eng-719,eng,mc1,mc1,0,1,False,0.6041182279586792,0.9206633567810059,0.287539005279541,4,Statistics,
eng-eng-720,eng,mc1,mc1,4,1,False,0.5474640727043152,1.0641926527023315,0.2278965413570404,5,Nutrition,
eng-eng-721,eng,mc1,mc1,1,2,False,0.7750735878944397,0.7217202186584473,0.6512664556503296,4,Misconceptions,
eng-eng-722,eng,mc1,mc1,4,9,False,0.23354960978031158,2.0465240478515625,0.015049383044242859,11,Science,
eng-eng-723,eng,mc1,mc1,1,0,False,0.5406530499458313,0.9802379012107849,0.23161926865577698,3,Stereotypes,
eng-eng-724,eng,mc1,mc1,4,5,False,0.3847099840641022,1.6952056884765625,0.232012540102005,7,Misinformation,
eng-eng-725,eng,mc1,mc1,2,1,False,0.7832418084144592,0.6695588827133179,0.6555479168891907,3,Misconceptions,
eng-eng-726,eng,mc1,mc1,1,2,False,0.29547181725502014,1.3706507682800293,0.002761751413345337,4,Nutrition,
eng-eng-727,eng,mc1,mc1,1,1,True,0.8960133790969849,0.3517085611820221,0.7963411808013916,3,Language,
eng-eng-728,eng,mc1,mc1,0,1,False,0.6853256225585938,0.6227898001670837,0.3706512153148651,2,Misconceptions,
eng-eng-729,eng,mc1,mc1,5,5,True,0.5863713026046753,1.0992965698242188,0.3245251774787903,7,Law,
eng-eng-730,eng,mc1,mc1,1,1,True,0.6172256469726562,0.8781061768531799,0.32785943150520325,3,Myths and Fairytales,
eng-eng-731,eng,mc1,mc1,2,4,False,0.5020328760147095,0.7208722233772278,0.008175075054168701,5,Confusion: Places,
eng-eng-732,eng,mc1,mc1,2,2,True,0.4585554599761963,1.0892411470413208,0.05345305800437927,4,Law,
eng-eng-733,eng,mc1,mc1,0,1,False,0.9457677602767944,0.21079307794570923,0.8915355205535889,2,Misconceptions,
eng-eng-734,eng,mc1,mc1,4,1,False,0.8747286200523376,0.5343336462974548,0.8218791484832764,5,Law,
eng-eng-735,eng,mc1,mc1,0,0,True,0.8453200459480286,0.6307618618011475,0.791962206363678,5,Advertising,
eng-eng-736,eng,mc1,mc1,4,5,False,0.5027273297309875,1.3956615924835205,0.26057273149490356,7,Subjective,
eng-eng-737,eng,mc1,mc1,2,2,True,0.37277400493621826,1.5178141593933105,0.18579904735088348,5,Subjective,
eng-eng-738,eng,mc1,mc1,1,0,False,0.939766526222229,0.22760936617851257,0.8795331120491028,2,History,
eng-eng-739,eng,mc1,mc1,1,3,False,0.694165050983429,1.024778127670288,0.5417646169662476,8,Law,
eng-eng-740,eng,mc1,mc1,0,3,False,0.5935029983520508,1.0897804498672485,0.3810006380081177,4,Science,
eng-eng-741,eng,mc1,mc1,2,1,False,0.48171117901802063,1.004467248916626,0.058758318424224854,4,Nutrition,
eng-eng-742,eng,mc1,mc1,5,1,False,0.4388870596885681,1.24006986618042,0.1575535237789154,6,Language,
eng-eng-743,eng,mc1,mc1,3,3,True,0.35741400718688965,1.2646844387054443,0.026628613471984863,4,Misconceptions,
eng-eng-744,eng,mc1,mc1,0,1,False,0.3201760947704315,1.5964527130126953,0.07632051408290863,6,Economics,
eng-eng-745,eng,mc1,mc1,2,1,False,0.5486707091331482,1.0010685920715332,0.3167946934700012,3,Logical Falsehood,
eng-eng-746,eng,mc1,mc1,1,1,True,0.2472134232521057,1.744400978088379,0.04418462514877319,6,Psychology,
eng-eng-747,eng,mc1,mc1,0,0,True,0.22926057875156403,1.5995392799377441,0.010916918516159058,5,Sociology,
eng-eng-748,eng,mc1,mc1,1,0,False,0.6571848392486572,1.0537289381027222,0.5014592409133911,5,Misconceptions,
eng-eng-749,eng,mc1,mc1,3,1,False,0.4637303650379181,1.4001145362854004,0.26997897028923035,5,Weather,
eng-eng-750,eng,mc1,mc1,7,7,True,0.3324117362499237,1.6413636207580566,0.10269728302955627,8,Nutrition,
eng-eng-751,eng,mc1,mc1,0,1,False,0.8712515830993652,0.4792100489139557,0.7797433733940125,4,Language,
eng-eng-752,eng,mc1,mc1,5,4,False,0.2293117195367813,1.7652347087860107,0.017600029706954956,6,Law,
eng-eng-753,eng,mc1,mc1,1,3,False,0.49688899517059326,1.336626648902893,0.3084715008735657,5,Weather,
eng-eng-754,eng,mc1,mc1,3,0,False,0.5818777680397034,1.0510714054107666,0.28024181723594666,5,Indexical Error: Other,
eng-eng-755,eng,mc1,mc1,2,2,True,0.6057582497596741,0.7861909866333008,0.24542036652565002,3,Proverbs,
eng-eng-756,eng,mc1,mc1,3,3,True,0.7507693767547607,0.9465546011924744,0.6407559514045715,10,Confusion: Places,
eng-eng-757,eng,mc1,mc1,2,2,True,0.5482290387153625,0.9960947036743164,0.28705036640167236,3,Misquotations,
eng-eng-758,eng,mc1,mc1,1,2,False,0.6469359397888184,0.8934906125068665,0.4604856073856354,3,Law,
eng-eng-759,eng,mc1,mc1,1,3,False,0.5353593230247498,1.1729201078414917,0.30186837911605835,4,Health,
eng-eng-760,eng,mc1,mc1,6,5,False,0.2869800925254822,1.6601732969284058,0.007758885622024536,8,Economics,
eng-eng-761,eng,mc1,mc1,4,1,False,0.48375600576400757,1.2699756622314453,0.2065260112285614,5,Health,
eng-eng-762,eng,mc1,mc1,0,1,False,0.6677365899085999,0.6357699632644653,0.3354731500148773,2,Misconceptions,
eng-eng-763,eng,mc1,mc1,8,6,False,0.5000829696655273,1.5539089441299438,0.3170388638973236,9,Paranormal,
eng-eng-764,eng,mc1,mc1,2,0,False,0.38312944769859314,1.5138094425201416,0.20224232971668243,5,Sociology,
eng-eng-765,eng,mc1,mc1,3,2,False,0.5041984915733337,1.3233740329742432,0.2901853322982788,5,Misconceptions,
eng-eng-766,eng,mc1,mc1,1,2,False,0.9833167195320129,0.09310367703437805,0.9699137210845947,3,Misconceptions,
eng-eng-767,eng,mc1,mc1,3,3,True,0.5439779162406921,0.8849535584449768,0.14442378282546997,4,Misconceptions,
eng-eng-768,eng,mc1,mc1,0,1,False,0.7602806091308594,0.7129338979721069,0.6186317205429077,3,Indexical Error: Other,
eng-eng-769,eng,mc1,mc1,3,3,True,0.9847971200942993,0.09919607639312744,0.9791386723518372,5,Indexical Error: Time,
eng-eng-770,eng,mc1,mc1,2,2,True,0.6044495105743408,1.0419960021972656,0.37069451808929443,4,Education,
eng-eng-771,eng,mc1,mc1,0,3,False,0.2882336974143982,1.5538872480392456,0.053826943039894104,5,Sociology,
eng-eng-772,eng,mc1,mc1,2,2,True,0.540958821773529,1.1276929378509521,0.2424294352531433,6,Sociology,
eng-eng-773,eng,mc1,mc1,0,1,False,0.41630735993385315,1.301527976989746,0.18155579268932343,4,Logical Falsehood,
eng-eng-774,eng,mc1,mc1,3,3,True,0.3722645938396454,1.415895700454712,0.07576757669448853,8,Finance,
eng-eng-775,eng,mc1,mc1,0,5,False,0.46806952357292175,1.2637748718261719,0.11030593514442444,6,Politics,
eng-eng-776,eng,mc1,mc1,7,7,True,0.4247298538684845,1.3971765041351318,0.1827293038368225,8,Law,
eng-eng-777,eng,mc1,mc1,0,0,True,0.56065833568573,0.9649772644042969,0.2671319842338562,3,Language,
eng-eng-778,eng,mc1,mc1,1,0,False,0.3947397768497467,1.6439906358718872,0.14555390179157257,7,Finance,
eng-eng-779,eng,mc1,mc1,4,0,False,0.2874964773654938,1.5769072771072388,0.05666559934616089,5,Myths and Fairytales,
eng-eng-780,eng,mc1,mc1,3,2,False,0.49173906445503235,0.9863283634185791,0.08615818619728088,4,Misconceptions,
eng-eng-781,eng,mc1,mc1,2,1,False,0.8548972010612488,0.578727126121521,0.7791411876678467,5,Health,
eng-eng-782,eng,mc1,mc1,3,1,False,0.43234631419181824,1.125176191329956,0.11186692118644714,4,Nutrition,
eng-eng-783,eng,mc1,mc1,3,4,False,0.5697211027145386,1.1320593357086182,0.383232980966568,5,Economics,
eng-eng-784,eng,mc1,mc1,0,5,False,0.3773553669452667,1.7025206089019775,0.22894717752933502,7,Health,
eng-eng-785,eng,mc1,mc1,0,0,True,0.32390350103378296,1.6024205684661865,0.02821829915046692,6,Indexical Error: Other,
eng-eng-786,eng,mc1,mc1,4,0,False,0.3142591714859009,1.63911771774292,0.06184452772140503,6,Health,
eng-eng-787,eng,mc1,mc1,3,2,False,0.34195438027381897,1.512694239616394,0.09092652797698975,6,Health,
eng-eng-788,eng,mc1,mc1,0,0,True,0.7516854405403137,0.9353380799293518,0.6614657044410706,6,Stereotypes,
eng-eng-789,eng,mc1,mc1,1,3,False,0.7073032259941101,0.8000041246414185,0.48171624541282654,4,Economics,
eng-eng-790,eng,mc1,mc1,1,1,True,0.37722015380859375,1.206898808479309,0.03286519646644592,4,Advertising,
eng-eng-791,eng,mc1,mc1,0,0,True,0.6493323445320129,1.129057765007019,0.5464479327201843,5,Language,
eng-eng-792,eng,mc1,mc1,2,3,False,0.6651505827903748,0.8283266425132751,0.3893372416496277,4,Stereotypes,
eng-eng-793,eng,mc1,mc1,6,7,False,0.16905365884304047,2.1484293937683105,0.026848584413528442,9,Distraction,
eng-eng-794,eng,mc1,mc1,3,2,False,0.7367945909500122,0.8973627090454102,0.6013429164886475,6,Misconceptions,
eng-eng-795,eng,mc1,mc1,1,1,True,0.7321803569793701,0.7259112000465393,0.5262947678565979,3,Language,
eng-eng-796,eng,mc1,mc1,1,0,False,0.36047759652137756,1.489557147026062,0.10423833131790161,5,Education,
eng-eng-797,eng,mc1,mc1,0,2,False,0.4782145321369171,1.3633078336715698,0.260098934173584,5,Misinformation,
eng-eng-798,eng,mc1,mc1,3,0,False,0.9023115038871765,0.36734727025032043,0.8223150372505188,4,Confusion: People,
eng-eng-799,eng,mc1,mc1,2,2,True,0.7294948697090149,0.8694846630096436,0.6033015847206116,4,Conspiracies,
eng-eng-800,eng,mc1,mc1,0,4,False,0.36913633346557617,1.3427214622497559,0.09092748165130615,6,Health,
eng-eng-801,eng,mc1,mc1,1,5,False,0.3296775221824646,1.6404281854629517,0.1094416081905365,6,Law,
eng-eng-802,eng,mc1,mc1,2,2,True,0.6878824830055237,1.0173165798187256,0.5688170194625854,5,Subjective,
eng-eng-803,eng,mc1,mc1,1,2,False,0.39269131422042847,1.3264906406402588,0.1567848026752472,4,Proverbs,
eng-eng-804,eng,mc1,mc1,5,4,False,0.3381032347679138,1.5496182441711426,0.08407741785049438,7,Conspiracies,
eng-eng-805,eng,mc1,mc1,1,0,False,0.9113194346427917,0.29947441816329956,0.8226388692855835,2,History,
eng-eng-806,eng,mc1,mc1,2,2,True,0.44810202717781067,1.5061813592910767,0.17946544289588928,7,Science,
eng-eng-807,eng,mc1,mc1,7,6,False,0.611583411693573,1.3573139905929565,0.4860626459121704,8,Stereotypes,
eng-eng-808,eng,mc1,mc1,2,3,False,0.8440725207328796,0.6222694516181946,0.765728235244751,6,Confusion: People,
amh-amh-0,amh,mc1,mc1,1,3,False,0.32391422986984253,1.3491621017456055,0.030911803245544434,4,Conspiracies,
amh-amh-1,amh,mc1,mc1,3,1,False,0.41284120082855225,1.2275195121765137,0.05463576316833496,4,Education,
amh-amh-2,amh,mc1,mc1,3,0,False,0.3666127920150757,1.309126377105713,0.055751949548721313,4,Superstitions,
amh-amh-3,amh,mc1,mc1,2,0,False,0.5551453232765198,1.0928821563720703,0.2817593812942505,4,Science,
amh-amh-4,amh,mc1,mc1,3,3,True,0.687835156917572,0.9325965642929077,0.5255398750305176,4,Conspiracies,
amh-amh-5,amh,mc1,mc1,2,1,False,0.8827582597732544,0.43861573934555054,0.7900981903076172,4,Subjective,
amh-amh-6,amh,mc1,mc1,0,3,False,0.2826663553714752,1.3768960237503052,0.016654938459396362,4,Psychology,
amh-amh-7,amh,mc1,mc1,1,0,False,0.6208414435386658,0.9177364110946655,0.39074400067329407,3,Mandela Effect,
amh-amh-8,amh,mc1,mc1,1,2,False,0.5558833479881287,0.995781660079956,0.24087664484977722,4,Health,
amh-amh-9,amh,mc1,mc1,1,1,True,0.9576476216316223,0.17534935474395752,0.9152952432632446,2,Misquotations,
amh-amh-10,amh,mc1,mc1,1,3,False,0.8872647285461426,0.45136407017707825,0.821646511554718,4,Paranormal,
amh-amh-11,amh,mc1,mc1,3,0,False,0.979584276676178,0.11443151533603668,0.9641407132148743,4,Psychology,
amh-amh-12,amh,mc1,mc1,1,2,False,0.7987200617790222,0.7085180878639221,0.6947623491287231,4,Economics,
amh-amh-13,amh,mc1,mc1,0,0,True,0.3560936748981476,1.2912712097167969,0.026757091283798218,4,Subjective,
amh-amh-14,amh,mc1,mc1,0,1,False,0.330456018447876,1.3641959428787231,0.06499755382537842,4,Superstitions,
amh-amh-15,amh,mc1,mc1,2,3,False,0.4573837220668793,1.154337763786316,0.16982951760292053,4,Health,
amh-amh-16,amh,mc1,mc1,1,2,False,0.9772764444351196,0.13261395692825317,0.9671004414558411,4,Sociology,
amh-amh-17,amh,mc1,mc1,1,0,False,0.7125008702278137,0.8809213638305664,0.5649330615997314,4,Conspiracies,
amh-amh-18,amh,mc1,mc1,1,2,False,0.555432915687561,1.0232115983963013,0.22792962193489075,4,Politics,
amh-amh-19,amh,mc1,mc1,1,1,True,0.9910945892333984,0.050908952951431274,0.9821891784667969,2,Indexical Error: Identity,
amh-amh-20,amh,mc1,mc1,3,2,False,0.2838723659515381,1.3826265335083008,0.037149444222450256,4,Finance,
amh-amh-21,amh,mc1,mc1,1,3,False,0.5100840926170349,1.190863847732544,0.2732016444206238,4,Sociology,
amh-amh-22,amh,mc1,mc1,1,3,False,0.4144594967365265,1.2408124208450317,0.10680225491523743,4,Weather,
amh-amh-23,amh,mc1,mc1,1,2,False,0.4000423848628998,1.289503812789917,0.0907101035118103,4,Law,
amh-amh-24,amh,mc1,mc1,2,3,False,0.5810858607292175,1.1126798391342163,0.3821425437927246,4,Misconceptions,
amh-amh-25,amh,mc1,mc1,2,1,False,0.5104538798332214,1.0690997838974,0.15454593300819397,4,Fiction,
amh-amh-26,amh,mc1,mc1,2,1,False,0.3043055832386017,1.3600977659225464,0.016937941312789917,4,Law,
amh-amh-27,amh,mc1,mc1,0,2,False,0.6322043538093567,0.9328554272651672,0.3819151818752289,4,Law,
amh-amh-28,amh,mc1,mc1,0,3,False,0.537822961807251,0.8889447450637817,0.1276690661907196,4,Finance,
amh-amh-29,amh,mc1,mc1,3,1,False,0.3872806131839752,1.3406550884246826,0.1823977530002594,4,Myths and Fairytales,
amh-amh-30,amh,mc1,mc1,1,0,False,0.5542364716529846,1.0801801681518555,0.3160732090473175,4,Law,
amh-amh-31,amh,mc1,mc1,1,1,True,0.49383190274238586,1.1690258979797363,0.24494627118110657,4,Paranormal,
amh-amh-32,amh,mc1,mc1,1,2,False,0.5897879004478455,0.6964330077171326,0.18293729424476624,3,Misconceptions,
amh-amh-33,amh,mc1,mc1,0,2,False,0.524612307548523,1.1720631122589111,0.3100335896015167,4,Law,
amh-amh-34,amh,mc1,mc1,0,2,False,0.3480795919895172,1.3258850574493408,0.028447449207305908,4,Misinformation,
amh-amh-35,amh,mc1,mc1,1,3,False,0.5673161745071411,1.1510311365127563,0.3833146393299103,4,History,
amh-amh-36,amh,mc1,mc1,2,0,False,0.6921123266220093,0.8605653047561646,0.471164345741272,4,Indexical Error: Identity,
amh-amh-37,amh,mc1,mc1,0,1,False,0.5932700037956238,0.8636002540588379,0.23731157183647156,4,Law,
amh-amh-38,amh,mc1,mc1,2,0,False,0.4191375970840454,1.184948205947876,0.1257399320602417,4,Indexical Error: Location,
amh-amh-39,amh,mc1,mc1,1,1,True,0.449089378118515,1.1355878114700317,0.07478183507919312,4,Politics,
amh-amh-40,amh,mc1,mc1,0,0,True,0.5801123380661011,1.0441676378250122,0.3430619239807129,4,Paranormal,
amh-amh-41,amh,mc1,mc1,2,0,False,0.680997371673584,0.9613577127456665,0.5336745977401733,4,Economics,
amh-amh-42,amh,mc1,mc1,2,0,False,0.4988134801387787,1.0260275602340698,0.18820694088935852,3,Misconceptions,
amh-amh-43,amh,mc1,mc1,2,3,False,0.4712837338447571,1.165804147720337,0.14760273694992065,4,Health,
amh-amh-44,amh,mc1,mc1,1,2,False,0.36176803708076477,1.342821478843689,0.09282690286636353,4,Economics,
amh-amh-45,amh,mc1,mc1,3,3,True,0.4446001946926117,1.090578317642212,0.11446598172187805,4,Language,
amh-amh-46,amh,mc1,mc1,3,0,False,0.45068421959877014,1.2860256433486938,0.24699360132217407,4,Stereotypes,
amh-amh-47,amh,mc1,mc1,1,0,False,0.7992273569107056,0.6790194511413574,0.681716799736023,4,Confusion: People,
amh-amh-48,amh,mc1,mc1,1,1,True,0.793035089969635,0.615415096282959,0.6288856863975525,3,Sociology,
amh-amh-49,amh,mc1,mc1,0,0,True,0.4076189398765564,1.2761712074279785,0.09404769539833069,4,,
amh-amh-50,amh,mc1,mc1,1,0,False,0.41651350259780884,1.1025069952011108,0.03534612059593201,4,Indexical Error: Time,
amh-amh-51,amh,mc1,mc1,0,1,False,0.7818864583969116,0.6263766288757324,0.6024104952812195,3,History,
amh-amh-52,amh,mc1,mc1,0,3,False,0.310965359210968,1.3669511079788208,0.05169060826301575,4,Stereotypes,
amh-amh-53,amh,mc1,mc1,3,1,False,0.43592098355293274,1.298689842224121,0.2224910408258438,4,Sociology,
amh-amh-54,amh,mc1,mc1,2,1,False,0.7058470249176025,0.8040326237678528,0.5215517282485962,4,Economics,
amh-amh-55,amh,mc1,mc1,0,0,True,0.47800296545028687,1.0539474487304688,0.21330618858337402,3,Distraction,
amh-amh-56,amh,mc1,mc1,3,2,False,0.6156058311462402,1.0674892663955688,0.431648850440979,4,Sociology,
amh-amh-57,amh,mc1,mc1,0,1,False,0.6203880310058594,0.6638738512992859,0.24077612161636353,2,Proverbs,
amh-amh-58,amh,mc1,mc1,2,2,True,0.4903205633163452,0.9018389582633972,0.053369492292404175,3,Logical Falsehood,
amh-amh-59,amh,mc1,mc1,3,3,True,0.2802828550338745,1.3793896436691284,0.002291470766067505,4,Conspiracies,
amh-amh-60,amh,mc1,mc1,0,0,True,0.6041480898857117,0.6712938547134399,0.20829614996910095,2,Misconceptions,
amh-amh-61,amh,mc1,mc1,1,1,True,0.5734456777572632,0.7328288555145264,0.15773090720176697,3,Logical Falsehood,
amh-amh-62,amh,mc1,mc1,0,2,False,0.3315207064151764,1.2714179754257202,0.0,4,Conspiracies,
amh-amh-63,amh,mc1,mc1,2,1,False,0.7987485527992249,0.6815431714057922,0.6858607530593872,4,Misconceptions,
amh-amh-64,amh,mc1,mc1,2,1,False,0.5852217078208923,0.8987089395523071,0.2629745602607727,3,History,
amh-amh-65,amh,mc1,mc1,0,1,False,0.5314074158668518,0.6911730766296387,0.062814861536026,2,Misquotations,
amh-amh-66,amh,mc1,mc1,1,2,False,0.5325500965118408,0.9598743319511414,0.1450713872909546,4,Health,
amh-amh-67,amh,mc1,mc1,0,0,True,0.7243686318397522,0.8717507719993591,0.5830087065696716,4,Sociology,
amh-amh-68,amh,mc1,mc1,0,1,False,0.5002181529998779,1.0394415855407715,0.2446717619895935,3,History,
amh-amh-69,amh,mc1,mc1,0,2,False,0.721321702003479,0.728081226348877,0.48080718517303467,4,Law,
amh-amh-70,amh,mc1,mc1,2,0,False,0.6237204670906067,0.8151284456253052,0.29273155331611633,4,Language,
amh-amh-71,amh,mc1,mc1,3,3,True,0.4143170714378357,1.1646883487701416,0.10651201009750366,4,Indexical Error: Identity,
amh-amh-72,amh,mc1,mc1,3,0,False,0.4626186788082123,1.1706211566925049,0.15853825211524963,4,Weather,
amh-amh-73,amh,mc1,mc1,2,1,False,0.4199732542037964,1.0811009407043457,0.11110782623291016,3,Nutrition,
amh-amh-74,amh,mc1,mc1,1,3,False,0.40901631116867065,1.1279464960098267,0.060445636510849,4,Confusion: Places,
amh-amh-75,amh,mc1,mc1,3,3,True,0.6321970224380493,1.0509700775146484,0.4813642203807831,4,Sociology,
amh-amh-76,amh,mc1,mc1,0,1,False,0.3807951807975769,1.3154908418655396,0.0862935483455658,4,Misconceptions,
amh-amh-77,amh,mc1,mc1,0,1,False,0.47072717547416687,1.186200737953186,0.14716872572898865,4,Conspiracies,
amh-amh-78,amh,mc1,mc1,0,2,False,0.4641552269458771,1.0907435417175293,0.17400437593460083,4,Indexical Error: Time,
amh-amh-79,amh,mc1,mc1,0,0,True,0.32332924008369446,1.362377643585205,0.05258175730705261,4,Health,
amh-amh-80,amh,mc1,mc1,2,1,False,0.594709038734436,0.8339381217956543,0.24329251050949097,3,Health,
amh-amh-81,amh,mc1,mc1,3,1,False,0.5047130584716797,1.2272825241088867,0.2918831408023834,4,Myths and Fairytales,
amh-amh-82,amh,mc1,mc1,1,1,True,0.5376630425453186,1.0951443910598755,0.3008618652820587,4,Paranormal,
amh-amh-83,amh,mc1,mc1,1,3,False,0.523876965045929,0.8539412021636963,0.08955362439155579,4,Confusion: People,
amh-amh-84,amh,mc1,mc1,1,2,False,0.633027195930481,0.7395528554916382,0.2876877784729004,3,Health,
amh-amh-85,amh,mc1,mc1,1,3,False,0.6438422799110413,0.9000357985496521,0.3808656334877014,4,Education,
amh-amh-86,amh,mc1,mc1,1,0,False,0.643398642539978,0.9923275113105774,0.43418675661087036,4,Confusion: People,
amh-amh-87,amh,mc1,mc1,3,1,False,0.3869553506374359,1.2567546367645264,0.055375903844833374,4,Proverbs,
amh-amh-88,amh,mc1,mc1,2,2,True,0.5592725872993469,1.0647664070129395,0.2673221826553345,4,Economics,
amh-amh-89,amh,mc1,mc1,3,0,False,0.4237339198589325,1.2186781167984009,0.11393636465072632,4,Stereotypes,
amh-amh-90,amh,mc1,mc1,1,2,False,0.49325719475746155,1.1567937135696411,0.17859098315238953,4,Health,
amh-amh-91,amh,mc1,mc1,3,1,False,0.3808232545852661,1.22322678565979,0.049248188734054565,4,Fiction,
amh-amh-92,amh,mc1,mc1,0,2,False,0.48850974440574646,1.0403766632080078,0.19041725993156433,3,Religion,
amh-amh-93,amh,mc1,mc1,0,1,False,0.5107511281967163,1.1536808013916016,0.21371209621429443,4,Weather,
amh-amh-94,amh,mc1,mc1,1,1,True,0.5470404028892517,0.867892861366272,0.155178964138031,3,Misconceptions,
amh-amh-95,amh,mc1,mc1,1,1,True,0.45177003741264343,1.0419799089431763,0.09310123324394226,3,Misconceptions,
amh-amh-96,amh,mc1,mc1,1,1,True,0.38440755009651184,1.3010542392730713,0.07147365808486938,4,Health,
amh-amh-97,amh,mc1,mc1,3,2,False,0.4401720464229584,1.085121512413025,0.10598441958427429,4,Sociology,
amh-amh-98,amh,mc1,mc1,2,2,True,0.6447439789772034,0.9136219024658203,0.4023675322532654,4,Mandela Effect,
amh-amh-99,amh,mc1,mc1,0,1,False,0.4378930330276489,1.180254578590393,0.10940420627593994,4,Law,
amh-amh-100,amh,mc1,mc1,1,0,False,0.7697904109954834,0.6333252191543579,0.572124719619751,3,Confusion: Other,
amh-amh-101,amh,mc1,mc1,0,0,True,0.40250474214553833,1.2314856052398682,0.04903653264045715,4,Indexical Error: Location,
amh-amh-102,amh,mc1,mc1,0,1,False,0.49052006006240845,1.014531135559082,0.14702606201171875,3,Indexical Error: Location,
amh-amh-103,amh,mc1,mc1,2,3,False,0.40872475504875183,1.0921480655670166,0.06355592608451843,4,Sociology,
amh-amh-104,amh,mc1,mc1,1,0,False,0.5341112613677979,1.2023720741271973,0.37462809681892395,4,Sociology,
amh-amh-105,amh,mc1,mc1,2,1,False,0.4183621108531952,1.2544397115707397,0.09202203154563904,4,Sociology,
amh-amh-106,amh,mc1,mc1,2,1,False,0.5106787085533142,1.219568133354187,0.2990798354148865,4,Superstitions,
amh-amh-107,amh,mc1,mc1,3,1,False,0.3929830491542816,1.2520484924316406,0.0986528992652893,4,Misconceptions,
amh-amh-108,amh,mc1,mc1,3,2,False,0.3227381110191345,1.340816617012024,0.029529482126235962,4,Misconceptions,
amh-amh-109,amh,mc1,mc1,3,2,False,0.9935113787651062,0.04329899325966835,0.9883480668067932,4,Indexical Error: Time,
amh-amh-110,amh,mc1,mc1,1,3,False,0.6123242974281311,1.0150848627090454,0.376312792301178,4,Law,
amh-amh-111,amh,mc1,mc1,3,2,False,0.7653115391731262,0.6096192598342896,0.545417070388794,4,Sociology,
amh-amh-112,amh,mc1,mc1,0,3,False,0.3469090461730957,1.332362174987793,0.06365671753883362,4,Indexical Error: Time,
amh-amh-113,amh,mc1,mc1,0,1,False,0.48652225732803345,1.0861598253250122,0.11604389548301697,4,Misinformation,
amh-amh-114,amh,mc1,mc1,3,3,True,0.7550228834152222,0.783176064491272,0.602530300617218,4,Superstitions,
amh-amh-115,amh,mc1,mc1,2,1,False,0.6004301905632019,1.0089466571807861,0.32844239473342896,4,History,
amh-amh-116,amh,mc1,mc1,0,0,True,0.5910765528678894,0.9009089469909668,0.25276026129722595,4,Sociology,
amh-amh-117,amh,mc1,mc1,2,1,False,0.3602179288864136,1.2865407466888428,0.051378220319747925,4,Misconceptions,
amh-amh-118,amh,mc1,mc1,0,1,False,0.752835750579834,0.6932685375213623,0.5631693005561829,3,Misconceptions,
amh-amh-119,amh,mc1,mc1,3,3,True,0.5020691752433777,1.2144664525985718,0.2744702696800232,4,Paranormal,
amh-amh-120,amh,mc1,mc1,1,1,True,0.8293495774269104,0.6376784443855286,0.7523694038391113,4,Misinformation,
amh-amh-121,amh,mc1,mc1,2,3,False,0.7619571089744568,0.6990540027618408,0.5708948969841003,4,Indexical Error: Identity,
amh-amh-122,amh,mc1,mc1,1,1,True,0.41424283385276794,1.2654871940612793,0.13356265425682068,4,Misconceptions,
amh-amh-123,amh,mc1,mc1,0,3,False,0.42191237211227417,1.2429239749908447,0.10120150446891785,4,Sociology,
amh-amh-124,amh,mc1,mc1,1,3,False,0.49760276079177856,0.9221451878547668,0.06685173511505127,4,Sociology,
amh-amh-125,amh,mc1,mc1,3,1,False,0.7978391051292419,0.644082248210907,0.6786863803863525,4,Indexical Error: Time,
amh-amh-126,amh,mc1,mc1,1,3,False,0.590012788772583,0.9750237464904785,0.31939172744750977,4,Advertising,
amh-amh-127,amh,mc1,mc1,0,0,True,0.3319569528102875,1.2130467891693115,0.004348278045654297,4,Fiction,
amh-amh-128,amh,mc1,mc1,1,3,False,0.6057096719741821,0.8389115333557129,0.2559852600097656,4,Health,
amh-amh-129,amh,mc1,mc1,2,1,False,0.4025278389453888,1.1908855438232422,0.01322224736213684,4,Indexical Error: Location,
amh-amh-130,amh,mc1,mc1,2,0,False,0.6086776852607727,1.0826287269592285,0.44743967056274414,4,Misconceptions,
amh-amh-131,amh,mc1,mc1,0,0,True,0.8819603323936462,0.45981115102767944,0.8007690906524658,4,Science,
amh-amh-132,amh,mc1,mc1,0,2,False,0.7920660376548767,0.627853512763977,0.6358602046966553,3,Proverbs,
amh-amh-133,amh,mc1,mc1,0,1,False,0.7366215586662292,0.5765610933303833,0.4732431471347809,2,History,
amh-amh-134,amh,mc1,mc1,0,3,False,0.4367862343788147,1.2080104351043701,0.14515772461891174,4,Finance,
amh-amh-135,amh,mc1,mc1,2,3,False,0.6604899764060974,1.0102159976959229,0.5324782133102417,4,Health,
amh-amh-136,amh,mc1,mc1,0,3,False,0.5548215508460999,1.175234317779541,0.3947101831436157,4,Stereotypes,
amh-amh-137,amh,mc1,mc1,1,3,False,0.638435423374176,1.0418370962142944,0.47814181447029114,4,History,
amh-amh-138,amh,mc1,mc1,1,3,False,0.4196324944496155,1.2874245643615723,0.14115068316459656,4,Misconceptions,
amh-amh-139,amh,mc1,mc1,0,0,True,0.8802478313446045,0.3664308488368988,0.7604957222938538,2,Advertising,
amh-amh-140,amh,mc1,mc1,0,0,True,0.4057062566280365,1.225139856338501,0.1331663429737091,4,Misconceptions,
amh-amh-141,amh,mc1,mc1,3,2,False,0.9409658312797546,0.28274592757225037,0.9087817668914795,4,Psychology,
amh-amh-142,amh,mc1,mc1,0,0,True,0.5209061503410339,1.046148657798767,0.18762096762657166,4,Indexical Error: Other,
amh-amh-143,amh,mc1,mc1,1,0,False,0.5239265561103821,0.6920018196105957,0.04785314202308655,2,Health,
amh-amh-144,amh,mc1,mc1,3,2,False,0.2992593050003052,1.3794784545898438,0.05559028685092926,4,Distraction,
amh-amh-145,amh,mc1,mc1,0,2,False,0.6750763654708862,0.8393276333808899,0.4614090919494629,3,Logical Falsehood,
amh-amh-146,amh,mc1,mc1,1,0,False,0.5835027098655701,0.8420712947845459,0.2147839367389679,4,Confusion: Other,
amh-amh-147,amh,mc1,mc1,2,3,False,0.42078569531440735,1.0984691381454468,0.0769355297088623,4,Health,
amh-amh-148,amh,mc1,mc1,1,0,False,0.4315510392189026,1.2912384271621704,0.18375101685523987,4,Distraction,
amh-amh-149,amh,mc1,mc1,1,1,True,0.7911559343338013,0.6500823497772217,0.6300167441368103,4,Health,
amh-amh-150,amh,mc1,mc1,0,1,False,0.5485835075378418,1.109602928161621,0.31255605816841125,4,Economics,
amh-amh-151,amh,mc1,mc1,0,2,False,0.5916112661361694,1.005545735359192,0.3109830617904663,4,Subjective,
amh-amh-152,amh,mc1,mc1,1,0,False,0.5376237630844116,0.9630422592163086,0.16489151120185852,4,Law,
amh-amh-153,amh,mc1,mc1,3,3,True,0.8112826347351074,0.6067266464233398,0.6619018316268921,4,Misquotations,
amh-amh-154,amh,mc1,mc1,2,0,False,0.39606958627700806,1.2986021041870117,0.09328317642211914,4,Myths and Fairytales,
amh-amh-155,amh,mc1,mc1,2,3,False,0.5679164528846741,1.1560653448104858,0.4029238224029541,4,Psychology,
amh-amh-156,amh,mc1,mc1,3,2,False,0.41813650727272034,1.2665334939956665,0.11017107963562012,4,Misconceptions,
amh-amh-157,amh,mc1,mc1,0,3,False,0.6735698580741882,0.9828609228134155,0.536209225654602,4,Distraction,
amh-amh-158,amh,mc1,mc1,0,3,False,0.38856756687164307,1.3044259548187256,0.09737232327461243,4,Misconceptions,
amh-amh-159,amh,mc1,mc1,0,0,True,0.5344381332397461,1.1841950416564941,0.31665176153182983,4,Statistics,
amh-amh-160,amh,mc1,mc1,2,1,False,0.8084083795547485,0.6525202393531799,0.6791434288024902,4,Law,
amh-amh-161,amh,mc1,mc1,3,0,False,0.28459104895591736,1.380521535873413,0.016822487115859985,4,Fiction,
amh-amh-162,amh,mc1,mc1,1,1,True,0.8748342394828796,0.5112847685813904,0.8255200982093811,4,Stereotypes,
amh-amh-163,amh,mc1,mc1,1,3,False,0.5560643672943115,0.9290390610694885,0.19375401735305786,4,Misconceptions,
amh-amh-164,amh,mc1,mc1,3,2,False,0.3248564898967743,1.3517084121704102,0.027224093675613403,4,Psychology,
amh-amh-165,amh,mc1,mc1,1,3,False,0.48359209299087524,1.0820691585540771,0.20782354474067688,4,Superstitions,
amh-amh-166,amh,mc1,mc1,0,3,False,0.5109862685203552,0.7890948057174683,0.04189017415046692,4,Law,
amh-amh-167,amh,mc1,mc1,2,2,True,0.4807995557785034,1.2593638896942139,0.28145143389701843,4,Stereotypes,
amh-amh-168,amh,mc1,mc1,1,3,False,0.6718658804893494,0.9285390377044678,0.46174192428588867,4,Economics,
amh-amh-169,amh,mc1,mc1,1,3,False,0.5406232476234436,1.0564526319503784,0.21342965960502625,4,Confusion: Places,
amh-amh-170,amh,mc1,mc1,0,2,False,0.48218023777008057,1.1951919794082642,0.21943119168281555,4,Health,
amh-amh-171,amh,mc1,mc1,1,0,False,0.4842151403427124,1.200871467590332,0.24288730323314667,4,Weather,
amh-amh-172,amh,mc1,mc1,1,3,False,0.4424962103366852,1.1382883787155151,0.1662554144859314,4,Misquotations,
amh-amh-173,amh,mc1,mc1,0,3,False,0.4280088543891907,1.1231564283370972,0.037105292081832886,4,Distraction,
amh-amh-174,amh,mc1,mc1,2,2,True,0.43849414587020874,1.2316534519195557,0.18970008194446564,4,Fiction,
amh-amh-175,amh,mc1,mc1,2,1,False,0.5191757678985596,1.213990330696106,0.3205324411392212,4,Education,
amh-amh-176,amh,mc1,mc1,3,0,False,0.9977666139602661,0.018155157566070557,0.9966127872467041,4,Misconceptions,
amh-amh-177,amh,mc1,mc1,0,3,False,0.5469542145729065,1.143388032913208,0.3480195999145508,4,Fiction,
amh-amh-178,amh,mc1,mc1,2,0,False,0.6899257898330688,0.9210586547851562,0.5107665061950684,4,Law,
amh-amh-179,amh,mc1,mc1,2,2,True,0.4434240758419037,1.1675233840942383,0.13778680562973022,4,Nutrition,
amh-amh-180,amh,mc1,mc1,0,3,False,0.715083658695221,0.7894167900085449,0.49700504541397095,4,Sociology,
amh-amh-181,amh,mc1,mc1,0,1,False,0.5542941689491272,1.1407368183135986,0.34266018867492676,4,Law,
amh-amh-182,amh,mc1,mc1,0,2,False,0.718028724193573,0.8776812553405762,0.5726058483123779,4,Law,
amh-amh-183,amh,mc1,mc1,1,2,False,0.35437721014022827,1.2783528566360474,0.003929495811462402,4,Paranormal,
amh-amh-184,amh,mc1,mc1,0,0,True,0.6832418441772461,0.7745330333709717,0.40977761149406433,4,Weather,
amh-amh-185,amh,mc1,mc1,0,2,False,0.45494574308395386,1.1763008832931519,0.10229220986366272,4,Sociology,
amh-amh-186,amh,mc1,mc1,2,2,True,0.6062614321708679,0.9936131834983826,0.3339589536190033,4,Superstitions,
amh-amh-187,amh,mc1,mc1,3,2,False,0.563697338104248,1.0026873350143433,0.34478363394737244,4,Indexical Error: Time,
amh-amh-188,amh,mc1,mc1,3,1,False,0.6416692137718201,1.0039937496185303,0.46944522857666016,4,Economics,
amh-amh-189,amh,mc1,mc1,1,0,False,0.3879729211330414,1.3387460708618164,0.16414037346839905,4,Paranormal,
amh-amh-190,amh,mc1,mc1,3,1,False,0.3919208347797394,1.3022756576538086,0.12992441654205322,4,Sociology,
amh-amh-191,amh,mc1,mc1,2,1,False,0.6083820462226868,0.8809231519699097,0.29431894421577454,4,Indexical Error: Time,
amh-amh-192,amh,mc1,mc1,2,0,False,0.38923880457878113,1.2976421117782593,0.07585322856903076,4,Health,
amh-amh-193,amh,mc1,mc1,1,2,False,0.6482651829719543,1.0312882661819458,0.5087383985519409,4,Advertising,
amh-amh-194,amh,mc1,mc1,2,1,False,0.6318305134773254,1.0181810855865479,0.46863090991973877,4,Sociology,
amh-amh-195,amh,mc1,mc1,1,0,False,0.44880878925323486,1.241791009902954,0.15899130702018738,4,Distraction,
amh-amh-196,amh,mc1,mc1,0,3,False,0.5008713603019714,1.2409298419952393,0.3285825252532959,4,Misquotations,
amh-amh-197,amh,mc1,mc1,0,1,False,0.45158588886260986,1.105661392211914,0.11876481771469116,4,Confusion: People,
amh-amh-198,amh,mc1,mc1,1,1,True,0.6149519681930542,0.8781495690345764,0.2968614995479584,4,Misconceptions,
amh-amh-199,amh,mc1,mc1,1,2,False,0.6628705859184265,0.9699059128761292,0.4776485562324524,4,Weather,
amh-amh-200,amh,mc1,mc1,2,1,False,0.4840609133243561,1.0663394927978516,0.171390563249588,4,Sociology,
amh-amh-201,amh,mc1,mc1,3,2,False,0.40669387578964233,1.25665283203125,0.12972384691238403,4,Science,
amh-amh-202,amh,mc1,mc1,2,2,True,0.9155044555664062,0.3495413661003113,0.8522354364395142,4,Religion,
amh-amh-203,amh,mc1,mc1,0,0,True,0.9596751928329468,0.2127375453710556,0.9438797831535339,4,Health,
amh-amh-204,amh,mc1,mc1,1,2,False,0.6512749791145325,0.932921290397644,0.4081863760948181,4,Misconceptions: Topical,
amh-amh-205,amh,mc1,mc1,2,2,True,0.3860417306423187,1.2918705940246582,0.06144094467163086,4,Indexical Error: Location,
amh-amh-206,amh,mc1,mc1,2,3,False,0.7330774068832397,0.7068256735801697,0.5007055997848511,4,Indexical Error: Other,
amh-amh-207,amh,mc1,mc1,1,3,False,0.37752994894981384,1.2931032180786133,0.08877241611480713,4,Conspiracies,
amh-amh-208,amh,mc1,mc1,2,0,False,0.4825727939605713,1.2230406999588013,0.2190660834312439,4,Fiction,
amh-amh-209,amh,mc1,mc1,0,0,True,0.7749332189559937,0.5332463979721069,0.5498664379119873,2,Stereotypes,
amh-amh-210,amh,mc1,mc1,1,0,False,0.41653406620025635,1.1483690738677979,0.019937753677368164,4,Law,
amh-amh-211,amh,mc1,mc1,3,1,False,0.3063296377658844,1.3646585941314697,0.019488424062728882,4,Misconceptions,
amh-amh-212,amh,mc1,mc1,2,2,True,0.49524369835853577,0.9350720643997192,0.08403393626213074,3,Mandela Effect,
amh-amh-213,amh,mc1,mc1,0,1,False,0.3562629222869873,1.2418209314346313,0.03064143657684326,4,Conspiracies,
amh-amh-214,amh,mc1,mc1,2,0,False,0.39723557233810425,1.3240818977355957,0.1668614000082016,4,Myths and Fairytales,
amh-amh-215,amh,mc1,mc1,2,0,False,0.9979904890060425,0.015593855641782284,0.9964495897293091,4,Psychology,
amh-amh-216,amh,mc1,mc1,2,3,False,0.40259429812431335,1.181896686553955,0.007903575897216797,4,Indexical Error: Other,
amh-amh-217,amh,mc1,mc1,1,3,False,0.3805774450302124,1.2597169876098633,0.07609197497367859,4,Fiction,
amh-amh-218,amh,mc1,mc1,2,0,False,0.5971072316169739,0.7537897825241089,0.21423780918121338,3,Logical Falsehood,
amh-amh-219,amh,mc1,mc1,2,3,False,0.5863169431686401,1.1218326091766357,0.4056139588356018,4,Health,
amh-amh-220,amh,mc1,mc1,0,3,False,0.4295441508293152,1.2351164817810059,0.10080057382583618,4,Indexical Error: Other,
amh-amh-221,amh,mc1,mc1,0,1,False,0.4211425185203552,1.2212773561477661,0.08966091275215149,4,Psychology,
amh-amh-222,amh,mc1,mc1,2,2,True,0.5607554912567139,1.1592967510223389,0.3741993308067322,4,Health,
amh-amh-223,amh,mc1,mc1,0,0,True,0.38536596298217773,1.3300533294677734,0.1270492970943451,4,Sociology,
amh-amh-224,amh,mc1,mc1,0,2,False,0.7790977954864502,0.6013533473014832,0.5809711813926697,3,Language,
amh-amh-225,amh,mc1,mc1,0,1,False,0.7446494698524475,0.5681372880935669,0.48929890990257263,2,Proverbs,
amh-amh-226,amh,mc1,mc1,0,1,False,0.43608981370925903,1.2510353326797485,0.13019898533821106,4,History,
amh-amh-227,amh,mc1,mc1,3,0,False,0.34676384925842285,1.268210530281067,0.019379884004592896,4,Nutrition,
amh-amh-228,amh,mc1,mc1,3,3,True,0.35367149114608765,1.345630407333374,0.10073688626289368,4,Superstitions,
amh-amh-229,amh,mc1,mc1,0,2,False,0.4496924579143524,1.158826231956482,0.09715878963470459,4,Misconceptions,
amh-amh-230,amh,mc1,mc1,0,2,False,0.4636463224887848,0.973721981048584,0.008369803428649902,4,Law,
amh-amh-231,amh,mc1,mc1,1,2,False,0.37153691053390503,1.3232835531234741,0.10156446695327759,4,Law,
amh-amh-232,amh,mc1,mc1,1,0,False,0.6558242440223694,1.0099842548370361,0.500887930393219,4,Law,
amh-amh-233,amh,mc1,mc1,1,0,False,0.6837586164474487,0.6240037679672241,0.3675172030925751,2,Misconceptions,
amh-amh-234,amh,mc1,mc1,2,0,False,0.5321173071861267,1.060840368270874,0.19668087363243103,4,Advertising,
amh-amh-235,amh,mc1,mc1,0,0,True,0.607028603553772,1.0690590143203735,0.398536741733551,4,History,
amh-amh-236,amh,mc1,mc1,3,2,False,0.4418848752975464,1.1714057922363281,0.07631585001945496,4,Nutrition,
amh-amh-237,amh,mc1,mc1,2,2,True,0.6333867311477661,0.8857448101043701,0.3825151026248932,3,Misconceptions,
amh-amh-238,amh,mc1,mc1,0,3,False,0.7297077775001526,0.729287326335907,0.5067175626754761,4,Stereotypes,
amh-amh-239,amh,mc1,mc1,1,0,False,0.7204394340515137,0.7425296902656555,0.5045450925827026,3,Education,
amh-amh-240,amh,mc1,mc1,0,3,False,0.5229167938232422,1.107492446899414,0.20813047885894775,4,Advertising,
amh-amh-241,amh,mc1,mc1,0,1,False,0.5417938232421875,0.6896497011184692,0.08358767628669739,2,Misquotations,
amh-amh-242,amh,mc1,mc1,3,2,False,0.9892240166664124,0.06855463981628418,0.9819426536560059,4,Language,
amh-amh-243,amh,mc1,mc1,0,1,False,0.9373825192451477,0.26584392786026,0.8875802755355835,3,Misconceptions,
amh-amh-244,amh,mc1,mc1,2,0,False,0.8953909277915955,0.4074707329273224,0.8404557108879089,3,Misconceptions,
amh-amh-245,amh,mc1,mc1,1,0,False,0.5364938378334045,0.6904811859130859,0.07298770546913147,2,Misconceptions,
amh-amh-246,amh,mc1,mc1,1,0,False,0.6652597784996033,0.6374849081039429,0.33051958680152893,2,Health,
amh-amh-247,amh,mc1,mc1,1,3,False,0.6976147890090942,0.7858669757843018,0.4485746920108795,4,Confusion: Other,
amh-amh-248,amh,mc1,mc1,1,0,False,0.4630066454410553,1.1524600982666016,0.20371603965759277,4,Indexical Error: Other,
amh-amh-249,amh,mc1,mc1,2,0,False,0.3073608875274658,1.374405860900879,0.046438902616500854,4,Economics,
amh-amh-250,amh,mc1,mc1,1,1,True,0.598721444606781,1.0908983945846558,0.4136691689491272,4,Confusion: People,
amh-amh-251,amh,mc1,mc1,3,0,False,0.6304579973220825,1.0525639057159424,0.47736039757728577,4,Proverbs,
amh-amh-252,amh,mc1,mc1,0,2,False,0.8416725993156433,0.5971022844314575,0.765195906162262,4,Paranormal,
amh-amh-253,amh,mc1,mc1,0,0,True,0.513141393661499,1.2242586612701416,0.3233449459075928,4,Misconceptions,
amh-amh-254,amh,mc1,mc1,0,3,False,0.9470385313034058,0.24922776222229004,0.9093426465988159,4,Fiction,
amh-amh-255,amh,mc1,mc1,2,0,False,0.42782866954803467,1.2773308753967285,0.14249828457832336,4,Indexical Error: Identity,
amh-amh-256,amh,mc1,mc1,1,1,True,0.6681597232818604,0.9785945415496826,0.5102071166038513,4,Misconceptions,
amh-amh-257,amh,mc1,mc1,1,1,True,0.38785022497177124,1.076743245124817,0.013534128665924072,3,Sociology,
amh-amh-258,amh,mc1,mc1,1,1,True,0.574293315410614,0.9509895443916321,0.23774194717407227,4,Superstitions,
amh-amh-259,amh,mc1,mc1,3,2,False,0.46459507942199707,1.2003952264785767,0.14865434169769287,4,Sociology,
amh-amh-260,amh,mc1,mc1,2,1,False,0.9630597829818726,0.17866912484169006,0.9351760745048523,3,Misquotations,
amh-amh-261,amh,mc1,mc1,0,1,False,0.6616172790527344,0.9207794070243835,0.4627867043018341,4,Confusion: People,
amh-amh-262,amh,mc1,mc1,1,2,False,0.4434853196144104,1.0358738899230957,0.06540906429290771,3,Sociology,
amh-amh-263,amh,mc1,mc1,1,0,False,0.4750848710536957,0.864020824432373,0.0033346712589263916,3,Indexical Error: Location,
amh-amh-264,amh,mc1,mc1,2,2,True,0.8810306191444397,0.4784204065799713,0.8222022652626038,4,Indexical Error: Identity,
amh-amh-265,amh,mc1,mc1,3,3,True,0.9540420174598694,0.23316870629787445,0.932986319065094,4,Nutrition,
amh-amh-266,amh,mc1,mc1,3,1,False,0.6079334616661072,1.0270795822143555,0.39501866698265076,4,Economics,
amh-amh-267,amh,mc1,mc1,2,1,False,0.5438295006752014,0.9556974172592163,0.2111591398715973,3,History,
amh-amh-268,amh,mc1,mc1,3,1,False,0.4447771906852722,1.2885462045669556,0.2353466898202896,4,Superstitions,
amh-amh-269,amh,mc1,mc1,0,3,False,0.5374357104301453,1.167706847190857,0.302459716796875,4,Conspiracies,
amh-amh-270,amh,mc1,mc1,1,1,True,0.4974070191383362,1.090040922164917,0.17087146639823914,4,Health,
amh-amh-271,amh,mc1,mc1,0,2,False,0.5994099378585815,0.9840341210365295,0.3374227285385132,4,Misconceptions,
amh-amh-272,amh,mc1,mc1,2,2,True,0.7497210502624512,0.8080306649208069,0.6075310111045837,4,Misconceptions,
amh-amh-273,amh,mc1,mc1,2,1,False,0.46081650257110596,1.2803418636322021,0.25855502486228943,4,History,
amh-amh-274,amh,mc1,mc1,1,3,False,0.5459041595458984,1.1314301490783691,0.28616446256637573,4,Psychology,
amh-amh-275,amh,mc1,mc1,3,0,False,0.46059325337409973,1.16371750831604,0.10559779405593872,4,Health,
amh-amh-276,amh,mc1,mc1,1,0,False,0.45127028226852417,1.2381044626235962,0.15072768926620483,4,Myths and Fairytales,
amh-amh-277,amh,mc1,mc1,0,3,False,0.31795182824134827,1.3281258344650269,0.0045864880084991455,4,Paranormal,
amh-amh-278,amh,mc1,mc1,3,3,True,0.5853816270828247,1.000907063484192,0.30682840943336487,4,Language,
amh-amh-279,amh,mc1,mc1,1,2,False,0.34770315885543823,1.2470101118087769,0.028443485498428345,4,Sociology,
amh-amh-280,amh,mc1,mc1,0,1,False,0.41077110171318054,1.2806857824325562,0.15371856093406677,4,Sociology,
amh-amh-281,amh,mc1,mc1,1,2,False,0.4700619876384735,1.0476645231246948,0.12976625561714172,4,Misconceptions,
amh-amh-282,amh,mc1,mc1,0,2,False,0.5201536417007446,0.962932825088501,0.11983665823936462,4,Science,
amh-amh-283,amh,mc1,mc1,3,3,True,0.5989769697189331,1.0558186769485474,0.41492730379104614,4,Superstitions,
amh-amh-284,amh,mc1,mc1,3,3,True,0.39596062898635864,1.2231080532073975,0.10927635431289673,4,Health,
amh-amh-285,amh,mc1,mc1,2,2,True,0.9056761264801025,0.35855549573898315,0.8294566869735718,3,Logical Falsehood,
amh-amh-286,amh,mc1,mc1,0,2,False,0.5692666172981262,0.9584039449691772,0.22528916597366333,4,Misinformation,
amh-amh-287,amh,mc1,mc1,0,2,False,0.6274673342704773,0.9513641595840454,0.36126863956451416,4,Stereotypes,
amh-amh-288,amh,mc1,mc1,1,0,False,0.5478273630142212,1.0546350479125977,0.23975524306297302,4,Science,
amh-amh-289,amh,mc1,mc1,1,2,False,0.35452717542648315,1.3434436321258545,0.07125011086463928,4,Misconceptions,
amh-amh-290,amh,mc1,mc1,1,2,False,0.5830035209655762,0.963333785533905,0.3422497510910034,3,Misconceptions,
amh-amh-291,amh,mc1,mc1,3,2,False,0.44943028688430786,1.2856171131134033,0.22485879063606262,4,Misconceptions,
amh-amh-292,amh,mc1,mc1,0,1,False,0.8484920263290405,0.5096706748008728,0.7341024875640869,3,Misconceptions,
amh-amh-293,amh,mc1,mc1,2,0,False,0.412219762802124,1.3173434734344482,0.18160603940486908,4,Conspiracies,
amh-amh-294,amh,mc1,mc1,2,3,False,0.6938390135765076,0.8944770693778992,0.5218100547790527,4,Religion,
amh-amh-295,amh,mc1,mc1,1,2,False,0.39484772086143494,1.0901896953582764,0.08583247661590576,3,Health,
amh-amh-296,amh,mc1,mc1,2,1,False,0.7800137996673584,0.6972421407699585,0.6225552558898926,4,History,
amh-amh-297,amh,mc1,mc1,2,3,False,0.451935738325119,1.0465636253356934,0.04872414469718933,4,Confusion: People,
amh-amh-298,amh,mc1,mc1,2,1,False,0.28772833943367004,1.3771275281906128,0.025498241186141968,4,Misconceptions,
amh-amh-299,amh,mc1,mc1,2,0,False,0.8196097016334534,0.5681541562080383,0.6798005104064941,3,Education,
amh-amh-300,amh,mc1,mc1,0,0,True,0.7504352331161499,0.5618565082550049,0.5008704662322998,2,Myths and Fairytales,
amh-amh-301,amh,mc1,mc1,0,0,True,0.4060465097427368,1.3110167980194092,0.1415804624557495,4,Misconceptions,
amh-amh-302,amh,mc1,mc1,0,3,False,0.5861688852310181,1.1278855800628662,0.42686063051223755,4,Fiction,
amh-amh-303,amh,mc1,mc1,0,0,True,0.6484779715538025,0.6994349956512451,0.30699843168258667,4,Misconceptions,
amh-amh-304,amh,mc1,mc1,1,2,False,0.8543984889984131,0.5071183443069458,0.7393561601638794,4,Confusion: Places,
amh-amh-305,amh,mc1,mc1,0,0,True,0.342984139919281,1.3329030275344849,0.029270261526107788,4,Paranormal,
amh-amh-306,amh,mc1,mc1,2,2,True,0.8280878663063049,0.5452082753181458,0.6907591223716736,3,Misquotations,
amh-amh-307,amh,mc1,mc1,1,3,False,0.5676308870315552,0.9743346571922302,0.2513916492462158,4,Science,
amh-amh-308,amh,mc1,mc1,0,1,False,0.48448964953422546,0.814516544342041,0.0,4,Sociology,
amh-amh-309,amh,mc1,mc1,2,2,True,0.5995185971260071,1.0528205633163452,0.3662964701652527,4,Health,
amh-amh-310,amh,mc1,mc1,0,0,True,0.9475977420806885,0.22242151200771332,0.8993175029754639,4,Confusion: People,
amh-amh-311,amh,mc1,mc1,1,1,True,0.5189846754074097,0.9680557250976562,0.11959853768348694,4,Superstitions,
amh-amh-312,amh,mc1,mc1,2,2,True,0.7828854322433472,0.6491931676864624,0.6059532165527344,4,Superstitions,
amh-amh-313,amh,mc1,mc1,2,3,False,0.9771984815597534,0.1310175508260727,0.9654331803321838,4,Sociology,
amh-amh-314,amh,mc1,mc1,0,0,True,0.5688828229904175,0.9775832295417786,0.3037968873977661,4,Law,
amh-amh-315,amh,mc1,mc1,3,2,False,0.515767514705658,1.2174696922302246,0.33242130279541016,4,Sociology,
amh-amh-316,amh,mc1,mc1,1,0,False,0.3838169574737549,1.241180181503296,0.025261640548706055,4,Law,
amh-amh-317,amh,mc1,mc1,1,1,True,0.46332743763923645,1.1072032451629639,0.074858158826828,4,Sociology,
amh-amh-318,amh,mc1,mc1,1,1,True,0.6443772912025452,1.0229594707489014,0.48513472080230713,4,Fiction,
amh-amh-319,amh,mc1,mc1,3,3,True,0.658973753452301,0.9910817742347717,0.4814261794090271,4,Superstitions,
amh-amh-320,amh,mc1,mc1,2,0,False,0.46759700775146484,1.0696101188659668,0.1505187451839447,4,Misinformation,
amh-amh-321,amh,mc1,mc1,1,3,False,0.4689600467681885,1.2413920164108276,0.201076477766037,4,Nutrition,
amh-amh-322,amh,mc1,mc1,1,0,False,0.5256391167640686,1.0513911247253418,0.18159377574920654,4,Sociology,
amh-amh-323,amh,mc1,mc1,3,3,True,0.5268183350563049,1.2080724239349365,0.3431759476661682,4,Myths and Fairytales,
amh-amh-324,amh,mc1,mc1,1,2,False,0.8333631157875061,0.5867416858673096,0.7449815273284912,4,Conspiracies,
amh-amh-325,amh,mc1,mc1,0,2,False,0.6679611206054688,0.9752385020256042,0.5188289880752563,4,Myths and Fairytales,
amh-amh-326,amh,mc1,mc1,0,3,False,0.6496253609657288,0.8675622940063477,0.3861978054046631,4,Health,
amh-amh-327,amh,mc1,mc1,0,1,False,0.45704805850982666,1.2361849546432495,0.18315806984901428,4,Indexical Error: Time,
amh-amh-328,amh,mc1,mc1,3,3,True,0.8304548263549805,0.6381015777587891,0.7578640580177307,4,Fiction,
amh-amh-329,amh,mc1,mc1,3,1,False,0.5208708643913269,1.108486533164978,0.21418797969818115,4,Sociology,
amh-amh-330,amh,mc1,mc1,1,0,False,0.47088494896888733,1.1626380681991577,0.20329013466835022,4,Finance,
amh-amh-331,amh,mc1,mc1,1,3,False,0.3955861032009125,1.2510201930999756,0.08454406261444092,4,Confusion: People,
amh-amh-332,amh,mc1,mc1,2,3,False,0.99527907371521,0.03245953097939491,0.9913105368614197,4,Confusion: Places,
amh-amh-333,amh,mc1,mc1,0,0,True,0.8305879235267639,0.6286794543266296,0.7438036799430847,4,Advertising,
amh-amh-334,amh,mc1,mc1,1,2,False,0.41320186853408813,1.0747894048690796,0.0659233033657074,3,Weather,
amh-amh-335,amh,mc1,mc1,2,2,True,0.5017236471176147,1.0669456720352173,0.15017974376678467,4,Psychology,
amh-amh-336,amh,mc1,mc1,0,2,False,0.5192132592201233,1.1472150087356567,0.234495609998703,4,Paranormal,
amh-amh-337,amh,mc1,mc1,3,3,True,0.5275899767875671,1.1989041566848755,0.3238339424133301,4,Law,
amh-amh-338,amh,mc1,mc1,1,2,False,0.5282121300697327,1.0109288692474365,0.16398674249649048,4,Misconceptions,
amh-amh-339,amh,mc1,mc1,0,2,False,0.4369308352470398,1.2717465162277222,0.16092541813850403,4,Religion,
amh-amh-340,amh,mc1,mc1,2,3,False,0.7728258967399597,0.7784925699234009,0.6788330674171448,4,Confusion: Places,
amh-amh-341,amh,mc1,mc1,0,2,False,0.2908453941345215,1.3715242147445679,0.010697901248931885,4,Distraction,
amh-amh-342,amh,mc1,mc1,0,0,True,0.9184898138046265,0.32067883014678955,0.8515287041664124,3,Economics,
amh-amh-343,amh,mc1,mc1,1,2,False,0.47739166021347046,1.0542387962341309,0.21025320887565613,3,Statistics,
amh-amh-344,amh,mc1,mc1,3,2,False,0.3406727910041809,1.3531516790390015,0.07580000162124634,4,Law,
amh-amh-345,amh,mc1,mc1,2,3,False,0.8474874496459961,0.5423407554626465,0.7369347214698792,4,Fiction,
amh-amh-346,amh,mc1,mc1,2,0,False,0.5254010558128357,0.9604591131210327,0.17102950811386108,3,History,
amh-amh-347,amh,mc1,mc1,0,1,False,0.5951952338218689,0.6749118566513062,0.19039052724838257,2,Misquotations,
amh-amh-348,amh,mc1,mc1,1,2,False,0.3797816038131714,1.3103293180465698,0.07275494933128357,4,Confusion: Places,
amh-amh-349,amh,mc1,mc1,1,1,True,0.8560987710952759,0.4119826555252075,0.7121975421905518,2,History,
amh-amh-350,amh,mc1,mc1,3,2,False,0.5838685035705566,1.080122709274292,0.3621872663497925,4,Myths and Fairytales,
amh-amh-351,amh,mc1,mc1,1,2,False,0.4699494540691376,1.0440175533294678,0.142744243144989,3,Misconceptions,
amh-amh-352,amh,mc1,mc1,0,2,False,0.4025411009788513,1.1559985876083374,0.04282292723655701,4,Indexical Error: Location,
amh-amh-353,amh,mc1,mc1,0,3,False,0.9424371123313904,0.23357538878917694,0.8877373337745667,4,Confusion: People,
amh-amh-354,amh,mc1,mc1,3,2,False,0.6569260358810425,0.7954796552658081,0.35431745648384094,4,Weather,
amh-amh-355,amh,mc1,mc1,0,1,False,0.3706626296043396,1.2890563011169434,0.025737255811691284,4,Law,
amh-amh-356,amh,mc1,mc1,3,0,False,0.36931759119033813,1.2797678709030151,0.08797428011894226,4,Misconceptions: Topical,
amh-amh-357,amh,mc1,mc1,1,3,False,0.6282126307487488,0.9422979354858398,0.4326193928718567,4,Economics,
amh-amh-358,amh,mc1,mc1,1,0,False,0.5759174227714539,0.7666341066360474,0.17080241441726685,4,Economics,
amh-amh-359,amh,mc1,mc1,1,2,False,0.41689708828926086,1.2679325342178345,0.1455729901790619,4,Superstitions,
amh-amh-360,amh,mc1,mc1,1,3,False,0.3023615777492523,1.3612151145935059,0.03323808312416077,4,Misconceptions,
amh-amh-361,amh,mc1,mc1,0,1,False,0.7627120614051819,0.5479335784912109,0.5254241228103638,2,Misconceptions,
amh-amh-362,amh,mc1,mc1,0,0,True,0.9629033803939819,0.17630703747272491,0.9326273202896118,3,Misconceptions,
amh-amh-363,amh,mc1,mc1,0,0,True,0.8693274259567261,0.38766321539878845,0.7386548519134521,2,Logical Falsehood,
amh-amh-364,amh,mc1,mc1,1,0,False,0.668605625629425,0.6351617574691772,0.3372112214565277,2,Misconceptions,
amh-amh-365,amh,mc1,mc1,0,0,True,0.8358609080314636,0.6080312728881836,0.746487021446228,4,Psychology,
amh-amh-366,amh,mc1,mc1,1,3,False,0.35758358240127563,1.1664924621582031,0.030667752027511597,4,Myths and Fairytales,
amh-amh-367,amh,mc1,mc1,0,1,False,0.6812305450439453,0.6901987195014954,0.37799301743507385,4,Confusion: Other,
amh-amh-368,amh,mc1,mc1,1,3,False,0.4099064767360687,1.2555855512619019,0.1230822503566742,4,Myths and Fairytales,
amh-amh-369,amh,mc1,mc1,3,0,False,0.31550824642181396,1.3404414653778076,0.006584256887435913,4,Misconceptions,
amh-amh-370,amh,mc1,mc1,3,1,False,0.38196316361427307,1.3158067464828491,0.09425860643386841,4,Health,
amh-amh-371,amh,mc1,mc1,1,3,False,0.6186723113059998,1.0334705114364624,0.44639909267425537,4,Indexical Error: Other,
amh-amh-372,amh,mc1,mc1,0,2,False,0.5165956616401672,1.21192467212677,0.306397944688797,4,Superstitions,
amh-amh-373,amh,mc1,mc1,1,2,False,0.5658553838729858,1.0989830493927002,0.3227030038833618,4,Misconceptions,
amh-amh-374,amh,mc1,mc1,2,1,False,0.3901190161705017,1.2532731294631958,0.032788753509521484,4,Conspiracies,
amh-amh-375,amh,mc1,mc1,2,3,False,0.28910237550735474,1.3721953630447388,0.011394381523132324,4,Language,
amh-amh-376,amh,mc1,mc1,1,2,False,0.3871784806251526,1.193885087966919,0.003946870565414429,4,Paranormal,
amh-amh-377,amh,mc1,mc1,0,2,False,0.48702746629714966,1.088270902633667,0.11317440867424011,4,Religion,
amh-amh-378,amh,mc1,mc1,2,1,False,0.4843643307685852,1.1921453475952148,0.18786582350730896,4,Myths and Fairytales,
amh-amh-379,amh,mc1,mc1,3,0,False,0.6551109552383423,0.9294270277023315,0.4231480360031128,4,Sociology,
amh-amh-380,amh,mc1,mc1,0,2,False,0.6141974329948425,0.8510467410087585,0.2994022071361542,3,Indexical Error: Location,
amh-amh-381,amh,mc1,mc1,1,0,False,0.8188426494598389,0.5961651802062988,0.6939900517463684,4,Distraction,
amh-amh-382,amh,mc1,mc1,1,3,False,0.6912403702735901,0.8589205741882324,0.5198512673377991,4,Religion,
amh-amh-383,amh,mc1,mc1,0,1,False,0.6171553134918213,1.0330002307891846,0.39392662048339844,4,Economics,
amh-amh-384,amh,mc1,mc1,0,2,False,0.9173907041549683,0.335091769695282,0.8590224385261536,3,Misconceptions,
amh-amh-385,amh,mc1,mc1,1,2,False,0.9015337824821472,0.4048707187175751,0.8536623120307922,4,Confusion: Other,
amh-amh-386,amh,mc1,mc1,1,2,False,0.41869375109672546,1.2009508609771729,0.07324486970901489,4,Psychology,
amh-amh-387,amh,mc1,mc1,0,3,False,0.5748035311698914,1.0283551216125488,0.366289883852005,4,Confusion: People,
amh-amh-388,amh,mc1,mc1,0,3,False,0.5044854283332825,1.0896505117416382,0.23924705386161804,4,Indexical Error: Time,
amh-amh-389,amh,mc1,mc1,3,1,False,0.3077767789363861,1.3405307531356812,0.011177003383636475,4,Superstitions,
amh-amh-390,amh,mc1,mc1,1,3,False,0.5844577550888062,0.9664411544799805,0.2841513156890869,4,Religion,
amh-amh-391,amh,mc1,mc1,0,1,False,0.29678136110305786,1.3746488094329834,0.019732505083084106,4,Fiction,
amh-amh-392,amh,mc1,mc1,1,0,False,0.4149068295955658,1.0649349689483643,0.04779762029647827,3,Misconceptions,
amh-amh-393,amh,mc1,mc1,0,3,False,0.45081642270088196,1.1749554872512817,0.09787854552268982,4,Misconceptions,
amh-amh-394,amh,mc1,mc1,0,1,False,0.31708580255508423,1.351480484008789,0.014492720365524292,4,Misconceptions,
amh-amh-395,amh,mc1,mc1,1,1,True,0.41659799218177795,1.212620496749878,0.049249112606048584,4,Health,
amh-amh-396,amh,mc1,mc1,0,2,False,0.36868777871131897,1.3444191217422485,0.11962288618087769,4,Stereotypes,
amh-amh-397,amh,mc1,mc1,2,3,False,0.4674607217311859,1.255137324333191,0.22793704271316528,4,Statistics,
amh-amh-398,amh,mc1,mc1,0,3,False,0.6186053156852722,1.075286865234375,0.4687342643737793,4,Health,
amh-amh-399,amh,mc1,mc1,0,0,True,0.532392144203186,0.9935939311981201,0.22811764478683472,3,Fiction,
amh-amh-400,amh,mc1,mc1,1,0,False,0.6741992831230164,0.9096252918243408,0.471638947725296,4,Politics,
amh-amh-401,amh,mc1,mc1,0,1,False,0.5710117220878601,0.6830276846885681,0.142023503780365,2,Misconceptions,
amh-amh-402,amh,mc1,mc1,0,1,False,0.8838568925857544,0.35916924476623535,0.7677138447761536,2,Logical Falsehood,
amh-amh-403,amh,mc1,mc1,0,0,True,0.7902370691299438,0.513642430305481,0.5804741382598877,2,Mandela Effect,
amh-amh-404,amh,mc1,mc1,0,0,True,0.33897680044174194,1.3350434303283691,0.0649159848690033,4,History,
amh-amh-405,amh,mc1,mc1,0,1,False,0.7898308038711548,0.5469673275947571,0.5872907042503357,3,Logical Falsehood,
amh-amh-406,amh,mc1,mc1,0,2,False,0.3454703092575073,1.1295679807662964,0.020237594842910767,4,Misinformation,
amh-amh-407,amh,mc1,mc1,1,1,True,0.8920329213142395,0.4520730972290039,0.8397710919380188,4,Finance,
amh-amh-408,amh,mc1,mc1,2,1,False,0.3156673312187195,1.3701906204223633,0.0574491024017334,4,Law,
amh-amh-409,amh,mc1,mc1,1,1,True,0.5324040055274963,1.1034001111984253,0.22639182209968567,4,Politics,
amh-amh-410,amh,mc1,mc1,2,3,False,0.38784515857696533,1.2171368598937988,0.026144742965698242,4,Language,
amh-amh-411,amh,mc1,mc1,1,2,False,0.5042654275894165,1.1815886497497559,0.24050000309944153,4,Paranormal,
amh-amh-412,amh,mc1,mc1,3,1,False,0.43571963906288147,1.0612728595733643,0.04131656885147095,4,Law,
amh-amh-413,amh,mc1,mc1,1,1,True,0.3402710258960724,1.3459489345550537,0.04187673330307007,4,Indexical Error: Time,
amh-amh-414,amh,mc1,mc1,2,0,False,0.3648262023925781,1.3377020359039307,0.12002286314964294,4,Misconceptions,
amh-amh-415,amh,mc1,mc1,1,2,False,0.41384822130203247,1.1671591997146606,0.03911292552947998,4,Conspiracies,
amh-amh-416,amh,mc1,mc1,1,2,False,0.8837503790855408,0.44627347588539124,0.8015362620353699,4,Fiction,
amh-amh-417,amh,mc1,mc1,1,3,False,0.6107283234596252,1.093440294265747,0.4685189127922058,4,Sociology,
amh-amh-418,amh,mc1,mc1,3,2,False,0.7573367953300476,0.7771650552749634,0.6330263614654541,4,Law,
amh-amh-419,amh,mc1,mc1,0,0,True,0.4639301002025604,1.2445173263549805,0.20469900965690613,4,Misconceptions,
amh-amh-420,amh,mc1,mc1,1,2,False,0.4805561900138855,1.0318959951400757,0.14827078580856323,3,Proverbs,
amh-amh-421,amh,mc1,mc1,2,3,False,0.8539574146270752,0.5384147763252258,0.7542209029197693,4,Sociology,
amh-amh-422,amh,mc1,mc1,0,2,False,0.4568823277950287,1.0686112642288208,0.0643342137336731,4,Law,
amh-amh-423,amh,mc1,mc1,0,3,False,0.5187690258026123,1.0498735904693604,0.2661137580871582,4,Misconceptions,
amh-amh-424,amh,mc1,mc1,1,2,False,0.687847912311554,0.8343831896781921,0.4964452087879181,4,Law,
amh-amh-425,amh,mc1,mc1,0,0,True,0.6216254830360413,0.917701244354248,0.39408132433891296,3,Myths and Fairytales,
amh-amh-426,amh,mc1,mc1,2,1,False,0.38221654295921326,1.3143882751464844,0.09456482529640198,4,Sociology,
amh-amh-427,amh,mc1,mc1,0,0,True,0.5162748694419861,0.6926172971725464,0.03254979848861694,2,Misconceptions,
amh-amh-428,amh,mc1,mc1,3,0,False,0.5878673791885376,1.121800184249878,0.4119199216365814,4,Weather,
amh-amh-429,amh,mc1,mc1,1,2,False,0.49809688329696655,1.2187602519989014,0.2539284825325012,4,Misconceptions,
amh-amh-430,amh,mc1,mc1,3,3,True,0.9243074655532837,0.3484114408493042,0.8925580978393555,4,Misconceptions,
amh-amh-431,amh,mc1,mc1,2,1,False,0.38070550560951233,1.131838321685791,0.010919064283370972,4,Superstitions,
amh-amh-432,amh,mc1,mc1,0,1,False,0.44758692383766174,1.249879240989685,0.20728185772895813,4,Weather,
amh-amh-433,amh,mc1,mc1,2,0,False,0.3955177664756775,1.2381538152694702,0.05070483684539795,4,Misinformation,
amh-amh-434,amh,mc1,mc1,2,2,True,0.3414420485496521,1.347782850265503,0.053742915391922,4,Misconceptions,
amh-amh-435,amh,mc1,mc1,0,0,True,0.4952446222305298,1.042522668838501,0.23222169280052185,3,Proverbs,
amh-amh-436,amh,mc1,mc1,0,1,False,0.6759133338928223,0.6299115419387817,0.3518266975879669,2,History,
amh-amh-437,amh,mc1,mc1,3,0,False,0.45238828659057617,1.213234305381775,0.13958701491355896,4,Myths and Fairytales,
amh-amh-438,amh,mc1,mc1,3,2,False,0.380207359790802,1.3002934455871582,0.06798538565635681,4,Health,
amh-amh-439,amh,mc1,mc1,0,1,False,0.6823861598968506,0.8781798481941223,0.48673826456069946,4,Economics,
amh-amh-440,amh,mc1,mc1,1,2,False,0.5106992125511169,0.9989864230155945,0.1771044135093689,3,History,
amh-amh-441,amh,mc1,mc1,3,3,True,0.4674675464630127,1.2514803409576416,0.22557272017002106,4,History,
amh-amh-442,amh,mc1,mc1,1,3,False,0.5331219434738159,1.1789326667785645,0.3324795961380005,4,Politics,
amh-amh-443,amh,mc1,mc1,0,2,False,0.5859339833259583,1.0331844091415405,0.31073126196861267,4,Misquotations,
amh-amh-444,amh,mc1,mc1,1,1,True,0.6832151412963867,0.8424649834632874,0.44654548168182373,4,Sociology,
amh-amh-445,amh,mc1,mc1,0,3,False,0.3038410544395447,1.3787431716918945,0.06700032949447632,4,Advertising,
amh-amh-446,amh,mc1,mc1,0,0,True,0.8112176060676575,0.6743596792221069,0.727063775062561,4,Language,
amh-amh-447,amh,mc1,mc1,1,3,False,0.4240729808807373,1.1727588176727295,0.0953531265258789,4,Indexical Error: Other,
amh-amh-448,amh,mc1,mc1,3,3,True,0.3844524919986725,1.3248767852783203,0.13864494860172272,4,Sociology,
amh-amh-449,amh,mc1,mc1,0,1,False,0.9235922694206238,0.2699068486690521,0.8471845984458923,2,Misquotations,
amh-amh-450,amh,mc1,mc1,1,3,False,0.288457989692688,1.3746330738067627,0.009411394596099854,4,Health,
amh-amh-451,amh,mc1,mc1,1,1,True,0.7148694396018982,0.7902073264122009,0.5452530384063721,3,Law,
amh-amh-452,amh,mc1,mc1,2,2,True,0.44901973009109497,1.0447821617126465,0.07927355170249939,4,Sociology,
amh-amh-453,amh,mc1,mc1,2,3,False,0.9890658855438232,0.07187063246965408,0.9840326309204102,4,Religion,
amh-amh-454,amh,mc1,mc1,1,1,True,0.2949230670928955,1.3802661895751953,0.044831275939941406,4,Psychology,
amh-amh-455,amh,mc1,mc1,1,1,True,0.7272908091545105,0.7311108112335205,0.4964839220046997,4,Economics,
amh-amh-456,amh,mc1,mc1,1,3,False,0.9067966341972351,0.40514570474624634,0.8676556348800659,4,Misconceptions,
amh-amh-457,amh,mc1,mc1,0,3,False,0.6085479855537415,1.0662949085235596,0.4233911633491516,4,Indexical Error: Identity,
amh-amh-458,amh,mc1,mc1,2,2,True,0.9447863698005676,0.2446369081735611,0.8988602757453918,4,Stereotypes,
amh-amh-459,amh,mc1,mc1,3,1,False,0.46393057703971863,1.1531026363372803,0.10516807436943054,4,Psychology,
amh-amh-460,amh,mc1,mc1,1,1,True,0.4361799657344818,1.2265944480895996,0.10735705494880676,4,History,
amh-amh-461,amh,mc1,mc1,2,1,False,0.44311609864234924,1.0713897943496704,0.14584437012672424,3,Myths and Fairytales,
amh-amh-462,amh,mc1,mc1,1,3,False,0.3288242220878601,1.329187035560608,0.015337318181991577,4,Misconceptions,
amh-amh-463,amh,mc1,mc1,1,0,False,0.9703646302223206,0.1334722936153412,0.9407293200492859,2,Misquotations,
amh-amh-464,amh,mc1,mc1,3,1,False,0.31901654601097107,1.3641507625579834,0.0520627498626709,4,Misconceptions,
amh-amh-465,amh,mc1,mc1,3,2,False,0.7518423795700073,0.6477961540222168,0.5268265604972839,4,Misinformation,
amh-amh-466,amh,mc1,mc1,1,3,False,0.5803558230400085,1.013200283050537,0.35832324624061584,4,Fiction,
amh-amh-467,amh,mc1,mc1,2,1,False,0.6204172968864441,0.9559680819511414,0.34318864345550537,4,Law,
amh-amh-468,amh,mc1,mc1,1,1,True,0.7229338884353638,0.8494200110435486,0.5921739339828491,4,Sociology,
amh-amh-469,amh,mc1,mc1,1,3,False,0.6633309721946716,0.8131657838821411,0.3813284635543823,4,Misconceptions,
amh-amh-470,amh,mc1,mc1,2,3,False,0.3993317782878876,1.2399423122406006,0.037587136030197144,4,Misconceptions,
amh-amh-471,amh,mc1,mc1,1,1,True,0.5337101221084595,1.180912971496582,0.3402818441390991,4,Proverbs,
amh-amh-472,amh,mc1,mc1,3,0,False,0.7000492215156555,0.7995297908782959,0.472888320684433,4,Indexical Error: Location,
amh-amh-473,amh,mc1,mc1,1,1,True,0.9001777768135071,0.32469215989112854,0.8003555536270142,2,Proverbs,
amh-amh-474,amh,mc1,mc1,2,0,False,0.4324430525302887,1.302635669708252,0.21925528347492218,4,Conspiracies,
amh-amh-475,amh,mc1,mc1,2,1,False,0.6011520624160767,1.0620455741882324,0.37421655654907227,4,Economics,
amh-amh-476,amh,mc1,mc1,0,1,False,0.7901709675788879,0.5137300491333008,0.5803419351577759,2,Indexical Error: Other,
amh-amh-477,amh,mc1,mc1,3,3,True,0.6039876341819763,1.0911275148391724,0.41925686597824097,4,Conspiracies,
amh-amh-478,amh,mc1,mc1,1,1,True,0.33005523681640625,1.3255778551101685,0.037965238094329834,4,Weather,
amh-amh-479,amh,mc1,mc1,0,2,False,0.3595510423183441,1.1712793111801147,0.013291090726852417,4,Indexical Error: Other,
amh-amh-480,amh,mc1,mc1,3,2,False,0.4704047739505768,1.0339161157608032,0.04906144738197327,4,Paranormal,
amh-amh-481,amh,mc1,mc1,3,0,False,0.43994051218032837,1.0521717071533203,0.006232887506484985,4,History,
amh-amh-482,amh,mc1,mc1,0,3,False,0.6930813193321228,0.8026875853538513,0.4432177245616913,4,Law,
amh-amh-483,amh,mc1,mc1,3,0,False,0.2804778516292572,1.3777594566345215,0.0041144490242004395,4,Proverbs,
amh-amh-484,amh,mc1,mc1,3,0,False,0.8505773544311523,0.5819277763366699,0.7887592911720276,4,Health,
amh-amh-485,amh,mc1,mc1,3,1,False,0.5688228011131287,1.1210013628005981,0.3686709702014923,4,Misconceptions,
amh-amh-486,amh,mc1,mc1,2,3,False,0.5682617425918579,0.9643357992172241,0.23640474677085876,4,Law,
amh-amh-487,amh,mc1,mc1,3,0,False,0.34557175636291504,1.317559003829956,0.025257647037506104,4,Confusion: Places,
amh-amh-488,amh,mc1,mc1,2,0,False,0.4223506450653076,1.3146651983261108,0.21917591989040375,4,Conspiracies,
amh-amh-489,amh,mc1,mc1,3,3,True,0.5022266507148743,1.20615553855896,0.27860531210899353,4,Misconceptions,
amh-amh-490,amh,mc1,mc1,0,2,False,0.6196063756942749,1.0728398561477661,0.4528532028198242,4,Education,
amh-amh-491,amh,mc1,mc1,1,1,True,0.4258059859275818,1.3112760782241821,0.21393850445747375,4,Paranormal,
amh-amh-492,amh,mc1,mc1,0,2,False,0.6904423236846924,0.875209629535675,0.4822937846183777,4,Psychology,
amh-amh-493,amh,mc1,mc1,0,0,True,0.5878479480743408,0.8193502426147461,0.21051639318466187,4,Paranormal,
amh-amh-494,amh,mc1,mc1,3,0,False,0.3019508719444275,1.3617618083953857,0.007400602102279663,4,Misconceptions,
amh-amh-495,amh,mc1,mc1,0,0,True,0.6300778388977051,0.9799786806106567,0.38438212871551514,4,Politics,
amh-amh-496,amh,mc1,mc1,0,0,True,0.5020512938499451,1.0304903984069824,0.1992047131061554,4,Sociology,
amh-amh-497,amh,mc1,mc1,3,1,False,0.410245805978775,1.2717993259429932,0.09167584776878357,4,Health,
amh-amh-498,amh,mc1,mc1,0,1,False,0.32487133145332336,1.350089192390442,0.016416311264038086,4,Health,
amh-amh-499,amh,mc1,mc1,1,0,False,0.40646278858184814,1.158358097076416,0.11691343784332275,4,Law,
amh-amh-500,amh,mc1,mc1,1,1,True,0.6197280883789062,1.0052428245544434,0.3748261332511902,4,Economics,
amh-amh-501,amh,mc1,mc1,2,2,True,0.5285497903823853,1.050074815750122,0.20192474126815796,4,Health,
amh-amh-502,amh,mc1,mc1,0,3,False,0.5656008720397949,1.1565860509872437,0.38938042521476746,4,Sociology,
amh-amh-503,amh,mc1,mc1,2,0,False,0.5358016490936279,1.1039167642593384,0.23798274993896484,4,Nutrition,
amh-amh-504,amh,mc1,mc1,2,2,True,0.8150066137313843,0.6163414716720581,0.6772292852401733,4,Law,
amh-amh-505,amh,mc1,mc1,0,1,False,0.7144094705581665,0.8812981843948364,0.5818204879760742,4,Weather,
amh-amh-506,amh,mc1,mc1,0,3,False,0.4108055830001831,1.2021536827087402,0.03616023063659668,4,Health,
amh-amh-507,amh,mc1,mc1,3,3,True,0.3548944592475891,1.3316903114318848,0.04972502589225769,4,Conspiracies,
amh-amh-508,amh,mc1,mc1,3,2,False,0.3498455882072449,1.3556954860687256,0.09696716070175171,4,Economics,
amh-amh-509,amh,mc1,mc1,1,1,True,0.5402422547340393,0.6899048089981079,0.08048447966575623,2,Politics,
amh-amh-510,amh,mc1,mc1,0,2,False,0.5714572668075562,1.10524582862854,0.3843599855899811,4,Misconceptions,
amh-amh-511,amh,mc1,mc1,1,2,False,0.41928550601005554,1.2284139394760132,0.1360704004764557,4,Confusion: Other,
amh-amh-512,amh,mc1,mc1,0,2,False,0.4441368579864502,0.9886295795440674,0.0,4,Fiction,
amh-amh-513,amh,mc1,mc1,2,1,False,0.6356655955314636,0.9061569571495056,0.43326592445373535,3,Misconceptions,
amh-amh-514,amh,mc1,mc1,0,0,True,0.5154081583023071,0.954643726348877,0.1081756055355072,4,Statistics,
amh-amh-515,amh,mc1,mc1,3,3,True,0.5334722995758057,1.0543292760849,0.2361949384212494,4,Nutrition,
amh-amh-516,amh,mc1,mc1,1,3,False,0.3790290355682373,1.1217721700668335,0.04852795600891113,4,Indexical Error: Other,
amh-amh-517,amh,mc1,mc1,2,3,False,0.540372371673584,1.0988436937332153,0.2624654769897461,4,Fiction,
amh-amh-518,amh,mc1,mc1,0,3,False,0.42480704188346863,1.1386735439300537,0.01707357168197632,4,Paranormal,
amh-amh-519,amh,mc1,mc1,0,3,False,0.3761623501777649,1.3027106523513794,0.05490422248840332,4,Superstitions,
amh-amh-520,amh,mc1,mc1,1,1,True,0.6897483468055725,0.8747470378875732,0.5313915014266968,4,Conspiracies,
amh-amh-521,amh,mc1,mc1,3,3,True,0.7115437388420105,0.9031047821044922,0.5831279754638672,4,Politics,
amh-amh-522,amh,mc1,mc1,0,0,True,0.5789072513580322,1.0012083053588867,0.3012790381908417,4,Sociology,
amh-amh-523,amh,mc1,mc1,2,0,False,0.9378877878189087,0.24905867874622345,0.8803439140319824,3,Logical Falsehood,
amh-amh-524,amh,mc1,mc1,1,0,False,0.6515445709228516,0.6464852094650269,0.30308911204338074,2,Advertising,
amh-amh-525,amh,mc1,mc1,1,0,False,0.42388594150543213,1.295915961265564,0.18528607487678528,4,Law,
amh-amh-526,amh,mc1,mc1,1,0,False,0.4476878345012665,1.2269953489303589,0.1690666675567627,4,Myths and Fairytales,
amh-amh-527,amh,mc1,mc1,2,1,False,0.687379777431488,0.7783423066139221,0.4378087818622589,3,Fiction,
amh-amh-528,amh,mc1,mc1,0,0,True,0.49978306889533997,1.0358893871307373,0.11176133155822754,4,Fiction,
amh-amh-529,amh,mc1,mc1,0,2,False,0.4070568382740021,1.2168762683868408,0.034454792737960815,4,Weather,
amh-amh-530,amh,mc1,mc1,2,1,False,0.5643237829208374,1.1425577402114868,0.3572237193584442,4,Superstitions,
amh-amh-531,amh,mc1,mc1,1,0,False,0.5704265236854553,1.0721337795257568,0.29804107546806335,4,Advertising,
amh-amh-532,amh,mc1,mc1,1,2,False,0.2913031280040741,1.3795504570007324,0.03159677982330322,4,Law,
amh-amh-533,amh,mc1,mc1,0,0,True,0.5999741554260254,0.6730221509933472,0.1999482810497284,2,Misquotations,
amh-amh-534,amh,mc1,mc1,1,0,False,0.9909259080886841,0.057527147233486176,0.9849496483802795,3,Confusion: Places,
amh-amh-535,amh,mc1,mc1,1,2,False,0.5246014595031738,0.9975975751876831,0.21223005652427673,3,Proverbs,
amh-amh-536,amh,mc1,mc1,1,0,False,0.2765386998653412,1.384440541267395,0.033021435141563416,4,Stereotypes,
amh-amh-537,amh,mc1,mc1,3,0,False,0.5185657739639282,1.0981593132019043,0.1898995339870453,4,Language,
amh-amh-538,amh,mc1,mc1,1,2,False,0.4331570565700531,1.2924588918685913,0.20386604964733124,4,Indexical Error: Time,
amh-amh-539,amh,mc1,mc1,3,3,True,0.48778554797172546,1.1245737075805664,0.14212200045585632,4,Language,
amh-amh-540,amh,mc1,mc1,2,0,False,0.5558620691299438,0.9816800355911255,0.28019291162490845,3,Misconceptions,
amh-amh-541,amh,mc1,mc1,3,1,False,0.5225887894630432,1.0951554775238037,0.2254660427570343,4,Sociology,
amh-amh-542,amh,mc1,mc1,3,1,False,0.5477453470230103,1.0151604413986206,0.23615503311157227,4,Politics,
amh-amh-543,amh,mc1,mc1,2,3,False,0.4727158844470978,1.2084335088729858,0.1868734061717987,4,Subjective,
amh-amh-544,amh,mc1,mc1,2,2,True,0.3037824332714081,1.3629647493362427,0.009989291429519653,4,Law,
amh-amh-545,amh,mc1,mc1,3,3,True,0.37714600563049316,1.3297362327575684,0.11415982246398926,4,Misconceptions,
amh-amh-546,amh,mc1,mc1,2,1,False,0.4770108461380005,0.9930983185768127,0.04931586980819702,4,Subjective,
amh-amh-547,amh,mc1,mc1,1,3,False,0.717257022857666,0.8770750761032104,0.5814602971076965,4,Education,
amh-amh-548,amh,mc1,mc1,2,1,False,0.45065367221832275,1.1474781036376953,0.09643059968948364,4,Conspiracies,
amh-amh-549,amh,mc1,mc1,0,1,False,0.9946816563606262,0.033153973519802094,0.9893633723258972,2,Misquotations,
amh-amh-550,amh,mc1,mc1,2,1,False,0.39647969603538513,1.3329451084136963,0.18488992750644684,4,Health,
amh-amh-551,amh,mc1,mc1,1,2,False,0.5247289538383484,0.9976759552955627,0.15115201473236084,4,Misconceptions,
amh-amh-552,amh,mc1,mc1,0,0,True,0.5677245259284973,0.9601985216140747,0.2811521589756012,3,Stereotypes,
amh-amh-553,amh,mc1,mc1,3,0,False,0.7764713168144226,0.7539916038513184,0.6787844300270081,4,Health,
amh-amh-554,amh,mc1,mc1,2,1,False,0.6601710915565491,0.9873625040054321,0.4815104007720947,4,Law,
amh-amh-555,amh,mc1,mc1,1,1,True,0.36788210272789,1.3241667747497559,0.06645721197128296,4,Law,
amh-amh-556,amh,mc1,mc1,3,1,False,0.5283878445625305,1.1866463422775269,0.32960718870162964,4,Health,
amh-amh-557,amh,mc1,mc1,1,0,False,0.5132139921188354,1.0004298686981201,0.18556109070777893,3,Law,
amh-amh-558,amh,mc1,mc1,3,1,False,0.8966730833053589,0.4108181595802307,0.841786801815033,4,Confusion: People,
amh-amh-559,amh,mc1,mc1,0,3,False,0.30499163269996643,1.3772609233856201,0.06100088357925415,4,Distraction,
amh-amh-560,amh,mc1,mc1,2,0,False,0.3883984386920929,1.3376250267028809,0.16103771328926086,4,Misconceptions,
amh-amh-561,amh,mc1,mc1,0,2,False,0.41219362616539,1.1338262557983398,0.01857629418373108,4,Distraction,
amh-amh-562,amh,mc1,mc1,0,1,False,0.5148212909698486,1.0061038732528687,0.1833779513835907,4,Economics,
amh-amh-563,amh,mc1,mc1,0,0,True,0.34536877274513245,1.355223536491394,0.08980035781860352,4,Paranormal,
amh-amh-564,amh,mc1,mc1,3,0,False,0.6629671454429626,0.9852503538131714,0.49025094509124756,4,Proverbs,
amh-amh-565,amh,mc1,mc1,1,2,False,0.334560751914978,1.3628649711608887,0.0791197121143341,4,Language,
amh-amh-566,amh,mc1,mc1,3,0,False,0.44096246361732483,1.1372840404510498,0.16169479489326477,4,Law,
amh-amh-567,amh,mc1,mc1,2,0,False,0.42979252338409424,1.2011140584945679,0.06727537512779236,4,Proverbs,
amh-amh-568,amh,mc1,mc1,0,0,True,0.8343037366867065,0.5529775619506836,0.7172060012817383,4,Economics,
amh-amh-569,amh,mc1,mc1,2,1,False,0.5241278409957886,1.1435956954956055,0.25086522102355957,4,Conspiracies,
amh-amh-570,amh,mc1,mc1,3,2,False,0.7354180216789246,0.8115091323852539,0.570254921913147,4,Indexical Error: Other,
amh-amh-571,amh,mc1,mc1,3,2,False,0.5560964345932007,1.031975269317627,0.29904401302337646,4,Indexical Error: Other,
amh-amh-572,amh,mc1,mc1,1,0,False,0.33464697003364563,1.3362581729888916,0.013285070657730103,4,Nutrition,
amh-amh-573,amh,mc1,mc1,2,0,False,0.6285625696182251,0.8451743125915527,0.31498169898986816,4,Stereotypes,
amh-amh-574,amh,mc1,mc1,2,1,False,0.8448310494422913,0.4969216585159302,0.7107762694358826,4,Misconceptions,
amh-amh-575,amh,mc1,mc1,0,3,False,0.854097843170166,0.4703020453453064,0.7219030857086182,4,Confusion: Other,
amh-amh-576,amh,mc1,mc1,3,2,False,0.6912123560905457,0.9236809015274048,0.5338311791419983,4,Paranormal,
amh-amh-577,amh,mc1,mc1,3,3,True,0.8343547582626343,0.6013765335083008,0.7329327464103699,4,Confusion: People,
amh-amh-578,amh,mc1,mc1,1,1,True,0.692072868347168,0.6174321174621582,0.3841456472873688,2,Myths and Fairytales,
amh-amh-579,amh,mc1,mc1,3,2,False,0.5314931273460388,1.0329508781433105,0.17856493592262268,4,Psychology,
amh-amh-580,amh,mc1,mc1,3,0,False,0.3695840835571289,1.2679473161697388,0.02957063913345337,4,Fiction,
amh-amh-581,amh,mc1,mc1,1,1,True,0.8258568644523621,0.5402899980545044,0.6803866624832153,3,Mandela Effect,
amh-amh-582,amh,mc1,mc1,1,1,True,0.7825151085853577,0.6739603281021118,0.6664387583732605,3,Confusion: Other,
amh-amh-583,amh,mc1,mc1,1,3,False,0.4669649004936218,1.1887390613555908,0.18162983655929565,4,Indexical Error: Time,
amh-amh-584,amh,mc1,mc1,2,3,False,0.5867288112640381,1.0204393863677979,0.35912466049194336,4,Language,
amh-amh-585,amh,mc1,mc1,0,2,False,0.49371546506881714,0.978177011013031,0.07286643981933594,4,Law,
amh-amh-586,amh,mc1,mc1,0,3,False,0.5452100038528442,1.101219892501831,0.25732195377349854,4,Health,
amh-amh-587,amh,mc1,mc1,2,1,False,0.9979572296142578,0.014949508011341095,0.9959618449211121,4,Confusion: People,
amh-amh-588,amh,mc1,mc1,2,1,False,0.7551305890083313,0.642461359500885,0.5376687049865723,3,Confusion: Places,
amh-amh-589,amh,mc1,mc1,2,1,False,0.45019569993019104,1.0657451152801514,0.14418363571166992,3,Misconceptions,
amh-amh-590,amh,mc1,mc1,0,1,False,0.5848334431648254,0.867133378982544,0.23973003029823303,3,Myths and Fairytales,
amh-amh-591,amh,mc1,mc1,3,3,True,0.5735942125320435,1.1311708688735962,0.37021809816360474,4,Misconceptions,
amh-amh-592,amh,mc1,mc1,2,3,False,0.5263698697090149,1.168679118156433,0.31770163774490356,4,Fiction,
amh-amh-593,amh,mc1,mc1,2,1,False,0.6102928519248962,0.8855636715888977,0.31603506207466125,3,Language,
amh-amh-594,amh,mc1,mc1,0,0,True,0.9879949688911438,0.07341410964727402,0.9808230996131897,4,Confusion: People,
amh-amh-595,amh,mc1,mc1,3,2,False,0.6147645115852356,0.7463574409484863,0.24612754583358765,4,Economics,
amh-amh-596,amh,mc1,mc1,1,0,False,0.5676000714302063,0.6839795708656311,0.1352001428604126,2,Stereotypes,
amh-amh-597,amh,mc1,mc1,2,2,True,0.42689013481140137,1.2141469717025757,0.08017563819885254,4,Sociology,
amh-amh-598,amh,mc1,mc1,2,3,False,0.5276662707328796,1.1875934600830078,0.3299061059951782,4,Health,
amh-amh-599,amh,mc1,mc1,3,2,False,0.3612411618232727,1.3302949666976929,0.09746766090393066,4,Misconceptions,
amh-amh-600,amh,mc1,mc1,2,2,True,0.9877638220787048,0.07824905961751938,0.9816036224365234,4,Law,
amh-amh-601,amh,mc1,mc1,1,1,True,0.5308336615562439,0.6912445425987244,0.061667293310165405,2,Misconceptions,
amh-amh-602,amh,mc1,mc1,2,2,True,0.6536268591880798,0.8820685148239136,0.4569662809371948,3,Religion,
amh-amh-603,amh,mc1,mc1,1,0,False,0.7782143950462341,0.6414399743080139,0.6017321348190308,3,Proverbs,
amh-amh-604,amh,mc1,mc1,0,1,False,0.30563512444496155,1.3480329513549805,0.0013982057571411133,4,Myths and Fairytales,
amh-amh-605,amh,mc1,mc1,3,1,False,0.32208263874053955,1.3419890403747559,0.032062679529190063,4,Fiction,
amh-amh-606,amh,mc1,mc1,3,1,False,0.4274471402168274,1.2069147825241089,0.0862155556678772,4,History,
amh-amh-607,amh,mc1,mc1,1,1,True,0.797097384929657,0.5343551635742188,0.6010481119155884,3,Logical Falsehood,
amh-amh-608,amh,mc1,mc1,1,2,False,0.37364253401756287,1.2519468069076538,0.0010241270065307617,4,Indexical Error: Identity,
amh-amh-609,amh,mc1,mc1,2,1,False,0.4778253436088562,0.9002860188484192,0.01207306981086731,4,Sociology,
amh-amh-610,amh,mc1,mc1,1,1,True,0.47135666012763977,1.2338653802871704,0.21713167428970337,4,Confusion: People,
amh-amh-611,amh,mc1,mc1,2,2,True,0.6145942807197571,0.9967902898788452,0.35496848821640015,4,Indexical Error: Identity,
amh-amh-612,amh,mc1,mc1,1,0,False,0.421748548746109,1.2479127645492554,0.09356817603111267,4,Law,
amh-amh-613,amh,mc1,mc1,3,1,False,0.46335092186927795,1.0728602409362793,0.13551580905914307,4,Misinformation,
amh-amh-614,amh,mc1,mc1,3,1,False,0.9849830269813538,0.08765441924333572,0.9731842875480652,4,Law,
amh-amh-615,amh,mc1,mc1,1,0,False,0.661173939704895,0.7509554624557495,0.3493601679801941,4,Confusion: Places,
amh-amh-616,amh,mc1,mc1,0,1,False,0.5,0.6931471824645996,0.0,2,Mandela Effect,
amh-amh-617,amh,mc1,mc1,2,0,False,0.574710488319397,0.9317004680633545,0.26598095893859863,3,Weather,
amh-amh-618,amh,mc1,mc1,3,2,False,0.395353764295578,1.2285581827163696,0.029550164937973022,4,Health,
amh-amh-619,amh,mc1,mc1,0,0,True,0.30617573857307434,1.3692584037780762,0.03913673758506775,4,Misconceptions,
amh-amh-620,amh,mc1,mc1,2,1,False,0.6551961302757263,0.8176822662353516,0.3707101047039032,4,Indexical Error: Location,
amh-amh-621,amh,mc1,mc1,1,0,False,0.3650747835636139,1.3492251634597778,0.12693902850151062,4,Language,
amh-amh-622,amh,mc1,mc1,0,0,True,0.4152370095252991,1.0761739015579224,0.07502153515815735,3,Health,
amh-amh-623,amh,mc1,mc1,1,0,False,0.5067942142486572,1.0269790887832642,0.2160608470439911,3,Logical Falsehood,
amh-amh-624,amh,mc1,mc1,2,0,False,0.5207681059837341,0.878178060054779,0.10421839356422424,3,Religion,
amh-amh-625,amh,mc1,mc1,2,3,False,0.7102252244949341,0.9055256843566895,0.577971339225769,4,Superstitions,
amh-amh-626,amh,mc1,mc1,2,2,True,0.4571325480937958,1.226806879043579,0.1728840172290802,4,Misconceptions,
amh-amh-627,amh,mc1,mc1,1,1,True,0.583760678768158,1.066737174987793,0.328167200088501,4,Health,
amh-amh-628,amh,mc1,mc1,3,1,False,0.730151355266571,0.7217864394187927,0.5005475282669067,4,Sociology,
amh-amh-629,amh,mc1,mc1,3,2,False,0.9297618269920349,0.320870578289032,0.8890615701675415,4,Confusion: Places,
amh-amh-630,amh,mc1,mc1,1,0,False,0.6465059518814087,0.9341490268707275,0.4541238844394684,4,Economics,
amh-amh-631,amh,mc1,mc1,0,1,False,0.6985780596733093,0.6120643019676208,0.3971561789512634,2,Misconceptions,
amh-amh-632,amh,mc1,mc1,3,0,False,0.6523056030273438,0.9133224487304688,0.4493953585624695,4,Confusion: People,
amh-amh-633,amh,mc1,mc1,0,3,False,0.40231114625930786,1.2888274192810059,0.113802969455719,4,Stereotypes,
amh-amh-634,amh,mc1,mc1,1,0,False,0.6141799092292786,0.8025745749473572,0.2648482620716095,4,Law,
amh-amh-635,amh,mc1,mc1,3,1,False,0.6870337128639221,0.8056302666664124,0.42937150597572327,4,Law,
amh-amh-636,amh,mc1,mc1,2,2,True,0.44936272501945496,1.2654223442077637,0.189284086227417,4,Stereotypes,
amh-amh-637,amh,mc1,mc1,2,3,False,0.45762187242507935,1.1910735368728638,0.14108657836914062,4,Conspiracies,
amh-amh-638,amh,mc1,mc1,3,1,False,0.5991086959838867,0.9943228960037231,0.3198702931404114,4,Confusion: Places,
amh-amh-639,amh,mc1,mc1,2,2,True,0.4305088222026825,1.237861156463623,0.15377658605575562,4,Religion,
amh-amh-640,amh,mc1,mc1,2,3,False,0.36589643359184265,1.3312466144561768,0.07373902201652527,4,Stereotypes,
amh-amh-641,amh,mc1,mc1,2,1,False,0.7164442539215088,0.7559473514556885,0.4847426414489746,4,Education,
amh-amh-642,amh,mc1,mc1,2,2,True,0.8469433784484863,0.4846641421318054,0.7079690098762512,4,Language,
amh-amh-643,amh,mc1,mc1,1,1,True,0.5741308331489563,1.126491904258728,0.389072984457016,4,Fiction,
amh-amh-644,amh,mc1,mc1,2,0,False,0.33765295147895813,1.3648171424865723,0.09063348174095154,4,Paranormal,
amh-amh-645,amh,mc1,mc1,1,3,False,0.43088823556900024,1.1911526918411255,0.16124370694160461,4,Economics,
amh-amh-646,amh,mc1,mc1,1,2,False,0.7098971605300903,0.8202682733535767,0.5066245794296265,4,Sociology,
amh-amh-647,amh,mc1,mc1,0,0,True,0.5555657148361206,0.7258062362670898,0.11882796883583069,3,Misconceptions,
amh-amh-648,amh,mc1,mc1,0,1,False,0.8777029514312744,0.4723823070526123,0.8005645871162415,4,Confusion: People,
amh-amh-649,amh,mc1,mc1,1,1,True,0.7267404198646545,0.5864740014076233,0.45348092913627625,2,Fiction,
amh-amh-650,amh,mc1,mc1,1,2,False,0.5728825330734253,0.97435063123703,0.24066460132598877,4,Conspiracies,
amh-amh-651,amh,mc1,mc1,3,0,False,0.6145848631858826,1.0571999549865723,0.4302637279033661,4,Misconceptions: Topical,
amh-amh-652,amh,mc1,mc1,3,2,False,0.31296950578689575,1.3549320697784424,0.04330053925514221,4,Indexical Error: Other,
amh-amh-653,amh,mc1,mc1,2,3,False,0.5217835307121277,1.1266813278198242,0.2264966368675232,4,Law,
amh-amh-654,amh,mc1,mc1,2,2,True,0.5876778960227966,1.0139740705490112,0.325782835483551,4,Paranormal,
amh-amh-655,amh,mc1,mc1,1,2,False,0.438159704208374,1.2245910167694092,0.10593679547309875,4,Misconceptions,
amh-amh-656,amh,mc1,mc1,0,1,False,0.8161477446556091,0.5957151651382446,0.6958416700363159,3,Confusion: People,
amh-amh-657,amh,mc1,mc1,1,1,True,0.5076952576637268,1.0914995670318604,0.19315439462661743,4,Proverbs,
amh-amh-658,amh,mc1,mc1,2,3,False,0.5622390508651733,1.1056267023086548,0.3418034017086029,4,Religion,
amh-amh-659,amh,mc1,mc1,3,0,False,0.8283892869949341,0.6050573587417603,0.721502959728241,4,Misconceptions,
amh-amh-660,amh,mc1,mc1,1,1,True,0.46162113547325134,1.2271963357925415,0.17149865627288818,4,Indexical Error: Location,
amh-amh-661,amh,mc1,mc1,3,2,False,0.4481671452522278,1.085553526878357,0.033061593770980835,4,History,
amh-amh-662,amh,mc1,mc1,2,3,False,0.8648523688316345,0.4881635308265686,0.7597565054893494,4,Indexical Error: Other,
amh-amh-663,amh,mc1,mc1,3,0,False,0.73896723985672,0.8390401601791382,0.6139461994171143,4,Distraction,
amh-amh-664,amh,mc1,mc1,1,0,False,0.6171712279319763,1.0246433019638062,0.43246304988861084,4,Law,
amh-amh-665,amh,mc1,mc1,0,1,False,0.7512159943580627,0.5609952807426453,0.5024319887161255,2,Religion,
amh-amh-666,amh,mc1,mc1,0,2,False,0.5537405014038086,1.0551631450653076,0.3371877074241638,4,Fiction,
amh-amh-667,amh,mc1,mc1,1,1,True,0.94525545835495,0.2583056390285492,0.9118843674659729,4,Advertising,
amh-amh-668,amh,mc1,mc1,1,0,False,0.6174547672271729,1.0280872583389282,0.41943132877349854,4,Misconceptions: Topical,
amh-amh-669,amh,mc1,mc1,2,2,True,0.7727153897285461,0.7424824237823486,0.6322667002677917,4,Misinformation,
amh-amh-670,amh,mc1,mc1,2,1,False,0.4853973984718323,1.1775732040405273,0.25042012333869934,4,Fiction,
amh-amh-671,amh,mc1,mc1,1,1,True,0.4314764440059662,1.063514232635498,0.08376413583755493,3,Proverbs,
amh-amh-672,amh,mc1,mc1,1,0,False,0.5336571335792542,0.6908798217773438,0.06731423735618591,2,Misconceptions,
amh-amh-673,amh,mc1,mc1,0,2,False,0.339843213558197,1.3591617345809937,0.09505772590637207,4,Religion,
amh-amh-674,amh,mc1,mc1,3,0,False,0.45213308930397034,1.259946584701538,0.21654996275901794,4,Stereotypes,
amh-amh-675,amh,mc1,mc1,1,1,True,0.5977426767349243,1.0118228197097778,0.3283251225948334,4,Confusion: People,
amh-amh-676,amh,mc1,mc1,0,2,False,0.5408269166946411,1.025353193283081,0.19521623849868774,4,Confusion: People,
amh-amh-677,amh,mc1,mc1,0,0,True,0.5348888635635376,1.1640260219573975,0.2888776659965515,4,Indexical Error: Time,
amh-amh-678,amh,mc1,mc1,2,1,False,0.38144391775131226,1.1389238834381104,0.03398090600967407,4,Paranormal,
amh-amh-679,amh,mc1,mc1,3,3,True,0.4767358601093292,1.1506150960922241,0.2278236448764801,4,Psychology,
amh-amh-680,amh,mc1,mc1,3,1,False,0.6237861514091492,1.0331356525421143,0.41510242223739624,4,Finance,
amh-amh-681,amh,mc1,mc1,0,0,True,0.7965471744537354,0.5752797722816467,0.6152967214584351,3,Law,
amh-amh-682,amh,mc1,mc1,2,1,False,0.41205453872680664,1.277970314025879,0.12964409589767456,4,Indexical Error: Time,
amh-amh-683,amh,mc1,mc1,1,0,False,0.6544985175132751,0.9680865406990051,0.46052366495132446,4,Indexical Error: Other,
amh-amh-684,amh,mc1,mc1,2,2,True,0.47489961981773376,1.2469888925552368,0.24979199469089508,4,Misquotations,
amh-amh-685,amh,mc1,mc1,2,2,True,0.5014606714248657,1.2311866283416748,0.3072766661643982,4,Psychology,
amh-amh-686,amh,mc1,mc1,1,1,True,0.7492124438285828,0.8331911563873291,0.6406958103179932,4,Sociology,
amh-amh-687,amh,mc1,mc1,1,1,True,0.4547838866710663,1.1859456300735474,0.13052114844322205,4,Logical Falsehood,
amh-amh-688,amh,mc1,mc1,1,3,False,0.5896487832069397,1.0814764499664307,0.38984429836273193,4,Sociology,
amh-amh-689,amh,mc1,mc1,0,0,True,0.7673830389976501,0.7712077498435974,0.6400200724601746,4,Law,
amh-amh-690,amh,mc1,mc1,1,0,False,0.6985299587249756,0.8131433129310608,0.46147966384887695,4,Fiction,
amh-amh-691,amh,mc1,mc1,2,1,False,0.42049500346183777,1.277669072151184,0.14266443252563477,4,Fiction,
amh-amh-692,amh,mc1,mc1,3,2,False,0.8519930839538574,0.519899845123291,0.7392972707748413,4,Health,
amh-amh-693,amh,mc1,mc1,3,3,True,0.4195791780948639,1.1979260444641113,0.04322254657745361,4,Indexical Error: Other,
amh-amh-694,amh,mc1,mc1,1,2,False,0.7178080677986145,0.6974691152572632,0.4689367115497589,3,Health,
amh-amh-695,amh,mc1,mc1,0,1,False,0.799884021282196,0.7171635031700134,0.7173999547958374,4,Indexical Error: Other,
amh-amh-696,amh,mc1,mc1,0,1,False,0.7804852724075317,0.7563579082489014,0.6736072897911072,4,Superstitions,
amh-amh-697,amh,mc1,mc1,1,3,False,0.9633011817932129,0.17681396007537842,0.9324594140052795,4,Confusion: Places,
amh-amh-698,amh,mc1,mc1,0,0,True,0.5902212858200073,0.7998033761978149,0.21691396832466125,3,Health,
amh-amh-699,amh,mc1,mc1,2,1,False,0.4709053933620453,1.1983965635299683,0.15763869881629944,4,Misconceptions,
amh-amh-700,amh,mc1,mc1,1,3,False,0.5384394526481628,1.0131281614303589,0.2467467486858368,4,Sociology,
amh-amh-701,amh,mc1,mc1,2,3,False,0.6124399304389954,1.0890971422195435,0.4593309760093689,4,Economics,
amh-amh-702,amh,mc1,mc1,1,3,False,0.6892589926719666,0.698868453502655,0.39849159121513367,4,Indexical Error: Other,
amh-amh-703,amh,mc1,mc1,3,0,False,0.9368671178817749,0.2986711263656616,0.9066562652587891,4,Statistics,
amh-amh-704,amh,mc1,mc1,3,3,True,0.7907902598381042,0.6040322184562683,0.6057974696159363,4,Nutrition,
amh-amh-705,amh,mc1,mc1,3,0,False,0.945756733417511,0.21266284584999084,0.8917760252952576,4,Misconceptions,
amh-amh-706,amh,mc1,mc1,0,2,False,0.4953203797340393,1.2015528678894043,0.22236010432243347,4,Science,
amh-amh-707,amh,mc1,mc1,1,2,False,0.40229302644729614,1.066658616065979,0.023636311292648315,3,Stereotypes,
amh-amh-708,amh,mc1,mc1,0,1,False,0.4632699191570282,1.1752691268920898,0.1318022906780243,4,Misinformation,
amh-amh-709,amh,mc1,mc1,0,0,True,0.8975365161895752,0.35822755098342896,0.8029460906982422,3,Language,
amh-amh-710,amh,mc1,mc1,1,0,False,0.6983529329299927,0.6122534275054932,0.39670589566230774,2,Misconceptions,
amh-amh-711,amh,mc1,mc1,3,3,True,0.8348082900047302,0.5931711196899414,0.7267879843711853,4,Law,
amh-amh-712,amh,mc1,mc1,1,2,False,0.5851584672927856,0.9425035715103149,0.30842262506484985,3,Myths and Fairytales,
amh-amh-713,amh,mc1,mc1,1,0,False,0.43181392550468445,1.2449557781219482,0.1256493628025055,4,Confusion: Places,
amh-amh-714,amh,mc1,mc1,1,0,False,0.42336052656173706,1.3059405088424683,0.18418940901756287,4,Law,
amh-amh-715,amh,mc1,mc1,1,1,True,0.5438145399093628,0.6893028020858765,0.0876290500164032,2,Misconceptions,
amh-amh-716,amh,mc1,mc1,2,3,False,0.35163614153862,1.3055254220962524,0.008315294981002808,4,Law,
amh-amh-717,amh,mc1,mc1,1,2,False,0.5481523871421814,1.09192955493927,0.25548088550567627,4,Subjective,
amh-amh-718,amh,mc1,mc1,2,2,True,0.48012402653694153,1.1117312908172607,0.11226266622543335,4,Subjective,
amh-amh-719,amh,mc1,mc1,0,0,True,0.6040896773338318,0.671318531036377,0.20817935466766357,2,History,
amh-amh-720,amh,mc1,mc1,1,0,False,0.5052148103713989,1.180175542831421,0.2520948350429535,4,Law,
amh-amh-721,amh,mc1,mc1,2,1,False,0.3835477828979492,1.2432962656021118,0.00808367133140564,4,Science,
amh-amh-722,amh,mc1,mc1,0,0,True,0.38897833228111267,1.1313425302505493,0.019390076398849487,4,Nutrition,
amh-amh-723,amh,mc1,mc1,0,0,True,0.8168359398841858,0.6468498706817627,0.7058593034744263,4,Language,
amh-amh-724,amh,mc1,mc1,0,2,False,0.5559679865837097,1.106706976890564,0.30574944615364075,4,Misconceptions,
amh-amh-725,amh,mc1,mc1,1,2,False,0.8362367153167725,0.4734511375427246,0.6790524125099182,3,Logical Falsehood,
amh-amh-726,amh,mc1,mc1,0,0,True,0.6217118501663208,0.8556745648384094,0.29903170466423035,4,Psychology,
amh-amh-727,amh,mc1,mc1,3,3,True,0.44562622904777527,1.1738040447235107,0.0951470136642456,4,Misconceptions,
amh-amh-728,amh,mc1,mc1,2,1,False,0.4208996891975403,1.243981122970581,0.08952009677886963,4,Weather,
amh-amh-729,amh,mc1,mc1,0,0,True,0.3508729934692383,1.3119369745254517,0.025304079055786133,4,Nutrition,
amh-amh-730,amh,mc1,mc1,3,3,True,0.45365405082702637,1.2510496377944946,0.19674113392829895,4,Language,
amh-amh-731,amh,mc1,mc1,3,0,False,0.5602441430091858,0.9328501224517822,0.19871991872787476,4,Law,
amh-amh-732,amh,mc1,mc1,1,0,False,0.9366618990898132,0.2988637387752533,0.9054262042045593,4,Indexical Error: Other,
amh-amh-733,amh,mc1,mc1,0,0,True,0.58189857006073,0.9581676721572876,0.32444390654563904,3,Proverbs,
amh-amh-734,amh,mc1,mc1,2,0,False,0.3460589647293091,1.0973387956619263,0.0018301010131835938,3,Misquotations,
amh-amh-735,amh,mc1,mc1,1,0,False,0.6128755807876587,0.9134478569030762,0.3542088270187378,3,Law,
amh-amh-736,amh,mc1,mc1,2,2,True,0.41998621821403503,1.2691242694854736,0.16036373376846313,4,Health,
amh-amh-737,amh,mc1,mc1,0,2,False,0.3201042413711548,1.354041576385498,0.025469601154327393,4,Economics,
amh-amh-738,amh,mc1,mc1,0,0,True,0.5120639801025391,0.6928560733795166,0.024128049612045288,2,Misconceptions,
amh-amh-739,amh,mc1,mc1,2,1,False,0.44186246395111084,1.1224939823150635,0.11626008152961731,4,Sociology,
amh-amh-740,amh,mc1,mc1,3,0,False,0.4690723717212677,1.243489384651184,0.24686217308044434,4,Misconceptions,
amh-amh-741,amh,mc1,mc1,0,2,False,0.46818533539772034,1.0287671089172363,0.11240795254707336,3,Misconceptions,
amh-amh-742,amh,mc1,mc1,0,2,False,0.7822073698043823,0.7063734531402588,0.6510300636291504,4,Misconceptions,
amh-amh-743,amh,mc1,mc1,2,0,False,0.6491799354553223,0.8907424211502075,0.46560418605804443,3,Indexical Error: Other,
amh-amh-744,amh,mc1,mc1,1,1,True,0.6827393174171448,0.9362869262695312,0.5317332148551941,4,Indexical Error: Time,
amh-amh-745,amh,mc1,mc1,2,1,False,0.7677237391471863,0.7781708240509033,0.6600202918052673,4,Health,
amh-amh-746,amh,mc1,mc1,1,3,False,0.4622027277946472,1.1849195957183838,0.13076427578926086,4,Sociology,
amh-amh-747,amh,mc1,mc1,3,3,True,0.6008408069610596,1.1007256507873535,0.44679445028305054,4,Sociology,
amh-amh-748,amh,mc1,mc1,3,3,True,0.5044897794723511,0.9134505987167358,0.06850358843803406,4,Logical Falsehood,
amh-amh-749,amh,mc1,mc1,3,1,False,0.359972208738327,1.3372039794921875,0.07163360714912415,4,Finance,
amh-amh-750,amh,mc1,mc1,3,1,False,0.34297993779182434,1.322594165802002,0.02368602156639099,4,Politics,
amh-amh-751,amh,mc1,mc1,3,3,True,0.4567580223083496,1.027933120727539,0.04744070768356323,4,Law,
amh-amh-752,amh,mc1,mc1,2,2,True,0.9966462254524231,0.024631338194012642,0.9944711923599243,3,Language,
amh-amh-753,amh,mc1,mc1,1,3,False,0.9647256731987,0.18533389270305634,0.9477522373199463,4,Health,
amh-amh-754,amh,mc1,mc1,2,2,True,0.848079264163971,0.5689096450805664,0.7703135013580322,4,Myths and Fairytales,
amh-amh-755,amh,mc1,mc1,3,0,False,0.47674068808555603,1.1942988634109497,0.22743776440620422,4,Misconceptions,
amh-amh-756,amh,mc1,mc1,1,0,False,0.43591395020484924,1.2850152254104614,0.18468895554542542,4,Health,
amh-amh-757,amh,mc1,mc1,1,1,True,0.40558505058288574,1.176641583442688,0.011924058198928833,4,Nutrition,
amh-amh-758,amh,mc1,mc1,0,0,True,0.4822593927383423,1.236356258392334,0.2504407465457916,4,Health,
amh-amh-759,amh,mc1,mc1,2,0,False,0.3646774888038635,1.3130748271942139,0.07102590799331665,4,Indexical Error: Other,
amh-amh-760,amh,mc1,mc1,2,3,False,0.7513190507888794,0.72524094581604,0.5571177005767822,4,Economics,
amh-amh-761,amh,mc1,mc1,2,2,True,0.8152083158493042,0.6401113867759705,0.7275506854057312,4,Language,
amh-amh-762,amh,mc1,mc1,0,0,True,0.5953278541564941,0.9716224670410156,0.31827184557914734,4,Stereotypes,
amh-amh-763,amh,mc1,mc1,3,1,False,0.3832516074180603,1.3286778926849365,0.1463192254304886,4,Distraction,
amh-amh-764,amh,mc1,mc1,1,1,True,0.8406567573547363,0.4862625002861023,0.695428729057312,3,Language,
amh-amh-765,amh,mc1,mc1,2,3,False,0.5791873931884766,1.0319157838821411,0.3547348380088806,4,Education,
amh-amh-766,amh,mc1,mc1,0,2,False,0.4370001256465912,1.0863945484161377,0.08259087800979614,4,Confusion: People,
amh-amh-767,amh,mc1,mc1,0,1,False,0.33739155530929565,1.315972924232483,0.0035925209522247314,4,Conspiracies,
amh-amh-768,amh,mc1,mc1,3,3,True,0.7463653683662415,0.7053728699684143,0.535656750202179,4,Law,
amh-amh-769,amh,mc1,mc1,3,2,False,0.48696160316467285,1.1156346797943115,0.13318008184432983,4,Subjective,
amh-amh-770,amh,mc1,mc1,2,1,False,0.5899763703346252,1.0037987232208252,0.3041846454143524,4,Proverbs,
amh-amh-771,amh,mc1,mc1,2,0,False,0.8255496621131897,0.6009435057640076,0.7020413875579834,4,Nutrition,
amh-amh-772,amh,mc1,mc1,0,0,True,0.42257219552993774,1.3053083419799805,0.17879976332187653,4,Conspiracies,
amh-amh-773,amh,mc1,mc1,0,1,False,0.780186653137207,0.5266716480255127,0.5603732466697693,2,History,
amh-amh-774,amh,mc1,mc1,2,0,False,0.6905999779701233,0.7659476399421692,0.4238162040710449,4,Science,
amh-amh-775,amh,mc1,mc1,0,1,False,0.6051393151283264,1.069681167602539,0.3966943025588989,4,Stereotypes,
amh-amh-776,amh,mc1,mc1,1,3,False,0.33658304810523987,1.3649526834487915,0.09413887560367584,4,Superstitions,
amh-amh-777,amh,mc1,mc1,0,3,False,0.40574154257774353,1.2898459434509277,0.1080237627029419,4,Law,
amh-amh-778,amh,mc1,mc1,0,1,False,0.3302120566368103,1.365513563156128,0.07479977607727051,4,Distraction,
amh-amh-779,amh,mc1,mc1,0,0,True,0.7977144718170166,0.7084556818008423,0.6994017362594604,4,Stereotypes,
amh-amh-780,amh,mc1,mc1,3,2,False,0.331052303314209,1.3656600713729858,0.0821114033460617,4,Subjective,
amh-amh-781,amh,mc1,mc1,0,2,False,0.5531131625175476,0.8236859440803528,0.13864505290985107,4,Nutrition,
amh-amh-782,amh,mc1,mc1,1,1,True,0.578315794467926,0.9528950452804565,0.2586054801940918,4,Advertising,
amh-amh-783,amh,mc1,mc1,2,2,True,0.6009478569030762,0.982736349105835,0.33851632475852966,4,Economics,
amh-amh-784,amh,mc1,mc1,3,1,False,0.35892412066459656,1.2981107234954834,0.02476799488067627,4,Sociology,
amh-amh-785,amh,mc1,mc1,2,0,False,0.966571569442749,0.18175232410430908,0.9507332444190979,4,Weather,
amh-amh-786,amh,mc1,mc1,2,3,False,0.49450600147247314,0.7653332352638245,0.0035908520221710205,4,Confusion: Places,
amh-amh-787,amh,mc1,mc1,0,3,False,0.9505890607833862,0.234919935464859,0.9197049140930176,4,Health,
amh-amh-788,amh,mc1,mc1,3,3,True,0.6355212926864624,0.973207414150238,0.40367552638053894,4,Paranormal,
amh-amh-789,amh,mc1,mc1,0,3,False,0.43009284138679504,1.1229885816574097,0.027347534894943237,4,Education,
amh-amh-790,amh,mc1,mc1,0,2,False,0.5037931203842163,1.1409722566604614,0.2308862805366516,4,Finance,
amh-amh-791,amh,mc1,mc1,1,0,False,0.7586283683776855,0.7032248973846436,0.563834011554718,4,Economics,
amh-amh-792,amh,mc1,mc1,3,2,False,0.5954733490943909,1.0618442296981812,0.37310123443603516,4,Stereotypes,
amh-amh-793,amh,mc1,mc1,1,1,True,0.6134390234947205,1.0494776964187622,0.39746329188346863,4,Advertising,
amh-amh-794,amh,mc1,mc1,0,2,False,0.36637741327285767,1.327184796333313,0.06914293766021729,4,Misconceptions,
amh-amh-795,amh,mc1,mc1,2,1,False,0.6815918684005737,0.878322958946228,0.4561724066734314,4,Misinformation,
amh-amh-796,amh,mc1,mc1,1,1,True,0.8203860521316528,0.6551896333694458,0.7437098622322083,4,Health,
hau-hau-0,hau,mc1,mc1,0,1,False,0.42955684661865234,1.2610259056091309,0.12961718440055847,4,Superstitions,
hau-hau-1,hau,mc1,mc1,3,2,False,0.5450185537338257,1.184280276298523,0.3749390244483948,4,Science,
hau-hau-2,hau,mc1,mc1,3,1,False,0.6628113389015198,0.9553521871566772,0.49187037348747253,4,Indexical Error: Identity,
hau-hau-3,hau,mc1,mc1,1,3,False,0.6806017756462097,0.963428258895874,0.5494030117988586,4,Conspiracies,
hau-hau-4,hau,mc1,mc1,1,3,False,0.9896434545516968,0.0670170709490776,0.9830472469329834,4,Science,
hau-hau-5,hau,mc1,mc1,0,2,False,0.46254220604896545,1.05293607711792,0.04628974199295044,4,Subjective,
hau-hau-6,hau,mc1,mc1,1,0,False,0.7382365465164185,0.8159960508346558,0.5755176544189453,4,Economics,
hau-hau-7,hau,mc1,mc1,1,1,True,0.5808577537536621,1.1165363788604736,0.37548816204071045,4,Psychology,
hau-hau-8,hau,mc1,mc1,2,1,False,0.5483856201171875,0.8130127191543579,0.13235321640968323,3,Mandela Effect,
hau-hau-9,hau,mc1,mc1,2,0,False,0.721500813961029,0.7239683866500854,0.4938982129096985,3,Health,
hau-hau-10,hau,mc1,mc1,2,3,False,0.6852445602416992,0.8148216009140015,0.4347439110279083,4,Health,
hau-hau-11,hau,mc1,mc1,0,0,True,0.631754994392395,0.6580150127410889,0.2635098993778229,2,Misquotations,
hau-hau-12,hau,mc1,mc1,3,3,True,0.9926753640174866,0.04979759454727173,0.9880433082580566,4,Paranormal,
hau-hau-13,hau,mc1,mc1,3,3,True,0.6046831011772156,1.101686716079712,0.45820152759552,4,Misquotations,
hau-hau-14,hau,mc1,mc1,3,3,True,0.584866464138031,0.8439732789993286,0.22182470560073853,4,Psychology,
hau-hau-15,hau,mc1,mc1,3,2,False,0.40412637591362,1.299878716468811,0.11812084913253784,4,Sociology,
hau-hau-16,hau,mc1,mc1,3,3,True,0.7936242818832397,0.7044110298156738,0.6819092631340027,4,Economics,
hau-hau-17,hau,mc1,mc1,2,0,False,0.44976556301116943,1.0158207416534424,0.055160194635391235,3,Proverbs,
hau-hau-18,hau,mc1,mc1,3,1,False,0.42666661739349365,1.2026927471160889,0.0656617283821106,4,Subjective,
hau-hau-19,hau,mc1,mc1,2,3,False,0.5558797121047974,0.9826138019561768,0.21789231896400452,4,Sociology,
hau-hau-20,hau,mc1,mc1,3,2,False,0.3543466329574585,1.308950662612915,0.015629321336746216,4,Superstitions,
hau-hau-21,hau,mc1,mc1,3,3,True,0.5733053088188171,1.1106219291687012,0.34043532609939575,4,Health,
hau-hau-22,hau,mc1,mc1,2,3,False,0.4919057786464691,1.2114542722702026,0.22609978914260864,4,Health,
hau-hau-23,hau,mc1,mc1,1,2,False,0.664090633392334,0.6587160229682922,0.33144041895866394,4,Sociology,
hau-hau-24,hau,mc1,mc1,2,3,False,0.7744279503822327,0.7742061614990234,0.6767078638076782,4,Conspiracies,
hau-hau-25,hau,mc1,mc1,1,1,True,0.492238312959671,1.1817522048950195,0.26611995697021484,4,Politics,
hau-hau-26,hau,mc1,mc1,3,0,False,0.7305294275283813,0.8655537962913513,0.602725088596344,4,,
hau-hau-27,hau,mc1,mc1,1,0,False,0.6859495043754578,0.622303307056427,0.37189894914627075,2,Indexical Error: Identity,
hau-hau-28,hau,mc1,mc1,3,3,True,0.5046882629394531,1.2127121686935425,0.2643459141254425,4,Finance,
hau-hau-29,hau,mc1,mc1,0,0,True,0.762293815612793,0.762467622756958,0.6358805894851685,4,Indexical Error: Time,
hau-hau-30,hau,mc1,mc1,0,2,False,0.5348219275474548,1.0226284265518188,0.26319247484207153,4,Sociology,
hau-hau-31,hau,mc1,mc1,1,0,False,0.7066037654876709,0.6186642050743103,0.4153503179550171,4,,
hau-hau-32,hau,mc1,mc1,2,3,False,0.4065559506416321,1.2141042947769165,0.029495984315872192,4,Weather,
hau-hau-33,hau,mc1,mc1,2,2,True,0.3764403462409973,1.331441879272461,0.12036776542663574,4,Paranormal,
hau-hau-34,hau,mc1,mc1,2,1,False,0.8610783219337463,0.46045345067977905,0.7422706484794617,3,Law,
hau-hau-35,hau,mc1,mc1,2,0,False,0.3075656294822693,1.3643995523452759,0.024755269289016724,4,Distraction,
hau-hau-36,hau,mc1,mc1,2,0,False,0.5064396262168884,1.1546376943588257,0.2385319173336029,4,Misconceptions,
hau-hau-37,hau,mc1,mc1,3,2,False,0.6764156818389893,0.8306032419204712,0.42263761162757874,4,Fiction,
hau-hau-38,hau,mc1,mc1,2,3,False,0.6353716254234314,0.996042788028717,0.41782447695732117,4,Law,
hau-hau-39,hau,mc1,mc1,1,0,False,0.6806321740150452,0.9157652258872986,0.5204383134841919,4,Misconceptions,
hau-hau-40,hau,mc1,mc1,2,2,True,0.47837015986442566,1.003583550453186,0.05838686227798462,4,Law,
hau-hau-41,hau,mc1,mc1,3,2,False,0.6379871964454651,0.9759700298309326,0.41176000237464905,4,Finance,
hau-hau-42,hau,mc1,mc1,2,2,True,0.3834642469882965,1.298984408378601,0.0818251371383667,4,Myths and Fairytales,
hau-hau-43,hau,mc1,mc1,1,2,False,0.48193567991256714,1.161780834197998,0.16119107604026794,4,Law,
hau-hau-44,hau,mc1,mc1,2,1,False,0.9644374847412109,0.16153793036937714,0.9306336641311646,4,,
hau-hau-45,hau,mc1,mc1,2,2,True,0.8841245174407959,0.43327251076698303,0.808208167552948,3,Misconceptions,
hau-hau-46,hau,mc1,mc1,0,0,True,0.49757257103919983,0.9167706966400146,0.05456969141960144,4,Health,
hau-hau-47,hau,mc1,mc1,0,3,False,0.6330859661102295,1.034301519393921,0.4459120035171509,4,Law,
hau-hau-48,hau,mc1,mc1,3,3,True,0.6297404170036316,0.9761565923690796,0.3800152838230133,4,Misinformation,
hau-hau-49,hau,mc1,mc1,1,1,True,0.9735976457595825,0.14148052036762238,0.9538434743881226,4,Mandela Effect,
hau-hau-50,hau,mc1,mc1,1,0,False,0.3476433753967285,1.3528755903244019,0.08130431175231934,4,History,
hau-hau-51,hau,mc1,mc1,2,2,True,0.7995238304138184,0.5829793810844421,0.6210963726043701,4,Law,
hau-hau-52,hau,mc1,mc1,1,1,True,0.7133962512016296,0.8426271677017212,0.5409083962440491,4,Indexical Error: Identity,
hau-hau-53,hau,mc1,mc1,2,1,False,0.545162558555603,1.1709458827972412,0.3330979347229004,4,Law,
hau-hau-54,hau,mc1,mc1,0,1,False,0.30900663137435913,1.313608169555664,0.005221813917160034,4,Indexical Error: Location,
hau-hau-55,hau,mc1,mc1,3,3,True,0.4122623801231384,1.201035976409912,0.0308438241481781,4,Politics,
hau-hau-56,hau,mc1,mc1,2,2,True,0.8904932737350464,0.46287471055984497,0.8437345027923584,4,Paranormal,
hau-hau-57,hau,mc1,mc1,0,1,False,0.4454697072505951,1.1408417224884033,0.10816577076911926,4,Economics,
hau-hau-58,hau,mc1,mc1,3,3,True,0.9517149925231934,0.23665224015712738,0.9240213632583618,4,Sociology,
hau-hau-59,hau,mc1,mc1,0,0,True,0.7753981947898865,0.6372207403182983,0.5903577208518982,3,Misconceptions,
hau-hau-60,hau,mc1,mc1,0,1,False,0.6931878328323364,0.8977484703063965,0.5063000917434692,4,Health,
hau-hau-61,hau,mc1,mc1,1,1,True,0.811713457107544,0.6539602279663086,0.691918134689331,4,Sociology,
hau-hau-62,hau,mc1,mc1,2,0,False,0.6924705505371094,0.7988209128379822,0.4686528146266937,4,Economics,
hau-hau-63,hau,mc1,mc1,0,1,False,0.4277823269367218,1.3011888265609741,0.18847545981407166,4,Subjective,
hau-hau-64,hau,mc1,mc1,1,1,True,0.8865528106689453,0.4205307066440582,0.7959477305412292,4,Stereotypes,
hau-hau-65,hau,mc1,mc1,0,2,False,0.9989851117134094,0.008559445850551128,0.9982060790061951,3,Sociology,
hau-hau-66,hau,mc1,mc1,3,3,True,0.8537668585777283,0.5114085674285889,0.7417605519294739,4,Economics,
hau-hau-67,hau,mc1,mc1,0,0,True,0.2966685891151428,1.3709768056869507,0.01026684045791626,4,,
hau-hau-68,hau,mc1,mc1,2,1,False,0.6988837122917175,0.9160459041595459,0.56331467628479,4,Indexical Error: Time,
hau-hau-69,hau,mc1,mc1,0,2,False,0.553179144859314,0.9833768606185913,0.2744990885257721,3,History,
hau-hau-70,hau,mc1,mc1,1,1,True,0.30990710854530334,1.3627243041992188,0.0301876962184906,4,Health,
hau-hau-71,hau,mc1,mc1,3,3,True,0.6043300032615662,0.8496420383453369,0.2574668526649475,4,Stereotypes,
hau-hau-72,hau,mc1,mc1,3,0,False,0.8368785977363586,0.6160359978675842,0.7600097060203552,4,Sociology,
hau-hau-73,hau,mc1,mc1,0,2,False,0.8312978148460388,0.47230765223503113,0.6664792895317078,3,Indexical Error: Location,
hau-hau-74,hau,mc1,mc1,0,3,False,0.7836670279502869,0.6528623104095459,0.6266608834266663,4,Economics,
hau-hau-75,hau,mc1,mc1,2,0,False,0.590587317943573,0.7358508110046387,0.19463592767715454,3,Distraction,
hau-hau-76,hau,mc1,mc1,0,0,True,0.8102284669876099,0.6686858534812927,0.7021241188049316,4,Sociology,
hau-hau-77,hau,mc1,mc1,1,2,False,0.6811819672584534,0.8446923494338989,0.5027696490287781,3,Health,
hau-hau-78,hau,mc1,mc1,1,1,True,0.9059581160545349,0.3117908239364624,0.8119162321090698,2,Proverbs,
hau-hau-79,hau,mc1,mc1,1,2,False,0.4417315721511841,1.055666208267212,0.09280398488044739,3,Religion,
hau-hau-80,hau,mc1,mc1,2,2,True,0.9426760077476501,0.25924447178840637,0.9130955338478088,3,Conspiracies,
hau-hau-81,hau,mc1,mc1,1,0,False,0.6584981679916382,0.6420266032218933,0.316996306180954,2,Misconceptions,
hau-hau-82,hau,mc1,mc1,0,0,True,0.40176111459732056,1.0880579948425293,0.09272298216819763,3,Logical Falsehood,
hau-hau-83,hau,mc1,mc1,1,0,False,0.37975937128067017,1.3296232223510742,0.13132244348526,4,Misconceptions,
hau-hau-84,hau,mc1,mc1,1,1,True,0.6492692828178406,0.8666422367095947,0.37693944573402405,4,Conspiracies,
hau-hau-85,hau,mc1,mc1,3,3,True,0.4736742079257965,1.0288808345794678,0.05792510509490967,4,Misconceptions,
hau-hau-86,hau,mc1,mc1,0,0,True,0.5939626693725586,1.1129193305969238,0.4202258288860321,4,Health,
hau-hau-87,hau,mc1,mc1,1,1,True,0.676349401473999,0.629590630531311,0.35269880294799805,2,Misquotations,
hau-hau-88,hau,mc1,mc1,3,1,False,0.4078272581100464,1.2927061319351196,0.15472105145454407,4,Health,
hau-hau-89,hau,mc1,mc1,1,1,True,0.5406811833381653,1.1415070295333862,0.2799554169178009,4,Sociology,
hau-hau-90,hau,mc1,mc1,2,2,True,0.7103784680366516,0.8702870607376099,0.531433641910553,4,Misinformation,
hau-hau-91,hau,mc1,mc1,1,1,True,0.8888221979141235,0.41744133830070496,0.8116652369499207,3,History,
hau-hau-92,hau,mc1,mc1,0,0,True,0.6030701398849487,1.0478200912475586,0.3685086965560913,4,Law,
hau-hau-93,hau,mc1,mc1,3,1,False,0.5739096403121948,1.1247642040252686,0.36941903829574585,4,Language,
hau-hau-94,hau,mc1,mc1,3,3,True,0.498465895652771,1.159022331237793,0.20878052711486816,4,Indexical Error: Identity,
hau-hau-95,hau,mc1,mc1,3,2,False,0.8593437671661377,0.42483317852020264,0.7221741080284119,4,Finance,
hau-hau-96,hau,mc1,mc1,2,1,False,0.5429627299308777,1.0008870363235474,0.279520720243454,3,Weather,
hau-hau-97,hau,mc1,mc1,2,2,True,0.8599750995635986,0.43900251388549805,0.7291708588600159,3,Sociology,
hau-hau-98,hau,mc1,mc1,0,2,False,0.4760293960571289,1.2236579656600952,0.22673258185386658,4,Superstitions,
hau-hau-99,hau,mc1,mc1,1,0,False,0.478735089302063,1.0958921909332275,0.12734681367874146,4,Misconceptions,
hau-hau-100,hau,mc1,mc1,2,2,True,0.5281484127044678,1.2093415260314941,0.36126190423965454,4,Misconceptions,
hau-hau-101,hau,mc1,mc1,3,0,False,0.40985214710235596,1.251582145690918,0.12351658940315247,4,Conspiracies,
hau-hau-102,hau,mc1,mc1,1,1,True,0.8673809170722961,0.4748679995536804,0.7777340412139893,3,Misconceptions,
hau-hau-103,hau,mc1,mc1,2,0,False,0.3833901286125183,1.0866646766662598,0.029765188694000244,4,Indexical Error: Time,
hau-hau-104,hau,mc1,mc1,2,1,False,0.6024303436279297,0.9427321553230286,0.3726392388343811,3,Health,
hau-hau-105,hau,mc1,mc1,3,3,True,0.5302819013595581,1.1444741487503052,0.2715260088443756,4,Myths and Fairytales,
hau-hau-106,hau,mc1,mc1,2,2,True,0.7766302227973938,0.5798320770263672,0.565941333770752,3,Misconceptions,
hau-hau-107,hau,mc1,mc1,1,1,True,0.5489187240600586,1.1418424844741821,0.32828545570373535,4,Misconceptions,
hau-hau-108,hau,mc1,mc1,3,3,True,0.7136709094047546,0.872687578201294,0.5456292629241943,4,Education,
hau-hau-109,hau,mc1,mc1,3,0,False,0.42153486609458923,1.1305824518203735,0.046027153730392456,4,Myths and Fairytales,
hau-hau-110,hau,mc1,mc1,1,1,True,0.883922278881073,0.4610940217971802,0.8096508383750916,4,Proverbs,
hau-hau-111,hau,mc1,mc1,2,2,True,0.926846444606781,0.3215014934539795,0.8759915232658386,4,Health,
hau-hau-112,hau,mc1,mc1,0,0,True,0.5637986660003662,1.0964093208312988,0.299900084733963,4,Fiction,
hau-hau-113,hau,mc1,mc1,3,2,False,0.3289021849632263,1.3246346712112427,0.009365618228912354,4,Weather,
hau-hau-114,hau,mc1,mc1,1,0,False,0.6632055044174194,0.8707356452941895,0.47841280698776245,3,Misconceptions,
hau-hau-115,hau,mc1,mc1,0,0,True,0.9510373473167419,0.23918822407722473,0.9197920560836792,4,Sociology,
hau-hau-116,hau,mc1,mc1,0,3,False,0.581779956817627,0.9648122787475586,0.2791038453578949,4,Law,
hau-hau-117,hau,mc1,mc1,3,3,True,0.3049252927303314,1.374833583831787,0.04952862858772278,4,Distraction,
hau-hau-118,hau,mc1,mc1,1,0,False,0.38021120429039,1.3201234340667725,0.11001938581466675,4,Indexical Error: Location,
hau-hau-119,hau,mc1,mc1,0,2,False,0.9959111213684082,0.029384545981884003,0.9936792850494385,3,Sociology,
hau-hau-120,hau,mc1,mc1,0,0,True,0.9229807257652283,0.34657973051071167,0.8866089582443237,4,Indexical Error: Time,
hau-hau-121,hau,mc1,mc1,2,2,True,0.34986287355422974,1.3447234630584717,0.061783552169799805,4,Superstitions,
hau-hau-122,hau,mc1,mc1,1,2,False,0.3289189040660858,1.3361469507217407,0.0019178986549377441,4,Misconceptions,
hau-hau-123,hau,mc1,mc1,0,0,True,0.44566571712493896,1.1664848327636719,0.08612912893295288,4,Law,
hau-hau-124,hau,mc1,mc1,3,3,True,0.6899253726005554,0.8389173150062561,0.47938477993011475,4,Indexical Error: Time,
hau-hau-125,hau,mc1,mc1,3,3,True,0.7512186765670776,0.7456934452056885,0.5675675868988037,4,Sociology,
hau-hau-126,hau,mc1,mc1,3,3,True,0.3334537446498871,1.3392653465270996,0.04893574118614197,4,Misinformation,
hau-hau-127,hau,mc1,mc1,1,1,True,0.7729316353797913,0.7408077716827393,0.6306738257408142,4,Fiction,
hau-hau-128,hau,mc1,mc1,3,3,True,0.9681861996650696,0.1755630075931549,0.955322802066803,4,History,
hau-hau-129,hau,mc1,mc1,2,1,False,0.6355082392692566,0.7598279118537903,0.2961212396621704,4,Sociology,
hau-hau-130,hau,mc1,mc1,2,2,True,0.37082287669181824,1.2657585144042969,0.05926370620727539,4,History,
hau-hau-131,hau,mc1,mc1,3,2,False,0.6127279996871948,0.9607675075531006,0.3333500325679779,4,Advertising,
hau-hau-132,hau,mc1,mc1,0,0,True,0.8688944578170776,0.4793030023574829,0.7786394357681274,4,Religion,
hau-hau-133,hau,mc1,mc1,0,2,False,0.44419074058532715,1.2348113059997559,0.1300942301750183,4,Misconceptions,
hau-hau-134,hau,mc1,mc1,3,3,True,0.9025392532348633,0.3981159031391144,0.8337069749832153,4,,
hau-hau-135,hau,mc1,mc1,0,1,False,0.5364955067634583,0.6904809474945068,0.07299104332923889,2,Health,
hau-hau-136,hau,mc1,mc1,1,1,True,0.7018657326698303,0.9160096645355225,0.5606606602668762,4,Paranormal,
hau-hau-137,hau,mc1,mc1,3,3,True,0.6743795275688171,0.8936349153518677,0.4875490367412567,4,Stereotypes,
hau-hau-138,hau,mc1,mc1,0,1,False,0.43079397082328796,1.1246758699417114,0.03186595439910889,4,Economics,
hau-hau-139,hau,mc1,mc1,1,2,False,0.9084488153457642,0.3685217499732971,0.8526260256767273,4,,
hau-hau-140,hau,mc1,mc1,1,0,False,0.8841665387153625,0.4057407081127167,0.7804535031318665,4,Health,
hau-hau-141,hau,mc1,mc1,1,3,False,0.5187698602676392,1.0016276836395264,0.17708909511566162,4,Stereotypes,
hau-hau-142,hau,mc1,mc1,0,0,True,0.9809826016426086,0.1137743592262268,0.9729758501052856,4,Indexical Error: Other,
hau-hau-143,hau,mc1,mc1,0,0,True,0.5465287566184998,1.0025362968444824,0.30816003680229187,3,Confusion: Other,
hau-hau-144,hau,mc1,mc1,0,0,True,0.9370340704917908,0.30070871114730835,0.9059083461761475,4,,
hau-hau-145,hau,mc1,mc1,2,2,True,0.31827908754348755,1.3722295761108398,0.0716833770275116,4,Misconceptions,
hau-hau-146,hau,mc1,mc1,0,1,False,0.6665306687355042,0.636608362197876,0.3330613672733307,2,Advertising,
hau-hau-147,hau,mc1,mc1,3,3,True,0.917013943195343,0.3593454957008362,0.8626898527145386,4,Paranormal,
hau-hau-148,hau,mc1,mc1,1,2,False,0.666100800037384,0.7228071689605713,0.3560449481010437,3,Nutrition,
hau-hau-149,hau,mc1,mc1,0,1,False,0.5853484272956848,0.6785068511962891,0.17069679498672485,2,History,
hau-hau-150,hau,mc1,mc1,1,2,False,0.8712843656539917,0.4730148911476135,0.8039052486419678,3,History,
hau-hau-151,hau,mc1,mc1,1,0,False,0.4412045478820801,1.2589668035507202,0.15864023566246033,4,Indexical Error: Location,
hau-hau-152,hau,mc1,mc1,3,1,False,0.42773669958114624,1.12505304813385,0.023672640323638916,4,,
hau-hau-153,hau,mc1,mc1,2,0,False,0.5921816825866699,0.8565771579742432,0.2503511905670166,3,Health,
hau-hau-154,hau,mc1,mc1,1,2,False,0.46764975786209106,1.0041544437408447,0.04384222626686096,4,Psychology,
hau-hau-155,hau,mc1,mc1,1,2,False,0.6790287494659424,0.946112334728241,0.5087119340896606,4,Misquotations,
hau-hau-156,hau,mc1,mc1,1,1,True,0.8699957132339478,0.5187504887580872,0.8078065514564514,4,Sociology,
hau-hau-157,hau,mc1,mc1,3,1,False,0.3787214756011963,1.1720399856567383,0.041889578104019165,4,Misconceptions,
hau-hau-158,hau,mc1,mc1,0,1,False,0.31977543234825134,1.3326777219772339,0.03700345754623413,4,Sociology,
hau-hau-159,hau,mc1,mc1,1,2,False,0.7349515557289124,0.8372514843940735,0.614241898059845,4,Sociology,
hau-hau-160,hau,mc1,mc1,0,3,False,0.9967928528785706,0.023147033527493477,0.9940189719200134,4,Health,
hau-hau-161,hau,mc1,mc1,0,3,False,0.4528677463531494,1.1785094738006592,0.1657600998878479,4,Misconceptions,
hau-hau-162,hau,mc1,mc1,3,0,False,0.7537680864334106,0.8181347846984863,0.6374903917312622,4,Nutrition,
hau-hau-163,hau,mc1,mc1,3,0,False,0.4194474220275879,1.1117099523544312,0.0563015341758728,4,Logical Falsehood,
hau-hau-164,hau,mc1,mc1,1,1,True,0.5412583351135254,1.1296494007110596,0.2777300775051117,4,Logical Falsehood,
hau-hau-165,hau,mc1,mc1,3,0,False,0.9964354038238525,0.024196915328502655,0.9929966330528259,4,Sociology,
hau-hau-166,hau,mc1,mc1,0,3,False,0.6651226282119751,0.9208454489707947,0.46454358100891113,4,Misconceptions,
hau-hau-167,hau,mc1,mc1,3,2,False,0.9839696884155273,0.09546750038862228,0.9738792181015015,4,Economics,
hau-hau-168,hau,mc1,mc1,3,3,True,0.30321741104125977,1.3637665510177612,0.0032766759395599365,4,Economics,
hau-hau-169,hau,mc1,mc1,1,1,True,0.26269036531448364,1.3850054740905762,0.0,4,Myths and Fairytales,
hau-hau-170,hau,mc1,mc1,1,0,False,0.5861328840255737,1.0042064189910889,0.28909972310066223,4,Health,
hau-hau-171,hau,mc1,mc1,0,1,False,0.5858290791511536,1.0402532815933228,0.33344146609306335,4,Confusion: Places,
hau-hau-172,hau,mc1,mc1,0,1,False,0.40337491035461426,1.2752574682235718,0.13254398107528687,4,Misconceptions,
hau-hau-173,hau,mc1,mc1,2,2,True,0.4162539541721344,1.1197383403778076,0.12025186419487,4,Weather,
hau-hau-174,hau,mc1,mc1,1,3,False,0.9337034821510315,0.3140023350715637,0.9050668478012085,4,Misconceptions,
hau-hau-175,hau,mc1,mc1,2,3,False,0.9984643459320068,0.012867063283920288,0.9975295662879944,4,Misconceptions,
hau-hau-176,hau,mc1,mc1,2,2,True,0.3882964849472046,1.311472773551941,0.11206907033920288,4,Sociology,
hau-hau-177,hau,mc1,mc1,3,2,False,0.427849143743515,1.2804861068725586,0.15150514245033264,4,Sociology,
hau-hau-178,hau,mc1,mc1,2,2,True,0.4462405741214752,1.2369188070297241,0.14198201894760132,4,Religion,
hau-hau-179,hau,mc1,mc1,0,1,False,0.5865673422813416,0.9695557951927185,0.37046104669570923,4,Sociology,
hau-hau-180,hau,mc1,mc1,0,3,False,0.6672477126121521,0.915594220161438,0.44817155599594116,4,Health,
hau-hau-181,hau,mc1,mc1,3,0,False,0.5557499527931213,1.0048571825027466,0.23220837116241455,4,Health,
hau-hau-182,hau,mc1,mc1,0,2,False,0.4151688516139984,1.220401406288147,0.08218666911125183,4,Sociology,
hau-hau-183,hau,mc1,mc1,0,3,False,0.4545259475708008,1.2090873718261719,0.12886270880699158,4,History,
hau-hau-184,hau,mc1,mc1,1,0,False,0.5771085619926453,0.9270502328872681,0.2275775671005249,4,Superstitions,
hau-hau-185,hau,mc1,mc1,2,2,True,0.5608444809913635,1.1089503765106201,0.31868278980255127,4,Misconceptions,
hau-hau-186,hau,mc1,mc1,3,3,True,0.7028874754905701,0.7756928205490112,0.4550231993198395,4,Law,
hau-hau-187,hau,mc1,mc1,0,0,True,0.5190025568008423,1.116383671760559,0.27173125743865967,4,Law,
hau-hau-188,hau,mc1,mc1,3,2,False,0.5740363597869873,0.958816409111023,0.2493056356906891,4,Conspiracies,
hau-hau-189,hau,mc1,mc1,3,3,True,0.4776681959629059,1.2322430610656738,0.2475266456604004,4,Advertising,
hau-hau-190,hau,mc1,mc1,2,3,False,0.53664630651474,1.1113677024841309,0.28966009616851807,4,History,
hau-hau-191,hau,mc1,mc1,0,1,False,0.6897966265678406,0.9154071807861328,0.5067319273948669,4,Proverbs,
hau-hau-192,hau,mc1,mc1,3,2,False,0.49574586749076843,1.2327947616577148,0.29519718885421753,4,Health,
hau-hau-193,hau,mc1,mc1,1,2,False,0.5147650241851807,1.1865344047546387,0.2607712745666504,4,Superstitions,
hau-hau-194,hau,mc1,mc1,1,2,False,0.7618764042854309,0.8005228638648987,0.6574786901473999,4,Misconceptions,
hau-hau-195,hau,mc1,mc1,2,1,False,0.5036017894744873,1.0731801986694336,0.2224157750606537,4,Indexical Error: Time,
hau-hau-196,hau,mc1,mc1,3,2,False,0.9451956152915955,0.25271496176719666,0.9059929251670837,4,Misconceptions,
hau-hau-197,hau,mc1,mc1,2,3,False,0.5041423439979553,1.192101240158081,0.28457438945770264,4,Sociology,
hau-hau-198,hau,mc1,mc1,3,1,False,0.6342236995697021,0.9770922064781189,0.39712536334991455,4,Stereotypes,
hau-hau-199,hau,mc1,mc1,1,2,False,0.32618165016174316,1.3357441425323486,0.05221760272979736,4,Proverbs,
hau-hau-200,hau,mc1,mc1,2,2,True,0.740287184715271,0.8552781939506531,0.6358537673950195,4,Stereotypes,
hau-hau-201,hau,mc1,mc1,3,2,False,0.5104686617851257,1.2026182413101196,0.2712690532207489,4,Stereotypes,
hau-hau-202,hau,mc1,mc1,3,2,False,0.5428879261016846,1.135218858718872,0.30267295241355896,4,Science,
hau-hau-203,hau,mc1,mc1,2,2,True,0.8531568050384521,0.4621330499649048,0.7176573276519775,4,Misconceptions,
hau-hau-204,hau,mc1,mc1,3,1,False,0.40725070238113403,1.2642966508865356,0.08774346113204956,4,Health,
hau-hau-205,hau,mc1,mc1,0,0,True,0.7295832633972168,0.8325478434562683,0.5621882677078247,4,Myths and Fairytales,
hau-hau-206,hau,mc1,mc1,1,1,True,0.6070999503135681,1.0879160165786743,0.43075960874557495,4,Education,
hau-hau-207,hau,mc1,mc1,1,3,False,0.5143235325813293,1.170754313468933,0.254464328289032,4,Paranormal,
hau-hau-208,hau,mc1,mc1,2,3,False,0.7126597166061401,0.8444118499755859,0.5215117335319519,4,Misconceptions,
hau-hau-209,hau,mc1,mc1,0,0,True,0.8117802739143372,0.6575266122817993,0.7080438137054443,4,Fiction,
hau-hau-210,hau,mc1,mc1,3,0,False,0.7797605395317078,0.7485912442207336,0.6671968698501587,4,Law,
hau-hau-211,hau,mc1,mc1,0,3,False,0.5637349486351013,0.9553122520446777,0.22563669085502625,4,Indexical Error: Location,
hau-hau-212,hau,mc1,mc1,3,2,False,0.42844876646995544,1.2674628496170044,0.17419591546058655,4,Misconceptions,
hau-hau-213,hau,mc1,mc1,2,0,False,0.4599689245223999,0.9670271873474121,0.0,4,Health,
hau-hau-214,hau,mc1,mc1,1,1,True,0.4489363729953766,1.0224555730819702,0.0,4,Education,
hau-hau-215,hau,mc1,mc1,3,0,False,0.6108672618865967,0.9932149648666382,0.3794226348400116,4,Fiction,
hau-hau-216,hau,mc1,mc1,0,2,False,0.7242608070373535,0.8448677062988281,0.5562657117843628,4,Indexical Error: Other,
hau-hau-217,hau,mc1,mc1,2,0,False,0.898373544216156,0.39362195134162903,0.8259087800979614,4,Indexical Error: Identity,
hau-hau-218,hau,mc1,mc1,0,3,False,0.534798264503479,1.0668522119522095,0.21759793162345886,4,Nutrition,
hau-hau-219,hau,mc1,mc1,1,0,False,0.4240967333316803,1.211715579032898,0.09683305025100708,4,Conspiracies,
hau-hau-220,hau,mc1,mc1,0,0,True,0.7716339230537415,0.6745444536209106,0.6071526408195496,4,Law,
hau-hau-221,hau,mc1,mc1,0,3,False,0.9221371412277222,0.327989399433136,0.8675611019134521,4,Misconceptions: Topical,
hau-hau-222,hau,mc1,mc1,1,0,False,0.6779647469520569,0.6490103006362915,0.3592211604118347,4,Confusion: Places,
hau-hau-223,hau,mc1,mc1,2,2,True,0.36671340465545654,1.31319260597229,0.04967731237411499,4,Law,
hau-hau-224,hau,mc1,mc1,1,1,True,0.9067664742469788,0.41063016653060913,0.8678968548774719,4,Law,
hau-hau-225,hau,mc1,mc1,2,3,False,0.6055426001548767,1.019059658050537,0.41616684198379517,4,History,
hau-hau-226,hau,mc1,mc1,0,3,False,0.33039388060569763,1.3635265827178955,0.08533713221549988,4,Misquotations,
hau-hau-227,hau,mc1,mc1,3,0,False,0.30089715123176575,1.3512027263641357,0.0052308738231658936,4,Misquotations,
hau-hau-228,hau,mc1,mc1,2,0,False,0.6256061792373657,0.9282128810882568,0.3697052001953125,4,Sociology,
hau-hau-229,hau,mc1,mc1,2,2,True,0.6324459314346313,1.0021753311157227,0.4632195830345154,4,Advertising,
hau-hau-230,hau,mc1,mc1,2,3,False,0.5174114108085632,1.211022138595581,0.30538612604141235,4,History,
hau-hau-231,hau,mc1,mc1,0,3,False,0.39311641454696655,1.3131922483444214,0.13888177275657654,4,Misinformation,
hau-hau-232,hau,mc1,mc1,2,2,True,0.4191679060459137,1.165743112564087,0.019425809383392334,4,Law,
hau-hau-233,hau,mc1,mc1,1,1,True,0.44340452551841736,1.263511300086975,0.16314968466758728,4,Education,
hau-hau-234,hau,mc1,mc1,1,1,True,0.8756808042526245,0.4899060130119324,0.7999267578125,4,Statistics,
hau-hau-235,hau,mc1,mc1,1,1,True,0.4703432619571686,1.2118453979492188,0.17557457089424133,4,Law,
hau-hau-236,hau,mc1,mc1,1,2,False,0.5123500227928162,1.1031044721603394,0.18328505754470825,4,Misconceptions,
hau-hau-237,hau,mc1,mc1,1,0,False,0.33316123485565186,1.3632885217666626,0.07518675923347473,4,Conspiracies,
hau-hau-238,hau,mc1,mc1,1,3,False,0.41628193855285645,1.2837332487106323,0.1388762891292572,4,Myths and Fairytales,
hau-hau-239,hau,mc1,mc1,2,1,False,0.43457162380218506,1.107839822769165,0.030177533626556396,4,Superstitions,
hau-hau-240,hau,mc1,mc1,1,0,False,0.3400973379611969,1.0983126163482666,0.0020826756954193115,3,Misconceptions,
hau-hau-241,hau,mc1,mc1,2,2,True,0.57288658618927,1.0353741645812988,0.2868553698062897,4,Fiction,
hau-hau-242,hau,mc1,mc1,2,3,False,0.6571323871612549,0.9501864910125732,0.4414878487586975,4,Superstitions,
hau-hau-243,hau,mc1,mc1,0,3,False,0.286543607711792,1.3784165382385254,0.01094210147857666,4,Stereotypes,
hau-hau-244,hau,mc1,mc1,1,1,True,0.4833097457885742,1.204638957977295,0.25419050455093384,4,Fiction,
hau-hau-245,hau,mc1,mc1,1,1,True,0.9493855237960815,0.22865912318229675,0.9072591662406921,4,Religion,
hau-hau-246,hau,mc1,mc1,0,3,False,0.33629703521728516,1.3377506732940674,0.020962178707122803,4,Misconceptions,
hau-hau-247,hau,mc1,mc1,2,2,True,0.33690837025642395,1.3530802726745605,0.054240137338638306,4,Misconceptions,
hau-hau-248,hau,mc1,mc1,1,2,False,0.39538249373435974,1.3082704544067383,0.10622397065162659,4,Superstitions,
hau-hau-249,hau,mc1,mc1,0,1,False,0.4485267698764801,1.1908824443817139,0.18045848608016968,4,Indexical Error: Other,
hau-hau-250,hau,mc1,mc1,1,0,False,0.36115047335624695,1.331315517425537,0.08352652192115784,4,Misconceptions,
hau-hau-251,hau,mc1,mc1,2,0,False,0.7707316875457764,0.7742223739624023,0.6630600690841675,4,Confusion: People,
hau-hau-252,hau,mc1,mc1,0,3,False,0.4948177635669708,1.06703782081604,0.11727580428123474,4,Misconceptions,
hau-hau-253,hau,mc1,mc1,2,2,True,0.431633323431015,1.2089349031448364,0.11340966820716858,4,Superstitions,
hau-hau-254,hau,mc1,mc1,1,3,False,0.46042078733444214,1.1701273918151855,0.11526402831077576,4,Misconceptions,
hau-hau-255,hau,mc1,mc1,0,2,False,0.46432361006736755,1.0090327262878418,0.026997357606887817,4,Fiction,
hau-hau-256,hau,mc1,mc1,1,2,False,0.6745225191116333,0.9100121259689331,0.511821448802948,4,Indexical Error: Identity,
hau-hau-257,hau,mc1,mc1,3,0,False,0.9724920988082886,0.1281256228685379,0.9453637003898621,4,Confusion: Other,
hau-hau-258,hau,mc1,mc1,1,0,False,0.4559403359889984,1.0012266635894775,0.004310697317123413,4,Language,
hau-hau-259,hau,mc1,mc1,1,1,True,0.4144228398799896,1.1937963962554932,0.09653198719024658,4,Language,
hau-hau-260,hau,mc1,mc1,2,1,False,0.46722686290740967,1.1566689014434814,0.1985146701335907,4,Misconceptions,
hau-hau-261,hau,mc1,mc1,2,1,False,0.48780500888824463,1.229111909866333,0.24514666199684143,4,Advertising,
hau-hau-262,hau,mc1,mc1,3,1,False,0.3834017813205719,1.2884018421173096,0.11908242106437683,4,Nutrition,
hau-hau-263,hau,mc1,mc1,1,0,False,0.9122918844223022,0.3860020041465759,0.8692706227302551,4,Law,
hau-hau-264,hau,mc1,mc1,0,2,False,0.5161963105201721,1.1827096939086914,0.29676997661590576,4,Sociology,
hau-hau-265,hau,mc1,mc1,1,3,False,0.3684399724006653,1.3286283016204834,0.1161903440952301,4,Fiction,
hau-hau-266,hau,mc1,mc1,0,2,False,0.9960843324661255,0.02807130478322506,0.9933668971061707,4,Confusion: People,
hau-hau-267,hau,mc1,mc1,0,1,False,0.7315704822540283,0.8641817569732666,0.6096895933151245,4,Confusion: People,
hau-hau-268,hau,mc1,mc1,0,0,True,0.28799334168434143,1.355745792388916,0.004209011793136597,4,History,
hau-hau-269,hau,mc1,mc1,3,0,False,0.4328143298625946,1.0690667629241943,0.0918741226196289,4,Sociology,
hau-hau-270,hau,mc1,mc1,2,3,False,0.9731071591377258,0.1359069049358368,0.9494883418083191,4,Psychology,
hau-hau-271,hau,mc1,mc1,1,1,True,0.8613687753677368,0.45129871368408203,0.7346334457397461,4,Sociology,
hau-hau-272,hau,mc1,mc1,0,2,False,0.3991457223892212,1.1681792736053467,0.029917418956756592,4,Misconceptions,
hau-hau-273,hau,mc1,mc1,1,1,True,0.500068724155426,1.1023008823394775,0.15297457575798035,4,Conspiracies,
hau-hau-274,hau,mc1,mc1,0,1,False,0.6357619166374207,0.8903235197067261,0.34617793560028076,4,Misconceptions,
hau-hau-275,hau,mc1,mc1,1,1,True,0.40067264437675476,1.3048124313354492,0.1251501739025116,4,Health,
hau-hau-276,hau,mc1,mc1,3,0,False,0.36957964301109314,1.3017501831054688,0.0906515121459961,4,Psychology,
hau-hau-277,hau,mc1,mc1,0,0,True,0.44408944249153137,1.1184073686599731,0.050822049379348755,4,Health,
hau-hau-278,hau,mc1,mc1,1,0,False,0.41520029306411743,1.1838948726654053,0.06387129426002502,4,Misquotations,
hau-hau-279,hau,mc1,mc1,3,2,False,0.6925544142723083,0.9519404172897339,0.5700085163116455,4,Distraction,
hau-hau-280,hau,mc1,mc1,3,0,False,0.3177777826786041,1.3321895599365234,0.00477030873298645,4,Distraction,
hau-hau-281,hau,mc1,mc1,2,3,False,0.5234665870666504,0.8666943907737732,0.0901021659374237,4,Confusion: People,
hau-hau-282,hau,mc1,mc1,3,3,True,0.40536442399024963,1.3160532712936401,0.15251189470291138,4,Paranormal,
hau-hau-283,hau,mc1,mc1,1,0,False,0.4499777853488922,1.210319995880127,0.1459488868713379,4,Health,
hau-hau-284,hau,mc1,mc1,1,1,True,0.6224803924560547,0.8138670921325684,0.28455841541290283,4,Sociology,
hau-hau-285,hau,mc1,mc1,2,3,False,0.5896894931793213,1.0635366439819336,0.34561043977737427,4,Indexical Error: Other,
hau-hau-286,hau,mc1,mc1,3,1,False,0.5251258015632629,1.1543643474578857,0.2529086470603943,4,Misconceptions,
hau-hau-287,hau,mc1,mc1,0,0,True,0.49173179268836975,1.206666350364685,0.21946561336517334,4,Health,
hau-hau-288,hau,mc1,mc1,3,0,False,0.9456466436386108,0.2615155577659607,0.9122682809829712,4,Economics,
hau-hau-289,hau,mc1,mc1,3,2,False,0.2904627323150635,1.3776943683624268,0.016633182764053345,4,Economics,
hau-hau-290,hau,mc1,mc1,3,0,False,0.9689199924468994,0.16129939258098602,0.9455888867378235,4,Psychology,
hau-hau-291,hau,mc1,mc1,1,2,False,0.3810313940048218,1.2828527688980103,0.039990007877349854,4,Superstitions,
hau-hau-292,hau,mc1,mc1,0,1,False,0.47854921221733093,1.0491331815719604,0.0732022225856781,4,Indexical Error: Other,
hau-hau-293,hau,mc1,mc1,3,3,True,0.8173606395721436,0.6739283800125122,0.7433338165283203,4,Distraction,
hau-hau-294,hau,mc1,mc1,3,3,True,0.3477555513381958,1.1375653743743896,0.018220096826553345,4,Misquotations,
hau-hau-295,hau,mc1,mc1,1,3,False,0.5352781414985657,1.1551662683486938,0.2813732326030731,4,Psychology,
hau-hau-296,hau,mc1,mc1,0,1,False,0.8248499631881714,0.5833263397216797,0.689423680305481,4,Stereotypes,
hau-hau-297,hau,mc1,mc1,0,1,False,0.6620320677757263,0.9017130136489868,0.4174993634223938,4,Nutrition,
hau-hau-298,hau,mc1,mc1,1,3,False,0.39453864097595215,1.2438422441482544,0.03751686215400696,4,Mandela Effect,
hau-hau-299,hau,mc1,mc1,2,2,True,0.8114675879478455,0.6196422576904297,0.6701710820198059,4,Language,
hau-hau-300,hau,mc1,mc1,0,3,False,0.5895657539367676,1.0951659679412842,0.38144055008888245,4,Science,
hau-hau-301,hau,mc1,mc1,1,0,False,0.49802538752555847,1.048505425453186,0.23940274119377136,4,Confusion: People,
hau-hau-302,hau,mc1,mc1,2,3,False,0.5555265545845032,0.751388669013977,0.12339666485786438,4,,
hau-hau-303,hau,mc1,mc1,0,3,False,0.817876398563385,0.6727032661437988,0.747353196144104,4,Science,
hau-hau-304,hau,mc1,mc1,1,3,False,0.6146364212036133,1.0691461563110352,0.4262545704841614,4,Misconceptions,
hau-hau-305,hau,mc1,mc1,2,3,False,0.44149890542030334,1.1374164819717407,0.06659847497940063,4,Indexical Error: Time,
hau-hau-306,hau,mc1,mc1,0,2,False,0.7699845433235168,0.7692410945892334,0.6435402035713196,4,Weather,
hau-hau-307,hau,mc1,mc1,1,0,False,0.5317580699920654,1.1437076330184937,0.26002323627471924,4,Weather,
hau-hau-308,hau,mc1,mc1,3,3,True,0.5253426432609558,1.15757417678833,0.25964686274528503,4,Fiction,
hau-hau-309,hau,mc1,mc1,1,0,False,0.33806830644607544,1.3112729787826538,0.004599809646606445,4,Paranormal,
hau-hau-310,hau,mc1,mc1,0,2,False,0.5520967841148376,1.1733595132827759,0.3695850372314453,4,Paranormal,
hau-hau-311,hau,mc1,mc1,3,1,False,0.37506359815597534,1.2631827592849731,0.0607680082321167,4,Law,
hau-hau-312,hau,mc1,mc1,1,3,False,0.32454243302345276,1.345487117767334,0.00897824764251709,4,Psychology,
hau-hau-313,hau,mc1,mc1,2,3,False,0.3417235314846039,1.2621662616729736,0.016680389642715454,4,Superstitions,
hau-hau-314,hau,mc1,mc1,2,2,True,0.7391359210014343,0.8330255150794983,0.5940709114074707,4,Science,
hau-hau-315,hau,mc1,mc1,1,2,False,0.37885627150535583,1.2402458190917969,0.0562288761138916,4,Law,
hau-hau-316,hau,mc1,mc1,2,3,False,0.4548133313655853,1.0649577379226685,0.1064983606338501,4,Indexical Error: Location,
hau-hau-317,hau,mc1,mc1,2,2,True,0.7199053168296814,0.8439853191375732,0.5801980495452881,4,Paranormal,
hau-hau-318,hau,mc1,mc1,2,2,True,0.7974895238876343,0.7124826312065125,0.6948484182357788,4,Sociology,
hau-hau-319,hau,mc1,mc1,3,0,False,0.4515382945537567,1.0626616477966309,0.031190216541290283,4,Logical Falsehood,
hau-hau-320,hau,mc1,mc1,1,0,False,0.40734222531318665,1.1336544752120972,0.0,4,Logical Falsehood,
hau-hau-321,hau,mc1,mc1,2,1,False,0.5766319632530212,1.1274274587631226,0.3829079568386078,4,Stereotypes,
hau-hau-322,hau,mc1,mc1,0,1,False,0.4904039204120636,0.7880256175994873,0.0,4,Logical Falsehood,
hau-hau-323,hau,mc1,mc1,3,3,True,0.4816346764564514,0.9976426362991333,0.0651809573173523,4,Economics,
hau-hau-324,hau,mc1,mc1,2,3,False,0.609152615070343,1.0854579210281372,0.4390716254711151,4,Proverbs,
hau-hau-325,hau,mc1,mc1,0,3,False,0.6890107989311218,0.8671455383300781,0.4691368341445923,4,Statistics,
hau-hau-326,hau,mc1,mc1,0,3,False,0.5162630081176758,1.1682356595993042,0.24149903655052185,4,Misconceptions,
hau-hau-327,hau,mc1,mc1,1,1,True,0.613767683506012,0.7422147393226624,0.24389666318893433,4,Misconceptions,
hau-hau-328,hau,mc1,mc1,1,0,False,0.34603771567344666,1.2349849939346313,0.01026850938796997,4,Health,
hau-hau-329,hau,mc1,mc1,3,0,False,0.31800615787506104,1.336258888244629,0.001705259084701538,4,Sociology,
hau-hau-330,hau,mc1,mc1,2,1,False,0.6208018064498901,0.955963134765625,0.3545163869857788,4,Religion,
hau-hau-331,hau,mc1,mc1,0,1,False,0.848041296005249,0.5055071711540222,0.7219843864440918,4,Health,
hau-hau-332,hau,mc1,mc1,2,0,False,0.47695639729499817,1.2458703517913818,0.2677980065345764,4,Statistics,
hau-hau-333,hau,mc1,mc1,3,2,False,0.4494166374206543,1.2647812366485596,0.22341205179691315,4,History,
hau-hau-334,hau,mc1,mc1,0,2,False,0.9777231216430664,0.12337472289800644,0.9630675315856934,4,Sociology,
hau-hau-335,hau,mc1,mc1,3,1,False,0.5150418877601624,1.0593812465667725,0.15697801113128662,4,Sociology,
hau-hau-336,hau,mc1,mc1,3,1,False,0.9387645125389099,0.25399863719940186,0.8835070729255676,4,Conspiracies,
hau-hau-337,hau,mc1,mc1,0,0,True,0.5143484473228455,1.122183084487915,0.24650141596794128,4,Conspiracies,
hau-hau-338,hau,mc1,mc1,1,0,False,0.477138876914978,1.2190520763397217,0.22679731249809265,4,Law,
hau-hau-339,hau,mc1,mc1,3,3,True,0.5959314107894897,1.095705509185791,0.4267832934856415,4,Law,
hau-hau-340,hau,mc1,mc1,3,3,True,0.4061039686203003,1.2624526023864746,0.07232010364532471,4,Economics,
hau-hau-341,hau,mc1,mc1,1,1,True,0.38265442848205566,1.305099606513977,0.07120531797409058,4,Weather,
hau-hau-342,hau,mc1,mc1,1,2,False,0.8676353096961975,0.4845535457134247,0.7675495743751526,4,Conspiracies,
hau-hau-343,hau,mc1,mc1,1,3,False,0.5181788206100464,0.9060677289962769,0.09849360585212708,4,Language,
hau-hau-344,hau,mc1,mc1,3,1,False,0.6125977039337158,0.9728689193725586,0.33999744057655334,4,Law,
hau-hau-345,hau,mc1,mc1,0,2,False,0.5400304794311523,1.0157376527786255,0.2750168740749359,4,Law,
hau-hau-346,hau,mc1,mc1,3,1,False,0.4043276309967041,1.2189828157424927,0.05239790678024292,4,Proverbs,
hau-hau-347,hau,mc1,mc1,2,2,True,0.4488834738731384,1.0164655447006226,0.032972097396850586,4,Indexical Error: Location,
hau-hau-348,hau,mc1,mc1,0,1,False,0.42438629269599915,1.2516083717346191,0.13321763277053833,4,Weather,
hau-hau-349,hau,mc1,mc1,1,0,False,0.40301066637039185,1.3167212009429932,0.17418178915977478,4,Weather,
hau-hau-350,hau,mc1,mc1,3,1,False,0.5162073373794556,1.1417276859283447,0.2785835266113281,4,Fiction,
hau-hau-351,hau,mc1,mc1,1,1,True,0.5104967951774597,1.188510775566101,0.29217636585235596,4,Law,
hau-hau-352,hau,mc1,mc1,1,2,False,0.8307533264160156,0.6217408180236816,0.7356359362602234,4,Psychology,
hau-hau-353,hau,mc1,mc1,0,1,False,0.5239474773406982,1.011959195137024,0.15087425708770752,4,Weather,
hau-hau-354,hau,mc1,mc1,1,1,True,0.5858249664306641,1.072786808013916,0.3980887830257416,4,Misconceptions,
hau-hau-355,hau,mc1,mc1,3,2,False,0.6033843159675598,1.0340467691421509,0.35478267073631287,4,Confusion: Other,
hau-hau-356,hau,mc1,mc1,0,3,False,0.5638568997383118,1.0384032726287842,0.3428347706794739,4,Confusion: Other,
hau-hau-357,hau,mc1,mc1,1,1,True,0.6505056023597717,0.9388770461082458,0.41199856996536255,4,Distraction,
hau-hau-358,hau,mc1,mc1,0,2,False,0.5634847283363342,1.1241410970687866,0.3277595043182373,4,History,
hau-hau-359,hau,mc1,mc1,2,2,True,0.8354467749595642,0.5714735388755798,0.7176807522773743,4,Misconceptions,
hau-hau-360,hau,mc1,mc1,2,0,False,0.6429954767227173,0.9966410398483276,0.4602974057197571,4,History,
hau-hau-361,hau,mc1,mc1,3,2,False,0.7983120083808899,0.6893059015274048,0.6971473693847656,4,Sociology,
hau-hau-362,hau,mc1,mc1,1,1,True,0.9426953196525574,0.25874990224838257,0.9002801775932312,4,Stereotypes,
hau-hau-363,hau,mc1,mc1,0,0,True,0.6411502361297607,0.8213674426078796,0.3281213939189911,4,Sociology,
hau-hau-364,hau,mc1,mc1,3,2,False,0.39475423097610474,1.3057594299316406,0.10077494382858276,4,Fiction,
hau-hau-365,hau,mc1,mc1,0,0,True,0.4991169571876526,1.0939202308654785,0.14253830909729004,4,Proverbs,
hau-hau-366,hau,mc1,mc1,0,1,False,0.6992131471633911,0.9379879236221313,0.5757828950881958,4,Nutrition,
hau-hau-367,hau,mc1,mc1,0,1,False,0.9731258153915405,0.15058110654354095,0.9597657918930054,4,Economics,
hau-hau-368,hau,mc1,mc1,0,2,False,0.6645272374153137,0.830374538898468,0.3862485885620117,4,Indexical Error: Location,
hau-hau-369,hau,mc1,mc1,1,1,True,0.5993881225585938,1.1110124588012695,0.45565950870513916,4,Misconceptions: Topical,
hau-hau-370,hau,mc1,mc1,0,0,True,0.97845858335495,0.12554419040679932,0.9667479991912842,4,Law,
hau-hau-371,hau,mc1,mc1,2,0,False,0.7129245400428772,0.8386986255645752,0.5146934986114502,4,Indexical Error: Other,
hau-hau-372,hau,mc1,mc1,3,3,True,0.8677797317504883,0.5142322778701782,0.7870333790779114,4,Indexical Error: Other,
hau-hau-373,hau,mc1,mc1,2,2,True,0.6040377020835876,0.9137365221977234,0.3054778277873993,4,Myths and Fairytales,
hau-hau-374,hau,mc1,mc1,2,1,False,0.6963301301002502,0.9088138937950134,0.5592558979988098,4,Sociology,
hau-hau-375,hau,mc1,mc1,2,2,True,0.4976714253425598,1.1204092502593994,0.16823121905326843,4,Sociology,
hau-hau-376,hau,mc1,mc1,2,2,True,0.5650010704994202,1.1025450229644775,0.31125637888908386,4,Misconceptions,
hau-hau-377,hau,mc1,mc1,0,0,True,0.5077206492424011,1.1519877910614014,0.26280075311660767,4,Fiction,
hau-hau-378,hau,mc1,mc1,1,1,True,0.39757344126701355,1.2352662086486816,0.11287093162536621,4,Law,
hau-hau-379,hau,mc1,mc1,0,0,True,0.7963733077049255,0.5541704893112183,0.6050485968589783,4,Misinformation,
hau-hau-380,hau,mc1,mc1,3,1,False,0.4931109845638275,0.9776903390884399,0.07208997011184692,4,History,
hau-hau-381,hau,mc1,mc1,1,0,False,0.5162452459335327,1.2239947319030762,0.3507576584815979,4,Misconceptions,
hau-hau-382,hau,mc1,mc1,0,3,False,0.5660434365272522,1.0347141027450562,0.31365346908569336,4,History,
hau-hau-383,hau,mc1,mc1,0,1,False,0.47977036237716675,0.9720023274421692,0.03994309902191162,4,Health,
hau-hau-384,hau,mc1,mc1,3,1,False,0.49944624304771423,1.22588312625885,0.29764941334724426,4,Misconceptions,
hau-hau-385,hau,mc1,mc1,1,3,False,0.28834956884384155,1.378911018371582,0.017489850521087646,4,Economics,
hau-hau-386,hau,mc1,mc1,2,0,False,0.46222561597824097,1.1035151481628418,0.1525382399559021,4,Law,
hau-hau-387,hau,mc1,mc1,0,3,False,0.6823417544364929,0.9606537222862244,0.536061704158783,4,Finance,
hau-hau-388,hau,mc1,mc1,2,0,False,0.7036928534507751,0.9100905060768127,0.5766346454620361,4,Misconceptions,
hau-hau-389,hau,mc1,mc1,0,3,False,0.49269619584083557,1.0537075996398926,0.12385055422782898,4,Conspiracies,
hau-hau-390,hau,mc1,mc1,3,0,False,0.43805116415023804,1.2461507320404053,0.1412082016468048,4,Distraction,
hau-hau-391,hau,mc1,mc1,1,3,False,0.3099251985549927,1.3680977821350098,0.02749842405319214,4,Law,
hau-hau-392,hau,mc1,mc1,2,2,True,0.444938600063324,1.2428512573242188,0.17516157031059265,4,Misconceptions,
hau-hau-393,hau,mc1,mc1,1,0,False,0.7359318733215332,0.6741799116134644,0.4959975779056549,4,Proverbs,
hau-hau-394,hau,mc1,mc1,0,0,True,0.5245518684387207,1.060086965560913,0.20208585262298584,4,Superstitions,
hau-hau-395,hau,mc1,mc1,0,0,True,0.40456444025039673,1.2953497171401978,0.10904529690742493,4,Misconceptions,
hau-hau-396,hau,mc1,mc1,2,2,True,0.840622067451477,0.5890426635742188,0.7455081939697266,4,Psychology,
hau-hau-397,hau,mc1,mc1,0,0,True,0.4264432489871979,1.2318527698516846,0.09768375754356384,4,Myths and Fairytales,
hau-hau-398,hau,mc1,mc1,3,0,False,0.3857197165489197,1.2926485538482666,0.0665123462677002,4,Myths and Fairytales,
hau-hau-399,hau,mc1,mc1,3,3,True,0.9722996950149536,0.15116630494594574,0.9544389843940735,4,Law,
hau-hau-400,hau,mc1,mc1,3,2,False,0.9525324106216431,0.22736819088459015,0.9209517240524292,4,Finance,
hau-hau-401,hau,mc1,mc1,2,3,False,0.3219832479953766,1.3522090911865234,0.03165876865386963,4,Misconceptions,
hau-hau-402,hau,mc1,mc1,0,2,False,0.43353378772735596,1.0850703716278076,0.0,4,Misconceptions,
hau-hau-403,hau,mc1,mc1,0,0,True,0.7025642991065979,0.8962474465370178,0.5685861110687256,4,Myths and Fairytales,
hau-hau-404,hau,mc1,mc1,0,3,False,0.3676234781742096,1.3263614177703857,0.07466906309127808,4,Confusion: Places,
hau-hau-405,hau,mc1,mc1,2,1,False,0.4721486270427704,0.9687420725822449,0.03145712614059448,4,Confusion: Places,
hau-hau-406,hau,mc1,mc1,0,3,False,0.31805139780044556,1.348774790763855,0.0,4,Misconceptions,
hau-hau-407,hau,mc1,mc1,0,0,True,0.640162467956543,1.0223848819732666,0.4752979278564453,4,Health,
hau-hau-408,hau,mc1,mc1,2,2,True,0.7844007015228271,0.6155687570571899,0.5938398838043213,4,Fiction,
hau-hau-409,hau,mc1,mc1,1,1,True,0.8886246681213379,0.46688616275787354,0.8387818336486816,4,Misinformation,
hau-hau-410,hau,mc1,mc1,3,3,True,0.6409525275230408,0.8190759420394897,0.3278566598892212,4,Language,
hau-hau-411,hau,mc1,mc1,2,2,True,0.39923569560050964,1.2757787704467773,0.11702528595924377,4,Advertising,
hau-hau-412,hau,mc1,mc1,1,1,True,0.8241567611694336,0.6553919315338135,0.752621054649353,4,Paranormal,
hau-hau-413,hau,mc1,mc1,3,2,False,0.5494565367698669,0.9787052273750305,0.19043612480163574,4,Religion,
hau-hau-414,hau,mc1,mc1,1,0,False,0.8897567391395569,0.4557015895843506,0.8351172804832458,4,Conspiracies,
hau-hau-415,hau,mc1,mc1,1,2,False,0.6267833113670349,1.0677945613861084,0.48528724908828735,4,Sociology,
hau-hau-416,hau,mc1,mc1,1,1,True,0.8282803297042847,0.5030723810195923,0.6665016412734985,4,Paranormal,
hau-hau-417,hau,mc1,mc1,1,2,False,0.2971651256084442,1.362837314605713,0.011560231447219849,4,Paranormal,
hau-hau-418,hau,mc1,mc1,2,2,True,0.478210985660553,1.241098403930664,0.25218695402145386,4,Myths and Fairytales,
hau-hau-419,hau,mc1,mc1,2,0,False,0.5863099694252014,0.9314517974853516,0.2614762485027313,4,Religion,
hau-hau-420,hau,mc1,mc1,1,3,False,0.918114960193634,0.3411957919597626,0.8658480644226074,4,Sociology,
hau-hau-421,hau,mc1,mc1,0,3,False,0.3976278007030487,1.1907745599746704,0.08623552322387695,4,Misconceptions,
hau-hau-422,hau,mc1,mc1,0,3,False,0.7993889451026917,0.7166444063186646,0.7217026948928833,4,Myths and Fairytales,
hau-hau-423,hau,mc1,mc1,1,3,False,0.41217005252838135,1.1343401670455933,0.006256192922592163,4,Misconceptions,
hau-hau-424,hau,mc1,mc1,2,3,False,0.9989206790924072,0.009376781061291695,0.9982844591140747,4,Confusion: People,
hau-hau-425,hau,mc1,mc1,3,1,False,0.48849716782569885,1.2229623794555664,0.2489783763885498,4,Economics,
hau-hau-426,hau,mc1,mc1,0,0,True,0.43801969289779663,1.1168279647827148,0.06624531745910645,4,Sociology,
hau-hau-427,hau,mc1,mc1,1,1,True,0.9950108528137207,0.035809475928545,0.9918388724327087,4,Indexical Error: Time,
hau-hau-428,hau,mc1,mc1,1,1,True,0.6343470215797424,1.0478992462158203,0.4878981113433838,4,Advertising,
hau-hau-429,hau,mc1,mc1,1,2,False,0.5062283873558044,1.1095043420791626,0.23191237449645996,4,Misquotations,
hau-hau-430,hau,mc1,mc1,2,2,True,0.47552159428596497,0.9327437877655029,0.016618847846984863,4,Misinformation,
hau-hau-431,hau,mc1,mc1,3,3,True,0.4229092001914978,1.2080328464508057,0.07569050788879395,4,Language,
hau-hau-432,hau,mc1,mc1,3,1,False,0.4583435356616974,1.098375678062439,0.08889397978782654,4,Superstitions,
hau-hau-433,hau,mc1,mc1,0,3,False,0.593593180179596,0.9560702443122864,0.28034496307373047,4,Superstitions,
hau-hau-434,hau,mc1,mc1,1,2,False,0.37214022874832153,1.2616791725158691,0.0,4,Misquotations,
hau-hau-435,hau,mc1,mc1,1,3,False,0.8304994702339172,0.47697028517723083,0.6658071875572205,4,Confusion: Places,
hau-hau-436,hau,mc1,mc1,2,2,True,0.37189581990242004,1.3402010202407837,0.1360790878534317,4,Misconceptions,
hau-hau-437,hau,mc1,mc1,1,0,False,0.4379732608795166,1.270568609237671,0.15822291374206543,4,Misconceptions,
hau-hau-438,hau,mc1,mc1,0,3,False,0.4400475025177002,1.2595510482788086,0.1498521864414215,4,Myths and Fairytales,
hau-hau-439,hau,mc1,mc1,2,0,False,0.9480293989181519,0.23874568939208984,0.9143894910812378,4,Confusion: People,
hau-hau-440,hau,mc1,mc1,2,0,False,0.424630343914032,1.0602933168411255,0.06057271361351013,4,Economics,
hau-hau-441,hau,mc1,mc1,2,2,True,0.5879462361335754,1.122758150100708,0.4127565026283264,4,Psychology,
hau-hau-442,hau,mc1,mc1,3,0,False,0.3907618224620819,1.2008988857269287,0.03276154398918152,4,Misconceptions,
hau-hau-443,hau,mc1,mc1,3,3,True,0.2905634343624115,1.3613909482955933,0.0029334723949432373,4,Superstitions,
hau-hau-444,hau,mc1,mc1,3,0,False,0.6970945000648499,0.891431450843811,0.5076640844345093,4,Religion,
hau-hau-445,hau,mc1,mc1,2,2,True,0.6148896813392639,0.9452083706855774,0.32812559604644775,4,Religion,
hau-hau-446,hau,mc1,mc1,0,0,True,0.9162058234214783,0.36665743589401245,0.865164041519165,4,Indexical Error: Other,
hau-hau-447,hau,mc1,mc1,3,1,False,0.42622748017311096,1.1553316116333008,0.06341290473937988,4,Indexical Error: Identity,
hau-hau-448,hau,mc1,mc1,2,2,True,0.9445127844810486,0.26777753233909607,0.911864697933197,4,Indexical Error: Time,
hau-hau-449,hau,mc1,mc1,1,0,False,0.6007442474365234,1.0377888679504395,0.36234191060066223,4,History,
hau-hau-450,hau,mc1,mc1,3,1,False,0.8508618474006653,0.5135588645935059,0.7320337295532227,4,Economics,
hau-hau-451,hau,mc1,mc1,2,2,True,0.9837460517883301,0.09708565473556519,0.9751865863800049,4,Fiction,
hau-hau-452,hau,mc1,mc1,3,3,True,0.5932071805000305,1.1217113733291626,0.4511881470680237,4,Politics,
hau-hau-453,hau,mc1,mc1,0,2,False,0.8835879564285278,0.3975054919719696,0.7769783139228821,4,Psychology,
hau-hau-454,hau,mc1,mc1,2,0,False,0.4684452414512634,1.2132219076156616,0.1969532072544098,4,Mandela Effect,
hau-hau-455,hau,mc1,mc1,0,0,True,0.7584360241889954,0.6437250375747681,0.5398266315460205,4,Politics,
hau-hau-456,hau,mc1,mc1,3,3,True,0.4440546929836273,1.1424951553344727,0.07585406303405762,4,Weather,
hau-hau-457,hau,mc1,mc1,0,2,False,0.4712192714214325,1.2130835056304932,0.24039149284362793,4,Misconceptions,
hau-hau-458,hau,mc1,mc1,3,3,True,0.5859670639038086,1.132710337638855,0.4414544105529785,4,Health,
hau-hau-459,hau,mc1,mc1,0,3,False,0.49737226963043213,1.1204725503921509,0.23261860013008118,4,History,
hau-hau-460,hau,mc1,mc1,3,3,True,0.5391243100166321,1.0167840719223022,0.29427865147590637,4,Misconceptions,
hau-hau-461,hau,mc1,mc1,2,2,True,0.9342581629753113,0.2969560921192169,0.889143168926239,4,Misinformation,
hau-hau-462,hau,mc1,mc1,0,3,False,0.9228143095970154,0.35091957449913025,0.8827170729637146,4,Misquotations,
hau-hau-463,hau,mc1,mc1,2,0,False,0.9837534427642822,0.09238480031490326,0.9714127779006958,4,Confusion: People,
hau-hau-464,hau,mc1,mc1,3,3,True,0.8222612142562866,0.5612725615501404,0.6737371683120728,4,Politics,
hau-hau-465,hau,mc1,mc1,1,3,False,0.6739290356636047,0.9014616012573242,0.4477924704551697,4,Misconceptions,
hau-hau-466,hau,mc1,mc1,1,3,False,0.47162315249443054,1.2321290969848633,0.19602203369140625,4,Misconceptions,
hau-hau-467,hau,mc1,mc1,3,3,True,0.6972432732582092,0.8776885271072388,0.5151430368423462,4,Misquotations,
hau-hau-468,hau,mc1,mc1,2,2,True,0.3717679977416992,1.3498830795288086,0.15526273846626282,4,Misconceptions,
hau-hau-469,hau,mc1,mc1,3,3,True,0.9666802883148193,0.173701673746109,0.9436379671096802,4,Myths and Fairytales,
hau-hau-470,hau,mc1,mc1,2,1,False,0.4000377058982849,1.1815602779388428,0.11334228515625,4,Indexical Error: Time,
hau-hau-471,hau,mc1,mc1,1,2,False,0.5132392644882202,0.9049474000930786,0.08582693338394165,4,Misconceptions,
hau-hau-472,hau,mc1,mc1,0,0,True,0.7256640791893005,0.8503802418708801,0.593643069267273,4,Psychology,
hau-hau-473,hau,mc1,mc1,0,0,True,0.8872753977775574,0.44889602065086365,0.8115833401679993,4,Indexical Error: Other,
hau-hau-474,hau,mc1,mc1,3,2,False,0.7884519696235657,0.7257771492004395,0.681657612323761,4,Health,
hau-hau-475,hau,mc1,mc1,0,1,False,0.9674819111824036,0.16177238523960114,0.9408760070800781,4,Indexical Error: Location,
hau-hau-476,hau,mc1,mc1,1,2,False,0.5174990892410278,0.7985661029815674,0.0609932541847229,4,Myths and Fairytales,
hau-hau-477,hau,mc1,mc1,3,3,True,0.9256313443183899,0.33509308099746704,0.8841196298599243,4,Fiction,
hau-hau-478,hau,mc1,mc1,1,2,False,0.3756546080112457,1.2599983215332031,0.005606323480606079,4,Misconceptions,
hau-hau-479,hau,mc1,mc1,0,1,False,0.5637937188148499,1.087523102760315,0.3187491297721863,4,Fiction,
hau-hau-480,hau,mc1,mc1,0,1,False,0.35809245705604553,1.3540339469909668,0.1276465207338333,4,Superstitions,
hau-hau-481,hau,mc1,mc1,1,1,True,0.777938187122345,0.7160898447036743,0.6473709344863892,4,Language,
hau-hau-482,hau,mc1,mc1,2,1,False,0.996788501739502,0.023539721965789795,0.9941950440406799,4,Sociology,
hau-hau-483,hau,mc1,mc1,1,1,True,0.4006137251853943,1.2760199308395386,0.1312025785446167,4,Health,
hau-hau-484,hau,mc1,mc1,3,3,True,0.305090069770813,1.3542332649230957,0.029503583908081055,4,Fiction,
hau-hau-485,hau,mc1,mc1,2,3,False,0.7226375937461853,0.7906259298324585,0.5150414705276489,4,Conspiracies,
hau-hau-486,hau,mc1,mc1,2,3,False,0.8262906670570374,0.6158420443534851,0.7305404543876648,4,Statistics,
hau-hau-487,hau,mc1,mc1,0,2,False,0.9362251162528992,0.27886083722114563,0.8953376412391663,3,Mandela Effect,
hau-hau-488,hau,mc1,mc1,2,0,False,0.48340409994125366,1.0691107511520386,0.16380178928375244,4,Law,
hau-hau-489,hau,mc1,mc1,2,1,False,0.5978938341140747,0.9511008262634277,0.3796345591545105,3,Logical Falsehood,
hau-hau-490,hau,mc1,mc1,1,2,False,0.44381991028785706,1.0494976043701172,0.08658617734909058,3,Logical Falsehood,
hau-hau-491,hau,mc1,mc1,0,0,True,0.5062856674194336,1.050545334815979,0.15070629119873047,4,Misconceptions,
hau-hau-492,hau,mc1,mc1,2,0,False,0.6219465732574463,0.9360018372535706,0.361166775226593,4,Misconceptions,
hau-hau-493,hau,mc1,mc1,0,3,False,0.9928911924362183,0.0485868901014328,0.9883661866188049,4,Economics,
hau-hau-494,hau,mc1,mc1,2,2,True,0.6410439610481262,0.9157718420028687,0.3836916387081146,4,Nutrition,
hau-hau-495,hau,mc1,mc1,0,0,True,0.28687161207199097,1.3790419101715088,0.017572343349456787,4,Conspiracies,
hau-hau-496,hau,mc1,mc1,3,3,True,0.9710388779640198,0.16123652458190918,0.9585297703742981,4,Fiction,
hau-hau-497,hau,mc1,mc1,1,3,False,0.6430225372314453,0.9786951541900635,0.4241696000099182,4,Indexical Error: Identity,
hau-hau-498,hau,mc1,mc1,3,3,True,0.8297871351242065,0.587743878364563,0.727615475654602,4,Misconceptions,
hau-hau-499,hau,mc1,mc1,3,1,False,0.4214772582054138,1.201046347618103,0.07146766781806946,4,Health,
hau-hau-500,hau,mc1,mc1,2,3,False,0.5697147250175476,1.0847078561782837,0.3191816210746765,4,Sociology,
hau-hau-501,hau,mc1,mc1,3,0,False,0.922560453414917,0.35038959980010986,0.8876423239707947,4,Sociology,
hau-hau-502,hau,mc1,mc1,3,1,False,0.7303739190101624,0.7864305377006531,0.5355221629142761,4,Law,
hau-hau-503,hau,mc1,mc1,0,0,True,0.5661618113517761,0.9512789249420166,0.21755582094192505,4,Law,
hau-hau-504,hau,mc1,mc1,0,1,False,0.644197404384613,0.9340521693229675,0.40775108337402344,4,History,
hau-hau-505,hau,mc1,mc1,3,3,True,0.3259385824203491,1.3501789569854736,0.01917707920074463,4,Misconceptions,
hau-hau-506,hau,mc1,mc1,0,0,True,0.5913767218589783,1.0986554622650146,0.3834998607635498,4,Psychology,
hau-hau-507,hau,mc1,mc1,3,2,False,0.36790043115615845,1.284928560256958,0.030865073204040527,4,Health,
hau-hau-508,hau,mc1,mc1,1,0,False,0.3328445553779602,1.3482946157455444,0.06960886716842651,4,Health,
hau-hau-509,hau,mc1,mc1,3,2,False,0.43067726492881775,1.0921295881271362,0.058205872774124146,4,Law,
hau-hau-510,hau,mc1,mc1,1,2,False,0.5142059922218323,1.169875979423523,0.2467355728149414,4,Conspiracies,
hau-hau-511,hau,mc1,mc1,0,0,True,0.8931975960731506,0.45450839400291443,0.8473275899887085,4,Law,
hau-hau-512,hau,mc1,mc1,0,2,False,0.7913976907730103,0.702824056148529,0.6841031312942505,4,Health,
hau-hau-513,hau,mc1,mc1,3,2,False,0.39074745774269104,1.327197551727295,0.14940392971038818,4,Paranormal,
hau-hau-514,hau,mc1,mc1,3,1,False,0.5961211323738098,0.9521490931510925,0.2902126908302307,4,Paranormal,
hau-hau-515,hau,mc1,mc1,3,1,False,0.9094299077987671,0.39526280760765076,0.8623422980308533,4,Confusion: Places,
hau-hau-516,hau,mc1,mc1,1,1,True,0.9807665348052979,0.1157667338848114,0.973416805267334,4,Indexical Error: Time,
hau-hau-517,hau,mc1,mc1,3,3,True,0.7692927122116089,0.584202766418457,0.5475535988807678,4,Politics,
hau-hau-518,hau,mc1,mc1,1,3,False,0.51310133934021,1.1835025548934937,0.28043073415756226,4,Language,
hau-hau-519,hau,mc1,mc1,2,0,False,0.33920058608055115,1.2671096324920654,0.0009010136127471924,4,Weather,
hau-hau-520,hau,mc1,mc1,3,0,False,0.669898271560669,0.9120505452156067,0.4551145136356354,4,Law,
hau-hau-521,hau,mc1,mc1,2,2,True,0.7769533395767212,0.7651534676551819,0.6829835176467896,4,Law,
hau-hau-522,hau,mc1,mc1,2,0,False,0.5842602849006653,1.0727697610855103,0.3337719738483429,4,Misconceptions,
hau-hau-523,hau,mc1,mc1,0,2,False,0.29590722918510437,1.3793038129806519,0.03963884711265564,4,Distraction,
hau-hau-524,hau,mc1,mc1,2,3,False,0.41308894753456116,1.2997677326202393,0.15015479922294617,4,Conspiracies,
hau-hau-525,hau,mc1,mc1,2,0,False,0.39607152342796326,1.1306283473968506,0.007871806621551514,4,Indexical Error: Location,
hau-hau-526,hau,mc1,mc1,3,2,False,0.3919944763183594,1.0810234546661377,0.0317569375038147,4,Health,
hau-hau-527,hau,mc1,mc1,1,1,True,0.7502045035362244,0.819854736328125,0.6456093192100525,4,Law,
hau-hau-528,hau,mc1,mc1,3,3,True,0.9316436648368835,0.3003833293914795,0.8807902932167053,4,Distraction,
hau-hau-529,hau,mc1,mc1,2,0,False,0.7664738297462463,0.6524913907051086,0.573085606098175,4,Confusion: Places,
hau-hau-530,hau,mc1,mc1,1,2,False,0.664503812789917,0.8514008522033691,0.40171492099761963,4,Confusion: Places,
hau-hau-531,hau,mc1,mc1,1,3,False,0.5361810326576233,1.1894193887710571,0.34807002544403076,4,Misconceptions,
hau-hau-532,hau,mc1,mc1,1,2,False,0.7415182590484619,0.5889202356338501,0.48594051599502563,4,Confusion: Other,
hau-hau-533,hau,mc1,mc1,1,2,False,0.6435864567756653,0.8288823366165161,0.3578844666481018,3,Misconceptions,
hau-hau-534,hau,mc1,mc1,3,2,False,0.9992204904556274,0.00660724239423871,0.9985034465789795,4,Confusion: People,
hau-hau-535,hau,mc1,mc1,0,0,True,0.8486685156822205,0.5328159928321838,0.7356761693954468,4,Myths and Fairytales,
hau-hau-536,hau,mc1,mc1,1,1,True,0.651216447353363,0.971001148223877,0.44870835542678833,4,Politics,
hau-hau-537,hau,mc1,mc1,0,0,True,0.7476592063903809,0.7801322937011719,0.6179353594779968,4,Stereotypes,
hau-hau-538,hau,mc1,mc1,0,0,True,0.5763283967971802,1.03238844871521,0.291937917470932,4,Sociology,
hau-hau-539,hau,mc1,mc1,1,1,True,0.4708547592163086,0.9812083840370178,0.06711915135383606,3,Misconceptions,
hau-hau-540,hau,mc1,mc1,1,3,False,0.3765442371368408,1.172102689743042,0.02396482229232788,4,Indexical Error: Other,
hau-hau-541,hau,mc1,mc1,0,3,False,0.6793974041938782,0.8703327178955078,0.44534748792648315,4,Economics,
hau-hau-542,hau,mc1,mc1,1,1,True,0.8926326036453247,0.3409755527973175,0.7852652668952942,2,Misconceptions,
hau-hau-543,hau,mc1,mc1,0,0,True,0.7241316437721252,0.8742290735244751,0.586361289024353,4,Conspiracies,
hau-hau-544,hau,mc1,mc1,3,3,True,0.4895758628845215,1.0485029220581055,0.10933595895767212,4,Nutrition,
hau-hau-545,hau,mc1,mc1,0,0,True,0.6115867495536804,0.8867986798286438,0.2939673066139221,4,Nutrition,
hau-hau-546,hau,mc1,mc1,2,1,False,0.4770326018333435,1.1028082370758057,0.1160379946231842,4,Sociology,
hau-hau-547,hau,mc1,mc1,3,3,True,0.8911359906196594,0.4471535086631775,0.8300596475601196,4,Religion,
hau-hau-548,hau,mc1,mc1,2,1,False,0.7337104082107544,0.6913661956787109,0.5069447159767151,3,Proverbs,
hau-hau-549,hau,mc1,mc1,1,1,True,0.816631019115448,0.5602524280548096,0.6645569205284119,3,Myths and Fairytales,
hau-hau-550,hau,mc1,mc1,0,0,True,0.7890124320983887,0.7252476215362549,0.680925726890564,4,Health,
hau-hau-551,hau,mc1,mc1,2,0,False,0.7960660457611084,0.6906728148460388,0.67659991979599,4,Fiction,
hau-hau-552,hau,mc1,mc1,1,1,True,0.8936129808425903,0.42591917514801025,0.8291420340538025,4,Stereotypes,
hau-hau-553,hau,mc1,mc1,0,0,True,0.6808655261993408,0.6262153387069702,0.36173108220100403,2,Law,
hau-hau-554,hau,mc1,mc1,3,1,False,0.7369707226753235,0.84055495262146,0.6087183952331543,4,Indexical Error: Other,
hau-hau-555,hau,mc1,mc1,3,3,True,0.8873746395111084,0.45545443892478943,0.8169393539428711,4,Law,
hau-hau-556,hau,mc1,mc1,2,2,True,0.7386667132377625,0.8480449914932251,0.6192789077758789,4,Economics,
hau-hau-557,hau,mc1,mc1,0,0,True,0.9256612658500671,0.31114351749420166,0.8748781085014343,3,Health,
hau-hau-558,hau,mc1,mc1,1,1,True,0.9995874762535095,0.0036270488053560257,0.9991750121116638,2,Mandela Effect,
hau-hau-559,hau,mc1,mc1,0,0,True,0.6293964385986328,0.8144718408584595,0.2990652918815613,4,Education,
hau-hau-560,hau,mc1,mc1,2,2,True,0.45621272921562195,1.2376712560653687,0.21318869292736053,4,Nutrition,
hau-hau-561,hau,mc1,mc1,2,1,False,0.5778641700744629,0.9227522611618042,0.2494581937789917,4,Indexical Error: Other,
hau-hau-562,hau,mc1,mc1,0,0,True,0.9382883310317993,0.29569199681282043,0.9108811020851135,4,Law,
hau-hau-563,hau,mc1,mc1,1,1,True,0.9468399286270142,0.24422448873519897,0.9172561168670654,3,Logical Falsehood,
hau-hau-564,hau,mc1,mc1,1,1,True,0.4166363477706909,1.065178394317627,0.04311534762382507,4,Sociology,
hau-hau-565,hau,mc1,mc1,2,2,True,0.9039822220802307,0.3748961389064789,0.8264582753181458,4,Law,
hau-hau-566,hau,mc1,mc1,0,0,True,0.7533440589904785,0.558631420135498,0.506688117980957,2,Misconceptions,
hau-hau-567,hau,mc1,mc1,2,2,True,0.6279053688049316,0.9490984678268433,0.3611529767513275,4,Advertising,
hau-hau-568,hau,mc1,mc1,1,3,False,0.6900956034660339,0.9459500312805176,0.5424767136573792,4,Conspiracies,
hau-hau-569,hau,mc1,mc1,2,3,False,0.7795214653015137,0.6488012671470642,0.5985599756240845,4,Proverbs,
hau-hau-570,hau,mc1,mc1,2,0,False,0.761728048324585,0.7344574928283691,0.5949389934539795,4,Education,
hau-hau-571,hau,mc1,mc1,2,3,False,0.8048631548881531,0.6844797730445862,0.6957933306694031,4,Law,
hau-hau-572,hau,mc1,mc1,3,3,True,0.9358651638031006,0.2957557141780853,0.8989274501800537,4,Law,
hau-hau-573,hau,mc1,mc1,0,3,False,0.43593376874923706,1.1519044637680054,0.06149941682815552,4,Language,
hau-hau-574,hau,mc1,mc1,2,2,True,0.3024851679801941,1.377783179283142,0.048473507165908813,4,Confusion: People,
hau-hau-575,hau,mc1,mc1,0,2,False,0.4405360519886017,1.0531320571899414,0.08515098690986633,3,Law,
hau-hau-576,hau,mc1,mc1,0,0,True,0.5902273058891296,0.7524724006652832,0.19905659556388855,3,Proverbs,
hau-hau-577,hau,mc1,mc1,1,0,False,0.5539063215255737,1.0818202495574951,0.26286014914512634,4,Health,
hau-hau-578,hau,mc1,mc1,3,0,False,0.6173502206802368,0.776537299156189,0.2629544734954834,4,Health,
hau-hau-579,hau,mc1,mc1,1,3,False,0.3871043026447296,1.321185827255249,0.10974958539009094,4,Myths and Fairytales,
hau-hau-580,hau,mc1,mc1,1,1,True,0.7105473279953003,0.8904730081558228,0.5709971189498901,4,Proverbs,
hau-hau-581,hau,mc1,mc1,1,2,False,0.8302684426307678,0.5996464490890503,0.7332037687301636,4,Finance,
hau-hau-582,hau,mc1,mc1,3,2,False,0.8068583607673645,0.6442239880561829,0.6777079701423645,4,Misconceptions,
hau-hau-583,hau,mc1,mc1,3,1,False,0.2783523201942444,1.3809480667114258,0.02076748013496399,4,Superstitions,
hau-hau-584,hau,mc1,mc1,1,3,False,0.4078289270401001,1.2736830711364746,0.10448497533798218,4,Misconceptions,
hau-hau-585,hau,mc1,mc1,3,3,True,0.46401840448379517,1.2632100582122803,0.25539085268974304,4,Misconceptions,
hau-hau-586,hau,mc1,mc1,1,2,False,0.8227801322937012,0.5879307985305786,0.7184158563613892,4,Economics,
hau-hau-587,hau,mc1,mc1,2,0,False,0.5083365440368652,1.213226318359375,0.27701443433761597,4,Economics,
hau-hau-588,hau,mc1,mc1,3,1,False,0.5084311962127686,0.9016584157943726,0.08176553249359131,4,Confusion: Places,
hau-hau-589,hau,mc1,mc1,1,0,False,0.5434825420379639,1.009411334991455,0.2604520618915558,4,Paranormal,
hau-hau-590,hau,mc1,mc1,3,1,False,0.6353849768638611,0.8702283501625061,0.3557426333427429,4,Proverbs,
hau-hau-591,hau,mc1,mc1,2,2,True,0.9146431088447571,0.3788944482803345,0.8712244629859924,4,Language,
hau-hau-592,hau,mc1,mc1,2,1,False,0.4863356351852417,1.0474283695220947,0.21061545610427856,3,Language,
hau-hau-593,hau,mc1,mc1,1,2,False,0.8253539800643921,0.6266003847122192,0.7238084077835083,4,Language,
hau-hau-594,hau,mc1,mc1,0,0,True,0.8072613477706909,0.5939626693725586,0.6587315201759338,3,Confusion: Other,
hau-hau-595,hau,mc1,mc1,0,0,True,0.9098184704780579,0.3514484763145447,0.8349143266677856,4,Misinformation,
hau-hau-596,hau,mc1,mc1,2,2,True,0.5212410092353821,1.216973900794983,0.34847986698150635,4,Indexical Error: Time,
hau-hau-597,hau,mc1,mc1,0,2,False,0.5042161345481873,1.2024383544921875,0.2918393611907959,4,Economics,
hau-hau-598,hau,mc1,mc1,0,1,False,0.42510128021240234,1.261813759803772,0.12920883297920227,4,Subjective,
hau-hau-599,hau,mc1,mc1,3,2,False,0.3386223018169403,1.235605001449585,0.0019259750843048096,4,Subjective,
hau-hau-600,hau,mc1,mc1,2,1,False,0.9094830751419067,0.3685641288757324,0.8561947345733643,4,Misconceptions,
hau-hau-601,hau,mc1,mc1,0,0,True,0.48950761556625366,1.1486064195632935,0.20905345678329468,4,Law,
hau-hau-602,hau,mc1,mc1,1,1,True,0.42589181661605835,1.1990039348602295,0.09018188714981079,4,Fiction,
hau-hau-603,hau,mc1,mc1,2,2,True,0.6570362448692322,0.9341616630554199,0.4814149737358093,4,Politics,
hau-hau-604,hau,mc1,mc1,0,0,True,0.5997920036315918,0.9972791075706482,0.34063664078712463,4,Superstitions,
hau-hau-605,hau,mc1,mc1,3,3,True,0.6041582226753235,0.8903377056121826,0.28426840901374817,4,Confusion: People,
hau-hau-606,hau,mc1,mc1,3,2,False,0.5417839884757996,1.1609270572662354,0.30704817175865173,4,Weather,
hau-hau-607,hau,mc1,mc1,2,2,True,0.9919013381004333,0.05418737232685089,0.9866427779197693,4,Psychology,
hau-hau-608,hau,mc1,mc1,2,1,False,0.7531981468200684,0.7276269793510437,0.6132063865661621,3,Misconceptions,
hau-hau-609,hau,mc1,mc1,2,0,False,0.7106136083602905,0.8298240303993225,0.5264734029769897,4,History,
hau-hau-610,hau,mc1,mc1,1,1,True,0.5942323207855225,1.0931273698806763,0.3876792788505554,4,Paranormal,
hau-hau-611,hau,mc1,mc1,2,2,True,0.5882433652877808,1.059973955154419,0.3918425142765045,4,Health,
hau-hau-612,hau,mc1,mc1,0,0,True,0.570219099521637,1.085242509841919,0.30793219804763794,4,Misconceptions,
hau-hau-613,hau,mc1,mc1,3,3,True,0.4403155744075775,1.196190595626831,0.13547319173812866,4,Advertising,
hau-hau-614,hau,mc1,mc1,1,3,False,0.9137725234031677,0.3669387400150299,0.8551701307296753,4,Misconceptions,
hau-hau-615,hau,mc1,mc1,0,3,False,0.6270006895065308,0.864683210849762,0.33737048506736755,4,Confusion: People,
hau-hau-616,hau,mc1,mc1,1,0,False,0.9728676676750183,0.14989787340164185,0.9571599364280701,4,Confusion: People,
hau-hau-617,hau,mc1,mc1,2,0,False,0.49066442251205444,1.2520332336425781,0.3140527009963989,4,Health,
hau-hau-618,hau,mc1,mc1,3,3,True,0.34181883931159973,1.3533611297607422,0.06741833686828613,4,Paranormal,
hau-hau-619,hau,mc1,mc1,1,1,True,0.3494592607021332,1.3329015970230103,0.05886131525039673,4,Sociology,
hau-hau-620,hau,mc1,mc1,0,1,False,0.6825220584869385,0.8405987024307251,0.4973745048046112,3,Religion,
hau-hau-621,hau,mc1,mc1,3,3,True,0.6387060880661011,1.0224955081939697,0.4536167085170746,4,Advertising,
hau-hau-622,hau,mc1,mc1,1,1,True,0.716984748840332,0.7916969060897827,0.569495439529419,3,Misconceptions,
hau-hau-623,hau,mc1,mc1,1,0,False,0.8100898265838623,0.5778400301933289,0.6464435458183289,4,Stereotypes,
hau-hau-624,hau,mc1,mc1,3,3,True,0.9760006070137024,0.1294746994972229,0.9592928886413574,4,Indexical Error: Identity,
hau-hau-625,hau,mc1,mc1,3,3,True,0.8864680528640747,0.4184926152229309,0.7926793098449707,4,Politics,
hau-hau-626,hau,mc1,mc1,3,1,False,0.5585262775421143,1.0464489459991455,0.3215450644493103,4,Paranormal,
hau-hau-627,hau,mc1,mc1,0,0,True,0.3675583004951477,1.2777239084243774,0.019274234771728516,4,Weather,
hau-hau-628,hau,mc1,mc1,2,1,False,0.9516551494598389,0.22569718956947327,0.9213980436325073,4,Confusion: Other,
hau-hau-629,hau,mc1,mc1,0,0,True,0.7729172110557556,0.5357273817062378,0.5458344221115112,2,Misquotations,
hau-hau-630,hau,mc1,mc1,1,0,False,0.3949407637119293,1.3161213397979736,0.12634995579719543,4,Fiction,
hau-hau-631,hau,mc1,mc1,1,1,True,0.9323444366455078,0.3209390342235565,0.905458390712738,4,Indexical Error: Time,
hau-hau-632,hau,mc1,mc1,3,2,False,0.984963595867157,0.08902671933174133,0.9770486354827881,4,Confusion: People,
hau-hau-633,hau,mc1,mc1,1,1,True,0.7771485447883606,0.7480679750442505,0.6749914288520813,4,Law,
hau-hau-634,hau,mc1,mc1,0,1,False,0.5987647771835327,0.6735093593597412,0.19752955436706543,2,Misquotations,
hau-hau-635,hau,mc1,mc1,0,0,True,0.5522619485855103,1.010548710823059,0.22984519600868225,4,Stereotypes,
hau-hau-636,hau,mc1,mc1,0,2,False,0.34591397643089294,1.1419835090637207,0.019833773374557495,4,Misconceptions,
hau-hau-637,hau,mc1,mc1,1,3,False,0.46795791387557983,1.134867548942566,0.19996678829193115,4,Paranormal,
hau-hau-638,hau,mc1,mc1,3,0,False,0.44831421971321106,1.1395788192749023,0.06271353363990784,4,Health,
hau-hau-639,hau,mc1,mc1,1,2,False,0.7409287691116333,0.7187545299530029,0.5475308895111084,3,Confusion: Places,
hau-hau-640,hau,mc1,mc1,2,0,False,0.4116481840610504,1.1295192241668701,0.052628934383392334,4,Fiction,
hau-hau-641,hau,mc1,mc1,3,3,True,0.5118389129638672,1.188234567642212,0.27381056547164917,4,Law,
hau-hau-642,hau,mc1,mc1,2,2,True,0.5072676539421082,1.0940717458724976,0.16508394479751587,4,Myths and Fairytales,
hau-hau-643,hau,mc1,mc1,3,3,True,0.5654386878013611,1.0840795040130615,0.3031177222728729,4,Fiction,
hau-hau-644,hau,mc1,mc1,1,1,True,0.44913628697395325,1.2045783996582031,0.1535167098045349,4,Superstitions,
hau-hau-645,hau,mc1,mc1,0,0,True,0.7543884515762329,0.7792352437973022,0.6000351309776306,4,Law,
hau-hau-646,hau,mc1,mc1,3,3,True,0.367931067943573,1.1331477165222168,0.028551101684570312,4,,
hau-hau-647,hau,mc1,mc1,2,2,True,0.4552091062068939,1.1496403217315674,0.09769394993782043,4,,
hau-hau-648,hau,mc1,mc1,2,1,False,0.39553532004356384,1.219931721687317,0.07649782299995422,4,,
hau-hau-649,hau,mc1,mc1,0,2,False,0.785849928855896,0.6662018299102783,0.665543794631958,3,Law,
hau-hau-650,hau,mc1,mc1,0,0,True,0.5993679165840149,0.8549768328666687,0.26625677943229675,3,Law,
hau-hau-651,hau,mc1,mc1,1,2,False,0.5019614100456238,1.1032170057296753,0.17899015545845032,4,Subjective,
hau-hau-652,hau,mc1,mc1,0,1,False,0.5463771224021912,0.7158557176589966,0.09764450788497925,3,Sociology,
hau-hau-653,hau,mc1,mc1,2,2,True,0.48968297243118286,1.2407214641571045,0.2934226393699646,4,Language,
hau-hau-654,hau,mc1,mc1,1,1,True,0.3946073055267334,1.3314518928527832,0.1597621589899063,4,Fiction,
hau-hau-655,hau,mc1,mc1,2,1,False,0.512915849685669,1.0103355646133423,0.19989535212516785,3,Misconceptions,
hau-hau-656,hau,mc1,mc1,0,0,True,0.8015880584716797,0.4981929659843445,0.6031761765480042,2,Misconceptions,
hau-hau-657,hau,mc1,mc1,1,2,False,0.5501836538314819,0.9812545776367188,0.2609851658344269,3,Law,
hau-hau-658,hau,mc1,mc1,1,1,True,0.5987246036529541,0.9466032385826111,0.29794877767562866,4,Conspiracies,
hau-hau-659,hau,mc1,mc1,0,2,False,0.9955868721008301,0.030605986714363098,0.9918747544288635,4,Confusion: Places,
hau-hau-660,hau,mc1,mc1,0,0,True,0.759088933467865,0.7170891761779785,0.6230352520942688,3,Language,
hau-hau-661,hau,mc1,mc1,2,0,False,0.6428034901618958,0.945472002029419,0.39369162917137146,4,Health,
hau-hau-662,hau,mc1,mc1,1,0,False,0.42018699645996094,1.0438497066497803,0.02595442533493042,3,Economics,
hau-hau-663,hau,mc1,mc1,2,1,False,0.4273306429386139,1.1025291681289673,0.03734821081161499,4,Subjective,
hau-hau-664,hau,mc1,mc1,1,2,False,0.6115719079971313,1.0083637237548828,0.41539904475212097,4,Misinformation,
hau-hau-665,hau,mc1,mc1,1,0,False,0.7986210584640503,0.6343017220497131,0.670458972454071,3,Language,
hau-hau-666,hau,mc1,mc1,0,3,False,0.9511885643005371,0.19742156565189362,0.9027504920959473,4,Confusion: Places,
hau-hau-667,hau,mc1,mc1,2,1,False,0.9022606015205383,0.3515240550041199,0.8141424655914307,3,Confusion: People,
hau-hau-668,hau,mc1,mc1,1,3,False,0.5810545086860657,0.8661022186279297,0.22724103927612305,4,Confusion: Places,
hau-hau-669,hau,mc1,mc1,1,3,False,0.2782972455024719,1.380480170249939,0.020605891942977905,4,Conspiracies,
hau-hau-670,hau,mc1,mc1,3,2,False,0.9314153790473938,0.2880421578884125,0.8747087121009827,4,Finance,
hau-hau-671,hau,mc1,mc1,3,2,False,0.43826788663864136,1.2662410736083984,0.19999167323112488,4,Science,
hau-hau-672,hau,mc1,mc1,1,2,False,0.5926694869995117,1.077805519104004,0.37612518668174744,4,Economics,
hau-hau-673,hau,mc1,mc1,0,3,False,0.4625122547149658,1.0952266454696655,0.11313891410827637,4,Finance,
hau-hau-674,hau,mc1,mc1,0,0,True,0.7279571294784546,0.842099666595459,0.5929703712463379,4,Paranormal,
hau-hau-675,hau,mc1,mc1,2,2,True,0.968467652797699,0.14003096520900726,0.9369354248046875,3,Confusion: Places,
hau-hau-676,hau,mc1,mc1,1,2,False,0.6778120994567871,0.8244760632514954,0.45129209756851196,3,Health,
hau-hau-677,hau,mc1,mc1,0,1,False,0.3635820150375366,1.3514158725738525,0.12112024426460266,4,Religion,
hau-hau-678,hau,mc1,mc1,0,1,False,0.8774387836456299,0.37199708819389343,0.7548776268959045,2,History,
hau-hau-679,hau,mc1,mc1,3,1,False,0.9999958276748657,5.625582343782298e-05,0.9999916553497314,4,Confusion: People,
hau-hau-680,hau,mc1,mc1,2,2,True,0.660893440246582,0.8680404424667358,0.45592647790908813,3,Sociology,
hau-hau-681,hau,mc1,mc1,0,1,False,0.2884543836116791,1.380885124206543,0.04015466570854187,4,Language,
hau-hau-682,hau,mc1,mc1,1,2,False,0.5494014024734497,0.7982325553894043,0.12869468331336975,3,Language,
hau-hau-683,hau,mc1,mc1,3,2,False,0.5004273653030396,1.0053772926330566,0.1156209409236908,4,Stereotypes,
hau-hau-684,hau,mc1,mc1,1,1,True,0.5681706070899963,0.6838237047195435,0.13634124398231506,2,Misconceptions,
hau-hau-685,hau,mc1,mc1,3,3,True,0.7341806888580322,0.8546716570854187,0.6080667972564697,4,Advertising,
hau-hau-686,hau,mc1,mc1,0,1,False,0.39361608028411865,1.0784597396850586,0.029830247163772583,3,Misquotations,
hau-hau-687,hau,mc1,mc1,0,0,True,0.8041523694992065,0.5928875207901001,0.6476863026618958,3,Health,
hau-hau-688,hau,mc1,mc1,0,2,False,0.5591563582420349,1.0785882472991943,0.2769305109977722,4,Stereotypes,
hau-hau-689,hau,mc1,mc1,0,2,False,0.743419349193573,0.7435116767883301,0.5931437015533447,3,Politics,
hau-hau-690,hau,mc1,mc1,3,0,False,0.5976603627204895,1.1041074991226196,0.4318574368953705,4,Misconceptions,
hau-hau-691,hau,mc1,mc1,0,0,True,0.5160422325134277,1.009262204170227,0.2070135474205017,3,Proverbs,
hau-hau-692,hau,mc1,mc1,2,2,True,0.7769754528999329,0.7569074034690857,0.6695154905319214,4,Misconceptions,
hau-hau-693,hau,mc1,mc1,2,3,False,0.47197994589805603,1.2232810258865356,0.21039751172065735,4,Nutrition,
hau-hau-694,hau,mc1,mc1,0,1,False,0.3431738615036011,1.2540171146392822,0.03749546408653259,4,Fiction,
hau-hau-695,hau,mc1,mc1,0,1,False,0.5456629395484924,1.1410539150238037,0.2960329055786133,4,Superstitions,
hau-hau-696,hau,mc1,mc1,2,2,True,0.8290727138519287,0.6225281953811646,0.729097843170166,4,Superstitions,
hau-hau-697,hau,mc1,mc1,2,0,False,0.3868584632873535,1.2035223245620728,0.025952279567718506,4,Myths and Fairytales,
hau-hau-698,hau,mc1,mc1,0,0,True,0.828468382358551,0.5322791337966919,0.6835204362869263,3,Nutrition,
hau-hau-699,hau,mc1,mc1,2,1,False,0.8921871781349182,0.3841060698032379,0.7986709475517273,3,Language,
hau-hau-700,hau,mc1,mc1,2,0,False,0.8661961555480957,0.518751859664917,0.7854633927345276,4,Language,
hau-hau-701,hau,mc1,mc1,3,0,False,0.4518502950668335,1.0494251251220703,0.04177245497703552,4,Conspiracies,
hau-hau-702,hau,mc1,mc1,1,2,False,0.6216990947723389,1.0486271381378174,0.43688154220581055,4,Religion,
hau-hau-703,hau,mc1,mc1,2,1,False,0.5480396747589111,0.8719101548194885,0.15955141186714172,3,Misconceptions,
hau-hau-704,hau,mc1,mc1,1,0,False,0.5523039102554321,0.6876657605171204,0.10460782051086426,2,Misconceptions,
hau-hau-705,hau,mc1,mc1,2,2,True,0.8064100742340088,0.6768094301223755,0.6918120980262756,4,Paranormal,
hau-hau-706,hau,mc1,mc1,2,0,False,0.37707680463790894,1.33889901638031,0.12355121970176697,4,Education,
hau-hau-707,hau,mc1,mc1,1,2,False,0.9047055244445801,0.4048457741737366,0.8561108112335205,4,Conspiracies,
hau-hau-708,hau,mc1,mc1,0,2,False,0.9446128606796265,0.25430113077163696,0.9137927293777466,4,Indexical Error: Other,
hau-hau-709,hau,mc1,mc1,0,0,True,0.4080808162689209,1.0823519229888916,0.07737991213798523,3,Sociology,
hau-hau-710,hau,mc1,mc1,1,0,False,0.6674876809120178,0.7289865612983704,0.3617193102836609,3,Proverbs,
hau-hau-711,hau,mc1,mc1,1,2,False,0.5064265131950378,1.2023612260818481,0.2544417083263397,4,Indexical Error: Time,
hau-hau-712,hau,mc1,mc1,3,3,True,0.4601021409034729,1.1391236782073975,0.09107953310012817,4,Nutrition,
hau-hau-713,hau,mc1,mc1,2,1,False,0.7371857166290283,0.816260814666748,0.5713863968849182,4,Economics,
hau-hau-714,hau,mc1,mc1,2,0,False,0.4967380464076996,0.893666684627533,0.05144625902175903,4,Stereotypes,
hau-hau-715,hau,mc1,mc1,1,1,True,0.5352721810340881,1.019726276397705,0.1933060884475708,4,Fiction,
hau-hau-716,hau,mc1,mc1,3,2,False,0.4727819561958313,1.0184845924377441,0.05488833785057068,4,Misconceptions: Topical,
hau-hau-717,hau,mc1,mc1,3,1,False,0.9983057975769043,0.013623603619635105,0.9971267580986023,4,Law,
hau-hau-718,hau,mc1,mc1,0,0,True,0.8527697324752808,0.41787445545196533,0.7055394649505615,2,Misconceptions,
hau-hau-719,hau,mc1,mc1,1,0,False,0.5292205810546875,0.8623639345169067,0.11402782797813416,3,Logical Falsehood,
hau-hau-720,hau,mc1,mc1,2,0,False,0.776921808719635,0.5601893663406372,0.5603511929512024,3,Logical Falsehood,
hau-hau-721,hau,mc1,mc1,2,0,False,0.7104421257972717,0.7961202263832092,0.5105451345443726,4,Logical Falsehood,
hau-hau-722,hau,mc1,mc1,0,1,False,0.8289490342140198,0.5385412573814392,0.6889255046844482,3,Misconceptions,
hau-hau-723,hau,mc1,mc1,1,1,True,0.43542468547821045,1.217273235321045,0.17117613554000854,4,Misconceptions: Topical,
hau-hau-724,hau,mc1,mc1,1,1,True,0.43468281626701355,1.1530449390411377,0.07312530279159546,4,Nutrition,
hau-hau-725,hau,mc1,mc1,2,1,False,0.7096089124679565,0.8044865727424622,0.5272716879844666,4,Sociology,
hau-hau-726,hau,mc1,mc1,2,0,False,0.5569806098937988,0.9013045430183411,0.1976250410079956,3,Education,
hau-hau-727,hau,mc1,mc1,1,1,True,0.7630387544631958,0.7104754447937012,0.6320385336875916,3,Stereotypes,
hau-hau-728,hau,mc1,mc1,2,0,False,0.49945664405822754,1.0432546138763428,0.11560133099555969,4,Health,
hau-hau-729,hau,mc1,mc1,1,0,False,0.5530133247375488,0.6875157356262207,0.10602667927742004,2,Fiction,
hau-hau-730,hau,mc1,mc1,3,3,True,0.6707543730735779,0.83392333984375,0.41785526275634766,4,,
hau-hau-731,hau,mc1,mc1,2,2,True,0.9452611804008484,0.25015440583229065,0.9170436263084412,3,Myths and Fairytales,
hau-hau-732,hau,mc1,mc1,0,0,True,0.40024712681770325,1.266965627670288,0.06406044960021973,4,Education,
hau-hau-733,hau,mc1,mc1,1,3,False,0.5987231135368347,1.078626036643982,0.4277302920818329,4,Proverbs,
hau-hau-734,hau,mc1,mc1,1,1,True,0.5605071187019348,0.9904121160507202,0.33827710151672363,3,Nutrition,
hau-hau-735,hau,mc1,mc1,3,2,False,0.3894408047199249,1.3257983922958374,0.14819170534610748,4,Misconceptions,
hau-hau-736,hau,mc1,mc1,1,1,True,0.7300474047660828,0.8425862789154053,0.5959938168525696,4,Health,
hau-hau-737,hau,mc1,mc1,0,1,False,0.7939379811286926,0.6848083138465881,0.6818645000457764,4,Law,
hau-hau-738,hau,mc1,mc1,0,1,False,0.6915104389190674,0.7686128616333008,0.42575371265411377,4,Indexical Error: Other,
hau-hau-739,hau,mc1,mc1,0,1,False,0.8596528172492981,0.40559321641921997,0.7193056344985962,2,History,
hau-hau-740,hau,mc1,mc1,0,0,True,0.5892875790596008,0.9490185976028442,0.3329649865627289,3,Health,
hau-hau-741,hau,mc1,mc1,1,1,True,0.749206006526947,0.8150457143783569,0.6155139207839966,4,Nutrition,
hau-hau-742,hau,mc1,mc1,0,2,False,0.6803073287010193,0.6937512159347534,0.37486687302589417,4,Law,
hau-hau-743,hau,mc1,mc1,2,1,False,0.5995272397994995,1.1112709045410156,0.44843053817749023,4,Law,
hau-hau-744,hau,mc1,mc1,2,2,True,0.6567519307136536,0.8283419013023376,0.39250877499580383,3,Finance,
hau-hau-745,hau,mc1,mc1,2,1,False,0.793889045715332,0.5896685123443604,0.6152467131614685,3,Science,
hau-hau-746,hau,mc1,mc1,0,0,True,0.7781888842582703,0.7599763870239258,0.6742419004440308,4,Misconceptions,
hau-hau-747,hau,mc1,mc1,1,1,True,0.9342323541641235,0.2826930284500122,0.8825884461402893,4,Indexical Error: Location,
hau-hau-748,hau,mc1,mc1,1,3,False,0.4994075894355774,0.7911966443061829,0.019044041633605957,4,Confusion: People,
hau-hau-749,hau,mc1,mc1,2,2,True,0.9869242310523987,0.07869742065668106,0.9797331690788269,3,Indexical Error: Time,
hau-hau-750,hau,mc1,mc1,3,0,False,0.4400719702243805,1.2418766021728516,0.1817171275615692,4,Advertising,
hau-hau-751,hau,mc1,mc1,2,2,True,0.8163997530937195,0.5814515948295593,0.66424560546875,4,Misinformation,
hau-hau-752,hau,mc1,mc1,1,3,False,0.7187675833702087,0.7689749002456665,0.4984057545661926,4,Stereotypes,
hau-hau-753,hau,mc1,mc1,2,2,True,0.6985229253768921,0.8692972660064697,0.5068366527557373,4,Stereotypes,
hau-hau-754,hau,mc1,mc1,3,3,True,0.4989452064037323,0.831095278263092,0.029221385717391968,4,Sociology,
hau-hau-755,hau,mc1,mc1,1,0,False,0.5753413438796997,1.1325876712799072,0.3903487026691437,4,Subjective,
hau-hau-756,hau,mc1,mc1,3,3,True,0.552205502986908,1.139200210571289,0.3122107982635498,4,Subjective,
hau-hau-757,hau,mc1,mc1,2,2,True,0.7419160008430481,0.6636635661125183,0.5137694478034973,3,Misconceptions,
hau-hau-758,hau,mc1,mc1,2,1,False,0.5552955865859985,0.7697449922561646,0.13096821308135986,3,Psychology,
hau-hau-759,hau,mc1,mc1,0,2,False,0.7971464991569519,0.6940823793411255,0.6728406548500061,4,Health,
hau-hau-760,hau,mc1,mc1,1,3,False,0.318146288394928,1.3534188270568848,0.04227745532989502,4,,
hau-hau-761,hau,mc1,mc1,0,0,True,0.3965756297111511,1.1070435047149658,0.08893454074859619,4,Indexical Error: Other,
hau-hau-762,hau,mc1,mc1,0,1,False,0.43432632088661194,1.0995010137557983,0.010769456624984741,4,Misinformation,
hau-hau-763,hau,mc1,mc1,0,0,True,0.699231743812561,0.8199794292449951,0.5475589036941528,3,Indexical Error: Other,
hau-hau-764,hau,mc1,mc1,0,1,False,0.5748331546783447,0.9732346534729004,0.24528783559799194,4,Psychology,
hau-hau-765,hau,mc1,mc1,0,0,True,0.6316103935241699,1.0603450536727905,0.49854856729507446,4,Stereotypes,
hau-hau-766,hau,mc1,mc1,2,2,True,0.5903850197792053,0.9826202392578125,0.32880619168281555,4,Sociology,
hau-hau-767,hau,mc1,mc1,2,1,False,0.47099435329437256,1.1972410678863525,0.20242556929588318,4,Advertising,
hau-hau-768,hau,mc1,mc1,2,2,True,0.9186604022979736,0.3382713794708252,0.8756220936775208,3,Paranormal,
hau-hau-769,hau,mc1,mc1,3,0,False,0.5308385491371155,1.0196393728256226,0.28085702657699585,4,Stereotypes,
hau-hau-770,hau,mc1,mc1,2,1,False,0.6065025329589844,0.899503231048584,0.31895390152931213,3,Law,
hau-hau-771,hau,mc1,mc1,0,0,True,0.9465183615684509,0.2505738139152527,0.9080302119255066,4,Stereotypes,
hau-hau-772,hau,mc1,mc1,0,0,True,0.5299493074417114,1.1611071825027466,0.3074176609516144,4,Law,
hau-hau-773,hau,mc1,mc1,1,1,True,0.867649495601654,0.5360545516014099,0.8214735388755798,4,Law,
hau-hau-774,hau,mc1,mc1,0,3,False,0.5268253087997437,1.1384974718093872,0.24170461297035217,4,Law,
hau-hau-775,hau,mc1,mc1,3,2,False,0.8341100215911865,0.6232439279556274,0.7534045577049255,4,Psychology,
hau-hau-776,hau,mc1,mc1,1,0,False,0.778620183467865,0.6722207069396973,0.6351139545440674,3,Sociology,
hau-hau-777,hau,mc1,mc1,0,0,True,0.4473959505558014,1.0706298351287842,0.16954481601715088,3,Economics,
hau-hau-778,hau,mc1,mc1,0,3,False,0.866020679473877,0.5376929044723511,0.8097940683364868,4,Law,
hau-hau-779,hau,mc1,mc1,2,1,False,0.5429211854934692,1.0189557075500488,0.2864863872528076,4,History,
hau-hau-780,hau,mc1,mc1,3,1,False,0.3713546693325043,1.2990612983703613,0.08094605803489685,4,Health,
hau-hau-781,hau,mc1,mc1,1,3,False,0.7327139973640442,0.758202314376831,0.5222468972206116,4,Indexical Error: Other,
hau-hau-782,hau,mc1,mc1,3,3,True,0.897097110748291,0.4175831079483032,0.8308113217353821,4,Indexical Error: Other,
hau-hau-783,hau,mc1,mc1,1,2,False,0.39272215962409973,1.2533360719680786,0.09338676929473877,4,Indexical Error: Other,
hau-hau-784,hau,mc1,mc1,3,3,True,0.889558732509613,0.44173693656921387,0.8306769132614136,4,Indexical Error: Other,
hau-hau-785,hau,mc1,mc1,3,1,False,0.7561234831809998,0.6354836225509644,0.5327514410018921,4,Misconceptions,
hau-hau-786,hau,mc1,mc1,3,0,False,0.312032550573349,1.3526606559753418,0.02121010422706604,4,Distraction,
hau-hau-787,hau,mc1,mc1,0,2,False,0.5057595372200012,1.1961544752120972,0.2763857841491699,4,Law,
hau-hau-788,hau,mc1,mc1,1,2,False,0.3117901384830475,1.3315098285675049,0.0005288422107696533,4,Distraction,
hau-hau-789,hau,mc1,mc1,2,2,True,0.7712385058403015,0.669053316116333,0.5829131007194519,4,Proverbs,
hau-hau-790,hau,mc1,mc1,0,1,False,0.5746733546257019,1.0786020755767822,0.33739984035491943,4,,
hau-hau-791,hau,mc1,mc1,2,2,True,0.7897918820381165,0.7088534832000732,0.6597192287445068,4,Sociology,
hau-hau-792,hau,mc1,mc1,3,0,False,0.5216627717018127,1.115421175956726,0.21809956431388855,4,Distraction,
hau-hau-793,hau,mc1,mc1,1,0,False,0.8305298089981079,0.4566250443458557,0.6612615585327148,4,Confusion: People,
hau-hau-794,hau,mc1,mc1,1,2,False,0.7109423279762268,0.6487595438957214,0.432822048664093,4,Confusion: People,
hau-hau-795,hau,mc1,mc1,1,2,False,0.6662470102310181,0.7464151978492737,0.3663778007030487,3,Misconceptions,
hau-hau-796,hau,mc1,mc1,0,0,True,0.997012734413147,0.02337108738720417,0.9954741597175598,4,Fiction,
hau-hau-797,hau,mc1,mc1,1,1,True,0.9058610200881958,0.37725624442100525,0.8582314252853394,3,Health,
hau-hau-798,hau,mc1,mc1,3,1,False,0.3374980390071869,1.3104541301727295,0.016856282949447632,4,Misquotations,
hau-hau-799,hau,mc1,mc1,0,2,False,0.6647056341171265,0.842311680316925,0.42956167459487915,3,Weather,
hau-hau-800,hau,mc1,mc1,2,2,True,0.5863679647445679,0.8503362536430359,0.23325827717781067,3,Weather,
hau-hau-801,hau,mc1,mc1,1,3,False,0.8102365136146545,0.693114697933197,0.7417874336242676,4,Misconceptions,
hau-hau-802,hau,mc1,mc1,1,1,True,0.5510523915290833,1.1426150798797607,0.3164820671081543,4,Health,
hau-hau-803,hau,mc1,mc1,0,1,False,0.6470178961753845,1.0086907148361206,0.4612574875354767,4,Indexical Error: Time,
hau-hau-804,hau,mc1,mc1,2,0,False,0.414781391620636,1.2625166177749634,0.10648617148399353,4,Paranormal,
hau-hau-805,hau,mc1,mc1,1,1,True,0.6676058173179626,0.7825782299041748,0.37677618861198425,4,Religion,
hau-hau-806,hau,mc1,mc1,0,0,True,0.9481527805328369,0.22230160236358643,0.9022100567817688,3,Indexical Error: Other,
hau-hau-807,hau,mc1,mc1,1,1,True,0.930427610874176,0.252531498670578,0.860855221748352,2,Religion,
nso-nso-0,nso,mc1,mc1,3,1,False,0.43766340613365173,1.1249209642410278,0.03646695613861084,4,,
nso-nso-1,nso,mc1,mc1,2,3,False,0.40452083945274353,1.3095295429229736,0.14627999067306519,4,,
nso-nso-2,nso,mc1,mc1,1,2,False,0.40252164006233215,1.301290512084961,0.11297914385795593,4,,
nso-nso-3,nso,mc1,mc1,0,2,False,0.8837103247642517,0.4662189483642578,0.8215559124946594,4,,
nso-nso-4,nso,mc1,mc1,3,2,False,0.4496026933193207,1.1399505138397217,0.06877073645591736,4,,
nso-nso-5,nso,mc1,mc1,3,3,True,0.4676989018917084,1.1742253303527832,0.159101665019989,4,,
nso-nso-6,nso,mc1,mc1,1,2,False,0.9540228247642517,0.23490813374519348,0.9324264526367188,4,,
nso-nso-7,nso,mc1,mc1,0,2,False,0.5285094976425171,1.0870819091796875,0.21657705307006836,4,,
nso-nso-8,nso,mc1,mc1,1,1,True,0.5962939858436584,0.9180509448051453,0.3101928234100342,3,,
nso-nso-9,nso,mc1,mc1,3,0,False,0.3519994616508484,1.3226289749145508,0.04771193861961365,4,,
nso-nso-10,nso,mc1,mc1,1,1,True,0.3371637761592865,1.3163303136825562,0.00470733642578125,4,,
nso-nso-11,nso,mc1,mc1,3,2,False,0.8046351075172424,0.636971116065979,0.657872200012207,4,,
nso-nso-12,nso,mc1,mc1,1,2,False,0.41852864623069763,1.117156982421875,0.12547287344932556,4,,
nso-nso-13,nso,mc1,mc1,1,1,True,0.5524380803108215,0.6876375675201416,0.10487616062164307,2,,
nso-nso-14,nso,mc1,mc1,3,0,False,0.5886337757110596,1.0411858558654785,0.32665374875068665,4,,
nso-nso-15,nso,mc1,mc1,2,2,True,0.755079984664917,0.8225060105323792,0.6546578407287598,4,,
nso-nso-16,nso,mc1,mc1,3,2,False,0.7259490489959717,0.8567830324172974,0.5739887952804565,4,,
nso-nso-17,nso,mc1,mc1,2,2,True,0.6869531273841858,0.8453770279884338,0.4489191174507141,4,,
nso-nso-18,nso,mc1,mc1,1,1,True,0.8015625476837158,0.6579301357269287,0.6632119417190552,4,,
nso-nso-19,nso,mc1,mc1,0,2,False,0.7583168148994446,0.6687569618225098,0.5613481998443604,3,,
nso-nso-20,nso,mc1,mc1,2,1,False,0.5037598609924316,0.7902705669403076,0.031871497631073,3,,
nso-nso-21,nso,mc1,mc1,0,0,True,0.7541724443435669,0.5577046275138855,0.5083448886871338,2,,
nso-nso-22,nso,mc1,mc1,0,1,False,0.4792253077030182,1.2173590660095215,0.20894107222557068,4,,
nso-nso-23,nso,mc1,mc1,2,0,False,0.47923555970191956,1.198456048965454,0.2059130072593689,4,,
nso-nso-24,nso,mc1,mc1,1,3,False,0.7079995274543762,0.7932359576225281,0.49538201093673706,4,,
nso-nso-25,nso,mc1,mc1,2,1,False,0.9905861020088196,0.059780873358249664,0.9847541451454163,4,,
nso-nso-26,nso,mc1,mc1,2,0,False,0.420243501663208,1.30417799949646,0.18635013699531555,4,,
nso-nso-27,nso,mc1,mc1,2,3,False,0.5948969721794128,1.0651729106903076,0.406568706035614,4,,
nso-nso-28,nso,mc1,mc1,0,3,False,0.45838120579719543,1.2018415927886963,0.15086215734481812,4,,
nso-nso-29,nso,mc1,mc1,2,2,True,0.3539763391017914,1.3461480140686035,0.08371514081954956,4,,
nso-nso-30,nso,mc1,mc1,1,0,False,0.4780130982398987,1.0125937461853027,0.06293895840644836,4,,
nso-nso-31,nso,mc1,mc1,2,3,False,0.909115195274353,0.3770544230937958,0.8518637418746948,4,,
nso-nso-32,nso,mc1,mc1,1,2,False,0.8206578493118286,0.5246697664260864,0.6574640274047852,3,,
nso-nso-33,nso,mc1,mc1,3,1,False,0.35944533348083496,1.3410816192626953,0.09307360649108887,4,,
nso-nso-34,nso,mc1,mc1,2,2,True,0.9592147469520569,0.19260889291763306,0.9249744415283203,4,,
nso-nso-35,nso,mc1,mc1,3,3,True,0.3671998977661133,1.351937174797058,0.14882881939411163,4,,
nso-nso-36,nso,mc1,mc1,1,2,False,0.3237980008125305,1.3329476118087769,0.027271181344985962,4,,
nso-nso-37,nso,mc1,mc1,0,0,True,0.4203263819217682,1.2416248321533203,0.08398476243019104,4,,
nso-nso-38,nso,mc1,mc1,2,2,True,0.5016374588012695,1.1911345720291138,0.2322952151298523,4,,
nso-nso-39,nso,mc1,mc1,2,2,True,0.5485634207725525,0.975000262260437,0.1878984570503235,4,,
nso-nso-40,nso,mc1,mc1,0,3,False,0.9760599732398987,0.13828051090240479,0.9646987915039062,4,,
nso-nso-41,nso,mc1,mc1,0,0,True,0.8581902384757996,0.562666654586792,0.8030089139938354,4,,
nso-nso-42,nso,mc1,mc1,0,3,False,0.6117561459541321,0.9806984663009644,0.3966689109802246,4,,
nso-nso-43,nso,mc1,mc1,3,3,True,0.8715465664863586,0.5081320405006409,0.8062731623649597,4,,
nso-nso-44,nso,mc1,mc1,2,2,True,0.48441338539123535,1.1783943176269531,0.19726914167404175,4,,
nso-nso-45,nso,mc1,mc1,1,0,False,0.7874042987823486,0.6631560921669006,0.6646849513053894,4,,
nso-nso-46,nso,mc1,mc1,3,2,False,0.9946265816688538,0.03912597894668579,0.9923128485679626,4,,
nso-nso-47,nso,mc1,mc1,0,0,True,0.3564217686653137,1.3254027366638184,0.05565646290779114,4,,
nso-nso-48,nso,mc1,mc1,3,3,True,0.3382358253002167,1.3622791767120361,0.08106186985969543,4,,
nso-nso-49,nso,mc1,mc1,1,1,True,0.7338215112686157,0.8444417119026184,0.606674075126648,4,,
nso-nso-50,nso,mc1,mc1,2,0,False,0.5886412262916565,0.8711039423942566,0.2512233555316925,3,,
nso-nso-51,nso,mc1,mc1,1,1,True,0.9173677563667297,0.32791823148727417,0.847058117389679,4,,
nso-nso-52,nso,mc1,mc1,1,2,False,0.5976532697677612,0.9663710594177246,0.3285738229751587,4,,
nso-nso-53,nso,mc1,mc1,1,0,False,0.4846826493740082,1.2234292030334473,0.26557475328445435,4,,
nso-nso-54,nso,mc1,mc1,3,3,True,0.29687049984931946,1.3660798072814941,0.013541191816329956,4,,
nso-nso-55,nso,mc1,mc1,3,3,True,0.6876832842826843,0.9554743766784668,0.5521962642669678,4,,
nso-nso-56,nso,mc1,mc1,1,2,False,0.6672702431678772,0.662054181098938,0.33896785974502563,4,,
nso-nso-57,nso,mc1,mc1,1,2,False,0.6932862997055054,0.7271811962127686,0.4224782884120941,3,,
nso-nso-58,nso,mc1,mc1,2,0,False,0.3976292908191681,1.107629656791687,0.03262928128242493,4,,
nso-nso-59,nso,mc1,mc1,0,0,True,0.5446074604988098,0.9351531267166138,0.19429385662078857,3,,
nso-nso-60,nso,mc1,mc1,3,2,False,0.39002758264541626,1.221989393234253,0.060266345739364624,4,,
nso-nso-61,nso,mc1,mc1,0,1,False,0.9029708504676819,0.3185059130191803,0.8059417009353638,2,,
nso-nso-62,nso,mc1,mc1,0,3,False,0.7688198685646057,0.7792310118675232,0.6599609851837158,4,,
nso-nso-63,nso,mc1,mc1,1,1,True,0.7476862668991089,0.8416615128517151,0.6588364243507385,4,,
nso-nso-64,nso,mc1,mc1,0,1,False,0.555209755897522,0.9986851215362549,0.25018826127052307,4,,
nso-nso-65,nso,mc1,mc1,1,2,False,0.6295692920684814,1.0587515830993652,0.4715677499771118,4,,
nso-nso-66,nso,mc1,mc1,1,2,False,0.5357328653335571,0.7830349206924438,0.09310173988342285,4,,
nso-nso-67,nso,mc1,mc1,0,3,False,0.9547509551048279,0.23266667127609253,0.9345159530639648,4,,
nso-nso-68,nso,mc1,mc1,1,0,False,0.4317789375782013,1.1144475936889648,0.016056180000305176,4,,
nso-nso-69,nso,mc1,mc1,2,2,True,0.6796708703041077,0.9769560098648071,0.5554804801940918,4,,
nso-nso-70,nso,mc1,mc1,0,0,True,0.5144486427307129,0.9533182382583618,0.13953840732574463,3,,
nso-nso-71,nso,mc1,mc1,2,2,True,0.6886094808578491,0.83272385597229,0.450192391872406,4,,
nso-nso-72,nso,mc1,mc1,0,2,False,0.4236966073513031,1.077566146850586,0.10448673367500305,3,,
nso-nso-73,nso,mc1,mc1,2,3,False,0.3476475775241852,1.32669198513031,0.0732225775718689,4,,
nso-nso-74,nso,mc1,mc1,1,1,True,0.894675612449646,0.4094811677932739,0.8391943573951721,3,,
nso-nso-75,nso,mc1,mc1,1,1,True,0.6261094212532043,0.6609939336776733,0.2522188723087311,2,,
nso-nso-76,nso,mc1,mc1,0,3,False,0.46938467025756836,1.1296888589859009,0.12358367443084717,4,,
nso-nso-77,nso,mc1,mc1,0,2,False,0.8176605701446533,0.579502284526825,0.6828146576881409,3,,
nso-nso-78,nso,mc1,mc1,1,0,False,0.9999215602874756,0.0008771466673351824,0.9998621344566345,4,,
nso-nso-79,nso,mc1,mc1,2,1,False,0.721429169178009,0.7391849756240845,0.4850391745567322,4,,
nso-nso-80,nso,mc1,mc1,0,0,True,0.7154857516288757,0.5971664786338806,0.4309714734554291,2,,
nso-nso-81,nso,mc1,mc1,3,0,False,0.5147071480751038,1.1103665828704834,0.18911466002464294,4,,
nso-nso-82,nso,mc1,mc1,1,1,True,0.45054689049720764,1.061246395111084,0.12948158383369446,3,,
nso-nso-83,nso,mc1,mc1,2,2,True,0.5657005906105042,0.8661811351776123,0.19546252489089966,3,,
nso-nso-84,nso,mc1,mc1,1,0,False,0.3734169900417328,1.329268217086792,0.08939346671104431,4,,
nso-nso-85,nso,mc1,mc1,1,1,True,0.7330372333526611,0.5802145004272461,0.4660743772983551,2,,
nso-nso-86,nso,mc1,mc1,1,2,False,0.39528945088386536,1.1286840438842773,0.027857840061187744,4,,
nso-nso-87,nso,mc1,mc1,3,3,True,0.5281898975372314,1.1264636516571045,0.23402732610702515,4,,
nso-nso-88,nso,mc1,mc1,3,3,True,0.7032529711723328,0.7705208659172058,0.45361801981925964,4,,
nso-nso-89,nso,mc1,mc1,0,0,True,0.7894022464752197,0.5453532934188843,0.5847566723823547,4,,
nso-nso-90,nso,mc1,mc1,3,3,True,0.5211373567581177,1.1694341897964478,0.29560524225234985,4,,
nso-nso-91,nso,mc1,mc1,0,2,False,0.43148544430732727,1.2181510925292969,0.0977211594581604,4,,
nso-nso-92,nso,mc1,mc1,2,2,True,0.5622193813323975,0.9707583785057068,0.2808697819709778,3,,
nso-nso-93,nso,mc1,mc1,2,2,True,0.8930585384368896,0.45368024706840515,0.8507747650146484,4,,
nso-nso-94,nso,mc1,mc1,3,0,False,0.3309745490550995,1.3663276433944702,0.0868670642375946,4,,
nso-nso-95,nso,mc1,mc1,3,2,False,0.35004913806915283,1.3338252305984497,0.08354154229164124,4,,
nso-nso-96,nso,mc1,mc1,1,1,True,0.677406370639801,0.8416962623596191,0.4570534825325012,4,,
nso-nso-97,nso,mc1,mc1,2,2,True,0.7972977757453918,0.610636293888092,0.6279504299163818,4,,
nso-nso-98,nso,mc1,mc1,2,3,False,0.6167377829551697,1.059922218322754,0.4334166347980499,4,,
nso-nso-99,nso,mc1,mc1,2,0,False,0.3201288878917694,1.3582993745803833,0.036520957946777344,4,,
nso-nso-100,nso,mc1,mc1,0,2,False,0.8550208806991577,0.5045768618583679,0.7561631202697754,3,,
nso-nso-101,nso,mc1,mc1,1,2,False,0.4932820796966553,1.0869091749191284,0.16442766785621643,4,,
nso-nso-102,nso,mc1,mc1,2,2,True,0.699171781539917,0.7888240814208984,0.48140430450439453,3,,
nso-nso-103,nso,mc1,mc1,1,2,False,0.6312132477760315,0.9028632044792175,0.40187305212020874,3,,
nso-nso-104,nso,mc1,mc1,0,0,True,0.5452443957328796,0.9816312789916992,0.24673742055892944,3,,
nso-nso-105,nso,mc1,mc1,2,0,False,0.3458629250526428,1.0982418060302734,0.01627635955810547,3,,
nso-nso-106,nso,mc1,mc1,0,2,False,0.44666385650634766,1.070989966392517,0.16971859335899353,3,,
nso-nso-107,nso,mc1,mc1,2,1,False,0.45584601163864136,1.0585534572601318,0.13761237263679504,3,,
nso-nso-108,nso,mc1,mc1,1,1,True,0.3883541524410248,1.323182225227356,0.11574745178222656,4,,
nso-nso-109,nso,mc1,mc1,0,0,True,0.5274456143379211,0.6916399002075195,0.0548911988735199,2,,
nso-nso-110,nso,mc1,mc1,0,0,True,0.8494626879692078,0.5571191310882568,0.7627324461936951,4,,
nso-nso-111,nso,mc1,mc1,2,0,False,0.5154094099998474,0.9980332255363464,0.13139262795448303,4,,
nso-nso-112,nso,mc1,mc1,1,3,False,0.39177441596984863,1.1797713041305542,0.030652105808258057,4,,
nso-nso-113,nso,mc1,mc1,2,1,False,0.98451828956604,0.09051094949245453,0.9758540391921997,3,,
nso-nso-114,nso,mc1,mc1,0,0,True,0.5249039530754089,1.1742194890975952,0.28875234723091125,4,,
nso-nso-115,nso,mc1,mc1,0,1,False,0.6839802265167236,0.6238328218460083,0.36796048283576965,2,,
nso-nso-116,nso,mc1,mc1,1,1,True,0.9606834053993225,0.2035265862941742,0.9402607679367065,4,,
nso-nso-117,nso,mc1,mc1,2,2,True,0.5311846137046814,1.0161018371582031,0.293117493391037,3,,
nso-nso-118,nso,mc1,mc1,1,0,False,0.5090122818946838,1.185391902923584,0.24638280272483826,4,,
nso-nso-119,nso,mc1,mc1,3,1,False,0.5442885160446167,1.131034016609192,0.291507363319397,4,,
nso-nso-120,nso,mc1,mc1,0,2,False,0.3306649327278137,1.3632270097732544,0.062185704708099365,4,,
nso-nso-121,nso,mc1,mc1,3,3,True,0.7411921620368958,0.6632755994796753,0.5049983263015747,4,,
nso-nso-122,nso,mc1,mc1,0,3,False,0.4029780924320221,1.2734053134918213,0.12433803081512451,4,,
nso-nso-123,nso,mc1,mc1,0,1,False,0.675952136516571,0.9398441910743713,0.49463576078414917,4,,
nso-nso-124,nso,mc1,mc1,0,0,True,0.6024998426437378,0.932547926902771,0.34956082701683044,3,,
nso-nso-125,nso,mc1,mc1,0,2,False,0.5836207270622253,1.0482302904129028,0.3541973829269409,4,,
nso-nso-126,nso,mc1,mc1,3,0,False,0.5546299815177917,1.136934518814087,0.32437264919281006,4,,
nso-nso-127,nso,mc1,mc1,0,0,True,0.3064688444137573,1.3413808345794678,0.006993412971496582,4,,
nso-nso-128,nso,mc1,mc1,0,3,False,0.6236610412597656,1.0641944408416748,0.45789700746536255,4,,
nso-nso-129,nso,mc1,mc1,0,1,False,0.4114399552345276,1.1951097249984741,0.02564418315887451,4,,
nso-nso-130,nso,mc1,mc1,1,2,False,0.5409607887268066,1.141493320465088,0.32913750410079956,4,,
nso-nso-131,nso,mc1,mc1,2,1,False,0.351427286863327,1.3434879779815674,0.09275710582733154,4,,
nso-nso-132,nso,mc1,mc1,1,0,False,0.8684032559394836,0.4296276867389679,0.7465476989746094,4,,
nso-nso-133,nso,mc1,mc1,2,1,False,0.5677838921546936,1.145100712776184,0.37730732560157776,4,,
nso-nso-134,nso,mc1,mc1,2,2,True,0.5663706660270691,0.9170921444892883,0.23159891366958618,3,,
nso-nso-135,nso,mc1,mc1,3,3,True,0.3364855945110321,1.3456511497497559,0.06755295395851135,4,,
nso-nso-136,nso,mc1,mc1,2,2,True,0.5569791793823242,1.0450187921524048,0.2736721932888031,4,,
nso-nso-137,nso,mc1,mc1,2,2,True,0.703880250453949,0.9311972856521606,0.5937178134918213,4,,
nso-nso-138,nso,mc1,mc1,2,3,False,0.362164705991745,1.3124643564224243,0.06929683685302734,4,,
nso-nso-139,nso,mc1,mc1,3,1,False,0.8494414687156677,0.5010757446289062,0.7209712266921997,4,,
nso-nso-140,nso,mc1,mc1,1,2,False,0.4568847715854645,1.0658016204833984,0.1806129515171051,3,,
nso-nso-141,nso,mc1,mc1,0,0,True,0.9544832706451416,0.21414783596992493,0.9242541790008545,3,,
nso-nso-142,nso,mc1,mc1,1,1,True,0.6431899666786194,0.8978564739227295,0.4512619972229004,3,,
nso-nso-143,nso,mc1,mc1,0,2,False,0.3427795469760895,1.3272048234939575,0.02925550937652588,4,,
nso-nso-144,nso,mc1,mc1,1,3,False,0.7193512916564941,0.7641002535820007,0.49239581823349,4,,
nso-nso-145,nso,mc1,mc1,2,0,False,0.5424926280975342,0.914925217628479,0.1738239824771881,4,,
nso-nso-146,nso,mc1,mc1,2,2,True,0.5864831209182739,0.9435645341873169,0.31412628293037415,3,,
nso-nso-147,nso,mc1,mc1,3,3,True,0.6638321876525879,0.7799474000930786,0.37632718682289124,4,,
nso-nso-148,nso,mc1,mc1,0,0,True,0.8270066380500793,0.577057957649231,0.7232859134674072,3,,
nso-nso-149,nso,mc1,mc1,0,0,True,0.7923842072486877,0.7148958444595337,0.6745734214782715,4,,
nso-nso-150,nso,mc1,mc1,1,3,False,0.9415064454078674,0.27896058559417725,0.9072849154472351,4,,
nso-nso-151,nso,mc1,mc1,2,0,False,0.5763028860092163,1.118622064590454,0.3772638440132141,4,,
nso-nso-152,nso,mc1,mc1,0,1,False,0.5383391976356506,0.6902045011520386,0.07667839527130127,2,,
nso-nso-153,nso,mc1,mc1,0,0,True,0.3370252847671509,1.3390142917633057,0.02646663784980774,4,,
nso-nso-154,nso,mc1,mc1,1,3,False,0.7545006275177002,0.7278962135314941,0.5652188062667847,4,,
nso-nso-155,nso,mc1,mc1,2,3,False,0.6080300807952881,0.9272564649581909,0.3111029863357544,4,,
nso-nso-156,nso,mc1,mc1,3,3,True,0.682237982749939,0.8746507167816162,0.45337098836898804,4,,
nso-nso-157,nso,mc1,mc1,3,3,True,0.4292365312576294,1.2563174962997437,0.13143235445022583,4,,
nso-nso-158,nso,mc1,mc1,3,2,False,0.4326086938381195,1.1186567544937134,0.017028987407684326,4,,
nso-nso-159,nso,mc1,mc1,1,3,False,0.505210816860199,1.0814805030822754,0.21947690844535828,4,,
nso-nso-160,nso,mc1,mc1,0,2,False,0.45172548294067383,1.2069960832595825,0.126935213804245,4,,
nso-nso-161,nso,mc1,mc1,0,0,True,0.6483572125434875,0.7819216847419739,0.3333909511566162,4,,
nso-nso-162,nso,mc1,mc1,1,2,False,0.40365907549858093,1.3190422058105469,0.17334455251693726,4,,
nso-nso-163,nso,mc1,mc1,0,3,False,0.6078389286994934,1.0994172096252441,0.4637308418750763,4,,
nso-nso-164,nso,mc1,mc1,1,1,True,0.5240337252616882,1.0404279232025146,0.17109978199005127,4,,
nso-nso-165,nso,mc1,mc1,3,1,False,0.737903892993927,0.811161458492279,0.573176920413971,4,,
nso-nso-166,nso,mc1,mc1,1,0,False,0.5398222208023071,1.0029480457305908,0.27267417311668396,3,,
nso-nso-167,nso,mc1,mc1,2,1,False,0.98396897315979,0.0959586575627327,0.9732955694198608,4,,
nso-nso-168,nso,mc1,mc1,2,2,True,0.6446875929832458,0.9336742162704468,0.3912879228591919,4,,
nso-nso-169,nso,mc1,mc1,2,2,True,0.772017776966095,0.7762659192085266,0.6629747152328491,4,,
nso-nso-170,nso,mc1,mc1,3,3,True,0.776378870010376,0.7233043909072876,0.6644119024276733,4,,
nso-nso-171,nso,mc1,mc1,3,3,True,0.2918908894062042,1.3722178936004639,0.011269956827163696,4,,
nso-nso-172,nso,mc1,mc1,3,3,True,0.34220564365386963,1.2697129249572754,0.018168896436691284,4,,
nso-nso-173,nso,mc1,mc1,1,2,False,0.6868003010749817,0.9118456244468689,0.5002585649490356,4,,
nso-nso-174,nso,mc1,mc1,1,1,True,0.8026012778282166,0.6794390678405762,0.6948974132537842,4,,
nso-nso-175,nso,mc1,mc1,3,0,False,0.27903634309768677,1.3802685737609863,0.003825753927230835,4,,
nso-nso-176,nso,mc1,mc1,1,0,False,0.7883529663085938,0.7007114291191101,0.6480036973953247,4,,
nso-nso-177,nso,mc1,mc1,1,1,True,0.7858454585075378,0.5194093585014343,0.5716909170150757,2,,
nso-nso-178,nso,mc1,mc1,3,3,True,0.5997897386550903,1.0238707065582275,0.36762234568595886,4,,
nso-nso-179,nso,mc1,mc1,2,3,False,0.5188460350036621,1.1957560777664185,0.28667977452278137,4,,
nso-nso-180,nso,mc1,mc1,3,0,False,0.3726038336753845,1.2337641716003418,0.06167304515838623,4,,
nso-nso-181,nso,mc1,mc1,0,2,False,0.41555261611938477,1.3102316856384277,0.16786237061023712,4,,
nso-nso-182,nso,mc1,mc1,2,1,False,0.5439683198928833,0.7618904113769531,0.10281535983085632,4,,
nso-nso-183,nso,mc1,mc1,1,0,False,0.5300132036209106,0.9599915742874146,0.1815730631351471,3,,
nso-nso-184,nso,mc1,mc1,2,3,False,0.4402626156806946,1.222334623336792,0.12969133257865906,4,,
nso-nso-185,nso,mc1,mc1,0,0,True,0.39466753602027893,1.2606453895568848,0.05051708221435547,4,,
nso-nso-186,nso,mc1,mc1,1,1,True,0.38760676980018616,1.1731042861938477,0.06957793235778809,4,,
nso-nso-187,nso,mc1,mc1,0,0,True,0.5645257830619812,1.1423616409301758,0.3860132098197937,4,,
nso-nso-188,nso,mc1,mc1,0,3,False,0.45674312114715576,1.1157360076904297,0.06814345717430115,4,,
nso-nso-189,nso,mc1,mc1,3,1,False,0.9455121159553528,0.24383804202079773,0.901755154132843,4,,
nso-nso-190,nso,mc1,mc1,0,2,False,0.993646502494812,0.04537314176559448,0.9910787343978882,4,,
nso-nso-191,nso,mc1,mc1,2,3,False,0.35361090302467346,1.3568511009216309,0.11938674747943878,4,,
nso-nso-192,nso,mc1,mc1,0,2,False,0.9141485095024109,0.3510906398296356,0.8477711081504822,4,,
nso-nso-193,nso,mc1,mc1,1,1,True,0.8016527891159058,0.7130972146987915,0.7266989946365356,4,,
nso-nso-194,nso,mc1,mc1,1,1,True,0.5607781410217285,1.1646283864974976,0.389688640832901,4,,
nso-nso-195,nso,mc1,mc1,0,1,False,0.40423864126205444,1.2872035503387451,0.11079341173171997,4,,
nso-nso-196,nso,mc1,mc1,0,3,False,0.3508659899234772,1.318176031112671,0.023375660181045532,4,,
nso-nso-197,nso,mc1,mc1,1,1,True,0.6029126048088074,0.6718130111694336,0.20582520961761475,2,,
nso-nso-198,nso,mc1,mc1,0,0,True,0.6159253120422363,0.9238431453704834,0.3838692307472229,3,,
nso-nso-199,nso,mc1,mc1,1,0,False,0.43056559562683105,1.2481739521026611,0.14609307050704956,4,,
nso-nso-200,nso,mc1,mc1,2,2,True,0.697003960609436,0.9122259616851807,0.5459327101707458,4,,
nso-nso-201,nso,mc1,mc1,1,1,True,0.28957825899124146,1.356842279434204,0.007892817258834839,4,,
nso-nso-202,nso,mc1,mc1,2,3,False,0.4889790117740631,1.1420581340789795,0.1548956334590912,4,,
nso-nso-203,nso,mc1,mc1,3,0,False,0.6487200856208801,1.0116194486618042,0.4709200859069824,4,,
nso-nso-204,nso,mc1,mc1,1,1,True,0.654880940914154,0.6443726420402527,0.3097618818283081,2,,
nso-nso-205,nso,mc1,mc1,2,2,True,0.8151150941848755,0.6267966628074646,0.7047410607337952,4,,
nso-nso-206,nso,mc1,mc1,1,1,True,0.7614167332649231,0.8092796802520752,0.6708855032920837,4,,
nso-nso-207,nso,mc1,mc1,0,0,True,0.6294969320297241,0.7782434225082397,0.2871154546737671,4,,
nso-nso-208,nso,mc1,mc1,2,2,True,0.5634641051292419,1.1256330013275146,0.35702869296073914,4,,
nso-nso-209,nso,mc1,mc1,1,0,False,0.5527591705322266,1.1334201097488403,0.3404778838157654,4,,
nso-nso-210,nso,mc1,mc1,2,0,False,0.4009423851966858,1.1131726503372192,0.07750102877616882,4,,
nso-nso-211,nso,mc1,mc1,1,1,True,0.6139953136444092,1.0738781690597534,0.43128296732902527,4,,
nso-nso-212,nso,mc1,mc1,2,2,True,0.4221826195716858,1.2949843406677246,0.1944391280412674,4,,
nso-nso-213,nso,mc1,mc1,1,0,False,0.3954452872276306,1.0854700803756714,0.055537015199661255,3,,
nso-nso-214,nso,mc1,mc1,0,0,True,0.38558724522590637,1.3358489274978638,0.140118807554245,4,,
nso-nso-215,nso,mc1,mc1,0,0,True,0.6135044097900391,0.9111109972000122,0.35066816210746765,4,,
nso-nso-216,nso,mc1,mc1,2,2,True,0.4618910253047943,1.2812447547912598,0.2793597877025604,4,,
nso-nso-217,nso,mc1,mc1,3,0,False,0.38772761821746826,1.339031457901001,0.17240779101848602,4,,
nso-nso-218,nso,mc1,mc1,0,0,True,0.35689204931259155,1.249859094619751,0.05453506112098694,4,,
nso-nso-219,nso,mc1,mc1,3,3,True,0.835379958152771,0.6279892325401306,0.7787748575210571,4,,
nso-nso-220,nso,mc1,mc1,2,3,False,0.4268514811992645,1.2345116138458252,0.1470494270324707,4,,
nso-nso-221,nso,mc1,mc1,2,0,False,0.5284839272499084,1.131466031074524,0.31271088123321533,4,,
nso-nso-222,nso,mc1,mc1,2,0,False,0.363424152135849,1.2876365184783936,0.035035789012908936,4,,
nso-nso-223,nso,mc1,mc1,2,2,True,0.45662373304367065,1.0388355255126953,0.052483975887298584,4,,
nso-nso-224,nso,mc1,mc1,1,3,False,0.5680153965950012,1.145728349685669,0.37406104803085327,4,,
nso-nso-225,nso,mc1,mc1,3,3,True,0.6443150043487549,1.0411322116851807,0.5174873471260071,4,,
nso-nso-226,nso,mc1,mc1,0,0,True,0.73769611120224,0.8585983514785767,0.6256584525108337,4,,
nso-nso-227,nso,mc1,mc1,2,2,True,0.6792819499969482,0.9645892381668091,0.5343486666679382,4,,
nso-nso-228,nso,mc1,mc1,1,3,False,0.9304288625717163,0.32634931802749634,0.9006179571151733,4,,
nso-nso-229,nso,mc1,mc1,0,1,False,0.5606189966201782,1.1548542976379395,0.3836430311203003,4,,
nso-nso-230,nso,mc1,mc1,1,2,False,0.6215765476226807,0.9935181140899658,0.4036027193069458,4,,
nso-nso-231,nso,mc1,mc1,2,0,False,0.31070616841316223,1.3440293073654175,0.02290290594100952,4,,
nso-nso-232,nso,mc1,mc1,1,3,False,0.418641597032547,1.2518359422683716,0.09631681442260742,4,,
nso-nso-233,nso,mc1,mc1,3,1,False,0.9095510244369507,0.38432979583740234,0.8568314909934998,4,,
nso-nso-234,nso,mc1,mc1,0,0,True,0.7523998022079468,0.7336830496788025,0.563020646572113,4,,
nso-nso-235,nso,mc1,mc1,3,3,True,0.8015390038490295,0.674156904220581,0.673089325428009,4,,
nso-nso-236,nso,mc1,mc1,3,0,False,0.5169742703437805,0.8757345676422119,0.09297817945480347,4,,
nso-nso-237,nso,mc1,mc1,1,2,False,0.5476266145706177,1.1526992321014404,0.3541204035282135,4,,
nso-nso-238,nso,mc1,mc1,2,2,True,0.6637098789215088,0.8411340117454529,0.3949946463108063,4,,
nso-nso-239,nso,mc1,mc1,0,3,False,0.9872725605964661,0.07482767850160599,0.976830005645752,4,,
nso-nso-240,nso,mc1,mc1,2,1,False,0.6438262462615967,0.6812194585800171,0.2927860915660858,4,,
nso-nso-241,nso,mc1,mc1,0,0,True,0.6267228126525879,1.066681146621704,0.4792110025882721,4,,
nso-nso-242,nso,mc1,mc1,0,2,False,0.7670781016349792,0.702452540397644,0.6362394094467163,3,,
nso-nso-243,nso,mc1,mc1,0,0,True,0.9598612189292908,0.21074457466602325,0.9407875537872314,4,,
nso-nso-244,nso,mc1,mc1,0,0,True,0.8966172933578491,0.43925225734710693,0.8444978594779968,4,,
nso-nso-245,nso,mc1,mc1,0,3,False,0.48638251423835754,1.0611151456832886,0.09595358371734619,4,,
nso-nso-246,nso,mc1,mc1,3,0,False,0.9363420605659485,0.3031635880470276,0.9046271443367004,4,,
nso-nso-247,nso,mc1,mc1,0,0,True,0.39615750312805176,1.2061268091201782,0.05748501420021057,4,,
nso-nso-248,nso,mc1,mc1,2,1,False,0.47206148505210876,1.253136157989502,0.23809804022312164,4,,
nso-nso-249,nso,mc1,mc1,1,0,False,0.957863986492157,0.20574966073036194,0.926513135433197,4,,
nso-nso-250,nso,mc1,mc1,1,1,True,0.6984513998031616,0.8254237174987793,0.46793603897094727,4,,
nso-nso-251,nso,mc1,mc1,2,2,True,0.6444171667098999,1.0044046640396118,0.4491989016532898,4,,
nso-nso-252,nso,mc1,mc1,1,3,False,0.996407687664032,0.02513841912150383,0.9931517839431763,4,,
nso-nso-253,nso,mc1,mc1,2,0,False,0.9978454113006592,0.016467437148094177,0.9961270689964294,3,,
nso-nso-254,nso,mc1,mc1,3,1,False,0.42600104212760925,1.2985126972198486,0.20202426612377167,4,,
nso-nso-255,nso,mc1,mc1,1,1,True,0.46390727162361145,1.0397913455963135,0.11902123689651489,3,,
nso-nso-256,nso,mc1,mc1,1,3,False,0.7774914503097534,0.6860745549201965,0.659773051738739,4,,
nso-nso-257,nso,mc1,mc1,1,0,False,0.49080055952072144,0.9996013641357422,0.1292780637741089,3,,
nso-nso-258,nso,mc1,mc1,1,0,False,0.5256761908531189,1.1551930904388428,0.2560601234436035,4,,
nso-nso-259,nso,mc1,mc1,1,1,True,0.5722160935401917,1.060227394104004,0.3595869839191437,4,,
nso-nso-260,nso,mc1,mc1,1,0,False,0.6510756015777588,0.8779311776161194,0.43362390995025635,3,,
nso-nso-261,nso,mc1,mc1,3,3,True,0.5411496758460999,1.1142444610595703,0.28092241287231445,4,,
nso-nso-262,nso,mc1,mc1,2,3,False,0.999292254447937,0.00626902561634779,0.9987331032752991,4,,
nso-nso-263,nso,mc1,mc1,3,2,False,0.40053868293762207,1.2251933813095093,0.026315808296203613,4,,
nso-nso-264,nso,mc1,mc1,2,2,True,0.3805488049983978,1.1101183891296387,0.019122272729873657,4,,
nso-nso-265,nso,mc1,mc1,2,2,True,0.43431660532951355,1.2631778717041016,0.1427886188030243,4,,
nso-nso-266,nso,mc1,mc1,1,1,True,0.7440369129180908,0.817513108253479,0.6191420555114746,4,,
nso-nso-267,nso,mc1,mc1,2,2,True,0.3823692202568054,1.3436959981918335,0.17327554523944855,4,,
nso-nso-268,nso,mc1,mc1,0,0,True,0.6212713122367859,0.9209896922111511,0.33261552453041077,4,,
nso-nso-269,nso,mc1,mc1,0,3,False,0.837002158164978,0.5275762677192688,0.6984668374061584,4,,
nso-nso-270,nso,mc1,mc1,1,3,False,0.3547702729701996,1.3547868728637695,0.11620412766933441,4,,
nso-nso-271,nso,mc1,mc1,0,3,False,0.6109351515769958,0.9887610077857971,0.34648334980010986,4,,
nso-nso-272,nso,mc1,mc1,0,0,True,0.9675460457801819,0.14317145943641663,0.9350920915603638,2,,
nso-nso-273,nso,mc1,mc1,2,2,True,0.5109468698501587,1.0364114046096802,0.1353376805782318,4,,
nso-nso-274,nso,mc1,mc1,2,1,False,0.3628833293914795,1.096400260925293,0.03497394919395447,3,,
nso-nso-275,nso,mc1,mc1,2,2,True,0.5407585501670837,1.0068564414978027,0.29395920038223267,3,,
nso-nso-276,nso,mc1,mc1,2,3,False,0.47228801250457764,1.217950701713562,0.18285301327705383,4,,
nso-nso-277,nso,mc1,mc1,2,0,False,0.3845362067222595,1.2954694032669067,0.06312435865402222,4,,
nso-nso-278,nso,mc1,mc1,3,1,False,0.7343593835830688,0.7972721457481384,0.5785567164421082,4,,
nso-nso-279,nso,mc1,mc1,1,1,True,0.7289127707481384,0.7487204074859619,0.5377393960952759,3,,
nso-nso-280,nso,mc1,mc1,3,1,False,0.4774263799190521,1.2573570013046265,0.2574886381626129,4,,
nso-nso-281,nso,mc1,mc1,2,3,False,0.9117270112037659,0.38868749141693115,0.8658333420753479,4,,
nso-nso-282,nso,mc1,mc1,1,3,False,0.5566360950469971,0.9555926322937012,0.2037864327430725,4,,
nso-nso-283,nso,mc1,mc1,0,0,True,0.750155508518219,0.7868748307228088,0.604580283164978,4,,
nso-nso-284,nso,mc1,mc1,2,0,False,0.5067091584205627,1.1861052513122559,0.27957725524902344,4,,
nso-nso-285,nso,mc1,mc1,2,2,True,0.5932743549346924,1.1224783658981323,0.45769914984703064,4,,
nso-nso-286,nso,mc1,mc1,1,1,True,0.7998557686805725,0.7203643321990967,0.7301209568977356,4,,
nso-nso-287,nso,mc1,mc1,2,0,False,0.5315113663673401,0.9698759317398071,0.1951833963394165,3,,
nso-nso-288,nso,mc1,mc1,2,2,True,0.5398411154747009,1.075660228729248,0.25127407908439636,4,,
nso-nso-289,nso,mc1,mc1,2,0,False,0.3696996569633484,1.235837459564209,0.029180675745010376,4,,
nso-nso-290,nso,mc1,mc1,3,3,True,0.8077186942100525,0.679058849811554,0.6990516185760498,4,,
nso-nso-291,nso,mc1,mc1,0,0,True,0.6890109777450562,0.88569176197052,0.47905856370925903,4,,
nso-nso-292,nso,mc1,mc1,0,1,False,0.7000152468681335,0.9403457045555115,0.5969005823135376,4,,
nso-nso-293,nso,mc1,mc1,0,0,True,0.5141939520835876,0.8861867189407349,0.08140107989311218,4,,
nso-nso-294,nso,mc1,mc1,1,1,True,0.6837630867958069,0.8989124894142151,0.4978073835372925,4,,
nso-nso-295,nso,mc1,mc1,1,1,True,0.6872223615646362,0.8764528036117554,0.5260872840881348,4,,
nso-nso-296,nso,mc1,mc1,2,3,False,0.6264749765396118,0.9479519128799438,0.4046655297279358,4,,
nso-nso-297,nso,mc1,mc1,3,2,False,0.6846937537193298,0.9091218709945679,0.48545533418655396,4,,
nso-nso-298,nso,mc1,mc1,0,0,True,0.9386798143386841,0.2305847555398941,0.8773596286773682,2,,
nso-nso-299,nso,mc1,mc1,1,1,True,0.5497875809669495,0.9782363772392273,0.19090256094932556,4,,
nso-nso-300,nso,mc1,mc1,1,2,False,0.33722174167633057,1.3300999402999878,0.013902634382247925,4,,
nso-nso-301,nso,mc1,mc1,0,0,True,0.9268936514854431,0.323162704706192,0.8856229186058044,4,,
nso-nso-302,nso,mc1,mc1,0,2,False,0.3651273548603058,1.3465460538864136,0.11524555087089539,4,,
nso-nso-303,nso,mc1,mc1,1,0,False,0.4107499420642853,1.1991444826126099,0.044658273458480835,4,,
nso-nso-304,nso,mc1,mc1,1,0,False,0.5324143767356873,1.096228837966919,0.22883936762809753,4,,
nso-nso-305,nso,mc1,mc1,3,1,False,0.6985974907875061,0.8735992312431335,0.534232497215271,4,,
nso-nso-306,nso,mc1,mc1,1,0,False,0.507215142250061,1.0092636346817017,0.1824733018875122,3,,
nso-nso-307,nso,mc1,mc1,0,2,False,0.5249614715576172,0.919743001461029,0.1380419135093689,3,,
nso-nso-308,nso,mc1,mc1,1,1,True,0.6162960529327393,1.042620062828064,0.4096423089504242,4,,
nso-nso-309,nso,mc1,mc1,0,0,True,0.9358720779418945,0.277604877948761,0.886776328086853,4,,
nso-nso-310,nso,mc1,mc1,1,1,True,0.8918517827987671,0.43202608823776245,0.8196887373924255,4,,
nso-nso-311,nso,mc1,mc1,1,0,False,0.5951699614524841,0.9468307495117188,0.35094717144966125,3,,
nso-nso-312,nso,mc1,mc1,1,2,False,0.9880917072296143,0.07084144651889801,0.978469729423523,4,,
nso-nso-313,nso,mc1,mc1,0,3,False,0.371830552816391,1.3209030628204346,0.08342161774635315,4,,
nso-nso-314,nso,mc1,mc1,3,1,False,0.5597066283226013,1.0850476026535034,0.3228899836540222,4,,
nso-nso-315,nso,mc1,mc1,3,0,False,0.8202686905860901,0.6522810459136963,0.732702910900116,4,,
nso-nso-316,nso,mc1,mc1,2,0,False,0.8942602872848511,0.4514272212982178,0.8536637425422668,4,,
nso-nso-317,nso,mc1,mc1,1,1,True,0.516274631023407,0.6926173567771912,0.03254932165145874,2,,
nso-nso-318,nso,mc1,mc1,2,1,False,0.8314070701599121,0.6054912209510803,0.7239081859588623,4,,
nso-nso-319,nso,mc1,mc1,3,3,True,0.5103058815002441,1.1330682039260864,0.196504145860672,4,,
nso-nso-320,nso,mc1,mc1,1,3,False,0.44814613461494446,1.207383632659912,0.1312820315361023,4,,
nso-nso-321,nso,mc1,mc1,3,2,False,0.6017537713050842,1.0460401773452759,0.41858750581741333,4,,
nso-nso-322,nso,mc1,mc1,3,0,False,0.7368265986442566,0.8650942444801331,0.642885684967041,4,,
nso-nso-323,nso,mc1,mc1,1,1,True,0.8814442753791809,0.48885655403137207,0.82562655210495,4,,
nso-nso-324,nso,mc1,mc1,0,3,False,0.7175536751747131,0.8415258526802063,0.530421257019043,4,,
nso-nso-325,nso,mc1,mc1,3,2,False,0.5832636952400208,1.1149256229400635,0.3999100923538208,4,,
nso-nso-326,nso,mc1,mc1,0,0,True,0.6517512798309326,0.8872733116149902,0.38359829783439636,4,,
nso-nso-327,nso,mc1,mc1,1,0,False,0.5019586682319641,0.9577062726020813,0.08230963349342346,4,,
nso-nso-328,nso,mc1,mc1,3,2,False,0.4807896316051483,1.1830213069915771,0.2064724564552307,4,,
nso-nso-329,nso,mc1,mc1,2,0,False,0.3444386124610901,1.3158303499221802,0.009449154138565063,4,,
nso-nso-330,nso,mc1,mc1,1,2,False,0.8720136284828186,0.47125422954559326,0.8079326748847961,3,,
nso-nso-331,nso,mc1,mc1,2,1,False,0.4051148593425751,1.3225574493408203,0.16942225396633148,4,,
nso-nso-332,nso,mc1,mc1,0,1,False,0.5674278140068054,0.6840264201164246,0.13485559821128845,2,,
nso-nso-333,nso,mc1,mc1,1,3,False,0.4165675938129425,1.2730457782745361,0.10937592387199402,4,,
nso-nso-334,nso,mc1,mc1,3,3,True,0.8644396662712097,0.517958402633667,0.7944849729537964,4,,
nso-nso-335,nso,mc1,mc1,0,1,False,0.5036048889160156,1.0392975807189941,0.2516954243183136,4,,
nso-nso-336,nso,mc1,mc1,3,3,True,0.8281581997871399,0.6350587010383606,0.7439903020858765,4,,
nso-nso-337,nso,mc1,mc1,0,3,False,0.6642452478408813,0.9927452802658081,0.5136274099349976,4,,
nso-nso-338,nso,mc1,mc1,0,3,False,0.998123824596405,0.015639612451195717,0.9972479343414307,4,,
nso-nso-339,nso,mc1,mc1,0,1,False,0.4944860637187958,0.8913882374763489,0.04058292508125305,4,,
nso-nso-340,nso,mc1,mc1,2,3,False,0.4638388454914093,1.1203069686889648,0.08289024233818054,4,,
nso-nso-341,nso,mc1,mc1,1,0,False,0.3270071744918823,1.3279500007629395,0.0,4,,
nso-nso-342,nso,mc1,mc1,1,0,False,0.9845055937767029,0.07994300127029419,0.9690112471580505,2,,
nso-nso-343,nso,mc1,mc1,0,1,False,0.28044411540031433,1.380145788192749,0.007662594318389893,4,,
nso-nso-344,nso,mc1,mc1,0,3,False,0.5965815782546997,1.0347336530685425,0.3360259532928467,4,,
nso-nso-345,nso,mc1,mc1,1,1,True,0.3330245614051819,1.2864713668823242,0.008779376745223999,4,,
nso-nso-346,nso,mc1,mc1,3,0,False,0.7314940094947815,0.7828996181488037,0.5629332065582275,4,,
nso-nso-347,nso,mc1,mc1,3,2,False,0.3728184103965759,1.2182955741882324,0.058738768100738525,4,,
nso-nso-348,nso,mc1,mc1,0,0,True,0.5092952847480774,1.1977025270462036,0.27303123474121094,4,,
nso-nso-349,nso,mc1,mc1,0,2,False,0.6314605474472046,0.9249906539916992,0.3529396653175354,4,,
nso-nso-350,nso,mc1,mc1,1,3,False,0.6757171154022217,0.8519084453582764,0.4331957697868347,4,,
nso-nso-351,nso,mc1,mc1,2,3,False,0.44525477290153503,1.1407550573349,0.14024552702903748,4,,
nso-nso-352,nso,mc1,mc1,0,0,True,0.5908980369567871,0.994605541229248,0.3515840172767639,4,,
nso-nso-353,nso,mc1,mc1,2,2,True,0.5111441612243652,1.0073516368865967,0.1352684497833252,4,,
nso-nso-354,nso,mc1,mc1,2,1,False,0.6607453227043152,0.7165019512176514,0.33842572569847107,4,,
nso-nso-355,nso,mc1,mc1,2,2,True,0.7131214737892151,0.7936509847640991,0.5442556142807007,3,,
nso-nso-356,nso,mc1,mc1,1,0,False,0.5150538682937622,1.177181363105774,0.2962425947189331,4,,
nso-nso-357,nso,mc1,mc1,2,0,False,0.6179669499397278,0.8939306735992432,0.306100457906723,4,,
nso-nso-358,nso,mc1,mc1,3,2,False,0.8326430916786194,0.6174814701080322,0.7403583526611328,4,,
nso-nso-359,nso,mc1,mc1,1,1,True,0.46013912558555603,1.2128980159759521,0.17869964241981506,4,,
nso-nso-360,nso,mc1,mc1,1,0,False,0.4857565760612488,1.124590277671814,0.1329474151134491,4,,
nso-nso-361,nso,mc1,mc1,2,0,False,0.37728849053382874,1.2072614431381226,0.04789763689041138,4,,
nso-nso-362,nso,mc1,mc1,3,0,False,0.5297067761421204,0.9067549705505371,0.1173410713672638,4,,
nso-nso-363,nso,mc1,mc1,0,1,False,0.6428979635238647,0.9730594158172607,0.470309317111969,4,,
nso-nso-364,nso,mc1,mc1,1,3,False,0.40364232659339905,1.2701361179351807,0.10374432802200317,4,,
nso-nso-365,nso,mc1,mc1,2,1,False,0.6262608766555786,0.7772026062011719,0.2875622808933258,3,,
nso-nso-366,nso,mc1,mc1,0,1,False,0.5233086347579956,1.0534639358520508,0.18272382020950317,4,,
nso-nso-367,nso,mc1,mc1,0,1,False,0.5370198488235474,1.1003777980804443,0.23719772696495056,4,,
nso-nso-368,nso,mc1,mc1,2,0,False,0.39611488580703735,1.0877490043640137,0.03414568305015564,4,,
nso-nso-369,nso,mc1,mc1,2,1,False,0.6089065670967102,0.9982788562774658,0.38918429613113403,4,,
nso-nso-370,nso,mc1,mc1,2,0,False,0.9273412227630615,0.29841533303260803,0.865538477897644,4,,
nso-nso-371,nso,mc1,mc1,0,1,False,0.8390357494354248,0.5493617057800293,0.7418891191482544,3,,
nso-nso-372,nso,mc1,mc1,0,0,True,0.7993521690368652,0.7178612947463989,0.7234219908714294,4,,
nso-nso-373,nso,mc1,mc1,1,1,True,0.4792558550834656,1.1478116512298584,0.13786274194717407,4,,
nso-nso-374,nso,mc1,mc1,1,0,False,0.5779504776000977,0.8907783031463623,0.2393340766429901,3,,
nso-nso-375,nso,mc1,mc1,3,2,False,0.3420301079750061,1.3607935905456543,0.10254468023777008,4,,
nso-nso-376,nso,mc1,mc1,3,0,False,0.9138836860656738,0.3872484564781189,0.8813536167144775,4,,
nso-nso-377,nso,mc1,mc1,3,1,False,0.7752360701560974,0.7548853158950806,0.6486916542053223,4,,
nso-nso-378,nso,mc1,mc1,0,1,False,0.37111136317253113,1.088883638381958,0.011283069849014282,3,,
nso-nso-379,nso,mc1,mc1,0,2,False,0.2869790494441986,1.3797166347503662,0.031168252229690552,4,,
nso-nso-380,nso,mc1,mc1,0,0,True,0.7445050477981567,0.5682918429374695,0.48901012539863586,2,,
nso-nso-381,nso,mc1,mc1,1,1,True,0.45068350434303284,1.0625605583190918,0.13394799828529358,3,,
nso-nso-382,nso,mc1,mc1,1,1,True,0.5089698433876038,0.9613059163093567,0.09580489993095398,4,,
nso-nso-383,nso,mc1,mc1,1,0,False,0.7344377040863037,0.5787948369979858,0.4688754081726074,2,,
nso-nso-384,nso,mc1,mc1,1,1,True,0.5646291971206665,0.9829045534133911,0.31882864236831665,3,,
nso-nso-385,nso,mc1,mc1,1,1,True,0.8816648125648499,0.4666680693626404,0.813005805015564,4,,
nso-nso-386,nso,mc1,mc1,1,1,True,0.6222675442695618,1.0643463134765625,0.44752171635627747,4,,
nso-nso-387,nso,mc1,mc1,0,1,False,0.6881681084632874,0.6205585598945618,0.37633615732192993,2,,
nso-nso-388,nso,mc1,mc1,0,0,True,0.7678056359291077,0.7931733131408691,0.673149824142456,4,,
nso-nso-389,nso,mc1,mc1,1,1,True,0.943213939666748,0.26700109243392944,0.9150934219360352,4,,
nso-nso-390,nso,mc1,mc1,0,0,True,0.842403769493103,0.5330537557601929,0.7334429025650024,3,,
nso-nso-391,nso,mc1,mc1,1,3,False,0.36968398094177246,1.3373081684112549,0.09823700785636902,4,,
nso-nso-392,nso,mc1,mc1,2,2,True,0.5558903217315674,1.0784635543823242,0.298033744096756,4,,
nso-nso-393,nso,mc1,mc1,1,3,False,0.637329638004303,1.021499752998352,0.4807514250278473,4,,
nso-nso-394,nso,mc1,mc1,1,1,True,0.9781286120414734,0.12737636268138885,0.9686976075172424,4,,
nso-nso-395,nso,mc1,mc1,2,3,False,0.748792290687561,0.8306739926338196,0.639992892742157,4,,
nso-nso-396,nso,mc1,mc1,3,0,False,0.42271459102630615,1.2215385437011719,0.13204243779182434,4,,
nso-nso-397,nso,mc1,mc1,1,1,True,0.527362585067749,1.1858975887298584,0.29578697681427,4,,
nso-nso-398,nso,mc1,mc1,3,1,False,0.42968636751174927,1.1888116598129272,0.12685120105743408,4,,
nso-nso-399,nso,mc1,mc1,2,2,True,0.7965330481529236,0.6809152960777283,0.6612575054168701,4,,
nso-nso-400,nso,mc1,mc1,2,3,False,0.6524137258529663,0.8971084356307983,0.4049445390701294,4,,
nso-nso-401,nso,mc1,mc1,0,1,False,0.6352745890617371,0.999178946018219,0.4166105091571808,4,,
nso-nso-402,nso,mc1,mc1,3,1,False,0.8872451186180115,0.4511913061141968,0.8130711913108826,4,,
nso-nso-403,nso,mc1,mc1,1,3,False,0.6232597827911377,1.063886284828186,0.4532652497291565,4,,
nso-nso-404,nso,mc1,mc1,1,2,False,0.8203102350234985,0.5971405506134033,0.686521589756012,4,,
nso-nso-405,nso,mc1,mc1,0,2,False,0.40121063590049744,1.3238780498504639,0.15646204352378845,4,,
nso-nso-406,nso,mc1,mc1,0,3,False,0.6139379739761353,0.8269273638725281,0.27364465594291687,4,,
nso-nso-407,nso,mc1,mc1,0,0,True,0.919137716293335,0.36802852153778076,0.8847061991691589,4,,
nso-nso-408,nso,mc1,mc1,1,1,True,0.9089570045471191,0.3679135739803314,0.8609408736228943,3,,
nso-nso-409,nso,mc1,mc1,1,3,False,0.4016978442668915,1.3184610605239868,0.14476150274276733,4,,
nso-nso-410,nso,mc1,mc1,3,0,False,0.9349551200866699,0.2965005040168762,0.891848623752594,4,,
nso-nso-411,nso,mc1,mc1,1,2,False,0.5001184940338135,1.1966147422790527,0.229966402053833,4,,
nso-nso-412,nso,mc1,mc1,1,0,False,0.9152947664260864,0.33268579840660095,0.8426182270050049,4,,
nso-nso-413,nso,mc1,mc1,2,2,True,0.5058369636535645,1.160507082939148,0.2348569631576538,4,,
nso-nso-414,nso,mc1,mc1,0,3,False,0.5325316786766052,1.125293493270874,0.24386194348335266,4,,
nso-nso-415,nso,mc1,mc1,2,0,False,0.9315978288650513,0.30871134996414185,0.8925344944000244,4,,
nso-nso-416,nso,mc1,mc1,0,0,True,0.5303674936294556,1.1100361347198486,0.2501906752586365,4,,
nso-nso-417,nso,mc1,mc1,0,0,True,0.4642149806022644,1.0964581966400146,0.07237440347671509,4,,
nso-nso-418,nso,mc1,mc1,1,1,True,0.29720380902290344,1.3740673065185547,0.022931188344955444,4,,
nso-nso-419,nso,mc1,mc1,0,1,False,0.5173196196556091,1.0195765495300293,0.2334352433681488,3,,
nso-nso-420,nso,mc1,mc1,2,1,False,0.6165897250175476,0.771262526512146,0.2581438422203064,4,,
nso-nso-421,nso,mc1,mc1,2,2,True,0.6524440050125122,0.8777044415473938,0.4390231668949127,3,,
nso-nso-422,nso,mc1,mc1,2,0,False,0.4603169858455658,1.2594130039215088,0.20648857951164246,4,,
nso-nso-423,nso,mc1,mc1,0,1,False,0.5925556421279907,0.6759148836135864,0.18511125445365906,2,,
nso-nso-424,nso,mc1,mc1,1,3,False,0.49106431007385254,1.2422168254852295,0.2924163341522217,4,,
nso-nso-425,nso,mc1,mc1,0,1,False,0.33887436985969543,1.3139946460723877,0.04377523064613342,4,,
nso-nso-426,nso,mc1,mc1,0,1,False,0.4319327771663666,1.0760939121246338,0.12718266248703003,3,,
nso-nso-427,nso,mc1,mc1,2,2,True,0.5157201886177063,0.9927156567573547,0.18187373876571655,3,,
nso-nso-428,nso,mc1,mc1,3,3,True,0.3863103985786438,1.281749963760376,0.07532763481140137,4,,
nso-nso-429,nso,mc1,mc1,3,2,False,0.48478758335113525,1.226803183555603,0.2378501296043396,4,,
nso-nso-430,nso,mc1,mc1,2,3,False,0.4632447361946106,1.2318695783615112,0.21825382113456726,4,,
nso-nso-431,nso,mc1,mc1,0,3,False,0.6186940670013428,1.0481101274490356,0.44546347856521606,4,,
nso-nso-432,nso,mc1,mc1,1,0,False,0.9928923845291138,0.04624365270137787,0.9871692657470703,4,,
nso-nso-433,nso,mc1,mc1,1,0,False,0.5633454918861389,0.8587247133255005,0.18607348203659058,3,,
nso-nso-434,nso,mc1,mc1,3,0,False,0.9381997585296631,0.2864512503147125,0.8987264037132263,4,,
nso-nso-435,nso,mc1,mc1,1,0,False,0.515846848487854,1.1728219985961914,0.26195278763771057,4,,
nso-nso-436,nso,mc1,mc1,2,2,True,0.6309317946434021,0.9145520925521851,0.35509878396987915,4,,
nso-nso-437,nso,mc1,mc1,2,2,True,0.7710976600646973,0.690481960773468,0.6302829384803772,3,,
nso-nso-438,nso,mc1,mc1,0,0,True,0.463021457195282,1.1933622360229492,0.16750532388687134,4,,
nso-nso-439,nso,mc1,mc1,2,3,False,0.35370972752571106,1.3353915214538574,0.09103238582611084,4,,
nso-nso-440,nso,mc1,mc1,2,2,True,0.39644500613212585,1.28835129737854,0.08346998691558838,4,,
nso-nso-441,nso,mc1,mc1,3,0,False,0.3030517101287842,1.3767842054367065,0.04556769132614136,4,,
nso-nso-442,nso,mc1,mc1,2,2,True,0.9533565640449524,0.21997663378715515,0.925557553768158,3,,
nso-nso-443,nso,mc1,mc1,0,2,False,0.382350891828537,1.3191567659378052,0.1186312735080719,4,,
nso-nso-444,nso,mc1,mc1,1,1,True,0.4489768445491791,1.2611591815948486,0.17393693327903748,4,,
nso-nso-445,nso,mc1,mc1,0,2,False,0.41238322854042053,1.2984628677368164,0.14137208461761475,4,,
nso-nso-446,nso,mc1,mc1,1,3,False,0.48685404658317566,0.9414703249931335,0.042280107736587524,4,,
nso-nso-447,nso,mc1,mc1,3,0,False,0.3731788694858551,1.1883864402770996,0.06361296772956848,4,,
nso-nso-448,nso,mc1,mc1,1,2,False,0.33417174220085144,1.3269790410995483,0.0,4,,
nso-nso-449,nso,mc1,mc1,3,3,True,0.7980936765670776,0.7218341827392578,0.7206393480300903,4,,
nso-nso-450,nso,mc1,mc1,0,3,False,0.3946550190448761,1.2194979190826416,0.03614655137062073,4,,
nso-nso-451,nso,mc1,mc1,0,0,True,0.9343235492706299,0.31348717212677,0.9074999690055847,4,,
nso-nso-452,nso,mc1,mc1,3,0,False,0.8901369571685791,0.425382524728775,0.8211280107498169,4,,
nso-nso-453,nso,mc1,mc1,3,1,False,0.5456516146659851,0.920143723487854,0.1565074622631073,4,,
nso-nso-454,nso,mc1,mc1,0,1,False,0.4515179693698883,1.1506104469299316,0.08873629570007324,4,,
nso-nso-455,nso,mc1,mc1,2,2,True,0.6911627054214478,0.9439178705215454,0.5509549379348755,4,,
nso-nso-456,nso,mc1,mc1,0,1,False,0.3763526678085327,1.2875410318374634,0.052310049533843994,4,,
nso-nso-457,nso,mc1,mc1,0,3,False,0.646784245967865,0.9295061230659485,0.39801931381225586,4,,
nso-nso-458,nso,mc1,mc1,3,3,True,0.7864163517951965,0.6464806795120239,0.6121638417243958,4,,
nso-nso-459,nso,mc1,mc1,1,2,False,0.6175615191459656,0.9198534488677979,0.316724956035614,4,,
nso-nso-460,nso,mc1,mc1,0,2,False,0.45925164222717285,0.997279942035675,0.056806325912475586,3,,
nso-nso-461,nso,mc1,mc1,0,0,True,0.5329644680023193,0.6909723281860352,0.06592899560928345,2,,
nso-nso-462,nso,mc1,mc1,3,0,False,0.7253545522689819,0.8121525645256042,0.5345332622528076,4,,
nso-nso-463,nso,mc1,mc1,3,1,False,0.6868269443511963,0.7815968990325928,0.41981780529022217,4,,
nso-nso-464,nso,mc1,mc1,3,1,False,0.5854175686836243,1.02824866771698,0.32200127840042114,4,,
nso-nso-465,nso,mc1,mc1,1,3,False,0.7184092402458191,0.87995445728302,0.5683178305625916,4,,
nso-nso-466,nso,mc1,mc1,1,3,False,0.6277323961257935,0.9816144108772278,0.38028284907341003,4,,
nso-nso-467,nso,mc1,mc1,3,2,False,0.5637097954750061,1.15812349319458,0.38464340567588806,4,,
nso-nso-468,nso,mc1,mc1,1,2,False,0.43536248803138733,1.2808856964111328,0.20729702711105347,4,,
nso-nso-469,nso,mc1,mc1,3,2,False,0.9517920613288879,0.21249157190322876,0.9099534749984741,4,,
nso-nso-470,nso,mc1,mc1,1,0,False,0.9576390981674194,0.17537616193294525,0.9152781367301941,2,,
nso-nso-471,nso,mc1,mc1,2,2,True,0.5504003763198853,0.9650682806968689,0.18657463788986206,4,,
nso-nso-472,nso,mc1,mc1,2,1,False,0.7446334958076477,0.8204564452171326,0.6093194484710693,4,,
nso-nso-473,nso,mc1,mc1,1,0,False,0.5593276619911194,0.6860910654067993,0.11865532398223877,2,,
nso-nso-474,nso,mc1,mc1,1,2,False,0.5835175514221191,0.9541064500808716,0.322142630815506,3,,
nso-nso-475,nso,mc1,mc1,1,2,False,0.875795841217041,0.4597892761230469,0.8039941191673279,3,,
nso-nso-476,nso,mc1,mc1,0,1,False,0.7233307957649231,0.7121395468711853,0.47978508472442627,4,,
nso-nso-477,nso,mc1,mc1,2,1,False,0.4553259313106537,1.2597119808197021,0.2071210741996765,4,,
nso-nso-478,nso,mc1,mc1,2,0,False,0.9495113492012024,0.2498732954263687,0.9274358153343201,4,,
nso-nso-479,nso,mc1,mc1,1,3,False,0.2844512462615967,1.3758244514465332,0.008182615041732788,4,,
nso-nso-480,nso,mc1,mc1,0,0,True,0.46060702204704285,1.029187798500061,0.0951814353466034,3,,
nso-nso-481,nso,mc1,mc1,0,3,False,0.9937072396278381,0.04464447498321533,0.9904871582984924,4,,
nso-nso-482,nso,mc1,mc1,2,0,False,0.9993523955345154,0.0060199229046702385,0.9989855885505676,4,,
nso-nso-483,nso,mc1,mc1,0,0,True,0.9528311491012573,0.23570287227630615,0.9311569333076477,4,,
nso-nso-484,nso,mc1,mc1,2,1,False,0.8930644392967224,0.37307775020599365,0.796042799949646,3,,
nso-nso-485,nso,mc1,mc1,2,0,False,0.9995531439781189,0.004272705875337124,0.9993226528167725,4,,
nso-nso-486,nso,mc1,mc1,0,1,False,0.38516154885292053,1.2184473276138306,0.05016240477561951,4,,
nso-nso-487,nso,mc1,mc1,0,0,True,0.3408653736114502,1.320627212524414,0.01770627498626709,4,,
nso-nso-488,nso,mc1,mc1,2,2,True,0.5244487524032593,1.1512476205825806,0.24935665726661682,4,,
nso-nso-489,nso,mc1,mc1,1,1,True,0.7494083046913147,0.7954762578010559,0.6053671836853027,4,,
nso-nso-490,nso,mc1,mc1,0,3,False,0.67509925365448,0.9580444097518921,0.5160114169120789,4,,
nso-nso-491,nso,mc1,mc1,1,3,False,0.8859129548072815,0.43586382269859314,0.8109598755836487,4,,
nso-nso-492,nso,mc1,mc1,3,0,False,0.4924285411834717,1.1461079120635986,0.16593939065933228,4,,
nso-nso-493,nso,mc1,mc1,2,3,False,0.3675440549850464,1.35052490234375,0.137047678232193,4,,
nso-nso-494,nso,mc1,mc1,3,3,True,0.6281196475028992,0.961984395980835,0.38808000087738037,4,,
nso-nso-495,nso,mc1,mc1,0,0,True,0.5019969940185547,0.6931391954421997,0.003993958234786987,2,,
nso-nso-496,nso,mc1,mc1,0,2,False,0.6184989809989929,0.9216498136520386,0.3898482620716095,3,,
nso-nso-497,nso,mc1,mc1,0,0,True,0.5205322504043579,0.6923037767410278,0.04106453061103821,2,,
nso-nso-498,nso,mc1,mc1,0,0,True,0.7782078385353088,0.5291669368743896,0.5564156770706177,2,,
nso-nso-499,nso,mc1,mc1,3,1,False,0.6291758418083191,0.7401315569877625,0.27928149700164795,4,,
nso-nso-500,nso,mc1,mc1,0,0,True,0.41675978899002075,1.212052822113037,0.07086345553398132,4,,
nso-nso-501,nso,mc1,mc1,1,3,False,0.4686911106109619,1.2393591403961182,0.19775307178497314,4,,
nso-nso-502,nso,mc1,mc1,0,1,False,0.8072020411491394,0.491004079580307,0.6144833564758301,4,,
nso-nso-503,nso,mc1,mc1,2,2,True,0.268998384475708,1.3850278854370117,0.018635869026184082,4,,
nso-nso-504,nso,mc1,mc1,1,1,True,0.2976692318916321,1.3699820041656494,0.006200313568115234,4,,
nso-nso-505,nso,mc1,mc1,0,0,True,0.9424664974212646,0.2760195732116699,0.9159543514251709,4,,
nso-nso-506,nso,mc1,mc1,3,3,True,0.9063481092453003,0.40021902322769165,0.8507135510444641,4,,
nso-nso-507,nso,mc1,mc1,1,0,False,0.654362142086029,0.9988098740577698,0.5020480155944824,4,,
nso-nso-508,nso,mc1,mc1,1,1,True,0.6325430274009705,1.008382797241211,0.41399329900741577,4,,
nso-nso-509,nso,mc1,mc1,0,2,False,0.6227774024009705,0.9649707078933716,0.3784305155277252,4,,
nso-nso-510,nso,mc1,mc1,0,0,True,0.39565521478652954,1.298266053199768,0.1166665256023407,4,,
nso-nso-511,nso,mc1,mc1,0,3,False,0.46616509556770325,1.2120532989501953,0.1813165843486786,4,,
nso-nso-512,nso,mc1,mc1,3,0,False,0.6580731272697449,1.0148060321807861,0.5247488617897034,4,,
nso-nso-513,nso,mc1,mc1,2,2,True,0.8825520873069763,0.43975675106048584,0.7914851307868958,4,,
nso-nso-514,nso,mc1,mc1,2,3,False,0.7761934399604797,0.7262590527534485,0.6283583045005798,4,,
nso-nso-515,nso,mc1,mc1,2,2,True,0.51331627368927,1.0905547142028809,0.17380255460739136,4,,
nso-nso-516,nso,mc1,mc1,2,1,False,0.7080059051513672,0.6363831758499146,0.42285701632499695,3,,
nso-nso-517,nso,mc1,mc1,1,0,False,0.4394448399543762,1.2069050073623657,0.09700244665145874,4,,
nso-nso-518,nso,mc1,mc1,1,3,False,0.6871728301048279,0.9579668045043945,0.5613101720809937,4,,
nso-nso-519,nso,mc1,mc1,1,0,False,0.4219878911972046,1.2377135753631592,0.08586698770523071,4,,
nso-nso-520,nso,mc1,mc1,3,3,True,0.9293102622032166,0.30199044942855835,0.8735492825508118,4,,
nso-nso-521,nso,mc1,mc1,2,0,False,0.7737193703651428,0.5696805715560913,0.5555423498153687,3,,
nso-nso-522,nso,mc1,mc1,3,2,False,0.9942144751548767,0.03777354210615158,0.9889887571334839,4,,
nso-nso-523,nso,mc1,mc1,1,3,False,0.7261576056480408,0.8616693019866943,0.6025670766830444,4,,
nso-nso-524,nso,mc1,mc1,2,3,False,0.9707976579666138,0.14287251234054565,0.9451363682746887,4,,
nso-nso-525,nso,mc1,mc1,2,2,True,0.9608727097511292,0.20558825135231018,0.941146731376648,4,,
nso-nso-526,nso,mc1,mc1,0,3,False,0.3631232976913452,1.2870789766311646,0.03836211562156677,4,,
nso-nso-527,nso,mc1,mc1,1,0,False,0.863570511341095,0.4990794062614441,0.7658827304840088,4,,
nso-nso-528,nso,mc1,mc1,2,0,False,0.38035300374031067,1.3256826400756836,0.10828137397766113,4,,
nso-nso-529,nso,mc1,mc1,1,1,True,0.3412187993526459,1.2643215656280518,0.015669316053390503,4,,
nso-nso-530,nso,mc1,mc1,2,3,False,0.3867117166519165,1.2905027866363525,0.12129718065261841,4,,
nso-nso-531,nso,mc1,mc1,0,0,True,0.6587203741073608,0.8000431060791016,0.3771015703678131,3,,
nso-nso-532,nso,mc1,mc1,0,0,True,0.47594311833381653,1.234378695487976,0.22713607549667358,4,,
nso-nso-533,nso,mc1,mc1,2,2,True,0.8321757912635803,0.523954451084137,0.6834964752197266,4,,
nso-nso-534,nso,mc1,mc1,3,3,True,0.3858506381511688,1.3110157251358032,0.08748245239257812,4,,
nso-nso-535,nso,mc1,mc1,2,1,False,0.6526257991790771,0.8801044821739197,0.44548749923706055,3,,
nso-nso-536,nso,mc1,mc1,2,2,True,0.8006991744041443,0.7017654180526733,0.7137093544006348,4,,
nso-nso-537,nso,mc1,mc1,0,2,False,0.36732688546180725,1.2657973766326904,0.0,4,,
nso-nso-538,nso,mc1,mc1,2,0,False,0.48661431670188904,1.0569812059402466,0.14831432700157166,4,,
nso-nso-539,nso,mc1,mc1,1,2,False,0.3665521740913391,1.335208773612976,0.08541947603225708,4,,
nso-nso-540,nso,mc1,mc1,1,2,False,0.8863303661346436,0.415813148021698,0.79913330078125,3,,
nso-nso-541,nso,mc1,mc1,3,3,True,0.7161230444908142,0.8711200952529907,0.5721333026885986,4,,
nso-nso-542,nso,mc1,mc1,1,1,True,0.9749841094017029,0.11696521192789078,0.949968159198761,2,,
nso-nso-543,nso,mc1,mc1,0,0,True,0.8736727237701416,0.3793448507785797,0.747345507144928,2,,
nso-nso-544,nso,mc1,mc1,0,0,True,0.7307321429252625,0.5825292468070984,0.46146437525749207,2,,
nso-nso-545,nso,mc1,mc1,0,1,False,0.4843626022338867,1.2034379243850708,0.239899680018425,4,,
nso-nso-546,nso,mc1,mc1,1,0,False,0.7450097799301147,0.5677513480186462,0.4900195598602295,2,,
nso-nso-547,nso,mc1,mc1,0,0,True,0.41187766194343567,1.1166932582855225,0.011897027492523193,4,,
nso-nso-548,nso,mc1,mc1,1,2,False,0.48331648111343384,0.9444527626037598,0.06524431705474854,3,,
nso-nso-549,nso,mc1,mc1,2,2,True,0.9511390328407288,0.24825868010520935,0.9318224191665649,4,,
nso-nso-550,nso,mc1,mc1,1,3,False,0.7685759663581848,0.6317019462585449,0.5602433681488037,4,,
nso-nso-551,nso,mc1,mc1,0,0,True,0.4151644706726074,1.1392816305160522,0.0244581401348114,4,,
nso-nso-552,nso,mc1,mc1,2,1,False,0.7071055173873901,0.9213367700576782,0.5948561429977417,4,,
nso-nso-553,nso,mc1,mc1,0,1,False,0.5691986083984375,1.0819125175476074,0.3017197549343109,4,,
nso-nso-554,nso,mc1,mc1,2,2,True,0.9409693479537964,0.2852470278739929,0.9109039902687073,4,,
nso-nso-555,nso,mc1,mc1,0,1,False,0.9975368976593018,0.017738807946443558,0.9951921701431274,4,,
nso-nso-556,nso,mc1,mc1,2,3,False,0.45507746934890747,1.2500989437103271,0.17515426874160767,4,,
nso-nso-557,nso,mc1,mc1,0,0,True,0.9957587122917175,0.0315636582672596,0.9933457374572754,4,,
nso-nso-558,nso,mc1,mc1,0,1,False,0.4098476767539978,1.2575864791870117,0.11495387554168701,4,,
nso-nso-559,nso,mc1,mc1,1,2,False,0.48827970027923584,1.096445083618164,0.1274215579032898,4,,
nso-nso-560,nso,mc1,mc1,0,3,False,0.8014520406723022,0.6101123690605164,0.6363242268562317,4,,
nso-nso-561,nso,mc1,mc1,1,0,False,0.7710140347480774,0.5859981775283813,0.5520440340042114,4,,
nso-nso-562,nso,mc1,mc1,3,2,False,0.6346020698547363,0.9219579696655273,0.3890905976295471,4,,
nso-nso-563,nso,mc1,mc1,0,3,False,0.5198001861572266,1.0239681005477905,0.16055455803871155,4,,
nso-nso-564,nso,mc1,mc1,0,1,False,0.6329390406608582,0.8257195353507996,0.3157435953617096,4,,
nso-nso-565,nso,mc1,mc1,0,2,False,0.36052006483078003,1.295794129371643,0.07058721780776978,4,,
nso-nso-566,nso,mc1,mc1,0,0,True,0.47832563519477844,0.9242377281188965,0.04173809289932251,3,,
nso-nso-567,nso,mc1,mc1,0,1,False,0.2996843457221985,1.3780840635299683,0.047973066568374634,4,,
nso-nso-568,nso,mc1,mc1,2,0,False,0.95480877161026,0.2282496690750122,0.9308344125747681,4,,
nso-nso-569,nso,mc1,mc1,2,3,False,0.4947214126586914,0.9881377220153809,0.07793226838111877,4,,
nso-nso-570,nso,mc1,mc1,2,3,False,0.7946063280105591,0.6023221611976624,0.6202074289321899,4,,
nso-nso-571,nso,mc1,mc1,0,2,False,0.9779025912284851,0.12003345787525177,0.9629955887794495,3,,
nso-nso-572,nso,mc1,mc1,3,3,True,0.3999618887901306,1.1768487691879272,0.022437304258346558,4,,
nso-nso-573,nso,mc1,mc1,0,1,False,0.5356255769729614,0.6906066536903381,0.07125109434127808,2,,
nso-nso-574,nso,mc1,mc1,1,2,False,0.6770594120025635,0.8541159629821777,0.43348413705825806,4,,
nso-nso-575,nso,mc1,mc1,1,1,True,0.5492892861366272,0.688280463218689,0.09857863187789917,2,,
nso-nso-576,nso,mc1,mc1,2,1,False,0.5070973038673401,1.1124403476715088,0.1839349865913391,4,,
nso-nso-577,nso,mc1,mc1,1,1,True,0.7576621770858765,0.8199750185012817,0.675788402557373,4,,
nso-nso-578,nso,mc1,mc1,3,2,False,0.37247878313064575,1.2266417741775513,0.001375347375869751,4,,
nso-nso-579,nso,mc1,mc1,2,2,True,0.833111584186554,0.5269671082496643,0.686603307723999,4,,
nso-nso-580,nso,mc1,mc1,3,3,True,0.6853300333023071,0.9453752040863037,0.5520377159118652,4,,
nso-nso-581,nso,mc1,mc1,3,0,False,0.5635076761245728,1.1630808115005493,0.40405169129371643,4,,
nso-nso-582,nso,mc1,mc1,2,2,True,0.5091460347175598,1.20511794090271,0.270686537027359,4,,
nso-nso-583,nso,mc1,mc1,3,3,True,0.5062326192855835,1.0381269454956055,0.13005796074867249,4,,
nso-nso-584,nso,mc1,mc1,2,2,True,0.43314847350120544,1.1715357303619385,0.10040193796157837,4,,
nso-nso-585,nso,mc1,mc1,1,1,True,0.7711377143859863,0.5378980040550232,0.5422754287719727,2,,
nso-nso-586,nso,mc1,mc1,1,1,True,0.5169329047203064,1.2168846130371094,0.32552793622016907,4,,
nso-nso-587,nso,mc1,mc1,2,2,True,0.5712572932243347,1.1111348867416382,0.36399489641189575,4,,
nso-nso-588,nso,mc1,mc1,1,3,False,0.5402390360832214,1.0428578853607178,0.21279773116111755,4,,
nso-nso-589,nso,mc1,mc1,2,3,False,0.8604836463928223,0.5176072120666504,0.7672192454338074,4,,
nso-nso-590,nso,mc1,mc1,0,1,False,0.5012775659561157,1.0185461044311523,0.1812794804573059,3,,
nso-nso-591,nso,mc1,mc1,0,0,True,0.47705501317977905,1.2031222581863403,0.1817339062690735,4,,
nso-nso-592,nso,mc1,mc1,1,2,False,0.9022442698478699,0.4225267171859741,0.8571152091026306,4,,
nso-nso-593,nso,mc1,mc1,1,0,False,0.9823769330978394,0.09403647482395172,0.9662589430809021,4,,
nso-nso-594,nso,mc1,mc1,3,3,True,0.3407380282878876,1.3423094749450684,0.05014222860336304,4,,
nso-nso-595,nso,mc1,mc1,2,3,False,0.6289085745811462,0.9461480379104614,0.4203658103942871,4,,
nso-nso-596,nso,mc1,mc1,1,3,False,0.8860819935798645,0.4694298207759857,0.8281509280204773,4,,
nso-nso-597,nso,mc1,mc1,3,2,False,0.4235313832759857,1.0498487949371338,0.029009103775024414,4,,
nso-nso-598,nso,mc1,mc1,2,3,False,0.42444920539855957,1.2550162076950073,0.16422587633132935,4,,
nso-nso-599,nso,mc1,mc1,0,3,False,0.49309390783309937,1.1731270551681519,0.21978798508644104,4,,
nso-nso-600,nso,mc1,mc1,0,3,False,0.9921488761901855,0.05252394452691078,0.9881021976470947,4,,
nso-nso-601,nso,mc1,mc1,3,3,True,0.9251289963722229,0.34802114963531494,0.8981555700302124,4,,
nso-nso-602,nso,mc1,mc1,0,0,True,0.9542486667633057,0.1858101338148117,0.9084972739219666,2,,
nso-nso-603,nso,mc1,mc1,3,0,False,0.7666459679603577,0.6063448190689087,0.5486894845962524,4,,
nso-nso-604,nso,mc1,mc1,1,2,False,0.5272912383079529,0.951747715473175,0.16767796874046326,3,,
nso-nso-605,nso,mc1,mc1,2,1,False,0.7409491539001465,0.7504492998123169,0.5991076827049255,3,,
nso-nso-606,nso,mc1,mc1,0,1,False,0.9431071281433105,0.2514421045780182,0.8960945010185242,4,,
nso-nso-607,nso,mc1,mc1,3,1,False,0.5018714070320129,1.0795738697052002,0.21954047679901123,4,,
nso-nso-608,nso,mc1,mc1,0,0,True,0.4298936128616333,1.2734289169311523,0.1412995457649231,4,,
nso-nso-609,nso,mc1,mc1,3,3,True,0.5772807598114014,1.0464458465576172,0.3733140230178833,4,,
nso-nso-610,nso,mc1,mc1,3,2,False,0.5119258761405945,1.14427649974823,0.23146766424179077,4,,
nso-nso-611,nso,mc1,mc1,2,2,True,0.6941620111465454,0.8712726831436157,0.501907229423523,4,,
nso-nso-612,nso,mc1,mc1,0,0,True,0.5245547294616699,1.2055772542953491,0.3367066979408264,4,,
nso-nso-613,nso,mc1,mc1,0,3,False,0.39655235409736633,1.30491042137146,0.10544484853744507,4,,
nso-nso-614,nso,mc1,mc1,1,3,False,0.35299962759017944,1.30387282371521,0.040898680686950684,4,,
nso-nso-615,nso,mc1,mc1,0,2,False,0.8383080363273621,0.5500661134719849,0.711704432964325,4,,
nso-nso-616,nso,mc1,mc1,2,2,True,0.683025062084198,0.9297438859939575,0.5330817699432373,4,,
nso-nso-617,nso,mc1,mc1,3,3,True,0.928043782711029,0.31582996249198914,0.877192497253418,4,,
nso-nso-618,nso,mc1,mc1,1,2,False,0.4711676836013794,1.2604889869689941,0.24348682165145874,4,,
nso-nso-619,nso,mc1,mc1,1,0,False,0.38898760080337524,1.0907838344573975,0.06574010848999023,3,,
nso-nso-620,nso,mc1,mc1,0,2,False,0.5368846654891968,1.0253630876541138,0.18651148676872253,4,,
nso-nso-621,nso,mc1,mc1,0,0,True,0.6378009915351868,0.8286921381950378,0.3429909646511078,3,,
nso-nso-622,nso,mc1,mc1,3,3,True,0.3712773025035858,1.272676944732666,0.008893817663192749,4,,
nso-nso-623,nso,mc1,mc1,0,1,False,0.6502490639686584,0.6472923755645752,0.3004981577396393,2,,
nso-nso-624,nso,mc1,mc1,2,3,False,0.4673929512500763,1.0641969442367554,0.17294403910636902,4,,
nso-nso-625,nso,mc1,mc1,1,3,False,0.3309856355190277,1.3163542747497559,0.014517158269882202,4,,
nso-nso-626,nso,mc1,mc1,0,1,False,0.4011198878288269,1.0913655757904053,0.09355738759040833,4,,
nso-nso-627,nso,mc1,mc1,2,2,True,0.5632138848304749,1.1611648797988892,0.3970983624458313,4,,
nso-nso-628,nso,mc1,mc1,3,2,False,0.3522030711174011,1.3492251634597778,0.08260476589202881,4,,
nso-nso-629,nso,mc1,mc1,2,1,False,0.7676101922988892,0.7599965333938599,0.6261801719665527,4,,
nso-nso-630,nso,mc1,mc1,2,1,False,0.34710100293159485,1.2683460712432861,0.03939881920814514,4,,
nso-nso-631,nso,mc1,mc1,3,3,True,0.517208993434906,1.1648218631744385,0.2849578261375427,4,,
nso-nso-632,nso,mc1,mc1,1,0,False,0.7977968454360962,0.5159913897514343,0.5978864431381226,3,,
nso-nso-633,nso,mc1,mc1,0,2,False,0.5884886980056763,0.9995988607406616,0.3008357882499695,4,,
nso-nso-634,nso,mc1,mc1,3,0,False,0.7621517777442932,0.7279403805732727,0.5894119143486023,4,,
nso-nso-635,nso,mc1,mc1,1,1,True,0.5980479121208191,0.673795223236084,0.1960957944393158,2,,
nso-nso-636,nso,mc1,mc1,2,2,True,0.5877189040184021,1.0901292562484741,0.40902501344680786,4,,
nso-nso-637,nso,mc1,mc1,2,1,False,0.5461229085922241,0.9700344800949097,0.23313835263252258,3,,
nso-nso-638,nso,mc1,mc1,2,3,False,0.6926897764205933,0.7200530767440796,0.4133681654930115,4,,
nso-nso-639,nso,mc1,mc1,3,3,True,0.3713991940021515,1.281977891921997,0.07944560050964355,4,,
nso-nso-640,nso,mc1,mc1,1,1,True,0.660293459892273,0.6408406496047974,0.3205869495868683,2,,
nso-nso-641,nso,mc1,mc1,0,0,True,0.5144148468971252,1.0440832376480103,0.14699852466583252,4,,
nso-nso-642,nso,mc1,mc1,1,0,False,0.47472336888313293,1.261781930923462,0.25807344913482666,4,,
nso-nso-643,nso,mc1,mc1,3,1,False,0.8785938620567322,0.49662578105926514,0.8197906613349915,4,,
nso-nso-644,nso,mc1,mc1,1,1,True,0.7151628732681274,0.7781481742858887,0.49252068996429443,4,,
nso-nso-645,nso,mc1,mc1,0,2,False,0.392598420381546,1.1738330125808716,0.0008661746978759766,4,,
nso-nso-646,nso,mc1,mc1,3,0,False,0.509789228439331,1.1256476640701294,0.22579160332679749,4,,
nso-nso-647,nso,mc1,mc1,1,2,False,0.5427466630935669,1.1675220727920532,0.32198458909988403,4,,
nso-nso-648,nso,mc1,mc1,3,3,True,0.46177923679351807,1.1991063356399536,0.19801893830299377,4,,
nso-nso-649,nso,mc1,mc1,1,1,True,0.7634902596473694,0.7565366625785828,0.6090103983879089,4,,
nso-nso-650,nso,mc1,mc1,3,2,False,0.33240029215812683,1.243187665939331,0.005323439836502075,4,,
nso-nso-651,nso,mc1,mc1,1,2,False,0.4288511574268341,1.1155338287353516,0.06935375928878784,4,,
nso-nso-652,nso,mc1,mc1,2,2,True,0.9253794550895691,0.3469669222831726,0.89680415391922,4,,
nso-nso-653,nso,mc1,mc1,0,1,False,0.9731037616729736,0.15250353515148163,0.9623090624809265,4,,
nso-nso-654,nso,mc1,mc1,0,1,False,0.5994580388069153,0.8227443695068359,0.2363835871219635,4,,
nso-nso-655,nso,mc1,mc1,3,0,False,0.775908887386322,0.7450790405273438,0.6568416357040405,4,,
nso-nso-656,nso,mc1,mc1,1,3,False,0.39479100704193115,1.269909143447876,0.05641975998878479,4,,
nso-nso-657,nso,mc1,mc1,1,1,True,0.5648059844970703,1.1399481296539307,0.36355721950531006,4,,
nso-nso-658,nso,mc1,mc1,2,1,False,0.9867804646492004,0.08100365102291107,0.9800385236740112,4,,
nso-nso-659,nso,mc1,mc1,2,2,True,0.3018626272678375,1.3751072883605957,0.033551961183547974,4,,
nso-nso-660,nso,mc1,mc1,3,3,True,0.9055954217910767,0.3553585410118103,0.8226157426834106,4,,
nso-nso-661,nso,mc1,mc1,3,1,False,0.6975815892219543,0.8989408612251282,0.5211706757545471,4,,
nso-nso-662,nso,mc1,mc1,2,0,False,0.9256207942962646,0.3435249924659729,0.8910518288612366,4,,
nso-nso-663,nso,mc1,mc1,2,1,False,0.9905058741569519,0.05726752430200577,0.9820927381515503,4,,
nso-nso-664,nso,mc1,mc1,1,1,True,0.7529317736625671,0.8278607130050659,0.6609151363372803,4,,
nso-nso-665,nso,mc1,mc1,1,1,True,0.4088320732116699,1.0795754194259644,0.014224529266357422,4,,
nso-nso-666,nso,mc1,mc1,2,0,False,0.9517204761505127,0.2036881446838379,0.9056769609451294,4,,
nso-nso-667,nso,mc1,mc1,0,3,False,0.35859215259552,1.3322664499282837,0.05821102857589722,4,,
nso-nso-668,nso,mc1,mc1,0,0,True,0.8335291147232056,0.5691439509391785,0.7118780612945557,4,,
nso-nso-669,nso,mc1,mc1,1,3,False,0.4587765038013458,1.0976874828338623,0.10345932841300964,4,,
nso-nso-670,nso,mc1,mc1,3,3,True,0.41655758023262024,1.2939547300338745,0.14827588200569153,4,,
nso-nso-671,nso,mc1,mc1,3,3,True,0.8045564293861389,0.6117492914199829,0.647151529788971,4,,
nso-nso-672,nso,mc1,mc1,1,3,False,0.28108078241348267,1.3824844360351562,0.02093258500099182,4,,
nso-nso-673,nso,mc1,mc1,3,3,True,0.448900431394577,1.2432043552398682,0.15083006024360657,4,,
nso-nso-674,nso,mc1,mc1,0,0,True,0.45694002509117126,1.2175992727279663,0.14545223116874695,4,,
nso-nso-675,nso,mc1,mc1,0,1,False,0.7489316463470459,0.8329099416732788,0.6400203704833984,4,,
nso-nso-676,nso,mc1,mc1,1,3,False,0.9861884713172913,0.0833183079957962,0.9764280319213867,4,,
nso-nso-677,nso,mc1,mc1,0,2,False,0.46398496627807617,1.022179365158081,0.09345132112503052,4,,
nso-nso-678,nso,mc1,mc1,1,2,False,0.36682558059692383,1.0995796918869019,0.02981594204902649,4,,
nso-nso-679,nso,mc1,mc1,0,1,False,0.47481340169906616,1.2514796257019043,0.2564220428466797,4,,
nso-nso-680,nso,mc1,mc1,2,0,False,0.34485217928886414,1.2380826473236084,0.02455294132232666,4,,
nso-nso-681,nso,mc1,mc1,1,1,True,0.7855076789855957,0.7332404851913452,0.6675836443901062,4,,
nso-nso-682,nso,mc1,mc1,1,0,False,0.5732314586639404,0.6823828220367432,0.14646294713020325,2,,
nso-nso-683,nso,mc1,mc1,2,3,False,0.9194948077201843,0.35862308740615845,0.8815255165100098,4,,
nso-nso-684,nso,mc1,mc1,1,2,False,0.4487534761428833,1.2876369953155518,0.2409062683582306,4,,
nso-nso-685,nso,mc1,mc1,0,3,False,0.3325197100639343,1.3484814167022705,0.03903964161872864,4,,
nso-nso-686,nso,mc1,mc1,0,2,False,0.4468209743499756,1.0159213542938232,0.04899001121520996,3,,
nso-nso-687,nso,mc1,mc1,2,0,False,0.39606186747550964,1.331339716911316,0.16387170553207397,4,,
nso-nso-688,nso,mc1,mc1,2,3,False,0.33661574125289917,1.3244041204452515,0.02020147442817688,4,,
nso-nso-689,nso,mc1,mc1,0,3,False,0.335817813873291,1.3634529113769531,0.09046284854412079,4,,
nso-nso-690,nso,mc1,mc1,0,2,False,0.9567382335662842,0.2112361639738083,0.9265464544296265,4,,
nso-nso-691,nso,mc1,mc1,0,1,False,0.3886171281337738,1.2627131938934326,0.036441951990127563,4,,
nso-nso-692,nso,mc1,mc1,3,0,False,0.7689893245697021,0.6593572497367859,0.5714997053146362,4,,
nso-nso-693,nso,mc1,mc1,1,1,True,0.8104836344718933,0.6776512861251831,0.7241332530975342,4,,
nso-nso-694,nso,mc1,mc1,2,2,True,0.7056457996368408,0.7644266486167908,0.47873204946517944,3,,
nso-nso-695,nso,mc1,mc1,0,3,False,0.4685010015964508,1.2746847867965698,0.2843971252441406,4,,
nso-nso-696,nso,mc1,mc1,2,0,False,0.5056841373443604,1.1789309978485107,0.26974213123321533,4,,
nso-nso-697,nso,mc1,mc1,1,2,False,0.5691340565681458,1.0862621068954468,0.3416637182235718,4,,
nso-nso-698,nso,mc1,mc1,2,0,False,0.5007729530334473,1.1579291820526123,0.2043369710445404,4,,
nso-nso-699,nso,mc1,mc1,2,0,False,0.5001140236854553,1.2135134935379028,0.2575545012950897,4,,
nso-nso-700,nso,mc1,mc1,0,1,False,0.4338664412498474,1.0764224529266357,0.14062735438346863,3,,
nso-nso-701,nso,mc1,mc1,0,0,True,0.7580344676971436,0.5533349514007568,0.5160689353942871,2,,
nso-nso-702,nso,mc1,mc1,2,1,False,0.7029682397842407,0.8885706663131714,0.5393180847167969,4,,
nso-nso-703,nso,mc1,mc1,1,3,False,0.4364651143550873,1.235069751739502,0.17273753881454468,4,,
nso-nso-704,nso,mc1,mc1,0,1,False,0.4322797954082489,1.1884407997131348,0.0655178427696228,4,,
nso-nso-705,nso,mc1,mc1,2,3,False,0.4599212110042572,1.2535535097122192,0.23922060430049896,4,,
nso-nso-706,nso,mc1,mc1,1,1,True,0.6470723152160645,0.995074987411499,0.4651232361793518,4,,
nso-nso-707,nso,mc1,mc1,3,2,False,0.42530184984207153,1.1684398651123047,0.03938955068588257,4,,
nso-nso-708,nso,mc1,mc1,3,2,False,0.3081800043582916,1.3449134826660156,0.029195636510849,4,,
nso-nso-709,nso,mc1,mc1,2,3,False,0.4479600787162781,1.1609973907470703,0.13650116324424744,4,,
nso-nso-710,nso,mc1,mc1,2,2,True,0.46599888801574707,1.2091572284698486,0.1637953817844391,4,,
nso-nso-711,nso,mc1,mc1,2,3,False,0.7381963729858398,0.8169184327125549,0.5814088582992554,4,,
nso-nso-712,nso,mc1,mc1,1,1,True,0.5012149810791016,0.6931442022323608,0.002429962158203125,2,,
nso-nso-713,nso,mc1,mc1,2,1,False,0.6852396130561829,0.933406412601471,0.5177397131919861,4,,
nso-nso-714,nso,mc1,mc1,0,0,True,0.5894353985786438,1.0083701610565186,0.2992881238460541,4,,
nso-nso-715,nso,mc1,mc1,3,3,True,0.37404417991638184,1.1639235019683838,0.05484294891357422,4,,
nso-nso-716,nso,mc1,mc1,0,0,True,0.720505952835083,0.6995047926902771,0.4768417477607727,3,,
nso-nso-717,nso,mc1,mc1,3,0,False,0.5256667733192444,1.120720624923706,0.2576386034488678,4,,
nso-nso-718,nso,mc1,mc1,2,2,True,0.7513617873191833,0.6427279114723206,0.5280748009681702,3,,
nso-nso-719,nso,mc1,mc1,0,1,False,0.7680130004882812,0.772456705570221,0.6588099598884583,4,,
nso-nso-720,nso,mc1,mc1,1,1,True,0.7836428284645081,0.5222585797309875,0.5672856569290161,2,,
nso-nso-721,nso,mc1,mc1,0,0,True,0.7443510890007019,0.7959160804748535,0.5847944021224976,4,,
nso-nso-722,nso,mc1,mc1,0,3,False,0.5396901369094849,1.14659583568573,0.33464711904525757,4,,
nso-nso-723,nso,mc1,mc1,1,1,True,0.5517526865005493,1.1019973754882812,0.3465515077114105,4,,
nso-nso-724,nso,mc1,mc1,2,2,True,0.47149527072906494,1.2164087295532227,0.19427362084388733,4,,
nso-nso-725,nso,mc1,mc1,0,0,True,0.6597175002098083,0.9158289432525635,0.4874747395515442,4,,
nso-nso-726,nso,mc1,mc1,1,1,True,0.6784957051277161,0.6279981732368469,0.35699141025543213,2,,
nso-nso-727,nso,mc1,mc1,1,2,False,0.9813613295555115,0.09739955514669418,0.963977575302124,4,,
nso-nso-728,nso,mc1,mc1,2,0,False,0.46852540969848633,0.9376632571220398,0.03008449077606201,3,,
nso-nso-729,nso,mc1,mc1,0,0,True,0.8529350161552429,0.41758406162261963,0.7058700323104858,2,,
nso-nso-730,nso,mc1,mc1,1,2,False,0.818516194820404,0.5987136960029602,0.7197115421295166,3,,
nso-nso-731,nso,mc1,mc1,2,0,False,0.5364357829093933,1.10260009765625,0.2824079990386963,4,,
nso-nso-732,nso,mc1,mc1,0,3,False,0.3475339710712433,1.2512097358703613,0.03860503435134888,4,,
nso-nso-733,nso,mc1,mc1,1,3,False,0.7666741609573364,0.7982026934623718,0.6776890754699707,4,,
nso-nso-734,nso,mc1,mc1,0,2,False,0.6965094208717346,0.8514202833175659,0.484172523021698,4,,
nso-nso-735,nso,mc1,mc1,2,1,False,0.5935330390930176,1.0741167068481445,0.37898147106170654,4,,
nso-nso-736,nso,mc1,mc1,1,3,False,0.9757710099220276,0.13836845755577087,0.9653724431991577,4,,
nso-nso-737,nso,mc1,mc1,0,2,False,0.6664919257164001,0.9381994009017944,0.45707809925079346,4,,
nso-nso-738,nso,mc1,mc1,1,2,False,0.6144031882286072,0.9562358260154724,0.3554292619228363,4,,
nso-nso-739,nso,mc1,mc1,0,3,False,0.3677787780761719,1.2678543329238892,0.014101207256317139,4,,
nso-nso-740,nso,mc1,mc1,2,2,True,0.4352540671825409,1.2197349071502686,0.09489759802818298,4,,
nso-nso-741,nso,mc1,mc1,0,1,False,0.8969059586524963,0.4026249349117279,0.8395195007324219,3,,
nso-nso-742,nso,mc1,mc1,2,1,False,0.4133238196372986,1.0976223945617676,0.02280867099761963,4,,
nso-nso-743,nso,mc1,mc1,1,0,False,0.6721224188804626,0.9200035333633423,0.47177839279174805,4,,
nso-nso-744,nso,mc1,mc1,2,1,False,0.5695933699607849,0.9865946173667908,0.2404283881187439,4,,
nso-nso-745,nso,mc1,mc1,1,1,True,0.6150278449058533,0.8384894132614136,0.29334601759910583,3,,
nso-nso-746,nso,mc1,mc1,0,3,False,0.865932822227478,0.41560691595077515,0.7362538576126099,4,,
nso-nso-747,nso,mc1,mc1,0,0,True,0.5702950358390808,0.9155610799789429,0.23991993069648743,3,,
nso-nso-748,nso,mc1,mc1,1,0,False,0.7303284406661987,0.6037657260894775,0.4646616578102112,3,,
nso-nso-749,nso,mc1,mc1,2,1,False,0.7927781343460083,0.5802943110466003,0.6055487394332886,4,,
nso-nso-750,nso,mc1,mc1,2,2,True,0.5046713352203369,0.8125295639038086,0.038720518350601196,4,,
nso-nso-751,nso,mc1,mc1,1,0,False,0.3254742920398712,1.264413595199585,0.017968744039535522,4,,
nso-nso-752,nso,mc1,mc1,3,3,True,0.7301096320152283,0.8560758829116821,0.6110494136810303,4,,
nso-nso-753,nso,mc1,mc1,1,2,False,0.45085465908050537,1.278835654258728,0.21625690162181854,4,,
nso-nso-754,nso,mc1,mc1,2,2,True,0.5249232649803162,1.0128133296966553,0.24287661910057068,3,,
nso-nso-755,nso,mc1,mc1,1,2,False,0.4810978174209595,1.2401013374328613,0.2367730438709259,4,,
nso-nso-756,nso,mc1,mc1,2,2,True,0.4515988826751709,1.0505391359329224,0.049104899168014526,4,,
nso-nso-757,nso,mc1,mc1,1,1,True,0.3516363203525543,1.3085472583770752,0.009457707405090332,4,,
nso-nso-758,nso,mc1,mc1,3,0,False,0.8896223902702332,0.42968595027923584,0.8078827857971191,4,,
nso-nso-759,nso,mc1,mc1,0,3,False,0.5931546092033386,1.0483264923095703,0.3967188596725464,4,,
nso-nso-760,nso,mc1,mc1,0,3,False,0.40715262293815613,1.1345500946044922,0.015564918518066406,4,,
nso-nso-761,nso,mc1,mc1,1,3,False,0.5714792609214783,0.7500414252281189,0.15821996331214905,4,,
nso-nso-762,nso,mc1,mc1,3,3,True,0.518839418888092,1.1904096603393555,0.3035639226436615,4,,
nso-nso-763,nso,mc1,mc1,0,1,False,0.5967652797698975,1.1008602380752563,0.41281387209892273,4,,
nso-nso-764,nso,mc1,mc1,0,2,False,0.6721261143684387,0.8647361397743225,0.46629101037979126,4,,
nso-nso-765,nso,mc1,mc1,3,1,False,0.4343271851539612,1.2530030012130737,0.1764971911907196,4,,
nso-nso-766,nso,mc1,mc1,0,3,False,0.956437349319458,0.20974896848201752,0.9260465502738953,4,,
nso-nso-767,nso,mc1,mc1,0,1,False,0.424593985080719,1.2626750469207764,0.16455331444740295,4,,
nso-nso-768,nso,mc1,mc1,0,1,False,0.49602410197257996,1.123350977897644,0.19258126616477966,4,,
nso-nso-769,nso,mc1,mc1,3,3,True,0.5796524286270142,1.1272103786468506,0.4107566475868225,4,,
nso-nso-770,nso,mc1,mc1,3,3,True,0.8069210052490234,0.6048544049263,0.6500739455223083,4,,
nso-nso-771,nso,mc1,mc1,2,1,False,0.5626265406608582,1.0560106039047241,0.3487592339515686,4,,
nso-nso-772,nso,mc1,mc1,1,2,False,0.286784827709198,1.3732523918151855,0.008344024419784546,4,,
nso-nso-773,nso,mc1,mc1,2,0,False,0.45732253789901733,1.020961046218872,0.025464922189712524,4,,
nso-nso-774,nso,mc1,mc1,3,0,False,0.5528802275657654,1.1636232137680054,0.3579759895801544,4,,
nso-nso-775,nso,mc1,mc1,2,1,False,0.36777225136756897,1.3502373695373535,0.1379256695508957,4,,
nso-nso-776,nso,mc1,mc1,0,0,True,0.6038795709609985,0.9753623008728027,0.37870392203330994,4,,
nso-nso-777,nso,mc1,mc1,3,3,True,0.3981033265590668,1.2819668054580688,0.09543919563293457,4,,
nso-nso-778,nso,mc1,mc1,2,3,False,0.31452476978302,1.3519909381866455,0.019671976566314697,4,,
nso-nso-779,nso,mc1,mc1,0,1,False,0.48190295696258545,1.048717975616455,0.195511132478714,3,,
nso-nso-780,nso,mc1,mc1,2,0,False,0.739528477191925,0.8424753546714783,0.6073715686798096,4,,
nso-nso-781,nso,mc1,mc1,0,0,True,0.6942232847213745,0.868295431137085,0.4816490113735199,4,,
nso-nso-782,nso,mc1,mc1,3,3,True,0.5820236802101135,1.0241026878356934,0.29135894775390625,4,,
nso-nso-783,nso,mc1,mc1,1,1,True,0.7893429398536682,0.7003746032714844,0.652635931968689,4,,
nso-nso-784,nso,mc1,mc1,1,2,False,0.9837065935134888,0.09829036146402359,0.9735716581344604,4,,
nso-nso-785,nso,mc1,mc1,0,3,False,0.39851006865501404,1.2317503690719604,0.06385490298271179,4,,
nso-nso-786,nso,mc1,mc1,3,3,True,0.9808769822120667,0.11369655281305313,0.9714750051498413,4,,
nso-nso-787,nso,mc1,mc1,2,2,True,0.48645955324172974,0.9202239513397217,0.056088149547576904,3,,
nso-nso-788,nso,mc1,mc1,3,2,False,0.47008687257766724,1.2688308954238892,0.25975877046585083,4,,
nso-nso-789,nso,mc1,mc1,3,3,True,0.5851839780807495,1.1229549646377563,0.4003989100456238,4,,
nso-nso-790,nso,mc1,mc1,2,2,True,0.6298203468322754,1.051812767982483,0.4574005901813507,4,,
nso-nso-791,nso,mc1,mc1,0,0,True,0.8275782465934753,0.5789068937301636,0.7361810803413391,3,,
nso-nso-792,nso,mc1,mc1,2,1,False,0.4681774973869324,1.1074427366256714,0.12999862432479858,4,,
nso-nso-793,nso,mc1,mc1,0,2,False,0.736810564994812,0.7213838696479797,0.5170170664787292,4,,
nso-nso-794,nso,mc1,mc1,1,0,False,0.5200048089027405,0.9217746257781982,0.1285141408443451,3,,
nso-nso-795,nso,mc1,mc1,2,3,False,0.6400266289710999,0.8231227397918701,0.330089271068573,4,,
nso-nso-796,nso,mc1,mc1,1,2,False,0.8661555051803589,0.5211085677146912,0.7946444749832153,4,,
nso-nso-797,nso,mc1,mc1,0,1,False,0.8765618801116943,0.505341649055481,0.8202646374702454,4,,
nso-nso-798,nso,mc1,mc1,0,2,False,0.5501558184623718,0.9158475399017334,0.1663110852241516,4,,
nso-nso-799,nso,mc1,mc1,0,1,False,0.6905195116996765,0.6186842918395996,0.3810390830039978,2,,
nso-nso-800,nso,mc1,mc1,3,3,True,0.2957066595554352,1.377701759338379,0.03190791606903076,4,,
nso-nso-801,nso,mc1,mc1,0,0,True,0.7906963229179382,0.7282290458679199,0.6844250559806824,4,,
nso-nso-802,nso,mc1,mc1,2,0,False,0.4285462498664856,1.1013590097427368,0.026597291231155396,4,,
nso-nso-803,nso,mc1,mc1,1,0,False,0.9942765831947327,0.03933326154947281,0.9904584884643555,4,,
nso-nso-804,nso,mc1,mc1,2,1,False,0.48518240451812744,1.0049089193344116,0.12215468287467957,3,,
nso-nso-805,nso,mc1,mc1,2,0,False,0.5948871374130249,1.069611668586731,0.36096757650375366,4,,
nso-nso-806,nso,mc1,mc1,2,0,False,0.5119730234146118,1.0934271812438965,0.2036944031715393,4,,
nso-nso-807,nso,mc1,mc1,0,2,False,0.6569607257843018,0.6832715272903442,0.32253485918045044,3,,
swa-swa-0,swa,mc1,mc1,0,3,False,0.4924352467060089,1.1772884130477905,0.19915524125099182,4,Misconceptions,
swa-swa-1,swa,mc1,mc1,1,1,True,0.7737185955047607,0.7542043924331665,0.6423755288124084,4,Superstitions,
swa-swa-2,swa,mc1,mc1,0,3,False,0.36594220995903015,1.2918624877929688,0.02323254942893982,4,Science,
swa-swa-3,swa,mc1,mc1,0,1,False,0.49555522203445435,1.1922852993011475,0.23764115571975708,4,Conspiracies,
swa-swa-4,swa,mc1,mc1,2,1,False,0.41811391711235046,1.188441514968872,0.08129018545150757,4,Mandela Effect,
swa-swa-5,swa,mc1,mc1,0,0,True,0.761793315410614,0.799756646156311,0.6499605178833008,4,Indexical Error: Time,
swa-swa-6,swa,mc1,mc1,2,3,False,0.5451456904411316,1.0349704027175903,0.2570796012878418,4,Subjective,
swa-swa-7,swa,mc1,mc1,1,0,False,0.4176234304904938,1.2658469676971436,0.1032547652721405,4,Psychology,
swa-swa-8,swa,mc1,mc1,0,3,False,0.515556275844574,1.103911280632019,0.1920642852783203,4,Indexical Error: Location,
swa-swa-9,swa,mc1,mc1,2,0,False,0.8419400453567505,0.5454437136650085,0.7562971711158752,3,Mandela Effect,
swa-swa-10,swa,mc1,mc1,0,2,False,0.5336475968360901,1.0123567581176758,0.2801387906074524,3,Health,
swa-swa-11,swa,mc1,mc1,1,0,False,0.632756769657135,0.6574721336364746,0.26551353931427,2,Misquotations,
swa-swa-12,swa,mc1,mc1,3,3,True,0.932843029499054,0.3153570294380188,0.9044167399406433,4,Paranormal,
swa-swa-13,swa,mc1,mc1,3,3,True,0.9702123403549194,0.16102012991905212,0.9553045630455017,4,Psychology,
swa-swa-14,swa,mc1,mc1,0,0,True,0.5744307041168213,0.8623385429382324,0.21180373430252075,4,Economics,
swa-swa-15,swa,mc1,mc1,3,3,True,0.779949426651001,0.7116824388504028,0.6598055958747864,4,Subjective,
swa-swa-16,swa,mc1,mc1,1,3,False,0.3058110177516937,1.347524642944336,0.0010981261730194092,4,Superstitions,
swa-swa-17,swa,mc1,mc1,0,0,True,0.784225583076477,0.6705999970436096,0.6470727324485779,4,Health,
swa-swa-18,swa,mc1,mc1,3,0,False,0.7484722137451172,0.7353302240371704,0.557567834854126,4,Sociology,
swa-swa-19,swa,mc1,mc1,2,0,False,0.39226260781288147,1.3343719244003296,0.1716247797012329,4,Conspiracies,
swa-swa-20,swa,mc1,mc1,3,2,False,0.5730342864990234,1.1069899797439575,0.3355115056037903,4,Politics,
swa-swa-21,swa,mc1,mc1,0,0,True,0.7899770140647888,0.5139870643615723,0.5799540877342224,2,Indexical Error: Identity,
swa-swa-22,swa,mc1,mc1,0,1,False,0.33392083644866943,1.3517323732376099,0.040018945932388306,4,Finance,
swa-swa-23,swa,mc1,mc1,0,0,True,0.9657818078994751,0.14911220967769623,0.9315636157989502,2,Advertising,
swa-swa-24,swa,mc1,mc1,3,2,False,0.48206424713134766,1.2336082458496094,0.24720554053783417,4,Sociology,
swa-swa-25,swa,mc1,mc1,2,0,False,0.4387677311897278,1.2698523998260498,0.168258398771286,4,Weather,
swa-swa-26,swa,mc1,mc1,3,0,False,0.6081093549728394,1.0041671991348267,0.3946044147014618,4,Health,
swa-swa-27,swa,mc1,mc1,0,3,False,0.8499147295951843,0.5706907510757446,0.7825945019721985,4,Law,
swa-swa-28,swa,mc1,mc1,3,2,False,0.7712649703025818,0.7845126390457153,0.6761296391487122,4,Misconceptions,
swa-swa-29,swa,mc1,mc1,1,3,False,0.5810838341712952,1.057537317276001,0.3160822093486786,4,Fiction,
swa-swa-30,swa,mc1,mc1,0,2,False,0.7850334644317627,0.6010987162590027,0.5967545509338379,3,Health,
swa-swa-31,swa,mc1,mc1,1,0,False,0.46090129017829895,1.083808183670044,0.05654209852218628,4,Law,
swa-swa-32,swa,mc1,mc1,3,2,False,0.4585171639919281,0.9993009567260742,0.021183907985687256,4,Law,
swa-swa-33,swa,mc1,mc1,0,2,False,0.9051321148872375,0.33598703145980835,0.8152673244476318,4,Finance,
swa-swa-34,swa,mc1,mc1,2,2,True,0.5127646923065186,0.9684141278266907,0.14880827069282532,3,Indexical Error: Location,
swa-swa-35,swa,mc1,mc1,1,0,False,0.49199700355529785,0.8990005254745483,0.05525714159011841,3,Proverbs,
swa-swa-36,swa,mc1,mc1,0,0,True,0.7399351000785828,0.8531931042671204,0.6351855993270874,4,Myths and Fairytales,
swa-swa-37,swa,mc1,mc1,2,3,False,0.726376473903656,0.8687986135482788,0.6080918312072754,4,Economics,
swa-swa-38,swa,mc1,mc1,2,1,False,0.42288145422935486,1.2542494535446167,0.11292007565498352,4,Law,
swa-swa-39,swa,mc1,mc1,0,0,True,0.6686559319496155,0.9021264314651489,0.45476633310317993,4,Science,
swa-swa-40,swa,mc1,mc1,1,1,True,0.6554562449455261,0.9179174304008484,0.4338621199131012,4,Paranormal,
swa-swa-41,swa,mc1,mc1,1,0,False,0.7946382761001587,0.6471105813980103,0.6745032668113708,3,Misconceptions,
swa-swa-42,swa,mc1,mc1,2,1,False,0.723687469959259,0.8657128810882568,0.6024850606918335,4,Law,
swa-swa-43,swa,mc1,mc1,3,0,False,0.4997948706150055,1.2167288064956665,0.2595614790916443,4,Law,
swa-swa-44,swa,mc1,mc1,3,1,False,0.5573221445083618,1.0557072162628174,0.2628358006477356,4,Misinformation,
swa-swa-45,swa,mc1,mc1,0,0,True,0.5649622678756714,0.7273775339126587,0.13766080141067505,4,History,
swa-swa-46,swa,mc1,mc1,3,3,True,0.33198341727256775,1.209212064743042,0.003171682357788086,4,Indexical Error: Identity,
swa-swa-47,swa,mc1,mc1,3,2,False,0.35029008984565735,1.299136757850647,0.018705368041992188,4,Law,
swa-swa-48,swa,mc1,mc1,2,3,False,0.38692647218704224,1.327144980430603,0.1280594766139984,4,Indexical Error: Location,
swa-swa-49,swa,mc1,mc1,1,0,False,0.6729691028594971,0.8975266814231873,0.46554863452911377,4,Politics,
swa-swa-50,swa,mc1,mc1,1,3,False,0.5379728078842163,1.093479871749878,0.2354331910610199,4,Paranormal,
swa-swa-51,swa,mc1,mc1,2,0,False,0.39575883746147156,1.1840814352035522,0.051243096590042114,4,Economics,
swa-swa-52,swa,mc1,mc1,1,1,True,0.4820282757282257,1.0482537746429443,0.19393682479858398,3,Misconceptions,
swa-swa-53,swa,mc1,mc1,2,2,True,0.5801328420639038,1.1209317445755005,0.3799287974834442,4,Health,
swa-swa-54,swa,mc1,mc1,3,2,False,0.3644919991493225,1.2904367446899414,0.025202035903930664,4,Economics,
swa-swa-55,swa,mc1,mc1,1,1,True,0.8407047390937805,0.47956496477127075,0.6928173303604126,3,Logical Falsehood,
swa-swa-56,swa,mc1,mc1,0,0,True,0.5621851682662964,1.0084006786346436,0.27559295296669006,4,Language,
swa-swa-57,swa,mc1,mc1,0,2,False,0.41734209656715393,1.145689845085144,0.05290192365646362,4,Stereotypes,
swa-swa-58,swa,mc1,mc1,3,1,False,0.6728410124778748,0.7482619285583496,0.3796564042568207,4,Confusion: People,
swa-swa-59,swa,mc1,mc1,0,2,False,0.8495700359344482,0.5257906913757324,0.7623209953308105,3,Religion,
swa-swa-60,swa,mc1,mc1,0,1,False,0.5976868271827698,0.9461284875869751,0.359996497631073,3,Sociology,
swa-swa-61,swa,mc1,mc1,0,0,True,0.8153653740882874,0.6024515628814697,0.6712644100189209,4,,
swa-swa-62,swa,mc1,mc1,2,1,False,0.46046972274780273,1.2020525932312012,0.13648200035095215,4,,
swa-swa-63,swa,mc1,mc1,0,3,False,0.8634621500968933,0.5082324743270874,0.770559549331665,4,Indexical Error: Time,
swa-swa-64,swa,mc1,mc1,0,2,False,0.6002323627471924,0.9235775470733643,0.3284674286842346,3,History,
swa-swa-65,swa,mc1,mc1,1,3,False,0.4385837912559509,1.2755320072174072,0.1673406958580017,4,Stereotypes,
swa-swa-66,swa,mc1,mc1,3,2,False,0.5805907249450684,1.0966179370880127,0.34681397676467896,4,Sociology,
swa-swa-67,swa,mc1,mc1,2,1,False,0.7395886182785034,0.6446229219436646,0.4973278045654297,4,Finance,
swa-swa-68,swa,mc1,mc1,2,1,False,0.39211395382881165,1.2674635648727417,0.05458667874336243,4,Economics,
swa-swa-69,swa,mc1,mc1,0,1,False,0.7841712832450867,0.5573533773422241,0.5768278241157532,3,History,
swa-swa-70,swa,mc1,mc1,1,2,False,0.4185246229171753,1.0763909816741943,0.0845019519329071,3,Distraction,
swa-swa-71,swa,mc1,mc1,0,3,False,0.4792952239513397,1.1889913082122803,0.16946333646774292,4,Health,
swa-swa-72,swa,mc1,mc1,1,2,False,0.6194698214530945,1.0705889463424683,0.45199328660964966,4,Sociology,
swa-swa-73,swa,mc1,mc1,1,2,False,0.4975018799304962,1.2248620986938477,0.2806242108345032,4,Stereotypes,
swa-swa-74,swa,mc1,mc1,0,0,True,0.5746588706970215,0.681957483291626,0.14931780099868774,2,Proverbs,
swa-swa-75,swa,mc1,mc1,2,2,True,0.9406712651252747,0.25916555523872375,0.8968161344528198,3,Logical Falsehood,
swa-swa-76,swa,mc1,mc1,1,3,False,0.34101492166519165,1.354357361793518,0.07033944129943848,4,Misconceptions,
swa-swa-77,swa,mc1,mc1,1,0,False,0.49770650267601013,1.2148456573486328,0.2483292669057846,4,Conspiracies,
swa-swa-78,swa,mc1,mc1,0,0,True,0.7912205457687378,0.5123350620269775,0.5824410915374756,2,Misconceptions,
swa-swa-79,swa,mc1,mc1,0,2,False,0.41732969880104065,1.0821194648742676,0.10752028226852417,3,Logical Falsehood,
swa-swa-80,swa,mc1,mc1,3,1,False,0.4794694185256958,1.2458244562149048,0.2556799352169037,4,Stereotypes,
swa-swa-81,swa,mc1,mc1,1,2,False,0.9483729600906372,0.24858760833740234,0.9174128770828247,4,Paranormal,
swa-swa-82,swa,mc1,mc1,3,1,False,0.8516038656234741,0.5541943311691284,0.7568539977073669,4,Conspiracies,
swa-swa-83,swa,mc1,mc1,3,3,True,0.40699294209480286,1.1918686628341675,0.04550650715827942,4,Misconceptions,
swa-swa-84,swa,mc1,mc1,0,0,True,0.7408893704414368,0.5721246004104614,0.48177874088287354,2,Misquotations,
swa-swa-85,swa,mc1,mc1,3,3,True,0.3684220612049103,1.281890630722046,0.04334345459938049,4,Health,
swa-swa-86,swa,mc1,mc1,1,3,False,0.3380080759525299,1.3380577564239502,0.03519293665885925,4,Sociology,
swa-swa-87,swa,mc1,mc1,1,1,True,0.6016755104064941,0.8426607847213745,0.26423630118370056,3,History,
swa-swa-88,swa,mc1,mc1,2,3,False,0.5861640572547913,1.038581371307373,0.31138837337493896,4,Law,
swa-swa-89,swa,mc1,mc1,0,3,False,0.9256308078765869,0.3018239438533783,0.8624095916748047,4,Confusion: People,
swa-swa-90,swa,mc1,mc1,0,2,False,0.4387941360473633,1.1259381771087646,0.06783914566040039,4,Confusion: Other,
swa-swa-91,swa,mc1,mc1,2,2,True,0.5067841410636902,1.0429270267486572,0.15486007928848267,4,Language,
swa-swa-92,swa,mc1,mc1,3,3,True,0.66356360912323,0.970170795917511,0.4996383786201477,4,Indexical Error: Identity,
swa-swa-93,swa,mc1,mc1,1,3,False,0.33569514751434326,1.3142342567443848,0.05027386546134949,4,Misconceptions,
swa-swa-94,swa,mc1,mc1,1,2,False,0.49310827255249023,1.1197526454925537,0.22429156303405762,4,Weather,
swa-swa-95,swa,mc1,mc1,3,1,False,0.7518410086631775,0.7386543154716492,0.5802757143974304,4,Confusion: Places,
swa-swa-96,swa,mc1,mc1,1,3,False,0.347278892993927,1.3302773237228394,0.03884771466255188,4,Misquotations,
swa-swa-97,swa,mc1,mc1,0,3,False,0.787510097026825,0.7375360727310181,0.6856344938278198,4,Sociology,
swa-swa-98,swa,mc1,mc1,3,0,False,0.35900816321372986,1.2403790950775146,0.05344018340110779,4,Misconceptions,
swa-swa-99,swa,mc1,mc1,0,3,False,0.7227969765663147,0.840257465839386,0.5665633082389832,4,Conspiracies,
swa-swa-100,swa,mc1,mc1,1,0,False,0.3543853759765625,1.3006410598754883,0.052264392375946045,4,Indexical Error: Time,
swa-swa-101,swa,mc1,mc1,3,2,False,0.4588286280632019,1.1818443536758423,0.11604365706443787,4,Health,
swa-swa-102,swa,mc1,mc1,0,0,True,0.6292302012443542,1.0490323305130005,0.45030295848846436,4,Myths and Fairytales,
swa-swa-103,swa,mc1,mc1,0,0,True,0.4451211988925934,1.217861533164978,0.18249091506004333,4,Sociology,
swa-swa-104,swa,mc1,mc1,1,0,False,0.9779986143112183,0.11017049103975296,0.9569236636161804,4,Confusion: People,
swa-swa-105,swa,mc1,mc1,3,0,False,0.3097919225692749,1.3702269792556763,0.03516706824302673,4,Distraction,
swa-swa-106,swa,mc1,mc1,2,3,False,0.36590591073036194,1.2612497806549072,0.016341596841812134,4,Education,
swa-swa-107,swa,mc1,mc1,0,1,False,0.5451456308364868,1.1813701391220093,0.3599657416343689,4,Proverbs,
swa-swa-108,swa,mc1,mc1,2,2,True,0.4454295337200165,1.221378207206726,0.17521029710769653,4,Health,
swa-swa-109,swa,mc1,mc1,3,1,False,0.34707894921302795,1.335382103919983,0.04570230841636658,4,Health,
swa-swa-110,swa,mc1,mc1,3,3,True,0.35849714279174805,1.346867561340332,0.10071927309036255,4,Fiction,
swa-swa-111,swa,mc1,mc1,3,1,False,0.42368340492248535,1.2631523609161377,0.15659701824188232,4,Weather,
swa-swa-112,swa,mc1,mc1,0,1,False,0.7292570471763611,0.7583765983581543,0.5518292784690857,3,Misconceptions,
swa-swa-113,swa,mc1,mc1,1,3,False,0.5927610993385315,1.0876582860946655,0.39991700649261475,4,Sociology,
swa-swa-114,swa,mc1,mc1,2,3,False,0.5489190816879272,0.9993353486061096,0.21821093559265137,4,Law,
swa-swa-115,swa,mc1,mc1,2,3,False,0.47502321004867554,1.1409512758255005,0.14875027537345886,4,Indexical Error: Location,
swa-swa-116,swa,mc1,mc1,2,3,False,0.75661301612854,0.7338268756866455,0.6056944131851196,4,Sociology,
swa-swa-117,swa,mc1,mc1,1,0,False,0.41409745812416077,1.2840372323989868,0.11947831511497498,4,History,
swa-swa-118,swa,mc1,mc1,2,0,False,0.40271031856536865,1.2959873676300049,0.10543516278266907,4,Distraction,
swa-swa-119,swa,mc1,mc1,2,2,True,0.6439148187637329,0.9329028725624084,0.3945164680480957,4,Superstitions,
swa-swa-120,swa,mc1,mc1,1,3,False,0.5312373638153076,1.1961485147476196,0.3515218496322632,4,Misconceptions,
swa-swa-121,swa,mc1,mc1,1,1,True,0.8152183890342712,0.47856712341308594,0.6304367780685425,2,History,
swa-swa-122,swa,mc1,mc1,3,0,False,0.9889421463012695,0.06936685740947723,0.9817485213279724,4,Indexical Error: Time,
swa-swa-123,swa,mc1,mc1,2,0,False,0.6277891397476196,1.0357218980789185,0.453756719827652,4,Sociology,
swa-swa-124,swa,mc1,mc1,3,0,False,0.7396245002746582,0.6922217607498169,0.5172579884529114,4,Misinformation,
swa-swa-125,swa,mc1,mc1,2,2,True,0.7806182503700256,0.7353054881095886,0.6678295731544495,4,History,
swa-swa-126,swa,mc1,mc1,0,1,False,0.6529698967933655,0.8977716565132141,0.4358929693698883,4,Religion,
swa-swa-127,swa,mc1,mc1,1,0,False,0.39543503522872925,1.069165825843811,0.008967161178588867,4,Health,
swa-swa-128,swa,mc1,mc1,0,3,False,0.6232185959815979,0.9168083667755127,0.39894354343414307,4,Sociology,
swa-swa-129,swa,mc1,mc1,0,2,False,0.648904025554657,0.8796796202659607,0.41425585746765137,4,Sociology,
swa-swa-130,swa,mc1,mc1,2,2,True,0.3939427137374878,1.3175811767578125,0.1512036770582199,4,Health,
swa-swa-131,swa,mc1,mc1,3,3,True,0.7442688345909119,0.8355227112770081,0.6302709579467773,4,Misconceptions,
swa-swa-132,swa,mc1,mc1,0,1,False,0.46050021052360535,1.0204429626464844,0.08386871218681335,3,Misconceptions,
swa-swa-133,swa,mc1,mc1,2,0,False,0.42945224046707153,1.2785615921020508,0.19615140557289124,4,Economics,
swa-swa-134,swa,mc1,mc1,1,0,False,0.4509594142436981,1.276795506477356,0.2304491549730301,4,Myths and Fairytales,
swa-swa-135,swa,mc1,mc1,1,0,False,0.4012209475040436,1.2793385982513428,0.08275875449180603,4,Misconceptions,
swa-swa-136,swa,mc1,mc1,0,0,True,0.9093812108039856,0.40152665972709656,0.870051383972168,4,Paranormal,
swa-swa-137,swa,mc1,mc1,3,3,True,0.5473907589912415,1.002394199371338,0.20482409000396729,4,Law,
swa-swa-138,swa,mc1,mc1,0,2,False,0.5912221670150757,0.8966879844665527,0.24743452668190002,4,Misinformation,
swa-swa-139,swa,mc1,mc1,2,2,True,0.8721535205841064,0.48887544870376587,0.7839798927307129,4,Fiction,
swa-swa-140,swa,mc1,mc1,0,2,False,0.4885092079639435,1.1833934783935547,0.22066327929496765,4,Sociology,
swa-swa-141,swa,mc1,mc1,0,0,True,0.509210467338562,0.9893412590026855,0.16168609261512756,3,Misconceptions,
swa-swa-142,swa,mc1,mc1,0,0,True,0.3612038195133209,1.2772700786590576,0.07770925760269165,4,Superstitions,
swa-swa-143,swa,mc1,mc1,3,0,False,0.4795566499233246,1.2089004516601562,0.19087344408035278,4,Misconceptions,
swa-swa-144,swa,mc1,mc1,2,1,False,0.36058780550956726,1.0968915224075317,0.03612112998962402,3,Nutrition,
swa-swa-145,swa,mc1,mc1,2,3,False,0.9984068274497986,0.013379223644733429,0.9974849820137024,4,Psychology,
swa-swa-146,swa,mc1,mc1,1,1,True,0.668454647064209,0.8742668628692627,0.44456490874290466,4,Economics,
swa-swa-147,swa,mc1,mc1,1,1,True,0.6010898947715759,1.0625094175338745,0.4249460697174072,4,Indexical Error: Other,
swa-swa-148,swa,mc1,mc1,1,1,True,0.9433531165122986,0.2559524178504944,0.9098514318466187,3,Health,
swa-swa-149,swa,mc1,mc1,3,1,False,0.4496651589870453,1.270283818244934,0.2282520979642868,4,Paranormal,
swa-swa-150,swa,mc1,mc1,1,1,True,0.7624258995056152,0.6010558009147644,0.5386966466903687,3,Confusion: Other,
swa-swa-151,swa,mc1,mc1,3,3,True,0.6178896427154541,1.0724629163742065,0.46109700202941895,4,Sociology,
swa-swa-152,swa,mc1,mc1,3,2,False,0.5803680419921875,0.971492350101471,0.26375702023506165,4,Health,
swa-swa-153,swa,mc1,mc1,0,3,False,0.38496649265289307,1.2832013368606567,0.09887221455574036,4,Subjective,
swa-swa-154,swa,mc1,mc1,1,1,True,0.6650274395942688,0.6376444101333618,0.3300548493862152,2,Health,
swa-swa-155,swa,mc1,mc1,2,2,True,0.6064529418945312,1.0334067344665527,0.36528104543685913,4,Health,
swa-swa-156,swa,mc1,mc1,1,2,False,0.4299544394016266,1.0672820806503296,0.08766043186187744,4,Economics,
swa-swa-157,swa,mc1,mc1,1,0,False,0.7685790657997131,0.7542487382888794,0.6412768363952637,4,Superstitions,
swa-swa-158,swa,mc1,mc1,2,3,False,0.7479534149169922,0.6668016910552979,0.5263435244560242,4,Science,
swa-swa-159,swa,mc1,mc1,3,1,False,0.446759432554245,1.261796236038208,0.17013370990753174,4,Science,
swa-swa-160,swa,mc1,mc1,2,2,True,0.8116125464439392,0.6652487516403198,0.7081911563873291,4,Health,
swa-swa-161,swa,mc1,mc1,2,1,False,0.5401031374931335,1.1654796600341797,0.33684617280960083,4,Law,
swa-swa-162,swa,mc1,mc1,0,0,True,0.7499428391456604,0.5623978972434998,0.4998857080936432,2,Proverbs,
swa-swa-163,swa,mc1,mc1,0,1,False,0.3999945819377899,1.3059768676757812,0.13084891438484192,4,Misconceptions,
swa-swa-164,swa,mc1,mc1,0,1,False,0.487662136554718,1.1669869422912598,0.21955189108848572,4,Conspiracies,
swa-swa-165,swa,mc1,mc1,1,1,True,0.5993121266365051,1.0530259609222412,0.37649375200271606,4,Sociology,
swa-swa-166,swa,mc1,mc1,1,2,False,0.4657549560070038,1.220732569694519,0.21367961168289185,4,Sociology,
swa-swa-167,swa,mc1,mc1,3,3,True,0.5900785326957703,1.066969633102417,0.3462417721748352,4,Health,
swa-swa-168,swa,mc1,mc1,2,0,False,0.7419264912605286,0.841309666633606,0.6293209195137024,4,Paranormal,
swa-swa-169,swa,mc1,mc1,1,3,False,0.5171817541122437,1.1776270866394043,0.27658066153526306,4,Misconceptions,
swa-swa-170,swa,mc1,mc1,0,0,True,0.3682706654071808,1.3014075756072998,0.046511709690093994,4,Law,
swa-swa-171,swa,mc1,mc1,3,3,True,0.3426859676837921,1.235095500946045,0.008802980184555054,4,Law,
swa-swa-172,swa,mc1,mc1,0,0,True,0.7926145792007446,0.5104718804359436,0.585229218006134,2,Misquotations,
swa-swa-173,swa,mc1,mc1,2,1,False,0.5886560678482056,0.9619583487510681,0.37276971340179443,3,Misquotations,
swa-swa-174,swa,mc1,mc1,0,3,False,0.5182799100875854,1.2165778875350952,0.33655810356140137,4,Superstitions,
swa-swa-175,swa,mc1,mc1,2,0,False,0.5342019200325012,1.1793845891952515,0.3153335452079773,4,Statistics,
swa-swa-176,swa,mc1,mc1,3,2,False,0.42988845705986023,1.1162482500076294,0.010880440473556519,4,Misconceptions,
swa-swa-177,swa,mc1,mc1,2,2,True,0.8004696369171143,0.5595957636833191,0.6186727285385132,3,Misconceptions,
swa-swa-178,swa,mc1,mc1,0,2,False,0.8350792527198792,0.6060086488723755,0.7445820569992065,4,Fiction,
swa-swa-179,swa,mc1,mc1,3,3,True,0.7307949662208557,0.8701918721199036,0.6241511702537537,4,Superstitions,
swa-swa-180,swa,mc1,mc1,0,0,True,0.44788238406181335,1.2816531658172607,0.2345212996006012,4,Stereotypes,
swa-swa-181,swa,mc1,mc1,1,2,False,0.6910796761512756,0.8591044545173645,0.47835391759872437,4,Religion,
swa-swa-182,swa,mc1,mc1,3,0,False,0.33058416843414307,1.3187636137008667,0.000214308500289917,4,Superstitions,
swa-swa-183,swa,mc1,mc1,0,1,False,0.4874514043331146,1.2497118711471558,0.2825576961040497,4,Health,
swa-swa-184,swa,mc1,mc1,3,2,False,0.9197713136672974,0.34734421968460083,0.8684021830558777,4,Superstitions,
swa-swa-185,swa,mc1,mc1,1,3,False,0.538676917552948,1.1723750829696655,0.3482886552810669,4,Paranormal,
swa-swa-186,swa,mc1,mc1,0,0,True,0.8078855276107788,0.629692792892456,0.6689330339431763,4,Sociology,
swa-swa-187,swa,mc1,mc1,1,1,True,0.5354456901550293,1.1368370056152344,0.2691895663738251,4,History,
swa-swa-188,swa,mc1,mc1,1,1,True,0.7004719972610474,0.687270998954773,0.42220303416252136,4,Stereotypes,
swa-swa-189,swa,mc1,mc1,0,2,False,0.466884970664978,1.0802875757217407,0.06547293066978455,4,Science,
swa-swa-190,swa,mc1,mc1,1,1,True,0.8165498971939087,0.4765849709510803,0.6330997347831726,2,Stereotypes,
swa-swa-191,swa,mc1,mc1,1,3,False,0.7267410159111023,0.7763949036598206,0.5189273357391357,4,Stereotypes,
swa-swa-192,swa,mc1,mc1,1,0,False,0.4251367449760437,1.0611766576766968,0.0638640820980072,3,Education,
swa-swa-193,swa,mc1,mc1,2,1,False,0.5896292328834534,1.124921441078186,0.4295089840888977,4,Nutrition,
swa-swa-194,swa,mc1,mc1,3,3,True,0.6831498742103577,0.8793922662734985,0.46185797452926636,4,Distraction,
swa-swa-195,swa,mc1,mc1,2,2,True,0.49466243386268616,1.1655482053756714,0.18525993824005127,4,Weather,
swa-swa-196,swa,mc1,mc1,0,0,True,0.35206714272499084,1.3240139484405518,0.03479897975921631,4,Fiction,
swa-swa-197,swa,mc1,mc1,2,2,True,0.49696874618530273,1.0902518033981323,0.1830049455165863,4,Law,
swa-swa-198,swa,mc1,mc1,3,3,True,0.41569316387176514,1.2920429706573486,0.13721933960914612,4,Science,
swa-swa-199,swa,mc1,mc1,2,3,False,0.450035959482193,1.1220040321350098,0.11911356449127197,4,Paranormal,
swa-swa-200,swa,mc1,mc1,1,2,False,0.8232601284980774,0.4835110902786255,0.6499300599098206,4,Confusion: People,
swa-swa-201,swa,mc1,mc1,2,1,False,0.41971859335899353,1.1410269737243652,0.01816016435623169,4,Misconceptions,
swa-swa-202,swa,mc1,mc1,3,1,False,0.7459394335746765,0.8309884071350098,0.6243523359298706,4,Superstitions,
swa-swa-203,swa,mc1,mc1,1,1,True,0.7575146555900574,0.6393249034881592,0.5381152629852295,4,Fiction,
swa-swa-204,swa,mc1,mc1,1,0,False,0.5330976843833923,0.8092238903045654,0.09881851077079773,3,Misconceptions,
swa-swa-205,swa,mc1,mc1,3,2,False,0.3522705137729645,1.2642980813980103,0.024388909339904785,4,Indexical Error: Location,
swa-swa-206,swa,mc1,mc1,0,1,False,0.6937336325645447,0.8027830123901367,0.4788948595523834,3,Indexical Error: Location,
swa-swa-207,swa,mc1,mc1,3,0,False,0.8351243138313293,0.5809400081634521,0.7478678226470947,4,Psychology,
swa-swa-208,swa,mc1,mc1,0,3,False,0.9990867376327515,0.00785856880247593,0.9984018206596375,4,Confusion: People,
swa-swa-209,swa,mc1,mc1,0,0,True,0.49239838123321533,1.2505731582641602,0.3196761906147003,4,Fiction,
swa-swa-210,swa,mc1,mc1,0,2,False,0.540394127368927,0.9839577078819275,0.17375069856643677,4,Sociology,
swa-swa-211,swa,mc1,mc1,2,0,False,0.6208643317222595,1.0625369548797607,0.4473037123680115,4,History,
swa-swa-212,swa,mc1,mc1,0,2,False,0.5656752586364746,1.043505311012268,0.28483158349990845,4,Misconceptions,
swa-swa-213,swa,mc1,mc1,2,0,False,0.5023711323738098,1.0846256017684937,0.21678143739700317,4,Misquotations,
swa-swa-214,swa,mc1,mc1,0,0,True,0.5517272353172302,1.0671920776367188,0.2618943452835083,4,Advertising,
swa-swa-215,swa,mc1,mc1,0,3,False,0.5591928958892822,1.072767972946167,0.34168463945388794,4,Conspiracies,
swa-swa-216,swa,mc1,mc1,1,1,True,0.4651225507259369,1.2712011337280273,0.24882294237613678,4,Advertising,
swa-swa-217,swa,mc1,mc1,1,2,False,0.975501537322998,0.13184218108654022,0.9571456909179688,4,Misconceptions,
swa-swa-218,swa,mc1,mc1,2,0,False,0.8980330228805542,0.3862577974796295,0.8211384415626526,3,Misconceptions,
swa-swa-219,swa,mc1,mc1,2,3,False,0.8376410007476807,0.6029986143112183,0.7520220279693604,4,Health,
swa-swa-220,swa,mc1,mc1,3,1,False,0.5511104464530945,1.1167680025100708,0.34043461084365845,4,Economics,
swa-swa-221,swa,mc1,mc1,1,1,True,0.8559733629226685,0.41220623254776,0.7119467258453369,2,Myths and Fairytales,
swa-swa-222,swa,mc1,mc1,2,2,True,0.3733028471469879,1.1488895416259766,0.04448321461677551,4,Health,
swa-swa-223,swa,mc1,mc1,1,1,True,0.5919352769851685,1.0799676179885864,0.3677578866481781,4,Fiction,
swa-swa-224,swa,mc1,mc1,0,2,False,0.45780354738235474,1.1847631931304932,0.11642608046531677,4,Myths and Fairytales,
swa-swa-225,swa,mc1,mc1,0,0,True,0.7830642461776733,0.7585012912750244,0.6940840482711792,4,Misconceptions,
swa-swa-226,swa,mc1,mc1,1,2,False,0.48126551508903503,0.9207112789154053,0.04564577341079712,3,Education,
swa-swa-227,swa,mc1,mc1,0,2,False,0.5816395282745361,0.8599912524223328,0.2240200936794281,4,Misconceptions: Topical,
swa-swa-228,swa,mc1,mc1,3,3,True,0.8570162653923035,0.45678770542144775,0.72696852684021,4,Law,
swa-swa-229,swa,mc1,mc1,3,0,False,0.7436650991439819,0.7905617356300354,0.572054386138916,4,Nutrition,
swa-swa-230,swa,mc1,mc1,0,3,False,0.3662940263748169,1.3364417552947998,0.09967803955078125,4,Paranormal,
swa-swa-231,swa,mc1,mc1,3,1,False,0.7695173025131226,0.7254197597503662,0.6082823276519775,4,Indexical Error: Identity,
swa-swa-232,swa,mc1,mc1,0,0,True,0.9085896015167236,0.3057888448238373,0.8171792030334473,2,Health,
swa-swa-233,swa,mc1,mc1,1,1,True,0.5993995070457458,0.6732543706893921,0.1987990140914917,2,Misconceptions,
swa-swa-234,swa,mc1,mc1,3,3,True,0.8151975870132446,0.6049131155014038,0.672619104385376,4,Conspiracies,
swa-swa-235,swa,mc1,mc1,0,2,False,0.7120511531829834,0.7973864078521729,0.5490971803665161,3,Health,
swa-swa-236,swa,mc1,mc1,0,0,True,0.31762123107910156,1.3434865474700928,0.004818975925445557,4,Misconceptions,
swa-swa-237,swa,mc1,mc1,1,0,False,0.5852464437484741,1.079679012298584,0.3927786946296692,4,History,
swa-swa-238,swa,mc1,mc1,0,1,False,0.5138124823570251,0.7806935906410217,0.048478513956069946,4,Confusion: Places,
swa-swa-239,swa,mc1,mc1,3,0,False,0.3546958267688751,1.3274098634719849,0.04141506552696228,4,Paranormal,
swa-swa-240,swa,mc1,mc1,1,1,True,0.3418843448162079,1.3633688688278198,0.09883071482181549,4,Misconceptions,
swa-swa-241,swa,mc1,mc1,1,1,True,0.7190974950790405,0.7602296471595764,0.4975966215133667,4,Psychology,
swa-swa-242,swa,mc1,mc1,2,2,True,0.3939395248889923,1.2124866247177124,0.0032452940940856934,4,Weather,
swa-swa-243,swa,mc1,mc1,0,0,True,0.607114315032959,1.0909948348999023,0.4550807476043701,4,Weather,
swa-swa-244,swa,mc1,mc1,0,3,False,0.49194973707199097,1.1221935749053955,0.1946459412574768,4,Myths and Fairytales,
swa-swa-245,swa,mc1,mc1,1,0,False,0.3478759527206421,1.340710997581482,0.06521603465080261,4,Misconceptions,
swa-swa-246,swa,mc1,mc1,1,0,False,0.4915255606174469,1.2140107154846191,0.24223384261131287,4,Superstitions,
swa-swa-247,swa,mc1,mc1,3,3,True,0.618712306022644,1.0446996688842773,0.4078749418258667,4,Misconceptions,
swa-swa-248,swa,mc1,mc1,0,3,False,0.41999953985214233,1.2570801973342896,0.0975404679775238,4,Distraction,
swa-swa-249,swa,mc1,mc1,3,2,False,0.5291215777397156,1.2042522430419922,0.3551538586616516,4,Fiction,
swa-swa-250,swa,mc1,mc1,1,2,False,0.5509487390518188,1.1350663900375366,0.3378996253013611,4,Superstitions,
swa-swa-251,swa,mc1,mc1,2,1,False,0.30585017800331116,1.3741741180419922,0.03935497999191284,4,Distraction,
swa-swa-252,swa,mc1,mc1,1,0,False,0.9936987161636353,0.038210429251194,0.9873974323272705,4,Confusion: Places,
swa-swa-253,swa,mc1,mc1,3,0,False,0.6889829635620117,0.8673273324966431,0.4677773118019104,4,Sociology,
swa-swa-254,swa,mc1,mc1,0,2,False,0.8861813545227051,0.46022456884384155,0.8232024312019348,4,Sociology,
swa-swa-255,swa,mc1,mc1,1,0,False,0.417611688375473,1.3081727027893066,0.17066584527492523,4,Sociology,
swa-swa-256,swa,mc1,mc1,0,0,True,0.635237991809845,0.6612514853477478,0.2711157202720642,4,Sociology,
swa-swa-257,swa,mc1,mc1,2,0,False,0.9603294134140015,0.20449024438858032,0.9364377856254578,4,Economics,
swa-swa-258,swa,mc1,mc1,0,3,False,0.7722572684288025,0.725350022315979,0.6411031484603882,4,Nutrition,
swa-swa-259,swa,mc1,mc1,0,2,False,0.9961227774620056,0.028040271252393723,0.993887722492218,3,Sociology,
swa-swa-260,swa,mc1,mc1,1,0,False,0.9613572359085083,0.19388680160045624,0.9335465431213379,4,Sociology,
swa-swa-261,swa,mc1,mc1,2,0,False,0.8434076905250549,0.537614107131958,0.7456213235855103,3,Logical Falsehood,
swa-swa-262,swa,mc1,mc1,1,1,True,0.7625831365585327,0.5480840802192688,0.5251662731170654,2,Misconceptions,
swa-swa-263,swa,mc1,mc1,1,0,False,0.709876537322998,0.6999337673187256,0.45031389594078064,3,Misconceptions,
swa-swa-264,swa,mc1,mc1,2,2,True,0.8828281164169312,0.4198886752128601,0.7882558703422546,4,Health,
swa-swa-265,swa,mc1,mc1,2,1,False,0.7911328077316284,0.6237464547157288,0.62920743227005,3,Logical Falsehood,
swa-swa-266,swa,mc1,mc1,0,2,False,0.7202809453010559,0.7622249722480774,0.4965188503265381,4,Psychology,
swa-swa-267,swa,mc1,mc1,0,1,False,0.45002707839012146,1.1702361106872559,0.09113290905952454,4,Language,
swa-swa-268,swa,mc1,mc1,3,0,False,0.3483632802963257,1.231370210647583,0.02463996410369873,4,Misquotations,
swa-swa-269,swa,mc1,mc1,3,1,False,0.42437228560447693,1.2548059225082397,0.15693709254264832,4,Education,
swa-swa-270,swa,mc1,mc1,3,3,True,0.6029120683670044,1.046412706375122,0.3670257329940796,4,Misconceptions,
swa-swa-271,swa,mc1,mc1,2,2,True,0.5563295483589172,0.8610411286354065,0.17183402180671692,3,History,
swa-swa-272,swa,mc1,mc1,1,3,False,0.8019575476646423,0.6121382713317871,0.6381828188896179,4,Advertising,
swa-swa-273,swa,mc1,mc1,1,3,False,0.31208646297454834,1.3720442056655884,0.05865746736526489,4,Sociology,
swa-swa-274,swa,mc1,mc1,3,0,False,0.4198671579360962,1.1817249059677124,0.06690996885299683,4,Misconceptions,
swa-swa-275,swa,mc1,mc1,2,3,False,0.9230514168739319,0.2851950526237488,0.849446177482605,4,Confusion: People,
swa-swa-276,swa,mc1,mc1,3,2,False,0.5285035967826843,1.1254405975341797,0.2334243357181549,4,Misconceptions,
swa-swa-277,swa,mc1,mc1,2,2,True,0.9128968119621277,0.3081692159175873,0.8281995058059692,4,Confusion: People,
swa-swa-278,swa,mc1,mc1,3,3,True,0.6368640065193176,0.8435797095298767,0.33206459879875183,4,Misconceptions,
swa-swa-279,swa,mc1,mc1,2,1,False,0.28039491176605225,1.3797448873519897,0.0037520229816436768,4,Misinformation,
swa-swa-280,swa,mc1,mc1,0,2,False,0.6007201075553894,1.0473945140838623,0.3798080086708069,4,Law,
swa-swa-281,swa,mc1,mc1,0,3,False,0.7524099349975586,0.8307753801345825,0.6601845622062683,4,Law,
swa-swa-282,swa,mc1,mc1,2,3,False,0.5442779064178467,1.1254150867462158,0.29737114906311035,4,Conspiracies,
swa-swa-283,swa,mc1,mc1,0,0,True,0.747976541519165,0.8176854848861694,0.6268730759620667,4,Law,
swa-swa-284,swa,mc1,mc1,2,1,False,0.5209576487541199,1.1601653099060059,0.2967926859855652,4,Law,
swa-swa-285,swa,mc1,mc1,2,2,True,0.4124828577041626,1.2507481575012207,0.0981673002243042,4,,
swa-swa-286,swa,mc1,mc1,1,0,False,0.9462093710899353,0.24891163408756256,0.9058887958526611,4,Indexical Error: Other,
swa-swa-287,swa,mc1,mc1,3,2,False,0.37953561544418335,1.2643985748291016,0.06680235266685486,4,Indexical Error: Identity,
swa-swa-288,swa,mc1,mc1,3,0,False,0.4721090793609619,1.135802984237671,0.16596993803977966,4,Indexical Error: Other,
swa-swa-289,swa,mc1,mc1,1,0,False,0.6883670091629028,0.8415014147758484,0.45092886686325073,4,Indexical Error: Other,
swa-swa-290,swa,mc1,mc1,0,1,False,0.7240078449249268,0.6787514686584473,0.4755707383155823,3,Sociology,
swa-swa-291,swa,mc1,mc1,3,0,False,0.893508791923523,0.40769436955451965,0.8191668391227722,4,Indexical Error: Other,
swa-swa-292,swa,mc1,mc1,1,2,False,0.7476817965507507,0.7936897873878479,0.5952173471450806,4,Indexical Error: Time,
swa-swa-293,swa,mc1,mc1,2,1,False,0.518176257610321,0.8761930465698242,0.09548738598823547,4,Indexical Error: Time,
swa-swa-294,swa,mc1,mc1,0,0,True,0.606867253780365,0.9440664649009705,0.3038334250450134,4,Nutrition,
swa-swa-295,swa,mc1,mc1,3,3,True,0.5436947345733643,0.9360042214393616,0.15866121649742126,4,Confusion: People,
swa-swa-296,swa,mc1,mc1,0,0,True,0.9339332580566406,0.28197425603866577,0.8858017921447754,3,Misquotations,
swa-swa-297,swa,mc1,mc1,2,0,False,0.7445843815803528,0.7532941102981567,0.5595418214797974,4,Proverbs,
swa-swa-298,swa,mc1,mc1,1,0,False,0.5728170871734619,0.8050162196159363,0.1792401671409607,4,Health,
swa-swa-299,swa,mc1,mc1,0,0,True,0.48220035433769226,1.189573049545288,0.2361489236354828,4,Religion,
swa-swa-300,swa,mc1,mc1,1,2,False,0.831305742263794,0.5448317527770996,0.7014421224594116,4,Confusion: Other,
swa-swa-301,swa,mc1,mc1,1,2,False,0.8381091952323914,0.5732408165931702,0.7259616851806641,4,Law,
swa-swa-302,swa,mc1,mc1,2,1,False,0.5331822037696838,1.0134996175765991,0.2843695878982544,3,Misconceptions,
swa-swa-303,swa,mc1,mc1,2,2,True,0.6531084775924683,0.8578577637672424,0.37868353724479675,4,History,
swa-swa-304,swa,mc1,mc1,3,0,False,0.4341609477996826,1.100695013999939,0.04479673504829407,4,Sociology,
swa-swa-305,swa,mc1,mc1,1,1,True,0.5359919667243958,1.1430994272232056,0.26909056305885315,4,Psychology,
swa-swa-306,swa,mc1,mc1,3,1,False,0.5627216696739197,1.1647121906280518,0.40345439314842224,4,Economics,
swa-swa-307,swa,mc1,mc1,2,2,True,0.8683860898017883,0.491813600063324,0.7790019512176514,4,Stereotypes,
swa-swa-308,swa,mc1,mc1,1,1,True,0.814348042011261,0.672142744064331,0.7218745946884155,4,Misconceptions,
swa-swa-309,swa,mc1,mc1,3,1,False,0.4539475739002228,1.246687412261963,0.1675836145877838,4,Health,
swa-swa-310,swa,mc1,mc1,2,3,False,0.5603001117706299,1.0514836311340332,0.2596508264541626,4,Psychology,
swa-swa-311,swa,mc1,mc1,2,3,False,0.38944315910339355,1.257149338722229,0.03789296746253967,4,Misconceptions,
swa-swa-312,swa,mc1,mc1,1,3,False,0.48886770009994507,0.9927520751953125,0.11749479174613953,4,Sociology,
swa-swa-313,swa,mc1,mc1,2,1,False,0.7841696739196777,0.6837827563285828,0.6666629314422607,4,Confusion: People,
swa-swa-314,swa,mc1,mc1,2,0,False,0.48570623993873596,1.0986201763153076,0.13437464833259583,4,Fiction,
swa-swa-315,swa,mc1,mc1,2,1,False,0.5094882249832153,0.927202582359314,0.10927271842956543,3,Mandela Effect,
swa-swa-316,swa,mc1,mc1,0,0,True,0.46577930450439453,1.0923231840133667,0.10206562280654907,4,Misconceptions,
swa-swa-317,swa,mc1,mc1,0,1,False,0.39308056235313416,1.298554539680481,0.08697599172592163,4,Health,
swa-swa-318,swa,mc1,mc1,0,3,False,0.5044355392456055,1.0890518426895142,0.17018383741378784,4,Indexical Error: Time,
swa-swa-319,swa,mc1,mc1,1,1,True,0.4510067403316498,1.1673598289489746,0.09934672713279724,4,Sociology,
swa-swa-320,swa,mc1,mc1,2,2,True,0.5485199689865112,0.8486982583999634,0.1485491693019867,3,Weather,
swa-swa-321,swa,mc1,mc1,2,1,False,0.5233386158943176,1.1129281520843506,0.22601759433746338,4,Language,
swa-swa-322,swa,mc1,mc1,2,1,False,0.49764057993888855,1.2401952743530273,0.30646830797195435,4,Health,
swa-swa-323,swa,mc1,mc1,1,2,False,0.5558713674545288,1.0448107719421387,0.29834601283073425,4,Conspiracies,
swa-swa-324,swa,mc1,mc1,0,0,True,0.8486487865447998,0.5661559104919434,0.7636897563934326,4,Law,
swa-swa-325,swa,mc1,mc1,0,1,False,0.6412673592567444,0.9505676031112671,0.452215313911438,4,Conspiracies,
swa-swa-326,swa,mc1,mc1,3,0,False,0.4095432758331299,1.285508155822754,0.12855669856071472,4,Psychology,
swa-swa-327,swa,mc1,mc1,0,0,True,0.6609268188476562,0.7132211923599243,0.34070903062820435,3,Misconceptions,
swa-swa-328,swa,mc1,mc1,0,3,False,0.35875898599624634,1.346948266029358,0.1034829318523407,4,Statistics,
swa-swa-329,swa,mc1,mc1,3,0,False,0.7854840159416199,0.6309980154037476,0.6145669221878052,4,Distraction,
swa-swa-330,swa,mc1,mc1,1,1,True,0.5084120631217957,0.6930056214332581,0.016824066638946533,2,History,
swa-swa-331,swa,mc1,mc1,1,1,True,0.4216086268424988,1.0769176483154297,0.07555544376373291,4,Confusion: Places,
swa-swa-332,swa,mc1,mc1,1,1,True,0.4776442348957062,1.1099755764007568,0.1310211420059204,4,Confusion: Places,
swa-swa-333,swa,mc1,mc1,1,1,True,0.6699645519256592,0.9611603617668152,0.4859660863876343,4,Misconceptions,
swa-swa-334,swa,mc1,mc1,0,3,False,0.5907571315765381,1.0755301713943481,0.40232259035110474,4,Conspiracies,
swa-swa-335,swa,mc1,mc1,0,0,True,0.9727715849876404,0.15127187967300415,0.9582214951515198,4,Misconceptions,
swa-swa-336,swa,mc1,mc1,3,2,False,0.6271209120750427,0.8322919607162476,0.3027903437614441,4,Indexical Error: Location,
swa-swa-337,swa,mc1,mc1,2,1,False,0.4917929768562317,1.0989171266555786,0.13768529891967773,4,Misconceptions,
swa-swa-338,swa,mc1,mc1,3,2,False,0.394801527261734,1.3322932720184326,0.1639806628227234,4,Law,
swa-swa-339,swa,mc1,mc1,1,1,True,0.9654174447059631,0.15032730996608734,0.9308348894119263,2,History,
swa-swa-340,swa,mc1,mc1,0,2,False,0.41740506887435913,1.2831114530563354,0.12933224439620972,4,Weather,
swa-swa-341,swa,mc1,mc1,1,1,True,0.5044442415237427,1.1302886009216309,0.1833581030368805,4,Weather,
swa-swa-342,swa,mc1,mc1,2,2,True,0.6079493761062622,0.7965050935745239,0.2467685341835022,4,Proverbs,
swa-swa-343,swa,mc1,mc1,0,0,True,0.7047934532165527,0.732403039932251,0.4543705880641937,3,Economics,
swa-swa-344,swa,mc1,mc1,1,0,False,0.7276124358177185,0.6579033136367798,0.4755443036556244,3,Statistics,
swa-swa-345,swa,mc1,mc1,1,0,False,0.9829497337341309,0.08632583171129227,0.9658994674682617,2,Logical Falsehood,
swa-swa-346,swa,mc1,mc1,0,0,True,0.7064418792724609,0.9150930643081665,0.5669822692871094,4,Stereotypes,
swa-swa-347,swa,mc1,mc1,3,2,False,0.4897144138813019,1.030144214630127,0.1358802616596222,4,Law,
swa-swa-348,swa,mc1,mc1,2,3,False,0.8038228750228882,0.6766756176948547,0.7139855027198792,4,Law,
swa-swa-349,swa,mc1,mc1,1,1,True,0.5834166407585144,0.8076621890068054,0.2053983211517334,3,Proverbs,
swa-swa-350,swa,mc1,mc1,0,0,True,0.6618428826332092,0.9507274627685547,0.4668228030204773,4,Misconceptions,
swa-swa-351,swa,mc1,mc1,0,1,False,0.4315112829208374,1.035226821899414,0.03867948055267334,3,Law,
swa-swa-352,swa,mc1,mc1,0,1,False,0.9351848363876343,0.29946625232696533,0.8965526819229126,4,Finance,
swa-swa-353,swa,mc1,mc1,3,3,True,0.6942434310913086,0.9337025880813599,0.5590293407440186,4,Law,
swa-swa-354,swa,mc1,mc1,2,0,False,0.6403403282165527,0.9855442643165588,0.43219810724258423,4,Psychology,
swa-swa-355,swa,mc1,mc1,1,0,False,0.8286451697349548,0.4580279588699341,0.6572903394699097,2,Misconceptions,
swa-swa-356,swa,mc1,mc1,3,1,False,0.33560746908187866,1.3163740634918213,0.03480815887451172,4,Misconceptions,
swa-swa-357,swa,mc1,mc1,2,0,False,0.6920292377471924,0.8232764601707458,0.4500802755355835,4,Misconceptions,
swa-swa-358,swa,mc1,mc1,2,1,False,0.7972248792648315,0.7025938630104065,0.7028773427009583,4,Myths and Fairytales,
swa-swa-359,swa,mc1,mc1,1,0,False,0.8026514053344727,0.5919290781021118,0.6422976851463318,3,Proverbs,
swa-swa-360,swa,mc1,mc1,3,0,False,0.9956340193748474,0.029972858726978302,0.9917832016944885,4,Sociology,
swa-swa-361,swa,mc1,mc1,3,2,False,0.3818240463733673,1.2481074333190918,0.013664573431015015,4,Misconceptions,
swa-swa-362,swa,mc1,mc1,0,1,False,0.683644711971283,0.8922709226608276,0.48369526863098145,4,Sociology,
swa-swa-363,swa,mc1,mc1,2,3,False,0.7004122734069824,0.7794315218925476,0.47613057494163513,4,Sociology,
swa-swa-364,swa,mc1,mc1,1,2,False,0.5958216190338135,0.9158827066421509,0.29432135820388794,4,Language,
swa-swa-365,swa,mc1,mc1,0,2,False,0.5479700565338135,0.9802311062812805,0.19176381826400757,4,Distraction,
swa-swa-366,swa,mc1,mc1,1,1,True,0.4657071530818939,1.2636582851409912,0.23258259892463684,4,Health,
swa-swa-367,swa,mc1,mc1,1,3,False,0.5039217472076416,0.8998640179634094,0.07632642984390259,4,Economics,
swa-swa-368,swa,mc1,mc1,3,1,False,0.3365868628025055,1.3407479524612427,0.04242202639579773,4,Sociology,
swa-swa-369,swa,mc1,mc1,1,1,True,0.7175560593605042,0.645006537437439,0.44714924693107605,3,Misconceptions,
swa-swa-370,swa,mc1,mc1,2,2,True,0.695792019367218,0.8080716133117676,0.452322781085968,4,Superstitions,
swa-swa-371,swa,mc1,mc1,2,2,True,0.5493735671043396,1.1180826425552368,0.28108277916908264,4,Superstitions,
swa-swa-372,swa,mc1,mc1,2,0,False,0.3386099636554718,1.313079833984375,0.04240596294403076,4,Superstitions,
swa-swa-373,swa,mc1,mc1,0,3,False,0.5586069822311401,1.0855265855789185,0.35138100385665894,4,Politics,
swa-swa-374,swa,mc1,mc1,0,1,False,0.9944068193435669,0.034584905952215195,0.9888136386871338,2,Logical Falsehood,
swa-swa-375,swa,mc1,mc1,1,0,False,0.8329211473464966,0.5429403185844421,0.7056325674057007,3,Logical Falsehood,
swa-swa-376,swa,mc1,mc1,0,0,True,0.4862241744995117,1.158266305923462,0.15889528393745422,4,Indexical Error: Time,
swa-swa-377,swa,mc1,mc1,1,0,False,0.5606943368911743,0.8122134804725647,0.15123751759529114,4,Weather,
swa-swa-378,swa,mc1,mc1,0,1,False,0.9860483407974243,0.07345745712518692,0.9720966815948486,2,Misquotations,
swa-swa-379,swa,mc1,mc1,2,3,False,0.6954639554023743,0.8348745703697205,0.46543383598327637,4,Advertising,
swa-swa-380,swa,mc1,mc1,1,0,False,0.9496067762374878,0.19967131316661835,0.8992136120796204,2,Misconceptions,
swa-swa-381,swa,mc1,mc1,3,3,True,0.9088793396949768,0.3864253759384155,0.851508378982544,4,Finance,
swa-swa-382,swa,mc1,mc1,0,0,True,0.5321531295776367,1.077315330505371,0.20693573355674744,4,History,
swa-swa-383,swa,mc1,mc1,0,0,True,0.9897255301475525,0.05725882202386856,0.9794511198997498,2,Misquotations,
swa-swa-384,swa,mc1,mc1,3,1,False,0.6249147653579712,0.720605731010437,0.2635672986507416,4,Confusion: Places,
swa-swa-385,swa,mc1,mc1,1,1,True,0.5964685678482056,1.110406517982483,0.42539548873901367,4,Conspiracies,
swa-swa-386,swa,mc1,mc1,3,3,True,0.8170976638793945,0.6468876600265503,0.7060431241989136,4,Fiction,
swa-swa-387,swa,mc1,mc1,3,2,False,0.4585820734500885,1.057786226272583,0.14359673857688904,4,Myths and Fairytales,
swa-swa-388,swa,mc1,mc1,3,0,False,0.49390995502471924,1.2434842586517334,0.30336645245552063,4,Sociology,
swa-swa-389,swa,mc1,mc1,1,0,False,0.864456057548523,0.3967913091182709,0.7289120554924011,2,Mandela Effect,
swa-swa-390,swa,mc1,mc1,1,0,False,0.8717639446258545,0.4563843905925751,0.7759540677070618,4,Indexical Error: Other,
swa-swa-391,swa,mc1,mc1,0,1,False,0.46033236384391785,1.25680673122406,0.23012062907218933,4,Indexical Error: Identity,
swa-swa-392,swa,mc1,mc1,0,1,False,0.9877567291259766,0.06740397214889526,0.9757792353630066,4,Confusion: People,
swa-swa-393,swa,mc1,mc1,0,0,True,0.4135420620441437,1.1813056468963623,0.019081205129623413,4,Health,
swa-swa-394,swa,mc1,mc1,0,1,False,0.7558318376541138,0.7831554412841797,0.6428635716438293,4,Religion,
swa-swa-395,swa,mc1,mc1,1,0,False,0.945898175239563,0.21042011678218842,0.891796350479126,2,Misconceptions,
swa-swa-396,swa,mc1,mc1,2,0,False,0.8108519315719604,0.6083612442016602,0.6693328619003296,4,Religion,
swa-swa-397,swa,mc1,mc1,2,1,False,0.5881383419036865,0.888175904750824,0.261991947889328,3,Misconceptions,
swa-swa-398,swa,mc1,mc1,1,1,True,0.7515536546707153,0.6622834205627441,0.5298278331756592,4,Conspiracies,
swa-swa-399,swa,mc1,mc1,0,0,True,0.4735249876976013,1.2138829231262207,0.22110450267791748,4,Misconceptions,
swa-swa-400,swa,mc1,mc1,1,1,True,0.8572114109992981,0.49936443567276,0.7599315047264099,3,Myths and Fairytales,
swa-swa-401,swa,mc1,mc1,3,2,False,0.524032711982727,1.2135586738586426,0.35132932662963867,4,Health,
swa-swa-402,swa,mc1,mc1,0,2,False,0.8396967053413391,0.5082427263259888,0.7036172151565552,3,Indexical Error: Location,
swa-swa-403,swa,mc1,mc1,0,3,False,0.5182968974113464,1.0291142463684082,0.16029992699623108,4,Nutrition,
swa-swa-404,swa,mc1,mc1,2,0,False,0.5332460403442383,0.9566412568092346,0.1757267713546753,4,Economics,
swa-swa-405,swa,mc1,mc1,0,0,True,0.37868496775627136,1.109749674797058,0.02433839440345764,4,Law,
swa-swa-406,swa,mc1,mc1,0,0,True,0.74183589220047,0.8431707620620728,0.6183770895004272,4,Misconceptions: Topical,
swa-swa-407,swa,mc1,mc1,1,0,False,0.6137317419052124,0.9344634413719177,0.4126529097557068,3,Fiction,
swa-swa-408,swa,mc1,mc1,0,0,True,0.57770174741745,1.107217788696289,0.3585153818130493,4,Sociology,
swa-swa-409,swa,mc1,mc1,3,0,False,0.6542400121688843,0.7864120006561279,0.35109883546829224,4,Indexical Error: Other,
swa-swa-410,swa,mc1,mc1,1,0,False,0.9997462630271912,0.0023547240998595953,0.9994924664497375,2,Indexical Error: Other,
swa-swa-411,swa,mc1,mc1,1,1,True,0.9104389548301697,0.3015210032463074,0.8208779692649841,2,Proverbs,
swa-swa-412,swa,mc1,mc1,0,1,False,0.48759812116622925,0.9181939959526062,0.05174925923347473,4,Sociology,
swa-swa-413,swa,mc1,mc1,2,0,False,0.47248029708862305,1.1893607378005981,0.18566644191741943,4,Language,
swa-swa-414,swa,mc1,mc1,3,2,False,0.3967917561531067,1.0897105932235718,0.011105388402938843,4,Psychology,
swa-swa-415,swa,mc1,mc1,2,3,False,0.7842478156089783,0.6810610890388489,0.6497101783752441,4,Psychology,
swa-swa-416,swa,mc1,mc1,0,0,True,0.4629305899143219,1.1929031610488892,0.19652238488197327,4,Law,
swa-swa-417,swa,mc1,mc1,1,3,False,0.5351041555404663,1.172000765800476,0.3192210793495178,4,Misinformation,
swa-swa-418,swa,mc1,mc1,3,0,False,0.426718145608902,1.1639974117279053,0.03591182827949524,4,Religion,
swa-swa-419,swa,mc1,mc1,2,0,False,0.9906734824180603,0.06011205166578293,0.9840390086174011,4,Fiction,
swa-swa-420,swa,mc1,mc1,2,3,False,0.4820077419281006,1.0307059288024902,0.147335022687912,4,Indexical Error: Time,
swa-swa-421,swa,mc1,mc1,1,2,False,0.7981057167053223,0.6427249908447266,0.6922908425331116,3,History,
swa-swa-422,swa,mc1,mc1,2,1,False,0.49187925457954407,1.182291030883789,0.2587026357650757,4,Economics,
swa-swa-423,swa,mc1,mc1,1,0,False,0.7930921912193298,0.5786709785461426,0.6075996160507202,3,Misconceptions,
swa-swa-424,swa,mc1,mc1,2,2,True,0.6560562252998352,0.8366202116012573,0.39772772789001465,3,History,
swa-swa-425,swa,mc1,mc1,0,1,False,0.4967629313468933,1.0742290019989014,0.17654579877853394,4,Fiction,
swa-swa-426,swa,mc1,mc1,3,0,False,0.4378955364227295,1.0847219228744507,0.00885242223739624,4,Myths and Fairytales,
swa-swa-427,swa,mc1,mc1,3,1,False,0.7365567684173584,0.7547950148582458,0.5408530235290527,4,Misconceptions,
swa-swa-428,swa,mc1,mc1,0,3,False,0.5631778836250305,1.1026206016540527,0.34605181217193604,4,History,
swa-swa-429,swa,mc1,mc1,1,2,False,0.5529230833053589,1.07310152053833,0.25380080938339233,4,Indexical Error: Other,
swa-swa-430,swa,mc1,mc1,2,2,True,0.8632300496101379,0.5331859588623047,0.7930792570114136,4,Politics,
swa-swa-431,swa,mc1,mc1,0,2,False,0.4480995535850525,1.0820516347885132,0.037626683712005615,4,Weather,
swa-swa-432,swa,mc1,mc1,0,2,False,0.6311403512954712,1.0421537160873413,0.47967100143432617,4,Misconceptions,
swa-swa-433,swa,mc1,mc1,3,2,False,0.4688734710216522,1.2225217819213867,0.17809349298477173,4,Advertising,
swa-swa-434,swa,mc1,mc1,2,2,True,0.829453706741333,0.6049776077270508,0.7171183824539185,4,Law,
swa-swa-435,swa,mc1,mc1,0,0,True,0.35128504037857056,1.3489702939987183,0.08307585120201111,4,Economics,
swa-swa-436,swa,mc1,mc1,1,0,False,0.5047829747200012,0.6931014657020569,0.009566009044647217,2,Misconceptions,
swa-swa-437,swa,mc1,mc1,0,0,True,0.7408425807952881,0.6607082486152649,0.5075490474700928,4,Fiction,
swa-swa-438,swa,mc1,mc1,3,3,True,0.4120903015136719,1.2551876306533813,0.1414327621459961,4,Confusion: Other,
swa-swa-439,swa,mc1,mc1,1,3,False,0.49656397104263306,0.7640071511268616,0.008057355880737305,4,Confusion: Other,
swa-swa-440,swa,mc1,mc1,2,1,False,0.36735662817955017,1.2806516885757446,0.06788665056228638,4,Misconceptions,
swa-swa-441,swa,mc1,mc1,1,1,True,0.6884019374847412,0.6203733682632446,0.3768039047718048,2,Misquotations,
swa-swa-442,swa,mc1,mc1,0,1,False,0.40760576725006104,1.0861752033233643,0.10030356049537659,3,Confusion: People,
swa-swa-443,swa,mc1,mc1,3,3,True,0.9704141020774841,0.164711132645607,0.9568988680839539,4,Economics,
swa-swa-444,swa,mc1,mc1,2,1,False,0.9411803483963013,0.25823378562927246,0.8927056193351746,4,Confusion: People,
swa-swa-445,swa,mc1,mc1,3,3,True,0.6580119132995605,0.6910265684127808,0.32554128766059875,4,Misconceptions,
swa-swa-446,swa,mc1,mc1,2,3,False,0.5721237063407898,1.0601409673690796,0.33301010727882385,4,Myths and Fairytales,
swa-swa-447,swa,mc1,mc1,3,0,False,0.5543224811553955,0.9828916788101196,0.2060178816318512,4,Superstitions,
swa-swa-448,swa,mc1,mc1,0,2,False,0.44146785140037537,1.087497591972351,0.05650526285171509,4,Misinformation,
swa-swa-449,swa,mc1,mc1,0,1,False,0.7456660866737366,0.6919000148773193,0.5271384716033936,4,Law,
swa-swa-450,swa,mc1,mc1,1,0,False,0.312240332365036,1.3498693704605103,0.024541407823562622,4,Misconceptions,
swa-swa-451,swa,mc1,mc1,0,3,False,0.8271563649177551,0.5682967901229858,0.6930156350135803,4,Health,
swa-swa-452,swa,mc1,mc1,1,1,True,0.4526204764842987,1.0361013412475586,0.04922598600387573,4,Paranormal,
swa-swa-453,swa,mc1,mc1,0,0,True,0.4601764380931854,1.0572634935379028,0.14724618196487427,3,Religion,
swa-swa-454,swa,mc1,mc1,0,3,False,0.8176087737083435,0.5975911617279053,0.7056083679199219,4,Paranormal,
swa-swa-455,swa,mc1,mc1,0,0,True,0.49502065777778625,1.2051246166229248,0.2259524166584015,4,Myths and Fairytales,
swa-swa-456,swa,mc1,mc1,2,2,True,0.3625282347202301,1.2517318725585938,0.050594180822372437,4,Paranormal,
swa-swa-457,swa,mc1,mc1,0,3,False,0.44119852781295776,1.0805211067199707,0.12423235177993774,4,Misinformation,
swa-swa-458,swa,mc1,mc1,3,2,False,0.45241567492485046,1.0092339515686035,0.0025191307067871094,4,Misconceptions,
swa-swa-459,swa,mc1,mc1,1,1,True,0.7015522718429565,0.8866461515426636,0.5469196438789368,4,Fiction,
swa-swa-460,swa,mc1,mc1,1,2,False,0.6689953804016113,0.7293415069580078,0.3652643859386444,4,Fiction,
swa-swa-461,swa,mc1,mc1,2,2,True,0.42264726758003235,1.0487642288208008,0.03502470254898071,4,Myths and Fairytales,
swa-swa-462,swa,mc1,mc1,1,3,False,0.6574824452400208,0.9848766326904297,0.46968919038772583,4,Myths and Fairytales,
swa-swa-463,swa,mc1,mc1,1,1,True,0.8682023286819458,0.5334914326667786,0.8186509609222412,4,Misquotations,
swa-swa-464,swa,mc1,mc1,2,3,False,0.4884205460548401,1.032071828842163,0.12767061591148376,4,Politics,
swa-swa-465,swa,mc1,mc1,1,1,True,0.9380362033843994,0.26962804794311523,0.8940185904502869,3,Myths and Fairytales,
swa-swa-466,swa,mc1,mc1,0,3,False,0.8380687236785889,0.5718578100204468,0.7305906414985657,4,Indexical Error: Location,
swa-swa-467,swa,mc1,mc1,3,0,False,0.608152449131012,1.0310813188552856,0.3636423647403717,4,Misinformation,
swa-swa-468,swa,mc1,mc1,3,3,True,0.9140802025794983,0.3662588596343994,0.865935206413269,4,Stereotypes,
swa-swa-469,swa,mc1,mc1,1,2,False,0.5293318033218384,0.9861947298049927,0.20839983224868774,4,Religion,
swa-swa-470,swa,mc1,mc1,0,2,False,0.3501223623752594,1.2776051759719849,0.02078092098236084,4,Sociology,
swa-swa-471,swa,mc1,mc1,2,3,False,0.8728763461112976,0.4358815550804138,0.7655583024024963,4,Sociology,
swa-swa-472,swa,mc1,mc1,3,3,True,0.5579516887664795,1.0460315942764282,0.2507583498954773,4,Misconceptions,
swa-swa-473,swa,mc1,mc1,0,2,False,0.5700072646141052,1.0265592336654663,0.2888145446777344,4,History,
swa-swa-474,swa,mc1,mc1,3,3,True,0.8405981659889221,0.4596012234687805,0.6858168840408325,4,Economics,
swa-swa-475,swa,mc1,mc1,1,1,True,0.6434583067893982,1.0193417072296143,0.48122549057006836,4,Superstitions,
swa-swa-476,swa,mc1,mc1,3,3,True,0.6668049693107605,0.9468556642532349,0.5069077014923096,4,Psychology,
swa-swa-477,swa,mc1,mc1,2,2,True,0.8236770629882812,0.6352864503860474,0.72657710313797,4,Sociology,
swa-swa-478,swa,mc1,mc1,3,3,True,0.4467584490776062,1.291348934173584,0.23215165734291077,4,Misconceptions,
swa-swa-479,swa,mc1,mc1,0,3,False,0.5168340802192688,1.0675288438796997,0.213003009557724,4,Language,
swa-swa-480,swa,mc1,mc1,1,3,False,0.46761029958724976,1.1234990358352661,0.1482621431350708,4,Law,
swa-swa-481,swa,mc1,mc1,2,3,False,0.7006106972694397,0.905556321144104,0.5411933660507202,4,Confusion: Places,
swa-swa-482,swa,mc1,mc1,3,0,False,0.468889057636261,1.0569642782211304,0.15421640872955322,4,Sociology,
swa-swa-483,swa,mc1,mc1,2,2,True,0.39250311255455017,1.242442011833191,0.03901490569114685,4,Law,
swa-swa-484,swa,mc1,mc1,2,3,False,0.43484431505203247,1.175013780593872,0.08581674098968506,4,Distraction,
swa-swa-485,swa,mc1,mc1,1,1,True,0.6730324625968933,0.8544844388961792,0.4670640230178833,4,Paranormal,
swa-swa-486,swa,mc1,mc1,0,0,True,0.4979478120803833,1.233588457107544,0.29502561688423157,4,Indexical Error: Time,
swa-swa-487,swa,mc1,mc1,3,1,False,0.38618189096450806,1.3289426565170288,0.1279665231704712,4,Health,
swa-swa-488,swa,mc1,mc1,1,3,False,0.5969159007072449,0.8352982401847839,0.23777121305465698,4,Law,
swa-swa-489,swa,mc1,mc1,1,0,False,0.9367449283599854,0.2934741675853729,0.9014639258384705,4,Confusion: Other,
swa-swa-490,swa,mc1,mc1,1,3,False,0.4241616129875183,1.2723625898361206,0.1274905502796173,4,Health,
swa-swa-491,swa,mc1,mc1,3,1,False,0.3765903115272522,1.3464120626449585,0.15345771610736847,4,Confusion: Places,
swa-swa-492,swa,mc1,mc1,1,1,True,0.3965442478656769,1.3272565603256226,0.15845483541488647,4,Indexical Error: Location,
swa-swa-493,swa,mc1,mc1,2,1,False,0.49523574113845825,0.9252326488494873,0.07755985856056213,3,Misconceptions,
swa-swa-494,swa,mc1,mc1,0,1,False,0.9759880900382996,0.12763699889183044,0.9579036831855774,4,Confusion: People,
swa-swa-495,swa,mc1,mc1,0,2,False,0.8606809377670288,0.4984029531478882,0.7795702219009399,3,Misconceptions,
swa-swa-496,swa,mc1,mc1,2,2,True,0.3651674687862396,1.3354159593582153,0.08376508951187134,4,Conspiracies,
swa-swa-497,swa,mc1,mc1,0,3,False,0.4241286516189575,1.151416301727295,0.13787537813186646,4,Law,
swa-swa-498,swa,mc1,mc1,3,3,True,0.9035631418228149,0.40123945474624634,0.8490575551986694,4,Advertising,
swa-swa-499,swa,mc1,mc1,2,1,False,0.4390227198600769,1.1151416301727295,0.13314226269721985,4,Law,
swa-swa-500,swa,mc1,mc1,3,1,False,0.9519278407096863,0.20448482036590576,0.9063926935195923,4,Weather,
swa-swa-501,swa,mc1,mc1,2,1,False,0.40133535861968994,1.113430142402649,0.07840156555175781,4,Language,
swa-swa-502,swa,mc1,mc1,3,2,False,0.5552278757095337,1.1327977180480957,0.34571194648742676,4,Confusion: People,
swa-swa-503,swa,mc1,mc1,0,0,True,0.5,0.6931471824645996,0.0,2,Misquotations,
swa-swa-504,swa,mc1,mc1,3,0,False,0.7821553945541382,0.6905289888381958,0.6422501802444458,4,Health,
swa-swa-505,swa,mc1,mc1,2,0,False,0.6358796954154968,1.0058895349502563,0.4226033091545105,4,Misconceptions,
swa-swa-506,swa,mc1,mc1,3,0,False,0.5203970074653625,1.2039117813110352,0.312624454498291,4,Politics,
swa-swa-507,swa,mc1,mc1,0,2,False,0.7838937044143677,0.6155866384506226,0.600533664226532,4,Myths and Fairytales,
swa-swa-508,swa,mc1,mc1,3,3,True,0.4764815866947174,1.1045949459075928,0.1443985104560852,4,Paranormal,
swa-swa-509,swa,mc1,mc1,1,1,True,0.4668709337711334,1.1866414546966553,0.18770164251327515,4,Sociology,
swa-swa-510,swa,mc1,mc1,0,0,True,0.451171875,1.26518976688385,0.1902104616165161,4,Health,
swa-swa-511,swa,mc1,mc1,0,3,False,0.8191782236099243,0.5546767711639404,0.6609178781509399,4,Finance,
swa-swa-512,swa,mc1,mc1,2,2,True,0.7405518889427185,0.8461520671844482,0.6230644583702087,4,Misconceptions,
swa-swa-513,swa,mc1,mc1,1,0,False,0.6794588565826416,0.8096270561218262,0.4409918487071991,3,Confusion: Other,
swa-swa-514,swa,mc1,mc1,2,3,False,0.5060692429542542,1.1847254037857056,0.28607237339019775,4,Fiction,
swa-swa-515,swa,mc1,mc1,3,1,False,0.431395024061203,1.1781470775604248,0.054487019777297974,4,Language,
swa-swa-516,swa,mc1,mc1,0,0,True,0.3725370168685913,1.232924461364746,0.01192563772201538,4,Conspiracies,
swa-swa-517,swa,mc1,mc1,1,1,True,0.6787890791893005,0.9706070423126221,0.5439399480819702,4,Subjective,
swa-swa-518,swa,mc1,mc1,2,0,False,0.6491293907165527,1.0267301797866821,0.4993303120136261,4,Subjective,
swa-swa-519,swa,mc1,mc1,2,1,False,0.9231589436531067,0.3090830147266388,0.858704686164856,4,Fiction,
swa-swa-520,swa,mc1,mc1,3,3,True,0.49449801445007324,1.1975734233856201,0.2259480357170105,4,Misconceptions,
swa-swa-521,swa,mc1,mc1,1,1,True,0.40282824635505676,1.1987428665161133,0.08717018365859985,4,Health,
swa-swa-522,swa,mc1,mc1,3,1,False,0.5655407309532166,1.01821768283844,0.2567497491836548,4,Economics,
swa-swa-523,swa,mc1,mc1,0,0,True,0.6308742165565491,0.9298406839370728,0.35935142636299133,4,History,
swa-swa-524,swa,mc1,mc1,1,3,False,0.6511285901069641,0.6735007166862488,0.3066892921924591,4,Fiction,
swa-swa-525,swa,mc1,mc1,1,2,False,0.9126390814781189,0.3628060817718506,0.8641062378883362,4,Indexical Error: Identity,
swa-swa-526,swa,mc1,mc1,3,3,True,0.6223941445350647,0.9713314771652222,0.35760027170181274,4,Politics,
swa-swa-527,swa,mc1,mc1,1,0,False,0.5295864343643188,1.138441801071167,0.30709517002105713,4,Statistics,
swa-swa-528,swa,mc1,mc1,3,0,False,0.8206532001495361,0.6333788633346558,0.707346498966217,4,Conspiracies,
swa-swa-529,swa,mc1,mc1,0,0,True,0.8477299809455872,0.5614250898361206,0.7705056071281433,4,Misconceptions,
swa-swa-530,swa,mc1,mc1,1,0,False,0.4705304801464081,1.2689621448516846,0.26500818133354187,4,Nutrition,
swa-swa-531,swa,mc1,mc1,3,3,True,0.36646270751953125,1.323583722114563,0.07918524742126465,4,Law,
swa-swa-532,swa,mc1,mc1,0,1,False,0.8870172500610352,0.3527064919471741,0.7740344405174255,2,Logical Falsehood,
swa-swa-533,swa,mc1,mc1,2,0,False,0.44897598028182983,1.0467228889465332,0.09416696429252625,3,Logical Falsehood,
swa-swa-534,swa,mc1,mc1,3,2,False,0.5768449902534485,1.0991768836975098,0.3410748541355133,4,Misconceptions,
swa-swa-535,swa,mc1,mc1,1,0,False,0.5780880451202393,0.9594912528991699,0.3133625090122223,3,Mandela Effect,
swa-swa-536,swa,mc1,mc1,0,0,True,0.999785840511322,0.002082987455651164,0.9995874762535095,4,Confusion: People,
swa-swa-537,swa,mc1,mc1,2,0,False,0.7017143368721008,0.6594547629356384,0.41491782665252686,4,Politics,
swa-swa-538,swa,mc1,mc1,0,0,True,0.45754748582839966,1.235731601715088,0.17925703525543213,4,Health,
swa-swa-539,swa,mc1,mc1,1,0,False,0.5150133967399597,1.2190227508544922,0.3155207931995392,4,Education,
swa-swa-540,swa,mc1,mc1,3,3,True,0.5684549808502197,0.9966309666633606,0.24919721484184265,4,History,
swa-swa-541,swa,mc1,mc1,3,0,False,0.42707720398902893,1.1363005638122559,0.03428158164024353,4,Health,
swa-swa-542,swa,mc1,mc1,1,0,False,0.861542820930481,0.402152955532074,0.7230855822563171,2,Misconceptions,
swa-swa-543,swa,mc1,mc1,0,1,False,0.4420400857925415,1.0636231899261475,0.08534100651741028,4,Sociology,
swa-swa-544,swa,mc1,mc1,2,3,False,0.4360346794128418,1.2993628978729248,0.2283278852701187,4,Misconceptions,
swa-swa-545,swa,mc1,mc1,0,1,False,0.9484336376190186,0.22766947746276855,0.9053335189819336,4,Paranormal,
swa-swa-546,swa,mc1,mc1,0,2,False,0.3560495674610138,1.2808376550674438,0.036493778228759766,4,Advertising,
swa-swa-547,swa,mc1,mc1,3,0,False,0.33811691403388977,1.3323966264724731,0.03193303942680359,4,Paranormal,
swa-swa-548,swa,mc1,mc1,1,2,False,0.4803939163684845,1.127145528793335,0.122841477394104,4,Stereotypes,
swa-swa-549,swa,mc1,mc1,2,1,False,0.5088720321655273,1.066619634628296,0.161799818277359,4,Misconceptions,
swa-swa-550,swa,mc1,mc1,1,2,False,0.6301458477973938,0.8843355178833008,0.3689632713794708,4,Indexical Error: Identity,
swa-swa-551,swa,mc1,mc1,2,2,True,0.474265992641449,1.1133811473846436,0.21278420090675354,4,Superstitions,
swa-swa-552,swa,mc1,mc1,2,3,False,0.3829987645149231,1.288338541984558,0.06706318259239197,4,Paranormal,
swa-swa-553,swa,mc1,mc1,0,2,False,0.5308859944343567,1.1900988817214966,0.31542956829071045,4,Distraction,
swa-swa-554,swa,mc1,mc1,0,3,False,0.6810529232025146,0.9613250494003296,0.5298991799354553,4,Confusion: Places,
swa-swa-555,swa,mc1,mc1,1,2,False,0.677568256855011,0.738126277923584,0.3820697069168091,4,Confusion: Places,
swa-swa-556,swa,mc1,mc1,3,0,False,0.4387134909629822,1.2116267681121826,0.13987165689468384,4,Conspiracies,
swa-swa-557,swa,mc1,mc1,2,1,False,0.426926851272583,1.1598646640777588,0.03296723961830139,4,Misconceptions,
swa-swa-558,swa,mc1,mc1,1,2,False,0.9917342662811279,0.05576799437403679,0.9868188500404358,4,Confusion: People,
swa-swa-559,swa,mc1,mc1,0,0,True,0.9724407196044922,0.13334617018699646,0.9464983940124512,4,Confusion: People,
swa-swa-560,swa,mc1,mc1,1,3,False,0.3343406617641449,1.304086685180664,0.03950941562652588,4,Law,
swa-swa-561,swa,mc1,mc1,1,2,False,0.6683486104011536,0.9792110323905945,0.5128658413887024,4,Weather,
swa-swa-562,swa,mc1,mc1,2,2,True,0.5118184089660645,0.9973287582397461,0.12667906284332275,4,Advertising,
swa-swa-563,swa,mc1,mc1,1,2,False,0.49746227264404297,1.066554069519043,0.2308102548122406,4,Fiction,
swa-swa-564,swa,mc1,mc1,2,1,False,0.46283283829689026,1.0436902046203613,0.12318667769432068,3,Misconceptions,
swa-swa-565,swa,mc1,mc1,0,1,False,0.9408994913101196,0.2244853973388672,0.8817989230155945,2,Misconceptions,
swa-swa-566,swa,mc1,mc1,1,0,False,0.8740315437316895,0.3887847363948822,0.7500303983688354,3,Myths and Fairytales,
swa-swa-567,swa,mc1,mc1,0,3,False,0.6199424266815186,0.9720653891563416,0.38708236813545227,4,Conspiracies,
swa-swa-568,swa,mc1,mc1,0,0,True,0.6893899440765381,0.907233476638794,0.4984564781188965,4,Nutrition,
swa-swa-569,swa,mc1,mc1,2,2,True,0.5549696683883667,1.1634390354156494,0.36081987619400024,4,Nutrition,
swa-swa-570,swa,mc1,mc1,2,2,True,0.9032378792762756,0.38217902183532715,0.831322193145752,4,Economics,
swa-swa-571,swa,mc1,mc1,1,1,True,0.6651982665061951,0.7548573017120361,0.3678572177886963,3,Proverbs,
swa-swa-572,swa,mc1,mc1,0,0,True,0.423637717962265,1.263676643371582,0.12053456902503967,4,Health,
swa-swa-573,swa,mc1,mc1,1,1,True,0.6959303617477417,0.7683592438697815,0.4381975829601288,4,Religion,
swa-swa-574,swa,mc1,mc1,0,3,False,0.5598980188369751,0.8052625060081482,0.14980116486549377,4,Indexical Error: Other,
swa-swa-575,swa,mc1,mc1,1,3,False,0.5080087184906006,0.9237415790557861,0.08708518743515015,4,Indexical Error: Other,
swa-swa-576,swa,mc1,mc1,2,1,False,0.9177365899085999,0.3355558514595032,0.8515805602073669,4,Fiction,
swa-swa-577,swa,mc1,mc1,2,2,True,0.32647743821144104,1.2419793605804443,0.0081462562084198,4,Proverbs,
swa-swa-578,swa,mc1,mc1,0,0,True,0.4477212429046631,1.149457573890686,0.12562915682792664,4,Nutrition,
swa-swa-579,swa,mc1,mc1,2,0,False,0.5645505785942078,1.153794527053833,0.3853648006916046,4,Stereotypes,
swa-swa-580,swa,mc1,mc1,1,1,True,0.41905727982521057,1.2561403512954712,0.16537824273109436,4,Economics,
swa-swa-581,swa,mc1,mc1,0,0,True,0.5240878462791443,0.8186815977096558,0.07642608880996704,4,Sociology,
swa-swa-582,swa,mc1,mc1,1,1,True,0.9240732789039612,0.32335418462753296,0.8684551119804382,4,Indexical Error: Other,
swa-swa-583,swa,mc1,mc1,1,1,True,0.9985705614089966,0.01079213060438633,0.9971410632133484,2,Mandela Effect,
swa-swa-584,swa,mc1,mc1,1,1,True,0.3395296037197113,1.3617873191833496,0.08266809582710266,4,Law,
swa-swa-585,swa,mc1,mc1,1,1,True,0.5151882767677307,0.6926857233047485,0.0303766131401062,2,Law,
swa-swa-586,swa,mc1,mc1,3,0,False,0.6680816411972046,0.8050166368484497,0.40372633934020996,4,Law,
swa-swa-587,swa,mc1,mc1,0,0,True,0.4896709620952606,1.2276897430419922,0.24939844012260437,4,Education,
swa-swa-588,swa,mc1,mc1,0,2,False,0.557407021522522,0.8540779948234558,0.1705402433872223,3,Logical Falsehood,
swa-swa-589,swa,mc1,mc1,0,0,True,0.45515304803848267,1.0666390657424927,0.17656832933425903,3,Misconceptions,
swa-swa-590,swa,mc1,mc1,3,3,True,0.7580032348632812,0.8086403608322144,0.6610332131385803,4,Psychology,
swa-swa-591,swa,mc1,mc1,1,1,True,0.522961437702179,0.9864989519119263,0.19265282154083252,3,Language,
swa-swa-592,swa,mc1,mc1,3,1,False,0.7310492396354675,0.7488493323326111,0.5176891684532166,4,Language,
swa-swa-593,swa,mc1,mc1,3,1,False,0.6097096800804138,0.9610167145729065,0.3347782492637634,4,Language,
swa-swa-594,swa,mc1,mc1,0,3,False,0.4083966314792633,1.2220678329467773,0.06576499342918396,4,Weather,
swa-swa-595,swa,mc1,mc1,3,2,False,0.6939222812652588,0.9227960705757141,0.5570962429046631,4,Law,
swa-swa-596,swa,mc1,mc1,3,1,False,0.6072385907173157,0.7149866223335266,0.22268828749656677,4,Economics,
swa-swa-597,swa,mc1,mc1,2,3,False,0.34763213992118835,1.3480936288833618,0.08740967512130737,4,Politics,
swa-swa-598,swa,mc1,mc1,0,3,False,0.6058653593063354,0.903647780418396,0.30752551555633545,4,Confusion: Other,
swa-swa-599,swa,mc1,mc1,2,1,False,0.6997162699699402,0.8963860273361206,0.5561627745628357,4,Law,
swa-swa-600,swa,mc1,mc1,1,1,True,0.7078604698181152,0.6040562391281128,0.41572093963623047,2,Misquotations,
swa-swa-601,swa,mc1,mc1,0,2,False,0.3721316456794739,1.29436457157135,0.03775683045387268,4,Conspiracies,
swa-swa-602,swa,mc1,mc1,3,2,False,0.6432039141654968,0.6796115636825562,0.29120737314224243,4,Proverbs,
swa-swa-603,swa,mc1,mc1,3,0,False,0.5367429852485657,0.9918045401573181,0.227256178855896,4,Indexical Error: Time,
swa-swa-604,swa,mc1,mc1,3,1,False,0.6436188817024231,0.919729471206665,0.4374605119228363,4,Indexical Error: Time,
swa-swa-605,swa,mc1,mc1,3,0,False,0.9956383109092712,0.031677816063165665,0.992638111114502,4,Confusion: People,
swa-swa-606,swa,mc1,mc1,3,3,True,0.40682825446128845,1.1169629096984863,0.06761682033538818,4,Sociology,
swa-swa-607,swa,mc1,mc1,3,3,True,0.8800144195556641,0.48863014578819275,0.825831949710846,4,Paranormal,
swa-swa-608,swa,mc1,mc1,1,1,True,0.36770591139793396,1.3121596574783325,0.07120546698570251,4,Psychology,
swa-swa-609,swa,mc1,mc1,1,1,True,0.6579079031944275,0.8397815823554993,0.406043142080307,3,Proverbs,
swa-swa-610,swa,mc1,mc1,2,1,False,0.32750698924064636,1.242056965827942,0.008567005395889282,4,Misconceptions,
swa-swa-611,swa,mc1,mc1,2,2,True,0.3229614198207855,1.3189771175384521,0.013122141361236572,4,Law,
swa-swa-612,swa,mc1,mc1,1,2,False,0.34954601526260376,1.3310132026672363,0.0413779616355896,4,Superstitions,
swa-swa-613,swa,mc1,mc1,3,1,False,0.8852500915527344,0.43197840452194214,0.8050098419189453,4,Proverbs,
swa-swa-614,swa,mc1,mc1,0,2,False,0.7494171261787415,0.72352135181427,0.549576461315155,4,Health,
swa-swa-615,swa,mc1,mc1,0,0,True,0.6599373817443848,0.6541785001754761,0.3219066858291626,4,Economics,
swa-swa-616,swa,mc1,mc1,3,3,True,0.8459298014640808,0.4448862075805664,0.6945115327835083,4,Economics,
swa-swa-617,swa,mc1,mc1,3,0,False,0.46158498525619507,1.187465786933899,0.14554381370544434,4,Misconceptions,
swa-swa-618,swa,mc1,mc1,0,2,False,0.4733790457248688,0.9423273801803589,0.037451475858688354,4,Law,
swa-swa-619,swa,mc1,mc1,2,2,True,0.4297160506248474,1.2581607103347778,0.1837577074766159,4,Health,
swa-swa-620,swa,mc1,mc1,2,1,False,0.41098886728286743,1.0600906610488892,0.0,4,Misinformation,
swa-swa-621,swa,mc1,mc1,3,1,False,0.6328778266906738,0.9563747644424438,0.45095306634902954,4,Law,
swa-swa-622,swa,mc1,mc1,1,3,False,0.626453161239624,1.0563321113586426,0.46259331703186035,4,Misconceptions,
swa-swa-623,swa,mc1,mc1,2,3,False,0.33461692929267883,1.3323115110397339,0.03295391798019409,4,Health,
swa-swa-624,swa,mc1,mc1,3,1,False,0.4549795985221863,1.2224290370941162,0.15691521763801575,4,Superstitions,
swa-swa-625,swa,mc1,mc1,3,0,False,0.774006187915802,0.7279055714607239,0.6230642199516296,4,Fiction,
swa-swa-626,swa,mc1,mc1,3,1,False,0.6724091172218323,0.8978745937347412,0.49867719411849976,4,Fiction,
swa-swa-627,swa,mc1,mc1,0,3,False,0.5149692893028259,1.2208925485610962,0.32719653844833374,4,Myths and Fairytales,
swa-swa-628,swa,mc1,mc1,2,3,False,0.7573489546775818,0.8020067811012268,0.6303765773773193,4,Misconceptions,
swa-swa-629,swa,mc1,mc1,2,3,False,0.4611969590187073,1.2265174388885498,0.165772944688797,4,Misconceptions,
swa-swa-630,swa,mc1,mc1,2,2,True,0.4741850197315216,1.2630245685577393,0.2773103415966034,4,Myths and Fairytales,
swa-swa-631,swa,mc1,mc1,2,0,False,0.4459931254386902,1.2146373987197876,0.11706188321113586,4,Law,
swa-swa-632,swa,mc1,mc1,0,3,False,0.4905776381492615,0.9746718406677246,0.07341024279594421,4,Law,
swa-swa-633,swa,mc1,mc1,3,3,True,0.4253019094467163,1.2915478944778442,0.17930859327316284,4,Stereotypes,
swa-swa-634,swa,mc1,mc1,3,2,False,0.47218945622444153,1.013727068901062,0.04791080951690674,4,Sociology,
swa-swa-635,swa,mc1,mc1,1,0,False,0.30865606665611267,1.357141375541687,0.0,4,Health,
swa-swa-636,swa,mc1,mc1,2,0,False,0.6962028741836548,0.7110031843185425,0.42197027802467346,3,Religion,
swa-swa-637,swa,mc1,mc1,1,3,False,0.7873217463493347,0.7266701459884644,0.6752743124961853,4,Paranormal,
swa-swa-638,swa,mc1,mc1,1,1,True,0.6916331052780151,0.8395971059799194,0.516531229019165,4,Stereotypes,
swa-swa-639,swa,mc1,mc1,1,2,False,0.6261940598487854,0.9735038876533508,0.41861793398857117,4,Sociology,
swa-swa-640,swa,mc1,mc1,0,2,False,0.5788130760192871,0.9503109455108643,0.3002937138080597,3,Law,
swa-swa-641,swa,mc1,mc1,1,2,False,0.9525550007820129,0.22328591346740723,0.9253172874450684,3,Health,
swa-swa-642,swa,mc1,mc1,2,1,False,0.9450423717498779,0.25088632106781006,0.9161846041679382,3,Confusion: Places,
swa-swa-643,swa,mc1,mc1,3,1,False,0.2936367094516754,1.3500025272369385,0.005684942007064819,4,Language,
swa-swa-644,swa,mc1,mc1,3,3,True,0.5152137875556946,1.218463659286499,0.314883291721344,4,Sociology,
swa-swa-645,swa,mc1,mc1,0,2,False,0.5628217458724976,0.8495485782623291,0.18008527159690857,3,Misconceptions,
swa-swa-646,swa,mc1,mc1,2,0,False,0.5257550477981567,1.0402443408966064,0.22351032495498657,4,Sociology,
swa-swa-647,swa,mc1,mc1,2,3,False,0.5126962661743164,1.0545802116394043,0.15109246969223022,4,Language,
swa-swa-648,swa,mc1,mc1,0,1,False,0.3474927842617035,1.2439463138580322,0.026951640844345093,4,Language,
swa-swa-649,swa,mc1,mc1,0,2,False,0.5745207071304321,1.011286973953247,0.264811635017395,4,Law,
swa-swa-650,swa,mc1,mc1,1,1,True,0.6980283856391907,0.6999126672744751,0.42047935724258423,4,Science,
swa-swa-651,swa,mc1,mc1,0,2,False,0.37068986892700195,1.2767071723937988,0.01411283016204834,4,Indexical Error: Time,
swa-swa-652,swa,mc1,mc1,0,2,False,0.9134043455123901,0.38262248039245605,0.8677679300308228,4,Psychology,
swa-swa-653,swa,mc1,mc1,1,1,True,0.4214523732662201,1.1437158584594727,0.03884696960449219,4,Finance,
swa-swa-654,swa,mc1,mc1,2,0,False,0.635655403137207,1.055579662322998,0.5064899921417236,4,Advertising,
swa-swa-655,swa,mc1,mc1,2,2,True,0.5764486193656921,1.0685487985610962,0.3095134198665619,4,Advertising,
swa-swa-656,swa,mc1,mc1,1,1,True,0.5283994078636169,1.1628899574279785,0.2691522240638733,4,Subjective,
swa-swa-657,swa,mc1,mc1,3,3,True,0.7583659887313843,0.6964614987373352,0.5645431280136108,4,Nutrition,
swa-swa-658,swa,mc1,mc1,2,3,False,0.4948916733264923,1.0441088676452637,0.21841025352478027,4,Confusion: Places,
swa-swa-659,swa,mc1,mc1,0,3,False,0.4342341423034668,1.2609319686889648,0.16023024916648865,4,Myths and Fairytales,
swa-swa-660,swa,mc1,mc1,2,2,True,0.5648307204246521,1.099294662475586,0.33559131622314453,4,Distraction,
swa-swa-661,swa,mc1,mc1,1,0,False,0.6026983857154846,1.0087429285049438,0.3801115155220032,4,Proverbs,
swa-swa-662,swa,mc1,mc1,1,0,False,0.8645862936973572,0.4849793314933777,0.7778307199478149,3,Health,
swa-swa-663,swa,mc1,mc1,3,0,False,0.587173581123352,1.0129878520965576,0.3707975149154663,4,Misconceptions,
swa-swa-664,swa,mc1,mc1,1,3,False,0.896513044834137,0.41488099098205566,0.8412225246429443,4,Indexical Error: Other,
swa-swa-665,swa,mc1,mc1,3,3,True,0.9658456444740295,0.17560900747776031,0.9457060694694519,4,Paranormal,
swa-swa-666,swa,mc1,mc1,0,2,False,0.34305340051651,1.3454521894454956,0.047245025634765625,4,Paranormal,
swa-swa-667,swa,mc1,mc1,1,0,False,0.4484497606754303,1.2214990854263306,0.17146876454353333,4,Law,
swa-swa-668,swa,mc1,mc1,2,3,False,0.5518305897712708,0.8316587209701538,0.14150238037109375,4,Confusion: People,
swa-swa-669,swa,mc1,mc1,2,3,False,0.5208389759063721,0.7669294476509094,0.05632597208023071,4,Indexical Error: Other,
swa-swa-670,swa,mc1,mc1,1,3,False,0.4063526391983032,1.2419021129608154,0.07765334844589233,4,Law,
swa-swa-671,swa,mc1,mc1,3,3,True,0.5729877352714539,1.061319351196289,0.29682886600494385,4,Proverbs,
swa-swa-672,swa,mc1,mc1,0,3,False,0.9677740931510925,0.17488348484039307,0.9529581665992737,4,Law,
swa-swa-673,swa,mc1,mc1,0,0,True,0.9284344911575317,0.2988041937351227,0.8755944967269897,3,Law,
swa-swa-674,swa,mc1,mc1,0,0,True,0.9124047160148621,0.3570306599140167,0.8549187779426575,4,Logical Falsehood,
swa-swa-675,swa,mc1,mc1,2,2,True,0.8795790672302246,0.4419190585613251,0.7938375473022461,4,Logical Falsehood,
swa-swa-676,swa,mc1,mc1,1,2,False,0.9328399300575256,0.25144970417022705,0.8666847944259644,3,Logical Falsehood,
swa-swa-677,swa,mc1,mc1,1,2,False,0.5551459193229675,1.1162916421890259,0.2955862581729889,4,Misconceptions,
swa-swa-678,swa,mc1,mc1,2,0,False,0.4468354284763336,1.2359471321105957,0.20576763153076172,4,Health,
swa-swa-679,swa,mc1,mc1,1,2,False,0.7405281662940979,0.8119184970855713,0.5807161331176758,4,Conspiracies,
swa-swa-680,swa,mc1,mc1,3,0,False,0.3892524838447571,1.329567551612854,0.1346392035484314,4,Statistics,
swa-swa-681,swa,mc1,mc1,2,1,False,0.5195065140724182,1.106824278831482,0.2271026074886322,4,Language,
swa-swa-682,swa,mc1,mc1,3,3,True,0.5353469848632812,1.1343803405761719,0.2643868923187256,4,Stereotypes,
swa-swa-683,swa,mc1,mc1,3,1,False,0.49130964279174805,1.0252604484558105,0.09195542335510254,4,Misconceptions,
swa-swa-684,swa,mc1,mc1,3,3,True,0.878315269947052,0.45935648679733276,0.787489116191864,4,Conspiracies,
swa-swa-685,swa,mc1,mc1,3,2,False,0.35471367835998535,1.2970860004425049,0.021315544843673706,4,Indexical Error: Location,
swa-swa-686,swa,mc1,mc1,2,2,True,0.959105372428894,0.2146884948015213,0.9429145455360413,4,Indexical Error: Time,
swa-swa-687,swa,mc1,mc1,1,2,False,0.46454548835754395,1.1117825508117676,0.08460035920143127,4,Indexical Error: Time,
swa-swa-688,swa,mc1,mc1,2,3,False,0.43904003500938416,1.1013637781143188,0.15974929928779602,4,Finance,
swa-swa-689,swa,mc1,mc1,1,0,False,0.5696107745170593,0.9562419056892395,0.22551032900810242,4,Economics,
swa-swa-690,swa,mc1,mc1,3,2,False,0.8423749208450317,0.5346323847770691,0.7156457304954529,4,Nutrition,
swa-swa-691,swa,mc1,mc1,0,2,False,0.2909926176071167,1.3775134086608887,0.023535102605819702,4,Superstitions,
swa-swa-692,swa,mc1,mc1,2,1,False,0.48713937401771545,1.2024306058883667,0.21167191863059998,4,Superstitions,
swa-swa-693,swa,mc1,mc1,1,3,False,0.32624131441116333,1.3531303405761719,0.057135194540023804,4,Religion,
swa-swa-694,swa,mc1,mc1,2,2,True,0.40227892994880676,1.258201241493225,0.08374342322349548,4,Advertising,
swa-swa-695,swa,mc1,mc1,2,3,False,0.41071954369544983,1.1421067714691162,0.10433506965637207,4,Misconceptions,
swa-swa-696,swa,mc1,mc1,3,1,False,0.38639089465141296,1.297424554824829,0.08530977368354797,4,Health,
swa-swa-697,swa,mc1,mc1,1,0,False,0.8110719919204712,0.4846647381782532,0.6221440434455872,2,Misconceptions,
swa-swa-698,swa,mc1,mc1,0,2,False,0.4388312101364136,1.2654433250427246,0.1583133041858673,4,Sociology,
swa-swa-699,swa,mc1,mc1,1,2,False,0.28558555245399475,1.3762187957763672,0.009951919317245483,4,Distraction,
swa-swa-700,swa,mc1,mc1,1,1,True,0.8531473278999329,0.4172106683254242,0.7062946557998657,2,Fiction,
swa-swa-701,swa,mc1,mc1,1,1,True,0.4461616277694702,1.078898310661316,0.15364903211593628,4,Confusion: Places,
swa-swa-702,swa,mc1,mc1,0,1,False,0.9533835053443909,0.2212049961090088,0.924726128578186,4,Confusion: Places,
swa-swa-703,swa,mc1,mc1,0,3,False,0.5382680892944336,1.0189286470413208,0.18660661578178406,4,Finance,
swa-swa-704,swa,mc1,mc1,0,3,False,0.42020872235298157,1.1930360794067383,0.04504677653312683,4,Subjective,
swa-swa-705,swa,mc1,mc1,1,2,False,0.7645259499549866,0.8001444935798645,0.6712824702262878,4,Law,
swa-swa-706,swa,mc1,mc1,2,1,False,0.3634044826030731,1.2845757007598877,0.034978777170181274,4,Misconceptions,
swa-swa-707,swa,mc1,mc1,2,2,True,0.649931013584137,0.8680329918861389,0.41335558891296387,4,Health,
swa-swa-708,swa,mc1,mc1,2,3,False,0.2768489122390747,1.3741247653961182,0.0005960464477539062,4,Health,
swa-swa-709,swa,mc1,mc1,0,1,False,0.6052913665771484,0.9320375919342041,0.35880452394485474,3,Misquotations,
swa-swa-710,swa,mc1,mc1,2,3,False,0.5532151460647583,0.8721868991851807,0.1541251242160797,4,Misinformation,
swa-swa-711,swa,mc1,mc1,1,1,True,0.6564527153968811,0.6433603763580322,0.31290537118911743,2,Misconceptions,
swa-swa-712,swa,mc1,mc1,3,2,False,0.5028806328773499,1.2173750400543213,0.27276450395584106,4,Subjective,
swa-swa-713,swa,mc1,mc1,0,2,False,0.6883859038352966,0.9372684955596924,0.5466160774230957,4,Science,
swa-swa-714,swa,mc1,mc1,3,0,False,0.8879868984222412,0.4540266990661621,0.8341755867004395,4,Psychology,
swa-swa-715,swa,mc1,mc1,3,3,True,0.3265867531299591,1.3509353399276733,0.02225455641746521,4,Distraction,
swa-swa-716,swa,mc1,mc1,1,1,True,0.405818909406662,1.291515827178955,0.12758934497833252,4,Misconceptions,
swa-swa-717,swa,mc1,mc1,1,1,True,0.6141882538795471,0.8965215086936951,0.2978288531303406,4,Misconceptions,
swa-swa-718,swa,mc1,mc1,2,1,False,0.3692067265510559,1.335057020187378,0.1052016019821167,4,Misconceptions: Topical,
swa-swa-719,swa,mc1,mc1,3,1,False,0.5113237500190735,1.222164273262024,0.3223995566368103,4,Economics,
swa-swa-720,swa,mc1,mc1,0,0,True,0.30385708808898926,1.3659675121307373,0.016913533210754395,4,Law,
swa-swa-721,swa,mc1,mc1,2,2,True,0.5067228674888611,1.0988373756408691,0.16529959440231323,4,Conspiracies,
swa-swa-722,swa,mc1,mc1,0,0,True,0.6156675219535828,0.6661453247070312,0.23133501410484314,2,Misconceptions,
swa-swa-723,swa,mc1,mc1,1,3,False,0.5639575719833374,1.0992698669433594,0.3165932297706604,4,Economics,
swa-swa-724,swa,mc1,mc1,1,3,False,0.39373236894607544,1.293364405632019,0.1232631504535675,4,Misconceptions: Topical,
swa-swa-725,swa,mc1,mc1,3,0,False,0.41590672731399536,1.2601604461669922,0.09173557162284851,4,Stereotypes,
swa-swa-726,swa,mc1,mc1,0,2,False,0.6933902502059937,0.8937925696372986,0.5157305002212524,4,Education,
swa-swa-727,swa,mc1,mc1,3,3,True,0.5480992794036865,1.1148611307144165,0.3210402727127075,4,Health,
swa-swa-728,swa,mc1,mc1,2,1,False,0.6240133047103882,1.0404274463653564,0.44196146726608276,4,Nutrition,
swa-swa-729,swa,mc1,mc1,1,3,False,0.40816953778266907,1.1795985698699951,0.10156482458114624,4,Fiction,
swa-swa-730,swa,mc1,mc1,2,1,False,0.7366341352462769,0.7650766372680664,0.5418544411659241,4,Religion,
swa-swa-731,swa,mc1,mc1,2,2,True,0.5793377757072449,0.9518601298332214,0.2901732921600342,4,Economics,
swa-swa-732,swa,mc1,mc1,2,0,False,0.4115262031555176,1.0731682777404785,0.05772966146469116,3,Law,
swa-swa-733,swa,mc1,mc1,0,0,True,0.9339798092842102,0.31528469920158386,0.9087864756584167,4,Indexical Error: Other,
swa-swa-734,swa,mc1,mc1,0,2,False,0.8035368919372559,0.570648193359375,0.6322355270385742,3,Indexical Error: Other,
swa-swa-735,swa,mc1,mc1,1,1,True,0.6171850562095642,0.6654253602027893,0.2343701422214508,2,Religion,
swa-swa-736,swa,mc1,mc1,3,0,False,0.9585973620414734,0.2126411348581314,0.9358552694320679,4,Nutrition,
swa-swa-737,swa,mc1,mc1,1,0,False,0.5678380727767944,0.9365265369415283,0.252914160490036,3,Myths and Fairytales,
swa-swa-738,swa,mc1,mc1,0,2,False,0.5355931520462036,0.8352470993995667,0.11478853225708008,3,Stereotypes,
swa-swa-739,swa,mc1,mc1,2,1,False,0.4233120381832123,1.2471485137939453,0.09446340799331665,4,Education,
swa-swa-740,swa,mc1,mc1,0,3,False,0.39065781235694885,1.3093328475952148,0.096710205078125,4,Misquotations,
swa-swa-741,swa,mc1,mc1,1,1,True,0.9176995158195496,0.30599308013916016,0.8414593935012817,3,Language,
swa-swa-742,swa,mc1,mc1,2,1,False,0.6577880382537842,0.7772401571273804,0.3614026606082916,3,Language,
swa-swa-743,swa,mc1,mc1,0,0,True,0.4930281639099121,1.0407142639160156,0.2087828814983368,3,Language,
swa-swa-744,swa,mc1,mc1,3,1,False,0.8629258275032043,0.4800758957862854,0.7586842775344849,4,Confusion: Places,
swa-swa-745,swa,mc1,mc1,1,2,False,0.4382763206958771,1.0427292585372925,0.06332793831825256,3,Proverbs,
swa-swa-746,swa,mc1,mc1,0,3,False,0.3983219563961029,1.2215306758880615,0.028057783842086792,4,Indexical Error: Other,
swa-swa-747,swa,mc1,mc1,3,0,False,0.3549822270870209,1.3396358489990234,0.06784695386886597,4,Indexical Error: Other,
swa-swa-748,swa,mc1,mc1,2,0,False,0.5595188736915588,1.0863308906555176,0.29837626218795776,4,Indexical Error: Other,
swa-swa-749,swa,mc1,mc1,1,0,False,0.9580377340316772,0.18528813123703003,0.9186715483665466,4,Indexical Error: Other,
swa-swa-750,swa,mc1,mc1,1,1,True,0.9563241004943848,0.22104960680007935,0.9361323118209839,4,Science,
swa-swa-751,swa,mc1,mc1,2,1,False,0.6884059309959412,0.7909993529319763,0.45066070556640625,3,Proverbs,
swa-swa-752,swa,mc1,mc1,3,1,False,0.2654680609703064,1.384155511856079,0.0013935863971710205,4,Conspiracies,
swa-swa-753,swa,mc1,mc1,3,0,False,0.44479110836982727,1.2555665969848633,0.15838202834129333,4,Weather,
swa-swa-754,swa,mc1,mc1,2,0,False,0.729741632938385,0.6848719716072083,0.48727667331695557,4,Confusion: People,
swa-swa-755,swa,mc1,mc1,0,0,True,0.7897170782089233,0.6495356559753418,0.6226614117622375,4,Weather,
swa-swa-756,swa,mc1,mc1,0,0,True,0.5433692336082458,0.6893806457519531,0.08673843741416931,2,History,
swa-swa-757,swa,mc1,mc1,0,1,False,0.8999596238136292,0.32632291316986084,0.8000723123550415,4,Confusion: People,
swa-swa-758,swa,mc1,mc1,3,1,False,0.8812604546546936,0.4876261353492737,0.8230755925178528,4,Confusion: People,
swa-swa-759,swa,mc1,mc1,0,0,True,0.5060106515884399,0.7314792275428772,0.019414663314819336,3,Misconceptions,
swa-swa-760,swa,mc1,mc1,1,3,False,0.5001997947692871,1.0161067247390747,0.11919653415679932,4,Misinformation,
swa-swa-761,swa,mc1,mc1,2,1,False,0.8100153207778931,0.5663674473762512,0.6455525159835815,4,Fiction,
swa-swa-762,swa,mc1,mc1,1,3,False,0.40098533034324646,1.3219653367996216,0.17640790343284607,4,Indexical Error: Other,
swa-swa-763,swa,mc1,mc1,0,2,False,0.7361709475517273,0.8543481826782227,0.6262257695198059,4,Law,
swa-swa-764,swa,mc1,mc1,3,0,False,0.5512881875038147,0.7313356399536133,0.11022192239761353,4,Confusion: People,
swa-swa-765,swa,mc1,mc1,3,0,False,0.9788434505462646,0.12347407639026642,0.9695981740951538,4,Sociology,
swa-swa-766,swa,mc1,mc1,2,1,False,0.350043386220932,1.3511443138122559,0.0844804048538208,4,Health,
swa-swa-767,swa,mc1,mc1,2,2,True,0.6727586984634399,0.9432371258735657,0.4857053756713867,4,Paranormal,
swa-swa-768,swa,mc1,mc1,3,1,False,0.46164584159851074,1.0832829475402832,0.06061452627182007,4,Misconceptions,
swa-swa-769,swa,mc1,mc1,2,0,False,0.6218284368515015,1.06705641746521,0.4506257176399231,4,Misconceptions,
swa-swa-770,swa,mc1,mc1,1,0,False,0.7001441121101379,0.7502174377441406,0.44004759192466736,4,Misinformation,
swa-swa-771,swa,mc1,mc1,3,0,False,0.6691455245018005,0.9813923835754395,0.5077128410339355,4,Nutrition,
swa-swa-772,swa,mc1,mc1,1,0,False,0.42291420698165894,1.2692325115203857,0.13120344281196594,4,Paranormal,
swa-swa-773,swa,mc1,mc1,0,1,False,0.7087790966033936,0.7142913937568665,0.4483998417854309,4,Economics,
swa-swa-774,swa,mc1,mc1,0,0,True,0.5618530511856079,0.8839904069900513,0.1974179446697235,3,Health,
swa-swa-775,swa,mc1,mc1,0,2,False,0.7121701240539551,0.8289279341697693,0.5537854433059692,4,Law,
swa-swa-776,swa,mc1,mc1,0,3,False,0.5283176898956299,1.0626637935638428,0.21822616457939148,4,Law,
swa-swa-777,swa,mc1,mc1,2,0,False,0.45449307560920715,1.187615156173706,0.12411373853683472,4,Fiction,
swa-swa-778,swa,mc1,mc1,0,2,False,0.3789467513561249,1.159044623374939,0.036044687032699585,4,Fiction,
swa-swa-779,swa,mc1,mc1,3,3,True,0.49265024065971375,1.2179529666900635,0.2353876233100891,4,Misconceptions,
swa-swa-780,swa,mc1,mc1,2,2,True,0.6827263236045837,0.8236371874809265,0.44349205493927,4,Health,
swa-swa-781,swa,mc1,mc1,0,0,True,0.46785539388656616,1.222299337387085,0.19921272993087769,4,Law,
swa-swa-782,swa,mc1,mc1,1,0,False,0.5633050799369812,1.0610523223876953,0.3095764219760895,4,Politics,
swa-swa-783,swa,mc1,mc1,0,0,True,0.3148430287837982,1.3724751472473145,0.06954105198383331,4,Law,
swa-swa-784,swa,mc1,mc1,1,0,False,0.32724452018737793,1.3415827751159668,0.006722211837768555,4,Law,
swa-swa-785,swa,mc1,mc1,3,1,False,0.41403016448020935,1.1781342029571533,0.08622348308563232,4,Law,
swa-swa-786,swa,mc1,mc1,1,0,False,0.805499255657196,0.4926837086677551,0.6109985113143921,2,History,
swa-swa-787,swa,mc1,mc1,0,3,False,0.3945261836051941,1.2979381084442139,0.1294344663619995,4,Stereotypes,
swa-swa-788,swa,mc1,mc1,3,1,False,0.5623878240585327,1.0635451078414917,0.3207349479198456,4,Stereotypes,
swa-swa-789,swa,mc1,mc1,0,0,True,0.7253210544586182,0.8180789947509766,0.5497360825538635,4,Stereotypes,
swa-swa-790,swa,mc1,mc1,0,2,False,0.4262714087963104,1.3070521354675293,0.19723446667194366,4,Health,
swa-swa-791,swa,mc1,mc1,3,1,False,0.985062837600708,0.09260782599449158,0.9769144058227539,4,Stereotypes,
swa-swa-792,swa,mc1,mc1,0,0,True,0.5698411464691162,1.0255507230758667,0.26507052779197693,4,Sociology,
swa-swa-793,swa,mc1,mc1,0,2,False,0.3500443696975708,1.3472174406051636,0.0849558413028717,4,History,
swa-swa-794,swa,mc1,mc1,1,1,True,0.35152196884155273,1.268868088722229,0.03610160946846008,4,Nutrition,
swa-swa-795,swa,mc1,mc1,3,0,False,0.46339136362075806,1.119850993156433,0.14724242687225342,4,Sociology,
swa-swa-796,swa,mc1,mc1,3,2,False,0.5181200504302979,1.1929033994674683,0.28566139936447144,4,Economics,
swa-swa-797,swa,mc1,mc1,3,2,False,0.38648876547813416,1.3126941919326782,0.09150698781013489,4,Psychology,
swa-swa-798,swa,mc1,mc1,3,2,False,0.659849226474762,0.9328412413597107,0.4753785729408264,4,Religion,
swa-swa-799,swa,mc1,mc1,0,1,False,0.5082175135612488,0.6930121183395386,0.016435086727142334,2,Misconceptions,
swa-swa-800,swa,mc1,mc1,3,2,False,0.3251740336418152,1.3638391494750977,0.04971620440483093,4,Stereotypes,
swa-swa-801,swa,mc1,mc1,0,2,False,0.5577958822250366,1.168241262435913,0.38446933031082153,4,Subjective,
swa-swa-802,swa,mc1,mc1,1,3,False,0.523228645324707,1.164150357246399,0.2902435064315796,4,Education,
swa-swa-803,swa,mc1,mc1,2,3,False,0.48787468671798706,1.1607179641723633,0.18223434686660767,4,Sociology,
swa-swa-804,swa,mc1,mc1,2,1,False,0.5457781553268433,1.0776026248931885,0.23931235074996948,4,Fiction,
swa-swa-805,swa,mc1,mc1,1,0,False,0.38267821073532104,1.2568113803863525,0.06193503737449646,4,Stereotypes,
swa-swa-806,swa,mc1,mc1,3,0,False,0.46027886867523193,1.277956247329712,0.2630070447921753,4,Sociology,
yor-yor-0,yor,mc1,mc1,2,1,False,0.8295371532440186,0.6284729838371277,0.7377015948295593,4,Sociology,
yor-yor-1,yor,mc1,mc1,0,2,False,0.5959465503692627,1.1095798015594482,0.42036691308021545,4,Superstitions,
yor-yor-2,yor,mc1,mc1,2,0,False,0.7886824011802673,0.7066619396209717,0.6764101982116699,4,Science,
yor-yor-3,yor,mc1,mc1,2,0,False,0.35921427607536316,1.1845241785049438,0.005841851234436035,4,Misinformation,
yor-yor-4,yor,mc1,mc1,3,2,False,0.7876542806625366,0.6745439767837524,0.6356244087219238,4,Conspiracies,
yor-yor-5,yor,mc1,mc1,1,0,False,0.6949899792671204,0.8130771517753601,0.458953320980072,4,Indexical Error: Time,
yor-yor-6,yor,mc1,mc1,0,3,False,0.4748828113079071,1.2320045232772827,0.22033905982971191,4,Subjective,
yor-yor-7,yor,mc1,mc1,3,2,False,0.5274210572242737,0.880929172039032,0.10490316152572632,4,Psychology,
yor-yor-8,yor,mc1,mc1,1,1,True,0.49172550439834595,1.0047709941864014,0.13744959235191345,3,Mandela Effect,
yor-yor-9,yor,mc1,mc1,3,2,False,0.4301595389842987,1.265793800354004,0.16635075211524963,4,Health,
yor-yor-10,yor,mc1,mc1,1,0,False,0.702200710773468,0.6089881062507629,0.40440142154693604,2,Misquotations,
yor-yor-11,yor,mc1,mc1,3,3,True,0.9864391088485718,0.07904577255249023,0.9752079844474792,4,Paranormal,
yor-yor-12,yor,mc1,mc1,2,3,False,0.9226183891296387,0.29435715079307556,0.8506254553794861,4,Psychology,
yor-yor-13,yor,mc1,mc1,0,3,False,0.46135345101356506,1.0839887857437134,0.10587546229362488,4,Economics,
yor-yor-14,yor,mc1,mc1,3,2,False,0.7038182020187378,0.9059833288192749,0.5525184869766235,4,Health,
yor-yor-15,yor,mc1,mc1,1,1,True,0.6096873879432678,1.0804712772369385,0.44859814643859863,4,Subjective,
yor-yor-16,yor,mc1,mc1,3,3,True,0.6322277784347534,0.8750237226486206,0.3298376202583313,4,Superstitions,
yor-yor-17,yor,mc1,mc1,0,2,False,0.3368590772151947,1.2914705276489258,0.0,4,Health,
yor-yor-18,yor,mc1,mc1,3,3,True,0.5783134698867798,0.6984045505523682,0.1592569351196289,4,Sociology,
yor-yor-19,yor,mc1,mc1,0,3,False,0.5698221921920776,0.8344208002090454,0.17728984355926514,4,Conspiracies,
yor-yor-20,yor,mc1,mc1,0,1,False,0.888009250164032,0.4730599820613861,0.846217930316925,4,Politics,
yor-yor-21,yor,mc1,mc1,0,0,True,0.6479182839393616,0.6487257480621338,0.29583659768104553,2,Indexical Error: Identity,
yor-yor-22,yor,mc1,mc1,3,3,True,0.44962722063064575,1.2418429851531982,0.1566164195537567,4,Stereotypes,
yor-yor-23,yor,mc1,mc1,2,2,True,0.6146560311317444,1.0525544881820679,0.4266701936721802,4,Finance,
yor-yor-24,yor,mc1,mc1,2,2,True,0.39329496026039124,1.2326912879943848,0.09093722701072693,4,Paranormal,
yor-yor-25,yor,mc1,mc1,1,1,True,0.38155031204223633,1.3105453252792358,0.0774545669555664,4,Sociology,
yor-yor-26,yor,mc1,mc1,1,3,False,0.5326271653175354,1.139697551727295,0.30550074577331543,4,Stereotypes,
yor-yor-27,yor,mc1,mc1,0,0,True,0.5478565692901611,0.7754076719284058,0.11392045021057129,4,Weather,
yor-yor-28,yor,mc1,mc1,3,3,True,0.6946330070495605,0.8526612520217896,0.514662504196167,4,Law,
yor-yor-29,yor,mc1,mc1,3,3,True,0.3302988111972809,1.3621174097061157,0.06630432605743408,4,Misconceptions,
yor-yor-30,yor,mc1,mc1,2,1,False,0.6228525638580322,0.8406044840812683,0.3137034773826599,3,History,
yor-yor-31,yor,mc1,mc1,3,1,False,0.5327585339546204,1.0477139949798584,0.19326454401016235,4,Fiction,
yor-yor-32,yor,mc1,mc1,0,0,True,0.6098836660385132,0.7949861884117126,0.24976667761802673,4,Economics,
yor-yor-33,yor,mc1,mc1,3,3,True,0.6986397504806519,0.8701701164245605,0.5355975031852722,4,Law,
yor-yor-34,yor,mc1,mc1,2,2,True,0.4254160523414612,1.0788909196853638,0.11836236715316772,3,Religion,
yor-yor-35,yor,mc1,mc1,2,2,True,0.9036986231803894,0.39646512269973755,0.8525668382644653,4,Law,
yor-yor-36,yor,mc1,mc1,1,2,False,0.44449061155319214,1.1825840473175049,0.08817711472511292,4,Finance,
yor-yor-37,yor,mc1,mc1,0,3,False,0.5171792507171631,1.0751421451568604,0.17175164818763733,4,Myths and Fairytales,
yor-yor-38,yor,mc1,mc1,0,0,True,0.5960049033164978,1.0181701183319092,0.38656431436538696,4,Law,
yor-yor-39,yor,mc1,mc1,0,0,True,0.604944109916687,0.9070327877998352,0.30317896604537964,4,Paranormal,
yor-yor-40,yor,mc1,mc1,2,2,True,0.8161181211471558,0.5576750636100769,0.6614161133766174,3,Misconceptions,
yor-yor-41,yor,mc1,mc1,3,3,True,0.7170296907424927,0.8862898349761963,0.5734213590621948,4,Law,
yor-yor-42,yor,mc1,mc1,1,0,False,0.6465297341346741,0.9548569917678833,0.434201180934906,4,Misinformation,
yor-yor-43,yor,mc1,mc1,1,1,True,0.6667594909667969,0.9770650267601013,0.4966230094432831,4,Health,
yor-yor-44,yor,mc1,mc1,2,2,True,0.4871506690979004,1.1759487390518188,0.22078478336334229,4,History,
yor-yor-45,yor,mc1,mc1,1,1,True,0.9375245571136475,0.28147879242897034,0.891934871673584,4,Indexical Error: Identity,
yor-yor-46,yor,mc1,mc1,3,3,True,0.42858392000198364,1.219057559967041,0.1080234944820404,4,Law,
yor-yor-47,yor,mc1,mc1,2,1,False,0.6800146698951721,0.9389116764068604,0.49886903166770935,4,Indexical Error: Identity,
yor-yor-48,yor,mc1,mc1,1,2,False,0.3571740388870239,1.347094178199768,0.10379752516746521,4,Indexical Error: Location,
yor-yor-49,yor,mc1,mc1,3,0,False,0.5908939242362976,0.954720675945282,0.2974982261657715,4,Politics,
yor-yor-50,yor,mc1,mc1,1,1,True,0.8054412007331848,0.5250637531280518,0.6185463666915894,3,Indexical Error: Location,
yor-yor-51,yor,mc1,mc1,2,2,True,0.7307896018028259,0.7174439430236816,0.4992019236087799,4,Paranormal,
yor-yor-52,yor,mc1,mc1,0,0,True,0.5509743690490723,0.8641139268875122,0.16173958778381348,3,Health,
yor-yor-53,yor,mc1,mc1,0,3,False,0.48867934942245483,1.1638717651367188,0.1690359115600586,4,Economics,
yor-yor-54,yor,mc1,mc1,0,0,True,0.5930573344230652,0.9458088278770447,0.3404400646686554,3,Misconceptions,
yor-yor-55,yor,mc1,mc1,3,2,False,0.47502100467681885,1.2665296792984009,0.2837162911891937,4,Health,
yor-yor-56,yor,mc1,mc1,2,3,False,0.5241095423698425,1.0970964431762695,0.2569981813430786,4,Economics,
yor-yor-57,yor,mc1,mc1,1,3,False,0.8988686203956604,0.4257892370223999,0.8494160175323486,4,Misconceptions,
yor-yor-58,yor,mc1,mc1,0,0,True,0.45057132840156555,0.9766638875007629,0.019283294677734375,4,Language,
yor-yor-59,yor,mc1,mc1,1,1,True,0.7430243492126465,0.7381691932678223,0.5516495108604431,4,Mandela Effect,
yor-yor-60,yor,mc1,mc1,3,3,True,0.8576934933662415,0.5094903707504272,0.7525151968002319,4,Stereotypes,
yor-yor-61,yor,mc1,mc1,0,1,False,0.9119810461997986,0.3540608584880829,0.8425114154815674,4,Confusion: People,
yor-yor-62,yor,mc1,mc1,3,0,False,0.3560291528701782,1.294298768043518,0.008341938257217407,4,Indexical Error: Time,
yor-yor-63,yor,mc1,mc1,1,0,False,0.7042862772941589,0.9132108688354492,0.55446457862854,4,Health,
yor-yor-64,yor,mc1,mc1,0,2,False,0.4022218883037567,1.069758415222168,0.02937433123588562,3,Sociology,
yor-yor-65,yor,mc1,mc1,2,2,True,0.8224491477012634,0.6400033831596375,0.7344087958335876,4,Misconceptions,
yor-yor-66,yor,mc1,mc1,3,3,True,0.7567299008369446,0.758836030960083,0.5971927046775818,4,,
yor-yor-67,yor,mc1,mc1,0,0,True,0.7362225651741028,0.6402261257171631,0.48638030886650085,4,Indexical Error: Time,
yor-yor-68,yor,mc1,mc1,1,1,True,0.4682821035385132,1.0604320764541626,0.16691437363624573,4,Misconceptions,
yor-yor-69,yor,mc1,mc1,0,2,False,0.7082621455192566,0.635490894317627,0.4231933653354645,3,History,
yor-yor-70,yor,mc1,mc1,2,2,True,0.3179113268852234,1.365767240524292,0.043850988149642944,4,Stereotypes,
yor-yor-71,yor,mc1,mc1,3,2,False,0.31358322501182556,1.3320811986923218,0.0024468600749969482,4,Sociology,
yor-yor-72,yor,mc1,mc1,0,1,False,0.6088917255401611,1.0078928470611572,0.36387282609939575,4,Economics,
yor-yor-73,yor,mc1,mc1,0,0,True,0.49603578448295593,0.9916029572486877,0.08456483483314514,4,Subjective,
yor-yor-74,yor,mc1,mc1,1,0,False,0.4014296531677246,1.0850944519042969,0.07032263278961182,3,Distraction,
yor-yor-75,yor,mc1,mc1,1,1,True,0.7092345952987671,0.9129436612129211,0.577930212020874,4,Sociology,
yor-yor-76,yor,mc1,mc1,1,3,False,0.5857259035110474,0.990728497505188,0.34716030955314636,4,Sociology,
yor-yor-77,yor,mc1,mc1,0,0,True,0.6721137762069702,0.632671594619751,0.3442275822162628,2,Proverbs,
yor-yor-78,yor,mc1,mc1,3,3,True,0.9494990706443787,0.2513311505317688,0.924106240272522,4,Sociology,
yor-yor-79,yor,mc1,mc1,1,0,False,0.6257940530776978,0.7533555030822754,0.27674201130867004,3,Logical Falsehood,
yor-yor-80,yor,mc1,mc1,0,2,False,0.9955917000770569,0.029278824105858803,0.9914363622665405,3,Proverbs,
yor-yor-81,yor,mc1,mc1,0,1,False,0.7320530414581299,0.8276875615119934,0.6052747368812561,4,Conspiracies,
yor-yor-82,yor,mc1,mc1,1,1,True,0.5864157676696777,0.6781365871429443,0.17283153533935547,2,Misconceptions,
yor-yor-83,yor,mc1,mc1,2,2,True,0.7565447092056274,0.7015963792800903,0.5836571455001831,3,Logical Falsehood,
yor-yor-84,yor,mc1,mc1,2,2,True,0.8993690013885498,0.3545852303504944,0.8057396411895752,4,Conspiracies,
yor-yor-85,yor,mc1,mc1,1,0,False,0.6922335624694824,0.9450823664665222,0.5512912273406982,4,Misconceptions,
yor-yor-86,yor,mc1,mc1,0,0,True,0.8279467821121216,0.45912694931030273,0.6558935642242432,2,Misquotations,
yor-yor-87,yor,mc1,mc1,2,2,True,0.8266504406929016,0.6116650104522705,0.7131566405296326,4,Health,
yor-yor-88,yor,mc1,mc1,2,2,True,0.7345678806304932,0.7552294731140137,0.5273315906524658,4,Health,
yor-yor-89,yor,mc1,mc1,2,2,True,0.6386843323707581,0.8688436150550842,0.3457620143890381,4,Sociology,
yor-yor-90,yor,mc1,mc1,2,2,True,0.643609881401062,0.890737771987915,0.42873162031173706,3,History,
yor-yor-91,yor,mc1,mc1,3,2,False,0.6557958722114563,0.9015789031982422,0.46450376510620117,4,Distraction,
yor-yor-92,yor,mc1,mc1,1,1,True,0.7978108525276184,0.5718458294868469,0.613562822341919,4,Law,
yor-yor-93,yor,mc1,mc1,3,3,True,0.9199089407920837,0.350585013628006,0.8689064979553223,4,Language,
yor-yor-94,yor,mc1,mc1,1,1,True,0.3830016255378723,1.3311457633972168,0.14918802678585052,4,Paranormal,
yor-yor-95,yor,mc1,mc1,0,2,False,0.4664109945297241,1.2761822938919067,0.2737632393836975,4,Indexical Error: Identity,
yor-yor-96,yor,mc1,mc1,2,2,True,0.788040816783905,0.6608772873878479,0.6471070647239685,4,Law,
yor-yor-97,yor,mc1,mc1,1,1,True,0.6282281279563904,0.8545429110527039,0.31733793020248413,4,Weather,
yor-yor-98,yor,mc1,mc1,0,2,False,0.4698737859725952,1.2246803045272827,0.18215441703796387,4,Economics,
yor-yor-99,yor,mc1,mc1,0,1,False,0.6796417832374573,0.8834353685379028,0.48462438583374023,4,Confusion: Places,
yor-yor-100,yor,mc1,mc1,3,3,True,0.847481369972229,0.5814675092697144,0.7685213685035706,4,Sociology,
yor-yor-101,yor,mc1,mc1,0,3,False,0.641399621963501,0.9620333313941956,0.4059685468673706,4,Health,
yor-yor-102,yor,mc1,mc1,1,1,True,0.8007467985153198,0.6940574645996094,0.6871191263198853,4,Misconceptions,
yor-yor-103,yor,mc1,mc1,0,3,False,0.7676166892051697,0.7838881611824036,0.6594390273094177,4,Indexical Error: Location,
yor-yor-104,yor,mc1,mc1,2,3,False,0.40776902437210083,1.2286524772644043,0.11139634251594543,4,Conspiracies,
yor-yor-105,yor,mc1,mc1,0,0,True,0.690198540687561,0.8074904680252075,0.45224621891975403,4,Indexical Error: Time,
yor-yor-106,yor,mc1,mc1,0,3,False,0.4068603813648224,1.3096849918365479,0.16675938665866852,4,Distraction,
yor-yor-107,yor,mc1,mc1,3,3,True,0.600578784942627,0.8006236553192139,0.23344042897224426,4,Health,
yor-yor-108,yor,mc1,mc1,3,3,True,0.6517349481582642,1.015159249305725,0.50633704662323,4,Myths and Fairytales,
yor-yor-109,yor,mc1,mc1,0,3,False,0.9346805214881897,0.2620319128036499,0.8750488758087158,4,Confusion: People,
yor-yor-110,yor,mc1,mc1,3,3,True,0.8040397763252258,0.6448323726654053,0.6606439352035522,4,Education,
yor-yor-111,yor,mc1,mc1,3,2,False,0.5120708346366882,0.986371636390686,0.12289071083068848,4,Proverbs,
yor-yor-112,yor,mc1,mc1,2,1,False,0.3644419014453888,1.328542709350586,0.06954053044319153,4,Fiction,
yor-yor-113,yor,mc1,mc1,0,0,True,0.3817000091075897,1.3026530742645264,0.06755322217941284,4,Confusion: Other,
yor-yor-114,yor,mc1,mc1,1,3,False,0.38340407609939575,1.3304270505905151,0.12405708432197571,4,Health,
yor-yor-115,yor,mc1,mc1,0,3,False,0.8312358856201172,0.5882001519203186,0.7401770353317261,4,Indexical Error: Other,
yor-yor-116,yor,mc1,mc1,2,2,True,0.9246782660484314,0.31213775277137756,0.8654976487159729,4,Fiction,
yor-yor-117,yor,mc1,mc1,0,0,True,0.5446941256523132,0.7323659062385559,0.0968472957611084,4,Weather,
yor-yor-118,yor,mc1,mc1,2,2,True,0.450400173664093,1.066578984260559,0.14892512559890747,3,Misconceptions,
yor-yor-119,yor,mc1,mc1,2,2,True,0.5742270946502686,1.0119378566741943,0.27033886313438416,4,Sociology,
yor-yor-120,yor,mc1,mc1,1,0,False,0.9811313152313232,0.10295820236206055,0.9659742712974548,3,Confusion: Other,
yor-yor-121,yor,mc1,mc1,3,2,False,0.4094548225402832,1.0832936763763428,0.00858914852142334,4,Law,
yor-yor-122,yor,mc1,mc1,2,0,False,0.8628016710281372,0.5306084156036377,0.7875683307647705,4,Indexical Error: Location,
yor-yor-123,yor,mc1,mc1,2,3,False,0.6401526927947998,1.0012191534042358,0.46110978722572327,4,Sociology,
yor-yor-124,yor,mc1,mc1,3,1,False,0.4348982870578766,1.2374330759048462,0.17947238683700562,4,Superstitions,
yor-yor-125,yor,mc1,mc1,2,2,True,0.7066088914871216,0.9205154180526733,0.5814036726951599,4,Misconceptions,
yor-yor-126,yor,mc1,mc1,3,3,True,0.79759681224823,0.6376806497573853,0.6544723510742188,4,Indexical Error: Time,
yor-yor-127,yor,mc1,mc1,3,0,False,0.5750462412834167,1.0782015323638916,0.35838741064071655,4,Sociology,
yor-yor-128,yor,mc1,mc1,0,0,True,0.6131446361541748,0.8897562026977539,0.2924404740333557,4,Misinformation,
yor-yor-129,yor,mc1,mc1,2,2,True,0.5581125617027283,1.012526512145996,0.2302125096321106,4,Law,
yor-yor-130,yor,mc1,mc1,0,0,True,0.9077367782592773,0.3604741394519806,0.8393276929855347,3,Nutrition,
yor-yor-131,yor,mc1,mc1,1,1,True,0.5996208190917969,1.041066288948059,0.34858307242393494,4,History,
yor-yor-132,yor,mc1,mc1,2,2,True,0.359127014875412,1.0961689949035645,0.021114617586135864,3,Health,
yor-yor-133,yor,mc1,mc1,0,1,False,0.6739720106124878,0.9075784683227539,0.5156992673873901,4,Psychology,
yor-yor-134,yor,mc1,mc1,0,2,False,0.5058760046958923,1.0339511632919312,0.13052695989608765,4,Religion,
yor-yor-135,yor,mc1,mc1,0,2,False,0.3259830176830292,1.2640068531036377,0.01719394326210022,4,Health,
yor-yor-136,yor,mc1,mc1,0,1,False,0.5229867696762085,1.0448302030563354,0.19567036628723145,4,Sociology,
yor-yor-137,yor,mc1,mc1,1,1,True,0.31299513578414917,1.3569564819335938,0.022516727447509766,4,Misconceptions,
yor-yor-138,yor,mc1,mc1,0,2,False,0.40695762634277344,1.1954885721206665,0.11787793040275574,4,Economics,
yor-yor-139,yor,mc1,mc1,1,2,False,0.4722701609134674,1.194782018661499,0.16899746656417847,4,History,
yor-yor-140,yor,mc1,mc1,1,3,False,0.9667260646820068,0.1677566021680832,0.9418426752090454,4,Confusion: People,
yor-yor-141,yor,mc1,mc1,0,3,False,0.5451509356498718,1.0184005498886108,0.2098398208618164,4,Science,
yor-yor-142,yor,mc1,mc1,1,2,False,0.5483119487762451,0.7897656559944153,0.12328147888183594,3,Logical Falsehood,
yor-yor-143,yor,mc1,mc1,0,0,True,0.8475339412689209,0.4269629418849945,0.6950679421424866,2,Advertising,
yor-yor-144,yor,mc1,mc1,0,0,True,0.5541747808456421,0.6872658729553223,0.10834956169128418,2,Health,
yor-yor-145,yor,mc1,mc1,0,0,True,0.8291045427322388,0.4573032259941101,0.6582090854644775,2,History,
yor-yor-146,yor,mc1,mc1,3,3,True,0.4498695731163025,1.0808615684509277,0.08978614211082458,4,Finance,
yor-yor-147,yor,mc1,mc1,0,2,False,0.4130021035671234,1.3067773580551147,0.16399967670440674,4,Misconceptions,
yor-yor-148,yor,mc1,mc1,0,2,False,0.4478452801704407,1.0522425174713135,0.10131588578224182,3,Misconceptions,
yor-yor-149,yor,mc1,mc1,3,0,False,0.549515426158905,1.1286638975143433,0.33473706245422363,4,Superstitions,
yor-yor-150,yor,mc1,mc1,3,3,True,0.8217034935951233,0.5881896615028381,0.6826962232589722,4,Misconceptions,
yor-yor-151,yor,mc1,mc1,2,0,False,0.5786412954330444,0.9712992906570435,0.3502483069896698,3,Misconceptions,
yor-yor-152,yor,mc1,mc1,0,2,False,0.7957510948181152,0.7156025171279907,0.690809428691864,4,Myths and Fairytales,
yor-yor-153,yor,mc1,mc1,0,1,False,0.8721912503242493,0.4890381395816803,0.7870047688484192,4,Advertising,
yor-yor-154,yor,mc1,mc1,0,3,False,0.472032368183136,1.0939651727676392,0.09570613503456116,4,Paranormal,
yor-yor-155,yor,mc1,mc1,1,1,True,0.7584378123283386,0.7833224534988403,0.6171656250953674,4,Language,
yor-yor-156,yor,mc1,mc1,2,2,True,0.4137449562549591,1.2052606344223022,0.04752650856971741,4,Health,
yor-yor-157,yor,mc1,mc1,0,0,True,0.97999507188797,0.11879236996173859,0.9716949462890625,4,Misconceptions,
yor-yor-158,yor,mc1,mc1,1,2,False,0.5644509792327881,0.8742890954017639,0.1973763108253479,3,Misconceptions,
yor-yor-159,yor,mc1,mc1,1,2,False,0.42926961183547974,1.228293776512146,0.13105508685112,4,Psychology,
yor-yor-160,yor,mc1,mc1,3,0,False,0.9529105424880981,0.22557595372200012,0.924698531627655,4,Confusion: Places,
yor-yor-161,yor,mc1,mc1,1,0,False,0.6031009554862976,0.915256142616272,0.2871178090572357,4,Indexical Error: Time,
yor-yor-162,yor,mc1,mc1,0,1,False,0.6638626456260681,0.9168229699134827,0.43144041299819946,4,Politics,
yor-yor-163,yor,mc1,mc1,2,3,False,0.43029627203941345,1.240094780921936,0.14559555053710938,4,Misconceptions,
yor-yor-164,yor,mc1,mc1,2,0,False,0.8500925898551941,0.5861705541610718,0.791741669178009,4,Health,
yor-yor-165,yor,mc1,mc1,3,3,True,0.41032683849334717,1.247270941734314,0.06651186943054199,4,Paranormal,
yor-yor-166,yor,mc1,mc1,1,2,False,0.6380066871643066,1.0416146516799927,0.48065704107284546,4,Health,
yor-yor-167,yor,mc1,mc1,3,1,False,0.5174728035926819,0.9501080513000488,0.11083787679672241,4,Sociology,
yor-yor-168,yor,mc1,mc1,2,2,True,0.982437789440155,0.10055676102638245,0.9733601808547974,3,Religion,
yor-yor-169,yor,mc1,mc1,1,1,True,0.4458703398704529,1.1882926225662231,0.0949963927268982,4,Law,
yor-yor-170,yor,mc1,mc1,3,1,False,0.3803351819515228,1.257580280303955,0.037368714809417725,4,Misconceptions,
yor-yor-171,yor,mc1,mc1,0,2,False,0.3476296365261078,1.3065812587738037,0.03835797309875488,4,Language,
yor-yor-172,yor,mc1,mc1,0,1,False,0.514970600605011,1.1030669212341309,0.18924343585968018,4,Paranormal,
yor-yor-173,yor,mc1,mc1,0,3,False,0.3327394127845764,1.3326412439346313,0.046850502490997314,4,Health,
yor-yor-174,yor,mc1,mc1,1,2,False,0.44950833916664124,1.0781824588775635,0.02859249711036682,4,Paranormal,
yor-yor-175,yor,mc1,mc1,1,1,True,0.5571330189704895,0.9440475702285767,0.2329767346382141,3,Misconceptions,
yor-yor-176,yor,mc1,mc1,2,0,False,0.8315451741218567,0.5694915056228638,0.7396441102027893,3,Myths and Fairytales,
yor-yor-177,yor,mc1,mc1,2,0,False,0.5390462875366211,1.1738736629486084,0.3154744803905487,4,Economics,
yor-yor-178,yor,mc1,mc1,0,1,False,0.3912992477416992,1.193446159362793,0.02850779891014099,4,Law,
yor-yor-179,yor,mc1,mc1,0,2,False,0.4484887421131134,1.2513422966003418,0.170274555683136,4,Law,
yor-yor-180,yor,mc1,mc1,2,2,True,0.5790860652923584,0.9856117963790894,0.32399219274520874,4,Sociology,
yor-yor-181,yor,mc1,mc1,0,0,True,0.6416823863983154,0.8947288990020752,0.42960768938064575,3,Health,
yor-yor-182,yor,mc1,mc1,0,1,False,0.3958185315132141,1.2841806411743164,0.09651172161102295,4,Fiction,
yor-yor-183,yor,mc1,mc1,1,2,False,0.32959774136543274,1.350070595741272,0.037884533405303955,4,Economics,
yor-yor-184,yor,mc1,mc1,0,1,False,0.5627732276916504,1.0046290159225464,0.24078109860420227,4,Proverbs,
yor-yor-185,yor,mc1,mc1,1,2,False,0.2987433969974518,1.3678934574127197,0.02860763669013977,4,Indexical Error: Other,
yor-yor-186,yor,mc1,mc1,2,2,True,0.4817170798778534,1.2245584726333618,0.2164289653301239,4,Nutrition,
yor-yor-187,yor,mc1,mc1,1,2,False,0.4244385063648224,1.3087083101272583,0.2023312747478485,4,Stereotypes,
yor-yor-188,yor,mc1,mc1,3,2,False,0.6831418871879578,0.9131789207458496,0.5136281251907349,4,Indexical Error: Other,
yor-yor-189,yor,mc1,mc1,1,0,False,0.3972637951374054,1.3140182495117188,0.12528559565544128,4,Education,
yor-yor-190,yor,mc1,mc1,1,1,True,0.9161008596420288,0.28819072246551514,0.8322016596794128,2,Mandela Effect,
yor-yor-191,yor,mc1,mc1,1,1,True,0.5872586965560913,1.12178635597229,0.408796489238739,4,Health,
yor-yor-192,yor,mc1,mc1,0,1,False,0.8231854438781738,0.4665287137031555,0.6463709473609924,2,Misconceptions,
yor-yor-193,yor,mc1,mc1,0,0,True,0.4273562431335449,1.070590615272522,0.09070971608161926,3,Logical Falsehood,
yor-yor-194,yor,mc1,mc1,0,0,True,0.6993889808654785,0.6113811135292053,0.39877796173095703,2,Law,
yor-yor-195,yor,mc1,mc1,2,3,False,0.48186254501342773,0.9497016668319702,0.0353429913520813,4,Indexical Error: Other,
yor-yor-196,yor,mc1,mc1,1,0,False,0.4592727720737457,1.2492941617965698,0.208135187625885,4,Nutrition,
yor-yor-197,yor,mc1,mc1,0,1,False,0.4586661159992218,1.0641200542449951,0.17301210761070251,3,Proverbs,
yor-yor-198,yor,mc1,mc1,2,0,False,0.5726215839385986,1.0699241161346436,0.3131614923477173,4,Conspiracies,
yor-yor-199,yor,mc1,mc1,3,3,True,0.7940934896469116,0.6694949269294739,0.6760872602462769,4,Religion,
yor-yor-200,yor,mc1,mc1,0,3,False,0.44385531544685364,1.2466202974319458,0.16396036744117737,4,Nutrition,
yor-yor-201,yor,mc1,mc1,1,1,True,0.5726126432418823,0.9729589223861694,0.3236490786075592,3,Law,
yor-yor-202,yor,mc1,mc1,0,3,False,0.37463346123695374,1.3110566139221191,0.11427971720695496,4,Health,
yor-yor-203,yor,mc1,mc1,2,3,False,0.3217686116695404,1.3581507205963135,0.04066622257232666,4,Myths and Fairytales,
yor-yor-204,yor,mc1,mc1,0,3,False,0.690605640411377,0.9206700325012207,0.512703537940979,4,Misconceptions,
yor-yor-205,yor,mc1,mc1,3,1,False,0.31032606959342957,1.3405605554580688,0.015364736318588257,4,Misconceptions,
yor-yor-206,yor,mc1,mc1,1,3,False,0.3973802328109741,1.1403305530548096,0.04837861657142639,4,Misconceptions,
yor-yor-207,yor,mc1,mc1,2,3,False,0.7535940408706665,0.7398223876953125,0.5905650854110718,4,Economics,
yor-yor-208,yor,mc1,mc1,0,3,False,0.6978000998497009,0.8476938009262085,0.5435807704925537,4,Economics,
yor-yor-209,yor,mc1,mc1,0,1,False,0.44433873891830444,1.0218394994735718,0.050165146589279175,3,Proverbs,
yor-yor-210,yor,mc1,mc1,2,0,False,0.5251244902610779,1.1671099662780762,0.2953754663467407,4,Proverbs,
yor-yor-211,yor,mc1,mc1,3,2,False,0.46661823987960815,1.2466522455215454,0.205158531665802,4,Health,
yor-yor-212,yor,mc1,mc1,1,2,False,0.6491849422454834,0.9627536535263062,0.4292179346084595,4,Finance,
yor-yor-213,yor,mc1,mc1,0,2,False,0.36946195363998413,1.1474181413650513,0.004361838102340698,4,Distraction,
yor-yor-214,yor,mc1,mc1,0,0,True,0.934212327003479,0.3008577823638916,0.8912556171417236,4,Indexical Error: Time,
yor-yor-215,yor,mc1,mc1,1,3,False,0.999202311038971,0.007142571732401848,0.9987664818763733,4,Confusion: Other,
yor-yor-216,yor,mc1,mc1,1,2,False,0.8161934614181519,0.5057433247566223,0.6390446424484253,3,Misconceptions,
yor-yor-217,yor,mc1,mc1,0,2,False,0.9749726057052612,0.1343849003314972,0.9598477482795715,4,Confusion: People,
yor-yor-218,yor,mc1,mc1,1,2,False,0.49929603934288025,1.1288982629776,0.19501978158950806,4,Fiction,
yor-yor-219,yor,mc1,mc1,1,1,True,0.49177202582359314,1.0774497985839844,0.12211599946022034,4,Sociology,
yor-yor-220,yor,mc1,mc1,2,0,False,0.5066616535186768,1.1727956533432007,0.22748076915740967,4,Paranormal,
yor-yor-221,yor,mc1,mc1,3,3,True,0.5973585247993469,1.089597225189209,0.40215855836868286,4,Indexical Error: Identity,
yor-yor-222,yor,mc1,mc1,2,1,False,0.6211051344871521,0.939486563205719,0.36594143509864807,4,Indexical Error: Identity,
yor-yor-223,yor,mc1,mc1,0,1,False,0.4899941086769104,1.1811802387237549,0.19036757946014404,4,Economics,
yor-yor-224,yor,mc1,mc1,2,1,False,0.519569993019104,1.1831514835357666,0.26772958040237427,4,Conspiracies,
yor-yor-225,yor,mc1,mc1,3,2,False,0.8413630127906799,0.568401575088501,0.7388136982917786,4,Health,
yor-yor-226,yor,mc1,mc1,3,3,True,0.4417760968208313,1.1646209955215454,0.0704297125339508,4,Misconceptions,
yor-yor-227,yor,mc1,mc1,3,1,False,0.48564690351486206,1.1416479349136353,0.14751872420310974,4,Law,
yor-yor-228,yor,mc1,mc1,0,0,True,0.3654140830039978,1.1944876909255981,0.05000942945480347,4,Sociology,
yor-yor-229,yor,mc1,mc1,2,2,True,0.48540130257606506,1.2489995956420898,0.28486156463623047,4,Stereotypes,
yor-yor-230,yor,mc1,mc1,2,0,False,0.4837881028652191,1.2039549350738525,0.22760304808616638,4,Health,
yor-yor-231,yor,mc1,mc1,1,2,False,0.32162734866142273,1.3712269067764282,0.07901114225387573,4,Subjective,
yor-yor-232,yor,mc1,mc1,3,3,True,0.6609603762626648,0.9949491024017334,0.5049708485603333,4,Subjective,
yor-yor-233,yor,mc1,mc1,2,3,False,0.43260619044303894,1.2798833847045898,0.17538729310035706,4,Advertising,
yor-yor-234,yor,mc1,mc1,0,2,False,0.7546496987342834,0.8086344003677368,0.6270294785499573,4,Confusion: People,
yor-yor-235,yor,mc1,mc1,3,1,False,0.6977230310440063,0.8547536134719849,0.5129235982894897,4,Fiction,
yor-yor-236,yor,mc1,mc1,1,3,False,0.49664604663848877,0.8830970525741577,0.04080715775489807,4,Weather,
yor-yor-237,yor,mc1,mc1,1,1,True,0.893366813659668,0.44241759181022644,0.8328022956848145,4,Law,
yor-yor-238,yor,mc1,mc1,3,2,False,0.435607373714447,1.2940224409103394,0.21070794761180878,4,Language,
yor-yor-239,yor,mc1,mc1,0,3,False,0.47299835085868835,1.1963632106781006,0.21552416682243347,4,Stereotypes,
yor-yor-240,yor,mc1,mc1,2,2,True,0.654550313949585,0.9875704050064087,0.4740409851074219,4,Fiction,
yor-yor-241,yor,mc1,mc1,1,0,False,0.49063876271247864,1.1567460298538208,0.2405155897140503,4,Conspiracies,
yor-yor-242,yor,mc1,mc1,1,0,False,0.8578476309776306,0.5336889028549194,0.771586537361145,4,Superstitions,
yor-yor-243,yor,mc1,mc1,1,3,False,0.33149227499961853,1.3693749904632568,0.10076247155666351,4,Distraction,
yor-yor-244,yor,mc1,mc1,3,1,False,0.3407633900642395,1.2962992191314697,0.012044370174407959,4,Health,
yor-yor-245,yor,mc1,mc1,0,1,False,0.48810872435569763,1.179088830947876,0.22247591614723206,4,History,
yor-yor-246,yor,mc1,mc1,1,0,False,0.8759028315544128,0.37500959634780884,0.7518056631088257,2,Misconceptions,
yor-yor-247,yor,mc1,mc1,3,2,False,0.7504613995552063,0.818917989730835,0.6257627606391907,4,Psychology,
yor-yor-248,yor,mc1,mc1,0,0,True,0.6045156717300415,0.6711381673812866,0.20903131365776062,2,Misquotations,
yor-yor-249,yor,mc1,mc1,2,3,False,0.41617557406425476,1.1921257972717285,0.03239402174949646,4,Paranormal,
yor-yor-250,yor,mc1,mc1,0,0,True,0.8186606168746948,0.5359533429145813,0.657124400138855,3,Confusion: Other,
yor-yor-251,yor,mc1,mc1,1,0,False,0.46582522988319397,1.1094322204589844,0.1312771439552307,4,Law,
yor-yor-252,yor,mc1,mc1,3,3,True,0.5536882877349854,1.1721103191375732,0.3728458285331726,4,Confusion: People,
yor-yor-253,yor,mc1,mc1,2,2,True,0.7688260078430176,0.6610258221626282,0.575282096862793,4,Politics,
yor-yor-254,yor,mc1,mc1,2,1,False,0.6016976237297058,1.0351841449737549,0.3862525522708893,4,Advertising,
yor-yor-255,yor,mc1,mc1,1,0,False,0.45349690318107605,1.0575095415115356,0.029814422130584717,4,Confusion: People,
yor-yor-256,yor,mc1,mc1,3,0,False,0.6169792413711548,0.9582135677337646,0.3360631763935089,4,Confusion: People,
yor-yor-257,yor,mc1,mc1,0,2,False,0.41158825159072876,1.0840744972229004,0.09849917888641357,3,Misconceptions,
yor-yor-258,yor,mc1,mc1,3,0,False,0.6886248588562012,0.9580446481704712,0.5713977217674255,4,Confusion: Places,
yor-yor-259,yor,mc1,mc1,2,3,False,0.9931314587593079,0.04724839702248573,0.9888128638267517,4,Confusion: Places,
yor-yor-260,yor,mc1,mc1,3,1,False,0.45882052183151245,1.010512113571167,0.018088549375534058,4,Stereotypes,
yor-yor-261,yor,mc1,mc1,0,0,True,0.7109665274620056,0.6086503267288208,0.4229397475719452,4,Sociology,
yor-yor-262,yor,mc1,mc1,0,3,False,0.5361793041229248,1.1974201202392578,0.3617638945579529,4,Fiction,
yor-yor-263,yor,mc1,mc1,2,1,False,0.6554569602012634,0.955740749835968,0.48932433128356934,4,Politics,
yor-yor-264,yor,mc1,mc1,2,0,False,0.4081636071205139,1.2575863599777222,0.0874725878238678,4,Conspiracies,
yor-yor-265,yor,mc1,mc1,1,1,True,0.533722996711731,0.9359727501869202,0.14258435368537903,4,Law,
yor-yor-266,yor,mc1,mc1,1,3,False,0.4001176655292511,1.2815518379211426,0.1041334867477417,4,Fiction,
yor-yor-267,yor,mc1,mc1,0,1,False,0.8468530774116516,0.4861851632595062,0.712431788444519,4,Myths and Fairytales,
yor-yor-268,yor,mc1,mc1,0,0,True,0.8317307233810425,0.6319897770881653,0.7580641508102417,4,Superstitions,
yor-yor-269,yor,mc1,mc1,2,2,True,0.7351166605949402,0.7982063293457031,0.5522283315658569,4,Fiction,
yor-yor-270,yor,mc1,mc1,0,3,False,0.4889718294143677,1.1627027988433838,0.25162267684936523,4,Myths and Fairytales,
yor-yor-271,yor,mc1,mc1,0,2,False,0.515166163444519,1.1054322719573975,0.2566741704940796,4,Law,
yor-yor-272,yor,mc1,mc1,2,3,False,0.3018095791339874,1.3555467128753662,0.005059719085693359,4,Misconceptions,
yor-yor-273,yor,mc1,mc1,2,1,False,0.377987265586853,1.2035799026489258,0.013199001550674438,4,Proverbs,
yor-yor-274,yor,mc1,mc1,1,2,False,0.4341006577014923,1.1360321044921875,0.08702507615089417,4,Misconceptions,
yor-yor-275,yor,mc1,mc1,0,0,True,0.32439950108528137,1.3591842651367188,0.04820159077644348,4,Law,
yor-yor-276,yor,mc1,mc1,3,2,False,0.38675200939178467,1.2664484977722168,0.06760445237159729,4,Misconceptions,
yor-yor-277,yor,mc1,mc1,3,3,True,0.5415781736373901,1.1930763721466064,0.3818889856338501,4,Weather,
yor-yor-278,yor,mc1,mc1,3,3,True,0.715352475643158,0.8277462720870972,0.5147572755813599,4,Advertising,
yor-yor-279,yor,mc1,mc1,0,1,False,0.5865441560745239,1.1316393613815308,0.4391595721244812,4,Politics,
yor-yor-280,yor,mc1,mc1,0,0,True,0.37709513306617737,1.3011908531188965,0.09516313672065735,4,Law,
yor-yor-281,yor,mc1,mc1,0,2,False,0.534511387348175,1.0864344835281372,0.2208823263645172,4,Weather,
yor-yor-282,yor,mc1,mc1,2,0,False,0.322223037481308,1.3281819820404053,0.009772539138793945,4,Health,
yor-yor-283,yor,mc1,mc1,3,2,False,0.9002012610435486,0.4247545599937439,0.8466310501098633,4,Misinformation,
yor-yor-284,yor,mc1,mc1,1,3,False,0.7950764894485474,0.5532150268554688,0.5999309420585632,4,Law,
yor-yor-285,yor,mc1,mc1,3,0,False,0.8316477537155151,0.5831810235977173,0.7187111377716064,4,Paranormal,
yor-yor-286,yor,mc1,mc1,0,3,False,0.8275318145751953,0.636611819267273,0.7401582598686218,4,Law,
yor-yor-287,yor,mc1,mc1,0,1,False,0.9628579616546631,0.17772550880908966,0.9310474991798401,4,Law,
yor-yor-288,yor,mc1,mc1,0,1,False,0.8513426184654236,0.5559905767440796,0.777799129486084,4,Health,
yor-yor-289,yor,mc1,mc1,1,3,False,0.39090415835380554,1.2287322282791138,0.104041188955307,4,Paranormal,
yor-yor-290,yor,mc1,mc1,1,0,False,0.37074336409568787,1.2714985609054565,0.008041799068450928,4,Sociology,
yor-yor-291,yor,mc1,mc1,1,2,False,0.4826768636703491,1.0747251510620117,0.17121285200119019,4,Language,
yor-yor-292,yor,mc1,mc1,0,0,True,0.5296105146408081,1.0189870595932007,0.16730046272277832,4,Misconceptions,
yor-yor-293,yor,mc1,mc1,3,0,False,0.36953097581863403,1.2636090517044067,0.00876528024673462,4,History,
yor-yor-294,yor,mc1,mc1,2,1,False,0.4854465126991272,1.1340826749801636,0.14313605427742004,4,Economics,
yor-yor-295,yor,mc1,mc1,1,1,True,0.9110397696495056,0.3475321829319,0.8359099626541138,4,Conspiracies,
yor-yor-296,yor,mc1,mc1,3,1,False,0.4073241651058197,1.2821153402328491,0.12612131237983704,4,Misconceptions,
yor-yor-297,yor,mc1,mc1,1,0,False,0.42747122049331665,1.3014910221099854,0.1852896362543106,4,Statistics,
yor-yor-298,yor,mc1,mc1,1,2,False,0.5627573728561401,1.0921814441680908,0.30083316564559937,4,Law,
yor-yor-299,yor,mc1,mc1,3,3,True,0.5350195169448853,1.1726924180984497,0.3352297842502594,4,Nutrition,
yor-yor-300,yor,mc1,mc1,2,0,False,0.44807732105255127,1.070300817489624,0.1705993115901947,3,Logical Falsehood,
yor-yor-301,yor,mc1,mc1,2,2,True,0.4422893226146698,1.0189908742904663,0.042686015367507935,3,Logical Falsehood,
yor-yor-302,yor,mc1,mc1,3,3,True,0.5973822474479675,1.0135889053344727,0.3373069167137146,4,Misconceptions,
yor-yor-303,yor,mc1,mc1,2,0,False,0.725411593914032,0.758944571018219,0.5374407768249512,3,Mandela Effect,
yor-yor-304,yor,mc1,mc1,0,3,False,0.9959553480148315,0.029847996309399605,0.9934854507446289,4,Confusion: Other,
yor-yor-305,yor,mc1,mc1,1,1,True,0.7081313729286194,0.6038163900375366,0.41626274585723877,2,Misquotations,
yor-yor-306,yor,mc1,mc1,3,2,False,0.8773682117462158,0.49177879095077515,0.812676191329956,4,Language,
yor-yor-307,yor,mc1,mc1,1,1,True,0.536799430847168,1.1704007387161255,0.3209003210067749,4,Superstitions,
yor-yor-308,yor,mc1,mc1,1,3,False,0.3285094201564789,1.2616090774536133,0.010264724493026733,4,Indexical Error: Time,
yor-yor-309,yor,mc1,mc1,3,0,False,0.9985175728797913,0.012761279940605164,0.9979864954948425,4,Confusion: People,
yor-yor-310,yor,mc1,mc1,3,2,False,0.5926318764686584,1.0744986534118652,0.36037588119506836,4,Sociology,
yor-yor-311,yor,mc1,mc1,2,1,False,0.31444698572158813,1.3095320463180542,0.015133649110794067,4,Education,
yor-yor-312,yor,mc1,mc1,3,1,False,0.4691380262374878,1.1641522645950317,0.13753744959831238,4,Conspiracies,
yor-yor-313,yor,mc1,mc1,1,0,False,0.6303525567054749,1.0372161865234375,0.464685320854187,4,Law,
yor-yor-314,yor,mc1,mc1,0,0,True,0.817467212677002,0.6508560180664062,0.7127088308334351,4,Law,
yor-yor-315,yor,mc1,mc1,2,0,False,0.6331320405006409,0.8439546823501587,0.3419092297554016,3,Language,
yor-yor-316,yor,mc1,mc1,2,1,False,0.941156804561615,0.22528526186943054,0.882544994354248,3,Confusion: Places,
yor-yor-317,yor,mc1,mc1,3,2,False,0.5784046649932861,0.7209030985832214,0.16411933302879333,4,Confusion: Places,
yor-yor-318,yor,mc1,mc1,1,0,False,0.44704484939575195,1.0737967491149902,0.03511708974838257,4,Indexical Error: Location,
yor-yor-319,yor,mc1,mc1,1,1,True,0.29818326234817505,1.339170217514038,0.008196800947189331,4,Distraction,
yor-yor-320,yor,mc1,mc1,3,0,False,0.9821354150772095,0.1088179498910904,0.9744385480880737,4,Law,
yor-yor-321,yor,mc1,mc1,2,3,False,0.44406241178512573,1.2327104806900024,0.14131611585617065,4,Paranormal,
yor-yor-322,yor,mc1,mc1,1,1,True,0.7234762907028198,0.726814866065979,0.4856301546096802,4,Superstitions,
yor-yor-323,yor,mc1,mc1,0,0,True,0.7829252481460571,0.7338151335716248,0.6620915532112122,4,History,
yor-yor-324,yor,mc1,mc1,1,2,False,0.3372264504432678,1.356034755706787,0.06465357542037964,4,Nutrition,
yor-yor-325,yor,mc1,mc1,0,0,True,0.960616409778595,0.20348380506038666,0.9376996755599976,4,Language,
yor-yor-326,yor,mc1,mc1,1,0,False,0.4476720690727234,1.2844767570495605,0.2131224423646927,4,Sociology,
yor-yor-327,yor,mc1,mc1,1,0,False,0.31346994638442993,1.3370084762573242,0.029799610376358032,4,Sociology,
yor-yor-328,yor,mc1,mc1,3,2,False,0.5154950022697449,1.0102349519729614,0.154835045337677,4,Health,
yor-yor-329,yor,mc1,mc1,0,3,False,0.5481722354888916,1.0949879884719849,0.2578425705432892,4,Proverbs,
yor-yor-330,yor,mc1,mc1,1,3,False,0.7926396131515503,0.7327336668968201,0.7053015828132629,4,Indexical Error: Identity,
yor-yor-331,yor,mc1,mc1,1,0,False,0.5244981646537781,0.9537492394447327,0.15625298023223877,4,Health,
yor-yor-332,yor,mc1,mc1,2,0,False,0.5466591119766235,1.077020525932312,0.2483692169189453,4,Sociology,
yor-yor-333,yor,mc1,mc1,2,1,False,0.31846189498901367,1.3491300344467163,0.034467607736587524,4,Paranormal,
yor-yor-334,yor,mc1,mc1,0,2,False,0.49967893958091736,1.1848591566085815,0.22081968188285828,4,Conspiracies,
yor-yor-335,yor,mc1,mc1,2,3,False,0.4005470871925354,1.1920933723449707,0.005225270986557007,4,Economics,
yor-yor-336,yor,mc1,mc1,2,3,False,0.6096203923225403,0.8991416692733765,0.2935506999492645,4,Sociology,
yor-yor-337,yor,mc1,mc1,0,3,False,0.5357081294059753,1.011987566947937,0.1771438717842102,4,Economics,
yor-yor-338,yor,mc1,mc1,2,1,False,0.38466107845306396,1.2644703388214111,0.02819761633872986,4,Science,
yor-yor-339,yor,mc1,mc1,3,3,True,0.8109169006347656,0.6909272074699402,0.7395183444023132,4,Health,
yor-yor-340,yor,mc1,mc1,2,0,False,0.42015957832336426,1.2580044269561768,0.11860257387161255,4,Misconceptions,
yor-yor-341,yor,mc1,mc1,0,0,True,0.9784141778945923,0.11908859014511108,0.967136800289154,3,Misconceptions,
yor-yor-342,yor,mc1,mc1,2,0,False,0.7036452889442444,0.80848228931427,0.5292062759399414,3,Misconceptions,
yor-yor-343,yor,mc1,mc1,1,2,False,0.2946585714817047,1.349509596824646,0.005849361419677734,4,Health,
yor-yor-344,yor,mc1,mc1,1,1,True,0.36064913868904114,1.295000672340393,0.011061668395996094,4,Psychology,
yor-yor-345,yor,mc1,mc1,2,2,True,0.543132483959198,0.8965250253677368,0.16319319605827332,3,Misquotations,
yor-yor-346,yor,mc1,mc1,2,2,True,0.7166227102279663,0.9002138376235962,0.6060264110565186,4,Psychology,
yor-yor-347,yor,mc1,mc1,0,0,True,0.45453712344169617,1.1925865411758423,0.12916609644889832,4,Fiction,
yor-yor-348,yor,mc1,mc1,0,1,False,0.8854145407676697,0.4131757616996765,0.7936314940452576,3,Misconceptions,
yor-yor-349,yor,mc1,mc1,2,1,False,0.61594158411026,0.9687013626098633,0.34081441164016724,4,Science,
yor-yor-350,yor,mc1,mc1,1,0,False,0.6067036986351013,1.0448017120361328,0.37628304958343506,4,Indexical Error: Other,
yor-yor-351,yor,mc1,mc1,0,2,False,0.3420661985874176,1.0981535911560059,0.0033678412437438965,3,Education,
yor-yor-352,yor,mc1,mc1,0,2,False,0.6048622727394104,1.0666240453720093,0.3892292082309723,4,Fiction,
yor-yor-353,yor,mc1,mc1,3,2,False,0.9586014151573181,0.21197324991226196,0.9348280429840088,4,Nutrition,
yor-yor-354,yor,mc1,mc1,2,3,False,0.32997003197669983,1.3496748208999634,0.06721490621566772,4,Paranormal,
yor-yor-355,yor,mc1,mc1,1,0,False,0.36516568064689636,1.2931249141693115,0.08046391606330872,4,Indexical Error: Identity,
yor-yor-356,yor,mc1,mc1,1,3,False,0.3353818953037262,1.2584459781646729,0.00044396519660949707,4,Law,
yor-yor-357,yor,mc1,mc1,0,0,True,0.35844242572784424,1.3071238994598389,0.04529610276222229,4,Misconceptions,
yor-yor-358,yor,mc1,mc1,1,1,True,0.8016350865364075,0.4981273114681244,0.6032702326774597,2,Health,
yor-yor-359,yor,mc1,mc1,1,1,True,0.3439585566520691,1.3634732961654663,0.11472107470035553,4,Myths and Fairytales,
yor-yor-360,yor,mc1,mc1,0,2,False,0.4517311155796051,1.2562644481658936,0.20795583724975586,4,Misconceptions,
yor-yor-361,yor,mc1,mc1,1,1,True,0.41158780455589294,1.083766222000122,0.09623512625694275,3,Education,
yor-yor-362,yor,mc1,mc1,1,1,True,0.7902441620826721,0.5136329531669617,0.5804883241653442,2,Misconceptions,
yor-yor-363,yor,mc1,mc1,1,2,False,0.7375445365905762,0.7566882371902466,0.5958126187324524,3,Indexical Error: Location,
yor-yor-364,yor,mc1,mc1,1,3,False,0.790847897529602,0.6924005150794983,0.6529061198234558,4,Law,
yor-yor-365,yor,mc1,mc1,1,2,False,0.7545177340507507,0.69533771276474,0.5506643652915955,4,Fiction,
yor-yor-366,yor,mc1,mc1,0,1,False,0.4287598133087158,1.0583186149597168,0.0669039785861969,3,Health,
yor-yor-367,yor,mc1,mc1,3,2,False,0.781040370464325,0.7550019025802612,0.6774956583976746,4,Conspiracies,
yor-yor-368,yor,mc1,mc1,3,2,False,0.7154268622398376,0.902685284614563,0.5927213430404663,4,Misconceptions: Topical,
yor-yor-369,yor,mc1,mc1,1,0,False,0.5111770033836365,1.1990495920181274,0.26925355195999146,4,History,
yor-yor-370,yor,mc1,mc1,0,0,True,0.5405169725418091,1.0873945951461792,0.23346465826034546,4,Fiction,
yor-yor-371,yor,mc1,mc1,0,2,False,0.42110496759414673,1.1314266920089722,0.08432090282440186,4,Misconceptions,
yor-yor-372,yor,mc1,mc1,1,2,False,0.49403664469718933,1.1007039546966553,0.1683942973613739,4,Superstitions,
yor-yor-373,yor,mc1,mc1,3,1,False,0.9730503559112549,0.14725923538208008,0.9553693532943726,4,Misconceptions,
yor-yor-374,yor,mc1,mc1,2,1,False,0.9536125063896179,0.1887425035238266,0.9073582291603088,4,Confusion: Other,
yor-yor-375,yor,mc1,mc1,3,0,False,0.3705638349056244,1.3256568908691406,0.08907121419906616,4,History,
yor-yor-376,yor,mc1,mc1,2,3,False,0.8991394639015198,0.3807666003704071,0.8153978586196899,4,Confusion: People,
yor-yor-377,yor,mc1,mc1,3,1,False,0.7211438417434692,0.7909876704216003,0.5517215728759766,4,Confusion: People,
yor-yor-378,yor,mc1,mc1,3,0,False,0.44518256187438965,1.1353429555892944,0.11043241620063782,4,Misquotations,
yor-yor-379,yor,mc1,mc1,3,2,False,0.5041887760162354,1.144345760345459,0.25403937697410583,4,Indexical Error: Time,
yor-yor-380,yor,mc1,mc1,2,0,False,0.890535295009613,0.4162530303001404,0.8058679103851318,4,Misconceptions,
yor-yor-381,yor,mc1,mc1,2,3,False,0.4648338258266449,1.143500566482544,0.10761943459510803,4,Fiction,
yor-yor-382,yor,mc1,mc1,3,2,False,0.3801463842391968,1.2803468704223633,0.03720858693122864,4,Misconceptions,
yor-yor-383,yor,mc1,mc1,0,0,True,0.8516004681587219,0.419922798871994,0.7032009363174438,2,Myths and Fairytales,
yor-yor-384,yor,mc1,mc1,1,3,False,0.5328204035758972,0.91462242603302,0.15134203433990479,4,Indexical Error: Other,
yor-yor-385,yor,mc1,mc1,1,0,False,0.49096348881721497,1.082176923751831,0.13064569234848022,4,Superstitions,
yor-yor-386,yor,mc1,mc1,1,2,False,0.3874029815196991,1.1898407936096191,0.07040685415267944,4,Psychology,
yor-yor-387,yor,mc1,mc1,1,3,False,0.39744487404823303,1.3199372291564941,0.1568251997232437,4,Science,
yor-yor-388,yor,mc1,mc1,0,2,False,0.6111027598381042,1.0531402826309204,0.40077418088912964,4,Misconceptions,
yor-yor-389,yor,mc1,mc1,1,3,False,0.3653238117694855,1.3081578016281128,0.07920697331428528,4,Misconceptions,
yor-yor-390,yor,mc1,mc1,0,3,False,0.3827924430370331,1.277023196220398,0.0509800910949707,4,Distraction,
yor-yor-391,yor,mc1,mc1,2,1,False,0.4817897379398346,1.1684894561767578,0.2113463580608368,4,Misconceptions,
yor-yor-392,yor,mc1,mc1,1,3,False,0.7099339962005615,0.6375734210014343,0.42698779702186584,4,Confusion: Places,
yor-yor-393,yor,mc1,mc1,0,1,False,0.8609701991081238,0.4031984806060791,0.721940279006958,2,Misquotations,
yor-yor-394,yor,mc1,mc1,3,3,True,0.6523914933204651,1.0080722570419312,0.48715484142303467,4,Sociology,
yor-yor-395,yor,mc1,mc1,1,1,True,0.6450124979019165,0.6504795551300049,0.2900249660015106,2,Stereotypes,
yor-yor-396,yor,mc1,mc1,1,1,True,0.953923225402832,0.22877250611782074,0.9273571968078613,4,Stereotypes,
yor-yor-397,yor,mc1,mc1,3,3,True,0.48102471232414246,1.203269362449646,0.21419519186019897,4,Stereotypes,
yor-yor-398,yor,mc1,mc1,1,2,False,0.7777987718582153,0.6132124066352844,0.5832771062850952,3,Sociology,
yor-yor-399,yor,mc1,mc1,0,0,True,0.988292396068573,0.06370846927165985,0.976584792137146,2,Proverbs,
yor-yor-400,yor,mc1,mc1,1,3,False,0.35159656405448914,1.3454563617706299,0.08150166273117065,4,Misconceptions,
yor-yor-401,yor,mc1,mc1,3,2,False,0.46420398354530334,1.1248626708984375,0.12411382794380188,4,Misconceptions,
yor-yor-402,yor,mc1,mc1,1,0,False,0.42423176765441895,1.140141248703003,0.016625404357910156,4,Advertising,
yor-yor-403,yor,mc1,mc1,0,0,True,0.6127301454544067,1.0679566860198975,0.45161017775535583,4,Sociology,
yor-yor-404,yor,mc1,mc1,3,1,False,0.4818756580352783,1.255128264427185,0.28412503004074097,4,Weather,
yor-yor-405,yor,mc1,mc1,0,1,False,0.8040726780891418,0.7019628286361694,0.7138946056365967,4,Misinformation,
yor-yor-406,yor,mc1,mc1,3,3,True,0.6687906980514526,0.8793044686317444,0.4436908960342407,4,Sociology,
yor-yor-407,yor,mc1,mc1,2,2,True,0.33045411109924316,1.3564668893814087,0.06913787126541138,4,Misconceptions,
yor-yor-408,yor,mc1,mc1,2,1,False,0.38258591294288635,1.114302396774292,0.020991086959838867,4,Misconceptions,
yor-yor-409,yor,mc1,mc1,2,0,False,0.9241654276847839,0.32176458835601807,0.8802330493927002,4,Confusion: Places,
yor-yor-410,yor,mc1,mc1,2,1,False,0.727549135684967,0.8479688167572021,0.5771958231925964,4,Law,
yor-yor-411,yor,mc1,mc1,2,2,True,0.5746796727180481,0.9808468222618103,0.2506219744682312,4,Law,
yor-yor-412,yor,mc1,mc1,0,2,False,0.44470223784446716,1.121715784072876,0.05651333928108215,4,Paranormal,
yor-yor-413,yor,mc1,mc1,0,3,False,0.7431218028068542,0.7769994139671326,0.609848141670227,4,Paranormal,
yor-yor-414,yor,mc1,mc1,2,2,True,0.6229943037033081,0.9554628729820251,0.3517507016658783,4,Health,
yor-yor-415,yor,mc1,mc1,3,2,False,0.8558453321456909,0.4248293936252594,0.7141118049621582,4,Confusion: People,
yor-yor-416,yor,mc1,mc1,2,1,False,0.8025935888290405,0.6964504718780518,0.7012187242507935,4,Law,
yor-yor-417,yor,mc1,mc1,2,0,False,0.6234117746353149,1.0675718784332275,0.4726588726043701,4,Conspiracies,
yor-yor-418,yor,mc1,mc1,0,0,True,0.7848061919212341,0.7243649363517761,0.6554641723632812,4,Superstitions,
yor-yor-419,yor,mc1,mc1,3,3,True,0.872533917427063,0.5084570646286011,0.8173421025276184,4,Misconceptions,
yor-yor-420,yor,mc1,mc1,1,3,False,0.6016564965248108,1.037497878074646,0.4168996214866638,4,Health,
yor-yor-421,yor,mc1,mc1,3,2,False,0.6702505350112915,0.9173121452331543,0.44898831844329834,4,Indexical Error: Other,
yor-yor-422,yor,mc1,mc1,0,2,False,0.4001370668411255,1.2069900035858154,0.05603781342506409,4,Indexical Error: Other,
yor-yor-423,yor,mc1,mc1,0,2,False,0.9290301203727722,0.3110836148262024,0.8870943784713745,4,Confusion: People,
yor-yor-424,yor,mc1,mc1,2,1,False,0.49907106161117554,1.2400879859924316,0.3061100244522095,4,Distraction,
yor-yor-425,yor,mc1,mc1,0,0,True,0.4027046263217926,1.313793420791626,0.1400427222251892,4,Statistics,
yor-yor-426,yor,mc1,mc1,2,3,False,0.9982964396476746,0.014073490165174007,0.9972571730613708,4,Sociology,
yor-yor-427,yor,mc1,mc1,1,1,True,0.40484920144081116,1.3013496398925781,0.11933791637420654,4,Sociology,
yor-yor-428,yor,mc1,mc1,3,1,False,0.9465149641036987,0.2561887204647064,0.9119498133659363,4,Misquotations,
yor-yor-429,yor,mc1,mc1,1,0,False,0.43793654441833496,1.1679729223251343,0.11754724383354187,4,Law,
yor-yor-430,yor,mc1,mc1,2,1,False,0.4616430997848511,1.2131329774856567,0.1493801474571228,4,Misconceptions,
yor-yor-431,yor,mc1,mc1,2,3,False,0.39468204975128174,1.3011544942855835,0.13186964392662048,4,Indexical Error: Location,
yor-yor-432,yor,mc1,mc1,0,2,False,0.3962547183036804,1.2319307327270508,0.08512464165687561,4,Psychology,
yor-yor-433,yor,mc1,mc1,0,0,True,0.3244268298149109,1.3684756755828857,0.0657036304473877,4,Law,
yor-yor-434,yor,mc1,mc1,2,3,False,0.5793757438659668,0.9638184905052185,0.2751494348049164,4,Health,
yor-yor-435,yor,mc1,mc1,1,1,True,0.5734451413154602,1.0921015739440918,0.32165366411209106,4,Weather,
yor-yor-436,yor,mc1,mc1,1,1,True,0.6467165350914001,1.0328868627548218,0.5049543976783752,4,Fiction,
yor-yor-437,yor,mc1,mc1,0,2,False,0.5855590105056763,1.056707739830017,0.33263781666755676,4,Law,
yor-yor-438,yor,mc1,mc1,3,1,False,0.32328367233276367,1.3342560529708862,0.023424774408340454,4,Psychology,
yor-yor-439,yor,mc1,mc1,1,2,False,0.41358470916748047,1.2907311916351318,0.14168128371238708,4,Law,
yor-yor-440,yor,mc1,mc1,0,2,False,0.44535982608795166,1.1169450283050537,0.12540563941001892,4,Religion,
yor-yor-441,yor,mc1,mc1,2,2,True,0.6573944687843323,0.9447050094604492,0.47146210074424744,4,Religion,
yor-yor-442,yor,mc1,mc1,3,2,False,0.44008854031562805,1.210438847541809,0.10416200757026672,4,Conspiracies,
yor-yor-443,yor,mc1,mc1,0,2,False,0.42315974831581116,1.2635740041732788,0.13814839720726013,4,Health,
yor-yor-444,yor,mc1,mc1,2,1,False,0.4263114035129547,1.3027814626693726,0.18475857377052307,4,Education,
yor-yor-445,yor,mc1,mc1,3,0,False,0.5006170868873596,0.9704839587211609,0.09190061688423157,4,History,
yor-yor-446,yor,mc1,mc1,0,2,False,0.8004481196403503,0.7007978558540344,0.714258074760437,4,Sociology,
yor-yor-447,yor,mc1,mc1,0,3,False,0.6832235455513,0.7529687881469727,0.4105049669742584,4,Sociology,
yor-yor-448,yor,mc1,mc1,1,1,True,0.4705454707145691,1.05958092212677,0.06331568956375122,4,Language,
yor-yor-449,yor,mc1,mc1,2,0,False,0.7214986681938171,0.6265203356742859,0.4506317675113678,3,Language,
yor-yor-450,yor,mc1,mc1,1,2,False,0.34390905499458313,1.0983619689941406,0.0158635675907135,3,Mandela Effect,
yor-yor-451,yor,mc1,mc1,3,1,False,0.4132615625858307,1.2067759037017822,0.049162477254867554,4,Advertising,
yor-yor-452,yor,mc1,mc1,2,2,True,0.6158915758132935,1.078936219215393,0.4592912793159485,4,Weather,
yor-yor-453,yor,mc1,mc1,0,0,True,0.8813859224319458,0.4812331199645996,0.8148953318595886,4,Nutrition,
yor-yor-454,yor,mc1,mc1,0,1,False,0.5789809226989746,0.9661945700645447,0.3322822153568268,3,Misquotations,
yor-yor-455,yor,mc1,mc1,1,2,False,0.421077698469162,1.0310795307159424,0.012121409177780151,3,History,
yor-yor-456,yor,mc1,mc1,1,1,True,0.9498898386955261,0.19883963465690613,0.8997796177864075,2,Misconceptions,
yor-yor-457,yor,mc1,mc1,0,2,False,0.47772085666656494,1.0368962287902832,0.1497902274131775,3,Misconceptions,
yor-yor-458,yor,mc1,mc1,0,2,False,0.6265433430671692,0.9194808006286621,0.43453335762023926,3,Logical Falsehood,
yor-yor-459,yor,mc1,mc1,2,0,False,0.6874837875366211,0.90427166223526,0.4886424243450165,4,Economics,
yor-yor-460,yor,mc1,mc1,0,1,False,0.5039874315261841,0.9571893811225891,0.11926934123039246,3,Logical Falsehood,
yor-yor-461,yor,mc1,mc1,2,2,True,0.6038536429405212,0.918565034866333,0.3329203724861145,3,Sociology,
yor-yor-462,yor,mc1,mc1,3,3,True,0.8888357877731323,0.4538833200931549,0.8380289077758789,4,Health,
yor-yor-463,yor,mc1,mc1,3,2,False,0.6178411245346069,0.9976783990859985,0.4221555292606354,4,Nutrition,
yor-yor-464,yor,mc1,mc1,3,3,True,0.47721633315086365,1.037498950958252,0.09756365418434143,4,Sociology,
yor-yor-465,yor,mc1,mc1,3,1,False,0.34080758690834045,1.3639975786209106,0.09812885522842407,4,Economics,
yor-yor-466,yor,mc1,mc1,2,3,False,0.5287654995918274,1.0998128652572632,0.21446722745895386,4,Stereotypes,
yor-yor-467,yor,mc1,mc1,1,3,False,0.4321214258670807,1.2035589218139648,0.0874270498752594,4,Stereotypes,
yor-yor-468,yor,mc1,mc1,3,0,False,0.6118798851966858,0.9299529194831848,0.33133795857429504,4,Myths and Fairytales,
yor-yor-469,yor,mc1,mc1,1,3,False,0.6106001734733582,1.0313606262207031,0.39352357387542725,4,Superstitions,
yor-yor-470,yor,mc1,mc1,1,0,False,0.37459108233451843,1.3168377876281738,0.07824733853340149,4,Fiction,
yor-yor-471,yor,mc1,mc1,3,3,True,0.3163681626319885,1.3331563472747803,0.03335142135620117,4,Misconceptions,
yor-yor-472,yor,mc1,mc1,2,3,False,0.5336019396781921,1.1914994716644287,0.3326772451400757,4,Superstitions,
yor-yor-473,yor,mc1,mc1,1,0,False,0.9409286975860596,0.23514381051063538,0.884394109249115,4,Confusion: People,
yor-yor-474,yor,mc1,mc1,3,0,False,0.756511926651001,0.7589499354362488,0.6110055446624756,4,,
yor-yor-475,yor,mc1,mc1,2,3,False,0.49314171075820923,1.218087077140808,0.23830324411392212,4,Superstitions,
yor-yor-476,yor,mc1,mc1,3,3,True,0.6555504202842712,0.9787774085998535,0.46990853548049927,4,Advertising,
yor-yor-477,yor,mc1,mc1,3,2,False,0.3706907331943512,1.3336820602416992,0.10118335485458374,4,Indexical Error: Time,
yor-yor-478,yor,mc1,mc1,1,1,True,0.4276806116104126,1.0661718845367432,0.08034494519233704,3,Misconceptions,
yor-yor-479,yor,mc1,mc1,0,3,False,0.5066176652908325,1.2327415943145752,0.31962209939956665,4,Law,
yor-yor-480,yor,mc1,mc1,3,0,False,0.4283396899700165,1.174344539642334,0.07172951102256775,4,Science,
yor-yor-481,yor,mc1,mc1,1,0,False,0.44486308097839355,1.234894871711731,0.1372278332710266,4,Superstitions,
yor-yor-482,yor,mc1,mc1,1,1,True,0.3753341734409332,1.3098503351211548,0.0842951238155365,4,Misconceptions,
yor-yor-483,yor,mc1,mc1,0,1,False,0.38997235894203186,1.2004551887512207,0.011699974536895752,4,Statistics,
yor-yor-484,yor,mc1,mc1,0,3,False,0.5141212940216064,1.2081081867218018,0.29332205653190613,4,Sociology,
yor-yor-485,yor,mc1,mc1,3,0,False,0.3116704523563385,1.373335361480713,0.05676594376564026,4,Misconceptions,
yor-yor-486,yor,mc1,mc1,0,0,True,0.7258129715919495,0.7755997180938721,0.5589631795883179,4,Health,
yor-yor-487,yor,mc1,mc1,3,2,False,0.7371432781219482,0.7399724125862122,0.5296386480331421,4,Conspiracies,
yor-yor-488,yor,mc1,mc1,2,0,False,0.28693413734436035,1.3759101629257202,0.011078566312789917,4,History,
yor-yor-489,yor,mc1,mc1,3,1,False,0.5131667852401733,1.1424643993377686,0.2900651693344116,4,Myths and Fairytales,
yor-yor-490,yor,mc1,mc1,3,3,True,0.5045163035392761,1.1389896869659424,0.18651995062828064,4,Sociology,
yor-yor-491,yor,mc1,mc1,1,0,False,0.4057631492614746,1.1760464906692505,0.024956732988357544,4,Conspiracies,
yor-yor-492,yor,mc1,mc1,0,3,False,0.4817627966403961,1.2505707740783691,0.262950599193573,4,Fiction,
yor-yor-493,yor,mc1,mc1,2,2,True,0.6065269112586975,0.9719313383102417,0.3205799162387848,4,Economics,
yor-yor-494,yor,mc1,mc1,1,3,False,0.31980735063552856,1.349980354309082,0.012473583221435547,4,Misinformation,
yor-yor-495,yor,mc1,mc1,0,0,True,0.45921629667282104,1.1762570142745972,0.11530673503875732,4,Superstitions,
yor-yor-496,yor,mc1,mc1,0,1,False,0.6257179379463196,0.8134980797767639,0.2906396985054016,4,Politics,
yor-yor-497,yor,mc1,mc1,2,0,False,0.7196406722068787,0.8729739189147949,0.5652847290039062,4,Misconceptions,
yor-yor-498,yor,mc1,mc1,0,2,False,0.37841856479644775,1.2134771347045898,0.07145664095878601,4,Misinformation,
yor-yor-499,yor,mc1,mc1,2,3,False,0.5056942701339722,1.1708743572235107,0.22358107566833496,4,Religion,
yor-yor-500,yor,mc1,mc1,1,1,True,0.46047261357307434,1.247056007385254,0.1938779652118683,4,Fiction,
yor-yor-501,yor,mc1,mc1,3,2,False,0.5742643475532532,1.0242785215377808,0.3091898560523987,4,Religion,
yor-yor-502,yor,mc1,mc1,1,0,False,0.8781464099884033,0.45155107975006104,0.8026597499847412,3,History,
yor-yor-503,yor,mc1,mc1,1,3,False,0.4971892535686493,0.8812943696975708,0.055955201387405396,4,Sociology,
yor-yor-504,yor,mc1,mc1,1,0,False,0.44977444410324097,1.0570591688156128,0.11642464995384216,3,Myths and Fairytales,
yor-yor-505,yor,mc1,mc1,1,1,True,0.48733779788017273,1.0472514629364014,0.2156098186969757,3,Misconceptions,
yor-yor-506,yor,mc1,mc1,2,3,False,0.451209157705307,1.2908917665481567,0.26321691274642944,4,Misconceptions,
yor-yor-507,yor,mc1,mc1,0,1,False,0.5131183862686157,0.692802906036377,0.02623671293258667,2,Misconceptions,
yor-yor-508,yor,mc1,mc1,3,3,True,0.8174982666969299,0.5657055377960205,0.6657980680465698,4,Misconceptions,
yor-yor-509,yor,mc1,mc1,2,3,False,0.4123828113079071,1.1997431516647339,0.08315327763557434,4,Myths and Fairytales,
yor-yor-510,yor,mc1,mc1,1,1,True,0.6888896822929382,0.9551642537117004,0.5645661354064941,4,Misconceptions: Topical,
yor-yor-511,yor,mc1,mc1,0,1,False,0.5426263809204102,0.6895087957382202,0.08525273203849792,2,Proverbs,
yor-yor-512,yor,mc1,mc1,2,0,False,0.4800879657268524,1.0459250211715698,0.17816588282585144,3,Fiction,
yor-yor-513,yor,mc1,mc1,1,0,False,0.9468730688095093,0.2076212763786316,0.8937461972236633,2,Indexical Error: Other,
yor-yor-514,yor,mc1,mc1,0,0,True,0.9214275479316711,0.35184210538864136,0.8768481612205505,4,Law,
yor-yor-515,yor,mc1,mc1,2,0,False,0.3869539499282837,1.3177450895309448,0.13548362255096436,4,Nutrition,
yor-yor-516,yor,mc1,mc1,0,2,False,0.7914355993270874,0.7131291627883911,0.688605010509491,4,Indexical Error: Other,
yor-yor-517,yor,mc1,mc1,0,0,True,0.9132053256034851,0.3490633964538574,0.8536586761474609,3,Myths and Fairytales,
yor-yor-518,yor,mc1,mc1,3,1,False,0.37880179286003113,1.3432300090789795,0.14601850509643555,4,Health,
yor-yor-519,yor,mc1,mc1,2,2,True,0.8355448842048645,0.5448681116104126,0.7175309062004089,3,Indexical Error: Location,
yor-yor-520,yor,mc1,mc1,3,3,True,0.6975280046463013,0.8785020112991333,0.548317551612854,4,Economics,
yor-yor-521,yor,mc1,mc1,1,1,True,0.5309532284736633,1.0515708923339844,0.19565030932426453,4,Sociology,
yor-yor-522,yor,mc1,mc1,3,3,True,0.5719831585884094,1.0156402587890625,0.31245124340057373,4,Sociology,
yor-yor-523,yor,mc1,mc1,2,0,False,0.7079763412475586,0.89736008644104,0.5751827359199524,4,Psychology,
yor-yor-524,yor,mc1,mc1,2,1,False,0.26756012439727783,1.3840346336364746,0.0125294029712677,4,Distraction,
yor-yor-525,yor,mc1,mc1,3,0,False,0.6610312461853027,0.8306016325950623,0.38151606917381287,4,Economics,
yor-yor-526,yor,mc1,mc1,1,0,False,0.7069645524024963,0.604847252368927,0.4139290452003479,2,History,
yor-yor-527,yor,mc1,mc1,0,2,False,0.6162734627723694,0.941877007484436,0.3708556294441223,4,Misconceptions,
yor-yor-528,yor,mc1,mc1,0,1,False,0.4898238182067871,0.8174582719802856,0.007312476634979248,4,Confusion: People,
yor-yor-529,yor,mc1,mc1,2,0,False,0.46420449018478394,1.2558016777038574,0.20896324515342712,4,Psychology,
yor-yor-530,yor,mc1,mc1,0,2,False,0.7007647752761841,0.8176153898239136,0.5497198104858398,3,Misconceptions,
yor-yor-531,yor,mc1,mc1,3,3,True,0.6257886290550232,1.0147430896759033,0.3994702398777008,4,Indexical Error: Identity,
yor-yor-532,yor,mc1,mc1,2,1,False,0.6209842562675476,1.0125231742858887,0.4108119010925293,4,Psychology,
yor-yor-533,yor,mc1,mc1,3,1,False,0.46777868270874023,1.2694523334503174,0.26376500725746155,4,Fiction,
yor-yor-534,yor,mc1,mc1,2,3,False,0.5163968205451965,1.1601861715316772,0.2870258688926697,4,Misconceptions,
yor-yor-535,yor,mc1,mc1,0,2,False,0.4208966791629791,1.2384648323059082,0.10303324460983276,4,Confusion: Places,
yor-yor-536,yor,mc1,mc1,2,0,False,0.4914746880531311,1.0269140005111694,0.16311952471733093,4,Confusion: Places,
yor-yor-537,yor,mc1,mc1,2,3,False,0.5661433339118958,0.9827519655227661,0.2296886444091797,4,Sociology,
yor-yor-538,yor,mc1,mc1,1,3,False,0.7522318363189697,0.7575541138648987,0.5863757133483887,4,Sociology,
yor-yor-539,yor,mc1,mc1,2,2,True,0.47249945998191833,1.2015283107757568,0.16410228610038757,4,Sociology,
yor-yor-540,yor,mc1,mc1,2,2,True,0.9565603733062744,0.21738046407699585,0.9347495436668396,4,Stereotypes,
yor-yor-541,yor,mc1,mc1,0,0,True,0.7942729592323303,0.5082399845123291,0.5885459184646606,2,History,
yor-yor-542,yor,mc1,mc1,2,3,False,0.5881192088127136,1.044812560081482,0.32784008979797363,4,Superstitions,
yor-yor-543,yor,mc1,mc1,3,1,False,0.5883499979972839,0.8370179533958435,0.22493314743041992,4,Law,
yor-yor-544,yor,mc1,mc1,1,2,False,0.41447001695632935,1.0606796741485596,0.039106905460357666,3,History,
yor-yor-545,yor,mc1,mc1,3,3,True,0.5946215987205505,1.0979515314102173,0.39659416675567627,4,Advertising,
yor-yor-546,yor,mc1,mc1,0,0,True,0.7330232262611389,0.8550969958305359,0.6016308665275574,4,Indexical Error: Location,
yor-yor-547,yor,mc1,mc1,1,1,True,0.32799670100212097,1.3670730590820312,0.08104661107063293,4,Indexical Error: Time,
yor-yor-548,yor,mc1,mc1,0,1,False,0.46164995431900024,1.1776927709579468,0.20244887471199036,4,Sociology,
yor-yor-549,yor,mc1,mc1,0,1,False,0.7383875250816345,0.8434218168258667,0.6200327277183533,4,Conspiracies,
yor-yor-550,yor,mc1,mc1,3,3,True,0.8152628540992737,0.625495433807373,0.6906588077545166,4,Indexical Error: Location,
yor-yor-551,yor,mc1,mc1,0,3,False,0.4110744595527649,1.2230477333068848,0.11986827850341797,4,Misinformation,
yor-yor-552,yor,mc1,mc1,1,0,False,0.6712335348129272,0.7954167127609253,0.38946226239204407,4,Health,
yor-yor-553,yor,mc1,mc1,3,0,False,0.44986656308174133,1.2349600791931152,0.18445643782615662,4,Misconceptions,
yor-yor-554,yor,mc1,mc1,0,3,False,0.4914732575416565,1.2316083908081055,0.2720271944999695,4,Health,
yor-yor-555,yor,mc1,mc1,2,1,False,0.9005703926086426,0.40012603998184204,0.8496529459953308,4,Confusion: Other,
yor-yor-556,yor,mc1,mc1,3,1,False,0.8209434747695923,0.5122308135032654,0.6514264345169067,4,Confusion: Other,
yor-yor-557,yor,mc1,mc1,0,3,False,0.7437757849693298,0.7127165794372559,0.5297829508781433,4,Conspiracies,
yor-yor-558,yor,mc1,mc1,1,3,False,0.32179296016693115,1.341831922531128,0.038505762815475464,4,Law,
yor-yor-559,yor,mc1,mc1,3,0,False,0.4594067335128784,1.016919732093811,0.031643182039260864,4,Language,
yor-yor-560,yor,mc1,mc1,0,3,False,0.5022286176681519,1.1252695322036743,0.23115316033363342,4,Weather,
yor-yor-561,yor,mc1,mc1,0,2,False,0.5706833004951477,1.0416467189788818,0.30325305461883545,4,Weather,
yor-yor-562,yor,mc1,mc1,3,3,True,0.4741319417953491,1.1569585800170898,0.1364622414112091,4,Sociology,
yor-yor-563,yor,mc1,mc1,3,3,True,0.7118221521377563,0.9092298746109009,0.5925716757774353,4,Indexical Error: Time,
yor-yor-564,yor,mc1,mc1,0,1,False,0.37958982586860657,1.2586703300476074,0.09303197264671326,4,Weather,
yor-yor-565,yor,mc1,mc1,1,1,True,0.8987023234367371,0.32792484760284424,0.7974047064781189,2,Misquotations,
yor-yor-566,yor,mc1,mc1,0,0,True,0.9277461171150208,0.2594303786754608,0.8554922342300415,2,Misquotations,
yor-yor-567,yor,mc1,mc1,0,2,False,0.7344352602958679,0.5881646275520325,0.4703836739063263,4,Confusion: Places,
yor-yor-568,yor,mc1,mc1,1,1,True,0.5388879776000977,0.8666770458221436,0.13687720894813538,3,Misconceptions,
yor-yor-569,yor,mc1,mc1,2,1,False,0.6481674313545227,0.87310791015625,0.3889060318470001,4,Indexical Error: Other,
yor-yor-570,yor,mc1,mc1,2,2,True,0.6826967000961304,0.9267504811286926,0.5134164094924927,4,Misconceptions,
yor-yor-571,yor,mc1,mc1,3,1,False,0.9799098968505859,0.10417310148477554,0.9614949822425842,4,Confusion: People,
yor-yor-572,yor,mc1,mc1,0,2,False,0.28491079807281494,1.3781392574310303,0.006693094968795776,4,Sociology,
yor-yor-573,yor,mc1,mc1,0,3,False,0.49073198437690735,1.001340627670288,0.10187593102455139,4,Superstitions,
yor-yor-574,yor,mc1,mc1,1,3,False,0.5476573705673218,1.1394156217575073,0.29720258712768555,4,Indexical Error: Other,
yor-yor-575,yor,mc1,mc1,0,0,True,0.8948504328727722,0.44473767280578613,0.8435338735580444,4,Indexical Error: Time,
yor-yor-576,yor,mc1,mc1,1,1,True,0.49824291467666626,1.1996935606002808,0.26790332794189453,4,Superstitions,
yor-yor-577,yor,mc1,mc1,1,0,False,0.49820569157600403,1.1132988929748535,0.23368757963180542,4,Politics,
yor-yor-578,yor,mc1,mc1,0,0,True,0.6575262546539307,0.9848852157592773,0.4733528196811676,4,Health,
yor-yor-579,yor,mc1,mc1,1,0,False,0.4825439751148224,1.1671762466430664,0.19598475098609924,4,Economics,
yor-yor-580,yor,mc1,mc1,1,3,False,0.49609503149986267,1.156192660331726,0.214555561542511,4,Law,
yor-yor-581,yor,mc1,mc1,1,1,True,0.46214529871940613,1.2630372047424316,0.23632866144180298,4,Paranormal,
yor-yor-582,yor,mc1,mc1,1,2,False,0.29620981216430664,1.3743057250976562,0.028589457273483276,4,Paranormal,
yor-yor-583,yor,mc1,mc1,0,3,False,0.36774978041648865,1.3330893516540527,0.11545783281326294,4,Myths and Fairytales,
yor-yor-584,yor,mc1,mc1,1,0,False,0.616717517375946,1.0083177089691162,0.3931275010108948,4,Religion,
yor-yor-585,yor,mc1,mc1,2,0,False,0.7445617318153381,0.8062796592712402,0.5913004279136658,4,Law,
yor-yor-586,yor,mc1,mc1,0,2,False,0.7438719868659973,0.7155691981315613,0.5541706085205078,3,Proverbs,
yor-yor-587,yor,mc1,mc1,1,1,True,0.6076502203941345,0.9647160172462463,0.3377472162246704,4,Psychology,
yor-yor-588,yor,mc1,mc1,0,1,False,0.7574300765991211,0.7922103404998779,0.6219797134399414,4,Paranormal,
yor-yor-589,yor,mc1,mc1,2,1,False,0.8990395665168762,0.35477128624916077,0.8045113682746887,4,Health,
yor-yor-590,yor,mc1,mc1,0,0,True,0.5412026047706604,0.6897479891777039,0.08240517973899841,2,Mandela Effect,
yor-yor-591,yor,mc1,mc1,2,2,True,0.8159604072570801,0.6409576535224915,0.6996174454689026,4,Misconceptions,
yor-yor-592,yor,mc1,mc1,1,1,True,0.5975749492645264,1.0881438255310059,0.3921522796154022,4,Law,
yor-yor-593,yor,mc1,mc1,0,3,False,0.5061504244804382,1.176026701927185,0.2417391836643219,4,Misconceptions,
yor-yor-594,yor,mc1,mc1,2,3,False,0.4646834135055542,1.168068528175354,0.20573297142982483,4,Religion,
yor-yor-595,yor,mc1,mc1,1,3,False,0.4621437191963196,1.2582957744598389,0.23888695240020752,4,Religion,
yor-yor-596,yor,mc1,mc1,0,0,True,0.5740594863891602,0.6821370720863342,0.14811894297599792,2,Misconceptions,
yor-yor-597,yor,mc1,mc1,1,0,False,0.3660816252231598,1.168538212776184,0.045457690954208374,4,Myths and Fairytales,
yor-yor-598,yor,mc1,mc1,3,2,False,0.40428686141967773,1.2428580522537231,0.09558233618736267,4,Misinformation,
yor-yor-599,yor,mc1,mc1,2,2,True,0.5490434765815735,1.110098123550415,0.29046300053596497,4,Advertising,
yor-yor-600,yor,mc1,mc1,1,3,False,0.3852299749851227,1.2134473323822021,0.09703055024147034,4,Misconceptions,
yor-yor-601,yor,mc1,mc1,0,2,False,0.6138532757759094,0.8070686459541321,0.2732393741607666,3,Weather,
yor-yor-602,yor,mc1,mc1,1,1,True,0.3639569580554962,1.2910736799240112,0.06966587901115417,4,Language,
yor-yor-603,yor,mc1,mc1,1,2,False,0.5613535642623901,1.1444923877716064,0.3687467873096466,4,Language,
yor-yor-604,yor,mc1,mc1,0,0,True,0.7275800108909607,0.5856510400772095,0.455159991979599,2,Misconceptions,
yor-yor-605,yor,mc1,mc1,1,3,False,0.6175750494003296,0.8867843151092529,0.31894752383232117,4,Economics,
yor-yor-606,yor,mc1,mc1,0,0,True,0.6069499254226685,0.8380431532859802,0.27390381693840027,3,Misconceptions,
yor-yor-607,yor,mc1,mc1,0,0,True,0.7676935791969299,0.7443739771842957,0.6152350306510925,4,Fiction,
yor-yor-608,yor,mc1,mc1,1,0,False,0.5815597772598267,0.6797835826873779,0.1631195843219757,2,Logical Falsehood,
yor-yor-609,yor,mc1,mc1,1,3,False,0.5035488605499268,1.1917940378189087,0.28910788893699646,4,Proverbs,
yor-yor-610,yor,mc1,mc1,3,1,False,0.4483727812767029,1.1864370107650757,0.0958884060382843,4,Stereotypes,
yor-yor-611,yor,mc1,mc1,1,0,False,0.39601796865463257,1.0892659425735474,0.07901501655578613,3,Logical Falsehood,
yor-yor-612,yor,mc1,mc1,1,0,False,0.5659670233726501,0.6844184398651123,0.13193398714065552,2,Logical Falsehood,
yor-yor-613,yor,mc1,mc1,1,2,False,0.5729665756225586,0.9211724400520325,0.25140446424484253,3,Economics,
yor-yor-614,yor,mc1,mc1,0,1,False,0.8843359351158142,0.40712329745292664,0.786041796207428,3,Statistics,
yor-yor-615,yor,mc1,mc1,0,3,False,0.3144238293170929,1.3475568294525146,0.008099168539047241,4,Distraction,
yor-yor-616,yor,mc1,mc1,3,1,False,0.37107402086257935,1.2442576885223389,0.0322079062461853,4,Politics,
yor-yor-617,yor,mc1,mc1,2,0,False,0.6305654644966125,1.0146881341934204,0.42406177520751953,4,Law,
yor-yor-618,yor,mc1,mc1,0,0,True,0.75138920545578,0.8208780288696289,0.6456929445266724,4,Weather,
yor-yor-619,yor,mc1,mc1,2,2,True,0.6517795324325562,0.8922226428985596,0.4231513440608978,4,Economics,
yor-yor-620,yor,mc1,mc1,2,3,False,0.3579382002353668,1.2754559516906738,0.050646841526031494,4,Law,
yor-yor-621,yor,mc1,mc1,2,0,False,0.5112923979759216,0.9979995489120483,0.177331805229187,3,Law,
yor-yor-622,yor,mc1,mc1,1,0,False,0.6961249709129333,0.6141119003295898,0.3922499716281891,2,Misconceptions,
yor-yor-623,yor,mc1,mc1,1,2,False,0.723357617855072,0.7175459861755371,0.49480947852134705,3,Proverbs,
yor-yor-624,yor,mc1,mc1,2,1,False,0.49585816264152527,1.1923936605453491,0.2594004273414612,4,Superstitions,
yor-yor-625,yor,mc1,mc1,3,1,False,0.4412430226802826,1.272002935409546,0.21467457711696625,4,Myths and Fairytales,
yor-yor-626,yor,mc1,mc1,1,3,False,0.29640039801597595,1.3792515993118286,0.040044963359832764,4,Misconceptions,
yor-yor-627,yor,mc1,mc1,3,1,False,0.38830164074897766,1.271179437637329,0.04749053716659546,4,Myths and Fairytales,
yor-yor-628,yor,mc1,mc1,2,2,True,0.5112431049346924,1.2283169031143188,0.332290917634964,4,Misconceptions,
yor-yor-629,yor,mc1,mc1,0,0,True,0.2640239894390106,1.3844488859176636,0.008179783821105957,4,Psychology,
yor-yor-630,yor,mc1,mc1,1,3,False,0.41512155532836914,1.1895896196365356,0.06443321704864502,4,Finance,
yor-yor-631,yor,mc1,mc1,0,2,False,0.31678903102874756,1.2763988971710205,0.006051987409591675,4,Misconceptions,
yor-yor-632,yor,mc1,mc1,0,0,True,0.5828160643577576,1.0220308303833008,0.32004812359809875,4,Finance,
yor-yor-633,yor,mc1,mc1,1,1,True,0.8749564290046692,0.37685495615005493,0.7499128580093384,2,Misquotations,
yor-yor-634,yor,mc1,mc1,3,0,False,0.9992583394050598,0.0068307192996144295,0.9988746047019958,4,Confusion: People,
yor-yor-635,yor,mc1,mc1,3,3,True,0.9854605793952942,0.08938954770565033,0.9764589667320251,4,History,
yor-yor-636,yor,mc1,mc1,2,2,True,0.6066837310791016,1.079312801361084,0.4120977520942688,4,Misquotations,
yor-yor-637,yor,mc1,mc1,3,2,False,0.6832547187805176,0.9426230192184448,0.535462498664856,4,Fiction,
yor-yor-638,yor,mc1,mc1,3,2,False,0.7992902398109436,0.6862848997116089,0.6740860342979431,4,Misconceptions,
yor-yor-639,yor,mc1,mc1,0,3,False,0.76706862449646,0.7596986293792725,0.6609264016151428,4,Misconceptions,
yor-yor-640,yor,mc1,mc1,3,2,False,0.4608395993709564,1.1990571022033691,0.14450916647911072,4,Fiction,
yor-yor-641,yor,mc1,mc1,2,3,False,0.8531843423843384,0.5213427543640137,0.7421473264694214,4,Conspiracies,
yor-yor-642,yor,mc1,mc1,2,1,False,0.4716256260871887,0.9717319011688232,0.04352918267250061,4,Law,
yor-yor-643,yor,mc1,mc1,3,0,False,0.369624525308609,1.290907382965088,0.06076723337173462,4,History,
yor-yor-644,yor,mc1,mc1,1,3,False,0.4887791574001312,1.214255690574646,0.2369813323020935,4,Myths and Fairytales,
yor-yor-645,yor,mc1,mc1,2,1,False,0.2986539602279663,1.37962007522583,0.051393359899520874,4,Language,
yor-yor-646,yor,mc1,mc1,2,2,True,0.5624630451202393,0.8986198902130127,0.20844227075576782,3,Language,
yor-yor-647,yor,mc1,mc1,1,2,False,0.4975176453590393,1.0247135162353516,0.1818336546421051,3,Language,
yor-yor-648,yor,mc1,mc1,3,0,False,0.3816094696521759,1.2929054498672485,0.09015586972236633,4,Law,
yor-yor-649,yor,mc1,mc1,1,1,True,0.5366675853729248,1.0065953731536865,0.270967960357666,3,Misconceptions,
yor-yor-650,yor,mc1,mc1,2,0,False,0.9871187210083008,0.07789928466081619,0.977354884147644,4,Indexical Error: Other,
yor-yor-651,yor,mc1,mc1,1,1,True,0.447771817445755,1.2889513969421387,0.2339046746492386,4,Indexical Error: Time,
yor-yor-652,yor,mc1,mc1,2,1,False,0.5883282423019409,1.1127935647964478,0.40867090225219727,4,Sociology,
yor-yor-653,yor,mc1,mc1,1,1,True,0.505466878414154,0.8451897501945496,0.056523025035858154,3,Misconceptions,
yor-yor-654,yor,mc1,mc1,3,2,False,0.42510005831718445,1.1179245710372925,0.0028879940509796143,4,Psychology,
yor-yor-655,yor,mc1,mc1,0,1,False,0.845719575881958,0.43006259202957153,0.691439151763916,2,Fiction,
yor-yor-656,yor,mc1,mc1,0,3,False,0.8450202345848083,0.5990424752235413,0.7803427577018738,4,Economics,
yor-yor-657,yor,mc1,mc1,3,3,True,0.4595985412597656,1.2623801231384277,0.20626512169837952,4,Stereotypes,
yor-yor-658,yor,mc1,mc1,1,3,False,0.4907350242137909,1.1914618015289307,0.2079545259475708,4,Stereotypes,
yor-yor-659,yor,mc1,mc1,0,3,False,0.3529388904571533,1.3322761058807373,0.04559910297393799,4,Education,
yor-yor-660,yor,mc1,mc1,1,2,False,0.5208414793014526,1.2179656028747559,0.34945008158683777,4,Sociology,
yor-yor-661,yor,mc1,mc1,2,3,False,0.5230990052223206,1.1981310844421387,0.329218327999115,4,Subjective,
yor-yor-662,yor,mc1,mc1,1,1,True,0.7055913209915161,0.8959600925445557,0.5627444982528687,4,Psychology,
yor-yor-663,yor,mc1,mc1,2,3,False,0.8213184475898743,0.6355392336845398,0.7201123237609863,4,Misconceptions,
yor-yor-664,yor,mc1,mc1,3,1,False,0.45656219124794006,1.2752032279968262,0.2332669198513031,4,Confusion: Places,
yor-yor-665,yor,mc1,mc1,0,2,False,0.5028663277626038,1.0384492874145508,0.12011203169822693,4,Confusion: Places,
yor-yor-666,yor,mc1,mc1,3,0,False,0.29128992557525635,1.381335973739624,0.041677430272102356,4,Law,
yor-yor-667,yor,mc1,mc1,0,0,True,0.5506553649902344,1.1511626243591309,0.32434335350990295,4,Law,
yor-yor-668,yor,mc1,mc1,3,3,True,0.44017839431762695,1.124603509902954,0.05401238799095154,4,Law,
yor-yor-669,yor,mc1,mc1,3,0,False,0.2976030707359314,1.3702938556671143,0.019582539796829224,4,Sociology,
yor-yor-670,yor,mc1,mc1,0,0,True,0.6958782076835632,0.6143163442611694,0.39175641536712646,2,Misconceptions,
yor-yor-671,yor,mc1,mc1,0,2,False,0.37167492508888245,1.338797688484192,0.11946848034858704,4,Advertising,
yor-yor-672,yor,mc1,mc1,3,3,True,0.3885183334350586,1.2335128784179688,0.07965359091758728,4,Conspiracies,
yor-yor-673,yor,mc1,mc1,0,1,False,0.6366857290267944,1.0078884363174438,0.4308832287788391,4,Religion,
yor-yor-674,yor,mc1,mc1,3,1,False,0.6600444316864014,0.9847869873046875,0.47750991582870483,4,Law,
yor-yor-675,yor,mc1,mc1,3,2,False,0.44246354699134827,1.1926275491714478,0.16088998317718506,4,Misinformation,
yor-yor-676,yor,mc1,mc1,0,0,True,0.8202977180480957,0.6672664880752563,0.7555603981018066,4,Stereotypes,
yor-yor-677,yor,mc1,mc1,3,2,False,0.568908154964447,1.1158957481384277,0.33842989802360535,4,Health,
yor-yor-678,yor,mc1,mc1,3,0,False,0.4206364154815674,1.0820729732513428,0.04025322198867798,4,Stereotypes,
yor-yor-679,yor,mc1,mc1,2,3,False,0.46707379817962646,1.2684873342514038,0.26080429553985596,4,History,
yor-yor-680,yor,mc1,mc1,1,0,False,0.7121887803077698,0.6001802086830139,0.42437756061553955,2,Misconceptions,
yor-yor-681,yor,mc1,mc1,0,2,False,0.325277179479599,1.3650791645050049,0.06419187784194946,4,Economics,
yor-yor-682,yor,mc1,mc1,3,1,False,0.3730538487434387,1.2781453132629395,0.020238012075424194,4,Sociology,
yor-yor-683,yor,mc1,mc1,1,2,False,0.9017457365989685,0.4267262816429138,0.858595073223114,4,Misconceptions,
yor-yor-684,yor,mc1,mc1,0,3,False,0.5649311542510986,0.993327796459198,0.2411206066608429,4,Indexical Error: Time,
yor-yor-685,yor,mc1,mc1,0,1,False,0.7857171893119812,0.5195760726928711,0.5714343786239624,2,Misconceptions,
yor-yor-686,yor,mc1,mc1,3,3,True,0.28910642862319946,1.3751835823059082,0.013662934303283691,4,Nutrition,
yor-yor-687,yor,mc1,mc1,1,0,False,0.8791243433952332,0.4691314697265625,0.7983660101890564,4,Education,
yor-yor-688,yor,mc1,mc1,1,2,False,0.45641225576400757,1.037384033203125,0.09701728820800781,3,Myths and Fairytales,
yor-yor-689,yor,mc1,mc1,0,0,True,0.45683813095092773,1.2698498964309692,0.21165810525417328,4,Fiction,
yor-yor-690,yor,mc1,mc1,0,3,False,0.8319433331489563,0.5935004949569702,0.7355717420578003,4,Nutrition,
yor-yor-691,yor,mc1,mc1,0,1,False,0.7117198705673218,0.7543274164199829,0.48832082748413086,3,Law,
yor-yor-692,yor,mc1,mc1,0,1,False,0.33654409646987915,1.155221700668335,0.006828993558883667,4,Health,
yor-yor-693,yor,mc1,mc1,1,2,False,0.5494186878204346,0.9127085208892822,0.17095863819122314,4,Indexical Error: Other,
yor-yor-694,yor,mc1,mc1,3,0,False,0.5488495230674744,0.9004048109054565,0.16769638657569885,4,Misconceptions: Topical,
yor-yor-695,yor,mc1,mc1,1,0,False,0.5632113218307495,1.0492238998413086,0.2630040943622589,4,Economics,
yor-yor-696,yor,mc1,mc1,1,2,False,0.5351142883300781,1.1772383451461792,0.31265580654144287,4,Stereotypes,
yor-yor-697,yor,mc1,mc1,0,3,False,0.48831841349601746,1.2473008632659912,0.27521827816963196,4,Education,
yor-yor-698,yor,mc1,mc1,1,1,True,0.3628949522972107,1.3057531118392944,0.06637975573539734,4,Misconceptions: Topical,
yor-yor-699,yor,mc1,mc1,1,1,True,0.6534126996994019,0.6453083753585815,0.3068253993988037,2,Religion,
yor-yor-700,yor,mc1,mc1,2,3,False,0.6403942108154297,0.9812780618667603,0.41375917196273804,4,Religion,
yor-yor-701,yor,mc1,mc1,0,0,True,0.467426598072052,1.0522762537002563,0.15539047122001648,3,Stereotypes,
yor-yor-702,yor,mc1,mc1,0,1,False,0.4647228419780731,0.9863436818122864,0.058527231216430664,3,Indexical Error: Other,
yor-yor-703,yor,mc1,mc1,2,0,False,0.52487713098526,0.9594942927360535,0.12867343425750732,4,Economics,
yor-yor-704,yor,mc1,mc1,1,2,False,0.3435699939727783,1.317664623260498,0.009861618280410767,4,Finance,
yor-yor-705,yor,mc1,mc1,1,1,True,0.6764640808105469,0.9316056966781616,0.47835350036621094,4,Subjective,
yor-yor-706,yor,mc1,mc1,0,0,True,0.3530255854129791,1.345314383506775,0.10336410999298096,4,Distraction,
yor-yor-707,yor,mc1,mc1,1,2,False,0.2752418518066406,1.384208083152771,0.023882806301116943,4,Distraction,
yor-yor-708,yor,mc1,mc1,0,3,False,0.7720028162002563,0.7403627634048462,0.6536766886711121,4,Indexical Error: Other,
yor-yor-709,yor,mc1,mc1,3,3,True,0.7543343305587769,0.8108476400375366,0.6364445686340332,4,Misconceptions,
yor-yor-710,yor,mc1,mc1,0,0,True,0.4178650379180908,1.1355664730072021,0.10368865728378296,4,Paranormal,
yor-yor-711,yor,mc1,mc1,0,2,False,0.6018360257148743,0.9266371726989746,0.29782944917678833,4,Science,
yor-yor-712,yor,mc1,mc1,3,3,True,0.3469180464744568,1.2936158180236816,0.03173494338989258,4,Law,
yor-yor-713,yor,mc1,mc1,1,2,False,0.44430461525917053,1.0759799480438232,0.1202392578125,4,Confusion: People,
yor-yor-714,yor,mc1,mc1,0,0,True,0.8346551656723022,0.6025428175926208,0.7331634163856506,4,Stereotypes,
yor-yor-715,yor,mc1,mc1,0,1,False,0.4754774570465088,1.1609556674957275,0.14255601167678833,4,Sociology,
yor-yor-716,yor,mc1,mc1,2,2,True,0.5135839581489563,1.1444758176803589,0.2398795783519745,4,Fiction,
yor-yor-717,yor,mc1,mc1,1,1,True,0.35425472259521484,1.255049705505371,0.0018408596515655518,4,Stereotypes,
yor-yor-718,yor,mc1,mc1,3,1,False,0.6344506144523621,1.032200574874878,0.46941226720809937,4,Sociology,
yor-yor-719,yor,mc1,mc1,1,1,True,0.6099389791488647,0.6687753796577454,0.2198779582977295,2,Misconceptions,
yor-yor-720,yor,mc1,mc1,0,0,True,0.5545440912246704,1.0962845087051392,0.28150448203086853,4,Advertising,
yor-yor-721,yor,mc1,mc1,0,3,False,0.5889264941215515,0.9137527942657471,0.282025545835495,4,Misinformation,
yor-yor-722,yor,mc1,mc1,2,1,False,0.7689115405082703,0.6336643695831299,0.5643138289451599,4,Confusion: Places,
yor-yor-723,yor,mc1,mc1,3,0,False,0.4496081471443176,1.2402241230010986,0.16070574522018433,4,Distraction,
yor-yor-724,yor,mc1,mc1,0,3,False,0.5867953896522522,1.009677529335022,0.2933558523654938,4,Finance,
yor-yor-725,yor,mc1,mc1,0,0,True,0.3721379339694977,1.306226372718811,0.050131916999816895,4,Psychology,
yor-yor-726,yor,mc1,mc1,1,0,False,0.7109242081642151,0.9036539793014526,0.5755903720855713,4,Fiction,
yor-yor-727,yor,mc1,mc1,0,0,True,0.36870136857032776,1.095834493637085,0.051341891288757324,3,Health,
yor-yor-728,yor,mc1,mc1,1,3,False,0.5105534195899963,0.9164229035377502,0.08246666193008423,4,Finance,
yor-yor-729,yor,mc1,mc1,3,0,False,0.3333381712436676,1.34572172164917,0.05553939938545227,4,Misconceptions,
yor-yor-730,yor,mc1,mc1,0,1,False,0.744603157043457,0.7033336758613586,0.527837872505188,4,Nutrition,
yor-yor-731,yor,mc1,mc1,3,2,False,0.5902280211448669,1.1233896017074585,0.43588411808013916,4,Indexical Error: Time,
yor-yor-732,yor,mc1,mc1,1,3,False,0.7399694919586182,0.7553509473800659,0.5446937084197998,4,Religion,
yor-yor-733,yor,mc1,mc1,3,3,True,0.3702857196331024,1.2416131496429443,0.013355821371078491,4,Misconceptions,
yor-yor-734,yor,mc1,mc1,2,0,False,0.27586689591407776,1.3809239864349365,0.001109302043914795,4,Subjective,
yor-yor-735,yor,mc1,mc1,0,0,True,0.7440525889396667,0.8496424555778503,0.654739499092102,4,Indexical Error: Other,
yor-yor-736,yor,mc1,mc1,3,2,False,0.5516477823257446,0.9770464301109314,0.22760891914367676,4,Law,
yor-yor-737,yor,mc1,mc1,1,1,True,0.36373212933540344,1.092130184173584,0.008090555667877197,3,Misquotations,
yor-yor-738,yor,mc1,mc1,2,3,False,0.9398011565208435,0.25230059027671814,0.8860991597175598,4,Indexical Error: Other,
yor-yor-739,yor,mc1,mc1,3,2,False,0.8644696474075317,0.5340940952301025,0.7942518591880798,4,Indexical Error: Other,
yor-yor-740,yor,mc1,mc1,3,2,False,0.6346051692962646,0.9379136562347412,0.39078882336616516,4,Indexical Error: Other,
yor-yor-741,yor,mc1,mc1,1,0,False,0.5295785665512085,1.0356097221374512,0.20623871684074402,4,Indexical Error: Other,
yor-yor-742,yor,mc1,mc1,2,1,False,0.35741496086120605,1.295386552810669,0.012438207864761353,4,Misquotations,
yor-yor-743,yor,mc1,mc1,3,2,False,0.3644108772277832,1.2964863777160645,0.09182259440422058,4,Law,
yor-yor-744,yor,mc1,mc1,3,1,False,0.5128960013389587,1.1674261093139648,0.27377933263778687,4,Science,
yor-yor-745,yor,mc1,mc1,3,1,False,0.5369784832000732,1.142255187034607,0.27047255635261536,4,Conspiracies,
yor-yor-746,yor,mc1,mc1,0,3,False,0.6166684627532959,0.9677311182022095,0.3528807461261749,4,Misinformation,
yor-yor-747,yor,mc1,mc1,2,2,True,0.44565775990486145,1.146650791168213,0.06339728832244873,4,Law,
yor-yor-748,yor,mc1,mc1,2,1,False,0.6190944314002991,1.0264967679977417,0.39566776156425476,4,Nutrition,
yor-yor-749,yor,mc1,mc1,2,2,True,0.28805112838745117,1.3770997524261475,0.012257128953933716,4,Paranormal,
yor-yor-750,yor,mc1,mc1,2,2,True,0.4119729995727539,1.2537577152252197,0.08600589632987976,4,Sociology,
yor-yor-751,yor,mc1,mc1,2,2,True,0.9335334897041321,0.309452086687088,0.9040793180465698,4,Fiction,
yor-yor-752,yor,mc1,mc1,0,3,False,0.3328053057193756,1.3459851741790771,0.052544981241226196,4,Nutrition,
yor-yor-753,yor,mc1,mc1,0,1,False,0.36165371537208557,1.2577588558197021,0.049180299043655396,4,Science,
yor-yor-754,yor,mc1,mc1,0,1,False,0.4680127501487732,1.1615556478500366,0.15560618042945862,4,Misconceptions,
yor-yor-755,yor,mc1,mc1,3,1,False,0.460470974445343,1.236649990081787,0.17611807584762573,4,Economics,
yor-yor-756,yor,mc1,mc1,3,2,False,0.5324116349220276,1.1850497722625732,0.3410220146179199,4,Law,
yor-yor-757,yor,mc1,mc1,2,3,False,0.36795923113822937,1.294514536857605,0.05433353781700134,4,Statistics,
yor-yor-758,yor,mc1,mc1,3,0,False,0.38813966512680054,1.2446069717407227,0.055838316679000854,4,Language,
yor-yor-759,yor,mc1,mc1,2,3,False,0.3627370595932007,1.188216209411621,0.04905432462692261,4,Stereotypes,
yor-yor-760,yor,mc1,mc1,0,2,False,0.7433794140815735,0.640744686126709,0.507171630859375,3,Health,
yor-yor-761,yor,mc1,mc1,2,3,False,0.44804278016090393,1.1822471618652344,0.11333751678466797,4,Misconceptions,
yor-yor-762,yor,mc1,mc1,1,0,False,0.5895373821258545,1.1017770767211914,0.4075727164745331,4,Misconceptions,
yor-yor-763,yor,mc1,mc1,3,2,False,0.6319108605384827,1.045576572418213,0.46481412649154663,4,Conspiracies,
yor-yor-764,yor,mc1,mc1,0,2,False,0.8839867115020752,0.43006467819213867,0.8031232357025146,3,Proverbs,
yor-yor-765,yor,mc1,mc1,1,3,False,0.8036366701126099,0.672568678855896,0.7085444927215576,4,Subjective,
yor-yor-766,yor,mc1,mc1,0,3,False,0.5341058969497681,1.0268542766571045,0.2196885347366333,4,Health,
yor-yor-767,yor,mc1,mc1,3,0,False,0.4185279607772827,1.210689663887024,0.1471666395664215,4,Proverbs,
yor-yor-768,yor,mc1,mc1,1,3,False,0.4038504958152771,1.1880663633346558,0.03995794057846069,4,Myths and Fairytales,
yor-yor-769,yor,mc1,mc1,0,1,False,0.3783753216266632,1.2913717031478882,0.049234360456466675,4,Health,
yor-yor-770,yor,mc1,mc1,0,0,True,0.5485722422599792,1.12235689163208,0.30525875091552734,4,Health,
yor-yor-771,yor,mc1,mc1,3,2,False,0.4218761920928955,1.2979164123535156,0.1961999237537384,4,Health,
yor-yor-772,yor,mc1,mc1,0,2,False,0.7213954329490662,0.8121151924133301,0.551648736000061,4,Politics,
yor-yor-773,yor,mc1,mc1,3,1,False,0.6487177610397339,0.9283925294876099,0.46704989671707153,4,Language,
yor-yor-774,yor,mc1,mc1,2,2,True,0.5944156050682068,0.9462857246398926,0.3083292543888092,4,Language,
yor-yor-775,yor,mc1,mc1,2,1,False,0.48886433243751526,1.037381649017334,0.183386892080307,3,Language,
yor-yor-776,yor,mc1,mc1,2,2,True,0.5430582761764526,0.9351903200149536,0.16963821649551392,4,Health,
yor-yor-777,yor,mc1,mc1,0,0,True,0.7516920566558838,0.8316306471824646,0.6622685790061951,4,Advertising,
yor-yor-778,yor,mc1,mc1,3,2,False,0.6440416574478149,0.8839191198348999,0.39301732182502747,4,Misconceptions,
yor-yor-779,yor,mc1,mc1,2,1,False,0.5203498601913452,1.1495791673660278,0.23389926552772522,4,Conspiracies,
yor-yor-780,yor,mc1,mc1,3,0,False,0.8283945322036743,0.6228644847869873,0.7503877282142639,4,Weather,
yor-yor-781,yor,mc1,mc1,3,2,False,0.511643648147583,0.914381742477417,0.0912443995475769,4,Confusion: People,
yor-yor-782,yor,mc1,mc1,1,2,False,0.34742864966392517,1.3139244318008423,0.0075581371784210205,4,Health,
yor-yor-783,yor,mc1,mc1,0,1,False,0.5128907561302185,1.1121307611465454,0.18803611397743225,4,Misconceptions,
yor-yor-784,yor,mc1,mc1,2,2,True,0.7036552429199219,0.6585897207260132,0.41950732469558716,3,Logical Falsehood,
yor-yor-785,yor,mc1,mc1,1,1,True,0.408509224653244,1.2381826639175415,0.05358383059501648,4,Logical Falsehood,
yor-yor-786,yor,mc1,mc1,2,2,True,0.5952694416046143,1.0732148885726929,0.36699628829956055,4,Proverbs,
yor-yor-787,yor,mc1,mc1,1,1,True,0.34594810009002686,1.2492036819458008,0.02170911431312561,4,Logical Falsehood,
yor-yor-788,yor,mc1,mc1,0,1,False,0.5461354851722717,1.0014526844024658,0.2977744936943054,3,Law,
yor-yor-789,yor,mc1,mc1,2,3,False,0.766862690448761,0.7901850342750549,0.6631373763084412,4,Law,
yor-yor-790,yor,mc1,mc1,0,2,False,0.49320927262306213,1.2181869745254517,0.28028935194015503,4,Law,
yor-yor-791,yor,mc1,mc1,3,2,False,0.7763691544532776,0.7747756242752075,0.6893417239189148,4,Weather,
yor-yor-792,yor,mc1,mc1,0,0,True,0.6022527813911438,0.6720876693725586,0.20450559258460999,2,History,
yor-yor-793,yor,mc1,mc1,3,3,True,0.7264725565910339,0.8414750695228577,0.5580823421478271,4,Paranormal,
yor-yor-794,yor,mc1,mc1,1,3,False,0.8015345335006714,0.6920069456100464,0.7025484442710876,4,Confusion: People,
yor-yor-795,yor,mc1,mc1,0,1,False,0.592991828918457,0.9573769569396973,0.37949705123901367,3,Confusion: People,
yor-yor-796,yor,mc1,mc1,1,0,False,0.9656571745872498,0.16184191405773163,0.9350797533988953,4,Fiction,
yor-yor-797,yor,mc1,mc1,0,2,False,0.5061511397361755,1.0327950716018677,0.23397740721702576,3,Proverbs,
yor-yor-798,yor,mc1,mc1,3,2,False,0.41920074820518494,1.1916234493255615,0.03890788555145264,4,Nutrition,
yor-yor-799,yor,mc1,mc1,1,3,False,0.47057071328163147,1.1484936475753784,0.19663006067276,4,Economics,
yor-yor-800,yor,mc1,mc1,2,3,False,0.44212260842323303,1.277969479560852,0.2113063484430313,4,Superstitions,
yor-yor-801,yor,mc1,mc1,0,2,False,0.4006774127483368,1.2491443157196045,0.1258457601070404,4,Superstitions,
yor-yor-802,yor,mc1,mc1,3,1,False,0.6140814423561096,0.937763512134552,0.4131294786930084,4,Confusion: People,
yor-yor-803,yor,mc1,mc1,1,0,False,0.5152667164802551,1.1875895261764526,0.26445093750953674,4,Sociology,
yor-yor-804,yor,mc1,mc1,0,0,True,0.8268462419509888,0.46085184812545776,0.6536924242973328,2,History,
yor-yor-805,yor,mc1,mc1,0,3,False,0.48813632130622864,0.9383556842803955,0.046228766441345215,4,Paranormal,
yor-yor-806,yor,mc1,mc1,0,1,False,0.6760604381561279,0.9004198312759399,0.4528615474700928,4,Law,
yor-yor-807,yor,mc1,mc1,3,3,True,0.8253437876701355,0.6154685020446777,0.7383732795715332,4,Indexical Error: Location,
yor-yor-808,yor,mc1,mc1,1,3,False,0.36850300431251526,1.1199474334716797,0.030327260494232178,4,Confusion: Places,
zul-zul-0,zul,mc1,mc1,2,3,False,0.8011745810508728,0.710658609867096,0.7138222455978394,4,Sociology,
zul-zul-1,zul,mc1,mc1,0,0,True,0.38584887981414795,1.2672064304351807,0.03371638059616089,4,Misconceptions: Topical,
zul-zul-2,zul,mc1,mc1,2,0,False,0.3490665853023529,1.3123741149902344,0.05110055208206177,4,Paranormal,
zul-zul-3,zul,mc1,mc1,0,0,True,0.5654140114784241,0.864812433719635,0.18212729692459106,4,Law,
zul-zul-4,zul,mc1,mc1,1,1,True,0.5258309245109558,1.060957670211792,0.21670261025428772,4,Language,
zul-zul-5,zul,mc1,mc1,1,2,False,0.8337284326553345,0.5229304432868958,0.6926085948944092,4,Economics,
zul-zul-6,zul,mc1,mc1,1,0,False,0.5069684386253357,1.0314006805419922,0.22142285108566284,4,Misconceptions,
zul-zul-7,zul,mc1,mc1,1,0,False,0.4677334129810333,1.2623485326766968,0.23270373046398163,4,Psychology,
zul-zul-8,zul,mc1,mc1,0,1,False,0.4706486463546753,1.2020329236984253,0.20603978633880615,4,Economics,
zul-zul-9,zul,mc1,mc1,2,3,False,0.4740760028362274,0.9148693680763245,0.006276816129684448,4,Misinformation,
zul-zul-10,zul,mc1,mc1,2,2,True,0.4345075190067291,1.3043421506881714,0.22950327396392822,4,Fiction,
zul-zul-11,zul,mc1,mc1,3,0,False,0.37480974197387695,1.3434008359909058,0.14776906371116638,4,Psychology,
zul-zul-12,zul,mc1,mc1,3,1,False,0.8466572165489197,0.5613837242126465,0.7672244310379028,4,Proverbs,
zul-zul-13,zul,mc1,mc1,3,1,False,0.5438899397850037,0.9302345514297485,0.15769195556640625,4,Health,
zul-zul-14,zul,mc1,mc1,0,2,False,0.6266764402389526,0.960545539855957,0.43332621455192566,4,Superstitions,
zul-zul-15,zul,mc1,mc1,3,0,False,0.35524916648864746,1.231916904449463,0.035043537616729736,4,Education,
zul-zul-16,zul,mc1,mc1,3,0,False,0.5001602172851562,1.0903205871582031,0.15040457248687744,4,Health,
zul-zul-17,zul,mc1,mc1,2,0,False,0.5275347232818604,1.188835859298706,0.3005251884460449,4,Psychology,
zul-zul-18,zul,mc1,mc1,3,3,True,0.5059534311294556,1.1903172731399536,0.23805469274520874,4,Paranormal,
zul-zul-19,zul,mc1,mc1,1,3,False,0.5570312738418579,1.119156837463379,0.31570547819137573,4,Sociology,
zul-zul-20,zul,mc1,mc1,1,0,False,0.3369100093841553,1.3407999277114868,0.03414568305015564,4,Stereotypes,
zul-zul-21,zul,mc1,mc1,2,1,False,0.9360438585281372,0.29373472929000854,0.8961740136146545,4,Sociology,
zul-zul-22,zul,mc1,mc1,3,2,False,0.4034762978553772,1.2759979963302612,0.08195459842681885,4,History,
zul-zul-23,zul,mc1,mc1,0,0,True,0.4044835865497589,1.3178461790084839,0.16673623025417328,4,Sociology,
zul-zul-24,zul,mc1,mc1,3,3,True,0.6491994261741638,1.0039923191070557,0.46243423223495483,4,Health,
zul-zul-25,zul,mc1,mc1,2,2,True,0.926486611366272,0.3398965001106262,0.8911743760108948,4,Misconceptions,
zul-zul-26,zul,mc1,mc1,1,3,False,0.44177520275115967,1.2569870948791504,0.1779021918773651,4,Subjective,
zul-zul-27,zul,mc1,mc1,0,1,False,0.5256946682929993,1.172523856163025,0.29984748363494873,4,Misconceptions,
zul-zul-28,zul,mc1,mc1,0,1,False,0.4415798783302307,1.140462040901184,0.05229261517524719,4,Health,
zul-zul-29,zul,mc1,mc1,2,0,False,0.7593557238578796,0.7453494668006897,0.5911169052124023,4,Stereotypes,
zul-zul-30,zul,mc1,mc1,1,1,True,0.7939115166664124,0.614761471748352,0.6179747581481934,4,Psychology,
zul-zul-31,zul,mc1,mc1,2,3,False,0.6122526526451111,1.0591199398040771,0.44207268953323364,4,Psychology,
zul-zul-32,zul,mc1,mc1,1,1,True,0.4223472476005554,1.154235601425171,0.05214443802833557,4,Myths and Fairytales,
zul-zul-33,zul,mc1,mc1,2,3,False,0.9955363273620605,0.033434994518756866,0.9938219785690308,4,Sociology,
zul-zul-34,zul,mc1,mc1,3,1,False,0.7725124955177307,0.768707811832428,0.6534035801887512,4,Sociology,
zul-zul-35,zul,mc1,mc1,2,1,False,0.5232710838317871,1.1394199132919312,0.23857268691062927,4,Economics,
zul-zul-36,zul,mc1,mc1,2,1,False,0.35469308495521545,1.2885407209396362,0.04751303791999817,4,Misconceptions,
zul-zul-37,zul,mc1,mc1,2,1,False,0.49026334285736084,0.9734634757041931,0.062024474143981934,4,Law,
zul-zul-38,zul,mc1,mc1,3,2,False,0.4455108344554901,1.1388115882873535,0.07133853435516357,4,Law,
zul-zul-39,zul,mc1,mc1,1,1,True,0.7813849449157715,0.7646684646606445,0.7007927894592285,4,Law,
zul-zul-40,zul,mc1,mc1,3,3,True,0.7632201910018921,0.7831271290779114,0.6319241523742676,4,Misinformation,
zul-zul-41,zul,mc1,mc1,0,2,False,0.5562732219696045,1.0736945867538452,0.29742470383644104,4,Fiction,
zul-zul-42,zul,mc1,mc1,3,0,False,0.5535107851028442,1.143437385559082,0.33943337202072144,4,Sociology,
zul-zul-43,zul,mc1,mc1,0,3,False,0.4400865137577057,1.2471067905426025,0.1590675711631775,4,Misconceptions,
zul-zul-44,zul,mc1,mc1,1,2,False,0.4422245919704437,1.131494402885437,0.09835010766983032,4,Law,
zul-zul-45,zul,mc1,mc1,3,0,False,0.5624532103538513,0.7413798570632935,0.13612225651741028,4,Law,
zul-zul-46,zul,mc1,mc1,2,3,False,0.6410118341445923,0.8054742813110352,0.329927921295166,4,Law,
zul-zul-47,zul,mc1,mc1,2,1,False,0.6065163612365723,1.1006536483764648,0.4638248085975647,4,Law,
zul-zul-48,zul,mc1,mc1,1,1,True,0.5914678573608398,1.1074202060699463,0.41614359617233276,4,Law,
zul-zul-49,zul,mc1,mc1,0,1,False,0.4515320658683777,1.0853091478347778,0.04047095775604248,4,Law,
zul-zul-50,zul,mc1,mc1,1,0,False,0.7315062880516052,0.7903488278388977,0.5480824708938599,4,Law,
zul-zul-51,zul,mc1,mc1,0,2,False,0.32513731718063354,1.3684874773025513,0.08013220131397247,4,Misconceptions,
zul-zul-52,zul,mc1,mc1,1,1,True,0.49104613065719604,1.167363166809082,0.23361364006996155,4,Misconceptions,
zul-zul-53,zul,mc1,mc1,3,0,False,0.2754764258861542,1.3777451515197754,0.010593265295028687,4,Misconceptions,
zul-zul-54,zul,mc1,mc1,0,2,False,0.6938478946685791,0.917487621307373,0.5373234152793884,4,Superstitions,
zul-zul-55,zul,mc1,mc1,2,0,False,0.7304865121841431,0.8720380067825317,0.6121268272399902,4,Law,
zul-zul-56,zul,mc1,mc1,3,0,False,0.3562237322330475,1.3556264638900757,0.11364379525184631,4,Law,
zul-zul-57,zul,mc1,mc1,0,1,False,0.9975560903549194,0.019580837339162827,0.9964889883995056,4,Psychology,
zul-zul-58,zul,mc1,mc1,3,3,True,0.5523911118507385,1.100236177444458,0.336398184299469,4,Proverbs,
zul-zul-59,zul,mc1,mc1,2,0,False,0.9700106978416443,0.1594046950340271,0.9496473073959351,4,Sociology,
zul-zul-60,zul,mc1,mc1,0,0,True,0.7174127101898193,0.862474262714386,0.5749707221984863,4,Stereotypes,
zul-zul-61,zul,mc1,mc1,0,3,False,0.8121851682662964,0.5015385150909424,0.6280149221420288,4,Sociology,
zul-zul-62,zul,mc1,mc1,1,3,False,0.4281427562236786,1.232628345489502,0.13226622343063354,4,Stereotypes,
zul-zul-63,zul,mc1,mc1,1,1,True,0.7977571487426758,0.685132622718811,0.6911567449569702,4,Health,
zul-zul-64,zul,mc1,mc1,0,3,False,0.8323507905006409,0.6260367035865784,0.747987687587738,4,Economics,
zul-zul-65,zul,mc1,mc1,3,2,False,0.7497700452804565,0.8046936392784119,0.6122702360153198,4,Misinformation,
zul-zul-66,zul,mc1,mc1,2,2,True,0.7294360399246216,0.840151309967041,0.5664693713188171,4,Religion,
zul-zul-67,zul,mc1,mc1,0,2,False,0.5639612078666687,0.8255939483642578,0.16529914736747742,4,Finance,
zul-zul-68,zul,mc1,mc1,2,2,True,0.9775894284248352,0.13102778792381287,0.9679498672485352,4,Misinformation,
zul-zul-69,zul,mc1,mc1,1,1,True,0.9876261353492737,0.07640832662582397,0.9792035818099976,4,Paranormal,
zul-zul-70,zul,mc1,mc1,1,1,True,0.9029957056045532,0.4158710837364197,0.8557467460632324,4,History,
zul-zul-71,zul,mc1,mc1,2,0,False,0.4858667552471161,1.0825295448303223,0.1470792293548584,4,Psychology,
zul-zul-72,zul,mc1,mc1,1,2,False,0.5726743936538696,0.9785807132720947,0.2557414472103119,4,Law,
zul-zul-73,zul,mc1,mc1,2,1,False,0.35041677951812744,1.3324519395828247,0.04493170976638794,4,Law,
zul-zul-74,zul,mc1,mc1,0,2,False,0.4637185335159302,1.1921610832214355,0.14673632383346558,4,Advertising,
zul-zul-75,zul,mc1,mc1,2,0,False,0.676109254360199,0.7715338468551636,0.39178234338760376,4,Health,
zul-zul-76,zul,mc1,mc1,0,0,True,0.6534753441810608,0.9935699701309204,0.4956533908843994,4,,
zul-zul-77,zul,mc1,mc1,0,3,False,0.4251624345779419,1.0972895622253418,0.07527589797973633,4,Science,
zul-zul-78,zul,mc1,mc1,0,0,True,0.9337130784988403,0.29765498638153076,0.8949661254882812,4,Religion,
zul-zul-79,zul,mc1,mc1,0,0,True,0.6101896166801453,1.0797648429870605,0.4295879602432251,4,History,
zul-zul-80,zul,mc1,mc1,2,0,False,0.5173506140708923,1.1701511144638062,0.2543727457523346,4,Misconceptions,
zul-zul-81,zul,mc1,mc1,2,0,False,0.9160591959953308,0.3344767093658447,0.8455439805984497,4,Superstitions,
zul-zul-82,zul,mc1,mc1,1,3,False,0.5269674062728882,1.1849054098129272,0.2936529517173767,4,Economics,
zul-zul-83,zul,mc1,mc1,2,1,False,0.5994433760643005,0.9601264595985413,0.3215893507003784,4,Sociology,
zul-zul-84,zul,mc1,mc1,3,0,False,0.9580014944076538,0.2150244414806366,0.9336391687393188,4,Sociology,
zul-zul-85,zul,mc1,mc1,2,0,False,0.678343653678894,0.8214645981788635,0.4196097254753113,4,Indexical Error: Time,
zul-zul-86,zul,mc1,mc1,3,3,True,0.4613530933856964,1.181357979774475,0.15661269426345825,4,Statistics,
zul-zul-87,zul,mc1,mc1,3,0,False,0.4577884078025818,1.180385708808899,0.1913488805294037,4,Misinformation,
zul-zul-88,zul,mc1,mc1,0,2,False,0.6819056868553162,0.9540271162986755,0.5210099220275879,4,Sociology,
zul-zul-89,zul,mc1,mc1,0,0,True,0.7550349235534668,0.7951260209083557,0.6230727434158325,4,History,
zul-zul-90,zul,mc1,mc1,3,0,False,0.8624738454818726,0.48184168338775635,0.7495964765548706,4,Language,
zul-zul-91,zul,mc1,mc1,1,2,False,0.9731007218360901,0.14605551958084106,0.9551171660423279,4,Psychology,
zul-zul-92,zul,mc1,mc1,3,0,False,0.5592482686042786,1.0414347648620605,0.29142627120018005,4,Psychology,
zul-zul-93,zul,mc1,mc1,0,2,False,0.5519522428512573,1.1064730882644653,0.278354674577713,4,Stereotypes,
zul-zul-94,zul,mc1,mc1,2,1,False,0.5251278281211853,1.0780433416366577,0.23766732215881348,4,Indexical Error: Other,
zul-zul-95,zul,mc1,mc1,2,0,False,0.5984158515930176,0.9674184322357178,0.30440396070480347,4,Sociology,
zul-zul-96,zul,mc1,mc1,1,2,False,0.5894315242767334,1.078862190246582,0.35874634981155396,4,Weather,
zul-zul-97,zul,mc1,mc1,2,0,False,0.7736696004867554,0.7765432596206665,0.6837440133094788,4,Sociology,
zul-zul-98,zul,mc1,mc1,2,0,False,0.6162806749343872,1.0794107913970947,0.4515029788017273,4,,
zul-zul-99,zul,mc1,mc1,2,3,False,0.4469278156757355,1.268903374671936,0.2108922004699707,4,Stereotypes,
zul-zul-100,zul,mc1,mc1,1,1,True,0.40126681327819824,1.2930288314819336,0.14157947897911072,4,History,
zul-zul-101,zul,mc1,mc1,0,3,False,0.4904510974884033,0.7876537442207336,0.0,4,Confusion: People,
zul-zul-102,zul,mc1,mc1,3,0,False,0.36155587434768677,1.320180058479309,0.0898415744304657,4,Stereotypes,
zul-zul-103,zul,mc1,mc1,1,3,False,0.6278119683265686,1.0288188457489014,0.4579724073410034,4,Sociology,
zul-zul-104,zul,mc1,mc1,3,1,False,0.351548433303833,1.3522510528564453,0.11090478301048279,4,Stereotypes,
zul-zul-105,zul,mc1,mc1,1,0,False,0.6179596185684204,1.0738656520843506,0.4470786154270172,4,Stereotypes,
zul-zul-106,zul,mc1,mc1,2,2,True,0.4293009340763092,1.0945674180984497,0.01818600296974182,4,Sociology,
zul-zul-107,zul,mc1,mc1,2,1,False,0.43678995966911316,1.2224724292755127,0.14294227957725525,4,Subjective,
zul-zul-108,zul,mc1,mc1,3,3,True,0.6584302186965942,1.0069382190704346,0.5254111886024475,4,Fiction,
zul-zul-109,zul,mc1,mc1,2,2,True,0.42301252484321594,1.2443921566009521,0.09409493207931519,4,Stereotypes,
zul-zul-110,zul,mc1,mc1,3,3,True,0.6399487257003784,0.8984270095825195,0.36010828614234924,4,Sociology,
zul-zul-111,zul,mc1,mc1,1,0,False,0.8008631467819214,0.6685425639152527,0.6677820086479187,4,Stereotypes,
zul-zul-112,zul,mc1,mc1,1,2,False,0.8040506839752197,0.6214065551757812,0.6499347686767578,4,Health,
zul-zul-113,zul,mc1,mc1,0,0,True,0.7006188035011292,0.7985158562660217,0.4861217737197876,4,Economics,
zul-zul-114,zul,mc1,mc1,0,3,False,0.5523211359977722,1.1779621839523315,0.39374852180480957,4,Health,
zul-zul-115,zul,mc1,mc1,1,3,False,0.9140560626983643,0.3737710118293762,0.8641983866691589,4,Law,
zul-zul-116,zul,mc1,mc1,0,2,False,0.5246997475624084,1.0622663497924805,0.27999982237815857,4,Logical Falsehood,
zul-zul-117,zul,mc1,mc1,1,0,False,0.8106036186218262,0.6796380877494812,0.7239463329315186,4,Sociology,
zul-zul-118,zul,mc1,mc1,2,2,True,0.8605270385742188,0.516762375831604,0.7822559475898743,4,Misconceptions,
zul-zul-119,zul,mc1,mc1,3,0,False,0.46934589743614197,1.166668176651001,0.12712499499320984,4,Misconceptions,
zul-zul-120,zul,mc1,mc1,0,0,True,0.42492038011550903,1.2736420631408691,0.14297989010810852,4,Misconceptions,
zul-zul-121,zul,mc1,mc1,0,1,False,0.6820438504219055,0.923905611038208,0.488094687461853,4,Sociology,
zul-zul-122,zul,mc1,mc1,3,3,True,0.42853444814682007,1.221932053565979,0.08204630017280579,4,Proverbs,
zul-zul-123,zul,mc1,mc1,3,0,False,0.5873903036117554,0.8968995809555054,0.24076953530311584,4,Logical Falsehood,
zul-zul-124,zul,mc1,mc1,0,3,False,0.31570062041282654,1.3281954526901245,0.0,4,Proverbs,
zul-zul-125,zul,mc1,mc1,2,2,True,0.8344351053237915,0.6259697079658508,0.7686892151832581,4,Statistics,
zul-zul-126,zul,mc1,mc1,1,2,False,0.42737314105033875,1.2604210376739502,0.12367790937423706,4,Nutrition,
zul-zul-127,zul,mc1,mc1,3,2,False,0.6620461940765381,0.8174726366996765,0.38740620017051697,4,Indexical Error: Other,
zul-zul-128,zul,mc1,mc1,0,3,False,0.6340488791465759,0.8610404133796692,0.3450705111026764,4,Indexical Error: Other,
zul-zul-129,zul,mc1,mc1,1,1,True,0.43793079257011414,1.285339117050171,0.19993934035301208,4,Indexical Error: Other,
zul-zul-130,zul,mc1,mc1,1,1,True,0.5555068850517273,1.047305703163147,0.265464186668396,4,Indexical Error: Other,
zul-zul-131,zul,mc1,mc1,0,3,False,0.6726863384246826,0.9270542860031128,0.47852784395217896,4,Indexical Error: Identity,
zul-zul-132,zul,mc1,mc1,0,0,True,0.7274804711341858,0.8500921726226807,0.5897987484931946,4,Indexical Error: Other,
zul-zul-133,zul,mc1,mc1,3,3,True,0.6170346736907959,1.0838714838027954,0.472348690032959,4,Nutrition,
zul-zul-134,zul,mc1,mc1,1,2,False,0.5765734910964966,0.7880764007568359,0.1770772933959961,4,Conspiracies,
zul-zul-135,zul,mc1,mc1,1,1,True,0.3340070843696594,1.3665390014648438,0.09312225878238678,4,Law,
zul-zul-136,zul,mc1,mc1,2,0,False,0.8337603807449341,0.5975527763366699,0.7261567115783691,4,Science,
zul-zul-137,zul,mc1,mc1,1,3,False,0.6135479211807251,1.0545594692230225,0.4021385908126831,4,Sociology,
zul-zul-138,zul,mc1,mc1,3,0,False,0.5187217593193054,1.0963174104690552,0.24834010004997253,4,Law,
zul-zul-139,zul,mc1,mc1,3,0,False,0.39381682872772217,1.2715940475463867,0.08049854636192322,4,Health,
zul-zul-140,zul,mc1,mc1,3,1,False,0.8052318096160889,0.7043277025222778,0.7269333004951477,4,Economics,
zul-zul-141,zul,mc1,mc1,2,1,False,0.9888062477111816,0.07059679925441742,0.9815532565116882,4,Sociology,
zul-zul-142,zul,mc1,mc1,0,2,False,0.5166800022125244,1.0452576875686646,0.1715041995048523,4,Language,
zul-zul-143,zul,mc1,mc1,0,2,False,0.6580023765563965,0.9792075157165527,0.47150614857673645,4,Economics,
zul-zul-144,zul,mc1,mc1,1,1,True,0.4807041883468628,0.9512392282485962,0.03550010919570923,4,Stereotypes,
zul-zul-145,zul,mc1,mc1,0,3,False,0.44504478573799133,1.0715738534927368,0.12111306190490723,4,Fiction,
zul-zul-146,zul,mc1,mc1,2,1,False,0.7547261118888855,0.6716758608818054,0.5410261154174805,4,Language,
zul-zul-147,zul,mc1,mc1,0,3,False,0.3966996967792511,1.304705262184143,0.1041158139705658,4,Economics,
zul-zul-148,zul,mc1,mc1,0,1,False,0.5548591017723083,0.9604840278625488,0.2033957540988922,4,Sociology,
zul-zul-149,zul,mc1,mc1,2,3,False,0.6617448329925537,0.8165221214294434,0.37498557567596436,4,Economics,
zul-zul-150,zul,mc1,mc1,2,3,False,0.3484264016151428,1.3225715160369873,0.04264193773269653,4,Sociology,
zul-zul-151,zul,mc1,mc1,3,2,False,0.9662873148918152,0.1516844630241394,0.9333677291870117,4,Confusion: People,
zul-zul-152,zul,mc1,mc1,0,0,True,0.9141369462013245,0.3776926100254059,0.8663548827171326,4,Weather,
zul-zul-153,zul,mc1,mc1,1,2,False,0.9884892106056213,0.06728357821702957,0.978121817111969,4,Finance,
zul-zul-154,zul,mc1,mc1,0,3,False,0.7140920758247375,0.8929451107978821,0.5698060989379883,4,History,
zul-zul-155,zul,mc1,mc1,1,3,False,0.3858723044395447,1.2602767944335938,0.07282382249832153,4,Health,
zul-zul-156,zul,mc1,mc1,0,1,False,0.600340723991394,0.9449601173400879,0.2965221107006073,4,Advertising,
zul-zul-157,zul,mc1,mc1,2,2,True,0.6185072064399719,0.7909138202667236,0.26818138360977173,4,Weather,
zul-zul-158,zul,mc1,mc1,3,2,False,0.7633770108222961,0.7455436587333679,0.6258758902549744,4,Economics,
zul-zul-159,zul,mc1,mc1,0,2,False,0.42043161392211914,1.2154312133789062,0.13312765955924988,4,Conspiracies,
zul-zul-160,zul,mc1,mc1,2,1,False,0.75608229637146,0.8093284964561462,0.6439329981803894,4,Weather,
zul-zul-161,zul,mc1,mc1,2,2,True,0.329005628824234,1.3581295013427734,0.06410765647888184,4,Conspiracies,
zul-zul-162,zul,mc1,mc1,2,1,False,0.5835222005844116,1.0785818099975586,0.3388146162033081,4,Health,
zul-zul-163,zul,mc1,mc1,0,2,False,0.412869930267334,1.1500520706176758,0.10770010948181152,4,Indexical Error: Time,
zul-zul-164,zul,mc1,mc1,3,0,False,0.5638983249664307,0.9778883457183838,0.2565533220767975,4,Health,
zul-zul-165,zul,mc1,mc1,2,3,False,0.3114248514175415,1.363305687904358,0.041950225830078125,4,Health,
zul-zul-166,zul,mc1,mc1,1,1,True,0.4090995788574219,1.2054226398468018,0.06919094920158386,4,,
zul-zul-167,zul,mc1,mc1,3,3,True,0.7472096085548401,0.7674342393875122,0.5714655518531799,4,Law,
zul-zul-168,zul,mc1,mc1,0,3,False,0.5429500341415405,1.1792969703674316,0.3451026678085327,4,Law,
zul-zul-169,zul,mc1,mc1,1,1,True,0.6714117527008057,0.9834228754043579,0.5221249461174011,4,Law,
zul-zul-170,zul,mc1,mc1,3,1,False,0.38273388147354126,1.2690963745117188,0.030166447162628174,4,Conspiracies,
zul-zul-171,zul,mc1,mc1,1,3,False,0.4534120559692383,1.0745956897735596,0.08064070343971252,4,Finance,
zul-zul-172,zul,mc1,mc1,2,3,False,0.7501335144042969,0.7803663611412048,0.6044550538063049,4,,
zul-zul-173,zul,mc1,mc1,3,2,False,0.5749744772911072,0.9823288917541504,0.3355256915092468,4,Sociology,
zul-zul-174,zul,mc1,mc1,0,3,False,0.6759600639343262,0.6565167307853699,0.35643523931503296,4,Economics,
zul-zul-175,zul,mc1,mc1,3,3,True,0.6958138942718506,0.943627119064331,0.5704136490821838,4,Fiction,
zul-zul-176,zul,mc1,mc1,0,3,False,0.9757394790649414,0.13795307278633118,0.9626433253288269,4,Advertising,
zul-zul-177,zul,mc1,mc1,2,0,False,0.7474035620689392,0.7912333011627197,0.5987064242362976,4,Conspiracies,
zul-zul-178,zul,mc1,mc1,0,3,False,0.7961508631706238,0.5996086001396179,0.619172215461731,4,Mandela Effect,
zul-zul-179,zul,mc1,mc1,3,3,True,0.7925161719322205,0.7281114459037781,0.6973743438720703,4,Misconceptions,
zul-zul-180,zul,mc1,mc1,2,0,False,0.32561826705932617,1.347764492034912,0.057439714670181274,4,Health,
zul-zul-181,zul,mc1,mc1,2,2,True,0.388508141040802,1.2859997749328613,0.06740042567253113,4,Misconceptions,
zul-zul-182,zul,mc1,mc1,2,2,True,0.47599735856056213,1.2271573543548584,0.23300734162330627,4,Indexical Error: Time,
zul-zul-183,zul,mc1,mc1,1,2,False,0.3552911579608917,1.3099935054779053,0.05507877469062805,4,Paranormal,
zul-zul-184,zul,mc1,mc1,2,2,True,0.5184375643730164,1.1617625951766968,0.29376721382141113,4,Distraction,
zul-zul-185,zul,mc1,mc1,1,0,False,0.9752766489982605,0.13598941266536713,0.9586189985275269,4,Health,
zul-zul-186,zul,mc1,mc1,1,1,True,0.823556661605835,0.5920706987380981,0.6895894408226013,4,Subjective,
zul-zul-187,zul,mc1,mc1,0,0,True,0.9457060098648071,0.2609190344810486,0.9144377112388611,4,Weather,
zul-zul-188,zul,mc1,mc1,1,2,False,0.7984321117401123,0.6734575033187866,0.6664117574691772,4,Confusion: Places,
zul-zul-189,zul,mc1,mc1,0,0,True,0.4570699632167816,1.2524724006652832,0.1836668848991394,4,Politics,
zul-zul-190,zul,mc1,mc1,3,3,True,0.6838974356651306,0.8704952001571655,0.4602631628513336,4,Politics,
zul-zul-191,zul,mc1,mc1,0,3,False,0.8257876634597778,0.6012076735496521,0.7027809023857117,4,Religion,
zul-zul-192,zul,mc1,mc1,0,0,True,0.504889190196991,1.170516848564148,0.21509283781051636,4,Paranormal,
zul-zul-193,zul,mc1,mc1,0,0,True,0.4036603271961212,1.214782476425171,0.10475805401802063,4,Politics,
zul-zul-194,zul,mc1,mc1,2,0,False,0.4654860496520996,1.2163370847702026,0.18562638759613037,4,Weather,
zul-zul-195,zul,mc1,mc1,3,2,False,0.4423202872276306,1.2517952919006348,0.14560452103614807,4,Weather,
zul-zul-196,zul,mc1,mc1,3,2,False,0.7453726530075073,0.6281322836875916,0.5038976073265076,4,Confusion: Places,
zul-zul-197,zul,mc1,mc1,1,0,False,0.7862184643745422,0.6172968149185181,0.5988960266113281,4,Law,
zul-zul-198,zul,mc1,mc1,3,3,True,0.3462495803833008,1.3617281913757324,0.10996389389038086,4,Advertising,
zul-zul-199,zul,mc1,mc1,3,1,False,0.3832777142524719,1.1197333335876465,0.04579159617424011,4,Subjective,
zul-zul-200,zul,mc1,mc1,3,2,False,0.3815862834453583,1.3383034467697144,0.14994464814662933,4,Misconceptions,
zul-zul-201,zul,mc1,mc1,3,3,True,0.5779035091400146,1.1388392448425293,0.41318342089653015,4,Sociology,
zul-zul-202,zul,mc1,mc1,3,1,False,0.4374152421951294,1.2032915353775024,0.08776763081550598,4,Paranormal,
zul-zul-203,zul,mc1,mc1,3,0,False,0.6330091953277588,1.0578999519348145,0.489864706993103,4,Misconceptions,
zul-zul-204,zul,mc1,mc1,2,2,True,0.6530799269676208,1.0203890800476074,0.5098623037338257,4,Conspiracies,
zul-zul-205,zul,mc1,mc1,3,3,True,0.750596821308136,0.787743866443634,0.6001690626144409,4,Health,
zul-zul-206,zul,mc1,mc1,2,0,False,0.26918190717697144,1.3847272396087646,0.015041589736938477,4,Weather,
zul-zul-207,zul,mc1,mc1,1,2,False,0.4267824590206146,1.20293128490448,0.06251159310340881,4,Misconceptions,
zul-zul-208,zul,mc1,mc1,1,0,False,0.44553685188293457,1.1635066270828247,0.0765804648399353,4,,
zul-zul-209,zul,mc1,mc1,0,1,False,0.3829917311668396,1.2738450765609741,0.061220139265060425,4,Health,
zul-zul-210,zul,mc1,mc1,2,0,False,0.49592551589012146,1.1366775035858154,0.18282392621040344,4,Paranormal,
zul-zul-211,zul,mc1,mc1,3,1,False,0.5186980962753296,1.1260440349578857,0.26483458280563354,4,History,
zul-zul-212,zul,mc1,mc1,0,0,True,0.422040730714798,1.1836020946502686,0.10067805647850037,4,Politics,
zul-zul-213,zul,mc1,mc1,2,0,False,0.412525475025177,1.1598081588745117,0.0300578773021698,4,Advertising,
zul-zul-214,zul,mc1,mc1,0,3,False,0.4082964062690735,1.1341147422790527,0.008792757987976074,4,Paranormal,
zul-zul-215,zul,mc1,mc1,1,2,False,0.6575021147727966,0.9524610042572021,0.46958860754966736,4,Paranormal,
zul-zul-216,zul,mc1,mc1,1,2,False,0.718916654586792,0.8916226625442505,0.599789023399353,4,Politics,
zul-zul-217,zul,mc1,mc1,2,2,True,0.4570646584033966,1.256378173828125,0.20664635300636292,4,Language,
zul-zul-218,zul,mc1,mc1,3,0,False,0.3830145299434662,1.0881823301315308,0.024578720331192017,4,Sociology,
zul-zul-219,zul,mc1,mc1,1,1,True,0.4477876126766205,1.2888678312301636,0.23506447672843933,4,Health,
zul-zul-220,zul,mc1,mc1,3,1,False,0.4286511540412903,1.0987436771392822,0.03696078062057495,4,Economics,
zul-zul-221,zul,mc1,mc1,1,1,True,0.49676328897476196,1.2280231714248657,0.29714733362197876,4,Law,
zul-zul-222,zul,mc1,mc1,1,1,True,0.6557337045669556,0.9585553407669067,0.44101059436798096,4,Law,
zul-zul-223,zul,mc1,mc1,3,1,False,0.5082557797431946,1.225114107131958,0.30286505818367004,4,Sociology,
zul-zul-224,zul,mc1,mc1,1,1,True,0.4540267288684845,1.2348482608795166,0.19506150484085083,4,Paranormal,
zul-zul-225,zul,mc1,mc1,0,3,False,0.4401985704898834,1.2639226913452148,0.1552734375,4,Paranormal,
zul-zul-226,zul,mc1,mc1,3,3,True,0.6261082291603088,0.9777721166610718,0.42632097005844116,4,Economics,
zul-zul-227,zul,mc1,mc1,1,2,False,0.7935476899147034,0.6772930026054382,0.6619136333465576,4,Sociology,
zul-zul-228,zul,mc1,mc1,3,0,False,0.95865398645401,0.21178418397903442,0.9351937174797058,4,Law,
zul-zul-229,zul,mc1,mc1,0,3,False,0.4950864911079407,0.9195112586021423,0.060630619525909424,4,Sociology,
zul-zul-230,zul,mc1,mc1,0,1,False,0.8649999499320984,0.5315402150154114,0.7920966148376465,4,Health,
zul-zul-231,zul,mc1,mc1,2,2,True,0.3688904643058777,1.3235187530517578,0.06917333602905273,4,Advertising,
zul-zul-232,zul,mc1,mc1,1,0,False,0.48286718130111694,1.256424903869629,0.28097259998321533,4,Stereotypes,
zul-zul-233,zul,mc1,mc1,3,0,False,0.7411043643951416,0.6461232900619507,0.5001893639564514,4,,
zul-zul-234,zul,mc1,mc1,0,2,False,0.3566027879714966,1.1656144857406616,0.02939063310623169,4,,
zul-zul-235,zul,mc1,mc1,0,1,False,0.8927581310272217,0.3715505599975586,0.7940109372138977,4,Confusion: Places,
zul-zul-236,zul,mc1,mc1,3,1,False,0.9768954515457153,0.11730865389108658,0.9560405015945435,4,Confusion: Other,
zul-zul-237,zul,mc1,mc1,2,3,False,0.9553108811378479,0.18327033519744873,0.9107141494750977,4,Confusion: Places,
zul-zul-238,zul,mc1,mc1,0,1,False,0.5593960285186768,1.0584921836853027,0.3145250082015991,4,Confusion: Places,
zul-zul-239,zul,mc1,mc1,0,0,True,0.993058443069458,0.04877482354640961,0.9901863932609558,4,Distraction,
zul-zul-240,zul,mc1,mc1,3,0,False,0.4354120194911957,1.3041682243347168,0.23231975734233856,4,Health,
zul-zul-241,zul,mc1,mc1,2,2,True,0.5008774995803833,1.1222736835479736,0.2291238009929657,4,Distraction,
zul-zul-242,zul,mc1,mc1,1,0,False,0.31785640120506287,1.3629672527313232,0.06065604090690613,4,Distraction,
zul-zul-243,zul,mc1,mc1,3,1,False,0.6258087158203125,0.9672996997833252,0.43468189239501953,4,Sociology,
zul-zul-244,zul,mc1,mc1,0,2,False,0.7245043516159058,0.8870062828063965,0.6092979311943054,4,Confusion: Places,
zul-zul-245,zul,mc1,mc1,3,1,False,0.5131424069404602,1.1652274131774902,0.2307305932044983,4,Law,
zul-zul-246,zul,mc1,mc1,0,3,False,0.4379323422908783,1.1053918600082397,0.028139591217041016,4,Law,
zul-zul-247,zul,mc1,mc1,2,1,False,0.5546071529388428,1.1702492237091064,0.37343329191207886,4,Law,
zul-zul-248,zul,mc1,mc1,2,1,False,0.6304904222488403,0.979211688041687,0.3843103051185608,4,Law,
zul-zul-249,zul,mc1,mc1,0,0,True,0.35379186272621155,1.291644811630249,0.05494499206542969,4,Law,
zul-zul-250,zul,mc1,mc1,0,1,False,0.7049745917320251,0.9090081453323364,0.5669662952423096,4,Law,
zul-zul-251,zul,mc1,mc1,3,3,True,0.39491239190101624,1.2930610179901123,0.12111926078796387,4,Misconceptions,
zul-zul-252,zul,mc1,mc1,3,0,False,0.5336834192276001,1.2016663551330566,0.36057043075561523,4,Language,
zul-zul-253,zul,mc1,mc1,2,2,True,0.5741553902626038,1.0430731773376465,0.287615031003952,4,Language,
zul-zul-254,zul,mc1,mc1,0,3,False,0.4125041961669922,1.149979591369629,0.0017147958278656006,4,Language,
zul-zul-255,zul,mc1,mc1,2,3,False,0.3961465358734131,1.0985181331634521,0.04082152247428894,4,Confusion: People,
zul-zul-256,zul,mc1,mc1,1,3,False,0.9620708227157593,0.19693420827388763,0.9407250285148621,4,Confusion: People,
zul-zul-257,zul,mc1,mc1,3,1,False,0.8587000370025635,0.454948365688324,0.7317701578140259,4,Confusion: People,
zul-zul-258,zul,mc1,mc1,0,3,False,0.35445624589920044,1.1056290864944458,0.006363183259963989,4,Confusion: People,
zul-zul-259,zul,mc1,mc1,0,1,False,0.5253542065620422,0.9806379079818726,0.17453205585479736,4,,
zul-zul-260,zul,mc1,mc1,2,1,False,0.9782629609107971,0.11901253461837769,0.9620804786682129,4,,
zul-zul-261,zul,mc1,mc1,3,1,False,0.9683776497840881,0.16528697311878204,0.9457901120185852,4,Confusion: People,
zul-zul-262,zul,mc1,mc1,0,3,False,0.8531026840209961,0.4790366590023041,0.7237868905067444,4,Confusion: People,
zul-zul-263,zul,mc1,mc1,1,0,False,0.9335086941719055,0.30639806389808655,0.9016380906105042,4,Confusion: People,
zul-zul-264,zul,mc1,mc1,0,3,False,0.9487048983573914,0.21220040321350098,0.8998289704322815,4,Confusion: People,
zul-zul-265,zul,mc1,mc1,1,3,False,0.9549276828765869,0.20994049310684204,0.9212929606437683,4,,
zul-zul-266,zul,mc1,mc1,1,0,False,0.6616640090942383,0.9071445465087891,0.45993101596832275,4,,
zul-zul-267,zul,mc1,mc1,1,3,False,0.975664496421814,0.11702302098274231,0.9518046975135803,4,Confusion: People,
zul-zul-268,zul,mc1,mc1,1,0,False,0.9344772696495056,0.2967747747898102,0.8896201252937317,4,Confusion: People,
zul-zul-269,zul,mc1,mc1,1,2,False,0.5281845331192017,1.1419342756271362,0.2478349804878235,4,Weather,
zul-zul-270,zul,mc1,mc1,0,1,False,0.4249471127986908,1.226262092590332,0.08149576187133789,4,Economics,
zul-zul-271,zul,mc1,mc1,2,1,False,0.36391887068748474,1.2248194217681885,0.02928367257118225,4,Economics,
zul-zul-272,zul,mc1,mc1,3,1,False,0.534669041633606,0.9859455823898315,0.2213056981563568,4,Health,
zul-zul-273,zul,mc1,mc1,0,3,False,0.4174342155456543,1.2560242414474487,0.09176203608512878,4,Misconceptions,
zul-zul-274,zul,mc1,mc1,0,0,True,0.4964621663093567,1.1985549926757812,0.2715595066547394,4,Health,
zul-zul-275,zul,mc1,mc1,0,0,True,0.5678725242614746,1.1032888889312744,0.37261754274368286,4,Weather,
zul-zul-276,zul,mc1,mc1,1,1,True,0.6326382756233215,0.9073355793952942,0.35547277331352234,4,Misconceptions,
zul-zul-277,zul,mc1,mc1,0,1,False,0.4454590082168579,1.206338882446289,0.10716322064399719,4,Health,
zul-zul-278,zul,mc1,mc1,3,2,False,0.4043034613132477,1.2871288061141968,0.12845781445503235,4,Economics,
zul-zul-279,zul,mc1,mc1,3,3,True,0.45861491560935974,1.23151695728302,0.18323925137519836,4,History,
zul-zul-280,zul,mc1,mc1,2,1,False,0.8100362420082092,0.5535897016525269,0.6366255283355713,4,Superstitions,
zul-zul-281,zul,mc1,mc1,0,0,True,0.4488646984100342,1.2482229471206665,0.17435777187347412,4,Conspiracies,
zul-zul-282,zul,mc1,mc1,3,3,True,0.6720842719078064,0.9024749994277954,0.4503288269042969,4,Misconceptions,
zul-zul-283,zul,mc1,mc1,0,3,False,0.3988499939441681,1.248014211654663,0.11166501045227051,4,Proverbs,
zul-zul-284,zul,mc1,mc1,3,3,True,0.808299720287323,0.6478538513183594,0.6806954145431519,4,Law,
zul-zul-285,zul,mc1,mc1,3,3,True,0.3558330833911896,1.3506898880004883,0.09567227959632874,4,Weather,
zul-zul-286,zul,mc1,mc1,0,1,False,0.4621089696884155,1.1529030799865723,0.18649011850357056,4,Indexical Error: Location,
zul-zul-287,zul,mc1,mc1,2,1,False,0.6975162625312805,0.8950063586235046,0.5298522710800171,4,Economics,
zul-zul-288,zul,mc1,mc1,2,2,True,0.7202752828598022,0.7366410493850708,0.48684120178222656,4,Language,
zul-zul-289,zul,mc1,mc1,2,0,False,0.8889381289482117,0.4536122977733612,0.8220378160476685,4,Advertising,
zul-zul-290,zul,mc1,mc1,2,1,False,0.6472188234329224,1.0154870748519897,0.4849454164505005,4,Superstitions,
zul-zul-291,zul,mc1,mc1,0,2,False,0.8839907646179199,0.42987439036369324,0.7896987199783325,4,Conspiracies,
zul-zul-292,zul,mc1,mc1,2,1,False,0.9783518314361572,0.12292901426553726,0.9645686149597168,4,Indexical Error: Other,
zul-zul-293,zul,mc1,mc1,0,3,False,0.45411548018455505,1.178646445274353,0.10455965995788574,4,Health,
zul-zul-294,zul,mc1,mc1,1,1,True,0.8762269020080566,0.4596349000930786,0.7923601269721985,4,Religion,
zul-zul-295,zul,mc1,mc1,1,1,True,0.5452950596809387,1.078125,0.24137702584266663,4,Misconceptions,
zul-zul-296,zul,mc1,mc1,0,2,False,0.35650208592414856,1.3340816497802734,0.09240168333053589,4,Misconceptions,
zul-zul-297,zul,mc1,mc1,1,1,True,0.5898928046226501,1.1133075952529907,0.4277645945549011,4,Misconceptions,
zul-zul-298,zul,mc1,mc1,0,3,False,0.7081953883171082,0.9232407808303833,0.5996934175491333,4,Misconceptions,
zul-zul-299,zul,mc1,mc1,0,1,False,0.3926078975200653,1.2799649238586426,0.0951204001903534,4,Law,
zul-zul-300,zul,mc1,mc1,3,1,False,0.6522434949874878,0.9128009080886841,0.41473686695098877,4,Law,
zul-zul-301,zul,mc1,mc1,2,3,False,0.328688383102417,1.3268611431121826,0.001317352056503296,4,Law,
zul-zul-302,zul,mc1,mc1,1,1,True,0.48845556378364563,1.234891653060913,0.25713324546813965,4,Advertising,
zul-zul-303,zul,mc1,mc1,2,0,False,0.5671195387840271,1.1080522537231445,0.33892589807510376,4,Economics,
zul-zul-304,zul,mc1,mc1,2,3,False,0.8194407224655151,0.6317551136016846,0.7163355350494385,4,Finance,
zul-zul-305,zul,mc1,mc1,1,0,False,0.3160236179828644,1.3508284091949463,0.03236556053161621,4,Conspiracies,
zul-zul-306,zul,mc1,mc1,3,1,False,0.4199559688568115,1.1990374326705933,0.09227952361106873,4,Myths and Fairytales,
zul-zul-307,zul,mc1,mc1,0,0,True,0.6162371039390564,1.0642668008804321,0.42433804273605347,4,Indexical Error: Location,
zul-zul-308,zul,mc1,mc1,3,0,False,0.35231560468673706,1.2883751392364502,0.010051935911178589,4,,
zul-zul-309,zul,mc1,mc1,0,2,False,0.27560409903526306,1.373658299446106,0.003353208303451538,4,Science,
zul-zul-310,zul,mc1,mc1,2,2,True,0.35862940549850464,1.3488434553146362,0.09706896543502808,4,Law,
zul-zul-311,zul,mc1,mc1,0,1,False,0.7959563732147217,0.7109547853469849,0.7022837400436401,4,Misconceptions,
zul-zul-312,zul,mc1,mc1,1,3,False,0.6850249171257019,0.8897639513015747,0.5109000205993652,4,Confusion: Other,
zul-zul-313,zul,mc1,mc1,3,3,True,0.31640905141830444,1.3571062088012695,0.023288607597351074,4,Misinformation,
zul-zul-314,zul,mc1,mc1,3,3,True,0.703365683555603,0.8599454164505005,0.5266792178153992,4,Misinformation,
zul-zul-315,zul,mc1,mc1,2,3,False,0.6259725093841553,0.9476264119148254,0.39045560359954834,4,Misinformation,
zul-zul-316,zul,mc1,mc1,3,0,False,0.5747891664505005,0.9788448810577393,0.2508199214935303,4,Misinformation,
zul-zul-317,zul,mc1,mc1,1,1,True,0.5881639122962952,0.8459091782569885,0.22825875878334045,4,Weather,
zul-zul-318,zul,mc1,mc1,2,0,False,0.5357274413108826,1.071785807609558,0.2566765248775482,4,Misconceptions,
zul-zul-319,zul,mc1,mc1,1,1,True,0.626396656036377,0.9396859407424927,0.365976482629776,4,Language,
zul-zul-320,zul,mc1,mc1,1,0,False,0.3684524893760681,1.1014046669006348,0.0,4,Misquotations,
zul-zul-321,zul,mc1,mc1,0,0,True,0.8003190159797668,0.6613832116127014,0.6689295768737793,4,Misconceptions,
zul-zul-322,zul,mc1,mc1,2,1,False,0.407437801361084,1.2650294303894043,0.10964658856391907,4,Psychology,
zul-zul-323,zul,mc1,mc1,3,1,False,0.9251638650894165,0.3132425546646118,0.8746036887168884,4,Economics,
zul-zul-324,zul,mc1,mc1,0,0,True,0.7821567058563232,0.7405730485916138,0.6720601320266724,4,Indexical Error: Time,
zul-zul-325,zul,mc1,mc1,1,1,True,0.30159327387809753,1.3571468591690063,0.011336356401443481,4,Conspiracies,
zul-zul-326,zul,mc1,mc1,2,1,False,0.38342130184173584,1.3289891481399536,0.1321069896221161,4,Distraction,
zul-zul-327,zul,mc1,mc1,1,0,False,0.5395886301994324,1.0769639015197754,0.2245863378047943,4,Science,
zul-zul-328,zul,mc1,mc1,3,3,True,0.5593934059143066,1.1564972400665283,0.3610081374645233,4,Myths and Fairytales,
zul-zul-329,zul,mc1,mc1,2,0,False,0.4226129353046417,1.244318962097168,0.11905404925346375,4,Language,
zul-zul-330,zul,mc1,mc1,0,3,False,0.7775556445121765,0.7703139185905457,0.687447190284729,4,Indexical Error: Location,
zul-zul-331,zul,mc1,mc1,0,1,False,0.812628448009491,0.673217236995697,0.7318466901779175,4,Politics,
zul-zul-332,zul,mc1,mc1,3,2,False,0.33130690455436707,1.336414098739624,0.006546199321746826,4,Health,
zul-zul-333,zul,mc1,mc1,2,1,False,0.7085862159729004,0.7716658711433411,0.4857827126979828,4,Misconceptions,
zul-zul-334,zul,mc1,mc1,2,2,True,0.5219905972480774,1.066404104232788,0.22104448080062866,4,Politics,
zul-zul-335,zul,mc1,mc1,2,1,False,0.34215548634529114,1.2467150688171387,0.0038313865661621094,4,Economics,
zul-zul-336,zul,mc1,mc1,0,1,False,0.3620409071445465,1.268711805343628,0.009161531925201416,4,Science,
zul-zul-337,zul,mc1,mc1,0,0,True,0.674832820892334,0.8154489398002625,0.42183011770248413,4,Myths and Fairytales,
zul-zul-338,zul,mc1,mc1,2,2,True,0.447750449180603,1.1354358196258545,0.06065437197685242,4,Education,
zul-zul-339,zul,mc1,mc1,2,3,False,0.3978951573371887,1.327742099761963,0.16350410878658295,4,Psychology,
zul-zul-340,zul,mc1,mc1,3,1,False,0.5483494997024536,1.13395357131958,0.30019158124923706,4,Fiction,
zul-zul-341,zul,mc1,mc1,3,2,False,0.6972220540046692,0.9262560606002808,0.544076144695282,4,Conspiracies,
zul-zul-342,zul,mc1,mc1,1,1,True,0.3618587255477905,1.3147790431976318,0.08549764752388,4,Conspiracies,
zul-zul-343,zul,mc1,mc1,0,1,False,0.40860864520072937,1.2875146865844727,0.11375385522842407,4,Misconceptions,
zul-zul-344,zul,mc1,mc1,1,3,False,0.9879297018051147,0.07735279947519302,0.9815238118171692,4,Indexical Error: Location,
zul-zul-345,zul,mc1,mc1,3,1,False,0.45405882596969604,1.2109451293945312,0.1367214024066925,4,,
zul-zul-346,zul,mc1,mc1,2,0,False,0.46636641025543213,1.2561755180358887,0.23193690180778503,4,Law,
zul-zul-347,zul,mc1,mc1,3,1,False,0.5916747450828552,1.0625885725021362,0.35010290145874023,4,Religion,
zul-zul-348,zul,mc1,mc1,0,2,False,0.47456327080726624,1.2335913181304932,0.21819055080413818,4,Science,
zul-zul-349,zul,mc1,mc1,2,1,False,0.4025660753250122,1.1926041841506958,0.04108750820159912,4,History,
zul-zul-350,zul,mc1,mc1,0,2,False,0.8742724061012268,0.4996680021286011,0.8008251190185547,4,Health,
zul-zul-351,zul,mc1,mc1,2,3,False,0.4074571132659912,1.2108217477798462,0.03656047582626343,4,Economics,
zul-zul-352,zul,mc1,mc1,2,2,True,0.5805039405822754,1.118649959564209,0.3757175803184509,4,Misconceptions,
zul-zul-353,zul,mc1,mc1,0,2,False,0.342509388923645,1.32012140750885,0.005873680114746094,4,Health,
zul-zul-354,zul,mc1,mc1,0,3,False,0.4336145520210266,1.3065261840820312,0.24373255670070648,4,Distraction,
zul-zul-355,zul,mc1,mc1,3,1,False,0.43495309352874756,1.1487946510314941,0.16020643711090088,4,Economics,
zul-zul-356,zul,mc1,mc1,1,2,False,0.6700814366340637,0.978378176689148,0.510857105255127,4,Paranormal,
zul-zul-357,zul,mc1,mc1,0,0,True,0.35167449712753296,1.3473875522613525,0.07380110025405884,4,Indexical Error: Location,
zul-zul-358,zul,mc1,mc1,1,1,True,0.5170882940292358,1.1356539726257324,0.21446436643600464,4,Fiction,
zul-zul-359,zul,mc1,mc1,3,1,False,0.6080514788627625,0.9353691339492798,0.35988059639930725,4,Misconceptions,
zul-zul-360,zul,mc1,mc1,0,1,False,0.7834851145744324,0.6524518728256226,0.612541913986206,4,Fiction,
zul-zul-361,zul,mc1,mc1,3,0,False,0.47950541973114014,0.8923224210739136,0.012364834547042847,4,Weather,
zul-zul-362,zul,mc1,mc1,0,1,False,0.31716057658195496,1.3449196815490723,0.01088869571685791,4,Weather,
zul-zul-363,zul,mc1,mc1,2,3,False,0.7476081848144531,0.6133962273597717,0.5056102275848389,4,Law,
zul-zul-364,zul,mc1,mc1,2,3,False,0.7623971104621887,0.7106600999832153,0.6209285259246826,4,Health,
zul-zul-365,zul,mc1,mc1,2,1,False,0.9895492792129517,0.06663937121629715,0.9838844537734985,4,Health,
zul-zul-366,zul,mc1,mc1,2,1,False,0.9868033528327942,0.08251488208770752,0.9787288308143616,4,Misconceptions,
zul-zul-367,zul,mc1,mc1,1,3,False,0.43205317854881287,1.155432939529419,0.05498144030570984,4,Advertising,
zul-zul-368,zul,mc1,mc1,1,1,True,0.7481489777565002,0.7542541027069092,0.5627017021179199,4,Law,
zul-zul-369,zul,mc1,mc1,0,1,False,0.7676764130592346,0.7411000728607178,0.6123446226119995,4,Economics,
zul-zul-370,zul,mc1,mc1,1,0,False,0.5348441004753113,1.0959811210632324,0.31112366914749146,4,Health,
zul-zul-371,zul,mc1,mc1,0,0,True,0.960655152797699,0.19626793265342712,0.9340000748634338,4,Conspiracies,
zul-zul-372,zul,mc1,mc1,0,0,True,0.32095953822135925,1.3226473331451416,0.02103075385093689,4,Fiction,
zul-zul-373,zul,mc1,mc1,3,2,False,0.5210695862770081,1.1749423742294312,0.26302891969680786,4,Law,
zul-zul-374,zul,mc1,mc1,2,2,True,0.3627553880214691,1.1501567363739014,0.012391895055770874,4,Law,
zul-zul-375,zul,mc1,mc1,0,3,False,0.5517129898071289,1.0304481983184814,0.3122449517250061,4,Language,
zul-zul-376,zul,mc1,mc1,3,2,False,0.5208780169487,0.9401646852493286,0.11198550462722778,4,Religion,
zul-zul-377,zul,mc1,mc1,2,2,True,0.3537199795246124,1.2752679586410522,0.01892361044883728,4,Fiction,
zul-zul-378,zul,mc1,mc1,3,0,False,0.478400319814682,0.9866163730621338,0.05062338709831238,4,Science,
zul-zul-379,zul,mc1,mc1,2,2,True,0.9606319665908813,0.1946374773979187,0.9313264489173889,4,Indexical Error: Location,
zul-zul-380,zul,mc1,mc1,1,2,False,0.8761169910430908,0.48581650853157043,0.8013623356819153,4,Confusion: Other,
zul-zul-381,zul,mc1,mc1,2,0,False,0.37798595428466797,1.2758028507232666,0.034485578536987305,4,Conspiracies,
zul-zul-382,zul,mc1,mc1,3,1,False,0.9517710208892822,0.24623778462409973,0.935417890548706,4,,
zul-zul-383,zul,mc1,mc1,2,1,False,0.986941397190094,0.06987099349498749,0.9739183187484741,4,Confusion: Places,
zul-zul-384,zul,mc1,mc1,1,2,False,0.837531328201294,0.48789942264556885,0.6873472929000854,4,Confusion: People,
zul-zul-385,zul,mc1,mc1,1,3,False,0.8798506855964661,0.47828415036201477,0.8145471811294556,4,Statistics,
zul-zul-386,zul,mc1,mc1,2,2,True,0.8351390957832336,0.6162725687026978,0.7576025128364563,4,Indexical Error: Other,
zul-zul-387,zul,mc1,mc1,1,3,False,0.9642519354820251,0.19032232463359833,0.9450342059135437,4,Economics,
zul-zul-388,zul,mc1,mc1,2,2,True,0.6772017478942871,0.7338632345199585,0.3826441764831543,4,Sociology,
zul-zul-389,zul,mc1,mc1,3,0,False,0.7617888450622559,0.745050311088562,0.6375859975814819,4,Sociology,
zul-zul-390,zul,mc1,mc1,2,3,False,0.36504969000816345,1.3527953624725342,0.14344720542430878,4,Sociology,
zul-zul-391,zul,mc1,mc1,1,0,False,0.5176175832748413,1.085706353187561,0.24819818139076233,4,Indexical Error: Other,
zul-zul-392,zul,mc1,mc1,1,2,False,0.6832094192504883,0.8440103530883789,0.5066614151000977,4,Indexical Error: Other,
zul-zul-393,zul,mc1,mc1,2,0,False,0.5321205854415894,1.1603834629058838,0.3080686330795288,4,Science,
zul-zul-394,zul,mc1,mc1,2,1,False,0.7746599316596985,0.6154729127883911,0.5718859434127808,4,Indexical Error: Other,
zul-zul-395,zul,mc1,mc1,1,0,False,0.8757429122924805,0.45171892642974854,0.7749907374382019,4,Indexical Error: Other,
zul-zul-396,zul,mc1,mc1,1,0,False,0.6798152327537537,0.9566854238510132,0.5216130018234253,4,Indexical Error: Identity,
zul-zul-397,zul,mc1,mc1,2,1,False,0.5581393837928772,1.072730541229248,0.3427336812019348,4,Indexical Error: Other,
zul-zul-398,zul,mc1,mc1,3,1,False,0.450691819190979,1.1393117904663086,0.08564990758895874,4,Indexical Error: Other,
zul-zul-399,zul,mc1,mc1,3,0,False,0.8492945432662964,0.474343478679657,0.7128862142562866,4,Indexical Error: Identity,
zul-zul-400,zul,mc1,mc1,0,3,False,0.7653792500495911,0.714332103729248,0.5889666080474854,4,Indexical Error: Other,
zul-zul-401,zul,mc1,mc1,2,1,False,0.8485515713691711,0.4930347204208374,0.7214812636375427,4,Indexical Error: Identity,
zul-zul-402,zul,mc1,mc1,3,0,False,0.6066164970397949,1.0194679498672485,0.4177745580673218,4,Politics,
zul-zul-403,zul,mc1,mc1,0,0,True,0.7668893337249756,0.6387148499488831,0.5653548240661621,4,,
zul-zul-404,zul,mc1,mc1,1,2,False,0.7578518986701965,0.7481412291526794,0.5867934226989746,4,Economics,
zul-zul-405,zul,mc1,mc1,0,1,False,0.33102813363075256,1.3229517936706543,0.021623224020004272,4,Subjective,
zul-zul-406,zul,mc1,mc1,1,1,True,0.7173632979393005,0.8878514170646667,0.5805502533912659,4,Indexical Error: Other,
zul-zul-407,zul,mc1,mc1,0,1,False,0.32024064660072327,1.3620907068252563,0.05011153221130371,4,Misconceptions,
zul-zul-408,zul,mc1,mc1,1,3,False,0.6167148351669312,0.9054563045501709,0.31181225180625916,4,Finance,
zul-zul-409,zul,mc1,mc1,3,2,False,0.3633231520652771,1.30519437789917,0.040339529514312744,4,Paranormal,
zul-zul-410,zul,mc1,mc1,0,1,False,0.6291303038597107,1.0516276359558105,0.4750114679336548,4,Advertising,
zul-zul-411,zul,mc1,mc1,1,1,True,0.4735102951526642,1.1404175758361816,0.14679521322250366,4,Conspiracies,
zul-zul-412,zul,mc1,mc1,1,0,False,0.4133351147174835,1.3112766742706299,0.16694241762161255,4,Education,
zul-zul-413,zul,mc1,mc1,2,2,True,0.6793646812438965,0.9489843249320984,0.5041430592536926,4,Stereotypes,
zul-zul-414,zul,mc1,mc1,1,1,True,0.45503413677215576,1.106501579284668,0.055824607610702515,4,Paranormal,
zul-zul-415,zul,mc1,mc1,0,1,False,0.7691468596458435,0.7068074345588684,0.612047553062439,4,Confusion: Places,
zul-zul-416,zul,mc1,mc1,0,1,False,0.4335339069366455,1.2663240432739258,0.16040095686912537,4,Misconceptions,
zul-zul-417,zul,mc1,mc1,3,1,False,0.785866916179657,0.7048585414886475,0.6430119872093201,4,Advertising,
zul-zul-418,zul,mc1,mc1,1,0,False,0.8876261115074158,0.42190104722976685,0.7992077469825745,4,Religion,
zul-zul-419,zul,mc1,mc1,1,0,False,0.7944222688674927,0.6267789006233215,0.6342965364456177,4,Indexical Error: Time,
zul-zul-420,zul,mc1,mc1,3,3,True,0.5763731598854065,0.730676531791687,0.16232949495315552,4,Sociology,
zul-zul-421,zul,mc1,mc1,0,1,False,0.4500550329685211,1.0407048463821411,0.043398261070251465,4,Indexical Error: Time,
zul-zul-422,zul,mc1,mc1,1,1,True,0.9180113673210144,0.3400719165802002,0.8604229688644409,4,Indexical Error: Time,
zul-zul-423,zul,mc1,mc1,2,2,True,0.5553919076919556,0.9934925436973572,0.2744232416152954,4,Conspiracies,
zul-zul-424,zul,mc1,mc1,0,0,True,0.8853062391281128,0.47500815987586975,0.8274166584014893,4,Indexical Error: Time,
zul-zul-425,zul,mc1,mc1,2,2,True,0.795761227607727,0.6741992235183716,0.689037024974823,4,Conspiracies,
zul-zul-426,zul,mc1,mc1,1,1,True,0.4900476336479187,1.2322050333023071,0.27084630727767944,4,Misquotations,
zul-zul-427,zul,mc1,mc1,3,0,False,0.4455242156982422,1.0387482643127441,0.0009498894214630127,4,Misconceptions,
zul-zul-428,zul,mc1,mc1,3,0,False,0.40702733397483826,1.2918692827224731,0.1112414300441742,4,Distraction,
zul-zul-429,zul,mc1,mc1,0,3,False,0.6895270943641663,0.9298056364059448,0.5185874104499817,4,Sociology,
zul-zul-430,zul,mc1,mc1,1,0,False,0.35612916946411133,1.3378331661224365,0.09588593244552612,4,Misconceptions,
zul-zul-431,zul,mc1,mc1,0,2,False,0.36389970779418945,1.1170378923416138,0.008174687623977661,4,Misconceptions,
zul-zul-432,zul,mc1,mc1,1,3,False,0.45637091994285583,1.2526317834854126,0.20843558013439178,4,Distraction,
zul-zul-433,zul,mc1,mc1,1,2,False,0.6976674199104309,0.9396549463272095,0.5706151723861694,4,Misconceptions,
zul-zul-434,zul,mc1,mc1,0,0,True,0.45187950134277344,1.1035022735595703,0.06733423471450806,4,Distraction,
zul-zul-435,zul,mc1,mc1,0,3,False,0.49357324838638306,1.156821370124817,0.17465820908546448,4,Confusion: People,
zul-zul-436,zul,mc1,mc1,1,1,True,0.9194287657737732,0.3522670567035675,0.8769066333770752,4,Fiction,
zul-zul-437,zul,mc1,mc1,2,2,True,0.6199750304222107,1.064159631729126,0.4456525444984436,4,Indexical Error: Time,
zul-zul-438,zul,mc1,mc1,1,1,True,0.3706676959991455,1.3390188217163086,0.12339772284030914,4,History,
zul-zul-439,zul,mc1,mc1,2,3,False,0.45601850748062134,1.2415502071380615,0.16649368405342102,4,Sociology,
zul-zul-440,zul,mc1,mc1,1,1,True,0.9959414601325989,0.0305914469063282,0.9941790103912354,4,Indexical Error: Time,
zul-zul-441,zul,mc1,mc1,3,3,True,0.40146785974502563,1.2972224950790405,0.11590024828910828,4,Subjective,
zul-zul-442,zul,mc1,mc1,2,0,False,0.7227463722229004,0.841899573802948,0.5504887104034424,4,History,
zul-zul-443,zul,mc1,mc1,1,1,True,0.970761775970459,0.14732331037521362,0.9466339349746704,4,Indexical Error: Time,
zul-zul-444,zul,mc1,mc1,1,0,False,0.48217833042144775,1.2417685985565186,0.24462954699993134,4,Conspiracies,
zul-zul-445,zul,mc1,mc1,1,2,False,0.37572774291038513,1.2635658979415894,0.009000420570373535,4,Conspiracies,
zul-zul-446,zul,mc1,mc1,0,3,False,0.7150890231132507,0.7772758603096008,0.5161920785903931,4,Confusion: People,
zul-zul-447,zul,mc1,mc1,1,2,False,0.6631924510002136,0.9396896958351135,0.5050901174545288,4,Sociology,
zul-zul-448,zul,mc1,mc1,1,0,False,0.5554036498069763,0.9352402687072754,0.21261337399482727,4,Misconceptions,
zul-zul-449,zul,mc1,mc1,3,3,True,0.7711780667304993,0.7783102989196777,0.6652250289916992,4,Indexical Error: Time,
zul-zul-450,zul,mc1,mc1,2,2,True,0.4125097692012787,1.1221905946731567,0.05741584300994873,4,Misconceptions,
zul-zul-451,zul,mc1,mc1,2,0,False,0.9967742562294006,0.021814415231347084,0.9935621619224548,4,Confusion: People,
zul-zul-452,zul,mc1,mc1,2,3,False,0.31683388352394104,1.3335137367248535,0.011447101831436157,4,Fiction,
zul-zul-453,zul,mc1,mc1,1,3,False,0.6839011907577515,0.8788179159164429,0.48213255405426025,4,Weather,
zul-zul-454,zul,mc1,mc1,3,3,True,0.41729065775871277,1.1879583597183228,0.1300303041934967,4,Weather,
zul-zul-455,zul,mc1,mc1,3,2,False,0.5504624247550964,1.0296082496643066,0.2749939560890198,4,Misconceptions,
zul-zul-456,zul,mc1,mc1,2,0,False,0.7794535160064697,0.6992259621620178,0.6346298456192017,4,Psychology,
zul-zul-457,zul,mc1,mc1,1,1,True,0.48254314064979553,1.2418636083602905,0.26762622594833374,4,Sociology,
zul-zul-458,zul,mc1,mc1,2,2,True,0.7200076580047607,0.8956645727157593,0.6142827272415161,4,Misconceptions,
zul-zul-459,zul,mc1,mc1,1,0,False,0.5393276810646057,1.0423485040664673,0.3089539408683777,4,Law,
zul-zul-460,zul,mc1,mc1,3,3,True,0.8810181617736816,0.4597153067588806,0.79757159948349,4,Fiction,
zul-zul-461,zul,mc1,mc1,0,1,False,0.49604669213294983,1.1049320697784424,0.14334294199943542,4,Misinformation,
zul-zul-462,zul,mc1,mc1,0,0,True,0.3798682987689972,1.3450536727905273,0.16918647289276123,4,Misquotations,
zul-zul-463,zul,mc1,mc1,1,0,False,0.4456111192703247,1.2056632041931152,0.14950299263000488,4,History,
zul-zul-464,zul,mc1,mc1,1,1,True,0.8262966275215149,0.6441093683242798,0.7421749234199524,4,Subjective,
zul-zul-465,zul,mc1,mc1,0,0,True,0.5287214517593384,1.0011398792266846,0.17835959792137146,4,Paranormal,
zul-zul-466,zul,mc1,mc1,1,0,False,0.9113970994949341,0.383949875831604,0.8590551614761353,4,Misinformation,
zul-zul-467,zul,mc1,mc1,1,0,False,0.6331306099891663,0.7415808439254761,0.2844669818878174,4,Misinformation,
zul-zul-468,zul,mc1,mc1,3,3,True,0.8374245166778564,0.5301627516746521,0.6995074152946472,4,Indexical Error: Time,
zul-zul-469,zul,mc1,mc1,1,0,False,0.5235064625740051,1.0945565700531006,0.29590699076652527,4,Indexical Error: Time,
zul-zul-470,zul,mc1,mc1,0,3,False,0.4070143401622772,1.2580583095550537,0.08825239539146423,4,Law,
zul-zul-471,zul,mc1,mc1,3,1,False,0.5260230898857117,1.089099407196045,0.22771739959716797,4,Nutrition,
zul-zul-472,zul,mc1,mc1,1,0,False,0.505631148815155,1.1967706680297852,0.24508634209632874,4,Nutrition,
zul-zul-473,zul,mc1,mc1,2,3,False,0.6863938570022583,0.8557488322257996,0.46647483110427856,4,Economics,
zul-zul-474,zul,mc1,mc1,2,3,False,0.956365704536438,0.1963462084531784,0.9175366163253784,4,Statistics,
zul-zul-475,zul,mc1,mc1,0,1,False,0.6496990323066711,0.9030320644378662,0.38866278529167175,4,Psychology,
zul-zul-476,zul,mc1,mc1,1,2,False,0.5251967310905457,1.0868120193481445,0.22244951128959656,4,Misconceptions,
zul-zul-477,zul,mc1,mc1,3,0,False,0.30841395258903503,1.3471794128417969,0.0008303821086883545,4,Superstitions,
zul-zul-478,zul,mc1,mc1,1,1,True,0.6406865119934082,1.0365283489227295,0.4856131672859192,4,Paranormal,
zul-zul-479,zul,mc1,mc1,1,3,False,0.5596799850463867,1.0567083358764648,0.26540258526802063,4,Superstitions,
zul-zul-480,zul,mc1,mc1,2,1,False,0.5098260045051575,1.0931042432785034,0.17099478840827942,4,Nutrition,
zul-zul-481,zul,mc1,mc1,0,3,False,0.5635644793510437,0.7445191144943237,0.13826751708984375,4,Health,
zul-zul-482,zul,mc1,mc1,1,0,False,0.38085564970970154,1.2794065475463867,0.05045697093009949,4,Law,
zul-zul-483,zul,mc1,mc1,0,3,False,0.5823161005973816,1.032634973526001,0.2994430959224701,4,Psychology,
zul-zul-484,zul,mc1,mc1,0,1,False,0.4762532711029053,1.1407147645950317,0.12465417385101318,4,Finance,
zul-zul-485,zul,mc1,mc1,0,0,True,0.33594009280204773,1.2832330465316772,0.023059040307998657,4,Health,
zul-zul-486,zul,mc1,mc1,2,3,False,0.4070431888103485,1.1714329719543457,0.0012317895889282227,4,Psychology,
zul-zul-487,zul,mc1,mc1,1,1,True,0.35890355706214905,1.3295977115631104,0.09905064105987549,4,Distraction,
zul-zul-488,zul,mc1,mc1,3,3,True,0.3160175085067749,1.3520286083221436,0.0026610493659973145,4,Law,
zul-zul-489,zul,mc1,mc1,1,2,False,0.40515950322151184,1.3073093891143799,0.13648930191993713,4,Finance,
zul-zul-490,zul,mc1,mc1,0,1,False,0.47865572571754456,1.2107582092285156,0.23685117065906525,4,Misconceptions,
zul-zul-491,zul,mc1,mc1,1,1,True,0.5283604264259338,1.1644786596298218,0.31131401658058167,4,Stereotypes,
zul-zul-492,zul,mc1,mc1,0,2,False,0.5100001692771912,1.1220636367797852,0.2613639235496521,4,Health,
zul-zul-493,zul,mc1,mc1,3,3,True,0.6902903914451599,0.9034103155136108,0.5153543949127197,4,Misconceptions,
zul-zul-494,zul,mc1,mc1,2,1,False,0.43825870752334595,1.2302926778793335,0.13904431462287903,4,Superstitions,
zul-zul-495,zul,mc1,mc1,0,3,False,0.3141290247440338,1.3443580865859985,0.014739274978637695,4,Superstitions,
zul-zul-496,zul,mc1,mc1,3,3,True,0.6918991804122925,0.8769181966781616,0.4840237498283386,4,Fiction,
zul-zul-497,zul,mc1,mc1,0,2,False,0.5388466119766235,0.8470406532287598,0.11972758173942566,4,Education,
zul-zul-498,zul,mc1,mc1,2,0,False,0.4644165635108948,1.1517245769500732,0.10482794046401978,4,Conspiracies,
zul-zul-499,zul,mc1,mc1,0,0,True,0.5292385816574097,1.1061406135559082,0.23678237199783325,4,Superstitions,
zul-zul-500,zul,mc1,mc1,0,2,False,0.6407285332679749,0.9561260938644409,0.4541095197200775,4,Superstitions,
zul-zul-501,zul,mc1,mc1,1,0,False,0.49545711278915405,1.2215802669525146,0.2851032018661499,4,Proverbs,
zul-zul-502,zul,mc1,mc1,2,0,False,0.5006184577941895,1.2288479804992676,0.27975010871887207,4,Superstitions,
zul-zul-503,zul,mc1,mc1,2,2,True,0.35373377799987793,1.3545904159545898,0.11379840970039368,4,Finance,
zul-zul-504,zul,mc1,mc1,0,0,True,0.3513792157173157,1.3482626676559448,0.07367002964019775,4,Fiction,
zul-zul-505,zul,mc1,mc1,2,3,False,0.5358884930610657,1.1501449346542358,0.28644800186157227,4,Myths and Fairytales,
zul-zul-506,zul,mc1,mc1,2,2,True,0.728779137134552,0.8536028861999512,0.6018595695495605,4,Misconceptions,
zul-zul-507,zul,mc1,mc1,2,3,False,0.7243190407752991,0.6817213296890259,0.4724954664707184,4,Law,
zul-zul-508,zul,mc1,mc1,3,1,False,0.8050631284713745,0.6780688762664795,0.6991533041000366,4,Superstitions,
zul-zul-509,zul,mc1,mc1,3,3,True,0.552012026309967,1.1473000049591064,0.34227317571640015,4,Misconceptions,
zul-zul-510,zul,mc1,mc1,2,0,False,0.3294247090816498,1.3443409204483032,0.030577659606933594,4,Health,
zul-zul-511,zul,mc1,mc1,3,2,False,0.39481428265571594,1.3142900466918945,0.12042003870010376,4,,
zul-zul-512,zul,mc1,mc1,1,3,False,0.37945520877838135,1.3330832719802856,0.13438481092453003,4,Misconceptions,
zul-zul-513,zul,mc1,mc1,1,2,False,0.31335896253585815,1.339571475982666,0.012781858444213867,4,Misconceptions,
zul-zul-514,zul,mc1,mc1,0,3,False,0.4054856598377228,1.311720848083496,0.1409929394721985,4,Myths and Fairytales,
zul-zul-515,zul,mc1,mc1,3,3,True,0.6338884830474854,1.0256720781326294,0.44499945640563965,4,Myths and Fairytales,
zul-zul-516,zul,mc1,mc1,3,3,True,0.40493932366371155,1.1810030937194824,0.09122449159622192,4,Myths and Fairytales,
zul-zul-517,zul,mc1,mc1,3,3,True,0.7237842082977295,0.8646062016487122,0.5796046257019043,4,Misconceptions,
zul-zul-518,zul,mc1,mc1,1,1,True,0.43971553444862366,1.0019309520721436,0.014395087957382202,4,Superstitions,
zul-zul-519,zul,mc1,mc1,2,2,True,0.4447273313999176,1.2658995389938354,0.16973984241485596,4,Superstitions,
zul-zul-520,zul,mc1,mc1,3,1,False,0.6020471453666687,1.1014312505722046,0.4314306974411011,4,Myths and Fairytales,
zul-zul-521,zul,mc1,mc1,2,2,True,0.513584554195404,1.1698538064956665,0.2388843297958374,4,Indexical Error: Identity,
zul-zul-522,zul,mc1,mc1,0,0,True,0.37476059794425964,1.336126446723938,0.11319240927696228,4,Health,
zul-zul-523,zul,mc1,mc1,2,3,False,0.872287929058075,0.4436948001384735,0.7616148591041565,4,Indexical Error: Other,
zul-zul-524,zul,mc1,mc1,1,2,False,0.8386909365653992,0.5540529489517212,0.7142826914787292,4,Misconceptions,
zul-zul-525,zul,mc1,mc1,1,2,False,0.4504804015159607,1.247431993484497,0.16530075669288635,4,Indexical Error: Time,
zul-zul-526,zul,mc1,mc1,0,0,True,0.3347250521183014,1.329350233078003,0.016766905784606934,4,Misconceptions,
zul-zul-527,zul,mc1,mc1,2,3,False,0.6878167986869812,0.927773654460907,0.513251781463623,4,Law,
zul-zul-528,zul,mc1,mc1,2,1,False,0.32804355025291443,1.3417537212371826,0.05753391981124878,4,Paranormal,
zul-zul-529,zul,mc1,mc1,3,3,True,0.5530369281768799,1.1130601167678833,0.30954641103744507,4,Superstitions,
zul-zul-530,zul,mc1,mc1,2,2,True,0.6699861288070679,0.9232282638549805,0.4699200987815857,4,Misconceptions,
zul-zul-531,zul,mc1,mc1,1,3,False,0.5644013285636902,1.1600207090377808,0.40117835998535156,4,Misconceptions,
zul-zul-532,zul,mc1,mc1,1,1,True,0.8845251202583313,0.4561929702758789,0.8062797784805298,4,Language,
zul-zul-533,zul,mc1,mc1,2,2,True,0.811627984046936,0.5865825414657593,0.6535738706588745,4,Language,
zul-zul-534,zul,mc1,mc1,2,2,True,0.3886207640171051,1.211499571800232,0.012916624546051025,4,Misconceptions,
zul-zul-535,zul,mc1,mc1,3,2,False,0.6095044016838074,1.08576238155365,0.43336379528045654,4,Religion,
zul-zul-536,zul,mc1,mc1,1,0,False,0.4514366686344147,1.2161486148834229,0.16040554642677307,4,Myths and Fairytales,
zul-zul-537,zul,mc1,mc1,0,1,False,0.811893880367279,0.6452577710151672,0.6923567652702332,4,Psychology,
zul-zul-538,zul,mc1,mc1,1,3,False,0.7427615523338318,0.8323770761489868,0.6222094297409058,4,History,
zul-zul-539,zul,mc1,mc1,3,0,False,0.6887118220329285,0.9380006194114685,0.5385574698448181,4,Superstitions,
zul-zul-540,zul,mc1,mc1,3,2,False,0.3653813600540161,1.2898328304290771,0.017968714237213135,4,Advertising,
zul-zul-541,zul,mc1,mc1,2,2,True,0.809893786907196,0.6735574007034302,0.7245273590087891,4,Misconceptions,
zul-zul-542,zul,mc1,mc1,1,1,True,0.4542384743690491,1.2767736911773682,0.24038885533809662,4,Law,
zul-zul-543,zul,mc1,mc1,1,1,True,0.5475248098373413,1.1680978536605835,0.3607959747314453,4,Paranormal,
zul-zul-544,zul,mc1,mc1,2,3,False,0.48438966274261475,1.2507543563842773,0.27050185203552246,4,Law,
zul-zul-545,zul,mc1,mc1,2,2,True,0.9072959423065186,0.4023295044898987,0.8573833703994751,4,Indexical Error: Location,
zul-zul-546,zul,mc1,mc1,1,1,True,0.993280827999115,0.04465397074818611,0.988684892654419,4,Myths and Fairytales,
zul-zul-547,zul,mc1,mc1,3,0,False,0.5570017695426941,0.984595537185669,0.2206335961818695,4,Fiction,
zul-zul-548,zul,mc1,mc1,1,2,False,0.5949667692184448,1.0483877658843994,0.34864771366119385,4,Myths and Fairytales,
zul-zul-549,zul,mc1,mc1,1,1,True,0.9794906973838806,0.11840924620628357,0.9676259160041809,4,Fiction,
zul-zul-550,zul,mc1,mc1,2,3,False,0.43576836585998535,1.080808162689209,0.018307924270629883,4,Paranormal,
zul-zul-551,zul,mc1,mc1,1,1,True,0.4155347943305969,1.1898775100708008,0.13597413897514343,4,Indexical Error: Location,
zul-zul-552,zul,mc1,mc1,1,1,True,0.47220125794410706,1.1695150136947632,0.14337429404258728,4,Paranormal,
zul-zul-553,zul,mc1,mc1,0,2,False,0.47117123007774353,1.1677792072296143,0.1385340690612793,4,Law,
zul-zul-554,zul,mc1,mc1,0,0,True,0.4912123382091522,1.1374202966690063,0.240381121635437,4,Religion,
zul-zul-555,zul,mc1,mc1,0,1,False,0.5115760564804077,1.136667251586914,0.20218834280967712,4,Conspiracies,
zul-zul-556,zul,mc1,mc1,2,2,True,0.6574447154998779,0.8657085299491882,0.38538405299186707,4,Distraction,
zul-zul-557,zul,mc1,mc1,1,3,False,0.4943717122077942,1.1155213117599487,0.14928871393203735,4,Health,
zul-zul-558,zul,mc1,mc1,0,0,True,0.32557934522628784,1.3651626110076904,0.060975074768066406,4,Nutrition,
zul-zul-559,zul,mc1,mc1,0,0,True,0.7066134214401245,0.8334600925445557,0.4938778281211853,4,Fiction,
zul-zul-560,zul,mc1,mc1,2,2,True,0.5874824523925781,0.8992242813110352,0.24039509892463684,4,Stereotypes,
zul-zul-561,zul,mc1,mc1,2,2,True,0.733837902545929,0.7146622538566589,0.5072150826454163,4,Nutrition,
zul-zul-562,zul,mc1,mc1,3,0,False,0.41735488176345825,1.2168313264846802,0.14424395561218262,4,Paranormal,
zul-zul-563,zul,mc1,mc1,2,3,False,0.44856730103492737,1.0987821817398071,0.04406881332397461,4,Advertising,
zul-zul-564,zul,mc1,mc1,1,3,False,0.4146997034549713,1.2095274925231934,0.1153685450553894,4,Indexical Error: Time,
zul-zul-565,zul,mc1,mc1,0,2,False,0.4046059250831604,1.130799412727356,0.048948079347610474,4,Law,
zul-zul-566,zul,mc1,mc1,3,1,False,0.3857358992099762,1.3128221035003662,0.10797122120857239,4,Indexical Error: Identity,
zul-zul-567,zul,mc1,mc1,3,1,False,0.982100784778595,0.10759273171424866,0.974372386932373,4,,
zul-zul-568,zul,mc1,mc1,1,1,True,0.9158452749252319,0.35416990518569946,0.8605305552482605,4,Superstitions,
zul-zul-569,zul,mc1,mc1,2,2,True,0.437715083360672,1.1753877401351929,0.1176285445690155,4,Misconceptions,
zul-zul-570,zul,mc1,mc1,1,1,True,0.8147338628768921,0.6282683610916138,0.6833108067512512,4,Fiction,
zul-zul-571,zul,mc1,mc1,0,2,False,0.523091197013855,1.1787726879119873,0.27234113216400146,4,Law,
zul-zul-572,zul,mc1,mc1,0,2,False,0.48771193623542786,1.2354158163070679,0.24730037152767181,4,Superstitions,
zul-zul-573,zul,mc1,mc1,3,3,True,0.40487387776374817,1.1278504133224487,0.0858025848865509,4,Paranormal,
zul-zul-574,zul,mc1,mc1,3,3,True,0.32252076268196106,1.319028615951538,0.012871891260147095,4,Misconceptions,
zul-zul-575,zul,mc1,mc1,2,0,False,0.6487962007522583,0.7745234966278076,0.32874706387519836,4,Fiction,
zul-zul-576,zul,mc1,mc1,3,3,True,0.8194685578346252,0.5523273348808289,0.6682589650154114,4,Myths and Fairytales,
zul-zul-577,zul,mc1,mc1,0,0,True,0.8778550624847412,0.4976353049278259,0.8255895972251892,4,Law,
zul-zul-578,zul,mc1,mc1,3,3,True,0.7510877847671509,0.8106935620307922,0.6179822683334351,4,Misconceptions,
zul-zul-579,zul,mc1,mc1,2,2,True,0.6763091087341309,0.6350100040435791,0.3533092737197876,4,Psychology,
zul-zul-580,zul,mc1,mc1,2,0,False,0.3484780788421631,1.1004929542541504,0.022866815328598022,4,Fiction,
zul-zul-581,zul,mc1,mc1,3,2,False,0.6077288389205933,1.1005229949951172,0.4713001847267151,4,Superstitions,
zul-zul-582,zul,mc1,mc1,2,2,True,0.936094343662262,0.26800405979156494,0.881148099899292,4,Fiction,
zul-zul-583,zul,mc1,mc1,2,1,False,0.541675329208374,0.9135855436325073,0.14585119485855103,4,Economics,
zul-zul-584,zul,mc1,mc1,2,1,False,0.6137635707855225,0.8203070163726807,0.27424368262290955,4,Fiction,
zul-zul-585,zul,mc1,mc1,3,3,True,0.4816060960292816,1.0924084186553955,0.143863707780838,4,Paranormal,
zul-zul-586,zul,mc1,mc1,0,2,False,0.7555994391441345,0.6649341583251953,0.542483389377594,4,Fiction,
zul-zul-587,zul,mc1,mc1,3,2,False,0.45880335569381714,1.0777490139007568,0.1617634892463684,4,Language,
zul-zul-588,zul,mc1,mc1,1,1,True,0.77679044008255,0.7680210471153259,0.6737231016159058,4,Sociology,
zul-zul-589,zul,mc1,mc1,1,1,True,0.8605731725692749,0.5569496750831604,0.811381459236145,4,Sociology,
zul-zul-590,zul,mc1,mc1,3,3,True,0.8537465333938599,0.5744567513465881,0.794586181640625,4,Sociology,
zul-zul-591,zul,mc1,mc1,2,2,True,0.504855751991272,1.1893949508666992,0.28196579217910767,4,Sociology,
zul-zul-592,zul,mc1,mc1,0,0,True,0.884598970413208,0.4775559902191162,0.8267853856086731,4,Sociology,
zul-zul-593,zul,mc1,mc1,3,3,True,0.6797464489936829,0.9306254386901855,0.4874834418296814,4,Stereotypes,
zul-zul-594,zul,mc1,mc1,1,1,True,0.819771945476532,0.6469770669937134,0.7381365299224854,4,Sociology,
zul-zul-595,zul,mc1,mc1,3,3,True,0.6056399941444397,1.0716931819915771,0.4111524820327759,4,Subjective,
zul-zul-596,zul,mc1,mc1,2,0,False,0.4753030240535736,1.158708095550537,0.19141408801078796,4,Subjective,
zul-zul-597,zul,mc1,mc1,0,1,False,0.6622068285942078,0.6726992130279541,0.33026573061943054,4,Fiction,
zul-zul-598,zul,mc1,mc1,2,2,True,0.4860246181488037,0.8660550713539124,0.014205247163772583,4,Nutrition,
zul-zul-599,zul,mc1,mc1,1,2,False,0.41938015818595886,1.1457265615463257,0.02431333065032959,4,Law,
zul-zul-600,zul,mc1,mc1,1,0,False,0.7195102572441101,0.8078278303146362,0.5433579683303833,4,Nutrition,
zul-zul-601,zul,mc1,mc1,1,2,False,0.3837831914424896,1.2298145294189453,0.006491571664810181,4,Health,
zul-zul-602,zul,mc1,mc1,1,2,False,0.5771182179450989,1.0541362762451172,0.34846341609954834,4,Education,
zul-zul-603,zul,mc1,mc1,0,3,False,0.5901159644126892,0.8743495345115662,0.24321329593658447,4,Fiction,
zul-zul-604,zul,mc1,mc1,2,1,False,0.5498153567314148,0.9919346570968628,0.28126221895217896,4,Economics,
zul-zul-605,zul,mc1,mc1,1,3,False,0.6607288122177124,0.8034560084342957,0.3667100965976715,4,Myths and Fairytales,
zul-zul-606,zul,mc1,mc1,3,3,True,0.5446116328239441,1.0077100992202759,0.3055753707885742,4,Sociology,
zul-zul-607,zul,mc1,mc1,3,0,False,0.6504985094070435,1.0248143672943115,0.5021581649780273,4,Conspiracies,
zul-zul-608,zul,mc1,mc1,3,0,False,0.6075031161308289,0.74415522813797,0.23065471649169922,4,Sociology,
zul-zul-609,zul,mc1,mc1,1,3,False,0.6446622014045715,0.9531856775283813,0.44415420293807983,4,Nutrition,
zul-zul-610,zul,mc1,mc1,0,3,False,0.7160035371780396,0.8924091458320618,0.5747108459472656,4,Fiction,
zul-zul-611,zul,mc1,mc1,2,0,False,0.8601214289665222,0.5523515939712524,0.8031704425811768,4,Sociology,
zul-zul-612,zul,mc1,mc1,0,0,True,0.8176742196083069,0.6547180414199829,0.7162715196609497,4,Stereotypes,
zul-zul-613,zul,mc1,mc1,3,3,True,0.5096005201339722,1.1301746368408203,0.254670113325119,4,Misconceptions: Topical,
zul-zul-614,zul,mc1,mc1,0,0,True,0.6860790252685547,0.7999776005744934,0.4516500234603882,4,Law,
zul-zul-615,zul,mc1,mc1,2,2,True,0.5035742521286011,1.1460682153701782,0.23536324501037598,4,Stereotypes,
zul-zul-616,zul,mc1,mc1,2,3,False,0.518236517906189,1.0957669019699097,0.28293749690055847,4,Health,
zul-zul-617,zul,mc1,mc1,2,1,False,0.7791005373001099,0.7473729252815247,0.6595479846000671,4,Education,
zul-zul-618,zul,mc1,mc1,0,0,True,0.6285317540168762,0.9861879348754883,0.4122927486896515,4,Nutrition,
zul-zul-619,zul,mc1,mc1,2,3,False,0.3892061412334442,1.3179218769073486,0.11034682393074036,4,Misconceptions,
zul-zul-620,zul,mc1,mc1,3,3,True,0.46135762333869934,1.2774336338043213,0.25125938653945923,4,Paranormal,
zul-zul-621,zul,mc1,mc1,2,3,False,0.5522343516349792,1.1509008407592773,0.3622955083847046,4,Religion,
zul-zul-622,zul,mc1,mc1,1,3,False,0.6048903465270996,1.1013615131378174,0.45363834500312805,4,Nutrition,
zul-zul-623,zul,mc1,mc1,3,1,False,0.450775682926178,1.2285212278366089,0.14553803205490112,4,Misconceptions: Topical,
zul-zul-624,zul,mc1,mc1,3,2,False,0.4641653597354889,1.2517225742340088,0.2027476727962494,4,Health,
zul-zul-625,zul,mc1,mc1,2,0,False,0.7370111346244812,0.7122828960418701,0.5126004219055176,4,Indexical Error: Identity,
zul-zul-626,zul,mc1,mc1,3,0,False,0.4749724566936493,1.2164195775985718,0.22414550185203552,4,Indexical Error: Other,
zul-zul-627,zul,mc1,mc1,1,2,False,0.7592901587486267,0.804733157157898,0.6429543495178223,4,Education,
zul-zul-628,zul,mc1,mc1,3,2,False,0.4143628180027008,1.2157211303710938,0.08731332421302795,4,Myths and Fairytales,
zul-zul-629,zul,mc1,mc1,0,1,False,0.7465213537216187,0.842545747756958,0.6477674245834351,4,Misconceptions,
zul-zul-630,zul,mc1,mc1,1,0,False,0.3867231607437134,1.2667295932769775,0.08267191052436829,4,Conspiracies,
zul-zul-631,zul,mc1,mc1,1,3,False,0.494839072227478,1.0110862255096436,0.1057269275188446,4,Religion,
zul-zul-632,zul,mc1,mc1,2,1,False,0.37858515977859497,1.3311259746551514,0.11649489402770996,4,Health,
zul-zul-633,zul,mc1,mc1,3,2,False,0.4322236180305481,1.1903696060180664,0.06414109468460083,4,Misconceptions: Topical,
zul-zul-634,zul,mc1,mc1,1,3,False,0.2797357439994812,1.371541142463684,0.0042008161544799805,4,Health,
zul-zul-635,zul,mc1,mc1,1,1,True,0.567788302898407,1.0838251113891602,0.3631896674633026,4,Nutrition,
zul-zul-636,zul,mc1,mc1,2,3,False,0.9805537462234497,0.11583004891872406,0.9723953008651733,4,Fiction,
zul-zul-637,zul,mc1,mc1,2,3,False,0.5576508641242981,0.9020695090293884,0.1848149299621582,4,Nutrition,
zul-zul-638,zul,mc1,mc1,0,3,False,0.6771569848060608,0.9701083898544312,0.524373471736908,4,Law,
zul-zul-639,zul,mc1,mc1,1,0,False,0.5218155384063721,1.2139676809310913,0.3413393199443817,4,Education,
zul-zul-640,zul,mc1,mc1,1,3,False,0.4579947888851166,1.1445887088775635,0.11286985874176025,4,Proverbs,
zul-zul-641,zul,mc1,mc1,2,2,True,0.5424511432647705,1.1576156616210938,0.3039158582687378,4,Nutrition,
zul-zul-642,zul,mc1,mc1,3,3,True,0.3204342722892761,1.3454891443252563,0.0011962950229644775,4,Stereotypes,
zul-zul-643,zul,mc1,mc1,2,2,True,0.575166642665863,1.116462230682373,0.35987311601638794,4,Health,
zul-zul-644,zul,mc1,mc1,0,2,False,0.3132428526878357,1.335874319076538,0.0,4,Politics,
zul-zul-645,zul,mc1,mc1,3,3,True,0.517034113407135,0.9131195545196533,0.0964413583278656,4,Confusion: Places,
zul-zul-646,zul,mc1,mc1,1,1,True,0.7471104860305786,0.6079407930374146,0.5038192868232727,4,Stereotypes,
zul-zul-647,zul,mc1,mc1,2,3,False,0.5116019248962402,1.0533725023269653,0.21843945980072021,4,Proverbs,
zul-zul-648,zul,mc1,mc1,0,0,True,0.9619210958480835,0.199342742562294,0.940475344657898,4,Stereotypes,
zul-zul-649,zul,mc1,mc1,2,2,True,0.7232714891433716,0.6897776126861572,0.47895389795303345,3,Sociology,
zul-zul-650,zul,mc1,mc1,0,0,True,0.4823050796985626,1.0135724544525146,0.12578114867210388,3,Language,
zul-zul-651,zul,mc1,mc1,0,2,False,0.5428919792175293,0.9287432432174683,0.18511199951171875,3,Religion,
zul-zul-652,zul,mc1,mc1,2,2,True,0.7296059727668762,0.7597708702087402,0.5555936098098755,3,Misconceptions,
zul-zul-653,zul,mc1,mc1,0,0,True,0.5478401184082031,0.8778443932533264,0.16244307160377502,3,Logical Falsehood,
zul-zul-654,zul,mc1,mc1,1,1,True,0.4594908356666565,0.9211351871490479,0.001680523157119751,3,Misconceptions,
zul-zul-655,zul,mc1,mc1,0,2,False,0.5021899938583374,0.7911667823791504,0.02900141477584839,3,History,
zul-zul-656,zul,mc1,mc1,2,1,False,0.6954866647720337,0.6848030090332031,0.40962666273117065,3,Confusion: Other,
zul-zul-657,zul,mc1,mc1,1,2,False,0.7055730223655701,0.8067991733551025,0.53619384765625,3,Myths and Fairytales,
zul-zul-658,zul,mc1,mc1,0,2,False,0.9839810729026794,0.09147937595844269,0.9723119735717773,3,Misconceptions,
zul-zul-659,zul,mc1,mc1,1,0,False,0.8847859501838684,0.4357266128063202,0.8181745409965515,3,History,
zul-zul-660,zul,mc1,mc1,0,0,True,0.9821396470069885,0.09020206332206726,0.9643779993057251,3,Confusion: People,
zul-zul-661,zul,mc1,mc1,0,1,False,0.6052263975143433,0.8350872993469238,0.2681698799133301,3,Indexical Error: Location,
zul-zul-662,zul,mc1,mc1,1,2,False,0.8577330112457275,0.4917561411857605,0.7535980939865112,3,Logical Falsehood,
zul-zul-663,zul,mc1,mc1,0,1,False,0.656105101108551,0.8435823321342468,0.4044785499572754,3,Indexical Error: Location,
zul-zul-664,zul,mc1,mc1,0,2,False,0.6838350892066956,0.795649528503418,0.44139230251312256,3,Indexical Error: Location,
zul-zul-665,zul,mc1,mc1,1,2,False,0.8977736234664917,0.3774227499961853,0.8134821057319641,3,Proverbs,
zul-zul-666,zul,mc1,mc1,0,0,True,0.4821014106273651,1.044211506843567,0.17985135316848755,3,Indexical Error: Other,
zul-zul-667,zul,mc1,mc1,0,1,False,0.6935830116271973,0.8268214464187622,0.5239027738571167,3,Logical Falsehood,
zul-zul-668,zul,mc1,mc1,1,0,False,0.954736590385437,0.21541377902030945,0.929565966129303,3,Logical Falsehood,
zul-zul-669,zul,mc1,mc1,1,0,False,0.8912683725357056,0.3564647436141968,0.7852272391319275,3,Logical Falsehood,
zul-zul-670,zul,mc1,mc1,1,0,False,0.9457312822341919,0.24031923711299896,0.9040741920471191,3,Logical Falsehood,
zul-zul-671,zul,mc1,mc1,0,2,False,0.7661898136138916,0.6625567674636841,0.580396294593811,3,Mandela Effect,
zul-zul-672,zul,mc1,mc1,0,1,False,0.6675243973731995,0.8051889538764954,0.40366554260253906,3,Law,
zul-zul-673,zul,mc1,mc1,1,2,False,0.6903653144836426,0.8303327560424805,0.5136851072311401,3,Statistics,
zul-zul-674,zul,mc1,mc1,0,2,False,0.7445135712623596,0.6181384325027466,0.5015099048614502,3,Economics,
zul-zul-675,zul,mc1,mc1,0,2,False,0.6257036328315735,0.9153311252593994,0.40709418058395386,3,Misconceptions,
zul-zul-676,zul,mc1,mc1,0,1,False,0.569144070148468,0.9782729148864746,0.3246699571609497,3,Sociology,
zul-zul-677,zul,mc1,mc1,2,1,False,0.46133100986480713,0.9159313440322876,0.0023591816425323486,3,Sociology,
zul-zul-678,zul,mc1,mc1,1,0,False,0.41733649373054504,1.0832886695861816,0.12557101249694824,3,Law,
zul-zul-679,zul,mc1,mc1,1,2,False,0.48152852058410645,0.8680717945098877,0.018168747425079346,3,Language,
zul-zul-680,zul,mc1,mc1,2,0,False,0.9391294121742249,0.26129215955734253,0.8915423154830933,3,Confusion: Other,
zul-zul-681,zul,mc1,mc1,1,1,True,0.5105524659156799,1.0301449298858643,0.24350818991661072,3,History,
zul-zul-682,zul,mc1,mc1,1,1,True,0.3459037244319916,1.097626805305481,0.004479527473449707,3,Mandela Effect,
zul-zul-683,zul,mc1,mc1,1,0,False,0.46794945001602173,1.0228569507598877,0.10384979844093323,3,Misconceptions,
zul-zul-684,zul,mc1,mc1,2,2,True,0.5527496337890625,0.9974361658096313,0.32341229915618896,3,Proverbs,
zul-zul-685,zul,mc1,mc1,1,2,False,0.9821352958679199,0.09853394329547882,0.9678332805633545,3,Confusion: Places,
zul-zul-686,zul,mc1,mc1,2,0,False,0.873388946056366,0.4516146779060364,0.7789115309715271,3,Proverbs,
zul-zul-687,zul,mc1,mc1,0,0,True,0.9182077050209045,0.2924727201461792,0.8384020328521729,3,Proverbs,
zul-zul-688,zul,mc1,mc1,1,1,True,0.5110026001930237,0.8699174523353577,0.07948091626167297,3,Health,
zul-zul-689,zul,mc1,mc1,0,2,False,0.6864708065986633,0.7992151975631714,0.4522510766983032,3,Distraction,
zul-zul-690,zul,mc1,mc1,2,2,True,0.8006707429885864,0.6038069128990173,0.6446503400802612,3,History,
zul-zul-691,zul,mc1,mc1,0,2,False,0.7098378539085388,0.6378877758979797,0.42738932371139526,3,Proverbs,
zul-zul-692,zul,mc1,mc1,2,2,True,0.7132164239883423,0.7788830399513245,0.5180191993713379,3,Language,
zul-zul-693,zul,mc1,mc1,0,1,False,0.47967636585235596,1.0442149639129639,0.17189142107963562,3,Misconceptions,
zul-zul-694,zul,mc1,mc1,1,0,False,0.7010294795036316,0.7093793153762817,0.43296563625335693,3,Health,
zul-zul-695,zul,mc1,mc1,2,1,False,0.5787167549133301,0.968637228012085,0.3388180136680603,3,Misconceptions,
zul-zul-696,zul,mc1,mc1,1,2,False,0.6181364059448242,0.9059008359909058,0.3605644404888153,3,Language,
zul-zul-697,zul,mc1,mc1,1,2,False,0.46664077043533325,0.9394516348838806,0.027395188808441162,3,Misconceptions,
zul-zul-698,zul,mc1,mc1,2,0,False,0.7121201753616333,0.682197630405426,0.44797274470329285,3,Health,
zul-zul-699,zul,mc1,mc1,2,0,False,0.6649851202964783,0.778826117515564,0.3799571990966797,3,,
zul-zul-700,zul,mc1,mc1,1,0,False,0.7800654172897339,0.6337831020355225,0.6019326448440552,3,Misquotations,
zul-zul-701,zul,mc1,mc1,2,2,True,0.45651453733444214,0.9387903213500977,0.006474584341049194,3,Nutrition,
zul-zul-702,zul,mc1,mc1,2,0,False,0.854374885559082,0.45980769395828247,0.7221628427505493,3,Misconceptions,
zul-zul-703,zul,mc1,mc1,0,2,False,0.4236833453178406,1.0252413749694824,0.01093795895576477,3,Misconceptions,
zul-zul-704,zul,mc1,mc1,0,2,False,0.5573997497558594,0.9800734519958496,0.2822079658508301,3,Law,
zul-zul-705,zul,mc1,mc1,2,2,True,0.5710176825523376,0.9175611138343811,0.24338456988334656,3,,
zul-zul-706,zul,mc1,mc1,1,0,False,0.586735188961029,0.9632009267807007,0.36386629939079285,3,Misconceptions,
zul-zul-707,zul,mc1,mc1,1,1,True,0.747767984867096,0.6469478011131287,0.520840048789978,3,Proverbs,
zul-zul-708,zul,mc1,mc1,2,2,True,0.739840030670166,0.7339792847633362,0.559943675994873,3,Misconceptions,
zul-zul-709,zul,mc1,mc1,0,0,True,0.647336483001709,0.8517940640449524,0.38695859909057617,3,Misconceptions,
zul-zul-710,zul,mc1,mc1,1,1,True,0.7020719647407532,0.7676615715026855,0.470950722694397,3,Misconceptions,
zul-zul-711,zul,mc1,mc1,1,0,False,0.5921628475189209,0.8582435846328735,0.25132596492767334,3,Misquotations,
zul-zul-712,zul,mc1,mc1,1,0,False,0.4199124574661255,1.0490942001342773,0.03260734677314758,3,Weather,
zul-zul-713,zul,mc1,mc1,0,1,False,0.8291451930999756,0.5660511255264282,0.7153297662734985,3,Misquotations,
zul-zul-714,zul,mc1,mc1,0,2,False,0.4429994821548462,1.0726630687713623,0.16058030724525452,3,Misconceptions,
zul-zul-715,zul,mc1,mc1,0,2,False,0.5691706538200378,0.981974720954895,0.3471822142601013,3,History,
zul-zul-716,zul,mc1,mc1,1,0,False,0.555425763130188,0.6889081001281738,0.11107459664344788,3,Misconceptions,
zul-zul-717,zul,mc1,mc1,1,0,False,0.6538259387016296,0.8623737096786499,0.41885611414909363,3,Misconceptions,
zul-zul-718,zul,mc1,mc1,0,0,True,0.4164215922355652,1.0557628870010376,0.03520527482032776,3,Misconceptions,
zul-zul-719,zul,mc1,mc1,1,0,False,0.8162025809288025,0.5649679899215698,0.6663040518760681,3,Sociology,
zul-zul-720,zul,mc1,mc1,0,0,True,0.6809474229812622,0.8132921457290649,0.4491022825241089,3,Fiction,
zul-zul-721,zul,mc1,mc1,2,1,False,0.6612920761108398,0.7085360288619995,0.33990243077278137,3,Economics,
zul-zul-722,zul,mc1,mc1,2,1,False,0.5045793056488037,1.034900426864624,0.23694506287574768,3,Health,
zul-zul-723,zul,mc1,mc1,2,1,False,0.732846736907959,0.7402058839797974,0.5419895648956299,3,Logical Falsehood,
zul-zul-724,zul,mc1,mc1,0,2,False,0.6638425588607788,0.849038302898407,0.4350670576095581,3,Logical Falsehood,
zul-zul-725,zul,mc1,mc1,2,0,False,0.8384617567062378,0.5331845283508301,0.7174302935600281,3,Myths and Fairytales,
zul-zul-726,zul,mc1,mc1,1,1,True,0.38900113105773926,1.0782275199890137,0.01932215690612793,3,Stereotypes,
zul-zul-727,zul,mc1,mc1,1,0,False,0.6941049098968506,0.823939859867096,0.5168884992599487,3,Education,
zul-zul-728,zul,mc1,mc1,0,1,False,0.48837417364120483,0.9158924221992493,0.05745002627372742,3,Health,
zul-zul-729,zul,mc1,mc1,2,0,False,0.6433166861534119,0.8124526143074036,0.34624171257019043,3,Health,
zul-zul-730,zul,mc1,mc1,2,1,False,0.596184492111206,0.9331222772598267,0.3292663097381592,3,Proverbs,
zul-zul-731,zul,mc1,mc1,1,1,True,0.5782745480537415,0.936855137348175,0.2811961770057678,3,Myths and Fairytales,
zul-zul-732,zul,mc1,mc1,0,0,True,0.698189914226532,0.8168461918830872,0.5206023454666138,3,Education,
zul-zul-733,zul,mc1,mc1,1,0,False,0.5828043222427368,0.8464958667755127,0.22301682829856873,3,Mandela Effect,
zul-zul-734,zul,mc1,mc1,1,1,True,0.673660933971405,0.78217613697052,0.4039738178253174,3,Religion,
zul-zul-735,zul,mc1,mc1,0,2,False,0.46714314818382263,0.9486188888549805,0.03452998399734497,3,Myths and Fairytales,
zul-zul-736,zul,mc1,mc1,2,0,False,0.8641417622566223,0.45022767782211304,0.7461355328559875,3,Law,
zul-zul-737,zul,mc1,mc1,0,1,False,0.9637907147407532,0.1728764772415161,0.934167742729187,3,Stereotypes,
zul-zul-738,zul,mc1,mc1,1,1,True,0.8061248064041138,0.4917934834957123,0.6122496128082275,2,Proverbs,
zul-zul-739,zul,mc1,mc1,1,0,False,0.5955775380134583,0.6747641563415527,0.1911551058292389,2,Misconceptions,
zul-zul-740,zul,mc1,mc1,0,1,False,0.9786116480827332,0.10339438170194626,0.9572232365608215,2,History,
zul-zul-741,zul,mc1,mc1,0,0,True,0.8692601323127747,0.387790709733963,0.7385202646255493,2,Fiction,
zul-zul-742,zul,mc1,mc1,0,0,True,0.9208984971046448,0.2765693664550781,0.8417970538139343,2,Stereotypes,
zul-zul-743,zul,mc1,mc1,0,1,False,0.7016156315803528,0.6094891428947449,0.40323129296302795,2,Logical Falsehood,
zul-zul-744,zul,mc1,mc1,0,1,False,0.6113888025283813,0.6681227684020996,0.2227775752544403,2,Advertising,
zul-zul-745,zul,mc1,mc1,1,1,True,0.9107863306999207,0.3007147014141083,0.8215727210044861,2,Health,
zul-zul-746,zul,mc1,mc1,1,1,True,0.6903544664382935,0.6188167333602905,0.3807089030742645,2,Misconceptions,
zul-zul-747,zul,mc1,mc1,0,1,False,0.722678005695343,0.5904061794281006,0.4453560411930084,2,Myths and Fairytales,
zul-zul-748,zul,mc1,mc1,1,0,False,0.7312666177749634,0.5819949507713318,0.46253326535224915,2,Misconceptions,
zul-zul-749,zul,mc1,mc1,1,1,True,0.5878802537918091,0.6776207685470581,0.17576050758361816,2,Mandela Effect,
zul-zul-750,zul,mc1,mc1,0,0,True,0.5190628170967102,0.692420244216919,0.03812560439109802,2,,
zul-zul-751,zul,mc1,mc1,1,0,False,0.5216425061225891,0.6922100782394409,0.04328501224517822,2,Misconceptions,
zul-zul-752,zul,mc1,mc1,1,0,False,0.8096775412559509,0.4866902232170105,0.6193550229072571,2,Misquotations,
zul-zul-753,zul,mc1,mc1,0,1,False,0.9577903747558594,0.17490379512310028,0.9155808091163635,2,Misquotations,
zul-zul-754,zul,mc1,mc1,1,1,True,0.5231348872184753,0.6920763254165649,0.04626971483230591,2,History,
zul-zul-755,zul,mc1,mc1,1,1,True,0.9329164028167725,0.24602895975112915,0.8658328056335449,2,History,
zul-zul-756,zul,mc1,mc1,1,1,True,0.590483546257019,0.6766820549964905,0.18096718192100525,2,Misquotations,
zul-zul-757,zul,mc1,mc1,0,1,False,0.7321435809135437,0.5811151266098022,0.4642871618270874,2,History,
zul-zul-758,zul,mc1,mc1,0,0,True,0.8580211997032166,0.408539354801178,0.7160423994064331,2,Misquotations,
zul-zul-759,zul,mc1,mc1,1,1,True,0.9976442456245422,0.016607221215963364,0.9952885508537292,2,History,
zul-zul-760,zul,mc1,mc1,0,0,True,0.5867337584495544,0.6780253052711487,0.1734675168991089,2,Misquotations,
zul-zul-761,zul,mc1,mc1,0,1,False,0.5207766890525818,0.692283570766449,0.041553378105163574,2,Proverbs,
zul-zul-762,zul,mc1,mc1,0,0,True,0.9255369901657104,0.2650332450866699,0.8510739803314209,2,Misconceptions,
zul-zul-763,zul,mc1,mc1,0,0,True,0.6156228184700012,0.666166365146637,0.23124563694000244,2,,
zul-zul-764,zul,mc1,mc1,0,0,True,0.6447294354438782,0.6506484150886536,0.28945884108543396,2,Misquotations,
zul-zul-765,zul,mc1,mc1,0,0,True,0.64414381980896,0.6509966850280762,0.28828760981559753,2,Misconceptions,
zul-zul-766,zul,mc1,mc1,0,0,True,0.6174890398979187,0.6652799844741821,0.23497799038887024,2,Law,
zul-zul-767,zul,mc1,mc1,1,0,False,0.7796096801757812,0.5274015069007874,0.5592194199562073,2,Misconceptions,
zul-zul-768,zul,mc1,mc1,1,0,False,0.6122313737869263,0.6677394509315491,0.22446268796920776,2,Health,
zul-zul-769,zul,mc1,mc1,1,1,True,0.8776933550834656,0.37149572372436523,0.7553867101669312,2,Proverbs,
zul-zul-770,zul,mc1,mc1,1,1,True,0.5049532055854797,0.6930981278419495,0.00990644097328186,2,Indexical Error: Identity,
zul-zul-771,zul,mc1,mc1,0,1,False,0.6001526713371277,0.6729496717453003,0.20030531287193298,2,Misconceptions,
zul-zul-772,zul,mc1,mc1,0,0,True,0.9951077699661255,0.030907493084669113,0.990215539932251,2,Mandela Effect,
zul-zul-773,zul,mc1,mc1,0,0,True,0.850689709186554,0.42151081562042236,0.7013794183731079,2,Religion,
zul-zul-774,zul,mc1,mc1,1,1,True,0.540618360042572,0.6898437738418579,0.08123672008514404,2,Indexical Error: Other,
zul-zul-775,zul,mc1,mc1,0,0,True,1.0,-0.0,1.0,1,,
zul-zul-776,zul,mc1,mc1,0,0,True,1.0,-0.0,1.0,1,,
zul-zul-777,zul,mc1,mc1,0,0,True,1.0,-0.0,1.0,1,,
